task_id,seed,true_class_id,true_class,flow_id,model,method,functional_check,evaluator,in_central,in_outcome_correct,in_outcome_error,class_specific_inference_eligible,target_class_id,target_class,target_basis,confidence,model_margin,attribution_aopc,random_aopc,attribution_minus_random_aopc,random_aopc_monte_carlo_standard_error,attribution_minus_random_aopc_mc_lower95,uniform_random_aopc,attribution_minus_uniform_random_aopc,attribution_displacement_mean,matched_random_displacement_mean,attribution_minus_matched_displacement,fractions_evaluated,aopc_definition,correct,outcome_status,error_type,confidence_bin,margin_bin,task
cicids2017_binary,44,0,BENIGN,rid_b43f8008a4c6f438c1c5b2bc2f881b34,mlp,gradient_x_input,deletion,training_median,False,True,False,True,0,BENIGN,predicted_class_of_audited_model,0.9999999264855148,0.0002910110360687,0.0008100991390804779,0.008485006046716658,-0.007674906907636181,0.0016585002845146432,-0.01092556746528488,0.02379794161508015,-0.02298784247599967,4.509383678436279,4.3349419298172,0.17444179630279555,5,trapezoid_from_zero_normalized_by_max_fraction,True,correct,true_negative,medium,medium,binary
cicids2017_binary,44,0,BENIGN,rid_aafd008b38711a51fcaf7326aef63c03,mlp,gradient_x_input,deletion,training_median,False,True,False,True,0,BENIGN,predicted_class_of_audited_model,0.999916551008937,0.0002076355594908,0.011862854437640636,0.0029587829611776037,0.008904071476463032,0.00040897339428051294,0.008102483623673227,0.0008015449490824781,0.011061309488558158,0.8296511769294739,0.38787344421446324,0.4417777207940817,5,trapezoid_from_zero_normalized_by_max_fraction,True,correct,true_negative,medium,low,binary
cicids2017_binary,44,0,BENIGN,rid_53e9038013ac53a866c7e39dfd851822,mlp,gradient_x_input,deletion,training_median,False,False,True,True,1,ATTACK,predicted_class_of_audited_model,0.0004146535939071,0.0001235690433532,-0.014247830807289575,-0.0066215394263719396,-0.0076262913809176346,0.0012071307498696844,-0.009992267650662216,-0.005348032803368576,-0.008899798003921,0.7666345834732056,0.5039653072357179,0.26266928219795227,5,trapezoid_from_zero_normalized_by_max_fraction,False,error,false_positive,low,low,binary
cicids2017_binary,44,0,BENIGN,rid_55496a4ac4458a52e7831c033485d740,mlp,gradient_x_input,deletion,training_median,False,False,True,True,1,ATTACK,predicted_class_of_audited_model,0.0003318703675176,4.078581696370003e-05,-0.025167447012790944,-0.005747900491467071,-0.019419546521323872,0.0012938056874304742,-0.021955405668687603,-0.003967465213683429,-0.021199981799107516,0.5337454676628113,0.4135328215360641,0.12021264612674716,5,trapezoid_from_zero_normalized_by_max_fraction,False,error,false_positive,low,low,binary
cicids2017_binary,44,1,ATTACK,rid_5e6b5fcfed47e830975b1ea89bdf4698,mlp,gradient_x_input,deletion,training_median,False,True,False,True,1,ATTACK,predicted_class_of_audited_model,1.0,0.999708915449446,4.16874885559082e-05,0.015300791373723768,-0.01525910388516786,0.00797935536695593,-0.030898640404401483,0.13455249741089967,-0.13451080992234377,0.19430533051490784,0.19808551561832427,-0.0037801869660615828,5,trapezoid_from_zero_normalized_by_max_fraction,True,correct,true_positive,high,high,binary
cicids2017_binary,44,1,ATTACK,rid_6a53462e703ca30ed590e502194cd872,mlp,gradient_x_input,deletion,training_median,False,True,False,True,1,ATTACK,predicted_class_of_audited_model,1.0,0.999708915449446,3.856420516967774e-06,0.010785013957880438,-0.01078115753736347,0.006876088387206598,-0.024258290776288403,0.07832333101105801,-0.07831947459054105,0.2840731739997864,0.23708844925463204,0.046984719902276983,5,trapezoid_from_zero_normalized_by_max_fraction,True,correct,true_positive,high,high,binary
cicids2017_binary,44,1,ATTACK,rid_a6fb9dbbaef07885e7f7bbd723e3e002,mlp,gradient_x_input,deletion,training_median,False,True,False,True,1,ATTACK,predicted_class_of_audited_model,1.0,0.999708915449446,0.0,0.0012963128089904785,-0.0012963128089904785,0.001294961731334702,-0.003834437802406495,0.06884872154435454,-0.06884872154435454,0.40893134474754333,0.3797383585572243,0.029193006306886683,5,trapezoid_from_zero_normalized_by_max_fraction,True,correct,true_positive,high,high,binary
cicids2017_binary,44,1,ATTACK,rid_55ae17d40bbdb9d1f2258028d12cc0cb,mlp,gradient_x_input,deletion,training_median,False,True,False,True,1,ATTACK,predicted_class_of_audited_model,1.0,0.999708915449446,5.960464477539063e-08,0.014481040601142013,-0.014480980996497238,0.006824302933973682,-0.027856614747085656,0.11030640962308134,-0.11030635001843657,0.35643869638442993,0.3487973576784134,0.0076413148641586185,5,trapezoid_from_zero_normalized_by_max_fraction,True,correct,true_positive,high,high,binary
cicids2017_binary,44,1,ATTACK,rid_18ee51725768818f45f75c2e662d5ddf,mlp,gradient_x_input,deletion,training_median,False,True,False,True,1,ATTACK,predicted_class_of_audited_model,1.0,0.999708915449446,0.004014050960540772,0.037123574085533614,-0.033109523124992844,0.010399824400787521,-0.05349317895053639,0.18062143947237716,-0.17660738851183638,0.19911761581897736,0.19092160188406707,0.008196022875607016,5,trapezoid_from_zero_normalized_by_max_fraction,True,correct,true_positive,high,high,binary
cicids2017_binary,44,1,ATTACK,rid_36963c178b564b14363d80a70c5b4ee7,mlp,gradient_x_input,deletion,training_median,False,True,False,True,1,ATTACK,predicted_class_of_audited_model,1.0,0.999708915449446,4.845857620239258e-06,0.003505594193935394,-0.0035007483363151547,0.0034888867974907987,-0.01033896645939712,0.0967204715463178,-0.09671562568869756,0.25234636664390564,0.22127586068585514,0.031070514153689156,5,trapezoid_from_zero_normalized_by_max_fraction,True,correct,true_positive,high,high,binary
cicids2017_binary,44,1,ATTACK,rid_f87c7b34fe9304f7f7667fba446dfa64,mlp,gradient_x_input,deletion,training_median,False,True,False,True,1,ATTACK,predicted_class_of_audited_model,1.0,0.999708915449446,0.0,0.020629087164998054,-0.020629087164998054,0.009215113062466071,-0.03869070876743155,0.09530717453460488,-0.09530717453460488,0.279912531375885,0.30336185544729233,-0.023449325561523446,5,trapezoid_from_zero_normalized_by_max_fraction,True,correct,true_positive,high,high,binary
cicids2017_binary,44,1,ATTACK,rid_82693d0ba4a02241a7fec427ec63f62c,mlp,gradient_x_input,deletion,training_median,False,True,False,True,1,ATTACK,predicted_class_of_audited_model,1.0,0.999708915449446,0.0,0.004741152822971343,-0.004741152822971343,0.004697003410995789,-0.013947279508523092,0.029407805878480537,-0.029407805878480537,0.4000118672847748,0.3848035878688097,0.015208274200558657,5,trapezoid_from_zero_normalized_by_max_fraction,True,correct,true_positive,high,high,binary
cicids2017_binary,44,1,ATTACK,rid_ca3ee715be27ef5fd0091152fb0faae5,mlp,gradient_x_input,deletion,training_median,False,True,False,True,1,ATTACK,predicted_class_of_audited_model,1.0,0.999708915449446,0.0,9.5367431640625e-10,-9.5367431640625e-10,9.536743164062496e-10,-2.822875976562499e-09,0.052740825846050075,-0.052740825846050075,0.46566516160964966,0.41324830879271024,0.05241684834659101,5,trapezoid_from_zero_normalized_by_max_fraction,True,correct,true_positive,high,high,binary
cicids2017_binary,44,1,ATTACK,rid_efbc89c3e069caf741c900a8be7381b9,mlp,gradient_x_input,deletion,training_median,False,True,False,True,1,ATTACK,predicted_class_of_audited_model,1.0,0.999708915449446,2.384185791015625e-08,0.006152032256126404,-0.006152008414268494,0.0037443366166001243,-0.013490908182804738,0.108317003634917,-0.1083169797930591,0.30384403467178345,0.2553721308261156,0.048471898630261426,5,trapezoid_from_zero_normalized_by_max_fraction,True,correct,true_positive,high,high,binary
cicids2017_binary,44,1,ATTACK,rid_7e24cc105d01acf99847456e41226ec8,mlp,gradient_x_input,deletion,training_median,False,True,False,True,1,ATTACK,predicted_class_of_audited_model,1.0,0.999708915449446,0.0,2.499938011169433e-06,-2.499938011169433e-06,1.381454993683761e-06,-5.2075897987896045e-06,0.13039963617217337,-0.13039963617217337,0.34612447023391724,0.324851811081171,0.02127263680100441,5,trapezoid_from_zero_normalized_by_max_fraction,True,correct,true_positive,high,high,binary
cicids2017_binary,44,1,ATTACK,rid_251873791485539213f34e42aee4654b,mlp,gradient_x_input,deletion,training_median,False,True,False,True,1,ATTACK,predicted_class_of_audited_model,1.0,0.999708915449446,0.0,0.0077248162548057735,-0.0077248162548057735,0.005406443298569242,-0.018321445120001487,0.1054836497260549,-0.1054836497260549,0.2669016718864441,0.2821757733523846,-0.015274107426404953,5,trapezoid_from_zero_normalized_by_max_fraction,True,correct,true_positive,high,high,binary
cicids2017_binary,44,1,ATTACK,rid_d569863fa3cc4a481a9505aea214e825,mlp,gradient_x_input,deletion,training_median,False,True,False,True,1,ATTACK,predicted_class_of_audited_model,1.0,0.999708915449446,7.277727127075195e-05,0.01005882336292416,-0.009986046091653407,0.005748116793847808,-0.021252355007595113,0.14584430931718056,-0.1457715320459098,0.262707382440567,0.22938744009286163,0.03331993489712478,5,trapezoid_from_zero_normalized_by_max_fraction,True,correct,true_positive,high,high,binary
cicids2017_binary,44,1,ATTACK,rid_106f5d03f73123fcbd65cff52a82d265,mlp,gradient_x_input,deletion,training_median,False,True,False,True,1,ATTACK,predicted_class_of_audited_model,1.0,0.999708915449446,0.0,0.013990554334595798,-0.013990554334595798,0.008193129209475876,-0.030049087585168516,0.06830350333804869,-0.06830350333804869,0.4335566461086273,0.3862620504796505,0.04729459190368653,5,trapezoid_from_zero_normalized_by_max_fraction,True,correct,true_positive,high,high,binary
cicids2017_binary,44,0,BENIGN,rid_83434139ec41e5af924df74e57ed1631,mlp,gradient_x_input,deletion,training_median,False,True,False,True,0,BENIGN,predicted_class_of_audited_model,0.9999905833337834,0.0002816678843373,0.009702664879205259,0.0034978878507997365,0.006204777028405522,0.0005035251964332634,0.005217867643396325,0.001394040616138156,0.008308624263067103,0.7747359275817871,0.3867461121529341,0.38798980946838857,5,trapezoid_from_zero_normalized_by_max_fraction,True,correct,true_negative,medium,low,binary
cicids2017_binary,44,1,ATTACK,rid_b15622503e4a49fca56ee45408f83621,mlp,gradient_x_input,deletion,training_median,False,True,False,True,1,ATTACK,predicted_class_of_audited_model,1.0,0.999708915449446,0.003476923704147339,0.020594042111653835,-0.017117118407506494,0.008832998510840373,-0.03442979548875363,0.15076740822639134,-0.147290484522244,0.2259071320295334,0.19969820674508812,0.02620892379432916,5,trapezoid_from_zero_normalized_by_max_fraction,True,correct,true_positive,high,high,binary
cicids2017_binary,44,1,ATTACK,rid_6c9110613ff850a03c20f3be4b50f878,mlp,gradient_x_input,deletion,training_median,False,True,False,True,1,ATTACK,predicted_class_of_audited_model,1.0,0.999708915449446,3.576278686523438e-08,0.008609103441238403,-0.008609067678451538,0.005002065007987637,-0.018413115094107306,0.08540519816993213,-0.08540516240714527,0.308098167181015,0.24177448697015644,0.06632369883731007,5,trapezoid_from_zero_normalized_by_max_fraction,True,correct,true_positive,high,high,binary
cicids2017_binary,44,1,ATTACK,rid_2d5bc408fd23885e456a3237a2ac9ecd,mlp,gradient_x_input,deletion,training_median,False,True,False,True,1,ATTACK,predicted_class_of_audited_model,0.0305627360939979,0.0302716515434439,-0.0011241680880630153,-0.044843977617846864,0.04371980952978384,0.014469979768257642,0.015358649183998863,-0.029217303741572588,0.028093135653509575,1.6030962467193604,1.10799949157238,0.4950966359376907,5,trapezoid_from_zero_normalized_by_max_fraction,True,correct,true_positive,low,medium,binary
cicids2017_binary,44,1,ATTACK,rid_fc1f445c0bc6dd4ecfead7d3e81d2885,mlp,gradient_x_input,deletion,training_median,False,True,False,True,1,ATTACK,predicted_class_of_audited_model,1.0,0.999708915449446,0.0,0.010289549399392854,-0.010289549399392854,0.007204542430697239,-0.02441045256355944,0.08138365743318483,-0.08138365743318483,0.4246681332588196,0.3973631955683231,0.027304904162883753,5,trapezoid_from_zero_normalized_by_max_fraction,True,correct,true_positive,high,high,binary
cicids2017_binary,44,1,ATTACK,rid_a57d40b38f9928b068d8ab9a16b272d1,mlp,gradient_x_input,deletion,training_median,False,True,False,True,1,ATTACK,predicted_class_of_audited_model,1.0,0.999708915449446,0.0,0.0036407209336757657,-0.0036407209336757657,0.0036364519535749757,-0.010768166762682718,0.06315790274436163,-0.06315790274436163,0.347962349653244,0.25191511551849544,0.09604725220240651,5,trapezoid_from_zero_normalized_by_max_fraction,True,correct,true_positive,high,high,binary
cicids2017_binary,44,0,BENIGN,rid_8fe581c4852bb79d8e79d4c870372f56,mlp,gradient_x_input,deletion,training_median,False,True,False,True,0,BENIGN,predicted_class_of_audited_model,0.9999999875761248,0.0002910721266786,0.00010752795733601773,0.0015733407455368852,-0.0014658127882008674,0.0004047208608773377,-0.0022590656755204492,0.015165220776624775,-0.015057692819288758,0.7728716731071472,0.7197430411577225,0.0531286140680313,5,trapezoid_from_zero_normalized_by_max_fraction,True,correct,true_negative,medium,medium,binary
cicids2017_binary,44,0,BENIGN,rid_b8daf95ad9fafc5acbc8ddd2dfef7434,mlp,gradient_x_input,deletion,training_median,False,True,False,True,0,BENIGN,predicted_class_of_audited_model,0.999998654434762,0.000289738985316,0.028495563799339152,0.004167729704110692,0.02432783409522846,0.0007426520866462582,0.022872236005401794,0.0011496246003068896,0.027345939199032263,0.545912504196167,0.25146634630858894,0.294446181729436,5,trapezoid_from_zero_normalized_by_max_fraction,True,correct,true_negative,medium,low,binary
cicids2017_binary,44,0,BENIGN,rid_e1a1255f532f2ea71d66b0858c41f626,mlp,gradient_x_input,deletion,training_median,False,False,True,True,1,ATTACK,predicted_class_of_audited_model,0.0232660956680774,0.0229750111175234,-5.45794973732085e-06,-0.19062253483557895,0.19061707688584165,0.023044653524765923,0.14544955597730044,-0.2311855257528988,0.23118006780316147,0.4823736548423767,0.3322171368598938,0.15015653586387637,5,trapezoid_from_zero_normalized_by_max_fraction,False,error,false_positive,low,medium,binary
cicids2017_binary,44,0,BENIGN,rid_1942b4cba9f38cc94323827be82fbfad,mlp,gradient_x_input,deletion,training_median,False,True,False,True,0,BENIGN,predicted_class_of_audited_model,0.999999999999994,0.0002910845505479,9.263346452427214e-05,0.00212081624904899,-0.0020281827845247177,0.001653044651029061,-0.005268150300541678,0.0006603169450138374,-0.0005676834804895652,1.250465989112854,0.9153409299850462,0.3351250710487366,5,trapezoid_from_zero_normalized_by_max_fraction,True,correct,true_negative,medium,medium,binary
cicids2017_binary,44,0,BENIGN,rid_778c25a12e882214c56d0f0a963e2d7b,mlp,gradient_x_input,deletion,training_median,False,True,False,True,0,BENIGN,predicted_class_of_audited_model,0.999960211553116,0.0002512961036699,0.019095276022744655,0.005253822195668313,0.013841453827076343,0.0006448283175460836,0.012577590324686019,0.0017483624393144909,0.017346913583430164,0.7205455899238586,0.4552738035470247,0.26527177445590494,5,trapezoid_from_zero_normalized_by_max_fraction,True,correct,true_negative,medium,low,binary
cicids2017_binary,44,0,BENIGN,rid_02cf42167a49f18c86ced9372b483304,mlp,gradient_x_input,deletion,training_median,False,False,True,True,1,ATTACK,predicted_class_of_audited_model,0.0005988314514979,0.000307746900944,-0.0008601757188444026,-0.03279018554386577,0.031930009825021366,0.007229409980584838,0.017760366263075082,-0.016768337022338983,0.01590816130349458,1.1846108436584473,0.8227703202962875,0.3618404875993729,5,trapezoid_from_zero_normalized_by_max_fraction,False,error,false_positive,low,medium,binary
cicids2017_binary,44,1,ATTACK,rid_6c91823a71c3ee2c103e436f4d8761df,mlp,gradient_x_input,deletion,training_median,False,True,False,True,1,ATTACK,predicted_class_of_audited_model,1.0,0.999708915449446,0.0,0.01489221931420616,-0.01489221931420616,0.008025788979901657,-0.030622765714813406,0.06223773979887068,-0.06223773979887068,0.4067412316799164,0.36165053153038024,0.04509070163965226,5,trapezoid_from_zero_normalized_by_max_fraction,True,correct,true_positive,high,high,binary
cicids2017_binary,44,1,ATTACK,rid_deb4ad8feb40fc6e5f2b1b56ed74cb67,mlp,gradient_x_input,deletion,training_median,False,True,False,True,1,ATTACK,predicted_class_of_audited_model,1.0,0.999708915449446,0.0,0.003135819256305695,-0.003135819256305695,0.003135530318110573,-0.009281458679802419,0.08341880676035669,-0.08341880676035669,0.37121930718421936,0.36497007216513155,0.006249239489436159,5,trapezoid_from_zero_normalized_by_max_fraction,True,correct,true_positive,high,high,binary
cicids2017_binary,44,1,ATTACK,rid_dac427001f980497c88975a48c512494,mlp,gradient_x_input,deletion,training_median,False,True,False,True,1,ATTACK,predicted_class_of_audited_model,1.0,0.999708915449446,0.025082719326019288,0.01481189149990678,0.010270827826112508,0.005446397610324039,-0.00040411149012260783,0.23588968449251965,-0.21080696516650035,0.20395293831825256,0.20203819496184589,0.001914740376174448,5,trapezoid_from_zero_normalized_by_max_fraction,True,correct,true_positive,high,high,binary
cicids2017_binary,44,1,ATTACK,rid_78b003c13c8bdf2cc313eca564e2b36e,mlp,gradient_x_input,deletion,training_median,False,True,False,True,1,ATTACK,predicted_class_of_audited_model,1.0,0.999708915449446,3.4153461456298826e-06,0.013336570214945822,-0.013333154868800193,0.006160919448069916,-0.02540855698701723,0.15999004101128564,-0.15998662566514002,0.24798612296581268,0.25055462287366387,-0.0025684894770383855,5,trapezoid_from_zero_normalized_by_max_fraction,True,correct,true_positive,high,high,binary
cicids2017_binary,44,0,BENIGN,rid_a8af8a5d686a7ec31526eb3aed88b0fe,mlp,gradient_x_input,deletion,training_median,False,False,True,True,1,ATTACK,predicted_class_of_audited_model,0.0051994803361594,0.0049083957856055,-0.003726710042974446,-0.116314285127786,0.11258757508481154,0.01763205777548234,0.07802874184486616,-0.20664146003634204,0.20291474999336762,0.3594597280025482,0.31792167922854425,0.04153804877400398,5,trapezoid_from_zero_normalized_by_max_fraction,False,error,false_positive,low,medium,binary
cicids2017_binary,44,1,ATTACK,rid_43d5afb83ec4ff10a6451c55f2fd0ad5,mlp,gradient_x_input,deletion,training_median,False,True,False,True,1,ATTACK,predicted_class_of_audited_model,1.0,0.999708915449446,0.0,0.008228647246956823,-0.008228647246956823,0.0059880169147850364,-0.019965160399935497,0.08727944783171718,-0.08727944783171718,0.2869306206703186,0.30642515654861924,-0.019494525447487837,5,trapezoid_from_zero_normalized_by_max_fraction,True,correct,true_positive,high,high,binary
cicids2017_binary,44,1,ATTACK,rid_80d2895bbb9863bb1405bf5ef993622a,mlp,gradient_x_input,deletion,training_median,False,True,False,True,1,ATTACK,predicted_class_of_audited_model,1.0,0.999708915449446,5.074143409729004e-05,0.02284780868242433,-0.02279706724832704,0.009636866000324538,-0.04168532460896314,0.18864145616270928,-0.188590714728612,0.23326916992664337,0.23604605261981487,-0.0027768871635198617,5,trapezoid_from_zero_normalized_by_max_fraction,True,correct,true_positive,high,high,binary
cicids2017_binary,44,0,BENIGN,rid_b3738471a2eaff8f9645a3b698e8a185,mlp,gradient_x_input,deletion,training_median,False,True,False,True,0,BENIGN,predicted_class_of_audited_model,0.9999999971567884,0.0002910817073422,0.0002524890669409863,0.0003317405731336589,-7.925150619267262e-05,9.892249490957052e-05,-0.0002731395962154308,0.00014902605087186018,0.0001034630160691261,0.930249810218811,0.7643637641668319,0.16588597452640533,5,trapezoid_from_zero_normalized_by_max_fraction,True,correct,true_negative,medium,medium,binary
cicids2017_binary,44,1,ATTACK,rid_c92c5916c6e4f274f515ea4066982d45,mlp,gradient_x_input,deletion,training_median,False,True,False,True,1,ATTACK,predicted_class_of_audited_model,1.0,0.999708915449446,5.960464477539063e-08,0.022392271787859498,-0.022392212183214723,0.009460090017938155,-0.04093398861837351,0.09041935746073695,-0.09041929785609218,0.35747283697128296,0.35296563655138014,0.004507227241992945,5,trapezoid_from_zero_normalized_by_max_fraction,True,correct,true_positive,high,high,binary
cicids2017_binary,44,1,ATTACK,rid_40de4b68c679e9dfd08039227b462c71,mlp,gradient_x_input,deletion,training_median,False,True,False,True,1,ATTACK,predicted_class_of_audited_model,1.0,0.999708915449446,0.0,0.024390146281104533,-0.024390146281104533,0.009832272647092102,-0.04366140066940505,0.07560265415623324,-0.07560265415623324,0.3586037755012512,0.35186068524420266,0.00674307610094548,5,trapezoid_from_zero_normalized_by_max_fraction,True,correct,true_positive,high,high,binary
cicids2017_binary,44,0,BENIGN,rid_4d7c552441703862cf3577402b80500e,mlp,gradient_x_input,deletion,training_median,False,False,True,True,1,ATTACK,predicted_class_of_audited_model,0.0060970713384449,0.005805986787891,-0.13410896577406672,-0.27031864170148856,0.13620967592742178,0.02407874710207822,0.08901533160734848,-0.2524899957181438,0.11838102994407698,0.4664042890071869,0.3101942088901996,0.1562101278007031,5,trapezoid_from_zero_normalized_by_max_fraction,False,error,false_positive,low,medium,binary
cicids2017_binary,44,1,ATTACK,rid_0b8b08fd4970e97270b5bf0241e5c27d,mlp,gradient_x_input,deletion,training_median,False,True,False,True,1,ATTACK,predicted_class_of_audited_model,1.0,0.999708915449446,4.553794860839844e-06,0.004173305971618902,-0.004168752176758062,0.003998676669315279,-0.012006158448616008,0.10583070648572179,-0.10582615269086096,0.25421231985092163,0.21836581505089997,0.035846499957144264,5,trapezoid_from_zero_normalized_by_max_fraction,True,correct,true_positive,high,high,binary
cicids2017_binary,44,1,ATTACK,rid_acbf8b93615aa0ebc61e1e3fff2c08de,mlp,gradient_x_input,deletion,training_median,False,True,False,True,1,ATTACK,predicted_class_of_audited_model,0.982292413711548,0.982001329160994,0.771127042453736,0.33253195605170915,0.43859508640202693,0.02418457119567777,0.3911933268584985,0.3336410834630951,0.43748595899064097,0.2289537638425827,0.07496583907306194,0.15398793669044972,5,trapezoid_from_zero_normalized_by_max_fraction,True,correct,true_positive,medium,high,binary
cicids2017_binary,44,1,ATTACK,rid_e1cbbd4a0ed8182417c93ace19d64934,mlp,gradient_x_input,deletion,training_median,False,True,False,True,1,ATTACK,predicted_class_of_audited_model,1.0,0.999708915449446,0.0,0.004011091037403275,-0.004011091037403275,0.003999996987760287,-0.011851085133413437,0.05900874976892807,-0.05900874976892807,0.3982170820236206,0.38618258574604986,0.012034519374370578,5,trapezoid_from_zero_normalized_by_max_fraction,True,correct,true_positive,high,high,binary
cicids2017_binary,44,0,BENIGN,rid_61c1752f2770ab0999135d3da5a54722,mlp,gradient_x_input,deletion,training_median,False,False,True,True,1,ATTACK,predicted_class_of_audited_model,0.0002996151451952,8.530594641299987e-06,0.00028247922710420423,-0.006921498987768023,0.007203978214872227,0.0028138478418490067,0.0016888364448481748,-0.038437704261943206,0.038720183489047405,1.0018301010131836,0.4924757532477379,0.5093544073700904,5,trapezoid_from_zero_normalized_by_max_fraction,False,error,false_positive,low,low,binary
cicids2017_binary,44,0,BENIGN,rid_f7c0a2da09c3a98f81a337ab91f0d35e,mlp,gradient_x_input,deletion,training_median,False,True,False,True,0,BENIGN,predicted_class_of_audited_model,0.9999964758819716,0.0002875604325253,0.0005649381749421423,0.07426631245048153,-0.07370137427553938,0.014675894070826838,-0.10246612665435999,0.02627429355073896,-0.025709355375796817,0.7761748433113098,0.6040587037801743,0.17211610376834868,5,trapezoid_from_zero_normalized_by_max_fraction,True,correct,true_negative,medium,low,binary
cicids2017_binary,44,0,BENIGN,rid_db23bfbbb57f0742ce3c6b906dee30e0,mlp,gradient_x_input,deletion,training_median,False,True,False,True,0,BENIGN,predicted_class_of_audited_model,0.9999984954193906,0.0002895799699444,2.0389535323772633e-05,0.008274670116702196,-0.008254280581378424,0.001919941718044185,-0.012017366348745026,0.0037583790796988092,-0.0037379895443750365,0.395310640335083,0.28324267715215684,0.1120679423213005,5,trapezoid_from_zero_normalized_by_max_fraction,True,correct,true_negative,medium,low,binary
cicids2017_binary,44,0,BENIGN,rid_33c6d7a550b2688addab1d5ff7a23e12,mlp,gradient_x_input,deletion,training_median,False,True,False,True,0,BENIGN,predicted_class_of_audited_model,0.9999983313407484,0.0002894158913022,0.0006228454713550492,0.0034619171092766694,-0.0028390716379216208,0.0007945191911478093,-0.004396329252571327,0.0014807938791633847,-0.0008579484078083356,0.6395390033721924,0.37014828634262087,0.2693906693458557,5,trapezoid_from_zero_normalized_by_max_fraction,True,correct,true_negative,medium,low,binary
cicids2017_binary,44,0,BENIGN,rid_dc4241549bc2dc41a6b5876e8b363380,mlp,gradient_x_input,deletion,training_median,False,False,True,True,1,ATTACK,predicted_class_of_audited_model,0.0006816462846472,0.0003905617340932,-0.5889786823478061,-0.07294939090281333,-0.5160292914449929,0.013077252160673684,-0.5416607056799133,-0.06841989912942154,-0.5205587832183846,0.36620303988456726,0.17596432019770147,0.19023872266709801,5,trapezoid_from_zero_normalized_by_max_fraction,False,error,false_positive,low,medium,binary
cicids2017_binary,44,0,BENIGN,rid_2664981abd77bf2824e7d96ee15749cb,mlp,gradient_x_input,deletion,training_median,False,False,True,True,1,ATTACK,predicted_class_of_audited_model,0.0053435596637427,0.0050524751131888,-0.003907497177715413,-0.13988435310021582,0.13597685592250042,0.0190341466992679,0.09866992839193534,-0.19084241824971027,0.18693492107199486,0.35799843072891235,0.3160563764870167,0.04194204828143121,5,trapezoid_from_zero_normalized_by_max_fraction,False,error,false_positive,low,medium,binary
cicids2017_binary,44,1,ATTACK,rid_a61a34f331ad0ebf5f6fad1eb56a438c,mlp,gradient_x_input,deletion,training_median,False,True,False,True,1,ATTACK,predicted_class_of_audited_model,1.0,0.999708915449446,7.959008216857911e-05,0.23669319440681286,-0.2366136043246443,0.02460139920874769,-0.28483234677378977,0.2252961633499852,-0.22521657326781663,0.37590542435646057,0.40259900267422194,-0.02669359619915484,5,trapezoid_from_zero_normalized_by_max_fraction,True,correct,true_positive,high,high,binary
cicids2017_binary,44,0,BENIGN,rid_04571e92bbc967d28b7d3b8562d7589b,mlp,gradient_x_input,deletion,training_median,False,False,True,True,1,ATTACK,predicted_class_of_audited_model,0.0004665509040933,0.0001754663535394,-0.04380721174384235,-0.09400477429095028,0.050197562547107936,0.013402883363465855,0.02392791115471486,-0.08598053604768338,0.042173324303841034,0.40676188468933105,0.2440027167201042,0.16275915008783337,5,trapezoid_from_zero_normalized_by_max_fraction,False,error,false_positive,low,low,binary
cicids2017_binary,44,1,ATTACK,rid_7eea0881a850fed6d6ee4de04fbf4431,mlp,gradient_x_input,deletion,training_median,False,True,False,True,1,ATTACK,predicted_class_of_audited_model,1.0,0.999708915449446,0.0,0.000492774486541748,-0.000492774486541748,0.00036879312810414553,-0.0012156090176258733,0.08917624788988388,-0.08917624788988388,0.30676349997520447,0.30918276409804824,-0.0024192760437726944,5,trapezoid_from_zero_normalized_by_max_fraction,True,correct,true_positive,high,high,binary
cicids2017_binary,44,0,BENIGN,rid_3c0515f2a7833a7f4d1aaba711587eea,mlp,gradient_x_input,deletion,training_median,False,False,True,True,1,ATTACK,predicted_class_of_audited_model,0.00032306756475,3.198301419609999e-05,-0.006848882116901224,-0.03415578147865898,0.027306899361757755,0.005266672735206213,0.016984220800753576,-0.01081730377405529,0.003968421657154068,1.5937714576721191,1.2309407892227173,0.36283070421218877,5,trapezoid_from_zero_normalized_by_max_fraction,False,error,false_positive,low,low,binary
cicids2017_binary,44,0,BENIGN,rid_66e107f4b57fae70a5cabd2ec7a0f45a,mlp,gradient_x_input,deletion,training_median,False,False,True,True,1,ATTACK,predicted_class_of_audited_model,0.0003728656156454,8.178106509150002e-05,-0.0730383121073828,-0.14457459908392956,0.07153628697654676,0.01904344420635007,0.03421113633210063,-0.12470923516888001,0.051670923061497204,0.44839969277381897,0.26292737987637516,0.18547230097651485,5,trapezoid_from_zero_normalized_by_max_fraction,False,error,false_positive,low,low,binary
cicids2017_binary,44,0,BENIGN,rid_3901d4fa6cb9b5601d7e301cc99a424e,mlp,gradient_x_input,deletion,training_median,False,True,False,True,0,BENIGN,predicted_class_of_audited_model,0.9999870754327276,0.0002781599832814,0.002710362217840157,0.004200071100624773,-0.0014897088827846158,0.0009035483401755121,-0.00326066362952862,0.0012995162556649427,0.001410845962175214,0.8394215703010559,0.4729170939326286,0.36650451213121416,5,trapezoid_from_zero_normalized_by_max_fraction,True,correct,true_negative,medium,low,binary
cicids2017_binary,44,0,BENIGN,rid_805e075631af31af30851838c2829780,mlp,gradient_x_input,deletion,training_median,False,False,True,True,1,ATTACK,predicted_class_of_audited_model,0.0035140302497893,0.0032229456992354,-0.004433720643646666,-0.050875138733654374,0.04644141809000771,0.008478193709599482,0.029824158419192722,-0.020629395924296245,0.01619567528064958,1.6752039194107056,1.0701957918405534,0.6050080560445784,5,trapezoid_from_zero_normalized_by_max_fraction,False,error,false_positive,low,medium,binary
cicids2017_binary,44,0,BENIGN,rid_c8d2fd48e9082380a9e73d8f31ac2fb2,mlp,gradient_x_input,deletion,training_median,False,False,True,True,1,ATTACK,predicted_class_of_audited_model,0.0055050137452781,0.0052139291947242,-0.00631172766443342,-0.10806127344603925,0.10174954578160583,0.016759659261727733,0.06890061362861948,-0.21048333221581034,0.20417160455137692,0.5381502509117126,0.3260121859908104,0.21213802915811536,5,trapezoid_from_zero_normalized_by_max_fraction,False,error,false_positive,low,medium,binary
cicids2017_binary,44,0,BENIGN,rid_506b35e452663e3321212c449da0c1a1,mlp,gradient_x_input,deletion,training_median,False,True,False,True,0,BENIGN,predicted_class_of_audited_model,0.9999988101995996,0.0002898947501534,0.010126877562464642,0.002977496260948484,0.007149381301516158,0.0005024018942894447,0.006164673588708846,0.000905029142715513,0.009221848419749129,0.8659188151359558,0.525462985754013,0.3404558770656586,5,trapezoid_from_zero_normalized_by_max_fraction,True,correct,true_negative,medium,low,binary
cicids2017_binary,44,0,BENIGN,rid_03c1fef695eba7c94c9eb14e87aabe8a,mlp,gradient_x_input,deletion,training_median,False,False,True,True,1,ATTACK,predicted_class_of_audited_model,0.0056022871285676,0.0053112025780137,-0.06730470494367181,-0.06194905776746998,-0.005355647176201839,0.007041595342080587,-0.01915717404667979,-0.04388811008175161,-0.023416594861920208,0.5600506067276001,0.2705504085719585,0.28950013855099677,5,trapezoid_from_zero_normalized_by_max_fraction,False,error,false_positive,low,medium,binary
cicids2017_binary,44,1,ATTACK,rid_a63449df7a66dba5323eb47b344aec83,mlp,gradient_x_input,deletion,training_median,False,True,False,True,1,ATTACK,predicted_class_of_audited_model,1.0,0.999708915449446,9.971857070922852e-06,0.013504526630043983,-0.01349455477297306,0.006698266705365181,-0.026623157515488813,0.14795615686946403,-0.14794618501239312,0.26728707551956177,0.274055041000247,-0.006767954304814336,5,trapezoid_from_zero_normalized_by_max_fraction,True,correct,true_positive,high,high,binary
cicids2017_binary,44,0,BENIGN,rid_9766ad0fc84b22e12fc3d900dbfea79c,mlp,gradient_x_input,deletion,training_median,False,True,False,True,0,BENIGN,predicted_class_of_audited_model,0.9999999994521136,0.0002910840026673,0.008660923985627005,0.002195243385586187,0.006465680600040818,0.0008577268544553336,0.004784535965308364,0.015063223159887012,-0.0064022991742600085,1.0124943256378174,0.7666980084180832,0.24579632914066313,5,trapezoid_from_zero_normalized_by_max_fraction,True,correct,true_negative,medium,medium,binary
cicids2017_binary,44,0,BENIGN,rid_ff3a685a29af6eb6ff89b3fa1d58682c,mlp,gradient_x_input,deletion,training_median,False,False,True,True,1,ATTACK,predicted_class_of_audited_model,0.0006267685675993,0.0003356840170454,0.00014388045001396678,-0.21721799829404315,0.21736187874405713,0.025725014904554,0.1669408495311313,-0.1525614440873344,0.15270532453734842,8.60435962677002,4.134028254032135,4.4703312773704535,5,trapezoid_from_zero_normalized_by_max_fraction,False,error,false_positive,low,medium,binary
cicids2017_binary,44,0,BENIGN,rid_881943a4e2ba9628edeb11a436511150,mlp,gradient_x_input,deletion,training_median,False,False,True,True,1,ATTACK,predicted_class_of_audited_model,0.0050212540663778,0.0047301695158239,-0.005385912807832937,-0.15206057829899297,0.14667466549116004,0.020017454301292974,0.10744045506062581,-0.17729598266733665,0.17191006985950372,0.37903690338134766,0.33650534188747405,0.04253154361248017,5,trapezoid_from_zero_normalized_by_max_fraction,False,error,false_positive,low,medium,binary
cicids2017_binary,44,1,ATTACK,rid_efaf4d8fed5eeff85d1e38de1a9f2295,mlp,gradient_x_input,deletion,training_median,False,True,False,True,1,ATTACK,predicted_class_of_audited_model,1.0,0.999708915449446,0.0,0.002346444368362426,-0.002346444368362426,0.0018271860564123528,-0.005927729038930638,0.06370424734707442,-0.06370424734707442,0.32468146085739136,0.33928247517347343,-0.0146010031402111,5,trapezoid_from_zero_normalized_by_max_fraction,True,correct,true_positive,high,high,binary
cicids2017_binary,44,1,ATTACK,rid_18115faed31276c793dba319c954cab3,mlp,gradient_x_input,deletion,training_median,False,True,False,True,1,ATTACK,predicted_class_of_audited_model,1.0,0.999708915449446,0.0,0.032469101253611486,-0.032469101253611486,0.011110399338299708,-0.054245483956678914,0.11873777544329663,-0.11873777544329663,0.33112937211990356,0.31797670567035674,0.013152654528617863,5,trapezoid_from_zero_normalized_by_max_fraction,True,correct,true_positive,high,high,binary
cicids2017_binary,44,0,BENIGN,rid_d069dccf8aa1cdeb221511e98afa16ff,mlp,gradient_x_input,deletion,training_median,False,True,False,True,0,BENIGN,predicted_class_of_audited_model,0.9999988666803574,0.0002899512309113,0.015696164827733127,0.0034041572093120027,0.012292007618421126,0.0006543153052576891,0.011009549620116054,0.0012996132642760785,0.014396551563457049,0.5034264326095581,0.23165505357831714,0.2717714237347245,5,trapezoid_from_zero_normalized_by_max_fraction,True,correct,true_negative,medium,low,binary
cicids2017_binary,44,0,BENIGN,rid_907b952015e4b86327e97a286d948604,mlp,gradient_x_input,deletion,training_median,False,False,True,True,1,ATTACK,predicted_class_of_audited_model,0.0004101309168618,0.0001190463663079,-0.35847783420904306,-0.08338808327469356,-0.27508975093434945,0.014686808095071714,-0.30387589480069,-0.05701514904392416,-0.30146268516511887,1.019690752029419,0.7684933841228485,0.25119743943214423,5,trapezoid_from_zero_normalized_by_max_fraction,False,error,false_positive,low,low,binary
cicids2017_binary,44,0,BENIGN,rid_b788bd1474feaa6619f1f4a89df10aca,mlp,gradient_x_input,deletion,training_median,False,True,False,True,0,BENIGN,predicted_class_of_audited_model,0.9999999258489892,0.0002910103995432,0.012868356808936809,0.0015430964972279696,0.01132526031170884,0.00035713056461291723,0.010625284405067522,0.000918901864695595,0.011949454944241215,0.4473441243171692,0.168016014136374,0.279328083358705,5,trapezoid_from_zero_normalized_by_max_fraction,True,correct,true_negative,medium,medium,binary
cicids2017_binary,44,0,BENIGN,rid_61a7ed70a1d938e6ada746e80daf623c,mlp,gradient_x_input,deletion,training_median,False,True,False,True,0,BENIGN,predicted_class_of_audited_model,0.9999999999999898,0.0002910845505436,0.003885004851499008,0.003389253909700106,0.0004957509417989011,0.0018168983541038825,-0.0030653698322447086,0.0004045061725251286,0.003480498678973879,1.1948202848434448,0.9385112955570222,0.25630894160270684,5,trapezoid_from_zero_normalized_by_max_fraction,True,correct,true_negative,medium,medium,binary
cicids2017_binary,44,0,BENIGN,rid_f7bad2aabb1c4825815a37d7929d5ba9,mlp,gradient_x_input,deletion,training_median,False,False,True,True,1,ATTACK,predicted_class_of_audited_model,0.0009166751406155,0.0006255905900615,-0.18994150700455067,-0.13840603626620346,-0.051535470738347244,0.01692303754822535,-0.08470462433286893,-0.10048556115470661,-0.08945594584984405,0.5284863710403442,0.2720594665408135,0.256426844894886,5,trapezoid_from_zero_normalized_by_max_fraction,False,error,false_positive,low,medium,binary
cicids2017_binary,44,0,BENIGN,rid_eb008002591031be87777396dcdd0f50,mlp,gradient_x_input,deletion,training_median,False,False,True,True,1,ATTACK,predicted_class_of_audited_model,0.0026795829180628,0.0023884983675089,-0.0016234772167081249,-0.058176043688242404,0.05655256647153428,0.011461645946830483,0.03408774041574654,-0.07249203331697257,0.07086855610026446,0.8361724615097046,0.6807110114097595,0.15546156930923463,5,trapezoid_from_zero_normalized_by_max_fraction,False,error,false_positive,low,medium,binary
cicids2017_binary,44,1,ATTACK,rid_f61cf284aae9f5d1c7ce63f5906423b1,mlp,gradient_x_input,deletion,training_median,False,True,False,True,1,ATTACK,predicted_class_of_audited_model,1.0,0.999708915449446,0.0,0.004743719339370728,-0.004743719339370728,0.003215665951537068,-0.011046424604383381,0.0555992570326802,-0.0555992570326802,0.3792780935764313,0.33955029349029064,0.03972777996957302,5,trapezoid_from_zero_normalized_by_max_fraction,True,correct,true_positive,high,high,binary
cicids2017_binary,44,1,ATTACK,rid_e06fb0e5c7f248a1ecac6178b99ed7e5,mlp,gradient_x_input,deletion,training_median,False,True,False,True,1,ATTACK,predicted_class_of_audited_model,1.0,0.999708915449446,3.5107135772705077e-06,0.014681127954463592,-0.014677617240886322,0.006711705465998568,-0.027832559954243517,0.16201990091136706,-0.1620163901977898,0.29010170698165894,0.30173719543218613,-0.0116354847252369,5,trapezoid_from_zero_normalized_by_max_fraction,True,correct,true_positive,high,high,binary
cicids2017_binary,44,1,ATTACK,rid_fff9b3740593b91c491829aa9f4d9789,mlp,gradient_x_input,deletion,training_median,False,True,False,True,1,ATTACK,predicted_class_of_audited_model,1.0,0.999708915449446,0.0,0.013911726354657733,-0.013911726354657733,0.0075705304913876665,-0.02874996611777756,0.11785155458528586,-0.11785155458528586,0.3340223431587219,0.3547241159081459,-0.02070176082849503,5,trapezoid_from_zero_normalized_by_max_fraction,True,correct,true_positive,high,high,binary
cicids2017_binary,44,1,ATTACK,rid_ad8e09c16cfcfdad02be017afa043980,mlp,gradient_x_input,deletion,training_median,False,True,False,True,1,ATTACK,predicted_class_of_audited_model,1.0,0.999708915449446,0.0,0.009552423626184465,-0.009552423626184465,0.005235132372632376,-0.01981328307654392,0.039472932522032725,-0.039472932522032725,0.3761550486087799,0.34399127995967865,0.032163761943578714,5,trapezoid_from_zero_normalized_by_max_fraction,True,correct,true_positive,high,high,binary
cicids2017_binary,44,0,BENIGN,rid_f30bcb4497f886204ee66c168adce3aa,mlp,gradient_x_input,deletion,training_median,False,False,True,True,1,ATTACK,predicted_class_of_audited_model,0.0045217359438538,0.0042306513932999,-0.02695269561372697,-0.09637194827361142,0.06941925265988445,0.017053491132896472,0.03599441003940737,-0.14753063268353273,0.12057793706980574,0.5196012854576111,0.33365444499254227,0.1859468762278557,5,trapezoid_from_zero_normalized_by_max_fraction,False,error,false_positive,low,medium,binary
cicids2017_binary,44,1,ATTACK,rid_b426f0d9ea4c6521bcfcfbc93030e80d,mlp,gradient_x_input,deletion,training_median,False,True,False,True,1,ATTACK,predicted_class_of_audited_model,1.0,0.999708915449446,0.0,0.006484599257091758,-0.006484599257091758,0.004670540889726928,-0.015638859400956537,0.09848856161919949,-0.09848856161919949,0.2008458822965622,0.2198975882977247,-0.019051705256104466,5,trapezoid_from_zero_normalized_by_max_fraction,True,correct,true_positive,high,high,binary
cicids2017_binary,44,0,BENIGN,rid_170ffc8628be7e6f60ea0272b9804aae,mlp,gradient_x_input,deletion,training_median,False,False,True,True,1,ATTACK,predicted_class_of_audited_model,0.0053130439482629,0.005021959397709,-0.0038859424515976567,-0.13123326203975672,0.12734731958815906,0.01789072172251651,0.0922815050120267,-0.15194630388114339,0.1480603614295457,0.3585355281829834,0.3296843661367893,0.02885116204619407,5,trapezoid_from_zero_normalized_by_max_fraction,False,error,false_positive,low,medium,binary
cicids2017_binary,44,0,BENIGN,rid_b596a4d6697f476f77adc5470e3dfd58,mlp,gradient_x_input,deletion,training_median,False,True,False,True,0,BENIGN,predicted_class_of_audited_model,0.999962125744787,0.0002532102953409,0.08704638791896287,0.050424696185277756,0.03662169173368511,0.010677259030571967,0.015694264033764057,0.03556637136037352,0.05148001655858935,0.7649396657943726,0.24201757800579066,0.5229220699071885,5,trapezoid_from_zero_normalized_by_max_fraction,True,correct,true_negative,medium,low,binary
cicids2017_binary,44,1,ATTACK,rid_34af9ebc1be3f0d72a225c815e7b6fc6,mlp,gradient_x_input,deletion,training_median,False,True,False,True,1,ATTACK,predicted_class_of_audited_model,1.0,0.999708915449446,0.0007464289665222168,0.016447129551321268,-0.01570070058479905,0.007250783012315671,-0.029912235288937765,0.1842401155450233,-0.18349368657850107,0.21407802402973175,0.19033505728468297,0.02374296711757779,5,trapezoid_from_zero_normalized_by_max_fraction,True,correct,true_positive,high,high,binary
cicids2017_binary,44,0,BENIGN,rid_7e5515e2ee67622e8f17f21722db479f,mlp,gradient_x_input,deletion,training_median,False,False,True,True,1,ATTACK,predicted_class_of_audited_model,0.0003594380395952,6.835348904130002e-05,-0.011907644222083036,-0.010612952706242174,-0.0012946915158408606,0.002020047853432779,-0.005253985308569107,-0.002741766789817869,-0.009165877432265167,0.6313272714614868,0.4477084232270718,0.18361884823441504,5,trapezoid_from_zero_normalized_by_max_fraction,False,error,false_positive,low,low,binary
cicids2017_binary,44,0,BENIGN,rid_bb8f760bc0b4d6b42c6731d2566df8d5,mlp,gradient_x_input,deletion,training_median,False,True,False,True,0,BENIGN,predicted_class_of_audited_model,0.9999645983007212,0.0002556828512751,0.00013726579386457162,0.013987985201582348,-0.013850719407717777,0.0058661296687850285,-0.025348333558536433,0.009497913837808328,-0.009360648043943756,0.479927122592926,0.2769199025034904,0.2030071664452553,5,trapezoid_from_zero_normalized_by_max_fraction,True,correct,true_negative,medium,low,binary
cicids2017_binary,44,0,BENIGN,rid_72bbf7e8fae09e4dc284d0d6a53d152c,mlp,gradient_x_input,deletion,training_median,False,False,True,True,1,ATTACK,predicted_class_of_audited_model,0.0003041451855096,1.3060634955700012e-05,-0.029813119828759227,-0.008125675765510102,-0.021687444063249125,0.001248241010013217,-0.02413399644287503,-0.003448252951830057,-0.02636486687692917,0.6263306736946106,0.41719794279336925,0.20913275474309917,5,trapezoid_from_zero_normalized_by_max_fraction,False,error,false_positive,low,low,binary
cicids2017_binary,44,0,BENIGN,rid_9295c392b3c3c9047ab4b85ce4a34ed5,mlp,gradient_x_input,deletion,training_median,False,False,True,True,1,ATTACK,predicted_class_of_audited_model,0.0003612527216318,7.016817107790001e-05,-0.014465149679745081,-0.01190913652720037,-0.002556013152544713,0.002284154340872357,-0.007032955660654532,-0.0056509044387304825,-0.008814245241014599,0.6851574182510376,0.3950150257050991,0.290142398506403,5,trapezoid_from_zero_normalized_by_max_fraction,False,error,false_positive,low,low,binary
cicids2017_binary,44,0,BENIGN,rid_972f2177f17c9795c505e1c5cc6753b1,mlp,gradient_x_input,deletion,training_median,False,True,False,True,0,BENIGN,predicted_class_of_audited_model,0.9999996806174352,0.000290765167989,0.019525413133486325,0.0036793141958712987,0.015846098937615027,0.0004622637644536803,0.014940061959285813,0.0007364516909548727,0.01878896144253145,0.6359010934829712,0.30946299618482587,0.326438031733036,5,trapezoid_from_zero_normalized_by_max_fraction,True,correct,true_negative,medium,low,binary
cicids2017_binary,44,0,BENIGN,rid_ed4b93d8fed592093d593e0f55b5cbcc,mlp,gradient_x_input,deletion,training_median,False,True,False,True,0,BENIGN,predicted_class_of_audited_model,0.999999988560658,0.0002910731112119,0.10336436229367338,0.12066913416514102,-0.01730477187146763,0.015181865855001283,-0.04706122894727015,0.019345013351854796,0.08401934894181859,7.769556522369385,5.179815328598023,2.5897408599853513,5,trapezoid_from_zero_normalized_by_max_fraction,True,correct,true_negative,medium,medium,binary
cicids2017_binary,44,0,BENIGN,rid_44650f8686ab9c9f5a6c4a9eadd4c512,mlp,gradient_x_input,deletion,training_median,False,True,False,True,0,BENIGN,predicted_class_of_audited_model,0.9999998026902688,0.0002908872408226,0.0038714401701154698,0.005545401732673919,-0.0016739615625584487,0.0019463075915772676,-0.005488724442049893,0.022707643374195546,-0.018836203204080075,5.616880893707275,5.395996089935302,0.22088461303710946,5,trapezoid_from_zero_normalized_by_max_fraction,True,correct,true_negative,medium,medium,binary
cicids2017_binary,44,0,BENIGN,rid_7d7141444a672f40efe70a44ed8bd181,mlp,gradient_x_input,deletion,training_median,False,True,False,True,0,BENIGN,predicted_class_of_audited_model,0.9999997240156516,0.0002908085662056,0.014421254751141532,0.0029604742343570106,0.011460780516784523,0.000584559718916121,0.010315043467708927,0.0012717245942440768,0.013149530156897456,0.4516812264919281,0.2068926858380437,0.24478852277249094,5,trapezoid_from_zero_normalized_by_max_fraction,True,correct,true_negative,medium,medium,binary
cicids2017_binary,44,0,BENIGN,rid_d727cdde2679ba9d8e797de88658c4da,mlp,gradient_x_input,deletion,training_median,False,True,False,True,0,BENIGN,predicted_class_of_audited_model,0.9999743478310849,0.0002654323816386,0.012605035196702374,0.004275418923776375,0.008329616272926,0.0004992520215451563,0.007351082310697493,0.0019531090919734967,0.010651926104728877,0.722710371017456,0.40743428383767605,0.3152760812193155,5,trapezoid_from_zero_normalized_by_max_fraction,True,correct,true_negative,medium,low,binary
cicids2017_binary,44,0,BENIGN,rid_d1fff24daedc1f0c3e1df57737f27504,mlp,gradient_x_input,deletion,training_median,False,True,False,True,0,BENIGN,predicted_class_of_audited_model,0.999962864076224,0.0002539486267778,0.016900270083169744,0.0054104391048763936,0.01148983097829335,0.000717762603773716,0.010083016274896868,0.0019117868219388043,0.014988483261230938,0.7381256818771362,0.4503454200923443,0.2877802856266499,5,trapezoid_from_zero_normalized_by_max_fraction,True,correct,true_negative,medium,low,binary
cicids2017_binary,44,0,BENIGN,rid_a13927c0e99c219d60cd2ca4b9de9016,mlp,gradient_x_input,deletion,training_median,False,False,True,True,1,ATTACK,predicted_class_of_audited_model,0.0025418675504624,0.0022507829999085,-0.43000082669314,-0.17113704401021823,-0.25886378268292176,0.02043501604120082,-0.29891641412367537,-0.12041458755993517,-0.3095862391332048,0.2866412103176117,0.156113623842597,0.13052760733664037,5,trapezoid_from_zero_normalized_by_max_fraction,False,error,false_positive,low,medium,binary
cicids2017_binary,44,0,BENIGN,rid_81c5ba85afcd330cc40f8ff5de642006,mlp,gradient_x_input,deletion,training_median,False,False,True,True,1,ATTACK,predicted_class_of_audited_model,0.0031592021696269,0.002868117619073,-0.5249313344946132,-0.2346255321155768,-0.29030580237903636,0.02428211177780402,-0.33789874146353227,-0.16337190724490208,-0.361559427249711,0.1498529016971588,0.14936525570601225,0.00048765195161104005,5,trapezoid_from_zero_normalized_by_max_fraction,False,error,false_positive,low,medium,binary
cicids2017_binary,44,0,BENIGN,rid_5786aa42231a528d3d0872ad3d811003,mlp,gradient_x_input,deletion,training_median,False,True,False,True,0,BENIGN,predicted_class_of_audited_model,0.9999566941005468,0.0002477786511007,0.013451397709832235,0.004993712891929895,0.008457684817902341,0.0007040308728387347,0.007077784307138422,0.0021330004953419818,0.011318397214490255,0.7543438673019409,0.45662947753071786,0.29771443745493886,5,trapezoid_from_zero_normalized_by_max_fraction,True,correct,true_negative,medium,low,binary
cicids2017_binary,44,0,BENIGN,rid_cc3b89dc96d9de70ffb083317b73b64a,mlp,gradient_x_input,deletion,training_median,False,True,False,True,0,BENIGN,predicted_class_of_audited_model,0.9999684835711378,0.0002595681216916,0.018167180398086204,0.004927461740448438,0.013239718657637765,0.0007663581341751321,0.011737656714654505,0.001623271242469535,0.016543909155616668,0.6633888483047485,0.3995405609607696,0.26384828138351446,5,trapezoid_from_zero_normalized_by_max_fraction,True,correct,true_negative,medium,low,binary
cicids2017_binary,44,0,BENIGN,rid_2fc9e09db1f3c125f0fba79f41ad9cc2,mlp,gradient_x_input,deletion,training_median,False,True,False,True,0,BENIGN,predicted_class_of_audited_model,0.9999842225970496,0.0002753071476035,0.01638120402158165,0.004403280026158088,0.011977923995423564,0.0005958240032237521,0.01081010894910501,0.001228938231361049,0.015152265790220602,0.7357607483863831,0.3271310330480337,0.4086297093778849,5,trapezoid_from_zero_normalized_by_max_fraction,True,correct,true_negative,medium,low,binary
cicids2017_binary,44,0,BENIGN,rid_c48998b335b5469e20d69cd600e86b7c,mlp,gradient_x_input,deletion,training_median,False,True,False,True,0,BENIGN,predicted_class_of_audited_model,0.9997886731143808,7.975766493469998e-05,0.011467535523843253,0.009788549866451005,0.0016789856573922496,0.001439396086144418,-0.0011422306714508096,0.00390203827933625,0.007565497244507003,0.7637712955474854,0.3810993664711714,0.38267199464142326,5,trapezoid_from_zero_normalized_by_max_fraction,True,correct,true_negative,medium,low,binary
cicids2017_binary,44,0,BENIGN,rid_e89b0658d429f7c1bd214c2c3936d5a4,mlp,gradient_x_input,deletion,training_median,False,False,True,True,1,ATTACK,predicted_class_of_audited_model,0.3546508252620697,0.3543597407115158,0.3296488066190705,0.07523473300603514,0.2544140736130353,0.022380654435102895,0.21054799092023363,-0.05615060167247063,0.3857994082915411,0.3984178304672241,0.299878527790308,0.09853930267691612,5,trapezoid_from_zero_normalized_by_max_fraction,False,error,false_positive,low,medium,binary
cicids2017_binary,44,0,BENIGN,rid_538e3fa9d114d86b4e129ed23da96124,mlp,gradient_x_input,deletion,training_median,False,True,False,True,0,BENIGN,predicted_class_of_audited_model,0.9998652958747698,0.0001563804253237,0.012643290701817021,0.004164856861158528,0.008478433840658495,0.0007714707595968948,0.0069663511518485806,0.0038344307826733656,0.008808859919143657,0.7040646076202393,0.34593026851117614,0.35813433314859866,5,trapezoid_from_zero_normalized_by_max_fraction,True,correct,true_negative,medium,low,binary
cicids2017_binary,44,0,BENIGN,rid_e35c8e333415d378822a9bc33c4529e3,mlp,gradient_x_input,deletion,training_median,False,True,False,True,0,BENIGN,predicted_class_of_audited_model,1.0,0.0002910845505539,0.001414883881440443,0.013364199073487942,-0.0119493151920475,0.005758501120823316,-0.023235977388861198,0.00026718961021393584,0.001147694271226507,1.9065876007080078,1.1750026919841767,0.7315847775936126,5,trapezoid_from_zero_normalized_by_max_fraction,True,correct,true_negative,high,medium,binary
cicids2017_binary,44,0,BENIGN,rid_10656a1e873f12c2d04d2cdf85b9eb76,mlp,gradient_x_input,deletion,training_median,False,False,True,True,1,ATTACK,predicted_class_of_audited_model,0.0003237276396248,3.264308907090002e-05,0.0001901733968935559,-0.0013319926122408673,0.0015221660091344234,0.0004075141943124924,0.0007234381882819383,-0.007372081694410169,0.007562255091303725,0.34430426359176636,0.3082101626992225,0.03609408897161485,5,trapezoid_from_zero_normalized_by_max_fraction,False,error,false_positive,low,low,binary
cicids2017_binary,44,0,BENIGN,rid_9e641128504c46702fcf58fd87a19b37,mlp,gradient_x_input,deletion,training_median,False,False,True,True,1,ATTACK,predicted_class_of_audited_model,0.0006844620802439,0.00039337752969,-0.17160203830862883,-0.11112662100175158,-0.06047541730687727,0.01532978020192221,-0.09052178650264481,-0.09251179077779488,-0.07909024753083396,0.7406647205352783,0.2546388948559761,0.4860258495211601,5,trapezoid_from_zero_normalized_by_max_fraction,False,error,false_positive,low,medium,binary
cicids2017_binary,44,0,BENIGN,rid_1bbffa7dcb3113d0ee06351ff775e8e8,mlp,gradient_x_input,deletion,training_median,False,False,True,True,1,ATTACK,predicted_class_of_audited_model,0.0041353264823555,0.0038442419318016,-0.03838996454142034,-0.23504183283267777,0.19665186829125741,0.02411367024951696,0.14938907460220419,-0.15586157110036583,0.1174716065589455,0.3252357840538025,0.1819544869363308,0.1432813060581684,5,trapezoid_from_zero_normalized_by_max_fraction,False,error,false_positive,low,medium,binary
cicids2017_binary,44,0,BENIGN,rid_c25003c9af52a30ee04e2b5b60049b46,mlp,gradient_x_input,deletion,training_median,False,False,True,True,1,ATTACK,predicted_class_of_audited_model,0.0016422106418758,0.0013511260913219,-0.009351763457615903,-0.08933754785407043,0.07998578439645453,0.01571983299345845,0.04917491172927596,-0.15234073968109474,0.14298897622347884,0.975091278553009,0.8766403651237488,0.09845085382461546,5,trapezoid_from_zero_normalized_by_max_fraction,False,error,false_positive,low,medium,binary
cicids2017_binary,44,0,BENIGN,rid_483f0ec1688c7cf59099b01102ca0578,mlp,gradient_x_input,deletion,training_median,False,True,False,True,0,BENIGN,predicted_class_of_audited_model,1.0,0.0002910845505538,8.587111415769843e-07,0.0043544646978803175,-0.004353605986738741,0.0021358076570229447,-0.008539788994503712,0.0007180601892539454,-0.0007172014781123684,2.2276408672332764,1.849992242336273,0.37764874410629284,5,trapezoid_from_zero_normalized_by_max_fraction,True,correct,true_negative,high,medium,binary
cicids2017_binary,44,0,BENIGN,rid_119ce35c0df6229dd32a6cd408b38acc,mlp,gradient_x_input,deletion,training_median,False,True,False,True,0,BENIGN,predicted_class_of_audited_model,0.999998799557602,0.0002898841081559,0.005305994495796541,0.0015331711996689893,0.0037728232961275507,0.0002621560591036829,0.003258997420284332,0.001460503756249031,0.0038454907395475088,0.6091572046279907,0.23405778020992876,0.3750993856750428,5,trapezoid_from_zero_normalized_by_max_fraction,True,correct,true_negative,medium,low,binary
cicids2017_binary,44,0,BENIGN,rid_22c6d4b7f4e243b4ee741c3e7f566f21,mlp,gradient_x_input,deletion,training_median,False,True,False,True,0,BENIGN,predicted_class_of_audited_model,0.9999999724018078,0.0002910569523617,0.0017003615283496922,0.0033083792762263393,-0.0016080177478766473,0.001614510771823944,-0.004772458860651577,0.0009085913938785691,0.0007917701344711228,0.322868287563324,0.19531380227208134,0.12755450913310054,5,trapezoid_from_zero_normalized_by_max_fraction,True,correct,true_negative,medium,medium,binary
cicids2017_binary,44,0,BENIGN,rid_d299090fcdf84f6c9f5ae25b87eb79e0,mlp,gradient_x_input,deletion,training_median,False,False,True,True,1,ATTACK,predicted_class_of_audited_model,0.000320601335261,2.951678470710002e-05,-0.015474926485330796,-0.014095299528987224,-0.0013796269563435735,0.001864289339129023,-0.005033634061036458,-0.0045576130485151444,-0.010917313436815654,0.68278968334198,0.3992488766014576,0.2835408246219158,5,trapezoid_from_zero_normalized_by_max_fraction,False,error,false_positive,low,low,binary
cicids2017_binary,44,0,BENIGN,rid_34944b35a39503d11e86521ebcdb8d7b,mlp,gradient_x_input,deletion,training_median,False,True,False,True,0,BENIGN,predicted_class_of_audited_model,0.999999999999998,0.000291084550552,0.005971887305348017,0.16656771893656727,-0.16059583163121924,0.021913141756455208,-0.20354558947387144,0.03669030653288849,-0.03071841922754047,3.157017707824707,2.234293309211731,0.9227242555618288,5,trapezoid_from_zero_normalized_by_max_fraction,True,correct,true_negative,medium,medium,binary
cicids2017_binary,44,0,BENIGN,rid_3f81ed091d350784c9a4fc695d8fed72,mlp,gradient_x_input,deletion,training_median,False,True,False,True,0,BENIGN,predicted_class_of_audited_model,0.9999722669726908,0.0002633515232446,0.023463178979454824,0.006373943187705406,0.017089235791749417,0.0011087963448662556,0.014915994955811557,0.0027080104436488276,0.020755168535805994,0.711317241191864,0.3710965619534254,0.3402206375151873,5,trapezoid_from_zero_normalized_by_max_fraction,True,correct,true_negative,medium,low,binary
cicids2017_binary,44,0,BENIGN,rid_06827edff59f4afb4ac4007ddbcd7a21,mlp,gradient_x_input,deletion,training_median,False,False,True,True,1,ATTACK,predicted_class_of_audited_model,0.0004677866818383,0.0001767021312844,2.6241347848099373e-05,-0.04878047085423629,0.04880671220208439,0.010663491253149563,0.027906269345911252,-0.08689533302488292,0.08692157437273103,0.43682974576950073,0.24621149188280106,0.19061828368902206,5,trapezoid_from_zero_normalized_by_max_fraction,False,error,false_positive,low,low,binary
cicids2017_binary,44,0,BENIGN,rid_641e66b816590d94bb69a255a43fdfb7,mlp,gradient_x_input,deletion,training_median,False,False,True,True,1,ATTACK,predicted_class_of_audited_model,0.0050085252150893,0.0047174406645354,-0.10817713490687311,-0.15246379423823964,0.04428665933136654,0.019586892314047297,0.0058963503958338395,-0.15276486260887032,0.04458772770199721,0.578993558883667,0.3853105668723583,0.19368300393223764,5,trapezoid_from_zero_normalized_by_max_fraction,False,error,false_positive,low,medium,binary
cicids2017_binary,44,0,BENIGN,rid_e96fb495aaa37a592922943fd1b4951b,mlp,gradient_x_input,deletion,training_median,False,False,True,True,1,ATTACK,predicted_class_of_audited_model,0.000321660307236,3.057575668210003e-05,-0.016246770025463774,-0.00972753333278934,-0.006519236692674436,0.0014277972663330214,-0.009317719334687159,-0.0036766535327822326,-0.01257011649268154,0.5773162841796875,0.40924108809232707,0.16807517820596693,5,trapezoid_from_zero_normalized_by_max_fraction,False,error,false_positive,low,low,binary
cicids2017_binary,44,0,BENIGN,rid_a2aeea9f338b777df1875e0040454374,mlp,gradient_x_input,deletion,training_median,False,True,False,True,0,BENIGN,predicted_class_of_audited_model,0.9999981479328426,0.0002892324833964,0.011569483988108687,0.0017013821920194316,0.009868101796089254,0.000431204806183923,0.009022940375968765,0.002102521827980272,0.009466962160128413,0.5814574956893921,0.25368482888117433,0.327772681709379,5,trapezoid_from_zero_normalized_by_max_fraction,True,correct,true_negative,medium,low,binary
cicids2017_binary,44,0,BENIGN,rid_224af142877303f66a395c428ee93b36,mlp,gradient_x_input,deletion,training_median,False,True,False,True,0,BENIGN,predicted_class_of_audited_model,0.9999993109789216,0.0002903955294754,0.010089282087434983,0.056038970348594716,-0.045949688261159735,0.011909681577335704,-0.06929266415273772,0.031063866178515476,-0.020974584091080495,1.2335509061813354,0.7040899258852005,0.5294610399007798,5,trapezoid_from_zero_normalized_by_max_fraction,True,correct,true_negative,medium,low,binary
cicids2017_binary,44,0,BENIGN,rid_440eed9318cc6b7358cff28a57715b84,mlp,gradient_x_input,deletion,training_median,False,False,True,True,1,ATTACK,predicted_class_of_audited_model,0.0003862311132252,9.514656267130002e-05,-0.007303101290017367,-0.009090339941557935,0.001787238651540568,0.0017450487549081307,-0.0016330569080793681,-0.004300678342042233,-0.003002422947975134,0.7390910983085632,0.4499514532685279,0.28913962715864183,5,trapezoid_from_zero_normalized_by_max_fraction,False,error,false_positive,low,low,binary
cicids2017_binary,44,0,BENIGN,rid_eff5fd77729410c8dc2a2e2defc55037,mlp,gradient_x_input,deletion,training_median,False,True,False,True,0,BENIGN,predicted_class_of_audited_model,1.0,0.0002910845505538,0.00020070502505404873,0.028774832162838482,-0.028574127137784434,0.00920107883783722,-0.046608241659945385,0.01629275422410033,-0.016092049199046284,1.8967043161392212,1.2424471771717072,0.6542570674419403,5,trapezoid_from_zero_normalized_by_max_fraction,True,correct,true_negative,high,medium,binary
cicids2017_binary,44,0,BENIGN,rid_b220413a532f82e16961090f350cbe0d,mlp,gradient_x_input,deletion,training_median,False,False,True,True,1,ATTACK,predicted_class_of_audited_model,0.0045907939784228,0.0042997094278689,-0.02659656738396734,-0.135550203430991,0.10895363604702368,0.019209573107759514,0.07130287275581504,-0.15371122762888512,0.1271146602449178,0.5183800458908081,0.3128666626214981,0.20551334154605866,5,trapezoid_from_zero_normalized_by_max_fraction,False,error,false_positive,low,medium,binary
cicids2017_binary,44,0,BENIGN,rid_b62a7ae05c9543c4f87b2de57692c154,mlp,gradient_x_input,deletion,training_median,False,False,True,True,1,ATTACK,predicted_class_of_audited_model,0.0003163669025525,2.5282351998600033e-05,-0.01914109032950364,-0.007348641510473885,-0.011792448819029756,0.0012817557478101917,-0.014304690084737733,-0.005729200975599334,-0.013411889353904307,0.6123067140579224,0.4103742293715477,0.20193249660730364,5,trapezoid_from_zero_normalized_by_max_fraction,False,error,false_positive,low,low,binary
cicids2017_binary,44,0,BENIGN,rid_ca55351d92cc980a7a87f71ac4a44c97,mlp,gradient_x_input,deletion,training_median,False,False,True,True,1,ATTACK,predicted_class_of_audited_model,0.0025937012396752,0.0023026166891213,-0.016403128788806495,-0.04951849576089671,0.033115366972090214,0.005592135061685326,0.022154782251186975,-0.03864691237085299,0.02224378358204649,0.2773061692714691,0.15109199042618274,0.1262141728848219,5,trapezoid_from_zero_normalized_by_max_fraction,False,error,false_positive,low,medium,binary
cicids2017_binary,44,0,BENIGN,rid_2bdeea6a05e747559a8827538afbb515,mlp,gradient_x_input,deletion,training_median,False,False,True,True,1,ATTACK,predicted_class_of_audited_model,0.0003108113014604,1.9726750906500033e-05,-0.03781117579055717,-0.00824404965827289,-0.029567126132284283,0.001305128405730746,-0.032125177807516545,-0.0025547176247279887,-0.03525645816582918,0.6708842515945435,0.4248278035521508,0.24605641227960584,5,trapezoid_from_zero_normalized_by_max_fraction,False,error,false_positive,low,low,binary
cicids2017_binary,44,0,BENIGN,rid_e139f396ae7667ebe03fae3a403da922,mlp,gradient_x_input,deletion,training_median,False,False,True,True,1,ATTACK,predicted_class_of_audited_model,0.0040514646098017,0.0037603800592478,0.0034711868305748795,-0.04785785396580229,0.051329040796377165,0.010540732337629036,0.030669205414624253,-0.13131296910290846,0.13478415593348334,0.33136552572250366,0.25275126335024833,0.07861425045132636,5,trapezoid_from_zero_normalized_by_max_fraction,False,error,false_positive,low,medium,binary
cicids2017_binary,44,0,BENIGN,rid_89e7b9b82fd00273ad273b9d1b6cb694,mlp,gradient_x_input,deletion,training_median,False,True,False,True,0,BENIGN,predicted_class_of_audited_model,0.999985351400028,0.0002764359505817,0.007468006162071106,0.032651365946894925,-0.02518335978482382,0.006194956135186422,-0.037325473809789206,0.012169076329978963,-0.004701070167907859,1.3032370805740356,0.7715797165632248,0.5316574116945267,5,trapezoid_from_zero_normalized_by_max_fraction,True,correct,true_negative,medium,low,binary
cicids2017_binary,44,0,BENIGN,rid_b772264de7d27e11752d992238b2320f,mlp,gradient_x_input,deletion,training_median,False,True,False,True,0,BENIGN,predicted_class_of_audited_model,0.9999737738889962,0.0002648584395501,0.03364920274480028,0.0040797478716631305,0.029569454873137148,0.0008580491452154317,0.027887678548514903,0.00423006559640271,0.02941913714839757,0.26282331347465515,0.16002332897484303,0.10279999344050883,5,trapezoid_from_zero_normalized_by_max_fraction,True,correct,true_negative,medium,low,binary
cicids2017_binary,44,0,BENIGN,rid_2e54e3b29cad76dc01961ca74e237f16,mlp,gradient_x_input,deletion,training_median,False,False,True,True,1,ATTACK,predicted_class_of_audited_model,0.0015026538167148,0.0012115692661609,-0.0007593794998683736,-0.0717096596934058,0.07095028019353743,0.013517818933803246,0.04445535508328306,-0.07667194893302348,0.07591256943315511,0.4266018867492676,0.34562193942070013,0.0809799473285675,5,trapezoid_from_zero_normalized_by_max_fraction,False,error,false_positive,low,medium,binary
cicids2017_binary,44,0,BENIGN,rid_d922bb2e2149108680431edc60b11e94,mlp,gradient_x_input,deletion,training_median,False,False,True,True,1,ATTACK,predicted_class_of_audited_model,0.0008344355155713,0.0005433509650173,0.00048598988344110693,-0.02025851201549931,0.020744501898940417,0.004762231396002296,0.011410528362775918,-0.02575526087077773,0.026241250754218837,1.4499658346176147,0.9742660610675811,0.47569976162910466,5,trapezoid_from_zero_normalized_by_max_fraction,False,error,false_positive,low,medium,binary
cicids2017_binary,44,0,BENIGN,rid_1e6ab1e195b93ded30a4d84154725b1f,mlp,gradient_x_input,deletion,training_median,False,True,False,True,0,BENIGN,predicted_class_of_audited_model,0.9999997201057624,0.0002908046563163,3.7701517480143165e-05,0.009014798268495997,-0.008977096751015854,0.004230149857201151,-0.01726819047113011,0.02206565309240348,-0.022027951574923335,1.6434227228164673,1.235342886209488,0.40807970547676076,5,trapezoid_from_zero_normalized_by_max_fraction,True,correct,true_negative,medium,medium,binary
cicids2017_binary,44,0,BENIGN,rid_19e4ffa15c914f3a894cf820a129c40a,mlp,gradient_x_input,deletion,training_median,False,True,False,True,0,BENIGN,predicted_class_of_audited_model,0.99999487115565,0.0002859557062037,0.00727546235830232,0.004600246381583674,0.002675215976718647,0.0009278468052486007,0.0008566362384313895,0.003596479438309448,0.003678982919992873,0.6115463972091675,0.28433766786754133,0.32720869953930376,5,trapezoid_from_zero_normalized_by_max_fraction,True,correct,true_negative,medium,low,binary
cicids2017_binary,44,0,BENIGN,rid_c7db51b3998e90b2b8ccd780e979bc9d,mlp,gradient_x_input,deletion,training_median,False,False,True,True,1,ATTACK,predicted_class_of_audited_model,0.006360740866512,0.0060696563159581,-0.019670684938319027,-0.1372176766824146,0.1175469917440956,0.019491211789486925,0.07934421663670121,-0.1779872024585029,0.15831651752018389,0.5247032642364502,0.32496983098983767,0.19973343920707703,5,trapezoid_from_zero_normalized_by_max_fraction,False,error,false_positive,low,medium,binary
cicids2017_binary,44,0,BENIGN,rid_195bc3e0deed397eb67298331bdcff6f,mlp,gradient_x_input,deletion,training_median,False,False,True,True,1,ATTACK,predicted_class_of_audited_model,0.0003258254146203,3.474086406640004e-05,-0.016609603787128436,-0.05859769561287109,0.04198809182574266,0.01027757483184684,0.02184404515532285,-0.06399265284988337,0.04738304906275493,0.4656900465488434,0.28869193014502526,0.1769981283247471,5,trapezoid_from_zero_normalized_by_max_fraction,False,error,false_positive,low,low,binary
cicids2017_binary,44,0,BENIGN,rid_6b2bdeb61b9e955e7a102493e8caf4d8,mlp,gradient_x_input,deletion,training_median,False,True,False,True,0,BENIGN,predicted_class_of_audited_model,0.9999999426393984,0.0002910271899522,0.013115433965853284,0.0018115820980599126,0.011303851867793372,0.00025994150835504656,0.010794366511417481,0.0006767048135314688,0.012438729152321817,0.4520779252052307,0.2060577445589006,0.24602019256725907,5,trapezoid_from_zero_normalized_by_max_fraction,True,correct,true_negative,medium,medium,binary
cicids2017_binary,44,0,BENIGN,rid_82a86b41fd0301f5973da1f011a6947a,mlp,gradient_x_input,deletion,training_median,False,False,True,True,1,ATTACK,predicted_class_of_audited_model,0.0006437189294956,0.0003526343789417,-0.03748666777682956,-0.09531705912825045,0.05783039135142089,0.014659987320710556,0.029096816202828196,-0.08670089459258223,0.04921422681575269,0.39145612716674805,0.21994936099648474,0.1715067721307278,5,trapezoid_from_zero_normalized_by_max_fraction,False,error,false_positive,low,medium,binary
cicids2017_binary,44,0,BENIGN,rid_435d16bf9bcea09d0a8ac2caf2affe74,mlp,gradient_x_input,deletion,training_median,False,False,True,True,1,ATTACK,predicted_class_of_audited_model,0.0003566767263691,6.559217581520002e-05,-0.02560048551968066,-0.006456421778926616,-0.019144063740754044,0.0011402724311821107,-0.02137899770587098,-0.003300770401950353,-0.02229971511773031,0.537199854850769,0.4052021908462048,0.13199766996502876,5,trapezoid_from_zero_normalized_by_max_fraction,False,error,false_positive,low,low,binary
cicids2017_binary,44,0,BENIGN,rid_8062b3bfef229732c16510825accc5a9,mlp,gradient_x_input,deletion,training_median,False,False,True,True,1,ATTACK,predicted_class_of_audited_model,0.0029608202166855,0.0026697356661316,0.0028002213130269736,-0.04999281501858306,0.05279303633161003,0.011983922216129459,0.029304548787996293,-0.04942703679806728,0.052227258111094244,1.3177967071533203,0.9928124244213103,0.32498423504829405,5,trapezoid_from_zero_normalized_by_max_fraction,False,error,false_positive,low,medium,binary
cicids2017_binary,44,0,BENIGN,rid_304cba904103b91e0a936616fda7ccc9,mlp,gradient_x_input,deletion,training_median,False,True,False,True,0,BENIGN,predicted_class_of_audited_model,0.999997371840891,0.0002884563914448,0.004957217207515896,0.006818301837507477,-0.0018610846299915809,0.0011136119952819266,-0.004043764140744157,0.003796544870907116,0.0011606723366087799,0.6427993178367615,0.3589972023963928,0.28380215120315555,5,trapezoid_from_zero_normalized_by_max_fraction,True,correct,true_negative,medium,low,binary
cicids2017_binary,44,0,BENIGN,rid_65cc0787c7c18b623670b17335eb9bbd,mlp,gradient_x_input,deletion,training_median,False,False,True,True,1,ATTACK,predicted_class_of_audited_model,0.000347036664607,5.595211405310003e-05,5.305802938391222e-05,-0.006103273139256481,0.006156331168640393,0.0019652916046289516,0.0023043596235676474,-0.009160217882601485,0.009213275911985397,1.0988517999649048,0.9964949116706847,0.10235691213607785,5,trapezoid_from_zero_normalized_by_max_fraction,False,error,false_positive,low,low,binary
cicids2017_binary,44,0,BENIGN,rid_62c0461dc6306cbfddc103c6cea18b92,mlp,gradient_x_input,deletion,training_median,False,False,True,True,1,ATTACK,predicted_class_of_audited_model,0.0003515251737553,6.044062320140003e-05,-0.01944253964611562,-0.009181193435521966,-0.010261346210593653,0.0015362587666351167,-0.013272413393198481,-0.006587452436065895,-0.012855087210049724,0.6153002977371216,0.38779822120070456,0.22750207653641702,5,trapezoid_from_zero_normalized_by_max_fraction,False,error,false_positive,low,low,binary
cicids2017_binary,44,0,BENIGN,rid_c465214e2b46f210bae86f1d99a61403,mlp,gradient_x_input,deletion,training_median,False,False,True,True,1,ATTACK,predicted_class_of_audited_model,0.0003386981552466,4.76136046927e-05,-0.20685262308106758,-0.13349669228814398,-0.07335593079292362,0.017549064010267436,-0.1077520962530478,-0.12476528665049953,-0.08208733643056806,0.7937219738960266,0.3055523530542851,0.48816959699988355,5,trapezoid_from_zero_normalized_by_max_fraction,False,error,false_positive,low,low,binary
cicids2017_binary,44,0,BENIGN,rid_a87ba08b7aaccf18895d610538efcb92,mlp,gradient_x_input,deletion,training_median,True,True,False,True,0,BENIGN,true_class_correct_for_both,0.9999999372041016,0.0002910217546556,0.009472608142296578,0.0012859993493308623,0.008186608792965719,0.00026813064332842574,0.007661072732042005,0.000659245180831098,0.00881336296146548,0.4644630551338196,0.17817151827737693,0.2862914981134236,5,trapezoid_from_zero_normalized_by_max_fraction,True,correct,true_negative,medium,medium,binary
cicids2017_binary,44,0,BENIGN,rid_3483525bcbf6170504e5a05fac4f1930,mlp,gradient_x_input,deletion,training_median,False,True,False,True,0,BENIGN,predicted_class_of_audited_model,1.0,0.0002910845505539,0.0004283645715429496,0.008617971653244912,-0.008189607081701963,0.003197881896103027,-0.014457455598063895,0.0072684013145788715,-0.006840036743035922,2.0610885620117188,1.5765255053043365,0.4845628659725188,5,trapezoid_from_zero_normalized_by_max_fraction,True,correct,true_negative,high,medium,binary
cicids2017_binary,44,0,BENIGN,rid_ae9b2ba457021e03066130a275d91cd7,mlp,gradient_x_input,deletion,training_median,False,True,False,True,0,BENIGN,predicted_class_of_audited_model,1.0,0.0002910845505538,6.309696693775901e-05,0.03460868758529399,-0.034545590618356235,0.010464333158028496,-0.055055683608092085,0.0008778853432066905,-0.0008147883762689316,2.5761916637420654,2.3237543630599977,0.25243739604949955,5,trapezoid_from_zero_normalized_by_max_fraction,True,correct,true_negative,high,medium,binary
cicids2017_binary,44,0,BENIGN,rid_b650128d9ed6956f66bb2d12ef6ada97,mlp,gradient_x_input,deletion,training_median,False,True,False,True,0,BENIGN,predicted_class_of_audited_model,0.9997716725629288,6.275711348279999e-05,0.0018073538098860808,0.09616194753018911,-0.09435459372030304,0.016091054364070524,-0.12589306027388125,0.08116517005546256,-0.07935781624557649,0.49175262451171875,0.3375028427839279,0.15424978470802306,5,trapezoid_from_zero_normalized_by_max_fraction,True,correct,true_negative,medium,low,binary
cicids2017_binary,44,0,BENIGN,rid_d35bcfb474b4b63f6b5381fbb2c4c4a9,mlp,gradient_x_input,deletion,training_median,False,True,False,True,0,BENIGN,predicted_class_of_audited_model,0.9999831588393135,0.0002742433898674,0.012898854719787776,0.004620664543711607,0.008278190176076172,0.0007045604197882286,0.006897251753291244,0.0017554951565868038,0.011143359563200976,0.7004642486572266,0.4305271134674549,0.26993710538744925,5,trapezoid_from_zero_normalized_by_max_fraction,True,correct,true_negative,medium,low,binary
cicids2017_binary,44,0,BENIGN,rid_a3c3a97aa4a2dbe7e317f1117cfcaf4d,mlp,gradient_x_input,deletion,training_median,False,True,False,True,0,BENIGN,predicted_class_of_audited_model,0.9999436880098074,0.0002347725603612,0.01071581559990591,0.0036160206600611465,0.007099794939844762,0.0005168781819961425,0.006086713703132323,0.0012589079897428119,0.009456907610163096,0.8039599657058716,0.4048635516166687,0.39909643793106075,5,trapezoid_from_zero_normalized_by_max_fraction,True,correct,true_negative,medium,low,binary
cicids2017_binary,44,0,BENIGN,rid_a22f805b8e1d29f91d4f32ae64e13a92,mlp,gradient_x_input,deletion,training_median,False,True,False,True,0,BENIGN,predicted_class_of_audited_model,0.9999947441388032,0.0002858286893569,0.011593146188101856,0.0030135921791932334,0.008579554008908622,0.00047116344136783917,0.007656073663827657,0.0012403009038641872,0.010352845284237668,0.7532430291175842,0.36184537458419797,0.3913976426124573,5,trapezoid_from_zero_normalized_by_max_fraction,True,correct,true_negative,medium,low,binary
cicids2017_binary,44,0,BENIGN,rid_2d98d7bcf3bd9d90ab81534f55e64fbf,mlp,gradient_x_input,deletion,training_median,False,True,False,True,0,BENIGN,predicted_class_of_audited_model,0.9999488714311155,0.0002399559816694,0.013127500807240722,0.0030511588743049687,0.010076341932935754,0.00040387602395829553,0.009284744925977494,0.0013759272306767512,0.01175157357656397,0.754641056060791,0.4077825543880462,0.34685851955413816,5,trapezoid_from_zero_normalized_by_max_fraction,True,correct,true_negative,medium,low,binary
cicids2017_binary,44,0,BENIGN,rid_3a04f08327b3b8a625511c14db4773c4,mlp,gradient_x_input,deletion,training_median,False,True,False,True,0,BENIGN,predicted_class_of_audited_model,0.9999814004040672,0.0002724849546211,0.012265928037595587,0.0057964968257685785,0.006469431211827008,0.0009041458702222472,0.004697305306191403,0.002284287003742852,0.009981641033852734,0.7873462438583374,0.48492860752344136,0.30241761249303817,5,trapezoid_from_zero_normalized_by_max_fraction,True,correct,true_negative,medium,low,binary
cicids2017_binary,44,0,BENIGN,rid_809472bdeb3beaecdd4229173cf1fa6c,mlp,gradient_x_input,deletion,training_median,False,True,False,True,0,BENIGN,predicted_class_of_audited_model,0.9999616521126882,0.000252736663242,0.006193269748291642,0.003176925526674491,0.0030163442216171506,0.000555614286452308,0.001927340220170627,0.001559734260888125,0.004633535487403516,0.7424638867378235,0.32819210736453525,0.41427178235352036,5,trapezoid_from_zero_normalized_by_max_fraction,True,correct,true_negative,medium,low,binary
cicids2017_binary,44,0,BENIGN,rid_ae4d5e11a98fb39c8777eb925d73c4b3,mlp,gradient_x_input,deletion,training_median,False,True,False,True,0,BENIGN,predicted_class_of_audited_model,0.9999523647638852,0.0002434493144391,0.01276788693103299,0.003812948949348862,0.008954937981684128,0.000604112526271159,0.0077708774301926565,0.0016165572436321015,0.011151329687400888,0.7706502079963684,0.4259960708022118,0.34465408354997634,5,trapezoid_from_zero_normalized_by_max_fraction,True,correct,true_negative,medium,low,binary
cicids2017_binary,44,0,BENIGN,rid_d8f5a4026b93e1d596988a7438ce619f,mlp,gradient_x_input,deletion,training_median,False,True,False,True,0,BENIGN,predicted_class_of_audited_model,0.9999999993394404,0.0002910838899943,0.00048646206206122146,0.0019172574241842506,-0.0014307953621230292,0.0007543139810498403,-0.0029092507649807163,0.002058586212204747,-0.0015721241501435255,2.454380750656128,2.2470161657333376,0.20736444187164302,5,trapezoid_from_zero_normalized_by_max_fraction,True,correct,true_negative,medium,medium,binary
cicids2017_binary,44,0,BENIGN,rid_02f34a3721087b5bd4c4bc660459dd4d,mlp,gradient_x_input,deletion,training_median,False,True,False,True,0,BENIGN,predicted_class_of_audited_model,0.9999950683054522,0.000286152856006,0.007141417522575466,0.002156531284185752,0.004984886238389714,0.00039678289144094275,0.0042071917711654664,0.0009731714980598478,0.006168246024515618,0.7611395716667175,0.37563675954937936,0.385502859801054,5,trapezoid_from_zero_normalized_by_max_fraction,True,correct,true_negative,medium,low,binary
cicids2017_binary,44,0,BENIGN,rid_2951ad052b5d04ac0d08370ab524f31b,mlp,gradient_x_input,deletion,training_median,False,True,False,True,0,BENIGN,predicted_class_of_audited_model,0.9999974826127982,0.000288567163352,0.008669478215529125,0.002386033714380819,0.006283444501148306,0.00040283184071560914,0.005493894093345712,0.0009151261647262726,0.007754352050802852,0.6405250430107117,0.2899085764177144,0.3506165053360165,5,trapezoid_from_zero_normalized_by_max_fraction,True,correct,true_negative,medium,low,binary
cicids2017_binary,44,0,BENIGN,rid_e4c27e2541ee7b2c387fe31492c98615,mlp,gradient_x_input,deletion,training_median,False,True,False,True,0,BENIGN,predicted_class_of_audited_model,1.0,0.0002910845505539,1.3917656883677409e-05,0.009077045796471056,-0.009063128139587378,0.004309968860028705,-0.01751066710524364,0.007042399648741637,-0.00702848199185796,2.1747965812683105,1.3288935382366183,0.845903424501419,5,trapezoid_from_zero_normalized_by_max_fraction,True,correct,true_negative,high,medium,binary
cicids2017_binary,44,0,BENIGN,rid_368734497e98bbb69131389f7a06a4d1,mlp,gradient_x_input,deletion,training_median,False,True,False,True,0,BENIGN,predicted_class_of_audited_model,0.999968361309584,0.0002594458601378,0.019661114880909734,0.0060284331902215075,0.01363268169068823,0.0010178714592834171,0.011637653630492732,0.0029487571718578368,0.016712357709051898,0.6980281472206116,0.34613526861369603,0.35189286668598657,5,trapezoid_from_zero_normalized_by_max_fraction,True,correct,true_negative,medium,low,binary
cicids2017_binary,44,0,BENIGN,rid_d71be8bc5355863a327db52893581810,mlp,gradient_x_input,deletion,training_median,False,False,True,True,1,ATTACK,predicted_class_of_audited_model,0.0051868944428861,0.0048958098923322,-0.006260341611050535,-0.15940307556886957,0.15314273395781902,0.019088284275706455,0.11572969677743437,-0.21774015192213822,0.21147981031108767,0.37937048077583313,0.3429147177636624,0.03645576301217078,5,trapezoid_from_zero_normalized_by_max_fraction,False,error,false_positive,low,medium,binary
cicids2017_binary,44,0,BENIGN,rid_d4ebb83a719f50b5c529e028b46dcf99,mlp,gradient_x_input,deletion,training_median,False,False,True,True,1,ATTACK,predicted_class_of_audited_model,0.0025994409807026,0.0023083564301487,-0.028750000917352733,-0.11847622574220848,0.08972622482485576,0.017097306128009596,0.05621550481395696,-0.1494171694380358,0.12066716852068306,0.493793249130249,0.3244363866448402,0.16935685652494428,5,trapezoid_from_zero_normalized_by_max_fraction,False,error,false_positive,low,medium,binary
cicids2017_binary,44,0,BENIGN,rid_6c4185b0a6428ac3964ea14675f9b28b,mlp,gradient_x_input,deletion,training_median,False,False,True,True,1,ATTACK,predicted_class_of_audited_model,0.001556035480462,0.001264950929908,-0.03682990690576844,-0.10556608781950437,0.06873618091373593,0.01592585932922441,0.03752149662845609,-0.15617528593061136,0.11934537902484292,0.4941439628601074,0.32161770066618917,0.17252626219391826,5,trapezoid_from_zero_normalized_by_max_fraction,False,error,false_positive,low,medium,binary
cicids2017_binary,44,0,BENIGN,rid_702fb30686e6da0ff9f4383da846e6e1,mlp,gradient_x_input,deletion,training_median,False,False,True,True,1,ATTACK,predicted_class_of_audited_model,0.0009931481909006,0.0007020636403466,-0.1243027795178932,-0.13727745537400915,0.012974675856115942,0.01842526537178648,-0.023138844272585557,-0.13301532574533484,0.00871254622744163,0.33335137367248535,0.314110139042139,0.019241213768720632,5,trapezoid_from_zero_normalized_by_max_fraction,False,error,false_positive,low,medium,binary
cicids2017_binary,44,0,BENIGN,rid_e33b3d8e070b55fbbc9cc038055d6c53,mlp,gradient_x_input,deletion,training_median,False,True,False,True,0,BENIGN,predicted_class_of_audited_model,1.0,0.0002910845505539,7.030941134900104e-06,0.019286473941696386,-0.019279443000561485,0.007121729584172208,-0.03323803298553901,0.0007546119195645648,-0.0007475809784296647,2.015749454498291,1.4377925639152527,0.5779571290016173,5,trapezoid_from_zero_normalized_by_max_fraction,True,correct,true_negative,high,medium,binary
cicids2017_binary,44,0,BENIGN,rid_d54fd2604c8e3a0e0358a6d0c8123d20,mlp,gradient_x_input,deletion,training_median,False,False,True,True,1,ATTACK,predicted_class_of_audited_model,0.0020926618017256,0.0018015772511717,-0.16552984642330557,-0.03423928855397116,-0.1312905578693344,0.0034996355021271095,-0.13814984345350353,-0.02432138457079782,-0.14120846185250774,0.3910755217075348,0.1519643387645483,0.23911115910112857,5,trapezoid_from_zero_normalized_by_max_fraction,False,error,false_positive,low,medium,binary
cicids2017_binary,44,0,BENIGN,rid_9d172532a7a6f8bb52462457dd8f7f28,mlp,gradient_x_input,deletion,training_median,False,True,False,True,0,BENIGN,predicted_class_of_audited_model,0.9999998797737676,0.0002909643243213,0.018874816285248383,0.001865587588621815,0.01700922869662657,0.00036893006226328487,0.016286125774590533,0.0009315641331614997,0.017943252152086885,0.8399233818054199,0.5055699127018453,0.33435344526171684,5,trapezoid_from_zero_normalized_by_max_fraction,True,correct,true_negative,medium,medium,binary
cicids2017_binary,44,0,BENIGN,rid_4f25f4c229612a2db37d3cd530e4857e,mlp,gradient_x_input,deletion,training_median,False,False,True,True,1,ATTACK,predicted_class_of_audited_model,0.0050331125967204,0.0047420280461665,-0.0054111918812850485,-0.16106876250164653,0.1556575706203615,0.019200394738892054,0.11802479693213308,-0.17374328782851395,0.1683320959472289,0.37893086671829224,0.32918718546628956,0.04974368125200272,5,trapezoid_from_zero_normalized_by_max_fraction,False,error,false_positive,low,medium,binary
cicids2017_binary,44,0,BENIGN,rid_69fcec46dd313c0ba2544c0d9aa7af2a,mlp,gradient_x_input,deletion,training_median,False,True,False,True,0,BENIGN,predicted_class_of_audited_model,0.9999999999567196,0.0002910845072735,0.002131138932584309,0.027236833974875616,-0.02510569504229131,0.009285279458379354,-0.04330484278071484,0.004919228704434766,-0.0027880897718504574,1.1938512325286865,1.2108462464809417,-0.016994918584823604,5,trapezoid_from_zero_normalized_by_max_fraction,True,correct,true_negative,medium,medium,binary
cicids2017_binary,44,0,BENIGN,rid_44bea49e4e24040727b6e3260e7a282e,mlp,gradient_x_input,deletion,training_median,False,True,False,True,0,BENIGN,predicted_class_of_audited_model,0.9999999996270232,0.0002910841775771,4.253878815758672e-05,0.0529498066385357,-0.052907267850378116,0.009647603381680166,-0.07181657047847124,0.03859032091135919,-0.038547782123201604,3.154548168182373,1.4274677242040634,1.7270804201364516,5,trapezoid_from_zero_normalized_by_max_fraction,True,correct,true_negative,medium,medium,binary
cicids2017_binary,44,0,BENIGN,rid_5f34fe6b491aeab6b880ce221ca67033,mlp,gradient_x_input,deletion,training_median,False,False,True,True,1,ATTACK,predicted_class_of_audited_model,0.0019629611633718,0.0016718766128179,-0.03274924175348133,-0.011160796587384055,-0.021588445166097276,0.0012879346535522374,-0.02411279708705966,-0.011365758266558659,-0.02138348348692267,0.5682127475738525,0.1857916528135538,0.3824211037009954,5,trapezoid_from_zero_normalized_by_max_fraction,False,error,false_positive,low,medium,binary
cicids2017_binary,44,0,BENIGN,rid_a3b7b3c4e70dd3b958c08dc5a4feb108,mlp,gradient_x_input,deletion,training_median,False,True,False,True,0,BENIGN,predicted_class_of_audited_model,0.9999999968743633,0.000291081424917,0.0006764335310296078,0.0032470315471681247,-0.002570598016138517,0.0013253709892992137,-0.005168325155164976,0.01319182079383969,-0.012515387262810082,1.4868322610855103,0.9986355791091919,0.4881965746879578,5,trapezoid_from_zero_normalized_by_max_fraction,True,correct,true_negative,medium,medium,binary
cicids2017_binary,44,0,BENIGN,rid_9522aa530d6416e823b10f851fbbbd54,mlp,gradient_x_input,deletion,training_median,False,False,True,True,1,ATTACK,predicted_class_of_audited_model,0.0004448120889719,0.000153727538418,-0.01040554845094448,-0.033922140276196104,0.023516591825251624,0.005398477662221461,0.01293557560729756,-0.010901721241285486,0.0004961727903410066,1.436280608177185,1.067751306593418,0.36852945655584335,5,trapezoid_from_zero_normalized_by_max_fraction,False,error,false_positive,low,low,binary
cicids2017_binary,44,0,BENIGN,rid_1016d9594cd491eb7d4c9b190c8ae322,mlp,gradient_x_input,deletion,training_median,False,False,True,True,1,ATTACK,predicted_class_of_audited_model,0.0006747257430106,0.0003836411924567,-0.0009260054925107396,-0.052341593611474,0.05141558811896326,0.007889409939862965,0.03595234463683185,-0.014842699493095891,0.013916694000585152,2.0405402183532715,1.607073092222214,0.43346735262870795,5,trapezoid_from_zero_normalized_by_max_fraction,False,error,false_positive,low,medium,binary
cicids2017_binary,44,0,BENIGN,rid_e05ff13022b2e47f679963c57f7b445c,mlp,gradient_x_input,deletion,training_median,False,True,False,True,0,BENIGN,predicted_class_of_audited_model,0.9999990307188682,0.000290115269422,0.005968477755340019,0.023352327962747294,-0.017383850207407275,0.00529093571375533,-0.02775408420636772,0.0023620579465065033,0.003606419808833515,4.332282066345215,3.434135177612305,0.8981470556259155,5,trapezoid_from_zero_normalized_by_max_fraction,True,correct,true_negative,medium,low,binary
cicids2017_binary,44,0,BENIGN,rid_128839b76407e20f8af0c75233803f63,mlp,gradient_x_input,deletion,training_median,False,False,True,True,1,ATTACK,predicted_class_of_audited_model,0.0010947920382022,0.0008037074876482,-0.035464766643895015,-0.29895529377211494,0.2634905271282199,0.02683604924101179,0.2108918706158368,-0.19100218837725333,0.15553742173335833,0.8614377975463867,0.6353256570100785,0.22611220014095307,5,trapezoid_from_zero_normalized_by_max_fraction,False,error,false_positive,low,medium,binary
cicids2017_binary,44,0,BENIGN,rid_4a5676278e677f437bb108b929d26e6b,mlp,gradient_x_input,deletion,training_median,False,True,False,True,0,BENIGN,predicted_class_of_audited_model,1.0,0.0002910845505539,3.7823057989005986e-05,0.01298969215910124,-0.012951869101112233,0.00654595229303681,-0.025781935595464378,1.1782824010377559e-05,2.604023397862843e-05,2.085965394973755,1.6462590203285217,0.43970625543594366,5,trapezoid_from_zero_normalized_by_max_fraction,True,correct,true_negative,high,medium,binary
cicids2017_binary,44,0,BENIGN,rid_f4ae954e4048dc292da61b09e246ac08,mlp,gradient_x_input,deletion,training_median,False,False,True,True,1,ATTACK,predicted_class_of_audited_model,0.0019637320656329,0.0016726475150789,-0.04643683043541387,-0.18997592381357756,0.14353909337816367,0.02158374870541055,0.101234945915559,-0.14995383414271782,0.10351700370730396,0.4206194281578064,0.23308328895270822,0.18753612132370473,5,trapezoid_from_zero_normalized_by_max_fraction,False,error,false_positive,low,medium,binary
cicids2017_binary,44,0,BENIGN,rid_de494e8017506411102020d95f5941b6,mlp,gradient_x_input,deletion,training_median,False,True,False,True,0,BENIGN,predicted_class_of_audited_model,0.9999999363610286,0.0002910209115824,0.013604197543827823,0.0016132700381510912,0.011990927505676732,0.0002717025646286148,0.011458390479004647,0.000547189568663728,0.013057007975164094,0.4523945748806,0.20175972953438764,0.2506348602473735,5,trapezoid_from_zero_normalized_by_max_fraction,True,correct,true_negative,medium,medium,binary
cicids2017_binary,44,0,BENIGN,rid_38161c52dc4105abccc19a726ed3e840,mlp,gradient_x_input,deletion,training_median,False,False,True,True,1,ATTACK,predicted_class_of_audited_model,0.000324440159602,3.3355609048100034e-05,0.0002921783001625045,-0.010270275773965207,0.01056245407412771,0.0013139319009692683,0.007987147548227944,-0.004250537547598058,0.004542715847760562,1.4084386825561523,0.9265322374105454,0.48190651667118073,5,trapezoid_from_zero_normalized_by_max_fraction,False,error,false_positive,low,low,binary
cicids2017_binary,44,0,BENIGN,rid_3cc8a2ed18c39d306dde4ff03e6351a8,mlp,gradient_x_input,deletion,training_median,False,False,True,True,1,ATTACK,predicted_class_of_audited_model,0.0007069910061545,0.0004159064556006,-0.17310948639933485,-0.17253223628589956,-0.0005772501134352903,0.02087867271395862,-0.04149944863279418,-0.11636798676071972,-0.056741499638615155,0.48794060945510864,0.30639548766613006,0.1815451158285141,5,trapezoid_from_zero_normalized_by_max_fraction,False,error,false_positive,low,medium,binary
cicids2017_binary,44,0,BENIGN,rid_d7427654e5cdda10bdeadc4c2005f0b0,mlp,gradient_x_input,deletion,training_median,False,True,False,True,0,BENIGN,predicted_class_of_audited_model,0.9999513829316128,0.0002424674821667,0.012536196228393236,0.008801325601175185,0.003734870627218051,0.0017241440674473376,0.0003555482550212691,0.003991611054622796,0.008544585173770441,0.705260694026947,0.3386899991333485,0.3665706799924373,5,trapezoid_from_zero_normalized_by_max_fraction,True,correct,true_negative,medium,low,binary
cicids2017_binary,44,0,BENIGN,rid_bc0ed2367be1555b07214841c995ed1b,mlp,gradient_x_input,deletion,training_median,False,False,True,True,1,ATTACK,predicted_class_of_audited_model,0.3645074367523193,0.3642163522017654,0.33438462257036006,0.09178398675549865,0.2426006358148614,0.017341286949848843,0.20861171339315768,-0.007102072574157224,0.34148669514451724,9.834436416625977,3.9719007802009587,5.862534396648408,5,trapezoid_from_zero_normalized_by_max_fraction,False,error,false_positive,low,high,binary
cicids2017_binary,44,0,BENIGN,rid_9083716dcd2411f5d6fbad11b1e3e79b,mlp,gradient_x_input,deletion,training_median,False,True,False,True,0,BENIGN,predicted_class_of_audited_model,0.9999998762998104,0.0002909608503642,0.0007872522361353163,0.0011726990519248812,-0.00038544681578956476,0.00027758636391900053,-0.0009295160890708059,0.001215167694117171,-0.0004279154579818547,0.29120635986328125,0.1950099159777164,0.09619643792510033,5,trapezoid_from_zero_normalized_by_max_fraction,True,correct,true_negative,medium,medium,binary
cicids2017_binary,44,0,BENIGN,rid_42e2a319a7206317d034607313a14ca6,mlp,gradient_x_input,deletion,training_median,False,True,False,True,0,BENIGN,predicted_class_of_audited_model,0.999999999219628,0.000291083770182,0.00022134732446926208,0.00032403347104938347,-0.00010268614658012141,0.00012934972015840617,-0.0003562115980905975,0.003002207993978106,-0.002780860669508844,0.9840595126152039,0.8318509730100632,0.1522084800004959,5,trapezoid_from_zero_normalized_by_max_fraction,True,correct,true_negative,medium,medium,binary
cicids2017_binary,44,0,BENIGN,rid_d8de40d0c84dcda670239cd28002b34c,mlp,gradient_x_input,deletion,training_median,False,False,True,True,1,ATTACK,predicted_class_of_audited_model,0.0041637457907199,0.003872661240166,0.0009302596998168158,-0.08031815035166735,0.08124841005148417,0.013336683528599649,0.055108510335428865,-0.13437895091796853,0.13530921061778534,0.39534133672714233,0.3178942923545837,0.07744707119464875,5,trapezoid_from_zero_normalized_by_max_fraction,False,error,false_positive,low,medium,binary
cicids2017_binary,44,0,BENIGN,rid_5c98dc5c55b19c8d07baea44c8a67fbe,mlp,gradient_x_input,deletion,training_median,False,False,True,True,1,ATTACK,predicted_class_of_audited_model,0.0003281125100329,3.702795947900002e-05,-0.002846469951865205,-0.04054254638251321,0.037696076430648005,0.010098762145428061,0.017902502625609006,-0.02349437569006707,0.020647905738201865,0.7543541193008423,0.51638394343853,0.23797013413906098,5,trapezoid_from_zero_normalized_by_max_fraction,False,error,false_positive,low,low,binary
cicids2017_binary,44,0,BENIGN,rid_7f78ef62d35a53293f66385801b22e6a,mlp,gradient_x_input,deletion,training_median,False,False,True,True,1,ATTACK,predicted_class_of_audited_model,0.0054946788586676,0.0052035943081137,0.003022260935540544,-0.17128722559110698,0.17430948652664757,0.021533516693286694,0.13210379380780565,-0.2199802168689613,0.22300247780450183,0.2657013535499573,0.23398634934425355,0.03171498930454255,5,trapezoid_from_zero_normalized_by_max_fraction,False,error,false_positive,low,medium,binary
cicids2017_binary,44,0,BENIGN,rid_84a7d1506ee7034cfcbde99f1a6ca694,mlp,gradient_x_input,deletion,training_median,False,False,True,True,1,ATTACK,predicted_class_of_audited_model,0.000413919246057,0.0001228346955031,-0.001579433232836891,-0.06010688012968601,0.058527446896849133,0.011227711247228675,0.03652113285228093,-0.06452199934391291,0.06294256611107601,1.1275259256362915,0.9615126044750214,0.16601332116127016,5,trapezoid_from_zero_normalized_by_max_fraction,False,error,false_positive,low,low,binary
cicids2017_binary,44,0,BENIGN,rid_5d6d3c0ae8084c57b4ce2b3196b46f1f,mlp,gradient_x_input,deletion,training_median,False,False,True,True,1,ATTACK,predicted_class_of_audited_model,0.0169734675437212,0.0166823829931672,0.009858922288149143,-0.04010287363576659,0.04996179592391574,0.012108666045416135,0.026228810474900114,-0.050098125533844615,0.05995704782199375,3.055629253387451,2.804773052215576,0.2508563442230225,5,trapezoid_from_zero_normalized_by_max_fraction,False,error,false_positive,low,medium,binary
cicids2017_binary,44,0,BENIGN,rid_6ddeb23200fe5fc5e6d906579ccb6dbf,mlp,gradient_x_input,deletion,training_median,False,True,False,True,0,BENIGN,predicted_class_of_audited_model,0.999999787730502,0.0002908722810559,0.0019664016575532627,0.1411632003018437,-0.13919679864429044,0.020007233763467663,-0.17841097682068707,0.05167381586246961,-0.049707414204916346,1.0490083694458008,0.9233851144313814,0.1256231954097748,5,trapezoid_from_zero_normalized_by_max_fraction,True,correct,true_negative,medium,medium,binary
cicids2017_binary,44,0,BENIGN,rid_791d4cc49f6c121383b013465f18bdba,mlp,gradient_x_input,deletion,training_median,False,True,False,True,0,BENIGN,predicted_class_of_audited_model,0.9999989209788964,0.0002900055294503,0.0177544573223372,0.0023547874327242207,0.015399669889612982,0.0004191683579375545,0.014578099908055375,0.0010488083901436446,0.01670564893219356,0.6553112864494324,0.28612712287902825,0.36918413376808173,5,trapezoid_from_zero_normalized_by_max_fraction,True,correct,true_negative,medium,low,binary
cicids2017_binary,44,0,BENIGN,rid_9042fda68806739ded78dc8c7c2f1d14,mlp,gradient_x_input,deletion,training_median,False,False,True,True,1,ATTACK,predicted_class_of_audited_model,0.0003973068669438,0.0001062223163899,-0.061820736387744546,-0.011342590035368857,-0.050478146352375686,0.001524366462688724,-0.05346590461924559,-0.012270916366723781,-0.04954982002102077,0.32097142934799194,0.13755300748348237,0.18341843378543854,5,trapezoid_from_zero_normalized_by_max_fraction,False,error,false_positive,low,low,binary
cicids2017_binary,44,0,BENIGN,rid_f5dc1f5973be5ee1ef22e378fd1f11ea,mlp,gradient_x_input,deletion,training_median,False,True,False,True,0,BENIGN,predicted_class_of_audited_model,0.9999999999998258,0.0002910845503797,0.19881961813200283,0.004322757643254904,0.1944968604887479,0.00253430370455294,0.18952962522782413,0.009267700343122633,0.1895519177888802,2.8094592094421387,2.360979925632477,0.4484792599678039,5,trapezoid_from_zero_normalized_by_max_fraction,True,correct,true_negative,medium,medium,binary
cicids2017_binary,44,0,BENIGN,rid_fc68e4d9c539baf06d589acec060b528,mlp,gradient_x_input,deletion,training_median,False,True,False,True,0,BENIGN,predicted_class_of_audited_model,0.99999955519192,0.0002906397424737,0.0202616122285022,0.0041498139534564505,0.016111798275045754,0.0005361293142204634,0.015060984819173645,0.0008377872219979282,0.019423825006504275,0.5761817693710327,0.28486704538762575,0.2913147776275873,5,trapezoid_from_zero_normalized_by_max_fraction,True,correct,true_negative,medium,low,binary
cicids2017_binary,44,0,BENIGN,rid_5ae3333db5b2874b7dd0f3d04a2e903e,mlp,gradient_x_input,deletion,training_median,False,True,False,True,0,BENIGN,predicted_class_of_audited_model,0.9999941791652418,0.0002852637157957,0.012398256761912307,0.0033363956946313067,0.009061861067281001,0.000795770308193078,0.007502151263222568,0.003566717904162982,0.008831538857749326,0.6137036085128784,0.27276238264143465,0.34094124971330164,5,trapezoid_from_zero_normalized_by_max_fraction,True,correct,true_negative,medium,low,binary
cicids2017_binary,44,0,BENIGN,rid_ce81849f1daba6a42a2f375a900bc84e,mlp,gradient_x_input,deletion,training_median,False,True,False,True,0,BENIGN,predicted_class_of_audited_model,0.9999999977019014,0.0002910822524552,0.0001510592991798676,0.0006797877553460179,-0.0005287284561661502,0.00019805507179973777,-0.0009169163968936363,0.00015661209557124356,-5.552796391375957e-06,0.4024182856082916,0.3108956406116486,0.0915226628780365,5,trapezoid_from_zero_normalized_by_max_fraction,True,correct,true_negative,medium,medium,binary
cicids2017_binary,44,0,BENIGN,rid_903a7e5a26cbf03bdfbd31c165374455,mlp,gradient_x_input,deletion,training_median,False,False,True,True,1,ATTACK,predicted_class_of_audited_model,0.0050231893546879,0.004732104804134,-0.019321831851266326,-0.08573001629288846,0.06640818444162214,0.016015834752984796,0.035017148325771935,-0.10681800623130878,0.08749617438004245,0.5068920254707336,0.31279060298204425,0.19410141652822493,5,trapezoid_from_zero_normalized_by_max_fraction,False,error,false_positive,low,medium,binary
cicids2017_binary,44,0,BENIGN,rid_2f71a20695d6fb19c38da4fd2b3fdba6,mlp,gradient_x_input,deletion,training_median,False,True,False,True,0,BENIGN,predicted_class_of_audited_model,0.9999999907755956,0.0002910753261495,3.324749175082076e-06,0.019177641048476052,-0.01917431629930097,0.008232905674513727,-0.03531081142134787,0.009373288034133774,-0.009369963284958692,0.5123831033706665,0.5238461905717849,-0.01146311104297636,5,trapezoid_from_zero_normalized_by_max_fraction,True,correct,true_negative,medium,medium,binary
cicids2017_binary,44,0,BENIGN,rid_0c6d01ca6ea1b262e89e6421a2992b40,mlp,gradient_x_input,deletion,training_median,False,False,True,True,1,ATTACK,predicted_class_of_audited_model,0.0055080610327422,0.0052169764821883,0.003023190496605821,-0.17590700590753022,0.17893019640413604,0.021135623444875185,0.13750437445218067,-0.18765814591568267,0.1906813364122885,0.2654118835926056,0.2219183609932661,0.04349351067841052,5,trapezoid_from_zero_normalized_by_max_fraction,False,error,false_positive,low,medium,binary
cicids2017_binary,44,0,BENIGN,rid_3529e04e9a2b14faeb393e1f3f46ae76,mlp,gradient_x_input,deletion,training_median,False,True,False,True,0,BENIGN,predicted_class_of_audited_model,0.9999965573699684,0.0002876419205221,0.010821144845283471,0.0043039521622931076,0.006517192682990362,0.000723844741484749,0.005098456989680254,0.0027500306685969748,0.008071114176686496,0.5910022854804993,0.27473046957328917,0.3162718099467456,5,trapezoid_from_zero_normalized_by_max_fraction,True,correct,true_negative,medium,low,binary
cicids2017_binary,44,0,BENIGN,rid_47e82f8abb2cde6941b140cd7b01affa,mlp,gradient_x_input,deletion,training_median,False,True,False,True,0,BENIGN,predicted_class_of_audited_model,0.999999998962036,0.0002910835125898,0.013126432260795934,0.04324241980806688,-0.03011598754727094,0.012010310100220922,-0.053656195343703944,0.011842925826344544,0.0012835064344513905,1.1318684816360474,0.9979507267475128,0.13391771912574768,5,trapezoid_from_zero_normalized_by_max_fraction,True,correct,true_negative,medium,medium,binary
cicids2017_binary,44,1,ATTACK,rid_90bf460c23de7f169569a903b5e5bcd4,mlp,gradient_x_input,deletion,training_median,False,False,True,False,0,BENIGN,predicted_class_of_audited_model,0.999916816537734,0.000207901088288,0.024959783736267126,0.004623237629992065,0.02033654610627506,0.0006132731287496071,0.01913453077392583,0.0015695880210632076,0.02339019571520392,0.7775698304176331,0.3915186143666506,0.3860512637346983,5,trapezoid_from_zero_normalized_by_max_fraction,False,error,false_negative,medium,low,binary
cicids2017_binary,44,0,BENIGN,rid_f66a10e8c05e6da936e7c0ac88075983,mlp,gradient_x_input,deletion,training_median,False,True,False,True,0,BENIGN,predicted_class_of_audited_model,0.9999997244028124,0.0002908089533661,2.1172377709177682e-05,0.0016516761922693273,-0.0016305038145601497,0.0007683939376389368,-0.0031365559323324656,0.0032465670459573817,-0.0032253946682482037,0.3846895098686218,0.2799514091908932,0.10473808577656744,5,trapezoid_from_zero_normalized_by_max_fraction,True,correct,true_negative,medium,medium,binary
cicids2017_binary,44,0,BENIGN,rid_925d38c41b222c06fa8bf565a6ad4fa2,mlp,gradient_x_input,deletion,training_median,False,False,True,True,1,ATTACK,predicted_class_of_audited_model,0.0046709771268069,0.004379892576253,-0.2737168156076223,-0.22211419550271239,-0.051602620104909874,0.022793130158436137,-0.09627715521544469,-0.1919388003714848,-0.08177801523613741,0.15016388893127441,0.1498733474574983,0.00029053998365998477,5,trapezoid_from_zero_normalized_by_max_fraction,False,error,false_positive,low,medium,binary
cicids2017_binary,44,0,BENIGN,rid_bef7e91873bee07106e09436900506af,mlp,gradient_x_input,deletion,training_median,False,False,True,True,1,ATTACK,predicted_class_of_audited_model,0.0003299050731584,3.88205226045e-05,-0.0225092786073219,-0.007765977374599397,-0.014743301232722508,0.0011570787883961701,-0.017011175657979,-0.004201280119499472,-0.018307998487822434,0.7261583805084229,0.459778219640255,0.26638014894723894,5,trapezoid_from_zero_normalized_by_max_fraction,False,error,false_positive,low,low,binary
cicids2017_binary,44,0,BENIGN,rid_d84a19391e0da0e4e920331ad040630b,mlp,gradient_x_input,deletion,training_median,False,True,False,True,0,BENIGN,predicted_class_of_audited_model,0.9999995144476088,0.0002905989981627,0.03014224908313281,0.001810643901138903,0.02833160518199391,0.000404594131254933,0.02753860068473424,0.0014923898867174944,0.02864985919641532,0.48699426651000977,0.22092308475077155,0.26607118473947045,5,trapezoid_from_zero_normalized_by_max_fraction,True,correct,true_negative,medium,low,binary
cicids2017_binary,44,0,BENIGN,rid_23c9749e07e86541c2068e8918d7a595,mlp,gradient_x_input,deletion,training_median,False,False,True,True,1,ATTACK,predicted_class_of_audited_model,0.0012696932535618,0.0009786087030079,-0.0016619711648672819,-0.1321518636926194,0.1304898925277521,0.019678009930838358,0.0919209930633089,-0.09467292488247767,0.0930109537176104,0.2625318467617035,0.1324031070843339,0.1301287486180663,5,trapezoid_from_zero_normalized_by_max_fraction,False,error,false_positive,low,medium,binary
cicids2017_binary,44,0,BENIGN,rid_dceb2bd536e8afe52f36d03c94eae70c,mlp,gradient_x_input,deletion,training_median,False,False,True,True,1,ATTACK,predicted_class_of_audited_model,0.0004089481662958,0.0001178636157419,-0.018786656705196948,-0.00852274055993387,-0.010263916145263079,0.0019704225455063435,-0.014125944334455513,-0.0036867736270554804,-0.015099883078141467,1.0502750873565674,0.5427267868518829,0.5075483124256135,5,trapezoid_from_zero_normalized_by_max_fraction,False,error,false_positive,low,low,binary
cicids2017_binary,44,0,BENIGN,rid_2c414409ad4d75c92305367b644197ad,mlp,gradient_x_input,deletion,training_median,False,True,False,True,0,BENIGN,predicted_class_of_audited_model,0.9998226165334928,0.0001137010840465,0.018317132029187635,0.013329740609202535,0.004987391419985097,0.0027684474998972072,-0.0004387656798134293,0.003789221002638385,0.014527911026549246,0.7226625680923462,0.46771237152814865,0.2549501608014107,5,trapezoid_from_zero_normalized_by_max_fraction,True,correct,true_negative,medium,low,binary
cicids2017_binary,44,0,BENIGN,rid_c0b11bc8e9725c92990b9ee140824d40,mlp,gradient_x_input,deletion,training_median,False,True,False,True,0,BENIGN,predicted_class_of_audited_model,0.9999865198942643,0.0002776044448182,0.014412636965835189,0.004469159796803795,0.009943477169031396,0.0007037215916428746,0.00856418284941136,0.001529662222436702,0.012882974743398487,0.773810088634491,0.3588477921262383,0.41496233227103946,5,trapezoid_from_zero_normalized_by_max_fraction,True,correct,true_negative,medium,low,binary
cicids2017_binary,44,0,BENIGN,rid_7bffb88f3db9bd6b40183466e866cc81,mlp,gradient_x_input,deletion,training_median,False,True,False,True,0,BENIGN,predicted_class_of_audited_model,0.9999440737592522,0.0002351583098061,0.026038316053745805,0.008207979737493648,0.01783033631625215,0.0011124430840373574,0.015649947871538932,0.002305131644397278,0.023733184409348525,0.6665722131729126,0.43325853675603876,0.2333135870099068,5,trapezoid_from_zero_normalized_by_max_fraction,True,correct,true_negative,medium,low,binary
cicids2017_binary,44,0,BENIGN,rid_c254878acf2095d116ef4e1ec50b5a7a,mlp,gradient_x_input,deletion,training_median,False,True,False,True,0,BENIGN,predicted_class_of_audited_model,0.999993185198946,0.0002842697494997,0.009720292040083223,0.0038337126111898626,0.00588657942889336,0.0004179656717688883,0.005067366712226339,0.0016155503010063816,0.008104741739076842,0.7951583862304688,0.44342490530014045,0.35173348689079276,5,trapezoid_from_zero_normalized_by_max_fraction,True,correct,true_negative,medium,low,binary
cicids2017_binary,44,0,BENIGN,rid_6d656ac569bb8cd6bcf80fd7d1186b92,mlp,gradient_x_input,deletion,training_median,False,False,True,True,1,ATTACK,predicted_class_of_audited_model,0.0004083578241989,0.000117273273645,-0.06557781125302427,-0.00979002686003632,-0.05578778439298794,0.0013976524557889655,-0.058527183206334314,-0.010147600762511899,-0.05543021049051237,0.3216319680213928,0.1367262308299541,0.18490572825074195,5,trapezoid_from_zero_normalized_by_max_fraction,False,error,false_positive,low,low,binary
cicids2017_binary,44,1,ATTACK,rid_42d35de314d0bd7e4b0b1c643c6768fe,mlp,gradient_x_input,deletion,training_median,False,True,False,True,1,ATTACK,predicted_class_of_audited_model,0.9999999403953552,0.9997088558448012,0.5465959645807743,0.5267952473292308,0.019800717251543566,0.024652725844526123,-0.028518625403727633,0.23531363058630614,0.31128233399446814,0.8086012601852417,0.6885674474239349,0.12003381276130679,5,trapezoid_from_zero_normalized_by_max_fraction,True,correct,true_positive,medium,high,binary
cicids2017_binary,44,0,BENIGN,rid_0245b92446477288d6bca37b54ef27a9,mlp,gradient_x_input,deletion,training_median,False,True,False,True,0,BENIGN,predicted_class_of_audited_model,0.999999671550313,0.0002907561008668,0.012987333082912757,0.001860457981909782,0.011126875101002973,0.00033407765731263933,0.0104720828926702,0.0007780617592301482,0.012209271323682607,0.5082522034645081,0.24108594919368626,0.267166269171983,5,trapezoid_from_zero_normalized_by_max_fraction,True,correct,true_negative,medium,low,binary
cicids2017_binary,44,0,BENIGN,rid_79fedbc6f1dc324932e51be4e75f485e,mlp,gradient_x_input,deletion,training_median,False,False,True,True,1,ATTACK,predicted_class_of_audited_model,0.004592134617269,0.0043010500667151,-0.02675572005100548,-0.1443828687412433,0.1176271486902378,0.019425456072657867,0.07955325478782838,-0.13809023829089426,0.11133451823988877,0.5189195871353149,0.3330653082728386,0.18585429674386975,5,trapezoid_from_zero_normalized_by_max_fraction,False,error,false_positive,low,medium,binary
cicids2017_binary,44,0,BENIGN,rid_d021845ac75432a27180d864be595ace,mlp,gradient_x_input,deletion,training_median,False,False,True,True,1,ATTACK,predicted_class_of_audited_model,0.0005138728301972,0.0002227882796433,-0.020203204972014534,-0.016008286775639875,-0.004194918196374657,0.0019509885573344152,-0.00801885576875011,-0.01223550633915503,-0.007967698632859503,0.3316631317138672,0.19765343955159187,0.1340096981227398,5,trapezoid_from_zero_normalized_by_max_fraction,False,error,false_positive,low,low,binary
cicids2017_binary,44,0,BENIGN,rid_8c2edcf72283b110e0a9e4e795fabd33,mlp,gradient_x_input,deletion,training_median,False,True,False,True,0,BENIGN,predicted_class_of_audited_model,0.9999999985253408,0.0002910830758946,5.960957117467914e-07,0.004193814441797265,-0.004193218346085518,0.002620254213567887,-0.009328916604678578,0.004668947415932859,-0.004668351320221111,0.6418116688728333,0.5272169668674469,0.11459467816352845,5,trapezoid_from_zero_normalized_by_max_fraction,True,correct,true_negative,medium,medium,binary
cicids2017_binary,44,0,BENIGN,rid_891bd4ae8887c18f4c7f24fd06d7494e,mlp,gradient_x_input,deletion,training_median,False,False,True,True,1,ATTACK,predicted_class_of_audited_model,0.0039975796826183,0.0037064951320644,-0.029293560789665204,-0.23814850860572184,0.20885494781605665,0.023505887106920476,0.16278340908649253,-0.1947632306200685,0.16546966983040332,0.29031458497047424,0.1629625244438648,0.12735205456614496,5,trapezoid_from_zero_normalized_by_max_fraction,False,error,false_positive,low,medium,binary
cicids2017_binary,44,0,BENIGN,rid_72b0c4f87c4b29674bff62560ead3526,mlp,gradient_x_input,deletion,training_median,False,False,True,True,1,ATTACK,predicted_class_of_audited_model,0.0003580583725124,6.697382195850003e-05,-0.012005733710248025,-0.00817961546104402,-0.0038261182492040024,0.0021857589265451122,-0.008110205745232421,-0.003525602671990302,-0.008480131038257722,0.7935552597045898,0.4525712822377682,0.340984007269144,5,trapezoid_from_zero_normalized_by_max_fraction,False,error,false_positive,low,low,binary
cicids2017_binary,44,0,BENIGN,rid_65f923945c25103d9e7e6401f8ca2bb9,mlp,gradient_x_input,deletion,training_median,False,True,False,True,0,BENIGN,predicted_class_of_audited_model,0.9999999649183736,0.0002910494689274,0.0006776875586197662,0.005248428748087735,-0.004570741189467969,0.001726292484650352,-0.007954274459382658,0.021301488399782697,-0.02062380084116293,1.30604887008667,0.8098975340127945,0.4961513003110885,5,trapezoid_from_zero_normalized_by_max_fraction,True,correct,true_negative,medium,medium,binary
cicids2017_binary,44,0,BENIGN,rid_e99a80a21c8b8189f4ac62358a0e6093,mlp,gradient_x_input,deletion,training_median,False,False,True,True,1,ATTACK,predicted_class_of_audited_model,0.0015704168472439,0.00127933229669,-0.0013004334643483162,-0.09024566351081739,0.08894523004646906,0.01628635448411545,0.057023975257602784,-0.07997131868122961,0.07867088521688129,0.2563377618789673,0.12925044583529233,0.12708732498437167,5,trapezoid_from_zero_normalized_by_max_fraction,False,error,false_positive,low,medium,binary
cicids2017_binary,44,0,BENIGN,rid_88f05a098aa34861d4a3c3d3eb62d0e0,mlp,gradient_x_input,deletion,training_median,False,False,True,True,1,ATTACK,predicted_class_of_audited_model,0.0091742305085062,0.0088831459579523,-0.07210438470356167,-0.17265852956984257,0.10055414486628089,0.021130226635114924,0.05913890066145564,-0.19170438803050557,0.11960000332694391,0.5434378385543823,0.32489812445640565,0.21853969621658326,5,trapezoid_from_zero_normalized_by_max_fraction,False,error,false_positive,low,medium,binary
cicids2017_binary,44,0,BENIGN,rid_9c1fb08eebfa9c131152c6f3bf7afc3f,mlp,gradient_x_input,deletion,training_median,False,True,False,True,0,BENIGN,predicted_class_of_audited_model,0.9999972757059368,0.0002883602564906,2.0684005728810466e-05,0.05823869273473005,-0.05821800872900124,0.012518645131641581,-0.08275455318701874,0.028375003139047013,-0.0283543191333182,0.5737674832344055,0.3569783203601837,0.2167891211509705,5,trapezoid_from_zero_normalized_by_max_fraction,True,correct,true_negative,medium,low,binary
cicids2017_binary,44,0,BENIGN,rid_910aad19325cd4ccae3f06fa19ad59ec,mlp,gradient_x_input,deletion,training_median,False,False,True,True,1,ATTACK,predicted_class_of_audited_model,0.0028202780522406,0.0025291935016867,0.001178928885201458,-0.02337205482922158,0.02455098371442304,0.007085400437554459,0.0106635988568163,-0.030810417955546832,0.03198934684074829,0.42489510774612427,0.3286387671232223,0.0962563465833664,5,trapezoid_from_zero_normalized_by_max_fraction,False,error,false_positive,low,medium,binary
cicids2017_binary,44,0,BENIGN,rid_163d5aaa7ae1b43503165861ed565cf1,mlp,gradient_x_input,deletion,training_median,False,False,True,True,1,ATTACK,predicted_class_of_audited_model,0.0007013759459368,0.0004102913953829,-0.5854549491283251,-0.07797518341427985,-0.5074797657140453,0.012301913926544342,-0.5315915170100722,-0.08369613373220933,-0.5017588153961158,0.3663301169872284,0.1837654685229063,0.18256465144455433,5,trapezoid_from_zero_normalized_by_max_fraction,False,error,false_positive,low,medium,binary
cicids2017_binary,44,0,BENIGN,rid_14bb75df2d40ea1abddc3c3512ecc903,mlp,gradient_x_input,deletion,training_median,False,False,True,True,1,ATTACK,predicted_class_of_audited_model,0.0005071140476502,0.0002160294970963,-0.0014422696954413004,-0.047174607245125545,0.04573233754968424,0.011371356398670884,0.023444479008289307,-0.06717726564993061,0.0657349959544893,0.6509166359901428,0.4211176781654358,0.22979893398284915,5,trapezoid_from_zero_normalized_by_max_fraction,False,error,false_positive,low,low,binary
cicids2017_binary,44,0,BENIGN,rid_f138e3a9b4b250f23e40123e1477450b,mlp,gradient_x_input,deletion,training_median,False,True,False,True,0,BENIGN,predicted_class_of_audited_model,0.9999582702475892,0.0002493547981429,0.005658074220809794,0.002848715626550198,0.0028093585942595965,0.0004823358344619434,0.0018639803587141874,0.0013766086649902452,0.00428146555581955,0.9853217005729675,0.5450763594210148,0.44024533519148823,5,trapezoid_from_zero_normalized_by_max_fraction,True,correct,true_negative,medium,low,binary
cicids2017_binary,44,0,BENIGN,rid_a32ff0677222d2bce5d6b01192700873,mlp,gradient_x_input,deletion,training_median,False,False,True,True,1,ATTACK,predicted_class_of_audited_model,0.0003884530742652,9.73685237113e-05,-0.035663955639756745,-0.03836764259439133,0.0027036869546345783,0.006413105525064042,-0.009865999874490943,-0.030156092674244288,-0.005507862965512459,0.3707698881626129,0.22719719651341436,0.1435726737678051,5,trapezoid_from_zero_normalized_by_max_fraction,False,error,false_positive,low,low,binary
cicids2017_binary,44,0,BENIGN,rid_1d61d54b178ff469827d373bf512516f,mlp,gradient_x_input,deletion,training_median,False,False,True,True,1,ATTACK,predicted_class_of_audited_model,0.347438782453537,0.3471476979029831,0.32269781902450634,0.05806816308246303,0.2646296559420433,0.023960652554731933,0.2176667769347687,-0.028245925361370473,0.3509437443858768,0.3960661292076111,0.2964238953888417,0.09964222189784049,5,trapezoid_from_zero_normalized_by_max_fraction,False,error,false_positive,low,medium,binary
cicids2017_binary,44,0,BENIGN,rid_5870264528ae74ee59f50b946b4f3dc1,mlp,gradient_x_input,deletion,training_median,False,True,False,True,0,BENIGN,predicted_class_of_audited_model,0.9999944527380648,0.0002855372886187,0.015092939500891588,0.004074047658534961,0.011018891842356628,0.0006464236706889251,0.009751901447806336,0.0011118217299014017,0.013981117770990186,0.7508527636528015,0.3354702272564173,0.41538252149522303,5,trapezoid_from_zero_normalized_by_max_fraction,True,correct,true_negative,medium,low,binary
cicids2017_binary,44,0,BENIGN,rid_ac6d6433f74344218b407ac259d826d2,mlp,gradient_x_input,deletion,training_median,False,False,True,True,1,ATTACK,predicted_class_of_audited_model,0.0029926248826086,0.0027015403320547,-0.015432428374788289,-0.09371380480861882,0.07828137643383054,0.014443203668505412,0.04997269724355993,-0.09234505907394122,0.07691263069915294,0.9678658246994019,0.9146923698186875,0.05317355024814605,5,trapezoid_from_zero_normalized_by_max_fraction,False,error,false_positive,low,medium,binary
cicids2017_binary,44,0,BENIGN,rid_56fc9d5d0b73a6864ebf67eff76c51dd,mlp,gradient_x_input,deletion,training_median,False,False,True,True,1,ATTACK,predicted_class_of_audited_model,0.0004329042276367,0.0001418196770828,-0.01605639932095073,-0.01483422992997102,-0.0012221693909797127,0.002332440034680789,-0.005793751858954059,-0.007744305779299902,-0.00831209354165083,0.66850745677948,0.3848481567203998,0.28365931198000915,5,trapezoid_from_zero_normalized_by_max_fraction,False,error,false_positive,low,low,binary
cicids2017_binary,44,0,BENIGN,rid_35dc41a5d6be4e97b00a2db556f849ac,mlp,gradient_x_input,deletion,training_median,False,False,True,True,1,ATTACK,predicted_class_of_audited_model,0.0005933922366239,0.00030230768607,-0.32653939732408616,-0.25261931465649523,-0.0739200826675909,0.02571886229607425,-0.12432905276789644,-0.13481510812559566,-0.1917242891984905,1.0153979063034058,0.6883073710799217,0.32709051138162615,5,trapezoid_from_zero_normalized_by_max_fraction,False,error,false_positive,low,medium,binary
cicids2017_binary,44,0,BENIGN,rid_908a4e469749d3cbc6ae1b43827a2c56,mlp,gradient_x_input,deletion,training_median,False,True,False,True,0,BENIGN,predicted_class_of_audited_model,0.9997501781908796,4.126274143349996e-05,0.0128780999511946,0.006031781956128177,0.006846317995066424,0.0011759230458983428,0.004541508825105673,0.0030971966218427166,0.009780903329351883,1.040254831314087,0.5110047631859779,0.529250068128109,5,trapezoid_from_zero_normalized_by_max_fraction,True,correct,true_negative,medium,low,binary
cicids2017_binary,44,0,BENIGN,rid_18d17511d05d54af87c1576049105477,mlp,gradient_x_input,deletion,training_median,False,True,False,True,0,BENIGN,predicted_class_of_audited_model,0.9999999999999948,0.0002910845505488,0.00011220181478476256,0.006473929342625275,-0.006361727527840513,0.0038801980531747004,-0.013966915712062926,0.0017400965563014205,-0.001627894741516658,1.2330162525177002,0.8877219965457916,0.345294136762619,5,trapezoid_from_zero_normalized_by_max_fraction,True,correct,true_negative,medium,medium,binary
cicids2017_binary,44,0,BENIGN,rid_fc754ff8c24b15f5648c0e4e26017ea9,mlp,gradient_x_input,deletion,training_median,False,True,False,True,0,BENIGN,predicted_class_of_audited_model,0.9999878436319704,0.0002789281825243,0.024679812080466944,0.00798359437440483,0.016696217706062114,0.0013068736999415416,0.014134745254176692,0.0024310694532803296,0.022248742627186617,0.6132268905639648,0.3388873305618763,0.2743395242393017,5,trapezoid_from_zero_normalized_by_max_fraction,True,correct,true_negative,medium,low,binary
cicids2017_binary,44,0,BENIGN,rid_69003d192edf4f7e94b5d8b3ad4d8ec2,mlp,gradient_x_input,deletion,training_median,False,False,True,True,1,ATTACK,predicted_class_of_audited_model,0.0021304285619407,0.0018393440113867,-0.09367910461733117,-0.2108547393130502,0.11717563469571907,0.02401936768119283,0.07009767404058112,-0.1223346473359343,0.028655542718603103,0.420034795999527,0.2075342996045947,0.21250049341470004,5,trapezoid_from_zero_normalized_by_max_fraction,False,error,false_positive,low,medium,binary
cicids2017_binary,44,0,BENIGN,rid_9b41f77b3dd1aa90b22266dad1ae3f9c,mlp,gradient_x_input,deletion,training_median,False,True,False,True,0,BENIGN,predicted_class_of_audited_model,0.999939544348308,0.000230628898862,-5.511563501623406e-05,0.08770919872443725,-0.08776431435945348,0.015181540555345723,-0.11752013384793109,0.06508839383254206,-0.0651435094675583,0.8755819201469421,0.5448684373497963,0.33071343511343,5,trapezoid_from_zero_normalized_by_max_fraction,True,correct,true_negative,medium,low,binary
cicids2017_binary,44,0,BENIGN,rid_4b045d983a0797d59c1ddc6aa98710fa,mlp,gradient_x_input,deletion,training_median,False,False,True,True,1,ATTACK,predicted_class_of_audited_model,0.0011923946440219,0.000901310093468,2.7365305868443047e-05,-0.04431219366583877,0.04433955897170721,0.011313955230032655,0.022164206720843207,-0.1133188715844026,0.11334623689027103,0.4333183169364929,0.3022409281730652,0.1310773947238922,5,trapezoid_from_zero_normalized_by_max_fraction,False,error,false_positive,low,medium,binary
cicids2017_binary,44,0,BENIGN,rid_a6272edca821288ba745068ac8edfd2c,mlp,gradient_x_input,deletion,training_median,False,True,False,True,0,BENIGN,predicted_class_of_audited_model,0.9999613857653458,0.0002524703158996,0.021456168747681657,0.0058713013179178195,0.015584867429763838,0.0009118685441434618,0.013797605083242653,0.0029177103547453915,0.018538458392936268,0.725357174873352,0.38413145855069164,0.34122573420405383,5,trapezoid_from_zero_normalized_by_max_fraction,True,correct,true_negative,medium,low,binary
cicids2017_binary,44,0,BENIGN,rid_031794b4b965153e2426d130626d5617,mlp,gradient_x_input,deletion,training_median,False,False,True,True,1,ATTACK,predicted_class_of_audited_model,0.0003096944128628,1.860986230890001e-05,0.00012958196093376117,-0.04408838200151208,0.044217963962445844,0.010740478855174162,0.023166625406304486,-0.07021227413715417,0.07034185609808793,0.9545911550521851,0.595069584429264,0.3595215885043145,5,trapezoid_from_zero_normalized_by_max_fraction,False,error,false_positive,low,low,binary
cicids2017_binary,44,0,BENIGN,rid_adc8f6f4a376e2ef822685b27a989789,mlp,gradient_x_input,deletion,training_median,False,False,True,True,1,ATTACK,predicted_class_of_audited_model,0.0004828543460462,0.0001917697954923,-0.0011952117685723352,-0.066828422435007,0.06563321066643468,0.012253465638521832,0.04161641801493189,-0.11357930555914225,0.11238409379056992,1.1148430109024048,0.9345249750614165,0.18031805968284603,5,trapezoid_from_zero_normalized_by_max_fraction,False,error,false_positive,low,low,binary
cicids2017_binary,44,0,BENIGN,rid_b84cb111b2519ade4441742284f579ee,mlp,gradient_x_input,deletion,training_median,False,False,True,True,1,ATTACK,predicted_class_of_audited_model,0.0011248463997617,0.0008337618492077,-0.02565503419018569,-0.33651309932353357,0.3108580651333479,0.027779941700048064,0.2564093794012537,-0.14655092622276242,0.12089589203257674,0.9553413391113281,0.6488046429753304,0.30653672593832015,5,trapezoid_from_zero_normalized_by_max_fraction,False,error,false_positive,low,medium,binary
cicids2017_binary,44,0,BENIGN,rid_61e1d432afb51b03effb5675fafdab08,mlp,gradient_x_input,deletion,training_median,False,True,False,True,0,BENIGN,predicted_class_of_audited_model,0.9999982913365102,0.000289375887064,0.009258353961371313,0.0020160261167214487,0.007242327844649865,0.00037377811460079257,0.006509722740032311,0.0009714924035868861,0.008286861557784428,0.626257061958313,0.26026629469543694,0.3659908209070563,5,trapezoid_from_zero_normalized_by_max_fraction,True,correct,true_negative,medium,low,binary
cicids2017_binary,44,0,BENIGN,rid_3b525886eff99a3fe6b4e2782bfac862,mlp,gradient_x_input,deletion,training_median,False,False,True,True,1,ATTACK,predicted_class_of_audited_model,0.0010391244431957,0.0007480398926417,-0.0018483646227196004,-0.03884842896066766,0.03700006433794806,0.00895384013007116,0.019450537683008584,-0.041053443255073485,0.03920507863235388,0.3579760789871216,0.2230363780260086,0.134939700961113,5,trapezoid_from_zero_normalized_by_max_fraction,False,error,false_positive,low,medium,binary
cicids2017_binary,44,0,BENIGN,rid_903bd69a5211546ffe4da4bf48d2b4a0,mlp,gradient_x_input,deletion,training_median,False,False,True,True,1,ATTACK,predicted_class_of_audited_model,0.0066191051155328,0.0063280205649789,-0.04489168720319867,-0.10526664655417758,0.060374959350978905,0.01653868294522759,0.02795914077833283,-0.1535576608748236,0.10866597367162491,0.48423948884010315,0.28154441583156586,0.20269506108760832,5,trapezoid_from_zero_normalized_by_max_fraction,False,error,false_positive,low,medium,binary
cicids2017_binary,44,0,BENIGN,rid_ed112db88bbcd3ee48997c67275488fa,mlp,gradient_x_input,deletion,training_median,False,False,True,True,1,ATTACK,predicted_class_of_audited_model,0.0045306179672479,0.004239533416694,-0.020214227586984632,-0.17128874607462075,0.15107451848763612,0.02314883820872634,0.10570279559853249,-0.08477711465548321,0.06456288706849858,1.3674224615097046,0.8725176507234573,0.49490484654903416,5,trapezoid_from_zero_normalized_by_max_fraction,False,error,false_positive,low,medium,binary
cicids2017_binary,44,0,BENIGN,rid_2d02d4186b0e6dccd02234615a0b18ce,mlp,gradient_x_input,deletion,training_median,False,True,False,True,0,BENIGN,predicted_class_of_audited_model,0.9999999433073476,0.0002910278579015,0.007838653652362203,0.0013668322660277282,0.006471821386334476,0.000212067009871242,0.006056170046986841,0.0007059396376867962,0.0071327140146754085,0.4591047167778015,0.20780931724607946,0.2512954561561346,5,trapezoid_from_zero_normalized_by_max_fraction,True,correct,true_negative,medium,medium,binary
cicids2017_binary,44,0,BENIGN,rid_fd63f0d612c9f090f6e0e49dbcb1ea88,mlp,gradient_x_input,deletion,training_median,False,False,True,True,1,ATTACK,predicted_class_of_audited_model,0.0005201856256462,0.0002291010750923,-0.0006629199467170111,-0.01913662166629905,0.018473701719582042,0.004668452171633991,0.00932353546317942,-0.02801838933511035,0.02735546938839334,1.3033300638198853,1.0148521625995635,0.2884779727458954,5,trapezoid_from_zero_normalized_by_max_fraction,False,error,false_positive,low,low,binary
cicids2017_binary,44,0,BENIGN,rid_22b64a1fbb73d7db4f5292deebd20dca,mlp,gradient_x_input,deletion,training_median,False,False,True,True,1,ATTACK,predicted_class_of_audited_model,0.0003127269446849,2.164239413100002e-05,-0.03719858415424824,-0.017601208322806622,-0.019597375831441614,0.0034152781163112674,-0.026291320939411698,-0.004789597843501013,-0.03240898631074722,0.8119525909423828,0.5783878549933432,0.23356467634439468,5,trapezoid_from_zero_normalized_by_max_fraction,False,error,false_positive,low,low,binary
cicids2017_binary,44,0,BENIGN,rid_0c91f6302864f78d143216883eb0bdfe,mlp,gradient_x_input,deletion,training_median,False,False,True,True,1,ATTACK,predicted_class_of_audited_model,0.0003702004032675,7.911585271360002e-05,-0.01229250023752684,-0.012558037953213565,0.0002655377156867266,0.0023214351584412546,-0.0042844751948581325,-0.0037756879628677367,-0.008516812274659101,0.6298691034317017,0.4319969322383404,0.19787214139103887,5,trapezoid_from_zero_normalized_by_max_fraction,False,error,false_positive,low,low,binary
cicids2017_binary,44,1,ATTACK,rid_41d6a454392d5761ead8b728a85a91e7,mlp,gradient_x_input,deletion,training_median,False,True,False,True,1,ATTACK,predicted_class_of_audited_model,0.9999000430107116,0.9996089584601576,0.9498235708871465,0.5317980604632868,0.4180255104238598,0.02754722241117273,0.36403295449796125,0.3814376396429009,0.5683859312442456,5.982646465301514,4.849150181770325,1.1334967126846311,5,trapezoid_from_zero_normalized_by_max_fraction,True,correct,true_positive,medium,high,binary
cicids2017_binary,44,1,ATTACK,rid_e66bf801b75b3c01cf88b3814442f25e,mlp,gradient_x_input,deletion,training_median,False,True,False,True,1,ATTACK,predicted_class_of_audited_model,1.0,0.999708915449446,0.1735231786966324,0.37776662881504247,-0.2042434501184101,0.026365346825817187,-0.2559195298970118,0.3472643603116896,-0.1737411816150572,1.4852298498153687,1.8255384432673452,-0.3403085517287254,5,trapezoid_from_zero_normalized_by_max_fraction,True,correct,true_positive,high,high,binary
cicids2017_binary,44,1,ATTACK,rid_d59f7c0203a9670a00dcac4674a92bea,mlp,gradient_x_input,deletion,training_median,False,True,False,True,1,ATTACK,predicted_class_of_audited_model,1.0,0.999708915449446,0.1722252458333969,0.28976106368515514,-0.11753581785175822,0.025545090146376553,-0.16760419453865627,0.3258845141856819,-0.15365926835228497,1.484065294265747,1.7509443597793577,-0.26687903571128846,5,trapezoid_from_zero_normalized_by_max_fraction,True,correct,true_positive,high,high,binary
cicids2017_binary,44,1,ATTACK,rid_043f92e873111ba870b05b87f34e986d,mlp,gradient_x_input,deletion,training_median,False,False,True,False,0,BENIGN,predicted_class_of_audited_model,1.0,0.0002910845505539,0.002406953798474199,0.15212936257200171,-0.1497224087735275,0.021175231087495156,-0.19122586170501799,0.030106476758117423,-0.027699522959643223,32.71501541137695,14.519469554901121,18.195546237945557,5,trapezoid_from_zero_normalized_by_max_fraction,False,error,false_negative,high,medium,binary
cicids2017_binary,44,1,ATTACK,rid_aba5c9069424ffa42d9e26d3e5a932ff,mlp,gradient_x_input,deletion,training_median,False,True,False,True,1,ATTACK,predicted_class_of_audited_model,1.0,0.999708915449446,2.384185791015625e-07,0.1390733528745828,-0.1390731144560037,0.019682416139470117,-0.17765065008936515,0.2113729000179072,-0.2113726615993281,0.980068564414978,1.2632740168571472,-0.28320539283752444,5,trapezoid_from_zero_normalized_by_max_fraction,True,correct,true_positive,high,high,binary
cicids2017_binary,44,1,ATTACK,rid_1a100691e84152ac1ba9104a7a2251ab,mlp,gradient_x_input,deletion,training_median,False,True,False,True,1,ATTACK,predicted_class_of_audited_model,0.9989810585975648,0.9986899740470108,0.8736431357479887,0.4592526544250538,0.41439048132293493,0.02810597744053743,0.3593027655394816,0.3006202842624478,0.5730228514855409,1.012018084526062,0.5140784671008587,0.4979396055042744,5,trapezoid_from_zero_normalized_by_max_fraction,True,correct,true_positive,medium,high,binary
cicids2017_binary,44,1,ATTACK,rid_b485f5911e9b82364e86a91f5595fae7,mlp,gradient_x_input,deletion,training_median,False,True,False,True,1,ATTACK,predicted_class_of_audited_model,0.999999463558197,0.9997083790076432,0.8560821080673122,0.5353856319369836,0.3206964761303285,0.02438555687453846,0.2729007846562331,0.2520440454074566,0.6040380626598556,1.386493444442749,1.2535502626895902,0.13294315791130065,5,trapezoid_from_zero_normalized_by_max_fraction,True,correct,true_positive,medium,high,binary
cicids2017_binary,44,1,ATTACK,rid_393feb2e851e739937273bb31513172c,mlp,gradient_x_input,deletion,training_median,False,False,True,False,0,BENIGN,predicted_class_of_audited_model,0.999999994808516,0.0002910793590697,0.10012286989774413,0.15435674743554104,-0.05423387753779692,0.01780881801058503,-0.08913916083854358,0.19627005890743532,-0.09614718900969116,3.911590576171875,2.1682496379613876,1.743341033577919,5,trapezoid_from_zero_normalized_by_max_fraction,False,error,false_negative,medium,medium,binary
cicids2017_binary,44,1,ATTACK,rid_e35698b68db40242ffebecd001af78d6,mlp,gradient_x_input,deletion,training_median,False,True,False,True,1,ATTACK,predicted_class_of_audited_model,0.8820112943649292,0.8817202098143753,0.7936585784718546,0.4645786325677377,0.3290799459041168,0.025173794149125572,0.2797393093718307,0.31293410810352335,0.48072447036833116,3.336840867996216,3.030380650997162,0.3064600501060486,5,trapezoid_from_zero_normalized_by_max_fraction,True,correct,true_positive,low,high,binary
cicids2017_binary,44,1,ATTACK,rid_4898ca22cb7774a2d70b972769ec564b,mlp,gradient_x_input,deletion,training_median,False,True,False,True,1,ATTACK,predicted_class_of_audited_model,1.0,0.999708915449446,4.76837158203125e-08,0.1962868608838488,-0.196286813200133,0.022985661213774027,-0.24133870917913008,0.23684013535696982,-0.236840087673254,1.0743435621261597,1.2961753382682801,-0.2218317403793335,5,trapezoid_from_zero_normalized_by_max_fraction,True,correct,true_positive,high,high,binary
cicids2017_binary,44,1,ATTACK,rid_9c4ca9c523696359bfb19650cc092759,mlp,gradient_x_input,deletion,training_median,False,False,True,False,0,BENIGN,predicted_class_of_audited_model,0.9999975309310684,0.0002886154816223,0.5018620778177023,0.10535352607247042,0.3965085517452319,0.017753934199084692,0.3617108407150259,0.05948103491871272,0.4423810428989896,2.6945974826812744,2.3264252359867097,0.3681723420619964,5,trapezoid_from_zero_normalized_by_max_fraction,False,error,false_negative,medium,low,binary
cicids2017_binary,44,1,ATTACK,rid_ab7319b35e524962d709498b8897b1d6,mlp,gradient_x_input,deletion,training_median,False,True,False,True,1,ATTACK,predicted_class_of_audited_model,1.0,0.999708915449446,0.0,0.03914090744650767,-0.03914090744650767,0.011447260605296331,-0.061577538232888474,0.14065782626845985,-0.14065782626845985,0.25890564918518066,0.28904340534051876,-0.030137750381138174,5,trapezoid_from_zero_normalized_by_max_fraction,True,correct,true_positive,high,high,binary
cicids2017_binary,44,1,ATTACK,rid_26b4a0393cb2d686df1b32c8cded3309,mlp,gradient_x_input,deletion,training_median,False,True,False,True,1,ATTACK,predicted_class_of_audited_model,1.0,0.999708915449446,0.0,0.018873155938461422,-0.018873155938461422,0.00761572145408937,-0.03379996998847659,0.14552511791356124,-0.14552511791356124,0.22294893860816956,0.20697025617025794,0.01597866660542786,5,trapezoid_from_zero_normalized_by_max_fraction,True,correct,true_positive,high,high,binary
cicids2017_binary,44,1,ATTACK,rid_dde631c3b2b39fb93fd51d3ae412fc2d,mlp,gradient_x_input,deletion,training_median,False,True,False,True,1,ATTACK,predicted_class_of_audited_model,1.0,0.999708915449446,0.0,0.007284462761657777,-0.007284462761657777,0.006055146995179401,-0.019152550872209403,0.09945923626664291,-0.09945923626664291,0.3672054708003998,0.35250764931552114,0.014697844209149482,5,trapezoid_from_zero_normalized_by_max_fraction,True,correct,true_positive,high,high,binary
cicids2017_binary,44,1,ATTACK,rid_d75d06afa79953a870b8739a5530e021,mlp,gradient_x_input,deletion,training_median,False,True,False,True,1,ATTACK,predicted_class_of_audited_model,1.0,0.999708915449446,0.0,0.016518307596445084,-0.016518307596445084,0.007495522245753061,-0.031209531198121084,0.10648615188048072,-0.10648615188048072,0.2681078612804413,0.2329199992343783,0.03518787638843059,5,trapezoid_from_zero_normalized_by_max_fraction,True,correct,true_positive,high,high,binary
cicids2017_binary,44,1,ATTACK,rid_f97e39945151211041ca7c88c3bf6047,mlp,gradient_x_input,deletion,training_median,False,True,False,True,1,ATTACK,predicted_class_of_audited_model,1.0,0.999708915449446,0.0,0.008745118309278042,-0.008745118309278042,0.005413252302972059,-0.019355092823103277,0.13095956305155565,-0.13095956305155565,0.2655758559703827,0.23227061502262952,0.0333052597604692,5,trapezoid_from_zero_normalized_by_max_fraction,True,correct,true_positive,high,high,binary
cicids2017_binary,44,1,ATTACK,rid_666198206aa3c95f127beb9fc306282d,mlp,gradient_x_input,deletion,training_median,False,True,False,True,1,ATTACK,predicted_class_of_audited_model,1.0,0.999708915449446,1.1920928955078126e-08,0.0605079342653953,-0.06050792234446635,0.01432408137182787,-0.08858312183324897,0.11774356990405908,-0.11774355798313013,0.2980286478996277,0.28838641797238956,0.009642251301091165,5,trapezoid_from_zero_normalized_by_max_fraction,True,correct,true_positive,high,high,binary
cicids2017_binary,44,1,ATTACK,rid_3f02f30285a85dc96f59c874926c2dc9,mlp,gradient_x_input,deletion,training_median,False,True,False,True,1,ATTACK,predicted_class_of_audited_model,1.0,0.999708915449446,0.0,0.0413355471349912,-0.0413355471349912,0.012198342569006265,-0.06524429857024347,0.13424587452397602,-0.13424587452397602,0.24386239051818848,0.2881862094989046,-0.04432382624503225,5,trapezoid_from_zero_normalized_by_max_fraction,True,correct,true_positive,high,high,binary
cicids2017_binary,44,0,BENIGN,rid_75bc9e02ec11feca1dff1bbf7e5261f7,mlp,gradient_x_input,deletion,training_median,False,False,True,True,1,ATTACK,predicted_class_of_audited_model,0.0027367228176444,0.0024456382670905,-0.015310712567429618,-0.157990615096778,0.1426799025293484,0.019654013676691232,0.10415803572303359,-0.11609039913801794,0.10077968657058833,7.618791103363037,5.823868650436402,1.7949227390289302,5,trapezoid_from_zero_normalized_by_max_fraction,False,error,false_positive,low,medium,binary
cicids2017_binary,44,1,ATTACK,rid_c02f723f320337c7f0a94ea8469d1e83,mlp,gradient_x_input,deletion,training_median,False,True,False,True,1,ATTACK,predicted_class_of_audited_model,1.0,0.999708915449446,0.0,0.08374856062084199,-0.08374856062084199,0.015674083879704735,-0.11446976502506327,0.19277323782635644,-0.19277323782635644,0.2704950273036957,0.29784607728011914,-0.02735103637911379,5,trapezoid_from_zero_normalized_by_max_fraction,True,correct,true_positive,high,high,binary
cicids2017_binary,44,1,ATTACK,rid_05c3478451daa92b02e8d446d2a54112,mlp,gradient_x_input,deletion,training_median,False,True,False,True,1,ATTACK,predicted_class_of_audited_model,1.0,0.999708915449446,1.1920928955078125e-07,0.00020766973495483398,-0.0002075505256652832,0.0001097504119958908,-0.00042266133317722914,0.12532808960618086,-0.1253279703968913,0.33957695960998535,0.2603706679875031,0.07920630093570799,5,trapezoid_from_zero_normalized_by_max_fraction,True,correct,true_positive,high,high,binary
cicids2017_binary,44,1,ATTACK,rid_5b3d2cd30dc1c857b86295a60c0f4418,mlp,gradient_x_input,deletion,training_median,False,True,False,True,1,ATTACK,predicted_class_of_audited_model,1.0,0.999708915449446,0.0,0.014463974952697753,-0.014463974952697753,0.006899703710933792,-0.027987394226127983,0.10098648269346429,-0.10098648269346429,0.29792720079421997,0.25985081800911575,0.038076374356634926,5,trapezoid_from_zero_normalized_by_max_fraction,True,correct,true_positive,high,high,binary
cicids2017_binary,44,1,ATTACK,rid_f328bc466c0a63e9bf5c684e9ce2e2f1,mlp,gradient_x_input,deletion,training_median,False,True,False,True,1,ATTACK,predicted_class_of_audited_model,1.0,0.999708915449446,0.00044951438903808596,0.07309267480834716,-0.07264316041930909,0.01693840883057766,-0.1058424417272413,0.1438303680976344,-0.1433808537085963,0.2512386441230774,0.29342662796005603,-0.0421880036741495,5,trapezoid_from_zero_normalized_by_max_fraction,True,correct,true_positive,high,high,binary
cicids2017_binary,44,1,ATTACK,rid_d8362325d829d5637c64d4477d0709c8,mlp,gradient_x_input,deletion,training_median,False,True,False,True,1,ATTACK,predicted_class_of_audited_model,1.0,0.999708915449446,1.049041748046875e-06,0.03844490778271574,-0.0384438587409677,0.011115775367973488,-0.06023077846219574,0.08322747509067879,-0.08322642604893074,0.3304823040962219,0.3096915450631641,0.020790743200574068,5,trapezoid_from_zero_normalized_by_max_fraction,True,correct,true_positive,high,high,binary
cicids2017_binary,44,1,ATTACK,rid_a61766c41ad71fbb37dc33d6bd0e0302,mlp,gradient_x_input,deletion,training_median,False,True,False,True,1,ATTACK,predicted_class_of_audited_model,1.0,0.999708915449446,0.0,0.05978142265207134,-0.05978142265207134,0.014827931660106375,-0.08884416870587983,0.12542731133897597,-0.12542731133897597,0.2864144444465637,0.29074012974649666,-0.004325697779655436,5,trapezoid_from_zero_normalized_by_max_fraction,True,correct,true_positive,high,high,binary
cicids2017_binary,44,1,ATTACK,rid_f7112281a5a3040a01ee53fe375feeb9,mlp,gradient_x_input,deletion,training_median,False,True,False,True,1,ATTACK,predicted_class_of_audited_model,1.0,0.999708915449446,0.0007011473178863525,0.05662817511404864,-0.05592702779616229,0.01377425724893048,-0.08292457200406603,0.21984323045514206,-0.2191420831372557,0.27048271894454956,0.22594578436389567,0.04453695395216347,5,trapezoid_from_zero_normalized_by_max_fraction,True,correct,true_positive,high,high,binary
cicids2017_binary,44,1,ATTACK,rid_13a3f5ac56ebe1a52e48bb843238a066,mlp,gradient_x_input,deletion,training_median,False,True,False,True,1,ATTACK,predicted_class_of_audited_model,1.0,0.999708915449446,0.0,0.03831951405238214,-0.03831951405238214,0.011692623687327815,-0.06123705647954465,0.1652456448615009,-0.1652456448615009,0.24187572300434113,0.27625894188508393,-0.03438323545828461,5,trapezoid_from_zero_normalized_by_max_fraction,True,correct,true_positive,high,high,binary
cicids2017_binary,44,1,ATTACK,rid_0a4d9b60412fae19c4de819e99365911,mlp,gradient_x_input,deletion,training_median,False,True,False,True,1,ATTACK,predicted_class_of_audited_model,1.0,0.999708915449446,0.0,0.011938073694705963,-0.011938073694705963,0.005365210481147974,-0.022453886237755995,0.0876690860295556,-0.0876690860295556,0.2679070234298706,0.23392518565244974,0.03398183982633054,5,trapezoid_from_zero_normalized_by_max_fraction,True,correct,true_positive,high,high,binary
cicids2017_binary,44,1,ATTACK,rid_c719fd9e42b5616c5fa087359e8b2df3,mlp,gradient_x_input,deletion,training_median,False,True,False,True,1,ATTACK,predicted_class_of_audited_model,1.0,0.999708915449446,3.576278686523438e-08,0.02183229285478592,-0.021832257091999055,0.008765123745183139,-0.03901189963255801,0.10520432216706455,-0.10520428640427767,0.37495914101600647,0.28520011239685117,0.08975902601145207,5,trapezoid_from_zero_normalized_by_max_fraction,True,correct,true_positive,high,high,binary
cicids2017_binary,44,1,ATTACK,rid_ae610b230d533d754b37fb1431e6c44f,mlp,gradient_x_input,deletion,training_median,False,True,False,True,1,ATTACK,predicted_class_of_audited_model,1.0,0.999708915449446,4.1723251342773435e-08,0.01811905038140717,-0.01811900865815583,0.007375257817806392,-0.03257451398105636,0.15027306067670193,-0.1502730189534506,0.35947364568710327,0.36893331430852416,-0.009459662288427342,5,trapezoid_from_zero_normalized_by_max_fraction,True,correct,true_positive,high,high,binary
cicids2017_binary,44,1,ATTACK,rid_5276158cceb8b8c07dfdb41890e79e30,mlp,gradient_x_input,deletion,training_median,False,True,False,True,1,ATTACK,predicted_class_of_audited_model,1.0,0.999708915449446,0.008054488897323608,0.19123723866073977,-0.18318274976341614,0.023482027818518995,-0.22920752428771338,0.24699364266977974,-0.23893915377245617,0.25368532538414,0.27959273239877075,-0.025907391089014704,5,trapezoid_from_zero_normalized_by_max_fraction,True,correct,true_positive,high,high,binary
cicids2017_binary,44,1,ATTACK,rid_ad702444e771164796373bc7735b5f5e,mlp,gradient_x_input,deletion,training_median,False,True,False,True,1,ATTACK,predicted_class_of_audited_model,1.0,0.999708915449446,0.0,0.0276476817112416,-0.0276476817112416,0.010283128120371637,-0.04780261282717001,0.10042297639600598,-0.10042297639600598,0.2713751792907715,0.2630008027274161,0.008374383082613351,5,trapezoid_from_zero_normalized_by_max_fraction,True,correct,true_positive,high,high,binary
cicids2017_binary,44,1,ATTACK,rid_37e1733da0b4e334956a54967482805e,mlp,gradient_x_input,deletion,training_median,False,True,False,True,1,ATTACK,predicted_class_of_audited_model,1.0,0.999708915449446,4.76837158203125e-08,0.025376893091946837,-0.025376845408231017,0.00964726941474934,-0.044285493461139726,0.14514638279612788,-0.14514633511241204,0.21683473885059357,0.21253698550257832,0.004297755490057171,5,trapezoid_from_zero_normalized_by_max_fraction,True,correct,true_positive,high,high,binary
cicids2017_binary,44,1,ATTACK,rid_1831bd15f1919f5ab9d6eed6b8347fea,mlp,gradient_x_input,deletion,training_median,False,True,False,True,1,ATTACK,predicted_class_of_audited_model,1.0,0.999708915449446,0.0,0.020284010189119725,-0.020284010189119725,0.0088309845218167,-0.037592739851880455,0.12281336908766054,-0.12281336908766054,0.26975885033607483,0.24231679718289528,0.027442041791044182,5,trapezoid_from_zero_normalized_by_max_fraction,True,correct,true_positive,high,high,binary
cicids2017_binary,44,1,ATTACK,rid_777cf2496182acd8bf8091580fb25e8c,mlp,gradient_x_input,deletion,training_median,False,True,False,True,1,ATTACK,predicted_class_of_audited_model,1.0,0.999708915449446,0.0,0.06346350869152229,-0.06346350869152229,0.014598359581412354,-0.0920762934710905,0.15805401834502367,-0.15805401834502367,0.27048900723457336,0.289470273855608,-0.018981261964421715,5,trapezoid_from_zero_normalized_by_max_fraction,True,correct,true_positive,high,high,binary
cicids2017_binary,44,1,ATTACK,rid_f69f9ff54e012c177369c9ed41b9091d,mlp,gradient_x_input,deletion,training_median,False,True,False,True,1,ATTACK,predicted_class_of_audited_model,1.0,0.999708915449446,9.677410125732423e-05,0.17111108047210494,-0.1710143063708476,0.0229114972798554,-0.21592084103936418,0.3504353522510515,-0.3503385781497942,0.2859402298927307,0.28892233126983047,-0.0029820792116224916,5,trapezoid_from_zero_normalized_by_max_fraction,True,correct,true_positive,high,high,binary
cicids2017_binary,44,1,ATTACK,rid_43110cf12142e0165f55d3ba3204ab46,mlp,gradient_x_input,deletion,training_median,False,True,False,True,1,ATTACK,predicted_class_of_audited_model,1.0,0.999708915449446,1.6689300537109377e-07,0.004441359639167785,-0.004441192746162415,0.0037192904939918696,-0.01173100211438648,0.16138066586523575,-0.1613804989722304,0.2443949282169342,0.22417145977076142,0.020223447118885816,5,trapezoid_from_zero_normalized_by_max_fraction,True,correct,true_positive,high,high,binary
cicids2017_binary,44,1,ATTACK,rid_90ef4c4cf1dfbf22bf16f9e50aa838c5,mlp,gradient_x_input,deletion,training_median,False,True,False,True,1,ATTACK,predicted_class_of_audited_model,1.0,0.999708915449446,0.0,0.035814474624581635,-0.035814474624581635,0.011547630492232511,-0.05844783038935736,0.12167812768415506,-0.12167812768415506,0.26324960589408875,0.28966111934185024,-0.026411510653793813,5,trapezoid_from_zero_normalized_by_max_fraction,True,correct,true_positive,high,high,binary
cicids2017_binary,44,1,ATTACK,rid_7848ac85a3f1e5bc3b075617375c1861,mlp,gradient_x_input,deletion,training_median,False,True,False,True,1,ATTACK,predicted_class_of_audited_model,1.0,0.999708915449446,0.0,0.0018737324476242067,-0.0018737324476242067,0.0018732909401310797,-0.005545382690281123,0.1235303747701763,-0.1235303747701763,0.2727103531360626,0.24502003742847595,0.027690318874083457,5,trapezoid_from_zero_normalized_by_max_fraction,True,correct,true_positive,high,high,binary
cicids2017_binary,44,1,ATTACK,rid_987d1038a26bfd78fc4c03575533bd1a,mlp,gradient_x_input,deletion,training_median,False,True,False,True,1,ATTACK,predicted_class_of_audited_model,1.0,0.999708915449446,0.0,0.02873063074727543,-0.02873063074727543,0.009709655864799199,-0.04776155624228186,0.14420091046369654,-0.14420091046369654,0.23757410049438477,0.22927392821386458,0.008300167949870227,5,trapezoid_from_zero_normalized_by_max_fraction,True,correct,true_positive,high,high,binary
cicids2017_binary,44,1,ATTACK,rid_4783393947255d07408469b443d08b1d,mlp,gradient_x_input,deletion,training_median,False,True,False,True,1,ATTACK,predicted_class_of_audited_model,1.0,0.999708915449446,0.0013257622718811034,0.04130619996145833,-0.03998043768957723,0.010829776271091144,-0.06120679918091587,0.16769750074172396,-0.16637173846984285,0.27714818716049194,0.22968166862148792,0.04746651011053472,5,trapezoid_from_zero_normalized_by_max_fraction,True,correct,true_positive,high,high,binary
cicids2017_binary,44,1,ATTACK,rid_b2d3db3d744007cebd4afbfeb8d55033,mlp,gradient_x_input,deletion,training_median,False,True,False,True,1,ATTACK,predicted_class_of_audited_model,1.0,0.999708915449446,0.0,0.009767669916152955,-0.009767669916152955,0.005310644079655302,-0.020176532312277347,0.14020486496423168,-0.14020486496423168,0.2622442841529846,0.22820900107733907,0.034035255974158636,5,trapezoid_from_zero_normalized_by_max_fraction,True,correct,true_positive,high,high,binary
cicids2017_binary,44,1,ATTACK,rid_8503c09d2f2508c1cf6dbefca4013f33,mlp,gradient_x_input,deletion,training_median,False,True,False,True,1,ATTACK,predicted_class_of_audited_model,1.0,0.999708915449446,1.8477439880371094e-06,0.023213614881038666,-0.02321176713705063,0.009462180958374075,-0.04175764181546382,0.15147660364585333,-0.1514747559018653,0.32413989305496216,0.26034831854701046,0.06379157469421624,5,trapezoid_from_zero_normalized_by_max_fraction,True,correct,true_positive,high,high,binary
cicids2017_binary,44,1,ATTACK,rid_9a1dfc13c9095d4e24cf27e020add00a,mlp,gradient_x_input,deletion,training_median,False,True,False,True,1,ATTACK,predicted_class_of_audited_model,1.0,0.999708915449446,0.0,0.05655565029134837,-0.05655565029134837,0.013367057177517431,-0.08275508235928253,0.15192268781479046,-0.15192268781479046,0.24338993430137634,0.29073068028502164,-0.04734076367877423,5,trapezoid_from_zero_normalized_by_max_fraction,True,correct,true_positive,high,high,binary
cicids2017_binary,44,1,ATTACK,rid_54374ac797d180953ca18376875c506b,mlp,gradient_x_input,deletion,training_median,False,True,False,True,1,ATTACK,predicted_class_of_audited_model,1.0,0.999708915449446,1.9192695617675783e-06,0.02959140226477757,-0.029589482995215802,0.010907600054555162,-0.05096837910214392,0.19921132924309876,-0.19920940997353698,0.25224748253822327,0.22022903220541776,0.032018453126773226,5,trapezoid_from_zero_normalized_by_max_fraction,True,correct,true_positive,high,high,binary
cicids2017_binary,44,1,ATTACK,rid_f6d13a89f927e1c9575a903c18b278bf,mlp,gradient_x_input,deletion,training_median,False,True,False,True,1,ATTACK,predicted_class_of_audited_model,1.0,0.999708915449446,2.1219253540039062e-05,0.051204532412961724,-0.051183313159421685,0.013277136147985242,-0.07720650000947277,0.17139067422859236,-0.17136945497505232,0.3046392500400543,0.31204349728440867,-0.007404256371315571,5,trapezoid_from_zero_normalized_by_max_fraction,True,correct,true_positive,high,high,binary
cicids2017_binary,44,1,ATTACK,rid_271f5eaf1f55b6b4cd2576d103f201af,mlp,gradient_x_input,deletion,training_median,False,True,False,True,1,ATTACK,predicted_class_of_audited_model,1.0,0.999708915449446,2.741813659667969e-07,0.007948248758912086,-0.007947974577546119,0.00498544033371643,-0.017719437631630322,0.17486258549761274,-0.17486231131624674,0.25178152322769165,0.23811531541123987,0.01366621778160334,5,trapezoid_from_zero_normalized_by_max_fraction,True,correct,true_positive,high,high,binary
cicids2017_binary,44,1,ATTACK,rid_ac72d8d829136783490360745a697670,mlp,gradient_x_input,deletion,training_median,False,True,False,True,1,ATTACK,predicted_class_of_audited_model,1.0,0.999708915449446,0.0,0.0007759875059127808,-0.0007759875059127808,0.0007188430625954399,-0.002184919908599843,0.16940793635586698,-0.16940793635586698,0.2479567974805832,0.22789440871914848,0.020062388575170197,5,trapezoid_from_zero_normalized_by_max_fraction,True,correct,true_positive,high,high,binary
cicids2017_binary,44,1,ATTACK,rid_7201ad39c25f893d5a1d8f0f30c72c91,mlp,gradient_x_input,deletion,training_median,False,True,False,True,1,ATTACK,predicted_class_of_audited_model,1.0,0.999708915449446,0.0,0.008422961696982383,-0.008422961696982383,0.004345278313623791,-0.016939707191685013,0.15898779587582967,-0.15898779587582967,0.29251205921173096,0.2609321567220613,0.03157990262936801,5,trapezoid_from_zero_normalized_by_max_fraction,True,correct,true_positive,high,high,binary
cicids2017_binary,44,1,ATTACK,rid_9a556938a8fd50a49e94ff12fa973a50,mlp,gradient_x_input,deletion,training_median,False,True,False,True,1,ATTACK,predicted_class_of_audited_model,1.0,0.999708915449446,0.0,0.016417293740436434,-0.016417293740436434,0.00814661817568446,-0.03238466536477798,0.1469323655949475,-0.1469323655949475,0.2714378237724304,0.24834748761821537,0.023090352172963315,5,trapezoid_from_zero_normalized_by_max_fraction,True,correct,true_positive,high,high,binary
cicids2017_binary,44,1,ATTACK,rid_3f9dd7ce0175ec6cbfbf0a5621f0618b,mlp,gradient_x_input,deletion,training_median,False,True,False,True,1,ATTACK,predicted_class_of_audited_model,1.0,0.999708915449446,0.0,0.05090913182108489,-0.05090913182108489,0.013387026391057193,-0.07714770354755698,0.1289742013820198,-0.1289742013820198,0.26677268743515015,0.29128917792160064,-0.02451647539902478,5,trapezoid_from_zero_normalized_by_max_fraction,True,correct,true_positive,high,high,binary
cicids2017_binary,44,1,ATTACK,rid_13063ca7d9ba3c1aec30d981ac793763,mlp,gradient_x_input,deletion,training_median,False,True,False,True,1,ATTACK,predicted_class_of_audited_model,1.0,0.999708915449446,2.384185791015625e-08,0.041969770688563585,-0.04196974684670567,0.011647724208645854,-0.06479928629565154,0.20507472092949225,-0.20507469708763437,0.26139599084854126,0.22335280875489114,0.03804319755360484,5,trapezoid_from_zero_normalized_by_max_fraction,True,correct,true_positive,high,high,binary
cicids2017_binary,44,1,ATTACK,rid_4f1d1cd8fe2a70fab2eee5f3b1973a8d,mlp,gradient_x_input,deletion,training_median,False,True,False,True,1,ATTACK,predicted_class_of_audited_model,1.0,0.999708915449446,6.67572021484375e-06,0.028079473662641245,-0.0280727979424264,0.011299589820804201,-0.05021999399120264,0.19076557755073675,-0.1907589018305219,0.25332605838775635,0.21619530242588372,0.03713076024595648,5,trapezoid_from_zero_normalized_by_max_fraction,True,correct,true_positive,high,high,binary
cicids2017_binary,44,1,ATTACK,rid_0a7ca405ba18cb34f4b54cf069eadbd0,mlp,gradient_x_input,deletion,training_median,False,True,False,True,1,ATTACK,predicted_class_of_audited_model,1.0,0.999708915449446,0.0,0.007515903742518277,-0.007515903742518277,0.004481714945183548,-0.016300065035078033,0.18289526635768052,-0.18289526635768052,0.26796746253967285,0.240468121371232,0.027499320493079717,5,trapezoid_from_zero_normalized_by_max_fraction,True,correct,true_positive,high,high,binary
cicids2017_binary,44,1,ATTACK,rid_3d20e00a27ceb6f28e08c568cef55ab6,mlp,gradient_x_input,deletion,training_median,False,True,False,True,1,ATTACK,predicted_class_of_audited_model,1.0,0.999708915449446,2.0503997802734374e-06,0.11435296977600591,-0.11435091937622564,0.01971171071221065,-0.15298587237215852,0.15766809368688317,-0.1576660432871029,0.2632366716861725,0.27204099924210456,-0.008804321781732153,5,trapezoid_from_zero_normalized_by_max_fraction,True,correct,true_positive,high,high,binary
cicids2017_binary,44,1,ATTACK,rid_1ca8084d3b720be428ed05066f4da741,mlp,gradient_x_input,deletion,training_median,False,True,False,True,1,ATTACK,predicted_class_of_audited_model,1.0,0.999708915449446,0.0,0.016620786263607443,-0.016620786263607443,0.0077021200819103585,-0.03171694162415174,0.14474577119698362,-0.14474577119698362,0.22821810841560364,0.2381884001037106,-0.00997029634471983,5,trapezoid_from_zero_normalized_by_max_fraction,True,correct,true_positive,high,high,binary
cicids2017_binary,44,1,ATTACK,rid_ce43f2331fd2088285d30c8006a84bb4,mlp,gradient_x_input,deletion,training_median,False,True,False,True,1,ATTACK,predicted_class_of_audited_model,1.0,0.999708915449446,4.053115844726563e-07,0.011798121064901352,-0.011797715753316878,0.00592826175433653,-0.023417108791816476,0.11443637541392242,-0.11443597010233794,0.2846165597438812,0.23598671415355055,0.04862984866369515,5,trapezoid_from_zero_normalized_by_max_fraction,True,correct,true_positive,high,high,binary
cicids2017_binary,44,1,ATTACK,rid_76d1b84663ab134067f23629749c5039,mlp,gradient_x_input,deletion,training_median,False,True,False,True,1,ATTACK,predicted_class_of_audited_model,1.0,0.999708915449446,0.004001307487487793,0.13354237138328812,-0.12954106389580033,0.02096225490205033,-0.17062708350381897,0.19544936321525572,-0.1914480557277679,0.27913588285446167,0.29329338564909996,-0.014157491059973843,5,trapezoid_from_zero_normalized_by_max_fraction,True,correct,true_positive,high,high,binary
cicids2017_binary,44,1,ATTACK,rid_777c6b9d2883c65adc5f3ed47c43e213,mlp,gradient_x_input,deletion,training_median,False,True,False,True,1,ATTACK,predicted_class_of_audited_model,1.0,0.999708915449446,0.00035092830657958987,0.0567676615617529,-0.05641673325517331,0.01454369938506805,-0.0849223840499067,0.20903866481214362,-0.20868773650556402,0.2733409106731415,0.22483568418724462,0.04850523482123391,5,trapezoid_from_zero_normalized_by_max_fraction,True,correct,true_positive,high,high,binary
cicids2017_binary,44,1,ATTACK,rid_581803eafc69d88a829fe8316a395586,mlp,gradient_x_input,deletion,training_median,False,True,False,True,1,ATTACK,predicted_class_of_audited_model,1.0,0.999708915449446,0.0007200658321380616,0.06064546316481209,-0.05992539733267403,0.01355034168959689,-0.08648406704428394,0.17592037247653342,-0.17520030664439534,0.27341654896736145,0.23761842610919848,0.035798115035053334,5,trapezoid_from_zero_normalized_by_max_fraction,True,correct,true_positive,high,high,binary
cicids2017_binary,44,1,ATTACK,rid_495f976705b505b2dd0a1b4140f345b0,mlp,gradient_x_input,deletion,training_median,False,True,False,True,1,ATTACK,predicted_class_of_audited_model,1.0,0.999708915449446,0.0008574247360229493,0.13548430463122896,-0.134626879895206,0.02081993850869618,-0.1754339593722505,0.23510275442403028,-0.23424532968800732,0.2588368356227875,0.27988335719145835,-0.02104652622528374,5,trapezoid_from_zero_normalized_by_max_fraction,True,correct,true_positive,high,high,binary
cicids2017_binary,44,1,ATTACK,rid_3cf0b2001eb8b738d2688b1bb5befc40,mlp,gradient_x_input,deletion,training_median,False,True,False,True,1,ATTACK,predicted_class_of_audited_model,1.0,0.999708915449446,0.0,0.007212960399687289,-0.007212960399687289,0.0047380565170035156,-0.01649955117301418,0.10020834110591594,-0.10020834110591594,0.45544862747192383,0.43913920040428633,0.01630943302810191,5,trapezoid_from_zero_normalized_by_max_fraction,True,correct,true_positive,high,high,binary
cicids2017_binary,44,1,ATTACK,rid_1bb8183286a68ae582d4c05f981f2689,mlp,gradient_x_input,deletion,training_median,False,True,False,True,1,ATTACK,predicted_class_of_audited_model,1.0,0.999708915449446,0.0,0.008009862579405308,-0.008009862579405308,0.005423361412056778,-0.018639650947036596,0.12418091173554241,-0.12418091173554241,0.2934406101703644,0.2518890047324821,0.041551594029180725,5,trapezoid_from_zero_normalized_by_max_fraction,True,correct,true_positive,high,high,binary
cicids2017_binary,44,1,ATTACK,rid_0a4e4b93d9ecbbf6551faeb947919700,mlp,gradient_x_input,deletion,training_median,False,True,False,True,1,ATTACK,predicted_class_of_audited_model,1.0,0.999708915449446,0.0,0.011592551669105887,-0.011592551669105887,0.006484718362191779,-0.02430259965900177,0.12221384428762076,-0.12221384428762076,0.2574368715286255,0.23419278337340801,0.023244100262410944,5,trapezoid_from_zero_normalized_by_max_fraction,True,correct,true_positive,high,high,binary
cicids2017_binary,44,1,ATTACK,rid_4242be55bec945cc4b8ee52c6dc91f26,mlp,gradient_x_input,deletion,training_median,False,True,False,True,1,ATTACK,predicted_class_of_audited_model,1.0,0.999708915449446,5.841255187988282e-07,0.009624325978948037,-0.009623741853429239,0.005811276243408578,-0.02101384329051005,0.2322610595504051,-0.23226047542488631,0.23117002844810486,0.22859392358642072,0.002576113336719568,5,trapezoid_from_zero_normalized_by_max_fraction,True,correct,true_positive,high,high,binary
cicids2017_binary,44,1,ATTACK,rid_423b266be403f577b814394f80cfe7ab,mlp,gradient_x_input,deletion,training_median,False,True,False,True,1,ATTACK,predicted_class_of_audited_model,1.0,0.999708915449446,0.0,0.01623836015537381,-0.01623836015537381,0.007636674292364214,-0.03120624176840767,0.11540890195135986,-0.11540890195135986,0.2348821610212326,0.2214283954501152,0.01345376678183675,5,trapezoid_from_zero_normalized_by_max_fraction,True,correct,true_positive,high,high,binary
cicids2017_binary,44,1,ATTACK,rid_93bf6f019213985a537c8b7bb50eec43,mlp,gradient_x_input,deletion,training_median,False,True,False,True,1,ATTACK,predicted_class_of_audited_model,1.0,0.999708915449446,1.6689300537109377e-07,0.006080851435661315,-0.006080684542655944,0.0046660177510746284,-0.015226079334762216,0.1579882030880696,-0.15798803619506424,0.24862606823444366,0.2338359548728913,0.014790112895891074,5,trapezoid_from_zero_normalized_by_max_fraction,True,correct,true_positive,high,high,binary
cicids2017_binary,44,1,ATTACK,rid_a212b33dd6267817144c9062084d04ab,mlp,gradient_x_input,deletion,training_median,False,True,False,True,1,ATTACK,predicted_class_of_audited_model,1.0,0.999708915449446,0.0,0.009510475193208093,-0.009510475193208093,0.00679413089169622,-0.022826971740932685,0.1001511559299435,-0.1001511559299435,0.28606176376342773,0.3142546823211014,-0.028192939978092905,5,trapezoid_from_zero_normalized_by_max_fraction,True,correct,true_positive,high,high,binary
cicids2017_binary,44,1,ATTACK,rid_004a23f3ebc07dc2aee7fb72759b857a,mlp,gradient_x_input,deletion,training_median,False,True,False,True,1,ATTACK,predicted_class_of_audited_model,1.0,0.999708915449446,3.398656845092774e-05,0.12660364236323288,-0.12656965579478197,0.020566976265585176,-0.1668809292753289,0.21950590450071508,-0.21947191793226414,0.2438339740037918,0.260050503612496,-0.016216534265317033,5,trapezoid_from_zero_normalized_by_max_fraction,True,correct,true_positive,high,high,binary
cicids2017_binary,44,1,ATTACK,rid_c7926dfdb434dea84a65dd21df6b96cb,mlp,gradient_x_input,deletion,training_median,False,True,False,True,1,ATTACK,predicted_class_of_audited_model,1.0,0.999708915449446,0.0,0.05600701560538107,-0.05600701560538107,0.015356980122101663,-0.08610669664470033,0.07781085693771876,-0.07781085693771876,0.3782118856906891,0.3812104600532912,-0.0029985671914182833,5,trapezoid_from_zero_normalized_by_max_fraction,True,correct,true_positive,high,high,binary
cicids2017_binary,44,1,ATTACK,rid_59853e98f2ff009054c851cd28f3226c,mlp,gradient_x_input,deletion,training_median,False,True,False,True,1,ATTACK,predicted_class_of_audited_model,1.0,0.999708915449446,0.0,0.012505052604712547,-0.012505052604712547,0.00600159822780287,-0.02426818513120617,0.1490426884146825,-0.1490426884146825,0.2322784662246704,0.2210201794123277,0.011258287371136256,5,trapezoid_from_zero_normalized_by_max_fraction,True,correct,true_positive,high,high,binary
cicids2017_binary,44,1,ATTACK,rid_42e84a6b7b3576d0c1d1071d48dc0206,mlp,gradient_x_input,deletion,training_median,False,True,False,True,1,ATTACK,predicted_class_of_audited_model,1.0,0.999708915449446,0.008584094047546387,0.1437647543258286,-0.1351806602782822,0.021222765386805523,-0.17677728043642105,0.2318284858714994,-0.223244391823953,0.2947607636451721,0.28145565600181,0.013305088458117093,5,trapezoid_from_zero_normalized_by_max_fraction,True,correct,true_positive,high,high,binary
cicids2017_binary,44,1,ATTACK,rid_60d496f42eced98f5f4f23d5ced4ce99,mlp,gradient_x_input,deletion,training_median,False,True,False,True,1,ATTACK,predicted_class_of_audited_model,1.0,0.999708915449446,0.0,0.028391468360088767,-0.028391468360088767,0.01108294274612812,-0.05011403614249988,0.13924573193424264,-0.13924573193424264,0.24148507416248322,0.23320751351397484,0.008277573081664746,5,trapezoid_from_zero_normalized_by_max_fraction,True,correct,true_positive,high,high,binary
cicids2017_binary,44,1,ATTACK,rid_e719d14c1e0ca55e1165aae50ea9bdb1,mlp,gradient_x_input,deletion,training_median,False,True,False,True,1,ATTACK,predicted_class_of_audited_model,1.0,0.999708915449446,0.0,0.0756158377850079,-0.0756158377850079,0.016328613542763288,-0.10761992032882395,0.15615753716588282,-0.15615753716588282,0.2491961270570755,0.2668394849877805,-0.017643349967896932,5,trapezoid_from_zero_normalized_by_max_fraction,True,correct,true_positive,high,high,binary
cicids2017_binary,44,1,ATTACK,rid_abbbbfac8c94b2fd61b0a58e793cfe66,mlp,gradient_x_input,deletion,training_median,False,True,False,True,1,ATTACK,predicted_class_of_audited_model,1.0,0.999708915449446,1.9073486328125e-07,0.01100778365135193,-0.011007592916488649,0.006694717795061163,-0.024129239794808528,0.14871146503100557,-0.1487112742961423,0.3139271140098572,0.2878870633970946,0.026040050333365795,5,trapezoid_from_zero_normalized_by_max_fraction,True,correct,true_positive,high,high,binary
cicids2017_binary,44,1,ATTACK,rid_3c4bd1f0be24e84c015f7927f633b3fb,mlp,gradient_x_input,deletion,training_median,False,True,False,True,1,ATTACK,predicted_class_of_audited_model,1.0,0.999708915449446,1.7642974853515626e-06,0.0035296112298965456,-0.0035278469324111937,0.0025652156389484736,-0.008555669584750202,0.11603767818105523,-0.11603591388356986,0.30137962102890015,0.25655209728749473,0.04482751759467647,5,trapezoid_from_zero_normalized_by_max_fraction,True,correct,true_positive,high,high,binary
cicids2017_binary,44,1,ATTACK,rid_96444d266244de739626144829e8598c,mlp,gradient_x_input,deletion,training_median,False,True,False,True,1,ATTACK,predicted_class_of_audited_model,1.0,0.999708915449446,0.0,0.02040786835923791,-0.02040786835923791,0.009286283191695202,-0.03860898341496051,0.05633279734501412,-0.05633279734501412,0.2703556418418884,0.2568550763502717,0.013500588402152056,5,trapezoid_from_zero_normalized_by_max_fraction,True,correct,true_positive,high,high,binary
cicids2017_binary,44,1,ATTACK,rid_93cea7ecd31471bf8b4fac680e45c713,mlp,gradient_x_input,deletion,training_median,False,True,False,True,1,ATTACK,predicted_class_of_audited_model,1.0,0.999708915449446,0.0,0.02385131926397662,-0.02385131926397662,0.008804165900107786,-0.04110748442818788,0.1204684099886362,-0.1204684099886362,0.41481828689575195,0.3782633453696035,0.03655494040856137,5,trapezoid_from_zero_normalized_by_max_fraction,True,correct,true_positive,high,high,binary
cicids2017_binary,44,1,ATTACK,rid_11971abe7bec4f62e9f6aab01b57b9a8,mlp,gradient_x_input,deletion,training_median,False,True,False,True,1,ATTACK,predicted_class_of_audited_model,1.0,0.999708915449446,0.0,0.004143765173852444,-0.004143765173852444,0.00396416027545318,-0.011913519313740677,0.08412327134542925,-0.08412327134542925,0.3382032811641693,0.28995361480722204,0.04824967539077625,5,trapezoid_from_zero_normalized_by_max_fraction,True,correct,true_positive,high,high,binary
cicids2017_binary,44,1,ATTACK,rid_d2da62d7bcf6df46058510d7e45683e3,mlp,gradient_x_input,deletion,training_median,False,False,True,False,0,BENIGN,predicted_class_of_audited_model,0.9999999996765452,0.0002910842270989,0.0035314791295338373,0.0671838686104461,-0.06365238948091227,0.014777598649674461,-0.09261648283427422,0.08261992543514174,-0.07908844630560789,2.5055322647094727,2.090326820373535,0.4152053489685059,5,trapezoid_from_zero_normalized_by_max_fraction,False,error,false_negative,medium,medium,binary
cicids2017_binary,44,1,ATTACK,rid_aec81a8a173f33fba8e15b7c374c69a7,mlp,gradient_x_input,deletion,training_median,False,True,False,True,1,ATTACK,predicted_class_of_audited_model,1.0,0.999708915449446,1.0228157043457031e-05,0.11257393534315951,-0.11256370718611605,0.019681772385359262,-0.1511399810614202,0.2473715535296782,-0.24736132537263478,0.24309101700782776,0.27787790167145426,-0.03478690198622645,5,trapezoid_from_zero_normalized_by_max_fraction,True,correct,true_positive,high,high,binary
cicids2017_binary,44,1,ATTACK,rid_cdc079f0a9aed0332a9ae43e967289af,mlp,gradient_x_input,deletion,training_median,False,True,False,True,1,ATTACK,predicted_class_of_audited_model,1.0,0.999708915449446,0.0,0.022458625019527972,-0.022458625019527972,0.009174764896866973,-0.040441164217387235,0.1418008269375696,-0.1418008269375696,0.23141777515411377,0.22304883326031266,0.008368923453614114,5,trapezoid_from_zero_normalized_by_max_fraction,True,correct,true_positive,high,high,binary
cicids2017_binary,44,1,ATTACK,rid_aad8d892e5756b67ae086003f360206b,mlp,gradient_x_input,deletion,training_median,False,True,False,True,1,ATTACK,predicted_class_of_audited_model,1.0,0.999708915449446,0.0,0.006816630452871323,-0.006816630452871323,0.0050462707936441515,-0.01670732120841386,0.08795705320903602,-0.08795705320903602,0.2808077335357666,0.2511852788096294,0.029622466041706506,5,trapezoid_from_zero_normalized_by_max_fraction,True,correct,true_positive,high,high,binary
cicids2017_binary,44,1,ATTACK,rid_0480159ad3499e28680daa61b3671f8f,mlp,gradient_x_input,deletion,training_median,False,True,False,True,1,ATTACK,predicted_class_of_audited_model,1.0,0.999708915449446,0.0,0.07629629823890718,-0.07629629823890718,0.017729634142117392,-0.11104638115745727,0.15755068703939717,-0.15755068703939717,0.2817278504371643,0.3008379567712546,-0.019110112667083748,5,trapezoid_from_zero_normalized_by_max_fraction,True,correct,true_positive,high,high,binary
cicids2017_binary,44,0,BENIGN,rid_ac07defc64f8cdd2029fef48742f7eff,mlp,gradient_x_input,deletion,training_median,False,True,False,True,0,BENIGN,predicted_class_of_audited_model,0.9999764002768644,0.0002674848274181,0.030150024956765265,0.0041139841423853026,0.026036040814379963,0.0006402470056163124,0.02478115668337199,0.0023470935910029672,0.0278029313657623,0.7210664749145508,0.3378065597265959,0.3832599151879549,5,trapezoid_from_zero_normalized_by_max_fraction,True,correct,true_negative,medium,low,binary
cicids2017_binary,44,0,BENIGN,rid_90b42cdfed9f8c21f3683ee2a83fd2ab,mlp,gradient_x_input,deletion,training_median,False,False,True,True,1,ATTACK,predicted_class_of_audited_model,0.0007975472253747,0.0005064626748208,-0.0072421870107064025,-0.002719297901964183,-0.004522889108742219,0.0004115553593735133,-0.005329537613114305,-0.001510712682613189,-0.0057314743280932135,1.0816656351089478,0.3692056767344475,0.7124599762558936,5,trapezoid_from_zero_normalized_by_max_fraction,False,error,false_positive,low,medium,binary
cicids2017_binary,44,0,BENIGN,rid_0feb843b9f31d864c0888d6f42a42751,mlp,gradient_x_input,deletion,training_median,False,True,False,True,0,BENIGN,predicted_class_of_audited_model,0.9999968027382238,0.0002878872887776,0.010683207253919136,0.0037774078908618656,0.006905799363057271,0.0005402272075708696,0.0058469540362183665,0.0010006704085668704,0.009682536845352266,0.7622078657150269,0.36629444819688795,0.3959134473204613,5,trapezoid_from_zero_normalized_by_max_fraction,True,correct,true_negative,medium,low,binary
cicids2017_binary,44,0,BENIGN,rid_aadfb7084058e1fdc7e00e0f41aa7a3b,mlp,gradient_x_input,deletion,training_median,False,True,False,True,0,BENIGN,predicted_class_of_audited_model,1.0,0.0002910845505539,0.000376985408467767,0.004906474332487842,-0.004529488924020076,0.0034939519670781826,-0.011377634779493315,0.0004124034494630615,-3.5418040995294364e-05,2.7845664024353027,2.622512386322021,0.16205411148071294,5,trapezoid_from_zero_normalized_by_max_fraction,True,correct,true_negative,high,medium,binary
cicids2017_binary,44,0,BENIGN,rid_020c92399bfb8e0b19f2391db848aca1,mlp,gradient_x_input,deletion,training_median,False,False,True,True,1,ATTACK,predicted_class_of_audited_model,0.00031739557744,2.6311026886100008e-05,-0.03742185471492121,-0.01615637598196887,-0.021265478732952335,0.0029976944028058915,-0.027140959762451882,-0.004791541516814759,-0.03263031319810645,0.8282173275947571,0.5689938468337059,0.25922343903779976,5,trapezoid_from_zero_normalized_by_max_fraction,False,error,false_positive,low,low,binary
cicids2017_binary,44,0,BENIGN,rid_0900ed4575dc0871f8a642d8a96d2cf6,mlp,gradient_x_input,deletion,training_median,False,False,True,True,1,ATTACK,predicted_class_of_audited_model,0.000861883861944,0.0005707993113901,-0.015044591610785574,-0.02690235691850356,0.011857765307717988,0.00534843274927187,0.0013748371191451211,-0.01001134392303291,-0.005033247687752663,0.9744231104850769,0.5714062574505807,0.40301690071821217,5,trapezoid_from_zero_normalized_by_max_fraction,False,error,false_positive,low,medium,binary
cicids2017_binary,44,0,BENIGN,rid_bab104fd9cce7fb141896e7fd8ce564b,mlp,gradient_x_input,deletion,training_median,False,True,False,True,0,BENIGN,predicted_class_of_audited_model,0.9999691899283788,0.0002602744789328,0.01861509852169547,0.004052090428893996,0.014563008092801475,0.000607460306918526,0.013372385891241165,0.0011659218931019736,0.017449176628593497,0.6655169725418091,0.4218307308256626,0.24368623575568202,5,trapezoid_from_zero_normalized_by_max_fraction,True,correct,true_negative,medium,low,binary
cicids2017_binary,44,0,BENIGN,rid_3dd66f904fc9a9a6d311030b241fbd1d,mlp,gradient_x_input,deletion,training_median,False,False,True,True,1,ATTACK,predicted_class_of_audited_model,0.0003867104533128,9.562590275890004e-05,-0.01254084955144208,-0.009468235485774499,-0.0030726140656675825,0.0015548283092288717,-0.006120077551756171,-0.004036424124415468,-0.008504425427026611,0.7876990437507629,0.4692761430442333,0.318422918587923,5,trapezoid_from_zero_normalized_by_max_fraction,False,error,false_positive,low,low,binary
cicids2017_binary,44,0,BENIGN,rid_219f762eae7da5cf06a4d4f1df9a0b05,mlp,gradient_x_input,deletion,training_median,False,True,False,True,0,BENIGN,predicted_class_of_audited_model,0.9999994442100046,0.0002905287605585,0.018662947475709755,0.0034523762664020446,0.015210571209307713,0.00039263033380029495,0.014441015755059135,0.0009634636785256334,0.017699483797184126,0.5808536410331726,0.27509808119386436,0.3057556045427918,5,trapezoid_from_zero_normalized_by_max_fraction,True,correct,true_negative,medium,low,binary
cicids2017_binary,44,0,BENIGN,rid_cabe138ab53780d22a8f39da0c6b5a83,mlp,gradient_x_input,deletion,training_median,False,True,False,True,0,BENIGN,predicted_class_of_audited_model,0.9999998667679932,0.0002909513185471,0.009107045942042901,0.001020573151333097,0.008086472790709804,0.00019923204217418288,0.007695977988048406,0.000512439351485734,0.008594606590557167,0.49418479204177856,0.20991020603477956,0.2842745651453733,5,trapezoid_from_zero_normalized_by_max_fraction,True,correct,true_negative,medium,medium,binary
cicids2017_binary,44,0,BENIGN,rid_b07147759a10f76f97a6076886c7c1f4,mlp,gradient_x_input,deletion,training_median,False,True,False,True,0,BENIGN,predicted_class_of_audited_model,0.9999994780577596,0.0002905626083133,0.011460938016276144,0.001231674918980351,0.010229263097295795,0.00023325528759539515,0.009772082733608821,0.0011008883098995233,0.010360049706376624,0.5791360139846802,0.25654826589487495,0.322587745109573,5,trapezoid_from_zero_normalized_by_max_fraction,True,correct,true_negative,medium,low,binary
cicids2017_binary,44,0,BENIGN,rid_637a9a660b8d7beadd7c47497aa3bd8d,mlp,gradient_x_input,deletion,training_median,False,True,False,True,0,BENIGN,predicted_class_of_audited_model,0.9999989715165613,0.000290056067115,0.010443073036708484,0.0025490273085050415,0.00789404572820344,0.00043588102470002485,0.007039718919791392,0.0010947355033140654,0.009348337533394417,0.6670277714729309,0.317851964019239,0.3491757418885827,5,trapezoid_from_zero_normalized_by_max_fraction,True,correct,true_negative,medium,low,binary
cicids2017_binary,44,0,BENIGN,rid_40a09c55a2f86b17aa10827850be77fc,mlp,gradient_x_input,deletion,training_median,False,False,True,True,1,ATTACK,predicted_class_of_audited_model,0.8823397755622864,0.8820486910117324,0.7939309433864423,0.48066709027615384,0.3132638531102885,0.02576667995681702,0.26276116039492714,0.2948493677146753,0.4990815756717671,3.3627121448516846,3.003870921611786,0.35884091329574586,5,trapezoid_from_zero_normalized_by_max_fraction,False,error,false_positive,low,high,binary
cicids2017_binary,44,0,BENIGN,rid_bbf574d7d765f28fcf87e72b56fb2a12,mlp,gradient_x_input,deletion,training_median,False,False,True,True,1,ATTACK,predicted_class_of_audited_model,0.0005141550791449,0.000223070528591,-0.0283018125948729,-0.081931427143962,0.0536296145490891,0.013418138492788789,0.027330063103223074,-0.08167095548888947,0.05336914289401659,0.4165514409542084,0.25769370383024215,0.15885774904489516,5,trapezoid_from_zero_normalized_by_max_fraction,False,error,false_positive,low,low,binary
cicids2017_binary,44,0,BENIGN,rid_5ba9b83ad1fb064b5f03a422bac985be,mlp,gradient_x_input,deletion,training_median,False,False,True,True,1,ATTACK,predicted_class_of_audited_model,0.0003538321470841,6.274759653020001e-05,-0.09051601583487354,-0.14899863073536018,0.058482614900486625,0.020367842579773133,0.018561643444131283,-0.1488807972111772,0.05836478137630366,0.4393993020057678,0.26302668190002443,0.17637257838249204,5,trapezoid_from_zero_normalized_by_max_fraction,False,error,false_positive,low,low,binary
cicids2017_binary,44,0,BENIGN,rid_06de799d7efc64d321c0dd0b80e5ea1c,mlp,gradient_x_input,deletion,training_median,False,True,False,True,0,BENIGN,predicted_class_of_audited_model,0.999999999999991,0.0002910845505449,7.04573238436812e-05,0.003938708537639557,-0.003868251213795876,0.0018902913405799936,-0.007573222241332663,0.003330106238081646,-0.0032596489142379653,1.2906659841537476,0.9265810999870301,0.3640850033760071,5,trapezoid_from_zero_normalized_by_max_fraction,True,correct,true_negative,medium,medium,binary
cicids2017_binary,44,0,BENIGN,rid_4833f14378a66bc7b5a7a8a62c4ae116,mlp,gradient_x_input,deletion,training_median,False,True,False,True,0,BENIGN,predicted_class_of_audited_model,0.999999999997494,0.0002910845480479,0.005440612781951598,0.025221233499487357,-0.019780620717535752,0.00668932108492582,-0.032891690043990354,0.024499267656309075,-0.019058654874357477,1.6011911630630493,1.4365496683120729,0.16464144706726072,5,trapezoid_from_zero_normalized_by_max_fraction,True,correct,true_negative,medium,medium,binary
cicids2017_binary,44,0,BENIGN,rid_7e29e4a83316796159af8b988ec959ce,mlp,gradient_x_input,deletion,training_median,False,True,False,True,0,BENIGN,predicted_class_of_audited_model,0.9999472554118256,0.0002383399623795,0.032440264367687634,0.12829259881499439,-0.09585233444730676,0.019889706827997147,-0.13483615983018116,0.07093550671879109,-0.03849524235110346,1.092542290687561,0.7579657822847367,0.3345765024423598,5,trapezoid_from_zero_normalized_by_max_fraction,True,correct,true_negative,medium,low,binary
cicids2017_binary,44,0,BENIGN,rid_aad8d2216819d381bbe01a82c6768dfa,mlp,gradient_x_input,deletion,training_median,False,False,True,True,1,ATTACK,predicted_class_of_audited_model,0.0006063816254027,0.0003152970748488,-0.14873705632344356,-0.11984768610163338,-0.028889370221810172,0.017169896458455066,-0.0625423672803821,-0.11649227593583783,-0.032244780387605705,0.7476644515991211,0.24621509200334551,0.5014493595957756,5,trapezoid_from_zero_normalized_by_max_fraction,False,error,false_positive,low,medium,binary
cicids2017_binary,44,0,BENIGN,rid_28c4bde3ff46a91b7ffa2f116a6b6468,mlp,gradient_x_input,deletion,training_median,False,True,False,True,0,BENIGN,predicted_class_of_audited_model,0.9999804483850312,0.000271532935585,0.016329883302205417,0.004311495936171252,0.012018387366034167,0.0006398041568824462,0.010764371218544573,0.0009663579177713865,0.01536352538443403,0.7131317853927612,0.3610366796404123,0.35209517131745816,5,trapezoid_from_zero_normalized_by_max_fraction,True,correct,true_negative,medium,low,binary
cicids2017_binary,44,0,BENIGN,rid_4693e16e6643992432430c5221fb35a6,mlp,gradient_x_input,deletion,training_median,False,True,False,True,0,BENIGN,predicted_class_of_audited_model,0.9999369302677223,0.0002280148182762,0.0035298375827551355,0.09276911885005154,-0.08923928126729641,0.01557691665671726,-0.11977003791446224,0.06094870609010369,-0.05741886850734854,0.5078078508377075,0.3413287622928619,0.16647904682159423,5,trapezoid_from_zero_normalized_by_max_fraction,True,correct,true_negative,medium,low,binary
cicids2017_binary,44,0,BENIGN,rid_f20a94bc6a18c7b91d8dfa64277681fa,mlp,gradient_x_input,deletion,training_median,False,True,False,True,0,BENIGN,predicted_class_of_audited_model,0.9997358231048564,2.690765541049997e-05,0.009053046601184177,0.13814000006334298,-0.12908695346215882,0.018250992272602868,-0.16485889831646044,0.11954343407463716,-0.11049038747345298,0.8301922082901001,0.5558794753551484,0.27431271505355836,5,trapezoid_from_zero_normalized_by_max_fraction,True,correct,true_negative,medium,low,binary
cicids2017_binary,44,0,BENIGN,rid_6f4fcab4cb3f5a2fd78b4a51f9178b5c,mlp,gradient_x_input,deletion,training_median,False,True,False,True,0,BENIGN,predicted_class_of_audited_model,0.999999103980258,0.0002901885308119,0.00037266775345319304,0.006060363187503749,-0.005687695434050556,0.0018215606251685593,-0.009257954259380932,0.0034808792605984925,-0.0031082115071452993,0.5314591526985168,0.3253501959443092,0.20610895675420765,5,trapezoid_from_zero_normalized_by_max_fraction,True,correct,true_negative,medium,low,binary
cicids2017_binary,44,0,BENIGN,rid_b3918c47e99c9a255fe25b07096a3a11,mlp,gradient_x_input,deletion,training_median,False,False,True,True,1,ATTACK,predicted_class_of_audited_model,0.001125177484937,0.0008340929343831,-0.025671584379097116,-0.29730391859231653,0.2716323342132194,0.027006528602476113,0.21869953815236623,-0.15091628972352997,0.12524470534443286,0.9553345441818237,0.6231952523589134,0.33213932758569714,5,trapezoid_from_zero_normalized_by_max_fraction,False,error,false_positive,low,medium,binary
cicids2017_binary,44,0,BENIGN,rid_6b42ad85122fdcc038cec4846ea9afe4,mlp,gradient_x_input,deletion,training_median,False,False,True,True,1,ATTACK,predicted_class_of_audited_model,0.0030111786909401,0.0027200941403862,0.0026427425420479265,-0.14626048557830687,0.14890322812035478,0.019554517625296232,0.11057637357477416,-0.1584490611300688,0.16109180367211673,0.8070810437202454,0.6073418437242508,0.19973922979831693,5,trapezoid_from_zero_normalized_by_max_fraction,False,error,false_positive,low,medium,binary
cicids2017_binary,44,1,ATTACK,rid_1031cd625c60d92bb064fc08a81e322b,mlp,gradient_x_input,deletion,training_median,False,True,False,True,1,ATTACK,predicted_class_of_audited_model,1.0,0.999708915449446,0.0,0.00015842556953430173,-0.00015842556953430173,0.00010335089906199791,-0.0003609933316958176,0.1397484155494909,-0.1397484155494909,0.24121956527233124,0.21717028732784094,0.02404927291534842,5,trapezoid_from_zero_normalized_by_max_fraction,True,correct,true_positive,high,high,binary
cicids2017_binary,44,1,ATTACK,rid_b20c11b1efba3a034631f62e299a77cd,mlp,gradient_x_input,deletion,training_median,False,True,False,True,1,ATTACK,predicted_class_of_audited_model,1.0,0.999708915449446,0.0,0.011623416349291801,-0.011623416349291801,0.008123829208535226,-0.027546121598020844,0.06557725032790898,-0.06557725032790898,0.3607447147369385,0.26728021610016006,0.09346448531886561,5,trapezoid_from_zero_normalized_by_max_fraction,True,correct,true_positive,high,high,binary
cicids2017_binary,44,1,ATTACK,rid_6763db466f45bfe9b75b59cc16ed26dc,mlp,gradient_x_input,deletion,training_median,False,True,False,True,1,ATTACK,predicted_class_of_audited_model,1.0,0.999708915449446,0.0,0.004272664666175842,-0.004272664666175842,0.003356642606940779,-0.010851684175779768,0.1527918775662349,-0.1527918775662349,0.23978593945503235,0.24084498323872686,-0.0010590611062943887,5,trapezoid_from_zero_normalized_by_max_fraction,True,correct,true_positive,high,high,binary
cicids2017_binary,44,0,BENIGN,rid_33a69276a5d16ca114039b67247fb720,mlp,gradient_x_input,deletion,training_median,False,True,False,True,0,BENIGN,predicted_class_of_audited_model,0.9999951174895614,0.0002862020401152,0.015517786352074837,0.004119406742237515,0.01139837960983732,0.0006655259263868356,0.010093948794119121,0.0011357288109740714,0.014382057541100765,0.7486772537231445,0.34925081349909304,0.3994264432042837,5,trapezoid_from_zero_normalized_by_max_fraction,True,correct,true_negative,medium,low,binary
cicids2017_binary,44,0,BENIGN,rid_a166987b4b632c8835afa38444b65826,mlp,gradient_x_input,deletion,training_median,False,False,True,True,1,ATTACK,predicted_class_of_audited_model,0.0003773162025026,8.623165194870003e-05,-0.0028844286057808865,-0.1721161143800895,0.16923168577430864,0.019600560677189093,0.13081458684701802,-0.1095023567098294,0.1066179281040485,4.645656108856201,2.1971020940542223,2.4485542055368428,5,trapezoid_from_zero_normalized_by_max_fraction,False,error,false_positive,low,low,binary
cicids2017_binary,44,0,BENIGN,rid_50c34fa18ed06d7cf21bc44c196340e1,mlp,gradient_x_input,deletion,training_median,False,True,False,True,0,BENIGN,predicted_class_of_audited_model,1.0,0.0002910845505537,8.534434529099965e-05,0.014830674862994582,-0.014745330517703582,0.005385347861294849,-0.025300612325841486,2.9795317381037245e-05,5.554902790996242e-05,3.3824245929718018,3.2198841648101806,0.1625400943756103,5,trapezoid_from_zero_normalized_by_max_fraction,True,correct,true_negative,high,medium,binary
cicids2017_binary,44,1,ATTACK,rid_fa64b7c56120407164b52d8625942bf1,mlp,gradient_x_input,deletion,training_median,False,True,False,True,1,ATTACK,predicted_class_of_audited_model,1.0,0.999708915449446,0.0,0.0174343535117805,-0.0174343535117805,0.00795617736018573,-0.03302846113774453,0.13539615148181752,-0.13539615148181752,0.2483900487422943,0.2248233520016074,0.023566714063286778,5,trapezoid_from_zero_normalized_by_max_fraction,True,correct,true_positive,high,high,binary
cicids2017_binary,44,0,BENIGN,rid_170152f86943d88309df691be2cdea2b,mlp,gradient_x_input,deletion,training_median,False,False,True,True,1,ATTACK,predicted_class_of_audited_model,0.0006975122960284,0.0004064277454745,0.0006342190487417465,-0.04101500949094755,0.041649228539689304,0.008908328304267165,0.02418890506332566,-0.05003282644414857,0.05066704549289031,0.6005262732505798,0.40641459327936175,0.19411170381307602,5,trapezoid_from_zero_normalized_by_max_fraction,False,error,false_positive,low,medium,binary
cicids2017_binary,44,0,BENIGN,rid_edc7a58dc803ece74ace74bd8c28f6d5,mlp,gradient_x_input,deletion,training_median,False,False,True,True,1,ATTACK,predicted_class_of_audited_model,0.0055519854649901,0.0052609009144362,0.00264213911123079,-0.007826960497364293,0.010469099608595083,0.0016595628036269487,0.007216356513486264,-0.006740899331611216,0.009383038442842006,1.0517274141311646,0.6484033373594282,0.4033240290880203,5,trapezoid_from_zero_normalized_by_max_fraction,False,error,false_positive,low,medium,binary
cicids2017_binary,44,1,ATTACK,rid_d3b962085e96dbfa0e52dfda3bb9e7c2,mlp,gradient_x_input,deletion,training_median,False,True,False,True,1,ATTACK,predicted_class_of_audited_model,1.0,0.999708915449446,7.01904296875e-05,0.052586448212387046,-0.05251625778269954,0.013109264906251503,-0.07821041699895248,0.13720128885557056,-0.13713109842588309,0.3829132914543152,0.36737803962826726,0.015535293549299245,5,trapezoid_from_zero_normalized_by_max_fraction,True,correct,true_positive,high,high,binary
cicids2017_binary,44,1,ATTACK,rid_7177cfc59180023877dc4fd1c7ac555e,mlp,gradient_x_input,deletion,training_median,False,True,False,True,1,ATTACK,predicted_class_of_audited_model,1.0,0.999708915449446,4.172325134277344e-07,0.011897762824315577,-0.011897345591802149,0.00666708122220823,-0.02496482478733028,0.1092853453088742,-0.10928492807636077,0.2940235733985901,0.24367041678819806,0.05035313584189862,5,trapezoid_from_zero_normalized_by_max_fraction,True,correct,true_positive,high,high,binary
cicids2017_binary,44,0,BENIGN,rid_afc61d955e91850c91feb237551ecb4c,mlp,gradient_x_input,deletion,training_median,False,False,True,True,1,ATTACK,predicted_class_of_audited_model,0.0005293551948852,0.0002382706443313,-0.02853838575829286,-0.11089784001213963,0.08235945425384676,0.01616121126940258,0.05068348016581771,-0.09767944786738246,0.0691410621090896,0.4157666265964508,0.25188333654403683,0.16388330197334292,5,trapezoid_from_zero_normalized_by_max_fraction,False,error,false_positive,low,low,binary
cicids2017_binary,44,0,BENIGN,rid_c7aef36fb993e0f38e19e4a32111735f,mlp,gradient_x_input,deletion,training_median,False,True,False,True,0,BENIGN,predicted_class_of_audited_model,0.9999999998220334,0.0002910843725872,0.00018328772373906176,0.06829369958184058,-0.06811041185810152,0.014416285647008692,-0.09636633172623855,0.04218691324271044,-0.04200362551897138,1.3316776752471924,1.0701876835823059,0.26148994398117065,5,trapezoid_from_zero_normalized_by_max_fraction,True,correct,true_negative,medium,medium,binary
cicids2017_binary,44,0,BENIGN,rid_7aea91f082ddcf09063756a4c57405b0,mlp,gradient_x_input,deletion,training_median,False,False,True,True,1,ATTACK,predicted_class_of_audited_model,0.0006129207322373,0.0003218361816834,-0.12683863649726845,-0.21071038335220635,0.08387174685493791,0.02545624985176448,0.033977497145479534,-0.16058299634180134,0.033744359844532903,1.0204155445098877,0.6079202394485475,0.4124952991008759,5,trapezoid_from_zero_normalized_by_max_fraction,False,error,false_positive,low,medium,binary
cicids2017_binary,44,0,BENIGN,rid_3d343d3bac4b8929962357a4df191d64,mlp,gradient_x_input,deletion,training_median,False,False,True,True,1,ATTACK,predicted_class_of_audited_model,0.8835129141807556,0.8832218296302017,0.7946303712025611,0.431366110571223,0.36326426063133804,0.026681776634691373,0.310967978427343,0.3025143945328558,0.4921159766697053,3.378052234649658,3.0885855631828307,0.2894663853645324,5,trapezoid_from_zero_normalized_by_max_fraction,False,error,false_positive,medium,high,binary
cicids2017_binary,44,0,BENIGN,rid_d3c2f0c8cd31e3340bd4afb942db8af2,mlp,gradient_x_input,deletion,training_median,False,False,True,True,1,ATTACK,predicted_class_of_audited_model,0.0006121650221757,0.0003210804716218,-0.03707095100253355,-0.10820176013884111,0.0711308091363076,0.015899043787102354,0.03996868331358698,-0.08963965212764836,0.05256870112511482,0.392098993062973,0.21330210006237033,0.1787968930006027,5,trapezoid_from_zero_normalized_by_max_fraction,False,error,false_positive,low,medium,binary
cicids2017_binary,44,0,BENIGN,rid_75683d48a13f79093aaf611fa878531b,mlp,gradient_x_input,deletion,training_median,False,True,False,True,0,BENIGN,predicted_class_of_audited_model,0.999999928744046,0.0002910132945998,0.010732650510351504,0.0014113015638355575,0.009321348946515947,0.0002934268409482018,0.008746232338257472,0.0002370297237800869,0.010495620786571418,0.8001421689987183,0.4733115320205689,0.3268306608200072,5,trapezoid_from_zero_normalized_by_max_fraction,True,correct,true_negative,medium,medium,binary
cicids2017_binary,44,0,BENIGN,rid_cdb595b98a90ebd778cd2680d10a5f11,mlp,gradient_x_input,deletion,training_median,False,True,False,True,0,BENIGN,predicted_class_of_audited_model,0.9999999999774744,0.0002910845280283,6.867887896402913e-05,0.014288316407091217,-0.014219637528127188,0.007087333981461439,-0.02811081213179161,0.023387899591112822,-0.023319220712148793,1.3446067571640015,1.1900363633632658,0.15457046532630922,5,trapezoid_from_zero_normalized_by_max_fraction,True,correct,true_negative,medium,medium,binary
cicids2017_binary,44,0,BENIGN,rid_da353e7fe7632ebd930a785e067b59bf,mlp,gradient_x_input,deletion,training_median,False,True,False,True,0,BENIGN,predicted_class_of_audited_model,0.9999628350233252,0.000253919573879,0.012693253429279138,0.0041068807834155115,0.008586372645863627,0.0006443215502649988,0.007323502407344229,0.001386758735516576,0.011306494693762562,0.7359224557876587,0.4126170043647289,0.323305391818285,5,trapezoid_from_zero_normalized_by_max_fraction,True,correct,true_negative,medium,low,binary
cicids2017_binary,44,0,BENIGN,rid_d7f9ee4f64dd469c9a4bacc706905855,mlp,gradient_x_input,deletion,training_median,False,True,False,True,0,BENIGN,predicted_class_of_audited_model,0.9999993536010264,0.0002904381515804,0.009722045820828387,0.0008436449007771128,0.008878400920051273,0.00017015961452883631,0.008544888075574754,0.000771567974895961,0.008950477845932423,0.5933725237846375,0.25041637848876414,0.34295617807842793,5,trapezoid_from_zero_normalized_by_max_fraction,True,correct,true_negative,medium,low,binary
cicids2017_binary,44,0,BENIGN,rid_256c6415884738e965ad01abe3be0bc8,mlp,gradient_x_input,deletion,training_median,False,False,True,True,1,ATTACK,predicted_class_of_audited_model,0.0003003261808771,9.241630323199995e-06,-0.01999273980763974,-0.00470336561027203,-0.015289374197367705,0.001083397112448701,-0.01741283253776716,-0.0033103873956834068,-0.016682352411956328,1.1546454429626465,0.5583384779691697,0.5963069411516189,5,trapezoid_from_zero_normalized_by_max_fraction,False,error,false_positive,low,low,binary
cicids2017_binary,44,0,BENIGN,rid_7bd6afca1530d5920af275eb937e27fd,mlp,gradient_x_input,deletion,training_median,False,False,True,True,1,ATTACK,predicted_class_of_audited_model,0.0006716133211739,0.00038052877062,-0.05579331312619615,-0.09284043976112752,0.03704712663493137,0.01283876350204563,0.011883150170921935,-0.07902141665835404,0.023228103532157887,0.3813238739967346,0.21106168051064014,0.1702621577233076,5,trapezoid_from_zero_normalized_by_max_fraction,False,error,false_positive,low,medium,binary
cicids2017_binary,44,0,BENIGN,rid_83e686e2c222505e944acd6ba4d0d212,mlp,gradient_x_input,deletion,training_median,False,False,True,True,1,ATTACK,predicted_class_of_audited_model,0.0004744371690321,0.0001833526184781,-0.04235339102460785,-0.09011782618234156,0.04776443515773371,0.013571076870435048,0.021165124491681016,-0.09194591788850266,0.049592526863894815,0.4363771080970764,0.27115346488356595,0.16522363129258155,5,trapezoid_from_zero_normalized_by_max_fraction,False,error,false_positive,low,low,binary
cicids2017_binary,44,0,BENIGN,rid_a06cf31d5832e4ccbf3873d58e1ee5d3,mlp,gradient_x_input,deletion,training_median,False,True,False,True,0,BENIGN,predicted_class_of_audited_model,0.9999081001078594,0.0001991846584132,0.004570106328537804,0.0016245090276607445,0.0029455973008770597,0.0002052235309164692,0.00254335918028078,0.0007084149735821948,0.0038616913549556096,1.0175532102584839,0.4282913648337126,0.5892618811875582,5,trapezoid_from_zero_normalized_by_max_fraction,True,correct,true_negative,medium,low,binary
cicids2017_binary,44,1,ATTACK,rid_ba95e93176abd300b3b467db4c4aedad,mlp,gradient_x_input,deletion,training_median,False,True,False,True,1,ATTACK,predicted_class_of_audited_model,1.0,0.999708915449446,8.124113082885743e-06,0.04493146965771711,-0.04492334554463423,0.01344655917905051,-0.07127860153557324,0.22008251800922413,-0.22007439389614125,0.35682111978530884,0.2845545225348324,0.07226659352518619,5,trapezoid_from_zero_normalized_by_max_fraction,True,correct,true_positive,high,high,binary
cicids2017_binary,44,0,BENIGN,rid_2e81c7d688e5f12cca89f28c3437b11d,mlp,gradient_x_input,deletion,training_median,False,True,False,True,0,BENIGN,predicted_class_of_audited_model,0.999981831324476,0.0002729158750298,0.003434377494386354,0.04025274604371925,-0.036818368549332896,0.010271371397542214,-0.056950256488515635,0.05862666383255674,-0.05519228633817039,0.4488063454627991,0.2781677685379982,0.1706385948061943,5,trapezoid_from_zero_normalized_by_max_fraction,True,correct,true_negative,medium,low,binary
cicids2017_binary,44,0,BENIGN,rid_a13aa3d7b9517c31ea570fd2fe06b255,mlp,gradient_x_input,deletion,training_median,False,True,False,True,0,BENIGN,predicted_class_of_audited_model,0.9998836153536104,0.0001746999041643,0.009394553970196284,0.011691099686890569,-0.0022965457166942843,0.002236719322690013,-0.00668051558916671,0.002237472404071616,0.00715708156612467,0.7159351706504822,0.3214110391885042,0.3945241046398878,5,trapezoid_from_zero_normalized_by_max_fraction,True,correct,true_negative,medium,low,binary
cicids2017_binary,44,0,BENIGN,rid_4d11b5125dd3225c134b4908ac1b967d,mlp,gradient_x_input,deletion,training_median,False,False,True,True,1,ATTACK,predicted_class_of_audited_model,0.0397932864725589,0.039502201922005,0.03776024704228505,-0.09503883927777311,0.13279908632005816,0.015395988668375557,0.10262294853004206,-0.17209364863257792,0.20985389567486298,7.892758369445801,5.365278780937194,2.5274791116714477,5,trapezoid_from_zero_normalized_by_max_fraction,False,error,false_positive,low,medium,binary
cicids2017_binary,44,0,BENIGN,rid_6af9b0d484092c85c23a1925088bc111,mlp,gradient_x_input,deletion,training_median,False,True,False,True,0,BENIGN,predicted_class_of_audited_model,0.999990914787304,0.0002819993378579,0.013717813357516206,0.005012472896497901,0.008705340461018306,0.0006956206833932944,0.007341923921567449,0.0008810790875583182,0.012836734269957888,1.0128285884857178,0.6399054461717606,0.37292309463024137,5,trapezoid_from_zero_normalized_by_max_fraction,True,correct,true_negative,medium,low,binary
cicids2017_binary,44,0,BENIGN,rid_bb9063bc642c023877b551bd7695745e,mlp,gradient_x_input,deletion,training_median,False,True,False,True,0,BENIGN,predicted_class_of_audited_model,0.9999972335697294,0.0002883181202832,0.0049291509107774805,0.005370180985758784,-0.0004410300749813033,0.0009079512453741365,-0.0022206145159146106,0.005432013551089768,-0.0005028626403122882,0.6320022344589233,0.3568954349160195,0.27510675781965255,5,trapezoid_from_zero_normalized_by_max_fraction,True,correct,true_negative,medium,low,binary
cicids2017_binary,44,0,BENIGN,rid_d2286e893cc535f93dd896b7e7235a17,mlp,gradient_x_input,deletion,training_median,False,False,True,True,1,ATTACK,predicted_class_of_audited_model,0.0040301098488271,0.0037390252982732,0.0034613168390933424,-0.04170111603295197,0.04516243287204531,0.009337216804936153,0.026861487934370452,-0.14810917863233589,0.15157049547142926,0.33135372400283813,0.25766020169854165,0.07369349250197411,5,trapezoid_from_zero_normalized_by_max_fraction,False,error,false_positive,low,medium,binary
cicids2017_binary,44,0,BENIGN,rid_6606c53602ccf84f893bda1ab3ed2ce9,mlp,gradient_x_input,deletion,training_median,False,False,True,True,1,ATTACK,predicted_class_of_audited_model,0.0044007590040564,0.0041096744535025,0.003464671301480848,-0.06699209054481575,0.0704567618462966,0.011558773521378666,0.04780156574439441,-0.16553067734490257,0.16899534864638338,0.4019469618797302,0.3516498066186905,0.050297164201736445,5,trapezoid_from_zero_normalized_by_max_fraction,False,error,false_positive,low,medium,binary
cicids2017_binary,44,0,BENIGN,rid_f025d48c1c165110532e600607f411d7,mlp,gradient_x_input,deletion,training_median,False,True,False,True,0,BENIGN,predicted_class_of_audited_model,0.9999992002770456,0.0002902848275993,0.00763540858287115,0.0017268554891417688,0.0059085530937293814,0.0003053360561481358,0.005310094423679035,0.001030667845445747,0.006604740737425403,0.5880736708641052,0.25401653759926557,0.33405716306716204,5,trapezoid_from_zero_normalized_by_max_fraction,True,correct,true_negative,medium,low,binary
cicids2017_binary,44,0,BENIGN,rid_b43f8008a4c6f438c1c5b2bc2f881b34,mlp,gradient_x_input,insertion,training_median,False,True,False,True,0,BENIGN,predicted_class_of_audited_model,0.9999999264855148,0.0002910110360687,0.022114325602554174,-0.04796112959535,0.07007545519790417,0.01275920466167408,0.04506741406102298,-0.07144233602018393,0.09355666162273811,4.509383678436279,4.3349419298172,0.17444179630279555,5,trapezoid_from_zero_normalized_by_max_fraction,True,correct,true_negative,medium,medium,binary
cicids2017_binary,44,0,BENIGN,rid_aafd008b38711a51fcaf7326aef63c03,mlp,gradient_x_input,insertion,training_median,False,True,False,True,0,BENIGN,predicted_class_of_audited_model,0.999916551008937,0.0002076355594908,0.022801782137321425,0.016361683261284968,0.006440098876036458,0.000673594780781486,0.005119853105704745,0.01288171705183936,0.009920065085482065,0.8296511769294739,0.38787344421446324,0.4417777207940817,5,trapezoid_from_zero_normalized_by_max_fraction,True,correct,true_negative,medium,low,binary
cicids2017_binary,44,0,BENIGN,rid_53e9038013ac53a866c7e39dfd851822,mlp,gradient_x_input,insertion,training_median,False,False,True,True,1,ATTACK,predicted_class_of_audited_model,0.0004146535939071,0.0001235690433532,-0.02266479403367612,-0.0039802432955248854,-0.01868455073815123,0.0027066468309036723,-0.023989578526722427,0.006834955512410163,-0.02949974954608628,0.7666345834732056,0.5039653072357179,0.26266928219795227,5,trapezoid_from_zero_normalized_by_max_fraction,False,error,false_positive,low,low,binary
cicids2017_binary,44,0,BENIGN,rid_55496a4ac4458a52e7831c033485d740,mlp,gradient_x_input,insertion,training_median,False,False,True,True,1,ATTACK,predicted_class_of_audited_model,0.0003318703675176,4.078581696370003e-05,-0.022858854675462226,-0.009646404410139682,-0.013212450265322544,0.0018183792176946173,-0.016776473532003993,-0.003023694992224204,-0.019835159683238023,0.5337454676628113,0.4135328215360641,0.12021264612674716,5,trapezoid_from_zero_normalized_by_max_fraction,False,error,false_positive,low,low,binary
cicids2017_binary,44,1,ATTACK,rid_5e6b5fcfed47e830975b1ea89bdf4698,mlp,gradient_x_input,insertion,training_median,False,True,False,True,1,ATTACK,predicted_class_of_audited_model,1.0,0.999708915449446,-0.007692126627080142,0.030647149801377924,-0.038339276428458066,0.009498223018279597,-0.05695579354428608,0.1859626897736173,-0.19365481640069745,0.19430533051490784,0.19808551561832427,-0.0037801869660615828,5,trapezoid_from_zero_normalized_by_max_fraction,True,correct,true_positive,high,high,binary
cicids2017_binary,44,1,ATTACK,rid_6a53462e703ca30ed590e502194cd872,mlp,gradient_x_input,insertion,training_median,False,True,False,True,1,ATTACK,predicted_class_of_audited_model,1.0,0.999708915449446,0.10135361943393946,0.09861358931967362,0.0027400301142658373,0.017214230036519704,-0.030999860757312786,0.29387528811108066,-0.19252166867714118,0.2840731739997864,0.23708844925463204,0.046984719902276983,5,trapezoid_from_zero_normalized_by_max_fraction,True,correct,true_positive,high,high,binary
cicids2017_binary,44,1,ATTACK,rid_a6fb9dbbaef07885e7f7bbd723e3e002,mlp,gradient_x_input,insertion,training_median,False,True,False,True,1,ATTACK,predicted_class_of_audited_model,1.0,0.999708915449446,0.3879251807928086,0.22613442205933612,0.16179075873347243,0.025482985666661517,0.11184410682681586,0.39271475596916716,-0.0047895751763585605,0.40893134474754333,0.3797383585572243,0.029193006306886683,5,trapezoid_from_zero_normalized_by_max_fraction,True,correct,true_positive,high,high,binary
cicids2017_binary,44,1,ATTACK,rid_55ae17d40bbdb9d1f2258028d12cc0cb,mlp,gradient_x_input,insertion,training_median,False,True,False,True,1,ATTACK,predicted_class_of_audited_model,1.0,0.999708915449446,0.10863170796073975,0.15236788578275628,-0.04373617782201655,0.020899579650402463,-0.08469935393680539,0.2889083928504138,-0.18027668488967408,0.35643869638442993,0.3487973576784134,0.0076413148641586185,5,trapezoid_from_zero_normalized_by_max_fraction,True,correct,true_positive,high,high,binary
cicids2017_binary,44,1,ATTACK,rid_18ee51725768818f45f75c2e662d5ddf,mlp,gradient_x_input,insertion,training_median,False,True,False,True,1,ATTACK,predicted_class_of_audited_model,1.0,0.999708915449446,-0.011239207931794226,0.02618172748818917,-0.0374209354199834,0.008247818453472425,-0.053586659588789345,0.1378820297979571,-0.14912123772975136,0.19911761581897736,0.19092160188406707,0.008196022875607016,5,trapezoid_from_zero_normalized_by_max_fraction,True,correct,true_positive,high,high,binary
cicids2017_binary,44,1,ATTACK,rid_36963c178b564b14363d80a70c5b4ee7,mlp,gradient_x_input,insertion,training_median,False,True,False,True,1,ATTACK,predicted_class_of_audited_model,1.0,0.999708915449446,0.15111803142353894,0.07209277210923606,0.07902525931430286,0.015148736519721815,0.0493337357356481,0.2927474079370646,-0.14162937651352567,0.25234636664390564,0.22127586068585514,0.031070514153689156,5,trapezoid_from_zero_normalized_by_max_fraction,True,correct,true_positive,high,high,binary
cicids2017_binary,44,1,ATTACK,rid_f87c7b34fe9304f7f7667fba446dfa64,mlp,gradient_x_input,insertion,training_median,False,True,False,True,1,ATTACK,predicted_class_of_audited_model,1.0,0.999708915449446,-0.009337483486160635,0.09276265628058515,-0.10210013976674578,0.01797906575062455,-0.1373391086379699,0.19001537028096524,-0.1993528537671259,0.279912531375885,0.30336185544729233,-0.023449325561523446,5,trapezoid_from_zero_normalized_by_max_fraction,True,correct,true_positive,high,high,binary
cicids2017_binary,44,1,ATTACK,rid_82693d0ba4a02241a7fec427ec63f62c,mlp,gradient_x_input,insertion,training_median,False,True,False,True,1,ATTACK,predicted_class_of_audited_model,1.0,0.999708915449446,0.5282501144334674,0.1892826655637747,0.33896744886969266,0.023620561799783328,0.29267114774211733,0.3988341141626498,0.12941600027081757,0.4000118672847748,0.3848035878688097,0.015208274200558657,5,trapezoid_from_zero_normalized_by_max_fraction,True,correct,true_positive,high,high,binary
cicids2017_binary,44,1,ATTACK,rid_ca3ee715be27ef5fd0091152fb0faae5,mlp,gradient_x_input,insertion,training_median,False,True,False,True,1,ATTACK,predicted_class_of_audited_model,1.0,0.999708915449446,0.6712733453139662,0.21839850034091784,0.4528748449730484,0.025112343423554527,0.4036546518628815,0.4007912557298793,0.2704820895840869,0.46566516160964966,0.41324830879271024,0.05241684834659101,5,trapezoid_from_zero_normalized_by_max_fraction,True,correct,true_positive,high,high,binary
cicids2017_binary,44,1,ATTACK,rid_efbc89c3e069caf741c900a8be7381b9,mlp,gradient_x_input,insertion,training_median,False,True,False,True,1,ATTACK,predicted_class_of_audited_model,1.0,0.999708915449446,0.03322330629453063,0.19182291991423067,-0.15859961361970004,0.024488161148392935,-0.2065964094705502,0.34236920854238484,-0.3091459022478542,0.30384403467178345,0.2553721308261156,0.048471898630261426,5,trapezoid_from_zero_normalized_by_max_fraction,True,correct,true_positive,high,high,binary
cicids2017_binary,44,1,ATTACK,rid_7e24cc105d01acf99847456e41226ec8,mlp,gradient_x_input,insertion,training_median,False,True,False,True,1,ATTACK,predicted_class_of_audited_model,1.0,0.999708915449446,0.006991380779072645,0.09474825733641226,-0.08775687655733963,0.01804850880322514,-0.12313195381166091,0.2805825131239943,-0.2735911323449217,0.34612447023391724,0.324851811081171,0.02127263680100441,5,trapezoid_from_zero_normalized_by_max_fraction,True,correct,true_positive,high,high,binary
cicids2017_binary,44,1,ATTACK,rid_251873791485539213f34e42aee4654b,mlp,gradient_x_input,insertion,training_median,False,True,False,True,1,ATTACK,predicted_class_of_audited_model,1.0,0.999708915449446,-0.00504305229987949,0.034658593621326415,-0.03970164592120591,0.010607013726585957,-0.060491392825314384,0.18864653618186678,-0.19368958848174628,0.2669016718864441,0.2821757733523846,-0.015274107426404953,5,trapezoid_from_zero_normalized_by_max_fraction,True,correct,true_positive,high,high,binary
cicids2017_binary,44,1,ATTACK,rid_d569863fa3cc4a481a9505aea214e825,mlp,gradient_x_input,insertion,training_median,False,True,False,True,1,ATTACK,predicted_class_of_audited_model,1.0,0.999708915449446,0.058721026964485654,0.06600343905937034,-0.007282412094884689,0.01524036104031915,-0.03715351973391022,0.24100655012461802,-0.18228552316013236,0.262707382440567,0.22938744009286163,0.03331993489712478,5,trapezoid_from_zero_normalized_by_max_fraction,True,correct,true_positive,high,high,binary
cicids2017_binary,44,1,ATTACK,rid_106f5d03f73123fcbd65cff52a82d265,mlp,gradient_x_input,insertion,training_median,False,True,False,True,1,ATTACK,predicted_class_of_audited_model,1.0,0.999708915449446,0.47195646977052097,0.21593183820160178,0.25602463156891914,0.026217177693223518,0.20463896329020104,0.3707695706011974,0.1011868991693235,0.4335566461086273,0.3862620504796505,0.04729459190368653,5,trapezoid_from_zero_normalized_by_max_fraction,True,correct,true_positive,high,high,binary
cicids2017_binary,44,0,BENIGN,rid_83434139ec41e5af924df74e57ed1631,mlp,gradient_x_input,insertion,training_median,False,True,False,True,0,BENIGN,predicted_class_of_audited_model,0.9999905833337834,0.0002816678843373,0.022853241606389928,0.017895749234786297,0.004957492371603634,0.0006224050443115439,0.0037375784847530078,0.014073801305759744,0.008779440300630185,0.7747359275817871,0.3867461121529341,0.38798980946838857,5,trapezoid_from_zero_normalized_by_max_fraction,True,correct,true_negative,medium,low,binary
cicids2017_binary,44,1,ATTACK,rid_b15622503e4a49fca56ee45408f83621,mlp,gradient_x_input,insertion,training_median,False,True,False,True,1,ATTACK,predicted_class_of_audited_model,1.0,0.999708915449446,-0.003281410364434122,0.05804690046406589,-0.061328310828500016,0.012061685554597773,-0.08496921451551165,0.2231739920243559,-0.22645540238879003,0.2259071320295334,0.19969820674508812,0.02620892379432916,5,trapezoid_from_zero_normalized_by_max_fraction,True,correct,true_positive,high,high,binary
cicids2017_binary,44,1,ATTACK,rid_6c9110613ff850a03c20f3be4b50f878,mlp,gradient_x_input,insertion,training_median,False,True,False,True,1,ATTACK,predicted_class_of_audited_model,1.0,0.999708915449446,0.0235322386957705,0.12419356317415337,-0.10066132447838286,0.02024572417625034,-0.14034294386383353,0.29390105736159544,-0.27036881866582496,0.308098167181015,0.24177448697015644,0.06632369883731007,5,trapezoid_from_zero_normalized_by_max_fraction,True,correct,true_positive,high,high,binary
cicids2017_binary,44,1,ATTACK,rid_2d5bc408fd23885e456a3237a2ac9ecd,mlp,gradient_x_input,insertion,training_median,False,True,False,True,1,ATTACK,predicted_class_of_audited_model,0.0305627360939979,0.0302716515434439,0.062039703130722046,0.07390899750662679,-0.011869294375904742,0.014001159379238095,-0.03931156675921141,0.09172884834424022,-0.029689145213518182,1.6030962467193604,1.10799949157238,0.4950966359376907,5,trapezoid_from_zero_normalized_by_max_fraction,True,correct,true_positive,low,medium,binary
cicids2017_binary,44,1,ATTACK,rid_fc1f445c0bc6dd4ecfead7d3e81d2885,mlp,gradient_x_input,insertion,training_median,False,True,False,True,1,ATTACK,predicted_class_of_audited_model,1.0,0.999708915449446,0.4557912691496313,0.2797410751884951,0.17605019396113616,0.025913994729331834,0.12525876429164579,0.3584075899831456,0.09738367916648569,0.4246681332588196,0.3973631955683231,0.027304904162883753,5,trapezoid_from_zero_normalized_by_max_fraction,True,correct,true_positive,high,high,binary
cicids2017_binary,44,1,ATTACK,rid_a57d40b38f9928b068d8ab9a16b272d1,mlp,gradient_x_input,insertion,training_median,False,True,False,True,1,ATTACK,predicted_class_of_audited_model,1.0,0.999708915449446,0.34534001322463154,0.1028615769846062,0.24247843624002535,0.018135136660733894,0.20693356838498692,0.35031620048821444,-0.004976187263582822,0.347962349653244,0.25191511551849544,0.09604725220240651,5,trapezoid_from_zero_normalized_by_max_fraction,True,correct,true_positive,high,high,binary
cicids2017_binary,44,0,BENIGN,rid_8fe581c4852bb79d8e79d4c870372f56,mlp,gradient_x_input,insertion,training_median,False,True,False,True,0,BENIGN,predicted_class_of_audited_model,0.9999999875761248,0.0002910721266786,0.02285400944565481,0.006961099735380626,0.015892909710274183,0.007247641890462826,0.0016875316049670443,0.0007847101674641329,0.02206929927819068,0.7728716731071472,0.7197430411577225,0.0531286140680313,5,trapezoid_from_zero_normalized_by_max_fraction,True,correct,true_negative,medium,medium,binary
cicids2017_binary,44,0,BENIGN,rid_b8daf95ad9fafc5acbc8ddd2dfef7434,mlp,gradient_x_input,insertion,training_median,False,True,False,True,0,BENIGN,predicted_class_of_audited_model,0.999998654434762,0.000289738985316,0.022859804240864534,0.016004544468525114,0.006855259772339421,0.0008661675126699344,0.00515757144750635,0.008949100191402238,0.013910704049462295,0.545912504196167,0.25146634630858894,0.294446181729436,5,trapezoid_from_zero_normalized_by_max_fraction,True,correct,true_negative,medium,low,binary
cicids2017_binary,44,0,BENIGN,rid_e1a1255f532f2ea71d66b0858c41f626,mlp,gradient_x_input,insertion,training_median,False,False,True,True,1,ATTACK,predicted_class_of_audited_model,0.0232660956680774,0.0229750111175234,0.12800357218366115,0.17700247440346673,-0.04899890221980556,0.020886432537707198,-0.08993630999371166,0.15241751228607778,-0.024413940102416626,0.4823736548423767,0.3322171368598938,0.15015653586387637,5,trapezoid_from_zero_normalized_by_max_fraction,False,error,false_positive,low,medium,binary
cicids2017_binary,44,0,BENIGN,rid_1942b4cba9f38cc94323827be82fbfad,mlp,gradient_x_input,insertion,training_median,False,True,False,True,0,BENIGN,predicted_class_of_audited_model,0.999999999999994,0.0002910845505479,0.02286021671445128,0.019019452818800457,0.0038407638956508257,0.0018749918376437485,0.0001657798938690786,-0.002491119105823132,0.025351335820274414,1.250465989112854,0.9153409299850462,0.3351250710487366,5,trapezoid_from_zero_normalized_by_max_fraction,True,correct,true_negative,medium,medium,binary
cicids2017_binary,44,0,BENIGN,rid_778c25a12e882214c56d0f0a963e2d7b,mlp,gradient_x_input,insertion,training_median,False,True,False,True,0,BENIGN,predicted_class_of_audited_model,0.999960211553116,0.0002512961036699,0.022838143894000497,0.01662099382520455,0.006217150068795946,0.0007421932659958932,0.004762451267443995,0.011916680526320406,0.01092146336768009,0.7205455899238586,0.4552738035470247,0.26527177445590494,5,trapezoid_from_zero_normalized_by_max_fraction,True,correct,true_negative,medium,low,binary
cicids2017_binary,44,0,BENIGN,rid_02cf42167a49f18c86ced9372b483304,mlp,gradient_x_input,insertion,training_median,False,False,True,True,1,ATTACK,predicted_class_of_audited_model,0.0005988314514979,0.000307746900944,-0.018328022927744315,0.05556372271708608,-0.07389174564483039,0.01077015509357152,-0.09500124962823057,0.03661148988741958,-0.05493951281516389,1.1846108436584473,0.8227703202962875,0.3618404875993729,5,trapezoid_from_zero_normalized_by_max_fraction,False,error,false_positive,low,medium,binary
cicids2017_binary,44,1,ATTACK,rid_6c91823a71c3ee2c103e436f4d8761df,mlp,gradient_x_input,insertion,training_median,False,True,False,True,1,ATTACK,predicted_class_of_audited_model,1.0,0.999708915449446,0.4346635372377932,0.20764745863942846,0.2270160785983647,0.026656831266225475,0.17476868931656278,0.35545620713065623,0.07920733010713696,0.4067412316799164,0.36165053153038024,0.04509070163965226,5,trapezoid_from_zero_normalized_by_max_fraction,True,correct,true_positive,high,high,binary
cicids2017_binary,44,1,ATTACK,rid_deb4ad8feb40fc6e5f2b1b56ed74cb67,mlp,gradient_x_input,insertion,training_median,False,True,False,True,1,ATTACK,predicted_class_of_audited_model,1.0,0.999708915449446,0.02602225271984935,0.16530796766605588,-0.1392857149462065,0.023841189178584268,-0.18601444573623166,0.34092926257530826,-0.3149070098554589,0.37121930718421936,0.36497007216513155,0.006249239489436159,5,trapezoid_from_zero_normalized_by_max_fraction,True,correct,true_positive,high,high,binary
cicids2017_binary,44,1,ATTACK,rid_dac427001f980497c88975a48c512494,mlp,gradient_x_input,insertion,training_median,False,True,False,True,1,ATTACK,predicted_class_of_audited_model,1.0,0.999708915449446,-0.014955681428546086,0.0036625253145854174,-0.018618206743131506,0.004759622971009429,-0.027947067766309987,0.13805362197460846,-0.15300930340315455,0.20395293831825256,0.20203819496184589,0.001914740376174448,5,trapezoid_from_zero_normalized_by_max_fraction,True,correct,true_positive,high,high,binary
cicids2017_binary,44,1,ATTACK,rid_78b003c13c8bdf2cc313eca564e2b36e,mlp,gradient_x_input,insertion,training_median,False,True,False,True,1,ATTACK,predicted_class_of_audited_model,1.0,0.999708915449446,-0.013328792911488562,0.03871730158610052,-0.05204609449758908,0.012991095499275334,-0.07750864167616874,0.18524232437314894,-0.1985711172846375,0.24798612296581268,0.25055462287366387,-0.0025684894770383855,5,trapezoid_from_zero_normalized_by_max_fraction,True,correct,true_positive,high,high,binary
cicids2017_binary,44,0,BENIGN,rid_a8af8a5d686a7ec31526eb3aed88b0fe,mlp,gradient_x_input,insertion,training_median,False,False,True,True,1,ATTACK,predicted_class_of_audited_model,0.0051994803361594,0.0049083957856055,0.17003856375813486,0.2098762044209849,-0.039837640662850046,0.022748806489278812,-0.08442530138183652,0.12013714545188531,0.04990141830624954,0.3594597280025482,0.31792167922854425,0.04153804877400398,5,trapezoid_from_zero_normalized_by_max_fraction,False,error,false_positive,low,medium,binary
cicids2017_binary,44,1,ATTACK,rid_43d5afb83ec4ff10a6451c55f2fd0ad5,mlp,gradient_x_input,insertion,training_median,False,True,False,True,1,ATTACK,predicted_class_of_audited_model,1.0,0.999708915449446,-0.0034299997845664617,0.08531103566421766,-0.08874103544878413,0.01756525434822722,-0.12316893397130949,0.24195620949642022,-0.24538620928098667,0.2869306206703186,0.30642515654861924,-0.019494525447487837,5,trapezoid_from_zero_normalized_by_max_fraction,True,correct,true_positive,high,high,binary
cicids2017_binary,44,1,ATTACK,rid_80d2895bbb9863bb1405bf5ef993622a,mlp,gradient_x_input,insertion,training_median,False,True,False,True,1,ATTACK,predicted_class_of_audited_model,1.0,0.999708915449446,0.0022490717470645917,0.049652726685910836,-0.04740365493884625,0.01207689617652426,-0.0710743714448338,0.1860755702903107,-0.18382649854324606,0.23326916992664337,0.23604605261981487,-0.0027768871635198617,5,trapezoid_from_zero_normalized_by_max_fraction,True,correct,true_positive,high,high,binary
cicids2017_binary,44,0,BENIGN,rid_b3738471a2eaff8f9645a3b698e8a185,mlp,gradient_x_input,insertion,training_median,False,True,False,True,0,BENIGN,predicted_class_of_audited_model,0.9999999971567884,0.0002910817073422,0.022860159457641704,0.020700389086805313,0.0021597703708363903,0.0004535768635441395,0.001270759718289877,0.018094734184790434,0.00476542527285127,0.930249810218811,0.7643637641668319,0.16588597452640533,5,trapezoid_from_zero_normalized_by_max_fraction,True,correct,true_negative,medium,medium,binary
cicids2017_binary,44,1,ATTACK,rid_c92c5916c6e4f274f515ea4066982d45,mlp,gradient_x_input,insertion,training_median,False,True,False,True,1,ATTACK,predicted_class_of_audited_model,1.0,0.999708915449446,0.10917108762077987,0.15724018872157822,-0.048069101100798324,0.021493128099946555,-0.09019563217669357,0.2676064078480439,-0.15843532022726403,0.35747283697128296,0.35296563655138014,0.004507227241992945,5,trapezoid_from_zero_normalized_by_max_fraction,True,correct,true_positive,high,high,binary
cicids2017_binary,44,1,ATTACK,rid_40de4b68c679e9dfd08039227b462c71,mlp,gradient_x_input,insertion,training_median,False,True,False,True,1,ATTACK,predicted_class_of_audited_model,1.0,0.999708915449446,0.017398083768785003,0.1938739484810011,-0.1764758647122161,0.02361195939723246,-0.22275530513079173,0.2560999086145497,-0.2387018248457647,0.3586037755012512,0.35186068524420266,0.00674307610094548,5,trapezoid_from_zero_normalized_by_max_fraction,True,correct,true_positive,high,high,binary
cicids2017_binary,44,0,BENIGN,rid_4d7c552441703862cf3577402b80500e,mlp,gradient_x_input,insertion,training_median,False,False,True,True,1,ATTACK,predicted_class_of_audited_model,0.0060970713384449,0.005805986787891,-0.0022782839964065726,0.11751284785145802,-0.11979113184786461,0.017507880038168236,-0.15410657672267436,0.09999106022705531,-0.10226934422346189,0.4664042890071869,0.3101942088901996,0.1562101278007031,5,trapezoid_from_zero_normalized_by_max_fraction,False,error,false_positive,low,medium,binary
cicids2017_binary,44,1,ATTACK,rid_0b8b08fd4970e97270b5bf0241e5c27d,mlp,gradient_x_input,insertion,training_median,False,True,False,True,1,ATTACK,predicted_class_of_audited_model,1.0,0.999708915449446,0.002838472649455071,0.12108178396711754,-0.11824331131766247,0.0183868355962769,-0.15428150908636518,0.27247984508977885,-0.2696413724403237,0.25421231985092163,0.21836581505089997,0.035846499957144264,5,trapezoid_from_zero_normalized_by_max_fraction,True,correct,true_positive,high,high,binary
cicids2017_binary,44,1,ATTACK,rid_acbf8b93615aa0ebc61e1e3fff2c08de,mlp,gradient_x_input,insertion,training_median,False,True,False,True,1,ATTACK,predicted_class_of_audited_model,0.982292413711548,0.982001329160994,0.320489426329732,0.17541918039351004,0.14507024593622192,0.02185534873481842,0.10223376241597781,0.21084574598609468,0.10964368034363724,0.2289537638425827,0.07496583907306194,0.15398793669044972,5,trapezoid_from_zero_normalized_by_max_fraction,True,correct,true_positive,medium,high,binary
cicids2017_binary,44,1,ATTACK,rid_e1cbbd4a0ed8182417c93ace19d64934,mlp,gradient_x_input,insertion,training_median,False,True,False,True,1,ATTACK,predicted_class_of_audited_model,1.0,0.999708915449446,0.2809410291723907,0.1846299310777495,0.09631109809464122,0.024846685056098737,0.0476115953846877,0.35878617151073783,-0.0778451423383471,0.3982170820236206,0.38618258574604986,0.012034519374370578,5,trapezoid_from_zero_normalized_by_max_fraction,True,correct,true_positive,high,high,binary
cicids2017_binary,44,0,BENIGN,rid_61c1752f2770ab0999135d3da5a54722,mlp,gradient_x_input,insertion,training_median,False,False,True,True,1,ATTACK,predicted_class_of_audited_model,0.0002996151451952,8.530594641299987e-06,0.8197490248829127,0.08918575017599255,0.7305632747069202,0.016022114621682612,0.6991599300484223,0.026449315636007234,0.7932997092469054,1.0018301010131836,0.4924757532477379,0.5093544073700904,5,trapezoid_from_zero_normalized_by_max_fraction,False,error,false_positive,low,low,binary
cicids2017_binary,44,0,BENIGN,rid_f7c0a2da09c3a98f81a337ab91f0d35e,mlp,gradient_x_input,insertion,training_median,False,True,False,True,0,BENIGN,predicted_class_of_audited_model,0.9999964758819716,0.0002875604325253,-0.07691444196134399,-0.0725158851534436,-0.004398556807900394,0.015044947134036464,-0.03388665319061186,-0.07961716089951543,0.00270271893817145,0.7761748433113098,0.6040587037801743,0.17211610376834868,5,trapezoid_from_zero_normalized_by_max_fraction,True,correct,true_negative,medium,low,binary
cicids2017_binary,44,0,BENIGN,rid_db23bfbbb57f0742ce3c6b906dee30e0,mlp,gradient_x_input,insertion,training_median,False,True,False,True,0,BENIGN,predicted_class_of_audited_model,0.9999984954193906,0.0002895799699444,-0.037365463655441994,-0.011218119258705597,-0.026147344396736397,0.004826910188798214,-0.03560808836678089,-0.010323782033663917,-0.027041681621778092,0.395310640335083,0.28324267715215684,0.1120679423213005,5,trapezoid_from_zero_normalized_by_max_fraction,True,correct,true_negative,medium,low,binary
cicids2017_binary,44,0,BENIGN,rid_33c6d7a550b2688addab1d5ff7a23e12,mlp,gradient_x_input,insertion,training_median,False,True,False,True,0,BENIGN,predicted_class_of_audited_model,0.9999983313407484,0.0002894158913022,0.022791062767828406,0.003696328410987366,0.01909473435684104,0.0023625784342597247,0.014464080625691982,0.006077107754522072,0.016713955013306334,0.6395390033721924,0.37014828634262087,0.2693906693458557,5,trapezoid_from_zero_normalized_by_max_fraction,True,correct,true_negative,medium,low,binary
cicids2017_binary,44,0,BENIGN,rid_dc4241549bc2dc41a6b5876e8b363380,mlp,gradient_x_input,insertion,training_median,False,False,True,True,1,ATTACK,predicted_class_of_audited_model,0.0006816462846472,0.0003905617340932,0.05146914846263825,0.11662757562579645,-0.0651584271631582,0.01570469886968629,-0.09593963694774332,0.08462238643988532,-0.033153237977247056,0.36620303988456726,0.17596432019770147,0.19023872266709801,5,trapezoid_from_zero_normalized_by_max_fraction,False,error,false_positive,low,medium,binary
cicids2017_binary,44,0,BENIGN,rid_2664981abd77bf2824e7d96ee15749cb,mlp,gradient_x_input,insertion,training_median,False,False,True,True,1,ATTACK,predicted_class_of_audited_model,0.0053435596637427,0.0050524751131888,0.1672187002375722,0.20905576941594461,-0.04183706917837243,0.023389914223159253,-0.08768130105576458,0.1149475877939119,0.05227111244366031,0.35799843072891235,0.3160563764870167,0.04194204828143121,5,trapezoid_from_zero_normalized_by_max_fraction,False,error,false_positive,low,medium,binary
cicids2017_binary,44,1,ATTACK,rid_a61a34f331ad0ebf5f6fad1eb56a438c,mlp,gradient_x_input,insertion,training_median,False,True,False,True,1,ATTACK,predicted_class_of_audited_model,1.0,0.999708915449446,-0.017042672412935646,0.0998398650018673,-0.11688253741480292,0.019011630549026423,-0.15414533329089472,0.14298104537117312,-0.1600237177841088,0.37590542435646057,0.40259900267422194,-0.02669359619915484,5,trapezoid_from_zero_normalized_by_max_fraction,True,correct,true_positive,high,high,binary
cicids2017_binary,44,0,BENIGN,rid_04571e92bbc967d28b7d3b8562d7589b,mlp,gradient_x_input,insertion,training_median,False,False,True,True,1,ATTACK,predicted_class_of_audited_model,0.0004665509040933,0.0001754663535394,-0.002380434423685075,0.08847423137806534,-0.09085466580175043,0.015198292733208262,-0.12064331955883863,0.0914953734983177,-0.09387580792200279,0.40676188468933105,0.2440027167201042,0.16275915008783337,5,trapezoid_from_zero_normalized_by_max_fraction,False,error,false_positive,low,low,binary
cicids2017_binary,44,1,ATTACK,rid_7eea0881a850fed6d6ee4de04fbf4431,mlp,gradient_x_input,insertion,training_median,False,True,False,True,1,ATTACK,predicted_class_of_audited_model,1.0,0.999708915449446,0.007770895771682263,0.07563368343896146,-0.0678627876672792,0.015077754048878973,-0.09741518560308199,0.24539827738490055,-0.23762738161321828,0.30676349997520447,0.30918276409804824,-0.0024192760437726944,5,trapezoid_from_zero_normalized_by_max_fraction,True,correct,true_positive,high,high,binary
cicids2017_binary,44,0,BENIGN,rid_3c0515f2a7833a7f4d1aaba711587eea,mlp,gradient_x_input,insertion,training_median,False,False,True,True,1,ATTACK,predicted_class_of_audited_model,0.00032306756475,3.198301419609999e-05,-0.02253482973537757,-0.0019150260646820239,-0.020619803670695547,0.0024989979039630986,-0.02551783956246322,0.01673769456843354,-0.03927252430381111,1.5937714576721191,1.2309407892227173,0.36283070421218877,5,trapezoid_from_zero_normalized_by_max_fraction,False,error,false_positive,low,low,binary
cicids2017_binary,44,0,BENIGN,rid_66e107f4b57fae70a5cabd2ec7a0f45a,mlp,gradient_x_input,insertion,training_median,False,False,True,True,1,ATTACK,predicted_class_of_audited_model,0.0003728656156454,8.178106509150002e-05,0.32139924011426046,0.15705169636939081,0.16434754374486965,0.020913935923276304,0.12335622933524809,0.1530754904079531,0.16832374970630734,0.44839969277381897,0.26292737987637516,0.18547230097651485,5,trapezoid_from_zero_normalized_by_max_fraction,False,error,false_positive,low,low,binary
cicids2017_binary,44,0,BENIGN,rid_3901d4fa6cb9b5601d7e301cc99a424e,mlp,gradient_x_input,insertion,training_median,False,True,False,True,0,BENIGN,predicted_class_of_audited_model,0.9999870754327276,0.0002781599832814,0.02274953470223409,-0.0018082095041220187,0.024557744206356105,0.004014325840890824,0.01668966555821009,-0.004178701833087435,0.02692823653532152,0.8394215703010559,0.4729170939326286,0.36650451213121416,5,trapezoid_from_zero_normalized_by_max_fraction,True,correct,true_negative,medium,low,binary
cicids2017_binary,44,0,BENIGN,rid_805e075631af31af30851838c2829780,mlp,gradient_x_input,insertion,training_median,False,False,True,True,1,ATTACK,predicted_class_of_audited_model,0.0035140302497893,0.0032229456992354,-0.01644577207043767,0.033256057012060185,-0.04970182908249785,0.008248248203576093,-0.06586839556150699,0.04619560032013151,-0.06264137239056919,1.6752039194107056,1.0701957918405534,0.6050080560445784,5,trapezoid_from_zero_normalized_by_max_fraction,False,error,false_positive,low,medium,binary
cicids2017_binary,44,0,BENIGN,rid_c8d2fd48e9082380a9e73d8f31ac2fb2,mlp,gradient_x_input,insertion,training_median,False,False,True,True,1,ATTACK,predicted_class_of_audited_model,0.0055050137452781,0.0052139291947242,-0.00198063866234861,0.17682504391924395,-0.17880568258159257,0.020427504326321556,-0.2188435910611828,0.11923188636388035,-0.12121252502622895,0.5381502509117126,0.3260121859908104,0.21213802915811536,5,trapezoid_from_zero_normalized_by_max_fraction,False,error,false_positive,low,medium,binary
cicids2017_binary,44,0,BENIGN,rid_506b35e452663e3321212c449da0c1a1,mlp,gradient_x_input,insertion,training_median,False,True,False,True,0,BENIGN,predicted_class_of_audited_model,0.9999988101995996,0.0002898947501534,0.022859458716292736,0.020987294804674532,0.001872163911618203,0.00028779513488131557,0.0013080854472508245,0.01420084399000455,0.008658614726288186,0.8659188151359558,0.525462985754013,0.3404558770656586,5,trapezoid_from_zero_normalized_by_max_fraction,True,correct,true_negative,medium,low,binary
cicids2017_binary,44,0,BENIGN,rid_03c1fef695eba7c94c9eb14e87aabe8a,mlp,gradient_x_input,insertion,training_median,False,False,True,True,1,ATTACK,predicted_class_of_audited_model,0.0056022871285676,0.0053112025780137,0.011988515965640543,0.05356837055890583,-0.041579854593265284,0.007477891441423709,-0.05623652181845575,0.03736947809067533,-0.02538096212503478,0.5600506067276001,0.2705504085719585,0.28950013855099677,5,trapezoid_from_zero_normalized_by_max_fraction,False,error,false_positive,low,medium,binary
cicids2017_binary,44,1,ATTACK,rid_a63449df7a66dba5323eb47b344aec83,mlp,gradient_x_input,insertion,training_median,False,True,False,True,1,ATTACK,predicted_class_of_audited_model,1.0,0.999708915449446,0.04017229564487934,0.0865956499057348,-0.04642335426085545,0.016560423446943702,-0.0788817842168651,0.2511873791979686,-0.21101508355308923,0.26728707551956177,0.274055041000247,-0.006767954304814336,5,trapezoid_from_zero_normalized_by_max_fraction,True,correct,true_positive,high,high,binary
cicids2017_binary,44,0,BENIGN,rid_9766ad0fc84b22e12fc3d900dbfea79c,mlp,gradient_x_input,insertion,training_median,False,True,False,True,0,BENIGN,predicted_class_of_audited_model,0.9999999994521136,0.0002910840026673,0.02135963014454223,-0.08197232803063138,0.10333195817517361,0.016245756981966945,0.0714902744905184,-0.01285114315560035,0.03421077330014258,1.0124943256378174,0.7666980084180832,0.24579632914066313,5,trapezoid_from_zero_normalized_by_max_fraction,True,correct,true_negative,medium,medium,binary
cicids2017_binary,44,0,BENIGN,rid_ff3a685a29af6eb6ff89b3fa1d58682c,mlp,gradient_x_input,insertion,training_median,False,False,True,True,1,ATTACK,predicted_class_of_audited_model,0.0006267685675993,0.0003356840170454,-0.021913936594501138,0.20665869910639817,-0.2285726357008993,0.02634240257420545,-0.280203744746342,0.18082048692835168,-0.2027344235228528,8.60435962677002,4.134028254032135,4.4703312773704535,5,trapezoid_from_zero_normalized_by_max_fraction,False,error,false_positive,low,medium,binary
cicids2017_binary,44,0,BENIGN,rid_881943a4e2ba9628edeb11a436511150,mlp,gradient_x_input,insertion,training_median,False,False,True,True,1,ATTACK,predicted_class_of_audited_model,0.0050212540663778,0.0047301695158239,0.15773740283129883,0.17367445247098773,-0.0159370496396889,0.02166267238185765,-0.05839588750812989,0.12409791951998046,0.0336394833113184,0.37903690338134766,0.33650534188747405,0.04253154361248017,5,trapezoid_from_zero_normalized_by_max_fraction,False,error,false_positive,low,medium,binary
cicids2017_binary,44,1,ATTACK,rid_efaf4d8fed5eeff85d1e38de1a9f2295,mlp,gradient_x_input,insertion,training_median,False,True,False,True,1,ATTACK,predicted_class_of_audited_model,1.0,0.999708915449446,0.16470698956400157,0.07449039774249427,0.09021659182150729,0.01685592275459898,0.05717898322249329,0.2934228581516778,-0.12871586858767625,0.32468146085739136,0.33928247517347343,-0.0146010031402111,5,trapezoid_from_zero_normalized_by_max_fraction,True,correct,true_positive,high,high,binary
cicids2017_binary,44,1,ATTACK,rid_18115faed31276c793dba319c954cab3,mlp,gradient_x_input,insertion,training_median,False,True,False,True,1,ATTACK,predicted_class_of_audited_model,1.0,0.999708915449446,0.009549497440457345,0.19487996719438044,-0.1853304697539231,0.023652972478903356,-0.23169029581257367,0.29062779954655615,-0.28107830210609885,0.33112937211990356,0.31797670567035674,0.013152654528617863,5,trapezoid_from_zero_normalized_by_max_fraction,True,correct,true_positive,high,high,binary
cicids2017_binary,44,0,BENIGN,rid_d069dccf8aa1cdeb221511e98afa16ff,mlp,gradient_x_input,insertion,training_median,False,True,False,True,0,BENIGN,predicted_class_of_audited_model,0.9999988666803574,0.0002899512309113,0.022859638268071338,0.016196764796237016,0.00666287347183432,0.0007555963793506691,0.005181904568307008,0.008827927005508884,0.014031711262562453,0.5034264326095581,0.23165505357831714,0.2717714237347245,5,trapezoid_from_zero_normalized_by_max_fraction,True,correct,true_negative,medium,low,binary
cicids2017_binary,44,0,BENIGN,rid_907b952015e4b86327e97a286d948604,mlp,gradient_x_input,insertion,training_median,False,False,True,True,1,ATTACK,predicted_class_of_audited_model,0.0004101309168618,0.0001190463663079,-0.022733734211618638,0.05548868095998449,-0.07822241517160312,0.014723778864584246,-0.10708102174618825,0.0351113589849118,-0.05784509319653043,1.019690752029419,0.7684933841228485,0.25119743943214423,5,trapezoid_from_zero_normalized_by_max_fraction,False,error,false_positive,low,low,binary
cicids2017_binary,44,0,BENIGN,rid_b788bd1474feaa6619f1f4a89df10aca,mlp,gradient_x_input,insertion,training_median,False,True,False,True,0,BENIGN,predicted_class_of_audited_model,0.9999999258489892,0.0002910103995432,0.02286018585468525,0.012705122413490581,0.010155063441194673,0.0007775144468777816,0.008631135125314222,0.011049278337028554,0.011810907517656703,0.4473441243171692,0.168016014136374,0.279328083358705,5,trapezoid_from_zero_normalized_by_max_fraction,True,correct,true_negative,medium,medium,binary
cicids2017_binary,44,0,BENIGN,rid_61a7ed70a1d938e6ada746e80daf623c,mlp,gradient_x_input,insertion,training_median,False,True,False,True,0,BENIGN,predicted_class_of_audited_model,0.9999999999999898,0.0002910845505436,0.022860216694522338,0.01819547983757033,0.00466473685695201,0.0018603124071490465,0.001018524538939879,0.007015979475958764,0.015844237218563578,1.1948202848434448,0.9385112955570222,0.25630894160270684,5,trapezoid_from_zero_normalized_by_max_fraction,True,correct,true_negative,medium,medium,binary
cicids2017_binary,44,0,BENIGN,rid_f7bad2aabb1c4825815a37d7929d5ba9,mlp,gradient_x_input,insertion,training_median,False,False,True,True,1,ATTACK,predicted_class_of_audited_model,0.0009166751406155,0.0006255905900615,0.012294029211625458,0.11403809323123823,-0.10174406401961276,0.01462234106112386,-0.13040385249941552,0.10698514771345707,-0.09469111850183162,0.5284863710403442,0.2720594665408135,0.256426844894886,5,trapezoid_from_zero_normalized_by_max_fraction,False,error,false_positive,low,medium,binary
cicids2017_binary,44,0,BENIGN,rid_eb008002591031be87777396dcdd0f50,mlp,gradient_x_input,insertion,training_median,False,False,True,True,1,ATTACK,predicted_class_of_audited_model,0.0026795829180628,0.0023884983675089,-0.011110946582630277,0.16548949288353468,-0.17660043946616497,0.019405155952138563,-0.21463454513235655,0.08979391455829784,-0.10090486114092811,0.8361724615097046,0.6807110114097595,0.15546156930923463,5,trapezoid_from_zero_normalized_by_max_fraction,False,error,false_positive,low,medium,binary
cicids2017_binary,44,1,ATTACK,rid_f61cf284aae9f5d1c7ce63f5906423b1,mlp,gradient_x_input,insertion,training_median,False,True,False,True,1,ATTACK,predicted_class_of_audited_model,1.0,0.999708915449446,0.02867329427972436,0.10635351619437472,-0.07768022191465036,0.019933312877393996,-0.11674951515434259,0.28178911480183844,-0.2531158205221141,0.3792780935764313,0.33955029349029064,0.03972777996957302,5,trapezoid_from_zero_normalized_by_max_fraction,True,correct,true_positive,high,high,binary
cicids2017_binary,44,1,ATTACK,rid_e06fb0e5c7f248a1ecac6178b99ed7e5,mlp,gradient_x_input,insertion,training_median,False,True,False,True,1,ATTACK,predicted_class_of_audited_model,1.0,0.999708915449446,0.06553248092532157,0.08789457386369956,-0.02236209293837798,0.01638689161895976,-0.05448040051153911,0.2591613255961678,-0.19362884467084618,0.29010170698165894,0.30173719543218613,-0.0116354847252369,5,trapezoid_from_zero_normalized_by_max_fraction,True,correct,true_positive,high,high,binary
cicids2017_binary,44,1,ATTACK,rid_fff9b3740593b91c491829aa9f4d9789,mlp,gradient_x_input,insertion,training_median,False,True,False,True,1,ATTACK,predicted_class_of_audited_model,1.0,0.999708915449446,0.0451137809548527,0.08378093467958793,-0.038667153724735226,0.017826722100160217,-0.07360752904104925,0.2674938696416109,-0.22238008868675824,0.3340223431587219,0.3547241159081459,-0.02070176082849503,5,trapezoid_from_zero_normalized_by_max_fraction,True,correct,true_positive,high,high,binary
cicids2017_binary,44,1,ATTACK,rid_ad8e09c16cfcfdad02be017afa043980,mlp,gradient_x_input,insertion,training_median,False,True,False,True,1,ATTACK,predicted_class_of_audited_model,1.0,0.999708915449446,0.5229694097302854,0.22212639649407095,0.30084301323621443,0.025723168161122974,0.2504256036404134,0.3329479857238079,0.19002142400647748,0.3761550486087799,0.34399127995967865,0.032163761943578714,5,trapezoid_from_zero_normalized_by_max_fraction,True,correct,true_positive,high,high,binary
cicids2017_binary,44,0,BENIGN,rid_f30bcb4497f886204ee66c168adce3aa,mlp,gradient_x_input,insertion,training_median,False,False,True,True,1,ATTACK,predicted_class_of_audited_model,0.0045217359438538,0.0042306513932999,-0.005798028910520259,0.16879619107437932,-0.1745942199848996,0.020582223815891927,-0.21493537866404777,0.10578678079888962,-0.11158480970940989,0.5196012854576111,0.33365444499254227,0.1859468762278557,5,trapezoid_from_zero_normalized_by_max_fraction,False,error,false_positive,low,medium,binary
cicids2017_binary,44,1,ATTACK,rid_b426f0d9ea4c6521bcfcfbc93030e80d,mlp,gradient_x_input,insertion,training_median,False,True,False,True,1,ATTACK,predicted_class_of_audited_model,1.0,0.999708915449446,-0.007844018726609647,0.05040957900470758,-0.05825359773131722,0.011615837482027632,-0.08102063919609137,0.27729188996824833,-0.28513590869485794,0.2008458822965622,0.2198975882977247,-0.019051705256104466,5,trapezoid_from_zero_normalized_by_max_fraction,True,correct,true_positive,high,high,binary
cicids2017_binary,44,0,BENIGN,rid_170ffc8628be7e6f60ea0272b9804aae,mlp,gradient_x_input,insertion,training_median,False,False,True,True,1,ATTACK,predicted_class_of_audited_model,0.0053130439482629,0.005021959397709,0.1693972758948803,0.23957261634938096,-0.07017534045450066,0.02391115367606414,-0.11704120165958637,0.12090969526995123,0.04848758062492906,0.3585355281829834,0.3296843661367893,0.02885116204619407,5,trapezoid_from_zero_normalized_by_max_fraction,False,error,false_positive,low,medium,binary
cicids2017_binary,44,0,BENIGN,rid_b596a4d6697f476f77adc5470e3dfd58,mlp,gradient_x_input,insertion,training_median,False,True,False,True,0,BENIGN,predicted_class_of_audited_model,0.999962125744787,0.0002532102953409,0.02189132778730709,-0.07283191092737251,0.0947232387146796,0.013626233606992269,0.06801582084497475,-0.090775533321721,0.1126668611090281,0.7649396657943726,0.24201757800579066,0.5229220699071885,5,trapezoid_from_zero_normalized_by_max_fraction,True,correct,true_negative,medium,low,binary
cicids2017_binary,44,1,ATTACK,rid_34af9ebc1be3f0d72a225c815e7b6fc6,mlp,gradient_x_input,insertion,training_median,False,True,False,True,1,ATTACK,predicted_class_of_audited_model,1.0,0.999708915449446,-0.013279192242771387,0.03515915613918608,-0.04843834838195747,0.010154558949489778,-0.06834128392295744,0.18836493232054657,-0.20164412456331796,0.21407802402973175,0.19033505728468297,0.02374296711757779,5,trapezoid_from_zero_normalized_by_max_fraction,True,correct,true_positive,high,high,binary
cicids2017_binary,44,0,BENIGN,rid_7e5515e2ee67622e8f17f21722db479f,mlp,gradient_x_input,insertion,training_median,False,False,True,True,1,ATTACK,predicted_class_of_audited_model,0.0003594380395952,6.835348904130002e-05,-0.022665504091196453,-0.01150826774207285,-0.011157236349123602,0.0016475917071523708,-0.01438651609514225,-0.0034600051926474322,-0.019205498898549018,0.6313272714614868,0.4477084232270718,0.18361884823441504,5,trapezoid_from_zero_normalized_by_max_fraction,False,error,false_positive,low,low,binary
cicids2017_binary,44,0,BENIGN,rid_bb8f760bc0b4d6b42c6731d2566df8d5,mlp,gradient_x_input,insertion,training_median,False,True,False,True,0,BENIGN,predicted_class_of_audited_model,0.9999645983007212,0.0002556828512751,-0.13693997663795018,-0.014197407888866052,-0.12274256874908412,0.006149627401970927,-0.13479583845694715,-0.00866708168469165,-0.1282728949532585,0.479927122592926,0.2769199025034904,0.2030071664452553,5,trapezoid_from_zero_normalized_by_max_fraction,True,correct,true_negative,medium,low,binary
cicids2017_binary,44,0,BENIGN,rid_72bbf7e8fae09e4dc284d0d6a53d152c,mlp,gradient_x_input,insertion,training_median,False,False,True,True,1,ATTACK,predicted_class_of_audited_model,0.0003041451855096,1.3060634955700012e-05,-0.022811207429937495,-0.010259584493933478,-0.01255162293600402,0.001631021865410745,-0.01574842579220908,-0.002162138619499981,-0.020649068810437515,0.6263306736946106,0.41719794279336925,0.20913275474309917,5,trapezoid_from_zero_normalized_by_max_fraction,False,error,false_positive,low,low,binary
cicids2017_binary,44,0,BENIGN,rid_9295c392b3c3c9047ab4b85ce4a34ed5,mlp,gradient_x_input,insertion,training_median,False,False,True,True,1,ATTACK,predicted_class_of_audited_model,0.0003612527216318,7.016817107790001e-05,-0.022677485516805974,0.0005137539045484557,-0.02319123942135443,0.003522020545336847,-0.03009439969021465,0.0016846211383537248,-0.0243621066551597,0.6851574182510376,0.3950150257050991,0.290142398506403,5,trapezoid_from_zero_normalized_by_max_fraction,False,error,false_positive,low,low,binary
cicids2017_binary,44,0,BENIGN,rid_972f2177f17c9795c505e1c5cc6753b1,mlp,gradient_x_input,insertion,training_median,False,True,False,True,0,BENIGN,predicted_class_of_audited_model,0.9999996806174352,0.000290765167989,0.02286012298219999,0.01952743408969036,0.0033326888925096342,0.00036561842706302487,0.0026160767754661056,0.012827979579159586,0.010032143403040407,0.6359010934829712,0.30946299618482587,0.326438031733036,5,trapezoid_from_zero_normalized_by_max_fraction,True,correct,true_negative,medium,low,binary
cicids2017_binary,44,0,BENIGN,rid_ed4b93d8fed592093d593e0f55b5cbcc,mlp,gradient_x_input,insertion,training_median,False,True,False,True,0,BENIGN,predicted_class_of_audited_model,0.999999988560658,0.0002910731112119,0.022859963351016435,-0.006501981901733931,0.029361945252750366,0.006113822926845361,0.01737885231613346,-0.11148832346652131,0.13434828681753772,7.769556522369385,5.179815328598023,2.5897408599853513,5,trapezoid_from_zero_normalized_by_max_fraction,True,correct,true_negative,medium,medium,binary
cicids2017_binary,44,0,BENIGN,rid_44650f8686ab9c9f5a6c4a9eadd4c512,mlp,gradient_x_input,insertion,training_median,False,True,False,True,0,BENIGN,predicted_class_of_audited_model,0.9999998026902688,0.0002908872408226,0.021876605983848663,-0.06520834274463082,0.0870849487284795,0.013691762515431815,0.06024909419823314,-0.07772530623296336,0.09960191221681203,5.616880893707275,5.395996089935302,0.22088461303710946,5,trapezoid_from_zero_normalized_by_max_fraction,True,correct,true_negative,medium,medium,binary
cicids2017_binary,44,0,BENIGN,rid_7d7141444a672f40efe70a44ed8bd181,mlp,gradient_x_input,insertion,training_median,False,True,False,True,0,BENIGN,predicted_class_of_audited_model,0.9999997240156516,0.0002908085662056,0.022860090608490324,0.013840505006713352,0.009019585601776974,0.0009731442186929838,0.007112222933138726,0.011743113312263638,0.011116977296226686,0.4516812264919281,0.2068926858380437,0.24478852277249094,5,trapezoid_from_zero_normalized_by_max_fraction,True,correct,true_negative,medium,medium,binary
cicids2017_binary,44,0,BENIGN,rid_d727cdde2679ba9d8e797de88658c4da,mlp,gradient_x_input,insertion,training_median,False,True,False,True,0,BENIGN,predicted_class_of_audited_model,0.9999743478310849,0.0002654323816386,0.022849351937236407,0.01840588296962139,0.004443468967615019,0.0006335014206447907,0.0032018061831512296,0.011790806310085635,0.011058545627150772,0.722710371017456,0.40743428383767605,0.3152760812193155,5,trapezoid_from_zero_normalized_by_max_fraction,True,correct,true_negative,medium,low,binary
cicids2017_binary,44,0,BENIGN,rid_d1fff24daedc1f0c3e1df57737f27504,mlp,gradient_x_input,insertion,training_median,False,True,False,True,0,BENIGN,predicted_class_of_audited_model,0.999962864076224,0.0002539486267778,0.022838201351146382,0.016971654131372783,0.005866547219773596,0.0007284542134889919,0.004438776961335171,0.01195683985828014,0.01088136149286624,0.7381256818771362,0.4503454200923443,0.2877802856266499,5,trapezoid_from_zero_normalized_by_max_fraction,True,correct,true_negative,medium,low,binary
cicids2017_binary,44,0,BENIGN,rid_a13927c0e99c219d60cd2ca4b9de9016,mlp,gradient_x_input,insertion,training_median,False,False,True,True,1,ATTACK,predicted_class_of_audited_model,0.0025418675504624,0.0022507829999085,0.18267276734113694,0.19325088013247294,-0.010578112791336032,0.023195012956684975,-0.05604033818643858,0.2081840040279494,-0.025511236686812468,0.2866412103176117,0.156113623842597,0.13052760733664037,5,trapezoid_from_zero_normalized_by_max_fraction,False,error,false_positive,low,medium,binary
cicids2017_binary,44,0,BENIGN,rid_81c5ba85afcd330cc40f8ff5de642006,mlp,gradient_x_input,insertion,training_median,False,False,True,True,1,ATTACK,predicted_class_of_audited_model,0.0031592021696269,0.002868117619073,0.20654134391224943,0.17429984986654018,0.032241494045709265,0.021754913186572872,-0.010398135799973562,0.21822222223010612,-0.011680878317856691,0.1498529016971588,0.14936525570601225,0.00048765195161104005,5,trapezoid_from_zero_normalized_by_max_fraction,False,error,false_positive,low,medium,binary
cicids2017_binary,44,0,BENIGN,rid_5786aa42231a528d3d0872ad3d811003,mlp,gradient_x_input,insertion,training_median,False,True,False,True,0,BENIGN,predicted_class_of_audited_model,0.9999566941005468,0.0002477786511007,0.022825987932128554,0.017262403962751846,0.005563583969376708,0.0007071724821421217,0.004177525904378149,0.013542267923065813,0.00928372000906274,0.7543438673019409,0.45662947753071786,0.29771443745493886,5,trapezoid_from_zero_normalized_by_max_fraction,True,correct,true_negative,medium,low,binary
cicids2017_binary,44,0,BENIGN,rid_cc3b89dc96d9de70ffb083317b73b64a,mlp,gradient_x_input,insertion,training_median,False,True,False,True,0,BENIGN,predicted_class_of_audited_model,0.9999684835711378,0.0002595681216916,0.022850634467397414,0.016977945073549806,0.005872689393847605,0.0007479676187230367,0.004406672861150453,0.013139529811377556,0.009711104656019855,0.6633888483047485,0.3995405609607696,0.26384828138351446,5,trapezoid_from_zero_normalized_by_max_fraction,True,correct,true_negative,medium,low,binary
cicids2017_binary,44,0,BENIGN,rid_2fc9e09db1f3c125f0fba79f41ad9cc2,mlp,gradient_x_input,insertion,training_median,False,True,False,True,0,BENIGN,predicted_class_of_audited_model,0.9999842225970496,0.0002753071476035,0.022853152975142167,0.017912197342900137,0.004940955632242029,0.0005173036225399573,0.003927040532063712,0.013227171100120895,0.009625981875021271,0.7357607483863831,0.3271310330480337,0.4086297093778849,5,trapezoid_from_zero_normalized_by_max_fraction,True,correct,true_negative,medium,low,binary
cicids2017_binary,44,0,BENIGN,rid_c48998b335b5469e20d69cd600e86b7c,mlp,gradient_x_input,insertion,training_median,False,True,False,True,0,BENIGN,predicted_class_of_audited_model,0.9997886731143808,7.975766493469998e-05,0.022743524803263426,0.008687024538975628,0.0140565002642878,0.002110319148121893,0.009920274733968889,0.0029448433560639695,0.019798681447199457,0.7637712955474854,0.3810993664711714,0.38267199464142326,5,trapezoid_from_zero_normalized_by_max_fraction,True,correct,true_negative,medium,low,binary
cicids2017_binary,44,0,BENIGN,rid_e89b0658d429f7c1bd214c2c3936d5a4,mlp,gradient_x_input,insertion,training_median,False,False,True,True,1,ATTACK,predicted_class_of_audited_model,0.3546508252620697,0.3543597407115158,0.12252551708370447,0.19613873867628362,-0.07361322159257912,0.021143086730270995,-0.11505367158391026,0.1172284356349304,0.005297081448774055,0.3984178304672241,0.299878527790308,0.09853930267691612,5,trapezoid_from_zero_normalized_by_max_fraction,False,error,false_positive,low,medium,binary
cicids2017_binary,44,0,BENIGN,rid_538e3fa9d114d86b4e129ed23da96124,mlp,gradient_x_input,insertion,training_median,False,True,False,True,0,BENIGN,predicted_class_of_audited_model,0.9998652958747698,0.0001563804253237,0.022804589893803497,0.006153876594846896,0.016650713298956597,0.0020799578817086144,0.012573995850807713,0.0048076368966602275,0.01799695299714327,0.7040646076202393,0.34593026851117614,0.35813433314859866,5,trapezoid_from_zero_normalized_by_max_fraction,True,correct,true_negative,medium,low,binary
cicids2017_binary,44,0,BENIGN,rid_e35c8e333415d378822a9bc33c4529e3,mlp,gradient_x_input,insertion,training_median,False,True,False,True,0,BENIGN,predicted_class_of_audited_model,1.0,0.0002910845505539,0.022860216721890772,0.005293241030803037,0.01756697569108773,0.0050248547376887595,0.0077182604052177615,-0.035681007427874,0.05854122414976477,1.9065876007080078,1.1750026919841767,0.7315847775936126,5,trapezoid_from_zero_normalized_by_max_fraction,True,correct,true_negative,high,medium,binary
cicids2017_binary,44,0,BENIGN,rid_10656a1e873f12c2d04d2cdf85b9eb76,mlp,gradient_x_input,insertion,training_median,False,False,True,True,1,ATTACK,predicted_class_of_audited_model,0.0003237276396248,3.264308907090002e-05,0.009190315357409417,0.02938606998653614,-0.020195754629126723,0.010264910378674994,-0.04031497897132971,0.01927550311518598,-0.010085187757776568,0.34430426359176636,0.3082101626992225,0.03609408897161485,5,trapezoid_from_zero_normalized_by_max_fraction,False,error,false_positive,low,low,binary
cicids2017_binary,44,0,BENIGN,rid_9e641128504c46702fcf58fd87a19b37,mlp,gradient_x_input,insertion,training_median,False,False,True,True,1,ATTACK,predicted_class_of_audited_model,0.0006844620802439,0.00039337752969,-0.020647185275447556,0.09885508792464315,-0.11950227320009071,0.015829560236850563,-0.1505282112643178,0.07787062430277274,-0.09851780957822029,0.7406647205352783,0.2546388948559761,0.4860258495211601,5,trapezoid_from_zero_normalized_by_max_fraction,False,error,false_positive,low,medium,binary
cicids2017_binary,44,0,BENIGN,rid_1bbffa7dcb3113d0ee06351ff775e8e8,mlp,gradient_x_input,insertion,training_median,False,False,True,True,1,ATTACK,predicted_class_of_audited_model,0.0041353264823555,0.0038442419318016,0.3998560467734933,0.20579618500915242,0.19405986176434092,0.022564317573878036,0.14983379931953997,0.1914567089207994,0.20839933785269388,0.3252357840538025,0.1819544869363308,0.1432813060581684,5,trapezoid_from_zero_normalized_by_max_fraction,False,error,false_positive,low,medium,binary
cicids2017_binary,44,0,BENIGN,rid_c25003c9af52a30ee04e2b5b60049b46,mlp,gradient_x_input,insertion,training_median,False,False,True,True,1,ATTACK,predicted_class_of_audited_model,0.0016422106418758,0.0013511260913219,0.03177949851378798,0.17353637575836128,-0.1417568772445733,0.023454631622373115,-0.18772795522442462,0.1153718894994876,-0.08359239098569961,0.975091278553009,0.8766403651237488,0.09845085382461546,5,trapezoid_from_zero_normalized_by_max_fraction,False,error,false_positive,low,medium,binary
cicids2017_binary,44,0,BENIGN,rid_483f0ec1688c7cf59099b01102ca0578,mlp,gradient_x_input,insertion,training_median,False,True,False,True,0,BENIGN,predicted_class_of_audited_model,1.0,0.0002910845505538,0.022860063851240287,0.010767254302369984,0.012092809548870303,0.00412287059588154,0.004011983180942485,0.0011909815559544698,0.021669082295285812,2.2276408672332764,1.849992242336273,0.37764874410629284,5,trapezoid_from_zero_normalized_by_max_fraction,True,correct,true_negative,high,medium,binary
cicids2017_binary,44,0,BENIGN,rid_119ce35c0df6229dd32a6cd408b38acc,mlp,gradient_x_input,insertion,training_median,False,True,False,True,0,BENIGN,predicted_class_of_audited_model,0.999998799557602,0.0002898841081559,0.022859325263314648,0.016404813068370674,0.006454512194943969,0.0005040577662821451,0.005466558973030965,0.014050310703983219,0.008809014559331427,0.6091572046279907,0.23405778020992876,0.3750993856750428,5,trapezoid_from_zero_normalized_by_max_fraction,True,correct,true_negative,medium,low,binary
cicids2017_binary,44,0,BENIGN,rid_22c6d4b7f4e243b4ee741c3e7f566f21,mlp,gradient_x_input,insertion,training_median,False,True,False,True,0,BENIGN,predicted_class_of_audited_model,0.9999999724018078,0.0002910569523617,0.022631877061166962,0.008123934110056052,0.014507942951110908,0.0031133268019299504,0.008405822419328204,0.011475950699923715,0.011155926361243245,0.322868287563324,0.19531380227208134,0.12755450913310054,5,trapezoid_from_zero_normalized_by_max_fraction,True,correct,true_negative,medium,medium,binary
cicids2017_binary,44,0,BENIGN,rid_d299090fcdf84f6c9f5ae25b87eb79e0,mlp,gradient_x_input,insertion,training_median,False,False,True,True,1,ATTACK,predicted_class_of_audited_model,0.000320601335261,2.951678470710002e-05,-0.022696085909137763,-0.0060117254546096476,-0.016684360454528115,0.002465584821933382,-0.021516906705517543,0.010783621154389314,-0.033479707063527084,0.68278968334198,0.3992488766014576,0.2835408246219158,5,trapezoid_from_zero_normalized_by_max_fraction,False,error,false_positive,low,low,binary
cicids2017_binary,44,0,BENIGN,rid_34944b35a39503d11e86521ebcdb8d7b,mlp,gradient_x_input,insertion,training_median,False,True,False,True,0,BENIGN,predicted_class_of_audited_model,0.999999999999998,0.000291084550552,0.02286021672189182,-0.02295777947918224,0.04581799620107406,0.009530412540632808,0.027138387621433755,-0.124367706173623,0.14722792289551484,3.157017707824707,2.234293309211731,0.9227242555618288,5,trapezoid_from_zero_normalized_by_max_fraction,True,correct,true_negative,medium,medium,binary
cicids2017_binary,44,0,BENIGN,rid_3f81ed091d350784c9a4fc695d8fed72,mlp,gradient_x_input,insertion,training_median,False,True,False,True,0,BENIGN,predicted_class_of_audited_model,0.9999722669726908,0.0002633515232446,0.022850822372842573,0.0156690271996015,0.007181795173241072,0.0009624740739267726,0.005295345988344598,0.008671164473996868,0.014179657898845703,0.711317241191864,0.3710965619534254,0.3402206375151873,5,trapezoid_from_zero_normalized_by_max_fraction,True,correct,true_negative,medium,low,binary
cicids2017_binary,44,0,BENIGN,rid_06827edff59f4afb4ac4007ddbcd7a21,mlp,gradient_x_input,insertion,training_median,False,False,True,True,1,ATTACK,predicted_class_of_audited_model,0.0004677866818383,0.0001767021312844,0.03527063420042396,0.07644830007248507,-0.04117766587206111,0.014750937251460199,-0.0700895028849231,0.08839398887817913,-0.05312335467775518,0.43682974576950073,0.24621149188280106,0.19061828368902206,5,trapezoid_from_zero_normalized_by_max_fraction,False,error,false_positive,low,low,binary
cicids2017_binary,44,0,BENIGN,rid_641e66b816590d94bb69a255a43fdfb7,mlp,gradient_x_input,insertion,training_median,False,False,True,True,1,ATTACK,predicted_class_of_audited_model,0.0050085252150893,0.0047174406645354,0.0837819779291749,0.13101523532196688,-0.04723325739279197,0.018168252208241312,-0.08284303172094495,0.07861876594035948,0.005163211988815426,0.578993558883667,0.3853105668723583,0.19368300393223764,5,trapezoid_from_zero_normalized_by_max_fraction,False,error,false_positive,low,medium,binary
cicids2017_binary,44,0,BENIGN,rid_e96fb495aaa37a592922943fd1b4951b,mlp,gradient_x_input,insertion,training_median,False,False,True,True,1,ATTACK,predicted_class_of_audited_model,0.000321660307236,3.057575668210003e-05,-0.02273511188146813,-0.009225912923335695,-0.013509198958132435,0.0023673059112097193,-0.018149118544103483,-0.002867999059775681,-0.01986711282169245,0.5773162841796875,0.40924108809232707,0.16807517820596693,5,trapezoid_from_zero_normalized_by_max_fraction,False,error,false_positive,low,low,binary
cicids2017_binary,44,0,BENIGN,rid_a2aeea9f338b777df1875e0040454374,mlp,gradient_x_input,insertion,training_median,False,True,False,True,0,BENIGN,predicted_class_of_audited_model,0.9999981479328426,0.0002892324833964,0.022859307588360876,0.01411673635102233,0.008742571237338547,0.0008439726602510478,0.007088384823246494,0.010910781099913273,0.011948526488447606,0.5814574956893921,0.25368482888117433,0.327772681709379,5,trapezoid_from_zero_normalized_by_max_fraction,True,correct,true_negative,medium,low,binary
cicids2017_binary,44,0,BENIGN,rid_224af142877303f66a395c428ee93b36,mlp,gradient_x_input,insertion,training_median,False,True,False,True,0,BENIGN,predicted_class_of_audited_model,0.9999993109789216,0.0002903955294754,0.022855274714390816,-0.0809644431174924,0.10381971783188321,0.014996531834601352,0.07442651543606456,-0.0522144380678609,0.07506971278225172,1.2335509061813354,0.7040899258852005,0.5294610399007798,5,trapezoid_from_zero_normalized_by_max_fraction,True,correct,true_negative,medium,low,binary
cicids2017_binary,44,0,BENIGN,rid_440eed9318cc6b7358cff28a57715b84,mlp,gradient_x_input,insertion,training_median,False,False,True,True,1,ATTACK,predicted_class_of_audited_model,0.0003862311132252,9.514656267130002e-05,-0.02260493991861949,-0.005877849442577559,-0.016727090476041935,0.0024715930109884244,-0.021571412777579246,1.0647840803816241e-07,-0.02260504639702753,0.7390910983085632,0.4499514532685279,0.28913962715864183,5,trapezoid_from_zero_normalized_by_max_fraction,False,error,false_positive,low,low,binary
cicids2017_binary,44,0,BENIGN,rid_eff5fd77729410c8dc2a2e2defc55037,mlp,gradient_x_input,insertion,training_median,False,True,False,True,0,BENIGN,predicted_class_of_audited_model,1.0,0.0002910845505538,0.022860216721883805,-0.010968608458461046,0.03382882518034485,0.009426206153897427,0.015353461118705895,-0.03455652547928405,0.05741674220116785,1.8967043161392212,1.2424471771717072,0.6542570674419403,5,trapezoid_from_zero_normalized_by_max_fraction,True,correct,true_negative,high,medium,binary
cicids2017_binary,44,0,BENIGN,rid_b220413a532f82e16961090f350cbe0d,mlp,gradient_x_input,insertion,training_median,False,False,True,True,1,ATTACK,predicted_class_of_audited_model,0.0045907939784228,0.0042997094278689,-0.005799026355094837,0.1179483707145858,-0.12374739706968063,0.018021321424956778,-0.15906918706259593,0.07644599405175506,-0.0822450204068499,0.5183800458908081,0.3128666626214981,0.20551334154605866,5,trapezoid_from_zero_normalized_by_max_fraction,False,error,false_positive,low,medium,binary
cicids2017_binary,44,0,BENIGN,rid_b62a7ae05c9543c4f87b2de57692c154,mlp,gradient_x_input,insertion,training_median,False,False,True,True,1,ATTACK,predicted_class_of_audited_model,0.0003163669025525,2.5282351998600033e-05,-0.022740424558571705,-0.008202623399212327,-0.014537801159359376,0.001937133559601313,-0.01833458293617795,-0.005136997406131065,-0.017603427152440638,0.6123067140579224,0.4103742293715477,0.20193249660730364,5,trapezoid_from_zero_normalized_by_max_fraction,False,error,false_positive,low,low,binary
cicids2017_binary,44,0,BENIGN,rid_ca55351d92cc980a7a87f71ac4a44c97,mlp,gradient_x_input,insertion,training_median,False,False,True,True,1,ATTACK,predicted_class_of_audited_model,0.0025937012396752,0.0023026166891213,-0.012406327482312917,0.042209064956149636,-0.05461539243846254,0.005970197912003559,-0.06631698034598951,0.024229581030573173,-0.03663590851288609,0.2773061692714691,0.15109199042618274,0.1262141728848219,5,trapezoid_from_zero_normalized_by_max_fraction,False,error,false_positive,low,medium,binary
cicids2017_binary,44,0,BENIGN,rid_2bdeea6a05e747559a8827538afbb515,mlp,gradient_x_input,insertion,training_median,False,False,True,True,1,ATTACK,predicted_class_of_audited_model,0.0003108113014604,1.9726750906500033e-05,-0.02280683429267185,-0.005043779540998713,-0.017763054751673137,0.0027167121035109073,-0.023087810474554514,-0.0033453867285415696,-0.019461447564130284,0.6708842515945435,0.4248278035521508,0.24605641227960584,5,trapezoid_from_zero_normalized_by_max_fraction,False,error,false_positive,low,low,binary
cicids2017_binary,44,0,BENIGN,rid_e139f396ae7667ebe03fae3a403da922,mlp,gradient_x_input,insertion,training_median,False,False,True,True,1,ATTACK,predicted_class_of_audited_model,0.0040514646098017,0.0037603800592478,0.4001994090154767,0.20715156572573834,0.19304784328973834,0.023253959236211486,0.14747008318676383,0.09664835317157214,0.3035510558439046,0.33136552572250366,0.25275126335024833,0.07861425045132636,5,trapezoid_from_zero_normalized_by_max_fraction,False,error,false_positive,low,medium,binary
cicids2017_binary,44,0,BENIGN,rid_89e7b9b82fd00273ad273b9d1b6cb694,mlp,gradient_x_input,insertion,training_median,False,True,False,True,0,BENIGN,predicted_class_of_audited_model,0.999985351400028,0.0002764359505817,0.02063532160318573,-0.02583295221978291,0.04646827382296864,0.009254166589235181,0.028330107308067686,-0.05786879427552645,0.07850411587871217,1.3032370805740356,0.7715797165632248,0.5316574116945267,5,trapezoid_from_zero_normalized_by_max_fraction,True,correct,true_negative,medium,low,binary
cicids2017_binary,44,0,BENIGN,rid_b772264de7d27e11752d992238b2320f,mlp,gradient_x_input,insertion,training_median,False,True,False,True,0,BENIGN,predicted_class_of_audited_model,0.9999737738889962,0.0002648584395501,0.02181847839601687,0.005079530983522091,0.016738947412494782,0.0030774833487087028,0.010707080049025725,0.00738944597567206,0.014429032420344809,0.26282331347465515,0.16002332897484303,0.10279999344050883,5,trapezoid_from_zero_normalized_by_max_fraction,True,correct,true_negative,medium,low,binary
cicids2017_binary,44,0,BENIGN,rid_2e54e3b29cad76dc01961ca74e237f16,mlp,gradient_x_input,insertion,training_median,False,False,True,True,1,ATTACK,predicted_class_of_audited_model,0.0015026538167148,0.0012115692661609,0.1965680208057165,0.228679570800203,-0.0321115499944865,0.02114219943184686,-0.07355026088090635,0.11934747407447094,0.07722054673124557,0.4266018867492676,0.34562193942070013,0.0809799473285675,5,trapezoid_from_zero_normalized_by_max_fraction,False,error,false_positive,low,medium,binary
cicids2017_binary,44,0,BENIGN,rid_d922bb2e2149108680431edc60b11e94,mlp,gradient_x_input,insertion,training_median,False,False,True,True,1,ATTACK,predicted_class_of_audited_model,0.0008344355155713,0.0005433509650173,0.0037331507308408637,0.06252653541763287,-0.058793384686792016,0.011735370075375423,-0.08179471003452785,0.05432995158580761,-0.05059680085496676,1.4499658346176147,0.9742660610675811,0.47569976162910466,5,trapezoid_from_zero_normalized_by_max_fraction,False,error,false_positive,low,medium,binary
cicids2017_binary,44,0,BENIGN,rid_1e6ab1e195b93ded30a4d84154725b1f,mlp,gradient_x_input,insertion,training_median,False,True,False,True,0,BENIGN,predicted_class_of_audited_model,0.9999997201057624,0.0002908046563163,-0.3816207163094077,-0.054692651700732765,-0.3269280646086749,0.014396590746516596,-0.35514538247184746,-0.030565289636761184,-0.35105542667264655,1.6434227228164673,1.235342886209488,0.40807970547676076,5,trapezoid_from_zero_normalized_by_max_fraction,True,correct,true_negative,medium,medium,binary
cicids2017_binary,44,0,BENIGN,rid_19e4ffa15c914f3a894cf820a129c40a,mlp,gradient_x_input,insertion,training_median,False,True,False,True,0,BENIGN,predicted_class_of_audited_model,0.99999487115565,0.0002859557062037,0.022856871033093286,0.013363147486492737,0.009493723546600547,0.0011869881238300705,0.007167226823893608,0.009047014951052972,0.013809856082040313,0.6115463972091675,0.28433766786754133,0.32720869953930376,5,trapezoid_from_zero_normalized_by_max_fraction,True,correct,true_negative,medium,low,binary
cicids2017_binary,44,0,BENIGN,rid_c7db51b3998e90b2b8ccd780e979bc9d,mlp,gradient_x_input,insertion,training_median,False,False,True,True,1,ATTACK,predicted_class_of_audited_model,0.006360740866512,0.0060696563159581,0.07061685561172056,0.20799159439110554,-0.137374738779385,0.023226589786673534,-0.18289885476126513,0.09807807660250198,-0.027461220990781424,0.5247032642364502,0.32496983098983767,0.19973343920707703,5,trapezoid_from_zero_normalized_by_max_fraction,False,error,false_positive,low,medium,binary
cicids2017_binary,44,0,BENIGN,rid_195bc3e0deed397eb67298331bdcff6f,mlp,gradient_x_input,insertion,training_median,False,False,True,True,1,ATTACK,predicted_class_of_audited_model,0.0003258254146203,3.474086406640004e-05,0.18408911704173078,0.13111696507879422,0.052972151962936545,0.019345128838477776,0.015055699439520107,0.06572097651673289,0.11836814052499789,0.4656900465488434,0.28869193014502526,0.1769981283247471,5,trapezoid_from_zero_normalized_by_max_fraction,False,error,false_positive,low,low,binary
cicids2017_binary,44,0,BENIGN,rid_6b2bdeb61b9e955e7a102493e8caf4d8,mlp,gradient_x_input,insertion,training_median,False,True,False,True,0,BENIGN,predicted_class_of_audited_model,0.9999999426393984,0.0002910271899522,0.022860170735158294,0.017764133434214263,0.0050960373009440296,0.0004116470241260332,0.004289209133657004,0.014862249894626544,0.007997920840531747,0.4520779252052307,0.2060577445589006,0.24602019256725907,5,trapezoid_from_zero_normalized_by_max_fraction,True,correct,true_negative,medium,medium,binary
cicids2017_binary,44,0,BENIGN,rid_82a86b41fd0301f5973da1f011a6947a,mlp,gradient_x_input,insertion,training_median,False,False,True,True,1,ATTACK,predicted_class_of_audited_model,0.0006437189294956,0.0003526343789417,0.04037397727370262,0.07998402601408014,-0.03961004874037752,0.014325257825710412,-0.06768755407876992,0.09129966182709831,-0.05092568455339568,0.39145612716674805,0.21994936099648474,0.1715067721307278,5,trapezoid_from_zero_normalized_by_max_fraction,False,error,false_positive,low,medium,binary
cicids2017_binary,44,0,BENIGN,rid_435d16bf9bcea09d0a8ac2caf2affe74,mlp,gradient_x_input,insertion,training_median,False,False,True,True,1,ATTACK,predicted_class_of_audited_model,0.0003566767263691,6.559217581520002e-05,-0.022858513298456274,-0.00812912828702015,-0.014729385011436122,0.002233837017468338,-0.019107705565674066,-0.0024645752243966684,-0.020393938074059606,0.537199854850769,0.4052021908462048,0.13199766996502876,5,trapezoid_from_zero_normalized_by_max_fraction,False,error,false_positive,low,low,binary
cicids2017_binary,44,0,BENIGN,rid_8062b3bfef229732c16510825accc5a9,mlp,gradient_x_input,insertion,training_median,False,False,True,True,1,ATTACK,predicted_class_of_audited_model,0.0029608202166855,0.0026697356661316,0.3298747640103102,0.1589315482233524,0.17094321578695776,0.019380827891548668,0.13295679311952235,0.1365335596625474,0.19334120434776275,1.3177967071533203,0.9928124244213103,0.32498423504829405,5,trapezoid_from_zero_normalized_by_max_fraction,False,error,false_positive,low,medium,binary
cicids2017_binary,44,0,BENIGN,rid_304cba904103b91e0a936616fda7ccc9,mlp,gradient_x_input,insertion,training_median,False,True,False,True,0,BENIGN,predicted_class_of_audited_model,0.999997371840891,0.0002884563914448,0.022795465064882593,0.0005104484856292709,0.02228501657925332,0.004050838767537595,0.014345372594879634,0.005811381058727484,0.016984084006155108,0.6427993178367615,0.3589972023963928,0.28380215120315555,5,trapezoid_from_zero_normalized_by_max_fraction,True,correct,true_negative,medium,low,binary
cicids2017_binary,44,0,BENIGN,rid_65cc0787c7c18b623670b17335eb9bbd,mlp,gradient_x_input,insertion,training_median,False,False,True,True,1,ATTACK,predicted_class_of_audited_model,0.000347036664607,5.595211405310003e-05,-0.007214279726940732,0.020391178951724716,-0.02760545867866544,0.009567215665917264,-0.046357201383863275,0.03259283576062533,-0.03980711548756606,1.0988517999649048,0.9964949116706847,0.10235691213607785,5,trapezoid_from_zero_normalized_by_max_fraction,False,error,false_positive,low,low,binary
cicids2017_binary,44,0,BENIGN,rid_62c0461dc6306cbfddc103c6cea18b92,mlp,gradient_x_input,insertion,training_median,False,False,True,True,1,ATTACK,predicted_class_of_audited_model,0.0003515251737553,6.044062320140003e-05,-0.02272832816333903,-0.004131177620049357,-0.01859715054328967,0.0021230531856484504,-0.022758334787160633,-0.0013435671264001568,-0.021384761036938874,0.6153002977371216,0.38779822120070456,0.22750207653641702,5,trapezoid_from_zero_normalized_by_max_fraction,False,error,false_positive,low,low,binary
cicids2017_binary,44,0,BENIGN,rid_c465214e2b46f210bae86f1d99a61403,mlp,gradient_x_input,insertion,training_median,False,False,True,True,1,ATTACK,predicted_class_of_audited_model,0.0003386981552466,4.76136046927e-05,-0.021574502511066386,0.15027376295498834,-0.17184826546605472,0.02057287312021982,-0.21217109678168555,0.07271181106407221,-0.09428631357513859,0.7937219738960266,0.3055523530542851,0.48816959699988355,5,trapezoid_from_zero_normalized_by_max_fraction,False,error,false_positive,low,low,binary
cicids2017_binary,44,0,BENIGN,rid_a87ba08b7aaccf18895d610538efcb92,mlp,gradient_x_input,insertion,training_median,True,True,False,True,0,BENIGN,true_class_correct_for_both,0.9999999372041016,0.0002910217546556,0.022860132460815485,0.017413464157300246,0.005446668303515242,0.00042351757272844864,0.004616573860967482,0.013850435663239943,0.009009696797575541,0.4644630551338196,0.17817151827737693,0.2862914981134236,5,trapezoid_from_zero_normalized_by_max_fraction,True,correct,true_negative,medium,medium,binary
cicids2017_binary,44,0,BENIGN,rid_3483525bcbf6170504e5a05fac4f1930,mlp,gradient_x_input,insertion,training_median,False,True,False,True,0,BENIGN,predicted_class_of_audited_model,1.0,0.0002910845505539,0.022860216721883757,0.021283334610545136,0.0015768821113386175,0.0014124451432731802,-0.0011915103694768157,0.005304909610006741,0.017555307111877014,2.0610885620117188,1.5765255053043365,0.4845628659725188,5,trapezoid_from_zero_normalized_by_max_fraction,True,correct,true_negative,high,medium,binary
cicids2017_binary,44,0,BENIGN,rid_ae9b2ba457021e03066130a275d91cd7,mlp,gradient_x_input,insertion,training_median,False,True,False,True,0,BENIGN,predicted_class_of_audited_model,1.0,0.0002910845505538,0.022860070174865865,0.02126016098035743,0.0015999091945084348,0.0005066700940141983,0.0006068358102406062,-0.009285650078429176,0.03214572025329504,2.5761916637420654,2.3237543630599977,0.25243739604949955,5,trapezoid_from_zero_normalized_by_max_fraction,True,correct,true_negative,high,medium,binary
cicids2017_binary,44,0,BENIGN,rid_b650128d9ed6956f66bb2d12ef6ada97,mlp,gradient_x_input,insertion,training_median,False,True,False,True,0,BENIGN,predicted_class_of_audited_model,0.9997716725629288,6.275711348279999e-05,-0.15539003599551507,-0.12144595714489446,-0.0339440788506206,0.017124737464572597,-0.06750856428118289,-0.10459863008590287,-0.050791405909612175,0.49175262451171875,0.3375028427839279,0.15424978470802306,5,trapezoid_from_zero_normalized_by_max_fraction,True,correct,true_negative,medium,low,binary
cicids2017_binary,44,0,BENIGN,rid_d35bcfb474b4b63f6b5381fbb2c4c4a9,mlp,gradient_x_input,insertion,training_median,False,True,False,True,0,BENIGN,predicted_class_of_audited_model,0.9999831588393135,0.0002742433898674,0.02285184859736091,0.017033106085323553,0.005818742512037357,0.0006985903515755606,0.004449505422949258,0.012970527498840126,0.009881321098520787,0.7004642486572266,0.4305271134674549,0.26993710538744925,5,trapezoid_from_zero_normalized_by_max_fraction,True,correct,true_negative,medium,low,binary
cicids2017_binary,44,0,BENIGN,rid_a3c3a97aa4a2dbe7e317f1117cfcaf4d,mlp,gradient_x_input,insertion,training_median,False,True,False,True,0,BENIGN,predicted_class_of_audited_model,0.9999436880098074,0.0002347725603612,0.022813358073562995,0.01786397484671759,0.004949383226845405,0.0006339719492616921,0.0037067982062924886,0.013007153137776707,0.009806204935786288,0.8039599657058716,0.4048635516166687,0.39909643793106075,5,trapezoid_from_zero_normalized_by_max_fraction,True,correct,true_negative,medium,low,binary
cicids2017_binary,44,0,BENIGN,rid_a22f805b8e1d29f91d4f32ae64e13a92,mlp,gradient_x_input,insertion,training_median,False,True,False,True,0,BENIGN,predicted_class_of_audited_model,0.9999947441388032,0.0002858286893569,0.022857052029604575,0.017965748913413758,0.004891303116190817,0.0006344142816925815,0.003647851124073357,0.013918276818195602,0.008938775211408973,0.7532430291175842,0.36184537458419797,0.3913976426124573,5,trapezoid_from_zero_normalized_by_max_fraction,True,correct,true_negative,medium,low,binary
cicids2017_binary,44,0,BENIGN,rid_2d98d7bcf3bd9d90ab81534f55e64fbf,mlp,gradient_x_input,insertion,training_median,False,True,False,True,0,BENIGN,predicted_class_of_audited_model,0.9999488714311155,0.0002399559816694,0.02282997209858877,0.01684240633663917,0.005987565761949601,0.0006841967848789251,0.004646540063586908,0.011663530063018557,0.011166442035570209,0.754641056060791,0.4077825543880462,0.34685851955413816,5,trapezoid_from_zero_normalized_by_max_fraction,True,correct,true_negative,medium,low,binary
cicids2017_binary,44,0,BENIGN,rid_3a04f08327b3b8a625511c14db4773c4,mlp,gradient_x_input,insertion,training_median,False,True,False,True,0,BENIGN,predicted_class_of_audited_model,0.9999814004040672,0.0002724849546211,0.02285079055602353,0.01879272338907083,0.004058067166952694,0.0005521109420926687,0.0029759297204510634,0.011577794792043804,0.011272995763979722,0.7873462438583374,0.48492860752344136,0.30241761249303817,5,trapezoid_from_zero_normalized_by_max_fraction,True,correct,true_negative,medium,low,binary
cicids2017_binary,44,0,BENIGN,rid_809472bdeb3beaecdd4229173cf1fa6c,mlp,gradient_x_input,insertion,training_median,False,True,False,True,0,BENIGN,predicted_class_of_audited_model,0.9999616521126882,0.000252736663242,0.02283815618166045,0.0158612924754205,0.00697686370623995,0.0006805929521907712,0.005642901519946038,0.012675543664186209,0.010162612517474242,0.7424638867378235,0.32819210736453525,0.41427178235352036,5,trapezoid_from_zero_normalized_by_max_fraction,True,correct,true_negative,medium,low,binary
cicids2017_binary,44,0,BENIGN,rid_ae4d5e11a98fb39c8777eb925d73c4b3,mlp,gradient_x_input,insertion,training_median,False,True,False,True,0,BENIGN,predicted_class_of_audited_model,0.9999523647638852,0.0002434493144391,0.022826471289408803,0.01661866166964179,0.006207809619767011,0.0006277364698546587,0.00497744613885188,0.012836903958790813,0.009989567330617987,0.7706502079963684,0.4259960708022118,0.34465408354997634,5,trapezoid_from_zero_normalized_by_max_fraction,True,correct,true_negative,medium,low,binary
cicids2017_binary,44,0,BENIGN,rid_d8f5a4026b93e1d596988a7438ce619f,mlp,gradient_x_input,insertion,training_median,False,True,False,True,0,BENIGN,predicted_class_of_audited_model,0.9999999993394404,0.0002910838899943,0.021098815898281442,0.0013609181248319963,0.019737897773449444,0.0057339964459030375,0.008499264739479491,-0.01486068960085617,0.03595950549913761,2.454380750656128,2.2470161657333376,0.20736444187164302,5,trapezoid_from_zero_normalized_by_max_fraction,True,correct,true_negative,medium,medium,binary
cicids2017_binary,44,0,BENIGN,rid_02f34a3721087b5bd4c4bc660459dd4d,mlp,gradient_x_input,insertion,training_median,False,True,False,True,0,BENIGN,predicted_class_of_audited_model,0.9999950683054522,0.000286152856006,0.022855848637982488,0.018612182873028387,0.004243665764954103,0.0005278785671252112,0.003209023773388689,0.013428360451206664,0.009427488186775825,0.7611395716667175,0.37563675954937936,0.385502859801054,5,trapezoid_from_zero_normalized_by_max_fraction,True,correct,true_negative,medium,low,binary
cicids2017_binary,44,0,BENIGN,rid_2951ad052b5d04ac0d08370ab524f31b,mlp,gradient_x_input,insertion,training_median,False,True,False,True,0,BENIGN,predicted_class_of_audited_model,0.9999974826127982,0.000288567163352,0.0228585680161018,0.018759755930889306,0.004098812085212492,0.0005201174983958535,0.003079381788356619,0.013061314560518796,0.009797253455583004,0.6405250430107117,0.2899085764177144,0.3506165053360165,5,trapezoid_from_zero_normalized_by_max_fraction,True,correct,true_negative,medium,low,binary
cicids2017_binary,44,0,BENIGN,rid_e4c27e2541ee7b2c387fe31492c98615,mlp,gradient_x_input,insertion,training_median,False,True,False,True,0,BENIGN,predicted_class_of_audited_model,1.0,0.0002910845505539,0.02286021672189236,0.015804341285533822,0.007055875436358536,0.003639175328348176,-7.690820720388913e-05,0.010062838511637383,0.012797378210254973,2.1747965812683105,1.3288935382366183,0.845903424501419,5,trapezoid_from_zero_normalized_by_max_fraction,True,correct,true_negative,high,medium,binary
cicids2017_binary,44,0,BENIGN,rid_368734497e98bbb69131389f7a06a4d1,mlp,gradient_x_input,insertion,training_median,False,True,False,True,0,BENIGN,predicted_class_of_audited_model,0.999968361309584,0.0002594458601378,0.02285003206561669,0.009834113484342086,0.013015918581274601,0.0018169286289172115,0.009454738468596867,0.004533152889837332,0.018316879175779354,0.6980281472206116,0.34613526861369603,0.35189286668598657,5,trapezoid_from_zero_normalized_by_max_fraction,True,correct,true_negative,medium,low,binary
cicids2017_binary,44,0,BENIGN,rid_d71be8bc5355863a327db52893581810,mlp,gradient_x_input,insertion,training_median,False,False,True,True,1,ATTACK,predicted_class_of_audited_model,0.0051868944428861,0.0048958098923322,0.1770547653995891,0.18732332332736662,-0.010268557927777519,0.022504934761113347,-0.054378230059559676,0.10422875516083294,0.07282601023875616,0.37937048077583313,0.3429147177636624,0.03645576301217078,5,trapezoid_from_zero_normalized_by_max_fraction,False,error,false_positive,low,medium,binary
cicids2017_binary,44,0,BENIGN,rid_d4ebb83a719f50b5c529e028b46dcf99,mlp,gradient_x_input,insertion,training_median,False,False,True,True,1,ATTACK,predicted_class_of_audited_model,0.0025994409807026,0.0023083564301487,-0.022369195874489378,0.13706559501934112,-0.1594347908938305,0.019631177061603586,-0.19791189793457353,0.11518289875505228,-0.13755209462954165,0.493793249130249,0.3244363866448402,0.16935685652494428,5,trapezoid_from_zero_normalized_by_max_fraction,False,error,false_positive,low,medium,binary
cicids2017_binary,44,0,BENIGN,rid_6c4185b0a6428ac3964ea14675f9b28b,mlp,gradient_x_input,insertion,training_median,False,False,True,True,1,ATTACK,predicted_class_of_audited_model,0.001556035480462,0.001264950929908,-0.02265061165799125,0.17104461434975682,-0.19369522600774808,0.02229205688442019,-0.23738765750121166,0.07102045373667436,-0.0936710653946656,0.4941439628601074,0.32161770066618917,0.17252626219391826,5,trapezoid_from_zero_normalized_by_max_fraction,False,error,false_positive,low,medium,binary
cicids2017_binary,44,0,BENIGN,rid_702fb30686e6da0ff9f4383da846e6e1,mlp,gradient_x_input,insertion,training_median,False,False,True,True,1,ATTACK,predicted_class_of_audited_model,0.0009931481909006,0.0007020636403466,0.3181025750003755,0.17616889240787578,0.14193368259249972,0.02121793183183652,0.10034653620210014,0.13620295920355238,0.18189961579682312,0.33335137367248535,0.314110139042139,0.019241213768720632,5,trapezoid_from_zero_normalized_by_max_fraction,False,error,false_positive,low,medium,binary
cicids2017_binary,44,0,BENIGN,rid_e33b3d8e070b55fbbc9cc038055d6c53,mlp,gradient_x_input,insertion,training_median,False,True,False,True,0,BENIGN,predicted_class_of_audited_model,1.0,0.0002910845505539,0.02286021672189236,0.009777032094552152,0.013083184627340205,0.005058658394916108,0.0031682141733046336,-0.02294158929724842,0.04580180601914077,2.015749454498291,1.4377925639152527,0.5779571290016173,5,trapezoid_from_zero_normalized_by_max_fraction,True,correct,true_negative,high,medium,binary
cicids2017_binary,44,0,BENIGN,rid_d54fd2604c8e3a0e0358a6d0c8123d20,mlp,gradient_x_input,insertion,training_median,False,False,True,True,1,ATTACK,predicted_class_of_audited_model,0.0020926618017256,0.0018015772511717,-0.020498299517203118,0.021943917101098123,-0.04244221661830125,0.0036757546685615514,-0.04964669576868189,0.014181668306431673,-0.03467996782363479,0.3910755217075348,0.1519643387645483,0.23911115910112857,5,trapezoid_from_zero_normalized_by_max_fraction,False,error,false_positive,low,medium,binary
cicids2017_binary,44,0,BENIGN,rid_9d172532a7a6f8bb52462457dd8f7f28,mlp,gradient_x_input,insertion,training_median,False,True,False,True,0,BENIGN,predicted_class_of_audited_model,0.9999998797737676,0.0002909643243213,0.022860142394793212,0.021378541037589363,0.0014816013572038552,0.00022043386730582665,0.001049550977284435,0.015502881732673512,0.007357260662119702,0.8399233818054199,0.5055699127018453,0.33435344526171684,5,trapezoid_from_zero_normalized_by_max_fraction,True,correct,true_negative,medium,medium,binary
cicids2017_binary,44,0,BENIGN,rid_4f25f4c229612a2db37d3cd530e4857e,mlp,gradient_x_input,insertion,training_median,False,False,True,True,1,ATTACK,predicted_class_of_audited_model,0.0050331125967204,0.0047420280461665,0.15759393478547282,0.18787912843606389,-0.030285193650591076,0.02298503687227528,-0.07533586592025063,0.12660035221951263,0.03099358256596019,0.37893086671829224,0.32918718546628956,0.04974368125200272,5,trapezoid_from_zero_normalized_by_max_fraction,False,error,false_positive,low,medium,binary
cicids2017_binary,44,0,BENIGN,rid_69fcec46dd313c0ba2544c0d9aa7af2a,mlp,gradient_x_input,insertion,training_median,False,True,False,True,0,BENIGN,predicted_class_of_audited_model,0.9999999999567196,0.0002910845072735,-0.007001272155496884,-0.00324039555440795,-0.0037608766010889328,0.0064735631919386,-0.01644906045728859,-0.003915271818321804,-0.003086000337175085,1.1938512325286865,1.2108462464809417,-0.016994918584823604,5,trapezoid_from_zero_normalized_by_max_fraction,True,correct,true_negative,medium,medium,binary
cicids2017_binary,44,0,BENIGN,rid_44bea49e4e24040727b6e3260e7a282e,mlp,gradient_x_input,insertion,training_median,False,True,False,True,0,BENIGN,predicted_class_of_audited_model,0.9999999996270232,0.0002910841775771,0.02278708925762949,-0.08637675405569928,0.10916384331332878,0.012835715896281626,0.08400584015661679,-0.03878440318012498,0.06157149243775448,3.154548168182373,1.4274677242040634,1.7270804201364516,5,trapezoid_from_zero_normalized_by_max_fraction,True,correct,true_negative,medium,medium,binary
cicids2017_binary,44,0,BENIGN,rid_5f34fe6b491aeab6b880ce221ca67033,mlp,gradient_x_input,insertion,training_median,False,False,True,True,1,ATTACK,predicted_class_of_audited_model,0.0019629611633718,0.0016718766128179,0.041251332685351375,0.0170238455081153,0.02422748717723607,0.002690229312205342,0.018954637725313597,0.006911467321614339,0.03433986536373703,0.5682127475738525,0.1857916528135538,0.3824211037009954,5,trapezoid_from_zero_normalized_by_max_fraction,False,error,false_positive,low,medium,binary
cicids2017_binary,44,0,BENIGN,rid_a3b7b3c4e70dd3b958c08dc5a4feb108,mlp,gradient_x_input,insertion,training_median,False,True,False,True,0,BENIGN,predicted_class_of_audited_model,0.9999999968743633,0.000291081424917,0.022858708986535706,-0.05961277218799596,0.08247148117453168,0.013829111005700941,0.055366423603357834,-0.03805201110822564,0.060910720094761346,1.4868322610855103,0.9986355791091919,0.4881965746879578,5,trapezoid_from_zero_normalized_by_max_fraction,True,correct,true_negative,medium,medium,binary
cicids2017_binary,44,0,BENIGN,rid_9522aa530d6416e823b10f851fbbbd54,mlp,gradient_x_input,insertion,training_median,False,False,True,True,1,ATTACK,predicted_class_of_audited_model,0.0004448120889719,0.000153727538418,-0.022443737950015932,0.004835017405039878,-0.02727875535505581,0.0031109800383655206,-0.03337627623025223,0.030458185252379852,-0.05290192320239577,1.436280608177185,1.067751306593418,0.36852945655584335,5,trapezoid_from_zero_normalized_by_max_fraction,False,error,false_positive,low,low,binary
cicids2017_binary,44,0,BENIGN,rid_1016d9594cd491eb7d4c9b190c8ae322,mlp,gradient_x_input,insertion,training_median,False,False,True,True,1,ATTACK,predicted_class_of_audited_model,0.0006747257430106,0.0003836411924567,-0.017024907330051065,-0.0002758638300485554,-0.01674904350000251,0.0038707396702718474,-0.02433569325373533,0.03241797424789306,-0.04944288157794413,2.0405402183532715,1.607073092222214,0.43346735262870795,5,trapezoid_from_zero_normalized_by_max_fraction,False,error,false_positive,low,medium,binary
cicids2017_binary,44,0,BENIGN,rid_e05ff13022b2e47f679963c57f7b445c,mlp,gradient_x_input,insertion,training_median,False,True,False,True,0,BENIGN,predicted_class_of_audited_model,0.9999990307188682,0.000290115269422,0.022859890517416395,0.01686902015489384,0.005990870362522555,0.0012662617893994406,0.0035089972552996515,-0.009483784742860527,0.03234367526027692,4.332282066345215,3.434135177612305,0.8981470556259155,5,trapezoid_from_zero_normalized_by_max_fraction,True,correct,true_negative,medium,low,binary
cicids2017_binary,44,0,BENIGN,rid_128839b76407e20f8af0c75233803f63,mlp,gradient_x_input,insertion,training_median,False,False,True,True,1,ATTACK,predicted_class_of_audited_model,0.0010947920382022,0.0008037074876482,0.0530041586549487,0.26801073939239517,-0.21500658073744647,0.026041575447093793,-0.2660480686137503,0.23871916845497088,-0.1857150098000222,0.8614377975463867,0.6353256570100785,0.22611220014095307,5,trapezoid_from_zero_normalized_by_max_fraction,False,error,false_positive,low,medium,binary
cicids2017_binary,44,0,BENIGN,rid_4a5676278e677f437bb108b929d26e6b,mlp,gradient_x_input,insertion,training_median,False,True,False,True,0,BENIGN,predicted_class_of_audited_model,1.0,0.0002910845505539,0.02286021671980825,0.01572370608226727,0.007136510637540977,0.0034428404321416414,0.0003885433905433597,-0.004118849076557759,0.026979065796366008,2.085965394973755,1.6462590203285217,0.43970625543594366,5,trapezoid_from_zero_normalized_by_max_fraction,True,correct,true_negative,high,medium,binary
cicids2017_binary,44,0,BENIGN,rid_f4ae954e4048dc292da61b09e246ac08,mlp,gradient_x_input,insertion,training_median,False,False,True,True,1,ATTACK,predicted_class_of_audited_model,0.0019637320656329,0.0016726475150789,0.4962244460126385,0.17679343054302807,0.31943101546961045,0.02102272532872272,0.2782264738253139,0.21168361149892007,0.2845408345137184,0.4206194281578064,0.23308328895270822,0.18753612132370473,5,trapezoid_from_zero_normalized_by_max_fraction,False,error,false_positive,low,medium,binary
cicids2017_binary,44,0,BENIGN,rid_de494e8017506411102020d95f5941b6,mlp,gradient_x_input,insertion,training_median,False,True,False,True,0,BENIGN,predicted_class_of_audited_model,0.9999999363610286,0.0002910209115824,0.022860169544420827,0.01776527191756405,0.005094897626856774,0.00036741258108669847,0.004374768967926845,0.013745459684279907,0.009114709860140919,0.4523945748806,0.20175972953438764,0.2506348602473735,5,trapezoid_from_zero_normalized_by_max_fraction,True,correct,true_negative,medium,medium,binary
cicids2017_binary,44,0,BENIGN,rid_38161c52dc4105abccc19a726ed3e840,mlp,gradient_x_input,insertion,training_median,False,False,True,True,1,ATTACK,predicted_class_of_audited_model,0.000324440159602,3.3355609048100034e-05,-0.017235922347754243,-0.007047230646373876,-0.010188691701380365,0.001818088151488674,-0.013752144478298166,-0.00048384230121985023,-0.01675208004653439,1.4084386825561523,0.9265322374105454,0.48190651667118073,5,trapezoid_from_zero_normalized_by_max_fraction,False,error,false_positive,low,low,binary
cicids2017_binary,44,0,BENIGN,rid_3cc8a2ed18c39d306dde4ff03e6351a8,mlp,gradient_x_input,insertion,training_median,False,False,True,True,1,ATTACK,predicted_class_of_audited_model,0.0007069910061545,0.0004159064556006,-0.022423689384140744,0.17211450594000927,-0.19453819532415,0.021121605353985155,-0.23593654181796092,0.11859503826259198,-0.1410187276467327,0.48794060945510864,0.30639548766613006,0.1815451158285141,5,trapezoid_from_zero_normalized_by_max_fraction,False,error,false_positive,low,medium,binary
cicids2017_binary,44,0,BENIGN,rid_d7427654e5cdda10bdeadc4c2005f0b0,mlp,gradient_x_input,insertion,training_median,False,True,False,True,0,BENIGN,predicted_class_of_audited_model,0.9999513829316128,0.0002424674821667,0.022832495897978332,0.014008935634801486,0.008823560263176848,0.0011392325438547562,0.006590664477221526,0.00728882893135102,0.015543666966627314,0.705260694026947,0.3386899991333485,0.3665706799924373,5,trapezoid_from_zero_normalized_by_max_fraction,True,correct,true_negative,medium,low,binary
cicids2017_binary,44,0,BENIGN,rid_bc0ed2367be1555b07214841c995ed1b,mlp,gradient_x_input,insertion,training_median,False,False,True,True,1,ATTACK,predicted_class_of_audited_model,0.3645074367523193,0.3642163522017654,0.35134552605450153,0.23393758670943426,0.11740793934506726,0.01712926742778286,0.08383457518661284,0.15559717255609234,0.1957483534984092,9.834436416625977,3.9719007802009587,5.862534396648408,5,trapezoid_from_zero_normalized_by_max_fraction,False,error,false_positive,low,high,binary
cicids2017_binary,44,0,BENIGN,rid_9083716dcd2411f5d6fbad11b1e3e79b,mlp,gradient_x_input,insertion,training_median,False,True,False,True,0,BENIGN,predicted_class_of_audited_model,0.9999998762998104,0.0002909608503642,0.017875563485540626,0.012037064378988134,0.0058384991065524895,0.001133325962421323,0.0036171802202066964,0.011088899270031703,0.006786664215508921,0.29120635986328125,0.1950099159777164,0.09619643792510033,5,trapezoid_from_zero_normalized_by_max_fraction,True,correct,true_negative,medium,medium,binary
cicids2017_binary,44,0,BENIGN,rid_42e2a319a7206317d034607313a14ca6,mlp,gradient_x_input,insertion,training_median,False,True,False,True,0,BENIGN,predicted_class_of_audited_model,0.999999999219628,0.000291083770182,0.02285818334036325,-0.0016391600872207738,0.02449734342758402,0.007499205872089431,0.009798899918288737,-0.012256816529720953,0.0351149998700842,0.9840595126152039,0.8318509730100632,0.1522084800004959,5,trapezoid_from_zero_normalized_by_max_fraction,True,correct,true_negative,medium,medium,binary
cicids2017_binary,44,0,BENIGN,rid_d8de40d0c84dcda670239cd28002b34c,mlp,gradient_x_input,insertion,training_median,False,False,True,True,1,ATTACK,predicted_class_of_audited_model,0.0041637457907199,0.003872661240166,0.598600540892221,0.26645876691729775,0.33214177397492334,0.026415568755212695,0.28036725921470645,0.09819225018463909,0.500408290707582,0.39534133672714233,0.3178942923545837,0.07744707119464875,5,trapezoid_from_zero_normalized_by_max_fraction,False,error,false_positive,low,medium,binary
cicids2017_binary,44,0,BENIGN,rid_5c98dc5c55b19c8d07baea44c8a67fbe,mlp,gradient_x_input,insertion,training_median,False,False,True,True,1,ATTACK,predicted_class_of_audited_model,0.0003281125100329,3.702795947900002e-05,0.4268122769892216,0.09447502284672661,0.33233725414249493,0.01711268189986572,0.2987963976187581,0.10047368704186885,0.32633858994735276,0.7543541193008423,0.51638394343853,0.23797013413906098,5,trapezoid_from_zero_normalized_by_max_fraction,False,error,false_positive,low,low,binary
cicids2017_binary,44,0,BENIGN,rid_7f78ef62d35a53293f66385801b22e6a,mlp,gradient_x_input,insertion,training_median,False,False,True,True,1,ATTACK,predicted_class_of_audited_model,0.0054946788586676,0.0052035943081137,0.1609515231102705,0.11200547296998019,0.04894605014029032,0.01772991508158961,0.014195416580374688,0.08582632849015115,0.07512519462011935,0.2657013535499573,0.23398634934425355,0.03171498930454255,5,trapezoid_from_zero_normalized_by_max_fraction,False,error,false_positive,low,medium,binary
cicids2017_binary,44,0,BENIGN,rid_84a7d1506ee7034cfcbde99f1a6ca694,mlp,gradient_x_input,insertion,training_median,False,False,True,True,1,ATTACK,predicted_class_of_audited_model,0.000413919246057,0.0001228346955031,0.08760400390601718,0.20278760771817228,-0.11518360381215509,0.022017151749401963,-0.15833722124098293,0.11175875577723286,-0.02415475187121568,1.1275259256362915,0.9615126044750214,0.16601332116127016,5,trapezoid_from_zero_normalized_by_max_fraction,False,error,false_positive,low,low,binary
cicids2017_binary,44,0,BENIGN,rid_5d6d3c0ae8084c57b4ce2b3196b46f1f,mlp,gradient_x_input,insertion,training_median,False,False,True,True,1,ATTACK,predicted_class_of_audited_model,0.0169734675437212,0.0166823829931672,0.5287163853645325,0.06910628234735633,0.4596101030171761,0.010998708485257972,0.43805263438607045,0.10217964097012369,0.4265367443944088,3.055629253387451,2.804773052215576,0.2508563442230225,5,trapezoid_from_zero_normalized_by_max_fraction,False,error,false_positive,low,medium,binary
cicids2017_binary,44,0,BENIGN,rid_6ddeb23200fe5fc5e6d906579ccb6dbf,mlp,gradient_x_input,insertion,training_median,False,True,False,True,0,BENIGN,predicted_class_of_audited_model,0.999999787730502,0.0002908722810559,0.02285432106714619,-0.059338294988961045,0.08219261605610724,0.014641189623010262,0.05349588439500713,-0.10101721961606647,0.12387154068321266,1.0490083694458008,0.9233851144313814,0.1256231954097748,5,trapezoid_from_zero_normalized_by_max_fraction,True,correct,true_negative,medium,medium,binary
cicids2017_binary,44,0,BENIGN,rid_791d4cc49f6c121383b013465f18bdba,mlp,gradient_x_input,insertion,training_median,False,True,False,True,0,BENIGN,predicted_class_of_audited_model,0.9999989209788964,0.0002900055294503,0.022859733513483603,0.0182942092187095,0.004565524294774104,0.0005047050100884993,0.0035763024750006455,0.014549153611194191,0.008310579902289412,0.6553112864494324,0.28612712287902825,0.36918413376808173,5,trapezoid_from_zero_normalized_by_max_fraction,True,correct,true_negative,medium,low,binary
cicids2017_binary,44,0,BENIGN,rid_9042fda68806739ded78dc8c7c2f1d14,mlp,gradient_x_input,insertion,training_median,False,False,True,True,1,ATTACK,predicted_class_of_audited_model,0.0003973068669438,0.0001062223163899,0.007818724129538168,0.004334009132102437,0.0034847149974357302,0.0022069635104608244,-0.0008409334830674856,0.006674868795708789,0.0011438553338293778,0.32097142934799194,0.13755300748348237,0.18341843378543854,5,trapezoid_from_zero_normalized_by_max_fraction,False,error,false_positive,low,low,binary
cicids2017_binary,44,0,BENIGN,rid_f5dc1f5973be5ee1ef22e378fd1f11ea,mlp,gradient_x_input,insertion,training_median,False,True,False,True,0,BENIGN,predicted_class_of_audited_model,0.9999999999998258,0.0002910845503797,0.022859471103822672,0.0011305047326202865,0.021728966371202387,0.008705499793919021,0.0046661867751211054,-0.007018072057046102,0.029877543160868773,2.8094592094421387,2.360979925632477,0.4484792599678039,5,trapezoid_from_zero_normalized_by_max_fraction,True,correct,true_negative,medium,medium,binary
cicids2017_binary,44,0,BENIGN,rid_fc68e4d9c539baf06d589acec060b528,mlp,gradient_x_input,insertion,training_median,False,True,False,True,0,BENIGN,predicted_class_of_audited_model,0.99999955519192,0.0002906397424737,0.022860005071397183,0.01944588912562657,0.0034141159457706117,0.0003771806360124794,0.002674841899186152,0.013860727005008264,0.008999278066388918,0.5761817693710327,0.28486704538762575,0.2913147776275873,5,trapezoid_from_zero_normalized_by_max_fraction,True,correct,true_negative,medium,low,binary
cicids2017_binary,44,0,BENIGN,rid_5ae3333db5b2874b7dd0f3d04a2e903e,mlp,gradient_x_input,insertion,training_median,False,True,False,True,0,BENIGN,predicted_class_of_audited_model,0.9999941791652418,0.0002852637157957,0.02285730890703519,0.012459819346579526,0.010397489560455664,0.0012250616253808608,0.007996368774709177,0.006504264565857535,0.01635304434117766,0.6137036085128784,0.27276238264143465,0.34094124971330164,5,trapezoid_from_zero_normalized_by_max_fraction,True,correct,true_negative,medium,low,binary
cicids2017_binary,44,0,BENIGN,rid_ce81849f1daba6a42a2f375a900bc84e,mlp,gradient_x_input,insertion,training_median,False,True,False,True,0,BENIGN,predicted_class_of_audited_model,0.9999999977019014,0.0002910822524552,-0.01192895598491957,0.016765988035832676,-0.02869494402075224,0.0005270505162550769,-0.02972796303261219,0.013710208565135898,-0.025639164550055465,0.4024182856082916,0.3108956406116486,0.0915226628780365,5,trapezoid_from_zero_normalized_by_max_fraction,True,correct,true_negative,medium,medium,binary
cicids2017_binary,44,0,BENIGN,rid_903a7e5a26cbf03bdfbd31c165374455,mlp,gradient_x_input,insertion,training_median,False,False,True,True,1,ATTACK,predicted_class_of_audited_model,0.0050231893546879,0.004732104804134,-0.0058099823627458125,0.20436981897512108,-0.21017980133786687,0.023147439589459758,-0.255548782933208,0.11717518876717117,-0.12298517112991698,0.5068920254707336,0.31279060298204425,0.19410141652822493,5,trapezoid_from_zero_normalized_by_max_fraction,False,error,false_positive,low,medium,binary
cicids2017_binary,44,0,BENIGN,rid_2f71a20695d6fb19c38da4fd2b3fdba6,mlp,gradient_x_input,insertion,training_median,False,True,False,True,0,BENIGN,predicted_class_of_audited_model,0.9999999907755956,0.0002910753261495,0.021964797380856285,-0.0034371726113836118,0.025401969992239898,0.00744365899996936,0.010812398352299954,-0.019982791908457687,0.04194758928931397,0.5123831033706665,0.5238461905717849,-0.01146311104297636,5,trapezoid_from_zero_normalized_by_max_fraction,True,correct,true_negative,medium,medium,binary
cicids2017_binary,44,0,BENIGN,rid_0c6d01ca6ea1b262e89e6421a2992b40,mlp,gradient_x_input,insertion,training_median,False,False,True,True,1,ATTACK,predicted_class_of_audited_model,0.0055080610327422,0.0052169764821883,0.1604888040572405,0.1125180595466964,0.047970744510544075,0.017767025019235678,0.01314737547284215,0.1318210529413607,0.028667751115879783,0.2654118835926056,0.2219183609932661,0.04349351067841052,5,trapezoid_from_zero_normalized_by_max_fraction,False,error,false_positive,low,medium,binary
cicids2017_binary,44,0,BENIGN,rid_3529e04e9a2b14faeb393e1f3f46ae76,mlp,gradient_x_input,insertion,training_median,False,True,False,True,0,BENIGN,predicted_class_of_audited_model,0.9999965573699684,0.0002876419205221,0.022858228836179252,0.01155551373555882,0.01130271510062043,0.0014364923492553212,0.00848719009608,0.007682714872894991,0.01517551396328426,0.5910022854804993,0.27473046957328917,0.3162718099467456,5,trapezoid_from_zero_normalized_by_max_fraction,True,correct,true_negative,medium,low,binary
cicids2017_binary,44,0,BENIGN,rid_47e82f8abb2cde6941b140cd7b01affa,mlp,gradient_x_input,insertion,training_median,False,True,False,True,0,BENIGN,predicted_class_of_audited_model,0.999999998962036,0.0002910835125898,0.022859574949683617,-0.029870344170284672,0.052729919119968285,0.011042990643724528,0.03108565745826821,-0.04324583695407891,0.06610541190376251,1.1318684816360474,0.9979507267475128,0.13391771912574768,5,trapezoid_from_zero_normalized_by_max_fraction,True,correct,true_negative,medium,medium,binary
cicids2017_binary,44,1,ATTACK,rid_90bf460c23de7f169569a903b5e5bcd4,mlp,gradient_x_input,insertion,training_median,False,False,True,False,0,BENIGN,predicted_class_of_audited_model,0.999916816537734,0.000207901088288,0.022823265717852335,0.015737861430724864,0.007085404287127471,0.000799858566700317,0.00551768149639485,0.010196838487666823,0.012626427230185512,0.7775698304176331,0.3915186143666506,0.3860512637346983,5,trapezoid_from_zero_normalized_by_max_fraction,False,error,false_negative,medium,low,binary
cicids2017_binary,44,0,BENIGN,rid_f66a10e8c05e6da936e7c0ac88075983,mlp,gradient_x_input,insertion,training_median,False,True,False,True,0,BENIGN,predicted_class_of_audited_model,0.9999997244028124,0.0002908089533661,-0.06849060542881488,-0.01915907390837955,-0.04933153152043534,0.006257315300940244,-0.06159586951027822,-0.009597242835171358,-0.058893362593643535,0.3846895098686218,0.2799514091908932,0.10473808577656744,5,trapezoid_from_zero_normalized_by_max_fraction,True,correct,true_negative,medium,medium,binary
cicids2017_binary,44,0,BENIGN,rid_925d38c41b222c06fa8bf565a6ad4fa2,mlp,gradient_x_input,insertion,training_median,False,False,True,True,1,ATTACK,predicted_class_of_audited_model,0.0046709771268069,0.004379892576253,0.11350223040208221,0.22229888896091143,-0.10879665855882921,0.023790343060841816,-0.15542573095807916,0.1720330133077514,-0.05853078290566917,0.15016388893127441,0.1498733474574983,0.00029053998365998477,5,trapezoid_from_zero_normalized_by_max_fraction,False,error,false_positive,low,medium,binary
cicids2017_binary,44,0,BENIGN,rid_bef7e91873bee07106e09436900506af,mlp,gradient_x_input,insertion,training_median,False,False,True,True,1,ATTACK,predicted_class_of_audited_model,0.0003299050731584,3.88205226045e-05,-0.02272960081795645,-0.009534101544426398,-0.013195499273530056,0.0016493707386370075,-0.01642826592125859,-0.003887221625714034,-0.01884237919224242,0.7261583805084229,0.459778219640255,0.26638014894723894,5,trapezoid_from_zero_normalized_by_max_fraction,False,error,false_positive,low,low,binary
cicids2017_binary,44,0,BENIGN,rid_d84a19391e0da0e4e920331ad040630b,mlp,gradient_x_input,insertion,training_median,False,True,False,True,0,BENIGN,predicted_class_of_audited_model,0.9999995144476088,0.0002905989981627,0.0228601137506292,0.01459143394359758,0.008268679807031616,0.0007856786779352301,0.006728749598278565,0.011698749772251275,0.01116136397837792,0.48699426651000977,0.22092308475077155,0.26607118473947045,5,trapezoid_from_zero_normalized_by_max_fraction,True,correct,true_negative,medium,low,binary
cicids2017_binary,44,0,BENIGN,rid_23c9749e07e86541c2068e8918d7a595,mlp,gradient_x_input,insertion,training_median,False,False,True,True,1,ATTACK,predicted_class_of_audited_model,0.0012696932535618,0.0009786087030079,0.26496369466185565,0.1347789206090092,0.1301847740528465,0.020706462483574013,0.08960010758504144,0.15480991711706885,0.11015377754478688,0.2625318467617035,0.1324031070843339,0.1301287486180663,5,trapezoid_from_zero_normalized_by_max_fraction,False,error,false_positive,low,medium,binary
cicids2017_binary,44,0,BENIGN,rid_dceb2bd536e8afe52f36d03c94eae70c,mlp,gradient_x_input,insertion,training_median,False,False,True,True,1,ATTACK,predicted_class_of_audited_model,0.0004089481662958,0.0001178636157419,-0.0225907287618611,-0.009732716891813788,-0.012858011870047313,0.001652435961206227,-0.016096786354011516,-0.0035430505717435642,-0.019047678190117538,1.0502750873565674,0.5427267868518829,0.5075483124256135,5,trapezoid_from_zero_normalized_by_max_fraction,False,error,false_positive,low,low,binary
cicids2017_binary,44,0,BENIGN,rid_2c414409ad4d75c92305367b644197ad,mlp,gradient_x_input,insertion,training_median,False,True,False,True,0,BENIGN,predicted_class_of_audited_model,0.9998226165334928,0.0001137010840465,0.02275912009702097,0.0074885606991221786,0.01527055939789879,0.002104875331445427,0.011145003748265752,-0.0008487063462060715,0.023607826443227037,0.7226625680923462,0.46771237152814865,0.2549501608014107,5,trapezoid_from_zero_normalized_by_max_fraction,True,correct,true_negative,medium,low,binary
cicids2017_binary,44,0,BENIGN,rid_c0b11bc8e9725c92990b9ee140824d40,mlp,gradient_x_input,insertion,training_median,False,True,False,True,0,BENIGN,predicted_class_of_audited_model,0.9999865198942643,0.0002776044448182,0.022854382204866394,0.01805102051745639,0.004803361687410003,0.0005780516742761841,0.0036703804058286823,0.01348146153224801,0.009372920672618388,0.773810088634491,0.3588477921262383,0.41496233227103946,5,trapezoid_from_zero_normalized_by_max_fraction,True,correct,true_negative,medium,low,binary
cicids2017_binary,44,0,BENIGN,rid_7bffb88f3db9bd6b40183466e866cc81,mlp,gradient_x_input,insertion,training_median,False,True,False,True,0,BENIGN,predicted_class_of_audited_model,0.9999440737592522,0.0002351583098061,0.022837316627544624,0.012265235375508828,0.010572081252035794,0.001281802870353435,0.008059747626143062,0.00844170518927362,0.014395611438271005,0.6665722131729126,0.43325853675603876,0.2333135870099068,5,trapezoid_from_zero_normalized_by_max_fraction,True,correct,true_negative,medium,low,binary
cicids2017_binary,44,0,BENIGN,rid_c254878acf2095d116ef4e1ec50b5a7a,mlp,gradient_x_input,insertion,training_median,False,True,False,True,0,BENIGN,predicted_class_of_audited_model,0.999993185198946,0.0002842697494997,0.022854050002553094,0.019302662101741253,0.003551387900811843,0.000608969679542007,0.0023578073289095094,0.013111466073022748,0.009742583929530348,0.7951583862304688,0.44342490530014045,0.35173348689079276,5,trapezoid_from_zero_normalized_by_max_fraction,True,correct,true_negative,medium,low,binary
cicids2017_binary,44,0,BENIGN,rid_6d656ac569bb8cd6bcf80fd7d1186b92,mlp,gradient_x_input,insertion,training_median,False,False,True,True,1,ATTACK,predicted_class_of_audited_model,0.0004083578241989,0.000117273273645,0.0077160340810223695,0.006133140570474097,0.0015828935105482735,0.0026449287546990896,-0.0036011668486619418,0.007989399500321497,-0.0002733654192991278,0.3216319680213928,0.1367262308299541,0.18490572825074195,5,trapezoid_from_zero_normalized_by_max_fraction,False,error,false_positive,low,low,binary
cicids2017_binary,44,1,ATTACK,rid_42d35de314d0bd7e4b0b1c643c6768fe,mlp,gradient_x_input,insertion,training_median,False,True,False,True,1,ATTACK,predicted_class_of_audited_model,0.9999999403953552,0.9997088558448012,0.7163224633430219,0.42379882755583886,0.2925236357871829,0.024650499451363446,0.24420865686251053,0.1862161491138138,0.530106314229208,0.8086012601852417,0.6885674474239349,0.12003381276130679,5,trapezoid_from_zero_normalized_by_max_fraction,True,correct,true_positive,medium,high,binary
cicids2017_binary,44,0,BENIGN,rid_0245b92446477288d6bca37b54ef27a9,mlp,gradient_x_input,insertion,training_median,False,True,False,True,0,BENIGN,predicted_class_of_audited_model,0.999999671550313,0.0002907561008668,0.022860030767416363,0.019203148282332806,0.003656882485083555,0.0003696832471999244,0.002932303320571703,0.014085869632445226,0.008774161134971138,0.5082522034645081,0.24108594919368626,0.267166269171983,5,trapezoid_from_zero_normalized_by_max_fraction,True,correct,true_negative,medium,low,binary
cicids2017_binary,44,0,BENIGN,rid_79fedbc6f1dc324932e51be4e75f485e,mlp,gradient_x_input,insertion,training_median,False,False,True,True,1,ATTACK,predicted_class_of_audited_model,0.004592134617269,0.0043010500667151,-0.005798278727992567,0.14136879646980977,-0.14716707519780234,0.019462120515064834,-0.1853128314073294,0.08818788105580852,-0.0939861597838011,0.5189195871353149,0.3330653082728386,0.18585429674386975,5,trapezoid_from_zero_normalized_by_max_fraction,False,error,false_positive,low,medium,binary
cicids2017_binary,44,0,BENIGN,rid_d021845ac75432a27180d864be595ace,mlp,gradient_x_input,insertion,training_median,False,False,True,True,1,ATTACK,predicted_class_of_audited_model,0.0005138728301972,0.0002227882796433,0.044625275861471886,0.006326085218636958,0.038299190642834935,0.002446328003819059,0.03350438775534958,0.007289567344083365,0.03733570851738852,0.3316631317138672,0.19765343955159187,0.1340096981227398,5,trapezoid_from_zero_normalized_by_max_fraction,False,error,false_positive,low,low,binary
cicids2017_binary,44,0,BENIGN,rid_8c2edcf72283b110e0a9e4e795fabd33,mlp,gradient_x_input,insertion,training_median,False,True,False,True,0,BENIGN,predicted_class_of_audited_model,0.9999999985253408,0.0002910830758946,-0.023419996712800636,-0.01615670974739708,-0.007263286965403563,0.009044812163188583,-0.024991118805253187,-0.002940775614736012,-0.020479221098064625,0.6418116688728333,0.5272169668674469,0.11459467816352845,5,trapezoid_from_zero_normalized_by_max_fraction,True,correct,true_negative,medium,medium,binary
cicids2017_binary,44,0,BENIGN,rid_891bd4ae8887c18f4c7f24fd06d7494e,mlp,gradient_x_input,insertion,training_median,False,False,True,True,1,ATTACK,predicted_class_of_audited_model,0.0039975796826183,0.0037064951320644,0.45616076923906806,0.14842067077333923,0.3077400984657288,0.020166607246203668,0.2682135482631696,0.17095334805289167,0.28520742118617637,0.29031458497047424,0.1629625244438648,0.12735205456614496,5,trapezoid_from_zero_normalized_by_max_fraction,False,error,false_positive,low,medium,binary
cicids2017_binary,44,0,BENIGN,rid_72b0c4f87c4b29674bff62560ead3526,mlp,gradient_x_input,insertion,training_median,False,False,True,True,1,ATTACK,predicted_class_of_audited_model,0.0003580583725124,6.697382195850003e-05,-0.02264954532458887,-0.006676186181575734,-0.015973359143013136,0.002152040163055341,-0.020191357862601605,-0.002829915765053293,-0.019819629559535576,0.7935552597045898,0.4525712822377682,0.340984007269144,5,trapezoid_from_zero_normalized_by_max_fraction,False,error,false_positive,low,low,binary
cicids2017_binary,44,0,BENIGN,rid_65f923945c25103d9e7e6401f8ca2bb9,mlp,gradient_x_input,insertion,training_median,False,True,False,True,0,BENIGN,predicted_class_of_audited_model,0.9999999649183736,0.0002910494689274,0.02285656527408264,-0.061423402080373536,0.08427996735445618,0.012770886629880752,0.05924902955988991,-0.04535107552129422,0.06820764079537686,1.30604887008667,0.8098975340127945,0.4961513003110885,5,trapezoid_from_zero_normalized_by_max_fraction,True,correct,true_negative,medium,medium,binary
cicids2017_binary,44,0,BENIGN,rid_e99a80a21c8b8189f4ac62358a0e6093,mlp,gradient_x_input,insertion,training_median,False,False,True,True,1,ATTACK,predicted_class_of_audited_model,0.0015704168472439,0.00127933229669,0.2579385183751583,0.1266748250693781,0.1312636933057802,0.019558095381725715,0.09292982635759779,0.10986689779027801,0.14807162058488033,0.2563377618789673,0.12925044583529233,0.12708732498437167,5,trapezoid_from_zero_normalized_by_max_fraction,False,error,false_positive,low,medium,binary
cicids2017_binary,44,0,BENIGN,rid_88f05a098aa34861d4a3c3d3eb62d0e0,mlp,gradient_x_input,insertion,training_median,False,False,True,True,1,ATTACK,predicted_class_of_audited_model,0.0091742305085062,0.0088831459579523,-0.020452441695306335,0.16684752929190033,-0.18729997098720666,0.019502310938429784,-0.22552450042652905,0.14589795645521614,-0.1663503981505225,0.5434378385543823,0.32489812445640565,0.21853969621658326,5,trapezoid_from_zero_normalized_by_max_fraction,False,error,false_positive,low,medium,binary
cicids2017_binary,44,0,BENIGN,rid_9c1fb08eebfa9c131152c6f3bf7afc3f,mlp,gradient_x_input,insertion,training_median,False,True,False,True,0,BENIGN,predicted_class_of_audited_model,0.9999972757059368,0.0002883602564906,-0.021493229622137733,-0.09039410006303639,0.06890087044089865,0.016181317538484494,0.03718548806546905,-0.05791076921221107,0.036417539590073336,0.5737674832344055,0.3569783203601837,0.2167891211509705,5,trapezoid_from_zero_normalized_by_max_fraction,True,correct,true_negative,medium,low,binary
cicids2017_binary,44,0,BENIGN,rid_910aad19325cd4ccae3f06fa19ad59ec,mlp,gradient_x_input,insertion,training_median,False,False,True,True,1,ATTACK,predicted_class_of_audited_model,0.0028202780522406,0.0025291935016867,0.04409633108880371,0.1057283419759566,-0.061632010887152894,0.019165966340592616,-0.09919730491471443,0.04997816086787135,-0.005881829779067642,0.42489510774612427,0.3286387671232223,0.0962563465833664,5,trapezoid_from_zero_normalized_by_max_fraction,False,error,false_positive,low,medium,binary
cicids2017_binary,44,0,BENIGN,rid_163d5aaa7ae1b43503165861ed565cf1,mlp,gradient_x_input,insertion,training_median,False,False,True,True,1,ATTACK,predicted_class_of_audited_model,0.0007013759459368,0.0004102913953829,0.05146088325418531,0.11553100510690636,-0.06407012185272105,0.01562748047461014,-0.09469998358295692,0.0948438639296237,-0.04338298067543837,0.3663301169872284,0.1837654685229063,0.18256465144455433,5,trapezoid_from_zero_normalized_by_max_fraction,False,error,false_positive,low,medium,binary
cicids2017_binary,44,0,BENIGN,rid_14bb75df2d40ea1abddc3c3512ecc903,mlp,gradient_x_input,insertion,training_median,False,False,True,True,1,ATTACK,predicted_class_of_audited_model,0.0005071140476502,0.0002160294970963,-0.021596286326530392,0.1603789867494208,-0.18197527307595118,0.022505741276253346,-0.22608652597740775,0.09290896879300728,-0.11450525511953766,0.6509166359901428,0.4211176781654358,0.22979893398284915,5,trapezoid_from_zero_normalized_by_max_fraction,False,error,false_positive,low,low,binary
cicids2017_binary,44,0,BENIGN,rid_f138e3a9b4b250f23e40123e1477450b,mlp,gradient_x_input,insertion,training_median,False,True,False,True,0,BENIGN,predicted_class_of_audited_model,0.9999582702475892,0.0002493547981429,0.02284235628044371,0.019761163431763807,0.0030811928486799037,0.0003977373381044261,0.0023016276659952287,0.014209453800542083,0.008632902479901627,0.9853217005729675,0.5450763594210148,0.44024533519148823,5,trapezoid_from_zero_normalized_by_max_fraction,True,correct,true_negative,medium,low,binary
cicids2017_binary,44,0,BENIGN,rid_a32ff0677222d2bce5d6b01192700873,mlp,gradient_x_input,insertion,training_median,False,False,True,True,1,ATTACK,predicted_class_of_audited_model,0.0003884530742652,9.73685237113e-05,-0.016221245209453627,0.00769197401986321,-0.023913219229316836,0.00366319284388455,-0.031093077203330554,0.008559034546725797,-0.024780279756179423,0.3707698881626129,0.22719719651341436,0.1435726737678051,5,trapezoid_from_zero_normalized_by_max_fraction,False,error,false_positive,low,low,binary
cicids2017_binary,44,0,BENIGN,rid_1d61d54b178ff469827d373bf512516f,mlp,gradient_x_input,insertion,training_median,False,False,True,True,1,ATTACK,predicted_class_of_audited_model,0.347438782453537,0.3471476979029831,0.1250162682496011,0.1968022687880453,-0.0717860005384442,0.02106175705406389,-0.11306704436440942,0.11008586628878844,0.01493040196081269,0.3960661292076111,0.2964238953888417,0.09964222189784049,5,trapezoid_from_zero_normalized_by_max_fraction,False,error,false_positive,low,medium,binary
cicids2017_binary,44,0,BENIGN,rid_5870264528ae74ee59f50b946b4f3dc1,mlp,gradient_x_input,insertion,training_median,False,True,False,True,0,BENIGN,predicted_class_of_audited_model,0.9999944527380648,0.0002855372886187,0.022857547250845302,0.01830519034409858,0.004552356906746721,0.0005992341860090072,0.0033778579021690666,0.01415741001512774,0.00870013723571756,0.7508527636528015,0.3354702272564173,0.41538252149522303,5,trapezoid_from_zero_normalized_by_max_fraction,True,correct,true_negative,medium,low,binary
cicids2017_binary,44,0,BENIGN,rid_ac6d6433f74344218b407ac259d826d2,mlp,gradient_x_input,insertion,training_median,False,False,True,True,1,ATTACK,predicted_class_of_audited_model,0.0029926248826086,0.0027015403320547,0.014948147680843248,0.081017377287108,-0.06606922960626477,0.01635375521689566,-0.09812258983138025,0.03633976980149811,-0.021391622120654864,0.9678658246994019,0.9146923698186875,0.05317355024814605,5,trapezoid_from_zero_normalized_by_max_fraction,False,error,false_positive,low,medium,binary
cicids2017_binary,44,0,BENIGN,rid_56fc9d5d0b73a6864ebf67eff76c51dd,mlp,gradient_x_input,insertion,training_median,False,False,True,True,1,ATTACK,predicted_class_of_audited_model,0.0004329042276367,0.0001418196770828,-0.02272925433680939,0.007947812097186948,-0.030677066433996335,0.004961157897022095,-0.04040093591215964,0.015463500969875938,-0.03819275530668533,0.66850745677948,0.3848481567203998,0.28365931198000915,5,trapezoid_from_zero_normalized_by_max_fraction,False,error,false_positive,low,low,binary
cicids2017_binary,44,0,BENIGN,rid_35dc41a5d6be4e97b00a2db556f849ac,mlp,gradient_x_input,insertion,training_median,False,False,True,True,1,ATTACK,predicted_class_of_audited_model,0.0005933922366239,0.00030230768607,-0.022133436544208962,0.2667274068549808,-0.2888608433991897,0.024619807252595965,-0.3371156656142778,0.237393813249267,-0.25952724979347597,1.0153979063034058,0.6883073710799217,0.32709051138162615,5,trapezoid_from_zero_normalized_by_max_fraction,False,error,false_positive,low,medium,binary
cicids2017_binary,44,0,BENIGN,rid_908a4e469749d3cbc6ae1b43827a2c56,mlp,gradient_x_input,insertion,training_median,False,True,False,True,0,BENIGN,predicted_class_of_audited_model,0.9997501781908796,4.126274143349996e-05,0.02268126199123799,0.01543677308015099,0.0072444889110869996,0.0009337078162360733,0.005414421591264296,0.0014547428655076783,0.02122651912573031,1.040254831314087,0.5110047631859779,0.529250068128109,5,trapezoid_from_zero_normalized_by_max_fraction,True,correct,true_negative,medium,low,binary
cicids2017_binary,44,0,BENIGN,rid_18d17511d05d54af87c1576049105477,mlp,gradient_x_input,insertion,training_median,False,True,False,True,0,BENIGN,predicted_class_of_audited_model,0.9999999999999948,0.0002910845505488,0.02286021671361388,0.022207509363816942,0.0006527073497969386,0.00020583032179310892,0.0002492799190824451,0.012303207373450127,0.010557009340163754,1.2330162525177002,0.8877219965457916,0.345294136762619,5,trapezoid_from_zero_normalized_by_max_fraction,True,correct,true_negative,medium,medium,binary
cicids2017_binary,44,0,BENIGN,rid_fc754ff8c24b15f5648c0e4e26017ea9,mlp,gradient_x_input,insertion,training_median,False,True,False,True,0,BENIGN,predicted_class_of_audited_model,0.9999878436319704,0.0002789281825243,0.022856529377862245,0.012014895566826514,0.010841633811035728,0.0014854261875870709,0.00793019848336507,0.005302467021413655,0.017554062356448588,0.6132268905639648,0.3388873305618763,0.2743395242393017,5,trapezoid_from_zero_normalized_by_max_fraction,True,correct,true_negative,medium,low,binary
cicids2017_binary,44,0,BENIGN,rid_69003d192edf4f7e94b5d8b3ad4d8ec2,mlp,gradient_x_input,insertion,training_median,False,False,True,True,1,ATTACK,predicted_class_of_audited_model,0.0021304285619407,0.0018393440113867,0.2740134988445789,0.1894479122640187,0.08456558658056018,0.022108660182021216,0.0412326126237986,0.1618413814304149,0.11217211741416397,0.420034795999527,0.2075342996045947,0.21250049341470004,5,trapezoid_from_zero_normalized_by_max_fraction,False,error,false_positive,low,medium,binary
cicids2017_binary,44,0,BENIGN,rid_9b41f77b3dd1aa90b22266dad1ae3f9c,mlp,gradient_x_input,insertion,training_median,False,True,False,True,0,BENIGN,predicted_class_of_audited_model,0.999939544348308,0.000230628898862,-0.06192174293100835,-0.06285145728394687,0.0009297143529385342,0.0130425369359904,-0.02463365804160265,-0.05399817061813834,-0.007923572312870004,0.8755819201469421,0.5448684373497963,0.33071343511343,5,trapezoid_from_zero_normalized_by_max_fraction,True,correct,true_negative,medium,low,binary
cicids2017_binary,44,0,BENIGN,rid_4b045d983a0797d59c1ddc6aa98710fa,mlp,gradient_x_input,insertion,training_median,False,False,True,True,1,ATTACK,predicted_class_of_audited_model,0.0011923946440219,0.000901310093468,0.03320618150173686,0.17480928203002688,-0.14160310052829003,0.022082142808775993,-0.18488410043349096,0.06060965455713391,-0.02740347305539704,0.4333183169364929,0.3022409281730652,0.1310773947238922,5,trapezoid_from_zero_normalized_by_max_fraction,False,error,false_positive,low,medium,binary
cicids2017_binary,44,0,BENIGN,rid_a6272edca821288ba745068ac8edfd2c,mlp,gradient_x_input,insertion,training_median,False,True,False,True,0,BENIGN,predicted_class_of_audited_model,0.9999613857653458,0.0002524703158996,0.022845959281909245,0.01486464928834964,0.007981309993559605,0.001122964613925949,0.005780299350264745,0.007865073608350088,0.014980885673559157,0.725357174873352,0.38413145855069164,0.34122573420405383,5,trapezoid_from_zero_normalized_by_max_fraction,True,correct,true_negative,medium,low,binary
cicids2017_binary,44,0,BENIGN,rid_031794b4b965153e2426d130626d5617,mlp,gradient_x_input,insertion,training_median,False,False,True,True,1,ATTACK,predicted_class_of_audited_model,0.0003096944128628,1.860986230890001e-05,-0.0020105675619561227,0.154669349401724,-0.1566799169636801,0.021768826129539683,-0.19934681617757788,0.07561803321995772,-0.07762860078191385,0.9545911550521851,0.595069584429264,0.3595215885043145,5,trapezoid_from_zero_normalized_by_max_fraction,False,error,false_positive,low,low,binary
cicids2017_binary,44,0,BENIGN,rid_adc8f6f4a376e2ef822685b27a989789,mlp,gradient_x_input,insertion,training_median,False,False,True,True,1,ATTACK,predicted_class_of_audited_model,0.0004828543460462,0.0001917697954923,0.08973626619554124,0.1923618178692276,-0.10262555167368634,0.02209439261232227,-0.145930561193838,0.19150634337229513,-0.10177007717675388,1.1148430109024048,0.9345249750614165,0.18031805968284603,5,trapezoid_from_zero_normalized_by_max_fraction,False,error,false_positive,low,low,binary
cicids2017_binary,44,0,BENIGN,rid_b84cb111b2519ade4441742284f579ee,mlp,gradient_x_input,insertion,training_median,False,False,True,True,1,ATTACK,predicted_class_of_audited_model,0.0011248463997617,0.0008337618492077,0.012338174670003359,0.27915718482719765,-0.26681901015719434,0.026047256212486887,-0.31787163233366866,0.2687981164519308,-0.25645994178192744,0.9553413391113281,0.6488046429753304,0.30653672593832015,5,trapezoid_from_zero_normalized_by_max_fraction,False,error,false_positive,low,medium,binary
cicids2017_binary,44,0,BENIGN,rid_61e1d432afb51b03effb5675fafdab08,mlp,gradient_x_input,insertion,training_median,False,True,False,True,0,BENIGN,predicted_class_of_audited_model,0.9999982913365102,0.000289375887064,0.02285913924395118,0.017435922921144032,0.005423216322807142,0.0005452833921122092,0.004354460874267212,0.013296861231929894,0.009562278012021284,0.626257061958313,0.26026629469543694,0.3659908209070563,5,trapezoid_from_zero_normalized_by_max_fraction,True,correct,true_negative,medium,low,binary
cicids2017_binary,44,0,BENIGN,rid_3b525886eff99a3fe6b4e2782bfac862,mlp,gradient_x_input,insertion,training_median,False,False,True,True,1,ATTACK,predicted_class_of_audited_model,0.0010391244431957,0.0007480398926417,0.0439030135050416,0.03696584948800159,0.006937164017040004,0.007747183323282954,-0.008247315296594586,0.029941146467319983,0.013961867037721617,0.3579760789871216,0.2230363780260086,0.134939700961113,5,trapezoid_from_zero_normalized_by_max_fraction,False,error,false_positive,low,medium,binary
cicids2017_binary,44,0,BENIGN,rid_903bd69a5211546ffe4da4bf48d2b4a0,mlp,gradient_x_input,insertion,training_median,False,False,True,True,1,ATTACK,predicted_class_of_audited_model,0.0066191051155328,0.0063280205649789,-0.00415567508462118,0.1986073351434483,-0.20276301022806947,0.023432260215297984,-0.2486902402500535,0.1046789015155851,-0.10883457660020629,0.48423948884010315,0.28154441583156586,0.20269506108760832,5,trapezoid_from_zero_normalized_by_max_fraction,False,error,false_positive,low,medium,binary
cicids2017_binary,44,0,BENIGN,rid_ed112db88bbcd3ee48997c67275488fa,mlp,gradient_x_input,insertion,training_median,False,False,True,True,1,ATTACK,predicted_class_of_audited_model,0.0045306179672479,0.004239533416694,-0.01724630603566766,0.0868665372336163,-0.10411284326928395,0.015745946447972305,-0.13497489830730966,0.16701936030605924,-0.1842656663417269,1.3674224615097046,0.8725176507234573,0.49490484654903416,5,trapezoid_from_zero_normalized_by_max_fraction,False,error,false_positive,low,medium,binary
cicids2017_binary,44,0,BENIGN,rid_2d02d4186b0e6dccd02234615a0b18ce,mlp,gradient_x_input,insertion,training_median,False,True,False,True,0,BENIGN,predicted_class_of_audited_model,0.9999999433073476,0.0002910278579015,0.022860131430198827,0.018285990351343182,0.004574141078855644,0.00038126291391334447,0.0038268657675854887,0.014619135798177568,0.00824099563202126,0.4591047167778015,0.20780931724607946,0.2512954561561346,5,trapezoid_from_zero_normalized_by_max_fraction,True,correct,true_negative,medium,medium,binary
cicids2017_binary,44,0,BENIGN,rid_fd63f0d612c9f090f6e0e49dbcb1ea88,mlp,gradient_x_input,insertion,training_median,False,False,True,True,1,ATTACK,predicted_class_of_audited_model,0.0005201856256462,0.0002291010750923,-0.012676632258808239,0.07522275100210293,-0.08789938326091115,0.014302770498905437,-0.11593281343876581,0.04032867603132083,-0.05300530829012907,1.3033300638198853,1.0148521625995635,0.2884779727458954,5,trapezoid_from_zero_normalized_by_max_fraction,False,error,false_positive,low,low,binary
cicids2017_binary,44,0,BENIGN,rid_22b64a1fbb73d7db4f5292deebd20dca,mlp,gradient_x_input,insertion,training_median,False,False,True,True,1,ATTACK,predicted_class_of_audited_model,0.0003127269446849,2.164239413100002e-05,-0.022792809790280446,-0.006601648648203258,-0.016191161142077186,0.0020338898419589176,-0.020177585232316664,0.00012707504337230112,-0.022919884833652746,0.8119525909423828,0.5783878549933432,0.23356467634439468,5,trapezoid_from_zero_normalized_by_max_fraction,False,error,false_positive,low,low,binary
cicids2017_binary,44,0,BENIGN,rid_0c91f6302864f78d143216883eb0bdfe,mlp,gradient_x_input,insertion,training_median,False,False,True,True,1,ATTACK,predicted_class_of_audited_model,0.0003702004032675,7.911585271360002e-05,-0.022661158695154882,-0.010979184187493418,-0.011681974507661463,0.0016932226574778548,-0.015000690916318058,-0.0015300082461291529,-0.021131150449025728,0.6298691034317017,0.4319969322383404,0.19787214139103887,5,trapezoid_from_zero_normalized_by_max_fraction,False,error,false_positive,low,low,binary
cicids2017_binary,44,1,ATTACK,rid_41d6a454392d5761ead8b728a85a91e7,mlp,gradient_x_input,insertion,training_median,False,True,False,True,1,ATTACK,predicted_class_of_audited_model,0.9999000430107116,0.9996089584601576,0.7994295541197062,0.2743465148459097,0.5250830392737964,0.024734612244245932,0.4766031992750744,0.1740033368552584,0.6254262172644478,5.982646465301514,4.849150181770325,1.1334967126846311,5,trapezoid_from_zero_normalized_by_max_fraction,True,correct,true_positive,medium,high,binary
cicids2017_binary,44,1,ATTACK,rid_e66bf801b75b3c01cf88b3814442f25e,mlp,gradient_x_input,insertion,training_median,False,True,False,True,1,ATTACK,predicted_class_of_audited_model,1.0,0.999708915449446,-0.022086184907080374,0.27375565297188453,-0.2958418378789649,0.026189898264888035,-0.34717403847814543,0.24179979218288686,-0.2638859770899672,1.4852298498153687,1.8255384432673452,-0.3403085517287254,5,trapezoid_from_zero_normalized_by_max_fraction,True,correct,true_positive,high,high,binary
cicids2017_binary,44,1,ATTACK,rid_d59f7c0203a9670a00dcac4674a92bea,mlp,gradient_x_input,insertion,training_median,False,True,False,True,1,ATTACK,predicted_class_of_audited_model,1.0,0.999708915449446,-0.022078182923042235,0.24467479560809682,-0.266752978531139,0.025023920321575552,-0.3157998623614271,0.2511774128080532,-0.2732555957310955,1.484065294265747,1.7509443597793577,-0.26687903571128846,5,trapezoid_from_zero_normalized_by_max_fraction,True,correct,true_positive,high,high,binary
cicids2017_binary,44,1,ATTACK,rid_043f92e873111ba870b05b87f34e986d,mlp,gradient_x_input,insertion,training_median,False,False,True,False,0,BENIGN,predicted_class_of_audited_model,1.0,0.0002910845505539,0.02286021672189236,0.0038619524961012418,0.018998264225791116,0.005544428797129445,0.008131183783417404,-0.06256240475972506,0.08542262148161742,32.71501541137695,14.519469554901121,18.195546237945557,5,trapezoid_from_zero_normalized_by_max_fraction,False,error,false_negative,high,medium,binary
cicids2017_binary,44,1,ATTACK,rid_aba5c9069424ffa42d9e26d3e5a932ff,mlp,gradient_x_input,insertion,training_median,False,True,False,True,1,ATTACK,predicted_class_of_audited_model,1.0,0.999708915449446,-0.022859857928968146,0.28815303159080347,-0.3110128895197716,0.026936647411871233,-0.3638087184470392,0.31129319192277705,-0.33415304985174515,0.980068564414978,1.2632740168571472,-0.28320539283752444,5,trapezoid_from_zero_normalized_by_max_fraction,True,correct,true_positive,high,high,binary
cicids2017_binary,44,1,ATTACK,rid_1a100691e84152ac1ba9104a7a2251ab,mlp,gradient_x_input,insertion,training_median,False,True,False,True,1,ATTACK,predicted_class_of_audited_model,0.9989810585975648,0.9986899740470108,0.9255842600017785,0.45534804332557677,0.47023621667620186,0.029021999726188328,0.4133530972128727,0.3010129413377359,0.6245713186640428,1.012018084526062,0.5140784671008587,0.4979396055042744,5,trapezoid_from_zero_normalized_by_max_fraction,True,correct,true_positive,medium,high,binary
cicids2017_binary,44,1,ATTACK,rid_b485f5911e9b82364e86a91f5595fae7,mlp,gradient_x_input,insertion,training_median,False,True,False,True,1,ATTACK,predicted_class_of_audited_model,0.999999463558197,0.9997083790076432,0.6743716176773886,0.3674520959101185,0.3069195217672702,0.025309251871210015,0.2573133880996986,0.13154860593628948,0.5428230117410993,1.386493444442749,1.2535502626895902,0.13294315791130065,5,trapezoid_from_zero_normalized_by_max_fraction,True,correct,true_positive,medium,high,binary
cicids2017_binary,44,1,ATTACK,rid_393feb2e851e739937273bb31513172c,mlp,gradient_x_input,insertion,training_median,False,False,True,False,0,BENIGN,predicted_class_of_audited_model,0.999999994808516,0.0002910793590697,0.022860211619635563,-0.2614406986621348,0.2843009102817704,0.028105115119143067,0.22921488464825,-0.15201553647521265,0.1748757480948482,3.911590576171875,2.1682496379613876,1.743341033577919,5,trapezoid_from_zero_normalized_by_max_fraction,False,error,false_negative,medium,medium,binary
cicids2017_binary,44,1,ATTACK,rid_e35698b68db40242ffebecd001af78d6,mlp,gradient_x_input,insertion,training_median,False,True,False,True,1,ATTACK,predicted_class_of_audited_model,0.8820112943649292,0.8817202098143753,0.8245511922985316,0.39480678939119607,0.4297444029073354,0.020695226925534094,0.3891817581332886,0.2529948736383516,0.57155631866018,3.336840867996216,3.030380650997162,0.3064600501060486,5,trapezoid_from_zero_normalized_by_max_fraction,True,correct,true_positive,low,high,binary
cicids2017_binary,44,1,ATTACK,rid_4898ca22cb7774a2d70b972769ec564b,mlp,gradient_x_input,insertion,training_median,False,True,False,True,1,ATTACK,predicted_class_of_audited_model,1.0,0.999708915449446,-0.022859633549944535,0.2746339373074236,-0.29749357085736816,0.025468046133919946,-0.3474109412798513,0.3077158241117034,-0.33057545766164786,1.0743435621261597,1.2961753382682801,-0.2218317403793335,5,trapezoid_from_zero_normalized_by_max_fraction,True,correct,true_positive,high,high,binary
cicids2017_binary,44,1,ATTACK,rid_9c4ca9c523696359bfb19650cc092759,mlp,gradient_x_input,insertion,training_median,False,False,True,False,0,BENIGN,predicted_class_of_audited_model,0.9999975309310684,0.0002886154816223,0.022830105260094102,-0.06075334177594689,0.08358344703604101,0.01406903290784148,0.05600814253667171,-0.0904424205190327,0.11327252577912682,2.6945974826812744,2.3264252359867097,0.3681723420619964,5,trapezoid_from_zero_normalized_by_max_fraction,False,error,false_negative,medium,low,binary
cicids2017_binary,44,1,ATTACK,rid_ab7319b35e524962d709498b8897b1d6,mlp,gradient_x_input,insertion,training_median,False,True,False,True,1,ATTACK,predicted_class_of_audited_model,1.0,0.999708915449446,-0.018450683797709644,0.10017554320152469,-0.11862622699923432,0.017284417650838112,-0.15250368559487704,0.2453488123223781,-0.26379949612008774,0.25890564918518066,0.28904340534051876,-0.030137750381138174,5,trapezoid_from_zero_normalized_by_max_fraction,True,correct,true_positive,high,high,binary
cicids2017_binary,44,1,ATTACK,rid_26b4a0393cb2d686df1b32c8cded3309,mlp,gradient_x_input,insertion,training_median,False,True,False,True,1,ATTACK,predicted_class_of_audited_model,1.0,0.999708915449446,-0.018838582661555848,0.07541977552946857,-0.09425835819102443,0.014422455063954407,-0.12252637011637507,0.21633455817640745,-0.2351731408379633,0.22294893860816956,0.20697025617025794,0.01597866660542786,5,trapezoid_from_zero_normalized_by_max_fraction,True,correct,true_positive,high,high,binary
cicids2017_binary,44,1,ATTACK,rid_dde631c3b2b39fb93fd51d3ae412fc2d,mlp,gradient_x_input,insertion,training_median,False,True,False,True,1,ATTACK,predicted_class_of_audited_model,1.0,0.999708915449446,-0.018890921867568976,0.26273417271344457,-0.2816250945810136,0.024943102246409117,-0.3305135749839755,0.39986050188266453,-0.41875142375023355,0.3672054708003998,0.35250764931552114,0.014697844209149482,5,trapezoid_from_zero_normalized_by_max_fraction,True,correct,true_positive,high,high,binary
cicids2017_binary,44,1,ATTACK,rid_d75d06afa79953a870b8739a5530e021,mlp,gradient_x_input,insertion,training_median,False,True,False,True,1,ATTACK,predicted_class_of_audited_model,1.0,0.999708915449446,-0.019146191760955843,0.10276824130362644,-0.1219144330645823,0.015645823082549602,-0.1525802463063795,0.25871370051365805,-0.27785989227461394,0.2681078612804413,0.2329199992343783,0.03518787638843059,5,trapezoid_from_zero_normalized_by_max_fraction,True,correct,true_positive,high,high,binary
cicids2017_binary,44,1,ATTACK,rid_f97e39945151211041ca7c88c3bf6047,mlp,gradient_x_input,insertion,training_median,False,True,False,True,1,ATTACK,predicted_class_of_audited_model,1.0,0.999708915449446,-0.019072502061681006,0.06466646054571634,-0.08373896260739735,0.013988100548119102,-0.1111556396817108,0.262062598298763,-0.281135100360444,0.2655758559703827,0.23227061502262952,0.0333052597604692,5,trapezoid_from_zero_normalized_by_max_fraction,True,correct,true_positive,high,high,binary
cicids2017_binary,44,1,ATTACK,rid_666198206aa3c95f127beb9fc306282d,mlp,gradient_x_input,insertion,training_median,False,True,False,True,1,ATTACK,predicted_class_of_audited_model,1.0,0.999708915449446,-0.018979716283502056,0.2505192670308488,-0.2694989833143509,0.02357108555112064,-0.31569831099454737,0.3123182392567381,-0.3312979555402401,0.2980286478996277,0.28838641797238956,0.009642251301091165,5,trapezoid_from_zero_normalized_by_max_fraction,True,correct,true_positive,high,high,binary
cicids2017_binary,44,1,ATTACK,rid_3f02f30285a85dc96f59c874926c2dc9,mlp,gradient_x_input,insertion,training_median,False,True,False,True,1,ATTACK,predicted_class_of_audited_model,1.0,0.999708915449446,-0.01106265751441242,0.10142928779978988,-0.11249194531420231,0.016089064154282472,-0.14402651105659597,0.2331525802411762,-0.24421523775558862,0.24386239051818848,0.2881862094989046,-0.04432382624503225,5,trapezoid_from_zero_normalized_by_max_fraction,True,correct,true_positive,high,high,binary
cicids2017_binary,44,0,BENIGN,rid_75bc9e02ec11feca1dff1bbf7e5261f7,mlp,gradient_x_input,insertion,training_median,False,False,True,True,1,ATTACK,predicted_class_of_audited_model,0.0027367228176444,0.0024456382670905,0.012336640525609255,0.1303287223134781,-0.11799208178786885,0.016440645670089953,-0.15021574730124515,0.13859870248999082,-0.12626206196438156,7.618791103363037,5.823868650436402,1.7949227390289302,5,trapezoid_from_zero_normalized_by_max_fraction,False,error,false_positive,low,medium,binary
cicids2017_binary,44,1,ATTACK,rid_c02f723f320337c7f0a94ea8469d1e83,mlp,gradient_x_input,insertion,training_median,False,True,False,True,1,ATTACK,predicted_class_of_audited_model,1.0,0.999708915449446,-0.01882686255630688,0.07468119937338366,-0.09350806192969055,0.013138112616750368,-0.11925876265852127,0.19278252140820626,-0.21160938396451318,0.2704950273036957,0.29784607728011914,-0.02735103637911379,5,trapezoid_from_zero_normalized_by_max_fraction,True,correct,true_positive,high,high,binary
cicids2017_binary,44,1,ATTACK,rid_05c3478451daa92b02e8d446d2a54112,mlp,gradient_x_input,insertion,training_median,False,True,False,True,1,ATTACK,predicted_class_of_audited_model,1.0,0.999708915449446,-0.018848213895398657,0.10654734324076057,-0.1253955571361592,0.01748862520865481,-0.15967326254512265,0.33338056379741443,-0.35222877769281313,0.33957695960998535,0.2603706679875031,0.07920630093570799,5,trapezoid_from_zero_normalized_by_max_fraction,True,correct,true_positive,high,high,binary
cicids2017_binary,44,1,ATTACK,rid_5b3d2cd30dc1c857b86295a60c0f4418,mlp,gradient_x_input,insertion,training_median,False,True,False,True,1,ATTACK,predicted_class_of_audited_model,1.0,0.999708915449446,-0.019115987068471438,0.1257296426778689,-0.14484562974634035,0.018784254742229244,-0.18166276904110967,0.27210671628735084,-0.29122270335582223,0.29792720079421997,0.25985081800911575,0.038076374356634926,5,trapezoid_from_zero_normalized_by_max_fraction,True,correct,true_positive,high,high,binary
cicids2017_binary,44,1,ATTACK,rid_f328bc466c0a63e9bf5c684e9ce2e2f1,mlp,gradient_x_input,insertion,training_median,False,True,False,True,1,ATTACK,predicted_class_of_audited_model,1.0,0.999708915449446,-0.006554890320512638,0.1027003368809705,-0.10925522720148315,0.017125674320762663,-0.14282154887017795,0.19072933906440384,-0.19728422938491647,0.2512386441230774,0.29342662796005603,-0.0421880036741495,5,trapezoid_from_zero_normalized_by_max_fraction,True,correct,true_positive,high,high,binary
cicids2017_binary,44,1,ATTACK,rid_d8362325d829d5637c64d4477d0709c8,mlp,gradient_x_input,insertion,training_median,False,True,False,True,1,ATTACK,predicted_class_of_audited_model,1.0,0.999708915449446,-0.017822745374724037,0.14958025395401223,-0.16740299932873626,0.021539435183682957,-0.20962029228875484,0.2421602929541379,-0.25998303832886194,0.3304823040962219,0.3096915450631641,0.020790743200574068,5,trapezoid_from_zero_normalized_by_max_fraction,True,correct,true_positive,high,high,binary
cicids2017_binary,44,1,ATTACK,rid_a61766c41ad71fbb37dc33d6bd0e0302,mlp,gradient_x_input,insertion,training_median,False,True,False,True,1,ATTACK,predicted_class_of_audited_model,1.0,0.999708915449446,-0.018441910720139273,0.14408788815063236,-0.16252979887077165,0.0197771633676621,-0.20129303907138937,0.23306509170437062,-0.25150700242450996,0.2864144444465637,0.29074012974649666,-0.004325697779655436,5,trapezoid_from_zero_normalized_by_max_fraction,True,correct,true_positive,high,high,binary
cicids2017_binary,44,1,ATTACK,rid_f7112281a5a3040a01ee53fe375feeb9,mlp,gradient_x_input,insertion,training_median,False,True,False,True,1,ATTACK,predicted_class_of_audited_model,1.0,0.999708915449446,-0.0190033145412599,0.16894675148995747,-0.1879500660312174,0.02171190474528002,-0.23050539933196623,0.23918006565653815,-0.2581833801977981,0.27048271894454956,0.22594578436389567,0.04453695395216347,5,trapezoid_from_zero_normalized_by_max_fraction,True,correct,true_positive,high,high,binary
cicids2017_binary,44,1,ATTACK,rid_13a3f5ac56ebe1a52e48bb843238a066,mlp,gradient_x_input,insertion,training_median,False,True,False,True,1,ATTACK,predicted_class_of_audited_model,1.0,0.999708915449446,-0.017839455832290695,0.11677023435056724,-0.13460969018285796,0.018448010493839172,-0.17076779075078274,0.24071913422474395,-0.25855859005703463,0.24187572300434113,0.27625894188508393,-0.03438323545828461,5,trapezoid_from_zero_normalized_by_max_fraction,True,correct,true_positive,high,high,binary
cicids2017_binary,44,1,ATTACK,rid_0a4d9b60412fae19c4de819e99365911,mlp,gradient_x_input,insertion,training_median,False,True,False,True,1,ATTACK,predicted_class_of_audited_model,1.0,0.999708915449446,-0.01902212295026402,0.09400147298004102,-0.11302359593030505,0.015466783940483557,-0.14333849245365282,0.2724451221612007,-0.2914672451114647,0.2679070234298706,0.23392518565244974,0.03398183982633054,5,trapezoid_from_zero_normalized_by_max_fraction,True,correct,true_positive,high,high,binary
cicids2017_binary,44,1,ATTACK,rid_c719fd9e42b5616c5fa087359e8b2df3,mlp,gradient_x_input,insertion,training_median,False,True,False,True,1,ATTACK,predicted_class_of_audited_model,1.0,0.999708915449446,-0.018826533074025063,0.22637055067202982,-0.24519708374605487,0.024679407888218204,-0.29356872320696253,0.33608259584703026,-0.35490912892105536,0.37495914101600647,0.28520011239685117,0.08975902601145207,5,trapezoid_from_zero_normalized_by_max_fraction,True,correct,true_positive,high,high,binary
cicids2017_binary,44,1,ATTACK,rid_ae610b230d533d754b37fb1431e6c44f,mlp,gradient_x_input,insertion,training_median,False,True,False,True,1,ATTACK,predicted_class_of_audited_model,1.0,0.999708915449446,-0.013568878288788255,0.07866999353246094,-0.09223887182124921,0.011734168336931344,-0.11523784176163464,0.2330223414923704,-0.2465912197811586,0.35947364568710327,0.36893331430852416,-0.009459662288427342,5,trapezoid_from_zero_normalized_by_max_fraction,True,correct,true_positive,high,high,binary
cicids2017_binary,44,1,ATTACK,rid_5276158cceb8b8c07dfdb41890e79e30,mlp,gradient_x_input,insertion,training_median,False,True,False,True,1,ATTACK,predicted_class_of_audited_model,1.0,0.999708915449446,-0.01535116888326229,0.07305510654123742,-0.0884062754244997,0.014562370778146,-0.11694852214966586,0.15478213991230652,-0.1701333087955688,0.25368532538414,0.27959273239877075,-0.025907391089014704,5,trapezoid_from_zero_normalized_by_max_fraction,True,correct,true_positive,high,high,binary
cicids2017_binary,44,1,ATTACK,rid_ad702444e771164796373bc7735b5f5e,mlp,gradient_x_input,insertion,training_median,False,True,False,True,1,ATTACK,predicted_class_of_audited_model,1.0,0.999708915449446,-0.01901836749057111,0.1645964614528732,-0.18361482894344433,0.02175940075559793,-0.22626325442441628,0.2771353725071178,-0.2961537399976889,0.2713751792907715,0.2630008027274161,0.008374383082613351,5,trapezoid_from_zero_normalized_by_max_fraction,True,correct,true_positive,high,high,binary
cicids2017_binary,44,1,ATTACK,rid_37e1733da0b4e334956a54967482805e,mlp,gradient_x_input,insertion,training_median,False,True,False,True,1,ATTACK,predicted_class_of_audited_model,1.0,0.999708915449446,-0.01767069315792469,0.026497162997425796,-0.04416785615535048,0.008224300634293259,-0.060287485398565266,0.2023219996683836,-0.2199926928263083,0.21683473885059357,0.21253698550257832,0.004297755490057171,5,trapezoid_from_zero_normalized_by_max_fraction,True,correct,true_positive,high,high,binary
cicids2017_binary,44,1,ATTACK,rid_1831bd15f1919f5ab9d6eed6b8347fea,mlp,gradient_x_input,insertion,training_median,False,True,False,True,1,ATTACK,predicted_class_of_audited_model,1.0,0.999708915449446,-0.01907668772691977,0.0889117605019776,-0.10798844822889739,0.015213016598938181,-0.13780596076281623,0.27734563927120404,-0.29642232699812376,0.26975885033607483,0.24231679718289528,0.027442041791044182,5,trapezoid_from_zero_normalized_by_max_fraction,True,correct,true_positive,high,high,binary
cicids2017_binary,44,1,ATTACK,rid_777cf2496182acd8bf8091580fb25e8c,mlp,gradient_x_input,insertion,training_median,False,True,False,True,1,ATTACK,predicted_class_of_audited_model,1.0,0.999708915449446,-0.0188804204306507,0.16942207115893515,-0.18830249158958587,0.020517252593757234,-0.22851630667335004,0.284474986980804,-0.3033554074114546,0.27048900723457336,0.289470273855608,-0.018981261964421715,5,trapezoid_from_zero_normalized_by_max_fraction,True,correct,true_positive,high,high,binary
cicids2017_binary,44,1,ATTACK,rid_f69f9ff54e012c177369c9ed41b9091d,mlp,gradient_x_input,insertion,training_median,False,True,False,True,1,ATTACK,predicted_class_of_audited_model,1.0,0.999708915449446,-0.01883790145056992,0.04809453546175044,-0.06693243691232036,0.010252757133715209,-0.08702784089440216,0.20051843374204156,-0.21935633519261147,0.2859402298927307,0.28892233126983047,-0.0029820792116224916,5,trapezoid_from_zero_normalized_by_max_fraction,True,correct,true_positive,high,high,binary
cicids2017_binary,44,1,ATTACK,rid_43110cf12142e0165f55d3ba3204ab46,mlp,gradient_x_input,insertion,training_median,False,True,False,True,1,ATTACK,predicted_class_of_audited_model,1.0,0.999708915449446,-0.012328031046035904,0.037825495980142426,-0.050153527026178334,0.009388514911500672,-0.06855501625271965,0.2114132971929122,-0.22374132823894805,0.2443949282169342,0.22417145977076142,0.020223447118885816,5,trapezoid_from_zero_normalized_by_max_fraction,True,correct,true_positive,high,high,binary
cicids2017_binary,44,1,ATTACK,rid_90ef4c4cf1dfbf22bf16f9e50aa838c5,mlp,gradient_x_input,insertion,training_median,False,True,False,True,1,ATTACK,predicted_class_of_audited_model,1.0,0.999708915449446,-0.018640900283571682,0.1476907524786753,-0.16633165276224698,0.020235457371615768,-0.2059931492106139,0.23466848242545724,-0.2533093827090289,0.26324960589408875,0.28966111934185024,-0.026411510653793813,5,trapezoid_from_zero_normalized_by_max_fraction,True,correct,true_positive,high,high,binary
cicids2017_binary,44,1,ATTACK,rid_7848ac85a3f1e5bc3b075617375c1861,mlp,gradient_x_input,insertion,training_median,False,True,False,True,1,ATTACK,predicted_class_of_audited_model,1.0,0.999708915449446,-0.00824279874559579,0.09769451602349578,-0.10593731476909157,0.014718592538233996,-0.1347857561440302,0.3169148565728227,-0.32515765531841845,0.2727103531360626,0.24502003742847595,0.027690318874083457,5,trapezoid_from_zero_normalized_by_max_fraction,True,correct,true_positive,high,high,binary
cicids2017_binary,44,1,ATTACK,rid_987d1038a26bfd78fc4c03575533bd1a,mlp,gradient_x_input,insertion,training_median,False,True,False,True,1,ATTACK,predicted_class_of_audited_model,1.0,0.999708915449446,-0.018556794835603796,0.08775276036326922,-0.106309555198873,0.015964592639673012,-0.1376001567726321,0.22407314987175314,-0.24262994470735694,0.23757410049438477,0.22927392821386458,0.008300167949870227,5,trapezoid_from_zero_normalized_by_max_fraction,True,correct,true_positive,high,high,binary
cicids2017_binary,44,1,ATTACK,rid_4783393947255d07408469b443d08b1d,mlp,gradient_x_input,insertion,training_median,False,True,False,True,1,ATTACK,predicted_class_of_audited_model,1.0,0.999708915449446,-0.017455888498807325,0.08102545266626641,-0.09848134116507373,0.01572646855671021,-0.12930521953622576,0.2212316587533053,-0.2386875472521126,0.27714818716049194,0.22968166862148792,0.04746651011053472,5,trapezoid_from_zero_normalized_by_max_fraction,True,correct,true_positive,high,high,binary
cicids2017_binary,44,1,ATTACK,rid_b2d3db3d744007cebd4afbfeb8d55033,mlp,gradient_x_input,insertion,training_median,False,True,False,True,1,ATTACK,predicted_class_of_audited_model,1.0,0.999708915449446,-0.01785027335245104,0.048032788613737776,-0.06588306196618882,0.01111670343779575,-0.08767180070426848,0.18809507484386084,-0.20594534819631188,0.2622442841529846,0.22820900107733907,0.034035255974158636,5,trapezoid_from_zero_normalized_by_max_fraction,True,correct,true_positive,high,high,binary
cicids2017_binary,44,1,ATTACK,rid_8503c09d2f2508c1cf6dbefca4013f33,mlp,gradient_x_input,insertion,training_median,False,True,False,True,1,ATTACK,predicted_class_of_audited_model,1.0,0.999708915449446,-0.01886338007170707,0.17988298243523437,-0.19874636250694144,0.02236182717947276,-0.24257554377870805,0.3133491087400291,-0.33221248881173615,0.32413989305496216,0.26034831854701046,0.06379157469421624,5,trapezoid_from_zero_normalized_by_max_fraction,True,correct,true_positive,high,high,binary
cicids2017_binary,44,1,ATTACK,rid_9a1dfc13c9095d4e24cf27e020add00a,mlp,gradient_x_input,insertion,training_median,False,True,False,True,1,ATTACK,predicted_class_of_audited_model,1.0,0.999708915449446,-0.010920497075130696,0.10620973971119191,-0.11713023678632262,0.016639226690116513,-0.149743121098951,0.22406970124966438,-0.23499019832479506,0.24338993430137634,0.29073068028502164,-0.04734076367877423,5,trapezoid_from_zero_normalized_by_max_fraction,True,correct,true_positive,high,high,binary
cicids2017_binary,44,1,ATTACK,rid_54374ac797d180953ca18376875c506b,mlp,gradient_x_input,insertion,training_median,False,True,False,True,1,ATTACK,predicted_class_of_audited_model,1.0,0.999708915449446,-0.0181520067182646,0.04640008726672136,-0.06455209398498596,0.011033600537599317,-0.08617795103868062,0.215680286797875,-0.23383229351613957,0.25224748253822327,0.22022903220541776,0.032018453126773226,5,trapezoid_from_zero_normalized_by_max_fraction,True,correct,true_positive,high,high,binary
cicids2017_binary,44,1,ATTACK,rid_f6d13a89f927e1c9575a903c18b278bf,mlp,gradient_x_input,insertion,training_median,False,True,False,True,1,ATTACK,predicted_class_of_audited_model,1.0,0.999708915449446,-0.015591227703589538,0.15389313184114667,-0.16948435954473623,0.021225034833384716,-0.21108542781817027,0.25090177517944046,-0.26649300288303,0.3046392500400543,0.31204349728440867,-0.007404256371315571,5,trapezoid_from_zero_normalized_by_max_fraction,True,correct,true_positive,high,high,binary
cicids2017_binary,44,1,ATTACK,rid_271f5eaf1f55b6b4cd2576d103f201af,mlp,gradient_x_input,insertion,training_median,False,True,False,True,1,ATTACK,predicted_class_of_audited_model,1.0,0.999708915449446,-0.012630489274579304,0.04289757233423584,-0.05552806160881514,0.009926653263295847,-0.074984302004875,0.2504742405554183,-0.26310472982999755,0.25178152322769165,0.23811531541123987,0.01366621778160334,5,trapezoid_from_zero_normalized_by_max_fraction,True,correct,true_positive,high,high,binary
cicids2017_binary,44,1,ATTACK,rid_ac72d8d829136783490360745a697670,mlp,gradient_x_input,insertion,training_median,False,True,False,True,1,ATTACK,predicted_class_of_audited_model,1.0,0.999708915449446,-0.017987912944772685,0.0539420408232387,-0.0719299537680114,0.011347733930770406,-0.09417151227232139,0.2957571523098217,-0.3137450652545944,0.2479567974805832,0.22789440871914848,0.020062388575170197,5,trapezoid_from_zero_normalized_by_max_fraction,True,correct,true_positive,high,high,binary
cicids2017_binary,44,1,ATTACK,rid_7201ad39c25f893d5a1d8f0f30c72c91,mlp,gradient_x_input,insertion,training_median,False,True,False,True,1,ATTACK,predicted_class_of_audited_model,1.0,0.999708915449446,-0.01883588225246058,0.12460356368805459,-0.14343944594051516,0.018964157346116638,-0.18060919433890377,0.3600076878800358,-0.37884357013249637,0.29251205921173096,0.2609321567220613,0.03157990262936801,5,trapezoid_from_zero_normalized_by_max_fraction,True,correct,true_positive,high,high,binary
cicids2017_binary,44,1,ATTACK,rid_9a556938a8fd50a49e94ff12fa973a50,mlp,gradient_x_input,insertion,training_median,False,True,False,True,1,ATTACK,predicted_class_of_audited_model,1.0,0.999708915449446,-0.018683432787656783,0.100890975464514,-0.11957440825217079,0.015964295014498836,-0.1508644264805885,0.2713645568310301,-0.29004798961868694,0.2714378237724304,0.24834748761821537,0.023090352172963315,5,trapezoid_from_zero_normalized_by_max_fraction,True,correct,true_positive,high,high,binary
cicids2017_binary,44,1,ATTACK,rid_3f9dd7ce0175ec6cbfbf0a5621f0618b,mlp,gradient_x_input,insertion,training_median,False,True,False,True,1,ATTACK,predicted_class_of_audited_model,1.0,0.999708915449446,-0.018379706620180514,0.14006895849444104,-0.15844866511462155,0.018977211905230905,-0.19564400044887412,0.2080113345268357,-0.22639104114701622,0.26677268743515015,0.29128917792160064,-0.02451647539902478,5,trapezoid_from_zero_normalized_by_max_fraction,True,correct,true_positive,high,high,binary
cicids2017_binary,44,1,ATTACK,rid_13063ca7d9ba3c1aec30d981ac793763,mlp,gradient_x_input,insertion,training_median,False,True,False,True,1,ATTACK,predicted_class_of_audited_model,1.0,0.999708915449446,-0.0193696341910254,0.06464274418412483,-0.08401237837515022,0.013558265371312698,-0.1105865785029231,0.2230972732262276,-0.242466907417253,0.26139599084854126,0.22335280875489114,0.03804319755360484,5,trapezoid_from_zero_normalized_by_max_fraction,True,correct,true_positive,high,high,binary
cicids2017_binary,44,1,ATTACK,rid_4f1d1cd8fe2a70fab2eee5f3b1973a8d,mlp,gradient_x_input,insertion,training_median,False,True,False,True,1,ATTACK,predicted_class_of_audited_model,1.0,0.999708915449446,-0.017588988985880863,0.036841750678239193,-0.05443073966412005,0.009107494196273618,-0.07228142828881634,0.18329218502895459,-0.20088117401483546,0.25332605838775635,0.21619530242588372,0.03713076024595648,5,trapezoid_from_zero_normalized_by_max_fraction,True,correct,true_positive,high,high,binary
cicids2017_binary,44,1,ATTACK,rid_0a7ca405ba18cb34f4b54cf069eadbd0,mlp,gradient_x_input,insertion,training_median,False,True,False,True,1,ATTACK,predicted_class_of_audited_model,1.0,0.999708915449446,-0.010227081593620822,0.057270336327350554,-0.06749741792097139,0.011466855944932599,-0.08997245557303928,0.2880055380185699,-0.2982326196121907,0.26796746253967285,0.240468121371232,0.027499320493079717,5,trapezoid_from_zero_normalized_by_max_fraction,True,correct,true_positive,high,high,binary
cicids2017_binary,44,1,ATTACK,rid_3d20e00a27ceb6f28e08c568cef55ab6,mlp,gradient_x_input,insertion,training_median,False,True,False,True,1,ATTACK,predicted_class_of_audited_model,1.0,0.999708915449446,-0.018635873344101127,0.09322562384153493,-0.11186149718563605,0.015127180443789766,-0.14151077085546399,0.16074582198052262,-0.17938169532462372,0.2632366716861725,0.27204099924210456,-0.008804321781732153,5,trapezoid_from_zero_normalized_by_max_fraction,True,correct,true_positive,high,high,binary
cicids2017_binary,44,1,ATTACK,rid_1ca8084d3b720be428ed05066f4da741,mlp,gradient_x_input,insertion,training_median,False,True,False,True,1,ATTACK,predicted_class_of_audited_model,1.0,0.999708915449446,-0.017088175404205687,0.04056238700882182,-0.057650562413027504,0.010133819544919953,-0.07751284872107062,0.22476298324198102,-0.2418511586461867,0.22821810841560364,0.2381884001037106,-0.00997029634471983,5,trapezoid_from_zero_normalized_by_max_fraction,True,correct,true_positive,high,high,binary
cicids2017_binary,44,1,ATTACK,rid_ce43f2331fd2088285d30c8006a84bb4,mlp,gradient_x_input,insertion,training_median,False,True,False,True,1,ATTACK,predicted_class_of_audited_model,1.0,0.999708915449446,-0.017924188147298993,0.10576966968533388,-0.12369385783263287,0.017419469819467813,-0.15783601867878977,0.28450450647566033,-0.30242869462295935,0.2846165597438812,0.23598671415355055,0.04862984866369515,5,trapezoid_from_zero_normalized_by_max_fraction,True,correct,true_positive,high,high,binary
cicids2017_binary,44,1,ATTACK,rid_76d1b84663ab134067f23629749c5039,mlp,gradient_x_input,insertion,training_median,False,True,False,True,1,ATTACK,predicted_class_of_audited_model,1.0,0.999708915449446,-0.014650600185268559,0.09998342620598816,-0.11463402639125671,0.01583934525885327,-0.1456791430986091,0.19230976087824575,-0.2069603610635143,0.27913588285446167,0.29329338564909996,-0.014157491059973843,5,trapezoid_from_zero_normalized_by_max_fraction,True,correct,true_positive,high,high,binary
cicids2017_binary,44,1,ATTACK,rid_777c6b9d2883c65adc5f3ed47c43e213,mlp,gradient_x_input,insertion,training_median,False,True,False,True,1,ATTACK,predicted_class_of_audited_model,1.0,0.999708915449446,-0.018110815764521247,0.11988504411222725,-0.13799585987674848,0.01853055605373714,-0.17431574974207326,0.2416115811533657,-0.25972239691788696,0.2733409106731415,0.22483568418724462,0.04850523482123391,5,trapezoid_from_zero_normalized_by_max_fraction,True,correct,true_positive,high,high,binary
cicids2017_binary,44,1,ATTACK,rid_581803eafc69d88a829fe8316a395586,mlp,gradient_x_input,insertion,training_median,False,True,False,True,1,ATTACK,predicted_class_of_audited_model,1.0,0.999708915449446,-0.019014755577882167,0.17479256493938,-0.19380732051726218,0.022190025268770248,-0.23729977004405187,0.22472872587830878,-0.24374348145619096,0.27341654896736145,0.23761842610919848,0.035798115035053334,5,trapezoid_from_zero_normalized_by_max_fraction,True,correct,true_positive,high,high,binary
cicids2017_binary,44,1,ATTACK,rid_495f976705b505b2dd0a1b4140f345b0,mlp,gradient_x_input,insertion,training_median,False,True,False,True,1,ATTACK,predicted_class_of_audited_model,1.0,0.999708915449446,-0.011770630103183065,0.09497261317305597,-0.10674324327623903,0.016488145488208525,-0.13906000843312774,0.2105135342064263,-0.22228416430960934,0.2588368356227875,0.27988335719145835,-0.02104652622528374,5,trapezoid_from_zero_normalized_by_max_fraction,True,correct,true_positive,high,high,binary
cicids2017_binary,44,1,ATTACK,rid_3cf0b2001eb8b738d2688b1bb5befc40,mlp,gradient_x_input,insertion,training_median,False,True,False,True,1,ATTACK,predicted_class_of_audited_model,1.0,0.999708915449446,-0.02071080512396293,0.1375300004255486,-0.15824080554951153,0.01915218772635689,-0.19577909349317102,0.3131655190227349,-0.33387632414669777,0.45544862747192383,0.43913920040428633,0.01630943302810191,5,trapezoid_from_zero_normalized_by_max_fraction,True,correct,true_positive,high,high,binary
cicids2017_binary,44,1,ATTACK,rid_1bb8183286a68ae582d4c05f981f2689,mlp,gradient_x_input,insertion,training_median,False,True,False,True,1,ATTACK,predicted_class_of_audited_model,1.0,0.999708915449446,-0.018879324779845774,0.1366580187827166,-0.15553734356256235,0.0191389183762076,-0.19304962357992925,0.3444155378729096,-0.3632948626527554,0.2934406101703644,0.2518890047324821,0.041551594029180725,5,trapezoid_from_zero_normalized_by_max_fraction,True,correct,true_positive,high,high,binary
cicids2017_binary,44,1,ATTACK,rid_0a4e4b93d9ecbbf6551faeb947919700,mlp,gradient_x_input,insertion,training_median,False,True,False,True,1,ATTACK,predicted_class_of_audited_model,1.0,0.999708915449446,-0.018549338149750835,0.0936101758371677,-0.11215951398691854,0.014953023298104242,-0.14146743965120284,0.26913044100295425,-0.2876797791527051,0.2574368715286255,0.23419278337340801,0.023244100262410944,5,trapezoid_from_zero_normalized_by_max_fraction,True,correct,true_positive,high,high,binary
cicids2017_binary,44,1,ATTACK,rid_4242be55bec945cc4b8ee52c6dc91f26,mlp,gradient_x_input,insertion,training_median,False,True,False,True,1,ATTACK,predicted_class_of_audited_model,1.0,0.999708915449446,-0.011348317173906252,0.021637357627306612,-0.03298567480121286,0.0060239828340957835,-0.0447926811560406,0.1961456821078908,-0.20749399928179707,0.23117002844810486,0.22859392358642072,0.002576113336719568,5,trapezoid_from_zero_normalized_by_max_fraction,True,correct,true_positive,high,high,binary
cicids2017_binary,44,1,ATTACK,rid_423b266be403f577b814394f80cfe7ab,mlp,gradient_x_input,insertion,training_median,False,True,False,True,1,ATTACK,predicted_class_of_audited_model,1.0,0.999708915449446,-0.018837698629067742,0.11093462069033293,-0.12977231931940067,0.017256440725215448,-0.16359494314082296,0.2640652041309325,-0.28290290276000024,0.2348821610212326,0.2214283954501152,0.01345376678183675,5,trapezoid_from_zero_normalized_by_max_fraction,True,correct,true_positive,high,high,binary
cicids2017_binary,44,1,ATTACK,rid_93bf6f019213985a537c8b7bb50eec43,mlp,gradient_x_input,insertion,training_median,False,True,False,True,1,ATTACK,predicted_class_of_audited_model,1.0,0.999708915449446,-0.012968015043497871,0.04158551754056005,-0.054553532584057915,0.008823726705937656,-0.07184803692769572,0.1812322141978776,-0.19420022924137548,0.24862606823444366,0.2338359548728913,0.014790112895891074,5,trapezoid_from_zero_normalized_by_max_fraction,True,correct,true_positive,high,high,binary
cicids2017_binary,44,1,ATTACK,rid_a212b33dd6267817144c9062084d04ab,mlp,gradient_x_input,insertion,training_median,False,True,False,True,1,ATTACK,predicted_class_of_audited_model,1.0,0.999708915449446,-0.01864234245149419,0.0526262667870408,-0.07126860923853498,0.012117569883387278,-0.09501904620997405,0.21129330688018205,-0.22993564933167623,0.28606176376342773,0.3142546823211014,-0.028192939978092905,5,trapezoid_from_zero_normalized_by_max_fraction,True,correct,true_positive,high,high,binary
cicids2017_binary,44,1,ATTACK,rid_004a23f3ebc07dc2aee7fb72759b857a,mlp,gradient_x_input,insertion,training_median,False,True,False,True,1,ATTACK,predicted_class_of_audited_model,1.0,0.999708915449446,-0.018687895956827558,0.03411641489442016,-0.05280431085124772,0.008736267794848485,-0.06992739572915074,0.1448687709318257,-0.16355666688865328,0.2438339740037918,0.260050503612496,-0.016216534265317033,5,trapezoid_from_zero_normalized_by_max_fraction,True,correct,true_positive,high,high,binary
cicids2017_binary,44,1,ATTACK,rid_c7926dfdb434dea84a65dd21df6b96cb,mlp,gradient_x_input,insertion,training_median,False,True,False,True,1,ATTACK,predicted_class_of_audited_model,1.0,0.999708915449446,0.04541799413273111,0.28004753036657454,-0.23462953623384342,0.026162186733612175,-0.2859074222317233,0.3391856703217443,-0.29376767618901317,0.3782118856906891,0.3812104600532912,-0.0029985671914182833,5,trapezoid_from_zero_normalized_by_max_fraction,True,correct,true_positive,high,high,binary
cicids2017_binary,44,1,ATTACK,rid_59853e98f2ff009054c851cd28f3226c,mlp,gradient_x_input,insertion,training_median,False,True,False,True,1,ATTACK,predicted_class_of_audited_model,1.0,0.999708915449446,-0.018545864307088777,0.07035104837084322,-0.08889691267793198,0.01267534839083943,-0.11374059552397726,0.2763574366699395,-0.2949033009770283,0.2322784662246704,0.2210201794123277,0.011258287371136256,5,trapezoid_from_zero_normalized_by_max_fraction,True,correct,true_positive,high,high,binary
cicids2017_binary,44,1,ATTACK,rid_42e84a6b7b3576d0c1d1071d48dc0206,mlp,gradient_x_input,insertion,training_median,False,True,False,True,1,ATTACK,predicted_class_of_audited_model,1.0,0.999708915449446,-0.016403845290187746,0.17425840912639173,-0.1906622544165795,0.0216228963146855,-0.23304313119336306,0.27126384825231753,-0.2876676935425052,0.2947607636451721,0.28145565600181,0.013305088458117093,5,trapezoid_from_zero_normalized_by_max_fraction,True,correct,true_positive,high,high,binary
cicids2017_binary,44,1,ATTACK,rid_60d496f42eced98f5f4f23d5ced4ce99,mlp,gradient_x_input,insertion,training_median,False,True,False,True,1,ATTACK,predicted_class_of_audited_model,1.0,0.999708915449446,-0.018409517579129897,0.09098894465962354,-0.10939846223875344,0.016801274859865746,-0.1423289609640903,0.26993759406879037,-0.28834711164792026,0.24148507416248322,0.23320751351397484,0.008277573081664746,5,trapezoid_from_zero_normalized_by_max_fraction,True,correct,true_positive,high,high,binary
cicids2017_binary,44,1,ATTACK,rid_e719d14c1e0ca55e1165aae50ea9bdb1,mlp,gradient_x_input,insertion,training_median,False,True,False,True,1,ATTACK,predicted_class_of_audited_model,1.0,0.999708915449446,-0.019005929747072513,0.14342302797264028,-0.1624289577197128,0.019507144619426386,-0.2006629611737885,0.2224896631654274,-0.24149559291249995,0.2491961270570755,0.2668394849877805,-0.017643349967896932,5,trapezoid_from_zero_normalized_by_max_fraction,True,correct,true_positive,high,high,binary
cicids2017_binary,44,1,ATTACK,rid_abbbbfac8c94b2fd61b0a58e793cfe66,mlp,gradient_x_input,insertion,training_median,False,True,False,True,1,ATTACK,predicted_class_of_audited_model,1.0,0.999708915449446,0.09022865047227244,0.10913634013683492,-0.018907689664562494,0.01702922417981602,-0.05228496905700189,0.2860595223515493,-0.1958308718792769,0.3139271140098572,0.2878870633970946,0.026040050333365795,5,trapezoid_from_zero_normalized_by_max_fraction,True,correct,true_positive,high,high,binary
cicids2017_binary,44,1,ATTACK,rid_3c4bd1f0be24e84c015f7927f633b3fb,mlp,gradient_x_input,insertion,training_median,False,True,False,True,1,ATTACK,predicted_class_of_audited_model,1.0,0.999708915449446,-0.018223385652527214,0.1086093186761321,-0.1268327043286593,0.018004361919799584,-0.1621212536914665,0.3229854652265923,-0.34120885087911956,0.30137962102890015,0.25655209728749473,0.04482751759467647,5,trapezoid_from_zero_normalized_by_max_fraction,True,correct,true_positive,high,high,binary
cicids2017_binary,44,1,ATTACK,rid_96444d266244de739626144829e8598c,mlp,gradient_x_input,insertion,training_median,False,True,False,True,1,ATTACK,predicted_class_of_audited_model,1.0,0.999708915449446,-0.018988323590747314,0.14993609236485295,-0.16892441595560026,0.020679535882132855,-0.20945630628458065,0.265477289333958,-0.2844656129247053,0.2703556418418884,0.2568550763502717,0.013500588402152056,5,trapezoid_from_zero_normalized_by_max_fraction,True,correct,true_positive,high,high,binary
cicids2017_binary,44,1,ATTACK,rid_93cea7ecd31471bf8b4fac680e45c713,mlp,gradient_x_input,insertion,training_median,False,True,False,True,1,ATTACK,predicted_class_of_audited_model,1.0,0.999708915449446,0.13854723763652146,0.214467968288254,-0.07592073065173255,0.024196016579182415,-0.12334492314693007,0.379388646304334,-0.2408414086678125,0.41481828689575195,0.3782633453696035,0.03655494040856137,5,trapezoid_from_zero_normalized_by_max_fraction,True,correct,true_positive,high,high,binary
cicids2017_binary,44,1,ATTACK,rid_11971abe7bec4f62e9f6aab01b57b9a8,mlp,gradient_x_input,insertion,training_median,False,True,False,True,1,ATTACK,predicted_class_of_audited_model,1.0,0.999708915449446,0.16982183636282572,0.1534430636170166,0.016378772745809123,0.020473343519990254,-0.023748980553371775,0.3999931076944621,-0.23017127133163645,0.3382032811641693,0.28995361480722204,0.04824967539077625,5,trapezoid_from_zero_normalized_by_max_fraction,True,correct,true_positive,high,high,binary
cicids2017_binary,44,1,ATTACK,rid_d2da62d7bcf6df46058510d7e45683e3,mlp,gradient_x_input,insertion,training_median,False,False,True,False,0,BENIGN,predicted_class_of_audited_model,0.9999999996765452,0.0002910842270989,0.022859953472944207,-0.051566369780434954,0.07442632325337917,0.01422068633930437,0.046553778028342596,-0.03560013514517973,0.058460088618123934,2.5055322647094727,2.090326820373535,0.4152053489685059,5,trapezoid_from_zero_normalized_by_max_fraction,False,error,false_negative,medium,medium,binary
cicids2017_binary,44,1,ATTACK,rid_aec81a8a173f33fba8e15b7c374c69a7,mlp,gradient_x_input,insertion,training_median,False,True,False,True,1,ATTACK,predicted_class_of_audited_model,1.0,0.999708915449446,-0.01114849411351315,0.08954624087381527,-0.10069473498732842,0.015357860640957649,-0.1307961418436054,0.1931660693509183,-0.20431456346443144,0.24309101700782776,0.27787790167145426,-0.03478690198622645,5,trapezoid_from_zero_normalized_by_max_fraction,True,correct,true_positive,high,high,binary
cicids2017_binary,44,1,ATTACK,rid_cdc079f0a9aed0332a9ae43e967289af,mlp,gradient_x_input,insertion,training_median,False,True,False,True,1,ATTACK,predicted_class_of_audited_model,1.0,0.999708915449446,-0.018628633869229815,0.10292250046696758,-0.12155113433619741,0.01626082846273372,-0.1534223581231555,0.2756141644824138,-0.2942427983516436,0.23141777515411377,0.22304883326031266,0.008368923453614114,5,trapezoid_from_zero_normalized_by_max_fraction,True,correct,true_positive,high,high,binary
cicids2017_binary,44,1,ATTACK,rid_aad8d892e5756b67ae086003f360206b,mlp,gradient_x_input,insertion,training_median,False,True,False,True,1,ATTACK,predicted_class_of_audited_model,1.0,0.999708915449446,-0.018245716171804816,0.11947376875090705,-0.13771948492271188,0.018749261064001637,-0.17446803660815507,0.2903627633986475,-0.3086084795704524,0.2808077335357666,0.2511852788096294,0.029622466041706506,5,trapezoid_from_zero_normalized_by_max_fraction,True,correct,true_positive,high,high,binary
cicids2017_binary,44,1,ATTACK,rid_0480159ad3499e28680daa61b3671f8f,mlp,gradient_x_input,insertion,training_median,False,True,False,True,1,ATTACK,predicted_class_of_audited_model,1.0,0.999708915449446,-0.01888993913162267,0.18576021502189083,-0.20465015415351348,0.021913172583735235,-0.24759997241763454,0.30441003675782186,-0.3232999758894446,0.2817278504371643,0.3008379567712546,-0.019110112667083748,5,trapezoid_from_zero_normalized_by_max_fraction,True,correct,true_positive,high,high,binary
cicids2017_binary,44,0,BENIGN,rid_ac07defc64f8cdd2029fef48742f7eff,mlp,gradient_x_input,insertion,training_median,False,True,False,True,0,BENIGN,predicted_class_of_audited_model,0.9999764002768644,0.0002674848274181,0.022854457497641076,0.016163222295883205,0.0066912352017578745,0.0008654692883008433,0.004994915396688221,0.011972873582915766,0.010881583914725311,0.7210664749145508,0.3378065597265959,0.3832599151879549,5,trapezoid_from_zero_normalized_by_max_fraction,True,correct,true_negative,medium,low,binary
cicids2017_binary,44,0,BENIGN,rid_90b42cdfed9f8c21f3683ee2a83fd2ab,mlp,gradient_x_input,insertion,training_median,False,False,True,True,1,ATTACK,predicted_class_of_audited_model,0.0007975472253747,0.0005064626748208,-0.021721223805798218,-0.01694812044569881,-0.004773103360099414,0.0004864946837488488,-0.005726632940247158,-0.013081952736957874,-0.008639271068840344,1.0816656351089478,0.3692056767344475,0.7124599762558936,5,trapezoid_from_zero_normalized_by_max_fraction,False,error,false_positive,low,medium,binary
cicids2017_binary,44,0,BENIGN,rid_0feb843b9f31d864c0888d6f42a42751,mlp,gradient_x_input,insertion,training_median,False,True,False,True,0,BENIGN,predicted_class_of_audited_model,0.9999968027382238,0.0002878872887776,0.022858132118062716,0.019138737594727347,0.003719394523335363,0.000541752657868285,0.0026575593139135244,0.01348897988387984,0.009369152234182873,0.7622078657150269,0.36629444819688795,0.3959134473204613,5,trapezoid_from_zero_normalized_by_max_fraction,True,correct,true_negative,medium,low,binary
cicids2017_binary,44,0,BENIGN,rid_aadfb7084058e1fdc7e00e0f41aa7a3b,mlp,gradient_x_input,insertion,training_median,False,True,False,True,0,BENIGN,predicted_class_of_audited_model,1.0,0.0002910845505539,0.02286021672189207,0.005249554103133917,0.017610662618758148,0.005658823615758654,0.006519368331871188,-0.017853613511784605,0.040713830233676675,2.7845664024353027,2.622512386322021,0.16205411148071294,5,trapezoid_from_zero_normalized_by_max_fraction,True,correct,true_negative,high,medium,binary
cicids2017_binary,44,0,BENIGN,rid_020c92399bfb8e0b19f2391db848aca1,mlp,gradient_x_input,insertion,training_median,False,False,True,True,1,ATTACK,predicted_class_of_audited_model,0.00031739557744,2.6311026886100008e-05,-0.02278916960065089,-0.004716525148610595,-0.0180726444520403,0.00233100418977039,-0.022641412663990265,0.00336351162207194,-0.026152681222722837,0.8282173275947571,0.5689938468337059,0.25922343903779976,5,trapezoid_from_zero_normalized_by_max_fraction,False,error,false_positive,low,low,binary
cicids2017_binary,44,0,BENIGN,rid_0900ed4575dc0871f8a642d8a96d2cf6,mlp,gradient_x_input,insertion,training_median,False,False,True,True,1,ATTACK,predicted_class_of_audited_model,0.000861883861944,0.0005707993113901,-0.022334699249768164,0.009539739180940487,-0.031874438430708654,0.004393199227335851,-0.04048510891628692,0.010334894382212658,-0.032669593631980826,0.9744231104850769,0.5714062574505807,0.40301690071821217,5,trapezoid_from_zero_normalized_by_max_fraction,False,error,false_positive,low,medium,binary
cicids2017_binary,44,0,BENIGN,rid_bab104fd9cce7fb141896e7fd8ce564b,mlp,gradient_x_input,insertion,training_median,False,True,False,True,0,BENIGN,predicted_class_of_audited_model,0.9999691899283788,0.0002602744789328,0.022847652094981186,0.016964144192766817,0.005883507902214369,0.0007566183117079942,0.0044005360112667,0.012614073490856127,0.010233578604125057,0.6655169725418091,0.4218307308256626,0.24368623575568202,5,trapezoid_from_zero_normalized_by_max_fraction,True,correct,true_negative,medium,low,binary
cicids2017_binary,44,0,BENIGN,rid_3dd66f904fc9a9a6d311030b241fbd1d,mlp,gradient_x_input,insertion,training_median,False,False,True,True,1,ATTACK,predicted_class_of_audited_model,0.0003867104533128,9.562590275890004e-05,-0.022635303607739844,-0.012247936790751122,-0.010387366816988722,0.0020096909688829207,-0.014326361115999246,0.005816833614758271,-0.028452137222498116,0.7876990437507629,0.4692761430442333,0.318422918587923,5,trapezoid_from_zero_normalized_by_max_fraction,False,error,false_positive,low,low,binary
cicids2017_binary,44,0,BENIGN,rid_219f762eae7da5cf06a4d4f1df9a0b05,mlp,gradient_x_input,insertion,training_median,False,True,False,True,0,BENIGN,predicted_class_of_audited_model,0.9999994442100046,0.0002905287605585,0.022859922044750645,0.018741472134463574,0.00411844991028707,0.00046484980487201055,0.0032073442927379294,0.0137802559626862,0.009079666082064447,0.5808536410331726,0.27509808119386436,0.3057556045427918,5,trapezoid_from_zero_normalized_by_max_fraction,True,correct,true_negative,medium,low,binary
cicids2017_binary,44,0,BENIGN,rid_cabe138ab53780d22a8f39da0c6b5a83,mlp,gradient_x_input,insertion,training_median,False,True,False,True,0,BENIGN,predicted_class_of_audited_model,0.9999998667679932,0.0002909513185471,0.022860088385357358,0.018629083834179848,0.004231004551177511,0.0004074935348169124,0.0034323172229363623,0.01394797124245522,0.008912117142902135,0.49418479204177856,0.20991020603477956,0.2842745651453733,5,trapezoid_from_zero_normalized_by_max_fraction,True,correct,true_negative,medium,medium,binary
cicids2017_binary,44,0,BENIGN,rid_b07147759a10f76f97a6076886c7c1f4,mlp,gradient_x_input,insertion,training_median,False,True,False,True,0,BENIGN,predicted_class_of_audited_model,0.9999994780577596,0.0002905626083133,0.02285995164566401,0.017849444549604153,0.0050105070960598614,0.0004956050838452567,0.004039121131723158,0.01403569904359683,0.008824252602067182,0.5791360139846802,0.25654826589487495,0.322587745109573,5,trapezoid_from_zero_normalized_by_max_fraction,True,correct,true_negative,medium,low,binary
cicids2017_binary,44,0,BENIGN,rid_637a9a660b8d7beadd7c47497aa3bd8d,mlp,gradient_x_input,insertion,training_median,False,True,False,True,0,BENIGN,predicted_class_of_audited_model,0.9999989715165613,0.000290056067115,0.022859318513199868,0.01948157263077043,0.0033777458824294352,0.00041216914163118534,0.002569894364832312,0.014117679244120523,0.008741639269079343,0.6670277714729309,0.317851964019239,0.3491757418885827,5,trapezoid_from_zero_normalized_by_max_fraction,True,correct,true_negative,medium,low,binary
cicids2017_binary,44,0,BENIGN,rid_40a09c55a2f86b17aa10827850be77fc,mlp,gradient_x_input,insertion,training_median,False,False,True,True,1,ATTACK,predicted_class_of_audited_model,0.8823397755622864,0.8820486910117324,0.8234635237604381,0.4097617496971124,0.4137017740633256,0.020792470816501766,0.3729485312629821,0.23516278393385853,0.5883007398265794,3.3627121448516846,3.003870921611786,0.35884091329574586,5,trapezoid_from_zero_normalized_by_max_fraction,False,error,false_positive,low,high,binary
cicids2017_binary,44,0,BENIGN,rid_bbf574d7d765f28fcf87e72b56fb2a12,mlp,gradient_x_input,insertion,training_median,False,False,True,True,1,ATTACK,predicted_class_of_audited_model,0.0005141550791449,0.000223070528591,0.0011676163645461192,0.07869769755064415,-0.07753008118609804,0.01478352321400557,-0.10650578668554896,0.06675607571885092,-0.0655884593543048,0.4165514409542084,0.25769370383024215,0.15885774904489516,5,trapezoid_from_zero_normalized_by_max_fraction,False,error,false_positive,low,low,binary
cicids2017_binary,44,0,BENIGN,rid_5ba9b83ad1fb064b5f03a422bac985be,mlp,gradient_x_input,insertion,training_median,False,False,True,True,1,ATTACK,predicted_class_of_audited_model,0.0003538321470841,6.274759653020001e-05,0.3584872235660441,0.13623501291320464,0.22225221065283945,0.019962802622643022,0.18312511751245913,0.10687094001263359,0.25161628355341054,0.4393993020057678,0.26302668190002443,0.17637257838249204,5,trapezoid_from_zero_normalized_by_max_fraction,False,error,false_positive,low,low,binary
cicids2017_binary,44,0,BENIGN,rid_06de799d7efc64d321c0dd0b80e5ea1c,mlp,gradient_x_input,insertion,training_median,False,True,False,True,0,BENIGN,predicted_class_of_audited_model,0.999999999999991,0.0002910845505449,0.022860216713984395,0.013332170383312818,0.009528046330671577,0.004109598586709045,0.0014732331007218484,0.007776961937573929,0.015083254776410464,1.2906659841537476,0.9265810999870301,0.3640850033760071,5,trapezoid_from_zero_normalized_by_max_fraction,True,correct,true_negative,medium,medium,binary
cicids2017_binary,44,0,BENIGN,rid_4833f14378a66bc7b5a7a8a62c4ae116,mlp,gradient_x_input,insertion,training_median,False,True,False,True,0,BENIGN,predicted_class_of_audited_model,0.999999999997494,0.0002910845480479,0.022860216554330147,-0.0013345423201615806,0.024194758874491726,0.006865549489275245,0.010738281875512247,-0.027554451210093315,0.050414667764423465,1.6011911630630493,1.4365496683120729,0.16464144706726072,5,trapezoid_from_zero_normalized_by_max_fraction,True,correct,true_negative,medium,medium,binary
cicids2017_binary,44,0,BENIGN,rid_7e29e4a83316796159af8b988ec959ce,mlp,gradient_x_input,insertion,training_median,False,True,False,True,0,BENIGN,predicted_class_of_audited_model,0.9999472554118256,0.0002383399623795,0.02214603805259685,-0.11581689746468851,0.1379629355172854,0.01911999737719205,0.10048774065798896,-0.16425221886694702,0.18639825691954387,1.092542290687561,0.7579657822847367,0.3345765024423598,5,trapezoid_from_zero_normalized_by_max_fraction,True,correct,true_negative,medium,low,binary
cicids2017_binary,44,0,BENIGN,rid_aad8d2216819d381bbe01a82c6768dfa,mlp,gradient_x_input,insertion,training_median,False,False,True,True,1,ATTACK,predicted_class_of_audited_model,0.0006063816254027,0.0003152970748488,-0.020755337181617504,0.10459093238818513,-0.12534626956980263,0.016087756589879765,-0.15687827248596697,0.09376182557522952,-0.11451716275684704,0.7476644515991211,0.24621509200334551,0.5014493595957756,5,trapezoid_from_zero_normalized_by_max_fraction,False,error,false_positive,low,medium,binary
cicids2017_binary,44,0,BENIGN,rid_28c4bde3ff46a91b7ffa2f116a6b6468,mlp,gradient_x_input,insertion,training_median,False,True,False,True,0,BENIGN,predicted_class_of_audited_model,0.9999804483850312,0.000271532935585,0.022850685464419485,0.016939923846591938,0.0059107616178275466,0.0005959931508073371,0.004742615042245166,0.012329603654451703,0.010521081809967782,0.7131317853927612,0.3610366796404123,0.35209517131745816,5,trapezoid_from_zero_normalized_by_max_fraction,True,correct,true_negative,medium,low,binary
cicids2017_binary,44,0,BENIGN,rid_4693e16e6643992432430c5221fb35a6,mlp,gradient_x_input,insertion,training_median,False,True,False,True,0,BENIGN,predicted_class_of_audited_model,0.9999369302677223,0.0002280148182762,-0.06250577130122109,-0.0877369578905483,0.025231186589327197,0.016148437221509274,-0.006419750364830976,-0.10533042772284351,0.04282465642162243,0.5078078508377075,0.3413287622928619,0.16647904682159423,5,trapezoid_from_zero_normalized_by_max_fraction,True,correct,true_negative,medium,low,binary
cicids2017_binary,44,0,BENIGN,rid_f20a94bc6a18c7b91d8dfa64277681fa,mlp,gradient_x_input,insertion,training_median,False,True,False,True,0,BENIGN,predicted_class_of_audited_model,0.9997358231048564,2.690765541049997e-05,0.021786475207773034,-0.20732002307204767,0.22910649827982071,0.024923359805679644,0.1802567130606886,-0.11301603715362751,0.13480251236140053,0.8301922082901001,0.5558794753551484,0.27431271505355836,5,trapezoid_from_zero_normalized_by_max_fraction,True,correct,true_negative,medium,low,binary
cicids2017_binary,44,0,BENIGN,rid_6f4fcab4cb3f5a2fd78b4a51f9178b5c,mlp,gradient_x_input,insertion,training_median,False,True,False,True,0,BENIGN,predicted_class_of_audited_model,0.999999103980258,0.0002901885308119,-0.04290838791057467,-0.007051920613567972,-0.0358564672970067,0.005078946286422675,-0.04581120201839514,-0.011483130598306988,-0.03142525731226769,0.5314591526985168,0.3253501959443092,0.20610895675420765,5,trapezoid_from_zero_normalized_by_max_fraction,True,correct,true_negative,medium,low,binary
cicids2017_binary,44,0,BENIGN,rid_b3918c47e99c9a255fe25b07096a3a11,mlp,gradient_x_input,insertion,training_median,False,False,True,True,1,ATTACK,predicted_class_of_audited_model,0.001125177484937,0.0008340929343831,0.012338382657617336,0.25278225515985836,-0.24044387250224103,0.02613287481024512,-0.2916643071303215,0.23591273455019113,-0.2235743518925738,0.9553345441818237,0.6231952523589134,0.33213932758569714,5,trapezoid_from_zero_normalized_by_max_fraction,False,error,false_positive,low,medium,binary
cicids2017_binary,44,0,BENIGN,rid_6b42ad85122fdcc038cec4846ea9afe4,mlp,gradient_x_input,insertion,training_median,False,False,True,True,1,ATTACK,predicted_class_of_audited_model,0.0030111786909401,0.0027200941403862,0.006254700559657067,0.09872795397351876,-0.0924732534138617,0.017495128041703854,-0.12676370437560125,0.08302921273297084,-0.07677451217331377,0.8070810437202454,0.6073418437242508,0.19973922979831693,5,trapezoid_from_zero_normalized_by_max_fraction,False,error,false_positive,low,medium,binary
cicids2017_binary,44,1,ATTACK,rid_1031cd625c60d92bb064fc08a81e322b,mlp,gradient_x_input,insertion,training_median,False,True,False,True,1,ATTACK,predicted_class_of_audited_model,1.0,0.999708915449446,-0.01855983662826475,0.10519500788814545,-0.1237548445164102,0.017529282461056145,-0.15811223814008024,0.32065414402416625,-0.339213980652431,0.24121956527233124,0.21717028732784094,0.02404927291534842,5,trapezoid_from_zero_normalized_by_max_fraction,True,correct,true_positive,high,high,binary
cicids2017_binary,44,1,ATTACK,rid_b20c11b1efba3a034631f62e299a77cd,mlp,gradient_x_input,insertion,training_median,False,True,False,True,1,ATTACK,predicted_class_of_audited_model,1.0,0.999708915449446,-0.018280959685216657,0.1316462557322664,-0.14992721541748308,0.020119650828855456,-0.18936173104203977,0.3388411944197596,-0.3571221541049762,0.3607447147369385,0.26728021610016006,0.09346448531886561,5,trapezoid_from_zero_normalized_by_max_fraction,True,correct,true_positive,high,high,binary
cicids2017_binary,44,1,ATTACK,rid_6763db466f45bfe9b75b59cc16ed26dc,mlp,gradient_x_input,insertion,training_median,False,True,False,True,1,ATTACK,predicted_class_of_audited_model,1.0,0.999708915449446,-0.007436334707017523,0.030979385851039362,-0.038415720558056886,0.008128707944896185,-0.05434798813005341,0.24930318458692463,-0.2567395192939421,0.23978593945503235,0.24084498323872686,-0.0010590611062943887,5,trapezoid_from_zero_normalized_by_max_fraction,True,correct,true_positive,high,high,binary
cicids2017_binary,44,0,BENIGN,rid_33a69276a5d16ca114039b67247fb720,mlp,gradient_x_input,insertion,training_median,False,True,False,True,0,BENIGN,predicted_class_of_audited_model,0.9999951174895614,0.0002862020401152,0.022858123408695974,0.019629262729897127,0.003228860678798846,0.0003788418196206833,0.002486330712342307,0.013027868802699287,0.009830254605996685,0.7486772537231445,0.34925081349909304,0.3994264432042837,5,trapezoid_from_zero_normalized_by_max_fraction,True,correct,true_negative,medium,low,binary
cicids2017_binary,44,0,BENIGN,rid_a166987b4b632c8835afa38444b65826,mlp,gradient_x_input,insertion,training_median,False,False,True,True,1,ATTACK,predicted_class_of_audited_model,0.0003773162025026,8.623165194870003e-05,-0.022174110112246126,0.11162201167408942,-0.13379612178633554,0.018379951109795466,-0.16982082596153467,0.10363330314847831,-0.12580741326072442,4.645656108856201,2.1971020940542223,2.4485542055368428,5,trapezoid_from_zero_normalized_by_max_fraction,False,error,false_positive,low,low,binary
cicids2017_binary,44,0,BENIGN,rid_50c34fa18ed06d7cf21bc44c196340e1,mlp,gradient_x_input,insertion,training_median,False,True,False,True,0,BENIGN,predicted_class_of_audited_model,1.0,0.0002910845505537,0.022860216721870275,0.0163569625689372,0.006503254152933077,0.0029423984669626293,0.0007361531576863239,0.008689063573239593,0.014171153148630683,3.3824245929718018,3.2198841648101806,0.1625400943756103,5,trapezoid_from_zero_normalized_by_max_fraction,True,correct,true_negative,high,medium,binary
cicids2017_binary,44,1,ATTACK,rid_fa64b7c56120407164b52d8625942bf1,mlp,gradient_x_input,insertion,training_median,False,True,False,True,1,ATTACK,predicted_class_of_audited_model,1.0,0.999708915449446,-0.019001546408981086,0.10340222949061104,-0.12240377589959212,0.017185645478925392,-0.15608764103828587,0.2600163168316378,-0.27901786324061884,0.2483900487422943,0.2248233520016074,0.023566714063286778,5,trapezoid_from_zero_normalized_by_max_fraction,True,correct,true_positive,high,high,binary
cicids2017_binary,44,0,BENIGN,rid_170152f86943d88309df691be2cdea2b,mlp,gradient_x_input,insertion,training_median,False,False,True,True,1,ATTACK,predicted_class_of_audited_model,0.0006975122960284,0.0004064277454745,0.1305940229445696,0.13962578045359605,-0.009031757509026465,0.019372831765235868,-0.04700250776888877,0.050555277908819286,0.08003874503575029,0.6005262732505798,0.40641459327936175,0.19411170381307602,5,trapezoid_from_zero_normalized_by_max_fraction,False,error,false_positive,low,medium,binary
cicids2017_binary,44,0,BENIGN,rid_edc7a58dc803ece74ace74bd8c28f6d5,mlp,gradient_x_input,insertion,training_median,False,False,True,True,1,ATTACK,predicted_class_of_audited_model,0.0055519854649901,0.0052609009144362,-0.01146908108203206,-0.0017654479990944984,-0.009703633082937565,0.0021815410801550392,-0.013979453600041441,-0.00044836439575900123,-0.01102071668627306,1.0517274141311646,0.6484033373594282,0.4033240290880203,5,trapezoid_from_zero_normalized_by_max_fraction,False,error,false_positive,low,medium,binary
cicids2017_binary,44,1,ATTACK,rid_d3b962085e96dbfa0e52dfda3bb9e7c2,mlp,gradient_x_input,insertion,training_median,False,True,False,True,1,ATTACK,predicted_class_of_audited_model,1.0,0.999708915449446,-0.02043178161911783,0.15202244463739892,-0.17245422625651674,0.022221585514018153,-0.21600853386399232,0.31043719039777745,-0.3308689720168953,0.3829132914543152,0.36737803962826726,0.015535293549299245,5,trapezoid_from_zero_normalized_by_max_fraction,True,correct,true_positive,high,high,binary
cicids2017_binary,44,1,ATTACK,rid_7177cfc59180023877dc4fd1c7ac555e,mlp,gradient_x_input,insertion,training_median,False,True,False,True,1,ATTACK,predicted_class_of_audited_model,1.0,0.999708915449446,-0.01829284104751423,0.1256702610266635,-0.14396310207417773,0.019668144845580417,-0.18251266597151533,0.31926503882837076,-0.33755787987588504,0.2940235733985901,0.24367041678819806,0.05035313584189862,5,trapezoid_from_zero_normalized_by_max_fraction,True,correct,true_positive,high,high,binary
cicids2017_binary,44,0,BENIGN,rid_afc61d955e91850c91feb237551ecb4c,mlp,gradient_x_input,insertion,training_median,False,False,True,True,1,ATTACK,predicted_class_of_audited_model,0.0005293551948852,0.0002382706443313,0.0021796548273414363,0.06525196018564951,-0.06307230535830807,0.012606319636065694,-0.08778069184499683,0.09022963172573317,-0.08804997689839174,0.4157666265964508,0.25188333654403683,0.16388330197334292,5,trapezoid_from_zero_normalized_by_max_fraction,False,error,false_positive,low,low,binary
cicids2017_binary,44,0,BENIGN,rid_c7aef36fb993e0f38e19e4a32111735f,mlp,gradient_x_input,insertion,training_median,False,True,False,True,0,BENIGN,predicted_class_of_audited_model,0.9999999998220334,0.0002910843725872,0.022860049482770074,-0.017829905093175558,0.04068995457594563,0.010342212235384732,0.020419218594591556,-0.04367819784426917,0.06653824732703924,1.3316776752471924,1.0701876835823059,0.26148994398117065,5,trapezoid_from_zero_normalized_by_max_fraction,True,correct,true_negative,medium,medium,binary
cicids2017_binary,44,0,BENIGN,rid_7aea91f082ddcf09063756a4c57405b0,mlp,gradient_x_input,insertion,training_median,False,False,True,True,1,ATTACK,predicted_class_of_audited_model,0.0006129207322373,0.0003218361816834,-0.022569727256995974,0.1687334063437191,-0.1913031336007151,0.024055810512100064,-0.23845252220443122,0.18774791528675164,-0.2103176425437476,1.0204155445098877,0.6079202394485475,0.4124952991008759,5,trapezoid_from_zero_normalized_by_max_fraction,False,error,false_positive,low,medium,binary
cicids2017_binary,44,0,BENIGN,rid_3d343d3bac4b8929962357a4df191d64,mlp,gradient_x_input,insertion,training_median,False,False,True,True,1,ATTACK,predicted_class_of_audited_model,0.8835129141807556,0.8832218296302017,0.8241719070822,0.37312342443843716,0.45104848264376285,0.021516150196762104,0.4088768282581091,0.25384806800722465,0.5703238390749754,3.378052234649658,3.0885855631828307,0.2894663853645324,5,trapezoid_from_zero_normalized_by_max_fraction,False,error,false_positive,medium,high,binary
cicids2017_binary,44,0,BENIGN,rid_d3c2f0c8cd31e3340bd4afb942db8af2,mlp,gradient_x_input,insertion,training_median,False,False,True,True,1,ATTACK,predicted_class_of_audited_model,0.0006121650221757,0.0003210804716218,0.03580644542817026,0.08573465855037089,-0.049928213122200624,0.01522987416411834,-0.07977876648387257,0.10187986608919994,-0.06607342066102967,0.392098993062973,0.21330210006237033,0.1787968930006027,5,trapezoid_from_zero_normalized_by_max_fraction,False,error,false_positive,low,medium,binary
cicids2017_binary,44,0,BENIGN,rid_75683d48a13f79093aaf611fa878531b,mlp,gradient_x_input,insertion,training_median,False,True,False,True,0,BENIGN,predicted_class_of_audited_model,0.999999928744046,0.0002910132945998,0.02286011885312218,0.021770970885015336,0.0010891479681068444,0.0001864311865486249,0.0007237428424715397,0.015557448306713588,0.007302670546408593,0.8001421689987183,0.4733115320205689,0.3268306608200072,5,trapezoid_from_zero_normalized_by_max_fraction,True,correct,true_negative,medium,medium,binary
cicids2017_binary,44,0,BENIGN,rid_cdb595b98a90ebd778cd2680d10a5f11,mlp,gradient_x_input,insertion,training_median,False,True,False,True,0,BENIGN,predicted_class_of_audited_model,0.9999999999774744,0.0002910845280283,0.022860171829917654,-0.006064759588076535,0.02892493141799419,0.007434221734693122,0.014353856817995671,-0.05571296939328266,0.0785731412232003,1.3446067571640015,1.1900363633632658,0.15457046532630922,5,trapezoid_from_zero_normalized_by_max_fraction,True,correct,true_negative,medium,medium,binary
cicids2017_binary,44,0,BENIGN,rid_da353e7fe7632ebd930a785e067b59bf,mlp,gradient_x_input,insertion,training_median,False,True,False,True,0,BENIGN,predicted_class_of_audited_model,0.9999628350233252,0.000253919573879,0.022836352168906157,0.01709693025838118,0.005739421910524981,0.0006723951043688588,0.004421527505962018,0.013297037980082426,0.009539314188823733,0.7359224557876587,0.4126170043647289,0.323305391818285,5,trapezoid_from_zero_normalized_by_max_fraction,True,correct,true_negative,medium,low,binary
cicids2017_binary,44,0,BENIGN,rid_d7f9ee4f64dd469c9a4bacc706905855,mlp,gradient_x_input,insertion,training_median,False,True,False,True,0,BENIGN,predicted_class_of_audited_model,0.9999993536010264,0.0002904381515804,0.022859819132743556,0.01745761006482786,0.005402209067915694,0.0005103166358709609,0.004401988461608611,0.014045337180414215,0.008814481952329338,0.5933725237846375,0.25041637848876414,0.34295617807842793,5,trapezoid_from_zero_normalized_by_max_fraction,True,correct,true_negative,medium,low,binary
cicids2017_binary,44,0,BENIGN,rid_256c6415884738e965ad01abe3be0bc8,mlp,gradient_x_input,insertion,training_median,False,False,True,True,1,ATTACK,predicted_class_of_audited_model,0.0003003261808771,9.241630323199995e-06,-0.022662206287350273,-0.011471398000869833,-0.011190808286480438,0.0017701960431812543,-0.014660392531115696,-0.0031951707024881347,-0.01946703558486214,1.1546454429626465,0.5583384779691697,0.5963069411516189,5,trapezoid_from_zero_normalized_by_max_fraction,False,error,false_positive,low,low,binary
cicids2017_binary,44,0,BENIGN,rid_7bd6afca1530d5920af275eb937e27fd,mlp,gradient_x_input,insertion,training_median,False,False,True,True,1,ATTACK,predicted_class_of_audited_model,0.0006716133211739,0.00038052877062,0.04890710692852735,0.09818341834267817,-0.049276311414150814,0.015489686797446351,-0.07963609753714566,0.05909545912389422,-0.010188352195366865,0.3813238739967346,0.21106168051064014,0.1702621577233076,5,trapezoid_from_zero_normalized_by_max_fraction,False,error,false_positive,low,medium,binary
cicids2017_binary,44,0,BENIGN,rid_83e686e2c222505e944acd6ba4d0d212,mlp,gradient_x_input,insertion,training_median,False,False,True,True,1,ATTACK,predicted_class_of_audited_model,0.0004744371690321,0.0001833526184781,0.18719982691109177,0.1516514968980885,0.03554833001300329,0.021172257539392676,-0.005949294764206359,0.07819566460322903,0.10900416230786276,0.4363771080970764,0.27115346488356595,0.16522363129258155,5,trapezoid_from_zero_normalized_by_max_fraction,False,error,false_positive,low,low,binary
cicids2017_binary,44,0,BENIGN,rid_a06cf31d5832e4ccbf3873d58e1ee5d3,mlp,gradient_x_input,insertion,training_median,False,True,False,True,0,BENIGN,predicted_class_of_audited_model,0.9999081001078594,0.0001991846584132,0.022780638297990662,0.019718049800707613,0.003062588497283052,0.00029827558551368525,0.002477968349676229,0.014648461037920947,0.008132177260069715,1.0175532102584839,0.4282913648337126,0.5892618811875582,5,trapezoid_from_zero_normalized_by_max_fraction,True,correct,true_negative,medium,low,binary
cicids2017_binary,44,1,ATTACK,rid_ba95e93176abd300b3b467db4c4aedad,mlp,gradient_x_input,insertion,training_median,False,True,False,True,1,ATTACK,predicted_class_of_audited_model,1.0,0.999708915449446,-0.01951619139399554,0.10227056127110033,-0.1217867526650959,0.018681126502033577,-0.1584017606090817,0.2942494003590733,-0.31376559175306884,0.35682111978530884,0.2845545225348324,0.07226659352518619,5,trapezoid_from_zero_normalized_by_max_fraction,True,correct,true_positive,high,high,binary
cicids2017_binary,44,0,BENIGN,rid_2e81c7d688e5f12cca89f28c3437b11d,mlp,gradient_x_input,insertion,training_median,False,True,False,True,0,BENIGN,predicted_class_of_audited_model,0.999981831324476,0.0002729158750298,0.019119797812891193,-0.14829064875919012,0.16741044657208135,0.020016047559692822,0.12817899335508343,-0.07661992086608338,0.09573971867897457,0.4488063454627991,0.2781677685379982,0.1706385948061943,5,trapezoid_from_zero_normalized_by_max_fraction,True,correct,true_negative,medium,low,binary
cicids2017_binary,44,0,BENIGN,rid_a13aa3d7b9517c31ea570fd2fe06b255,mlp,gradient_x_input,insertion,training_median,False,True,False,True,0,BENIGN,predicted_class_of_audited_model,0.9998836153536104,0.0001746999041643,0.022793040933447625,0.006474988757785003,0.016318052175662623,0.002301407907349874,0.011807292677256869,-0.0005713667777866926,0.02336440771123432,0.7159351706504822,0.3214110391885042,0.3945241046398878,5,trapezoid_from_zero_normalized_by_max_fraction,True,correct,true_negative,medium,low,binary
cicids2017_binary,44,0,BENIGN,rid_4d11b5125dd3225c134b4908ac1b967d,mlp,gradient_x_input,insertion,training_median,False,False,True,True,1,ATTACK,predicted_class_of_audited_model,0.0397932864725589,0.039502201922005,0.24541785679757597,0.20271175399499275,0.04270610280258322,0.014784811165846729,0.013727872917523629,0.15189470677662312,0.09352315002095285,7.892758369445801,5.365278780937194,2.5274791116714477,5,trapezoid_from_zero_normalized_by_max_fraction,False,error,false_positive,low,medium,binary
cicids2017_binary,44,0,BENIGN,rid_6af9b0d484092c85c23a1925088bc111,mlp,gradient_x_input,insertion,training_median,False,True,False,True,0,BENIGN,predicted_class_of_audited_model,0.999990914787304,0.0002819993378579,0.022856260287642274,0.02021134624270189,0.002644914044940381,0.00044625282962897507,0.0017702584988675896,0.015197117109381552,0.007659143178260718,1.0128285884857178,0.6399054461717606,0.37292309463024137,5,trapezoid_from_zero_normalized_by_max_fraction,True,correct,true_negative,medium,low,binary
cicids2017_binary,44,0,BENIGN,rid_bb9063bc642c023877b551bd7695745e,mlp,gradient_x_input,insertion,training_median,False,True,False,True,0,BENIGN,predicted_class_of_audited_model,0.9999972335697294,0.0002883181202832,0.022786810865000007,-0.0031017178424737456,0.02588852870747375,0.004816057490564194,0.016449056025967933,0.00480429845735349,0.017982512407646513,0.6320022344589233,0.3568954349160195,0.27510675781965255,5,trapezoid_from_zero_normalized_by_max_fraction,True,correct,true_negative,medium,low,binary
cicids2017_binary,44,0,BENIGN,rid_d2286e893cc535f93dd896b7e7235a17,mlp,gradient_x_input,insertion,training_median,False,False,True,True,1,ATTACK,predicted_class_of_audited_model,0.0040301098488271,0.0037390252982732,0.4001937003806233,0.20487019530712017,0.1953235050735032,0.022152848964593987,0.151903921102899,0.07423475168662907,0.3259589486939943,0.33135372400283813,0.25766020169854165,0.07369349250197411,5,trapezoid_from_zero_normalized_by_max_fraction,False,error,false_positive,low,medium,binary
cicids2017_binary,44,0,BENIGN,rid_6606c53602ccf84f893bda1ab3ed2ce9,mlp,gradient_x_input,insertion,training_median,False,False,True,True,1,ATTACK,predicted_class_of_audited_model,0.0044007590040564,0.0041096744535025,0.5791150138447847,0.21138745499924905,0.36772755884553565,0.023509594122694807,0.3216487543650538,0.1226768198689114,0.4564381939758733,0.4019469618797302,0.3516498066186905,0.050297164201736445,5,trapezoid_from_zero_normalized_by_max_fraction,False,error,false_positive,low,medium,binary
cicids2017_binary,44,0,BENIGN,rid_f025d48c1c165110532e600607f411d7,mlp,gradient_x_input,insertion,training_median,False,True,False,True,0,BENIGN,predicted_class_of_audited_model,0.9999992002770456,0.0002902848275993,0.022859789168695955,0.01863565406516097,0.004224135103534981,0.0004784050178690978,0.00328646126851155,0.01369953469689852,0.009160254471797434,0.5880736708641052,0.25401653759926557,0.33405716306716204,5,trapezoid_from_zero_normalized_by_max_fraction,True,correct,true_negative,medium,low,binary
cicids2017_binary,44,0,BENIGN,rid_b43f8008a4c6f438c1c5b2bc2f881b34,mlp,gradient_x_input,deletion,target_class_median,False,True,False,True,0,BENIGN,predicted_class_of_audited_model,0.9999999264855148,0.0002910110360687,1.4705354978161725e-07,0.00016836764156430694,-0.00016822058801452532,2.775661295368211e-05,-0.00022262354940374225,0.0009853950748009196,-0.000985248021251138,4.231086730957031,4.09774453163147,0.1333419609069825,5,trapezoid_from_zero_normalized_by_max_fraction,True,correct,true_negative,medium,medium,binary
cicids2017_binary,44,0,BENIGN,rid_aafd008b38711a51fcaf7326aef63c03,mlp,gradient_x_input,deletion,target_class_median,False,True,False,True,0,BENIGN,predicted_class_of_audited_model,0.999916551008937,0.0002076355594908,-7.873866323677704e-05,-2.1640846082249254e-05,-5.709781715452777e-05,1.799916030895195e-06,-6.0625652575082354e-05,-2.594678461514377e-05,-5.2791878621633263e-05,0.2826460897922516,0.0572977034188807,0.22534837147220968,5,trapezoid_from_zero_normalized_by_max_fraction,True,correct,true_negative,medium,low,binary
cicids2017_binary,44,0,BENIGN,rid_53e9038013ac53a866c7e39dfd851822,mlp,gradient_x_input,deletion,target_class_median,False,False,True,True,1,ATTACK,predicted_class_of_audited_model,0.0004146535939071,0.0001235690433532,-0.44434198796661806,-0.108303952155109,-0.33603803581150904,0.01573486554769901,-0.3668783722849991,-0.012608254959300678,-0.4317337330073173,1.0457870960235596,0.825670145392418,0.22011687314510348,5,trapezoid_from_zero_normalized_by_max_fraction,False,error,false_positive,low,low,binary
cicids2017_binary,44,0,BENIGN,rid_55496a4ac4458a52e7831c033485d740,mlp,gradient_x_input,deletion,target_class_median,False,False,True,True,1,ATTACK,predicted_class_of_audited_model,0.0003318703675176,4.078581696370003e-05,-0.0741980858714669,-0.07914029584262766,0.004942209971160759,0.015388516000156987,-0.025219281389146937,-0.02131833882006231,-0.052879747051404594,0.7990279197692871,0.6446859594583512,0.1543419185876847,5,trapezoid_from_zero_normalized_by_max_fraction,False,error,false_positive,low,low,binary
cicids2017_binary,44,1,ATTACK,rid_5e6b5fcfed47e830975b1ea89bdf4698,mlp,gradient_x_input,deletion,target_class_median,False,True,False,True,1,ATTACK,predicted_class_of_audited_model,1.0,0.999708915449446,1.609325408935547e-07,0.0021704903841018672,-0.002170329451560974,0.0014428244460420279,-0.0049982653658033485,0.12113970994317952,-0.12113954901063861,0.20604319870471954,0.19533581492304802,0.010707394585013394,5,trapezoid_from_zero_normalized_by_max_fraction,True,correct,true_positive,high,high,binary
cicids2017_binary,44,1,ATTACK,rid_6a53462e703ca30ed590e502194cd872,mlp,gradient_x_input,deletion,target_class_median,False,True,False,True,1,ATTACK,predicted_class_of_audited_model,1.0,0.999708915449446,0.0,0.012021954061629913,-0.012021954061629913,0.0068229273905860855,-0.02539489174717864,0.057506640522306696,-0.057506640522306696,0.2956266701221466,0.2579906770735979,0.037635974049568185,5,trapezoid_from_zero_normalized_by_max_fraction,True,correct,true_positive,high,high,binary
cicids2017_binary,44,1,ATTACK,rid_a6fb9dbbaef07885e7f7bbd723e3e002,mlp,gradient_x_input,deletion,target_class_median,False,True,False,True,1,ATTACK,predicted_class_of_audited_model,1.0,0.999708915449446,0.0,0.004013981412208522,-0.004013981412208522,0.003999568677154507,-0.011853136019431356,0.03425534235081776,-0.03425534235081776,0.42033737897872925,0.36123511093854904,0.059102249413728714,5,trapezoid_from_zero_normalized_by_max_fraction,True,correct,true_positive,high,high,binary
cicids2017_binary,44,1,ATTACK,rid_55ae17d40bbdb9d1f2258028d12cc0cb,mlp,gradient_x_input,deletion,target_class_median,False,True,False,True,1,ATTACK,predicted_class_of_audited_model,1.0,0.999708915449446,0.0,0.0017579872608184813,-0.0017579872608184813,0.0008509088397993333,-0.0034257685868251744,0.06608830206572917,-0.06608830206572917,0.3681734502315521,0.34787244956195357,0.02030099321901797,5,trapezoid_from_zero_normalized_by_max_fraction,True,correct,true_positive,high,high,binary
cicids2017_binary,44,1,ATTACK,rid_18ee51725768818f45f75c2e662d5ddf,mlp,gradient_x_input,deletion,target_class_median,False,True,False,True,1,ATTACK,predicted_class_of_audited_model,1.0,0.999708915449446,2.4980306625366212e-05,0.05045120619466398,-0.050426225888038606,0.013796407085182918,-0.07746718377499712,0.1437416153773377,-0.14371663507071233,0.2105236053466797,0.20346228928118942,0.00706132575124502,5,trapezoid_from_zero_normalized_by_max_fraction,True,correct,true_positive,high,high,binary
cicids2017_binary,44,1,ATTACK,rid_36963c178b564b14363d80a70c5b4ee7,mlp,gradient_x_input,deletion,target_class_median,False,True,False,True,1,ATTACK,predicted_class_of_audited_model,1.0,0.999708915449446,1.1920928955078126e-08,0.01129570762898402,-0.011295695708055064,0.006036010400670785,-0.023126276093369803,0.05800962403553717,-0.05800961211460822,0.26432132720947266,0.23204153902828697,0.03227980606257915,5,trapezoid_from_zero_normalized_by_max_fraction,True,correct,true_positive,high,high,binary
cicids2017_binary,44,1,ATTACK,rid_f87c7b34fe9304f7f7667fba446dfa64,mlp,gradient_x_input,deletion,target_class_median,False,True,False,True,1,ATTACK,predicted_class_of_audited_model,1.0,0.999708915449446,0.0,0.004193826287984848,-0.004193826287984848,0.003683563607834006,-0.011413610959339501,0.08912821247583713,-0.08912821247583713,0.2916474938392639,0.3262061112970114,-0.03455861596763136,5,trapezoid_from_zero_normalized_by_max_fraction,True,correct,true_positive,high,high,binary
cicids2017_binary,44,1,ATTACK,rid_82693d0ba4a02241a7fec427ec63f62c,mlp,gradient_x_input,deletion,target_class_median,False,True,False,True,1,ATTACK,predicted_class_of_audited_model,1.0,0.999708915449446,0.0,0.003990331291221083,-0.003990331291221083,0.003989735927097546,-0.011810213708332271,0.041022177177138096,-0.041022177177138096,0.411748468875885,0.38488089868426323,0.026867561995983134,5,trapezoid_from_zero_normalized_by_max_fraction,True,correct,true_positive,high,high,binary
cicids2017_binary,44,1,ATTACK,rid_ca3ee715be27ef5fd0091152fb0faae5,mlp,gradient_x_input,deletion,target_class_median,False,True,False,True,1,ATTACK,predicted_class_of_audited_model,1.0,0.999708915449446,0.0,1.2176632881164549e-05,-1.2176632881164549e-05,1.1735000016496463e-05,-3.517723291349762e-05,0.042540228048022634,-0.042540228048022634,0.4776395857334137,0.44032654314488173,0.037313073135912415,5,trapezoid_from_zero_normalized_by_max_fraction,True,correct,true_positive,high,high,binary
cicids2017_binary,44,1,ATTACK,rid_efbc89c3e069caf741c900a8be7381b9,mlp,gradient_x_input,deletion,target_class_median,False,True,False,True,1,ATTACK,predicted_class_of_audited_model,1.0,0.999708915449446,0.0,0.023331525144190894,-0.023331525144190894,0.009077087145585323,-0.04112261594953813,0.05310120415967328,-0.05310120415967328,0.31558191776275635,0.2660108659639954,0.04957104434818029,5,trapezoid_from_zero_normalized_by_max_fraction,True,correct,true_positive,high,high,binary
cicids2017_binary,44,1,ATTACK,rid_7e24cc105d01acf99847456e41226ec8,mlp,gradient_x_input,deletion,target_class_median,False,True,False,True,1,ATTACK,predicted_class_of_audited_model,1.0,0.999708915449446,0.0,0.004654949456686154,-0.004654949456686154,0.004008369970775108,-0.012511354599405366,0.060787896676121195,-0.060787896676121195,0.35767754912376404,0.32267386387288577,0.03500369717180729,5,trapezoid_from_zero_normalized_by_max_fraction,True,correct,true_positive,high,high,binary
cicids2017_binary,44,1,ATTACK,rid_251873791485539213f34e42aee4654b,mlp,gradient_x_input,deletion,target_class_median,False,True,False,True,1,ATTACK,predicted_class_of_audited_model,1.0,0.999708915449446,0.0,0.001059074878692627,-0.001059074878692627,0.0010578535657696346,-0.0031324678676011106,0.0689933566769687,-0.0689933566769687,0.27863937616348267,0.30420981848239903,-0.025570461690425882,5,trapezoid_from_zero_normalized_by_max_fraction,True,correct,true_positive,high,high,binary
cicids2017_binary,44,1,ATTACK,rid_d569863fa3cc4a481a9505aea214e825,mlp,gradient_x_input,deletion,target_class_median,False,True,False,True,1,ATTACK,predicted_class_of_audited_model,1.0,0.999708915449446,4.82797622680664e-07,0.009034538403153419,-0.009034055605530738,0.005989902607039567,-0.02077426471532829,0.11733580097357105,-0.11733531817594837,0.2744452655315399,0.2645215943083167,0.00992368537932634,5,trapezoid_from_zero_normalized_by_max_fraction,True,correct,true_positive,high,high,binary
cicids2017_binary,44,1,ATTACK,rid_106f5d03f73123fcbd65cff52a82d265,mlp,gradient_x_input,deletion,target_class_median,False,True,False,True,1,ATTACK,predicted_class_of_audited_model,1.0,0.999708915449446,0.0,1.8977165222167973e-05,-1.8977165222167973e-05,1.8420609644048392e-05,-5.508156012450282e-05,0.047548774900281664,-0.047548774900281664,0.44529396295547485,0.39655104480683806,0.04874293006956576,5,trapezoid_from_zero_normalized_by_max_fraction,True,correct,true_positive,high,high,binary
cicids2017_binary,44,0,BENIGN,rid_83434139ec41e5af924df74e57ed1631,mlp,gradient_x_input,deletion,target_class_median,False,True,False,True,0,BENIGN,predicted_class_of_audited_model,0.9999905833337834,0.0002816678843373,-8.697829224502128e-06,-5.131565392076709e-06,-3.56626383242542e-06,1.7607689178715335e-07,-3.91137454032824e-06,-3.7952817795172678e-06,-4.902547444984862e-06,0.1355282962322235,0.05228305620327591,0.08324525493010879,5,trapezoid_from_zero_normalized_by_max_fraction,True,correct,true_negative,medium,low,binary
cicids2017_binary,44,1,ATTACK,rid_b15622503e4a49fca56ee45408f83621,mlp,gradient_x_input,deletion,target_class_median,False,True,False,True,1,ATTACK,predicted_class_of_audited_model,1.0,0.999708915449446,2.0325183868408203e-05,0.02967234079726768,-0.029652015613399273,0.009747120725446742,-0.04875637223527489,0.13085988463406859,-0.13083955945020018,0.2378820925951004,0.2239014870338142,0.013980590287595995,5,trapezoid_from_zero_normalized_by_max_fraction,True,correct,true_positive,high,high,binary
cicids2017_binary,44,1,ATTACK,rid_6c9110613ff850a03c20f3be4b50f878,mlp,gradient_x_input,deletion,target_class_median,False,True,False,True,1,ATTACK,predicted_class_of_audited_model,1.0,0.999708915449446,0.0,0.01891072878241539,-0.01891072878241539,0.007194704027530292,-0.033012348676374766,0.06354896882354812,-0.06354896882354812,0.31965166330337524,0.25768761194497347,0.061964044280350204,5,trapezoid_from_zero_normalized_by_max_fraction,True,correct,true_positive,high,high,binary
cicids2017_binary,44,1,ATTACK,rid_2d5bc408fd23885e456a3237a2ac9ecd,mlp,gradient_x_input,deletion,target_class_median,False,True,False,True,1,ATTACK,predicted_class_of_audited_model,0.0305627360939979,0.0302716515434439,-0.20305243633920328,-0.09035586819205957,-0.11269656814714368,0.017278733508393967,-0.14656288582359586,-0.04355274711677786,-0.1594996892224254,1.4525525569915771,0.9993067750930787,0.4532458534240723,5,trapezoid_from_zero_normalized_by_max_fraction,True,correct,true_positive,low,medium,binary
cicids2017_binary,44,1,ATTACK,rid_fc1f445c0bc6dd4ecfead7d3e81d2885,mlp,gradient_x_input,deletion,target_class_median,False,True,False,True,1,ATTACK,predicted_class_of_audited_model,1.0,0.999708915449446,0.0,0.009863169292992097,-0.009863169292992097,0.0058249375691687534,-0.021280046928562855,0.07175026797550385,-0.07175026797550385,0.4364059567451477,0.39641736818104983,0.039988588564097885,5,trapezoid_from_zero_normalized_by_max_fraction,True,correct,true_positive,high,high,binary
cicids2017_binary,44,1,ATTACK,rid_a57d40b38f9928b068d8ab9a16b272d1,mlp,gradient_x_input,deletion,target_class_median,False,True,False,True,1,ATTACK,predicted_class_of_audited_model,1.0,0.999708915449446,0.0,0.009955070534844708,-0.009955070534844708,0.005184826345956888,-0.02011733017292021,0.05753974933439901,-0.05753974933439901,0.3597002625465393,0.29797423207759854,0.0617260226458311,5,trapezoid_from_zero_normalized_by_max_fraction,True,correct,true_positive,high,high,binary
cicids2017_binary,44,0,BENIGN,rid_8fe581c4852bb79d8e79d4c870372f56,mlp,gradient_x_input,deletion,target_class_median,False,True,False,True,0,BENIGN,predicted_class_of_audited_model,0.9999999875761248,0.0002910721266786,3.072173717999505e-06,0.002845450796600897,-0.0028423786228828976,0.002690207999282514,-0.008115186301476625,0.0008494786555508145,-0.0008464064818328148,0.8740986585617065,0.7545956065654755,0.11950305199623106,5,trapezoid_from_zero_normalized_by_max_fraction,True,correct,true_negative,medium,medium,binary
cicids2017_binary,44,0,BENIGN,rid_b8daf95ad9fafc5acbc8ddd2dfef7434,mlp,gradient_x_input,deletion,target_class_median,False,True,False,True,0,BENIGN,predicted_class_of_audited_model,0.999998654434762,0.000289738985316,-7.013915507059209e-07,-3.1101929653232217e-07,-3.903722541735987e-07,3.599277495117735e-08,-4.609180930779063e-07,-3.069776225288479e-07,-3.944139281770731e-07,0.029792610555887222,0.0209052985238377,0.008887311286991464,5,trapezoid_from_zero_normalized_by_max_fraction,True,correct,true_negative,medium,low,binary
cicids2017_binary,44,0,BENIGN,rid_e1a1255f532f2ea71d66b0858c41f626,mlp,gradient_x_input,deletion,target_class_median,False,False,True,True,1,ATTACK,predicted_class_of_audited_model,0.0232660956680774,0.0229750111175234,0.012878717167768627,-0.2500452040775053,0.262923921245274,0.02413843105002323,0.21561259638722843,-0.2844267139187232,0.2973054310864918,0.36718979477882385,0.3197508981823921,0.047438881695270545,5,trapezoid_from_zero_normalized_by_max_fraction,False,error,false_positive,low,medium,binary
cicids2017_binary,44,0,BENIGN,rid_1942b4cba9f38cc94323827be82fbfad,mlp,gradient_x_input,deletion,target_class_median,False,True,False,True,0,BENIGN,predicted_class_of_audited_model,0.999999999999994,0.0002910845505479,1.9486949072222703e-05,4.2382590297525116e-05,-2.2895641225302413e-05,1.946235218932132e-05,-6.10418515163722e-05,4.332881583546688e-05,-2.3841866763244177e-05,1.3559590578079224,1.0523152861595153,0.3036437239646912,5,trapezoid_from_zero_normalized_by_max_fraction,True,correct,true_negative,medium,medium,binary
cicids2017_binary,44,0,BENIGN,rid_778c25a12e882214c56d0f0a963e2d7b,mlp,gradient_x_input,deletion,target_class_median,False,True,False,True,0,BENIGN,predicted_class_of_audited_model,0.999960211553116,0.0002512961036699,-3.603286315296827e-05,-1.302476661351193e-05,-2.300809653945634e-05,8.150259638228196e-07,-2.4605547428549068e-05,-1.3092196904835874e-05,-2.2940666248132402e-05,0.1632758229970932,0.06688126083649695,0.09639455918036402,5,trapezoid_from_zero_normalized_by_max_fraction,True,correct,true_negative,medium,low,binary
cicids2017_binary,44,0,BENIGN,rid_02cf42167a49f18c86ced9372b483304,mlp,gradient_x_input,deletion,target_class_median,False,False,True,True,1,ATTACK,predicted_class_of_audited_model,0.0005988314514979,0.000307746900944,-0.11891174928023249,-0.1408959884951219,0.021984239214889408,0.019290061035709582,-0.015824280415101373,-0.050799755160235154,-0.06811199411999733,1.3645217418670654,1.0664150599241258,0.29810655081272125,5,trapezoid_from_zero_normalized_by_max_fraction,False,error,false_positive,low,medium,binary
cicids2017_binary,44,1,ATTACK,rid_6c91823a71c3ee2c103e436f4d8761df,mlp,gradient_x_input,deletion,target_class_median,False,True,False,True,1,ATTACK,predicted_class_of_audited_model,1.0,0.999708915449446,0.0,0.01200823160543223,-0.01200823160543223,0.006694161805896243,-0.025128788744988865,0.02828403778152344,-0.02828403778152344,0.4184791147708893,0.38037491324543954,0.03810421866178511,5,trapezoid_from_zero_normalized_by_max_fraction,True,correct,true_positive,high,high,binary
cicids2017_binary,44,1,ATTACK,rid_deb4ad8feb40fc6e5f2b1b56ed74cb67,mlp,gradient_x_input,deletion,target_class_median,False,True,False,True,1,ATTACK,predicted_class_of_audited_model,1.0,0.999708915449446,0.0,0.0026369955539703367,-0.0026369955539703367,0.0023400062695632896,-0.007223407842314384,0.04854724018453396,-0.04854724018453396,0.3829570710659027,0.36936728842556477,0.01358978562057018,5,trapezoid_from_zero_normalized_by_max_fraction,True,correct,true_positive,high,high,binary
cicids2017_binary,44,1,ATTACK,rid_dac427001f980497c88975a48c512494,mlp,gradient_x_input,deletion,target_class_median,False,True,False,True,1,ATTACK,predicted_class_of_audited_model,1.0,0.999708915449446,4.409551620483398e-05,0.058791396485525185,-0.05874730096932035,0.014805457042526499,-0.08776599677267229,0.1491882740517394,-0.14914417853553458,0.2159278392791748,0.22534485261887313,-0.00941699173301458,5,trapezoid_from_zero_normalized_by_max_fraction,True,correct,true_positive,high,high,binary
cicids2017_binary,44,1,ATTACK,rid_78b003c13c8bdf2cc313eca564e2b36e,mlp,gradient_x_input,deletion,target_class_median,False,True,False,True,1,ATTACK,predicted_class_of_audited_model,1.0,0.999708915449446,4.76837158203125e-08,0.020599942372849907,-0.020599894689134087,0.008050867230014348,-0.03637959445996221,0.12022111117166503,-0.12022106348794923,0.2597239911556244,0.2500741808265448,0.009649821504950518,5,trapezoid_from_zero_normalized_by_max_fraction,True,correct,true_positive,high,high,binary
cicids2017_binary,44,0,BENIGN,rid_a8af8a5d686a7ec31526eb3aed88b0fe,mlp,gradient_x_input,deletion,target_class_median,False,False,True,True,1,ATTACK,predicted_class_of_audited_model,0.0051994803361594,0.0049083957856055,-0.11642241559165996,-0.17183077603139646,0.055408360439736494,0.020833183561593912,0.01457532065901243,-0.2744310620412652,0.15800864644960527,0.255374014377594,0.2118798789829016,0.0434941264539957,5,trapezoid_from_zero_normalized_by_max_fraction,False,error,false_positive,low,medium,binary
cicids2017_binary,44,1,ATTACK,rid_43d5afb83ec4ff10a6451c55f2fd0ad5,mlp,gradient_x_input,deletion,target_class_median,False,True,False,True,1,ATTACK,predicted_class_of_audited_model,1.0,0.999708915449446,0.0,0.006439193647820503,-0.006439193647820503,0.004258534397574153,-0.014785921067065843,0.07536771200053094,-0.07536771200053094,0.2986654043197632,0.32070359641313556,-0.02203818017244339,5,trapezoid_from_zero_normalized_by_max_fraction,True,correct,true_positive,high,high,binary
cicids2017_binary,44,1,ATTACK,rid_80d2895bbb9863bb1405bf5ef993622a,mlp,gradient_x_input,deletion,target_class_median,False,True,False,True,1,ATTACK,predicted_class_of_audited_model,1.0,0.999708915449446,4.1127204895019533e-07,0.029989873334384357,-0.02998946206233541,0.01150584750160424,-0.052540923165479717,0.11287658713373344,-0.1128761758616845,0.2452441155910492,0.2601076680123806,-0.014863555401563654,5,trapezoid_from_zero_normalized_by_max_fraction,True,correct,true_positive,high,high,binary
cicids2017_binary,44,0,BENIGN,rid_b3738471a2eaff8f9645a3b698e8a185,mlp,gradient_x_input,deletion,target_class_median,False,True,False,True,0,BENIGN,predicted_class_of_audited_model,0.9999999971567884,0.0002910817073422,-2.3411176330867534e-09,4.818606393242053e-08,-5.0527181565507275e-08,1.5843003243034233e-08,-8.157946792185438e-08,7.301788430646994e-08,-7.53590019395567e-08,0.48888564109802246,0.3129282410144806,0.17595736432075498,5,trapezoid_from_zero_normalized_by_max_fraction,True,correct,true_negative,medium,medium,binary
cicids2017_binary,44,1,ATTACK,rid_c92c5916c6e4f274f515ea4066982d45,mlp,gradient_x_input,deletion,target_class_median,False,True,False,True,1,ATTACK,predicted_class_of_audited_model,1.0,0.999708915449446,0.0,0.009436676427721976,-0.009436676427721976,0.006596476308373446,-0.02236576999213393,0.0646721815478885,-0.0646721815478885,0.3692075312137604,0.34992069188505404,0.019286806546151652,5,trapezoid_from_zero_normalized_by_max_fraction,True,correct,true_positive,high,high,binary
cicids2017_binary,44,1,ATTACK,rid_40de4b68c679e9dfd08039227b462c71,mlp,gradient_x_input,deletion,target_class_median,False,True,False,True,1,ATTACK,predicted_class_of_audited_model,1.0,0.999708915449446,0.0,0.030998270686712473,-0.030998270686712473,0.010300717606912063,-0.05118767719626012,0.06767271196908663,-0.06767271196908663,0.3701554238796234,0.34944655294716365,0.020708855286240564,5,trapezoid_from_zero_normalized_by_max_fraction,True,correct,true_positive,high,high,binary
cicids2017_binary,44,0,BENIGN,rid_4d7c552441703862cf3577402b80500e,mlp,gradient_x_input,deletion,target_class_median,False,False,True,True,1,ATTACK,predicted_class_of_audited_model,0.0060970713384449,0.005805986787891,-0.08336134131532164,-0.27863980861441084,0.19527846729908926,0.025261227056760076,0.1457664622678395,-0.27628710469682394,0.19292576338150227,0.5422097444534302,0.3904195868968964,0.15179020524024964,5,trapezoid_from_zero_normalized_by_max_fraction,False,error,false_positive,low,medium,binary
cicids2017_binary,44,1,ATTACK,rid_0b8b08fd4970e97270b5bf0241e5c27d,mlp,gradient_x_input,deletion,target_class_median,False,True,False,True,1,ATTACK,predicted_class_of_audited_model,1.0,0.999708915449446,4.76837158203125e-08,0.019403625338080377,-0.01940357765436456,0.008295474336311707,-0.03566270735353551,0.05742722677123273,-0.057427179087516905,0.26595020294189453,0.2349411156475544,0.031009080216288565,5,trapezoid_from_zero_normalized_by_max_fraction,True,correct,true_positive,high,high,binary
cicids2017_binary,44,1,ATTACK,rid_acbf8b93615aa0ebc61e1e3fff2c08de,mlp,gradient_x_input,deletion,target_class_median,False,True,False,True,1,ATTACK,predicted_class_of_audited_model,0.982292413711548,0.982001329160994,-0.01642455756664276,0.15824474514275788,-0.17466930270940065,0.0219068126967921,-0.21760665559511316,0.13172539452835919,-0.14814995209500195,0.05821540951728821,0.047354125978422416,0.01086128577403997,5,trapezoid_from_zero_normalized_by_max_fraction,True,correct,true_positive,medium,high,binary
cicids2017_binary,44,1,ATTACK,rid_e1cbbd4a0ed8182417c93ace19d64934,mlp,gradient_x_input,deletion,target_class_median,False,True,False,True,1,ATTACK,predicted_class_of_audited_model,1.0,0.999708915449446,0.0,1.2028217315673828e-06,-1.2028217315673828e-06,1.0201362520867713e-06,-3.2022887856574544e-06,0.04434451365698062,-0.04434451365698062,0.41019147634506226,0.37850325968861587,0.03168822485208509,5,trapezoid_from_zero_normalized_by_max_fraction,True,correct,true_positive,high,high,binary
cicids2017_binary,44,0,BENIGN,rid_61c1752f2770ab0999135d3da5a54722,mlp,gradient_x_input,deletion,target_class_median,False,False,True,True,1,ATTACK,predicted_class_of_audited_model,0.0002996151451952,8.530594641299987e-06,-0.10447923062383781,-0.11389303838633769,0.009413807762499893,0.01751036577595059,-0.02490650915836326,-0.10785549306548284,0.003376262441645038,1.0969575643539429,0.5297886304259299,0.5671688981652261,5,trapezoid_from_zero_normalized_by_max_fraction,False,error,false_positive,low,low,binary
cicids2017_binary,44,0,BENIGN,rid_f7c0a2da09c3a98f81a337ab91f0d35e,mlp,gradient_x_input,deletion,target_class_median,False,True,False,True,0,BENIGN,predicted_class_of_audited_model,0.9999964758819716,0.0002875604325253,6.752222631793981e-05,0.014445421205443343,-0.014377898979125402,0.003324356434733932,-0.02089363759120391,0.010870323453568085,-0.010802801227250147,1.0869495868682861,0.9011218848228454,0.18582774972915647,5,trapezoid_from_zero_normalized_by_max_fraction,True,correct,true_negative,medium,low,binary
cicids2017_binary,44,0,BENIGN,rid_db23bfbbb57f0742ce3c6b906dee30e0,mlp,gradient_x_input,deletion,target_class_median,False,True,False,True,0,BENIGN,predicted_class_of_audited_model,0.9999984954193906,0.0002895799699444,4.474491456818441e-06,0.006053854136227826,-0.006049379644771008,0.0026658972963273173,-0.01127453834557255,0.009444902535177494,-0.009440428043720677,0.5808852910995483,0.4637304859161377,0.1171548409461975,5,trapezoid_from_zero_normalized_by_max_fraction,True,correct,true_negative,medium,low,binary
cicids2017_binary,44,0,BENIGN,rid_33c6d7a550b2688addab1d5ff7a23e12,mlp,gradient_x_input,deletion,target_class_median,False,True,False,True,0,BENIGN,predicted_class_of_audited_model,0.9999983313407484,0.0002894158913022,0.00020229883841675904,8.838273637202654e-05,0.00011391610204473246,5.426470234524553e-05,7.557285448051219e-06,0.0002885393688455202,-8.62405304287612e-05,1.020686149597168,0.8112555656433106,0.20943051838874815,5,trapezoid_from_zero_normalized_by_max_fraction,True,correct,true_negative,medium,low,binary
cicids2017_binary,44,0,BENIGN,rid_dc4241549bc2dc41a6b5876e8b363380,mlp,gradient_x_input,deletion,target_class_median,False,False,True,True,1,ATTACK,predicted_class_of_audited_model,0.0006816462846472,0.0003905617340932,-0.5696151856158395,-0.2199378061881871,-0.34967737942765226,0.022014107799198386,-0.3928250307140811,-0.21053991779815986,-0.35907526781767957,0.28211018443107605,0.16654707059264182,0.11556310787796975,5,trapezoid_from_zero_normalized_by_max_fraction,False,error,false_positive,low,medium,binary
cicids2017_binary,44,0,BENIGN,rid_2664981abd77bf2824e7d96ee15749cb,mlp,gradient_x_input,deletion,target_class_median,False,False,True,True,1,ATTACK,predicted_class_of_audited_model,0.0053435596637427,0.0050524751131888,-0.11871647432271858,-0.18249039753920715,0.06377392321648857,0.022345336567068597,0.019977063545034125,-0.27891873253675115,0.16020225821403256,0.25391271710395813,0.21369821171462539,0.0402144845277071,5,trapezoid_from_zero_normalized_by_max_fraction,False,error,false_positive,low,medium,binary
cicids2017_binary,44,1,ATTACK,rid_a61a34f331ad0ebf5f6fad1eb56a438c,mlp,gradient_x_input,deletion,target_class_median,False,True,False,True,1,ATTACK,predicted_class_of_audited_model,1.0,0.999708915449446,1.981854438781738e-05,0.16840568988256288,-0.1683858713381751,0.023304873701916723,-0.21406342379393187,0.1538162673713609,-0.15379644882697308,0.38763460516929626,0.37849252547323703,0.00914209757745266,5,trapezoid_from_zero_normalized_by_max_fraction,True,correct,true_positive,high,high,binary
cicids2017_binary,44,0,BENIGN,rid_04571e92bbc967d28b7d3b8562d7589b,mlp,gradient_x_input,deletion,target_class_median,False,False,True,True,1,ATTACK,predicted_class_of_audited_model,0.0004665509040933,0.0001754663535394,-0.38189551522227705,-0.2391226923912254,-0.1427728228310516,0.02436572182261706,-0.19052963760338104,-0.14022807069251575,-0.24166744452976127,0.36095499992370605,0.28765876254439354,0.07329625228047372,5,trapezoid_from_zero_normalized_by_max_fraction,False,error,false_positive,low,low,binary
cicids2017_binary,44,1,ATTACK,rid_7eea0881a850fed6d6ee4de04fbf4431,mlp,gradient_x_input,deletion,target_class_median,False,True,False,True,1,ATTACK,predicted_class_of_audited_model,1.0,0.999708915449446,0.0,0.0004864212274551391,-0.0004864212274551391,0.0004863194745806943,-0.0014396073976333,0.07451587490935158,-0.07451587490935158,0.31850138306617737,0.31358785478770734,0.004913514867424968,5,trapezoid_from_zero_normalized_by_max_fraction,True,correct,true_positive,high,high,binary
cicids2017_binary,44,0,BENIGN,rid_3c0515f2a7833a7f4d1aaba711587eea,mlp,gradient_x_input,deletion,target_class_median,False,False,True,True,1,ATTACK,predicted_class_of_audited_model,0.00032306756475,3.198301419609999e-05,-0.5202255705386051,-0.21468475762211786,-0.3055408129164872,0.01789144125363964,-0.3406080377736209,-0.04516824189212639,-0.4750573286464787,1.8649390935897827,1.574159717321396,0.2907792809009552,5,trapezoid_from_zero_normalized_by_max_fraction,False,error,false_positive,low,low,binary
cicids2017_binary,44,0,BENIGN,rid_66e107f4b57fae70a5cabd2ec7a0f45a,mlp,gradient_x_input,deletion,target_class_median,False,False,True,True,1,ATTACK,predicted_class_of_audited_model,0.0003728656156454,8.178106509150002e-05,-0.1463034103056998,-0.2697272265166102,0.1234238162109104,0.024404239983221408,0.07559150584379645,-0.19208488680481242,0.04578147649911263,0.503251314163208,0.3595495643615723,0.14370175576210023,5,trapezoid_from_zero_normalized_by_max_fraction,False,error,false_positive,low,low,binary
cicids2017_binary,44,0,BENIGN,rid_3901d4fa6cb9b5601d7e301cc99a424e,mlp,gradient_x_input,deletion,target_class_median,False,True,False,True,0,BENIGN,predicted_class_of_audited_model,0.9999870754327276,0.0002781599832814,0.0012785648824267914,0.00021317695728717656,0.0010653879251396148,9.340920227611162e-05,0.000882305888678436,0.0006569982784197758,0.0006215666040070157,1.2210071086883545,0.9517976927757263,0.26920942783355717,5,trapezoid_from_zero_normalized_by_max_fraction,True,correct,true_negative,medium,low,binary
cicids2017_binary,44,0,BENIGN,rid_805e075631af31af30851838c2829780,mlp,gradient_x_input,deletion,target_class_median,False,False,True,True,1,ATTACK,predicted_class_of_audited_model,0.0035140302497893,0.0032229456992354,-0.48335408024140636,-0.20454746553007694,-0.2788066147113294,0.022558999318951528,-0.3230222533764744,-0.027118195048643212,-0.45623588519276315,1.7044999599456787,1.2508579639196395,0.45364197218418123,5,trapezoid_from_zero_normalized_by_max_fraction,False,error,false_positive,low,medium,binary
cicids2017_binary,44,0,BENIGN,rid_c8d2fd48e9082380a9e73d8f31ac2fb2,mlp,gradient_x_input,deletion,target_class_median,False,False,True,True,1,ATTACK,predicted_class_of_audited_model,0.0055050137452781,0.0052139291947242,-0.5196351188002154,-0.19263756744144123,-0.3269975513587742,0.022671659641788876,-0.3714340042566804,-0.21069651270942813,-0.3089386060907873,0.5105277299880981,0.3461309030056,0.16439686274528503,5,trapezoid_from_zero_normalized_by_max_fraction,False,error,false_positive,low,medium,binary
cicids2017_binary,44,0,BENIGN,rid_506b35e452663e3321212c449da0c1a1,mlp,gradient_x_input,deletion,target_class_median,False,True,False,True,0,BENIGN,predicted_class_of_audited_model,0.9999988101995996,0.0002898947501534,-8.539206010294008e-07,4.3158861797059075e-06,-5.169806780735309e-06,6.811287546018849e-07,-6.504819139755003e-06,2.999804088006153e-06,-3.8537246890355535e-06,0.3042803406715393,0.11283014979586006,0.19145017001405357,5,trapezoid_from_zero_normalized_by_max_fraction,True,correct,true_negative,medium,low,binary
cicids2017_binary,44,0,BENIGN,rid_03c1fef695eba7c94c9eb14e87aabe8a,mlp,gradient_x_input,deletion,target_class_median,False,False,True,True,1,ATTACK,predicted_class_of_audited_model,0.0056022871285676,0.0053112025780137,0.0019780024143983607,-0.04166006365268549,0.043638066067083855,0.007158191523162895,0.02960801068168458,-0.056230610844853805,0.05820861325925217,0.3504076600074768,0.21072873041033743,0.1396789325773716,5,trapezoid_from_zero_normalized_by_max_fraction,False,error,false_positive,low,medium,binary
cicids2017_binary,44,1,ATTACK,rid_a63449df7a66dba5323eb47b344aec83,mlp,gradient_x_input,deletion,target_class_median,False,True,False,True,1,ATTACK,predicted_class_of_audited_model,1.0,0.999708915449446,5.960464477539063e-08,0.025790940230610432,-0.025790880625965656,0.009992094704025857,-0.04537538624585634,0.10204588852732907,-0.1020458289226843,0.27902498841285706,0.2762532407715917,0.0027717327401041852,5,trapezoid_from_zero_normalized_by_max_fraction,True,correct,true_positive,high,high,binary
cicids2017_binary,44,0,BENIGN,rid_9766ad0fc84b22e12fc3d900dbfea79c,mlp,gradient_x_input,deletion,target_class_median,False,True,False,True,0,BENIGN,predicted_class_of_audited_model,0.9999999994521136,0.0002910840026673,0.0062312414723453445,0.0002461703305202904,0.005985071141825054,0.00014062242487593643,0.0057094511890682185,0.0058156826208318425,0.00041555885151350284,1.2151449918746948,1.0011956148147583,0.21394926977157597,5,trapezoid_from_zero_normalized_by_max_fraction,True,correct,true_negative,medium,medium,binary
cicids2017_binary,44,0,BENIGN,rid_ff3a685a29af6eb6ff89b3fa1d58682c,mlp,gradient_x_input,deletion,target_class_median,False,False,True,True,1,ATTACK,predicted_class_of_audited_model,0.0006267685675993,0.0003356840170454,-0.19966879548064753,-0.3142162665182623,0.11454747103761476,0.028510402962395348,0.058667081231319876,-0.16042951168631842,-0.03923928379432909,8.600321769714355,3.808128035068512,4.792195022106171,5,trapezoid_from_zero_normalized_by_max_fraction,False,error,false_positive,low,medium,binary
cicids2017_binary,44,0,BENIGN,rid_881943a4e2ba9628edeb11a436511150,mlp,gradient_x_input,deletion,target_class_median,False,False,True,True,1,ATTACK,predicted_class_of_audited_model,0.0050212540663778,0.0047301695158239,-0.059252855638624174,-0.12812418576047913,0.06887133012185495,0.01744983720665782,0.034669649196805624,-0.2574629764288838,0.19821012079025968,0.2876130938529968,0.23688263686001304,0.05073044805228709,5,trapezoid_from_zero_normalized_by_max_fraction,False,error,false_positive,low,medium,binary
cicids2017_binary,44,1,ATTACK,rid_efaf4d8fed5eeff85d1e38de1a9f2295,mlp,gradient_x_input,deletion,target_class_median,False,True,False,True,1,ATTACK,predicted_class_of_audited_model,1.0,0.999708915449446,0.0,0.0040059589114971456,-0.0040059589114971456,0.003998813299499805,-0.011843632978516762,0.07774812419040188,-0.07774812419040188,0.3364185690879822,0.3278629511445761,0.008555642530322071,5,trapezoid_from_zero_normalized_by_max_fraction,True,correct,true_positive,high,high,binary
cicids2017_binary,44,1,ATTACK,rid_18115faed31276c793dba319c954cab3,mlp,gradient_x_input,deletion,target_class_median,False,True,False,True,1,ATTACK,predicted_class_of_audited_model,1.0,0.999708915449446,0.0,0.015180317427031695,-0.015180317427031695,0.006794287258167248,-0.028497120453039503,0.055945331339474026,-0.055945331339474026,0.3426828384399414,0.3218756920397282,0.02080716279149055,5,trapezoid_from_zero_normalized_by_max_fraction,True,correct,true_positive,high,high,binary
cicids2017_binary,44,0,BENIGN,rid_d069dccf8aa1cdeb221511e98afa16ff,mlp,gradient_x_input,deletion,target_class_median,False,True,False,True,0,BENIGN,predicted_class_of_audited_model,0.9999988666803574,0.0002899512309113,-6.385798698715917e-07,-1.7891149639126525e-07,-4.596683734803264e-07,2.8289520439272477e-08,-5.151158335413004e-07,-2.279984061601681e-07,-4.1058146371142353e-07,0.01766951009631157,0.013268623098731041,0.004400887742638588,5,trapezoid_from_zero_normalized_by_max_fraction,True,correct,true_negative,medium,low,binary
cicids2017_binary,44,0,BENIGN,rid_907b952015e4b86327e97a286d948604,mlp,gradient_x_input,deletion,target_class_median,False,False,True,True,1,ATTACK,predicted_class_of_audited_model,0.0004101309168618,0.0001190463663079,-0.851973070965323,-0.0877898057251373,-0.7641832652401859,0.013552626357774586,-0.7907464129014241,-0.10406270477585557,-0.7479103661894676,1.0531418323516846,0.8548517489433287,0.19829003572463985,5,trapezoid_from_zero_normalized_by_max_fraction,False,error,false_positive,low,low,binary
cicids2017_binary,44,0,BENIGN,rid_b788bd1474feaa6619f1f4a89df10aca,mlp,gradient_x_input,deletion,target_class_median,False,True,False,True,0,BENIGN,predicted_class_of_audited_model,0.9999999258489892,0.0002910103995432,5.628503032539811e-08,3.958075468091237e-08,1.6704275644485737e-08,8.779093742127947e-09,-5.02748090085038e-10,5.8204039449449855e-08,-1.919009124051739e-09,0.017620977014303207,0.02260210399213247,-0.004981127536622808,5,trapezoid_from_zero_normalized_by_max_fraction,True,correct,true_negative,medium,medium,binary
cicids2017_binary,44,0,BENIGN,rid_61a7ed70a1d938e6ada746e80daf623c,mlp,gradient_x_input,deletion,target_class_median,False,True,False,True,0,BENIGN,predicted_class_of_audited_model,0.9999999999999898,0.0002910845505436,0.00020976378201227331,0.00026522689944304855,-5.546311743077529e-05,0.0001534910404569882,-0.0003563055567264721,8.529210161230872e-06,0.00020123457185104244,1.3044966459274292,1.0675784471035004,0.23691823458671574,5,trapezoid_from_zero_normalized_by_max_fraction,True,correct,true_negative,medium,medium,binary
cicids2017_binary,44,0,BENIGN,rid_f7bad2aabb1c4825815a37d7929d5ba9,mlp,gradient_x_input,deletion,target_class_median,False,False,True,True,1,ATTACK,predicted_class_of_audited_model,0.0009166751406155,0.0006255905900615,-0.4493851516250288,-0.23233553331001894,-0.21704961831500985,0.022948459521538307,-0.2620285989772249,-0.1956152069880627,-0.2537699446369661,0.4037100374698639,0.20989511044323442,0.19381490914523603,5,trapezoid_from_zero_normalized_by_max_fraction,False,error,false_positive,low,medium,binary
cicids2017_binary,44,0,BENIGN,rid_eb008002591031be87777396dcdd0f50,mlp,gradient_x_input,deletion,target_class_median,False,False,True,True,1,ATTACK,predicted_class_of_audited_model,0.0026795829180628,0.0023884983675089,-0.19864285315998134,-0.1273315009032006,-0.07131135225678073,0.01753445205189428,-0.10567887827849351,-0.12315623380968452,-0.07548661935029678,0.9520965814590454,0.8699447227716446,0.08215179908275602,5,trapezoid_from_zero_normalized_by_max_fraction,False,error,false_positive,low,medium,binary
cicids2017_binary,44,1,ATTACK,rid_f61cf284aae9f5d1c7ce63f5906423b1,mlp,gradient_x_input,deletion,target_class_median,False,True,False,True,1,ATTACK,predicted_class_of_audited_model,1.0,0.999708915449446,0.0,0.004028584197862074,-0.004028584197862074,0.003996895355593793,-0.011862499094825908,0.05523775747937283,-0.05523775747937283,0.3908303380012512,0.353577560685575,0.03725275570899249,5,trapezoid_from_zero_normalized_by_max_fraction,True,correct,true_positive,high,high,binary
cicids2017_binary,44,1,ATTACK,rid_e06fb0e5c7f248a1ecac6178b99ed7e5,mlp,gradient_x_input,deletion,target_class_median,False,True,False,True,1,ATTACK,predicted_class_of_audited_model,1.0,0.999708915449446,0.0,0.008769723888719454,-0.008769723888719454,0.005414676860963509,-0.01938249053620793,0.061952296452837265,-0.061952296452837265,0.3018389344215393,0.29979174060374497,0.0020471871122717923,5,trapezoid_from_zero_normalized_by_max_fraction,True,correct,true_positive,high,high,binary
cicids2017_binary,44,1,ATTACK,rid_fff9b3740593b91c491829aa9f4d9789,mlp,gradient_x_input,deletion,target_class_median,False,True,False,True,1,ATTACK,predicted_class_of_audited_model,1.0,0.999708915449446,0.0,0.00422579878972465,-0.00422579878972465,0.004001326644187178,-0.012068399012331518,0.07187666737087642,-0.07187666737087642,0.34575575590133667,0.3542910137921572,-0.008535256400704383,5,trapezoid_from_zero_normalized_by_max_fraction,True,correct,true_positive,high,high,binary
cicids2017_binary,44,1,ATTACK,rid_ad8e09c16cfcfdad02be017afa043980,mlp,gradient_x_input,deletion,target_class_median,False,True,False,True,1,ATTACK,predicted_class_of_audited_model,1.0,0.999708915449446,0.0,0.010445583638036625,-0.010445583638036625,0.005979766179704737,-0.02216592535025791,0.04336495121066574,-0.04336495121066574,0.3878929018974304,0.3525672069787979,0.03532569938898088,5,trapezoid_from_zero_normalized_by_max_fraction,True,correct,true_positive,high,high,binary
cicids2017_binary,44,0,BENIGN,rid_f30bcb4497f886204ee66c168adce3aa,mlp,gradient_x_input,deletion,target_class_median,False,False,True,True,1,ATTACK,predicted_class_of_audited_model,0.0045217359438538,0.0042306513932999,-0.30302804567618297,-0.1818936308173279,-0.12113441485885505,0.022200926477518132,-0.1646482307547906,-0.19180723750674317,-0.1112208081694398,0.5374010801315308,0.3621238683462143,0.1752772237062454,5,trapezoid_from_zero_normalized_by_max_fraction,False,error,false_positive,low,medium,binary
cicids2017_binary,44,1,ATTACK,rid_b426f0d9ea4c6521bcfcfbc93030e80d,mlp,gradient_x_input,deletion,target_class_median,False,True,False,True,1,ATTACK,predicted_class_of_audited_model,1.0,0.999708915449446,0.0,0.010267385617247783,-0.010267385617247783,0.00583401088527925,-0.02170204695239511,0.050018831039728304,-0.050018831039728304,0.2128206044435501,0.21845191862434152,-0.005631315670907493,5,trapezoid_from_zero_normalized_by_max_fraction,True,correct,true_positive,high,high,binary
cicids2017_binary,44,0,BENIGN,rid_170ffc8628be7e6f60ea0272b9804aae,mlp,gradient_x_input,deletion,target_class_median,False,False,True,True,1,ATTACK,predicted_class_of_audited_model,0.0053130439482629,0.005021959397709,-0.11792560995090753,-0.18456482408481134,0.0666392141339038,0.021592277832242088,0.024318349582709314,-0.22927015253356603,0.1113445425826585,0.2544497847557068,0.21927075201272964,0.03517904764413834,5,trapezoid_from_zero_normalized_by_max_fraction,False,error,false_positive,low,medium,binary
cicids2017_binary,44,0,BENIGN,rid_b596a4d6697f476f77adc5470e3dfd58,mlp,gradient_x_input,deletion,target_class_median,False,True,False,True,0,BENIGN,predicted_class_of_audited_model,0.999962125744787,0.0002532102953409,0.07141445324739265,0.023723526604780273,0.047690926642612375,0.006960723035339754,0.034047909493346455,0.01623801170930397,0.0551764415380887,0.9368554949760437,0.44376614543795584,0.49308943298459057,5,trapezoid_from_zero_normalized_by_max_fraction,True,correct,true_negative,medium,low,binary
cicids2017_binary,44,1,ATTACK,rid_34af9ebc1be3f0d72a225c815e7b6fc6,mlp,gradient_x_input,deletion,target_class_median,False,True,False,True,1,ATTACK,predicted_class_of_audited_model,1.0,0.999708915449446,9.763240814208985e-06,0.020159507142205258,-0.02014974390139105,0.008289686937091902,-0.036397530298091174,0.15232968647442935,-0.15231992323361512,0.22548401355743408,0.20292036426812415,0.02256364742666482,5,trapezoid_from_zero_normalized_by_max_fraction,True,correct,true_positive,high,high,binary
cicids2017_binary,44,0,BENIGN,rid_7e5515e2ee67622e8f17f21722db479f,mlp,gradient_x_input,deletion,target_class_median,False,False,True,True,1,ATTACK,predicted_class_of_audited_model,0.0003594380395952,6.835348904130002e-05,-0.22481974803522461,-0.08478786021963344,-0.14003188781559117,0.014226842333030459,-0.16791649878833087,-0.017398251192628923,-0.20742149684259567,0.9101978540420532,0.6650962799191475,0.24510153239965438,5,trapezoid_from_zero_normalized_by_max_fraction,False,error,false_positive,low,low,binary
cicids2017_binary,44,0,BENIGN,rid_bb8f760bc0b4d6b42c6731d2566df8d5,mlp,gradient_x_input,deletion,target_class_median,False,True,False,True,0,BENIGN,predicted_class_of_audited_model,0.9999645983007212,0.0002556828512751,1.913288723471851e-05,0.0050281749249837865,-0.005009042037749068,0.0017662364389844695,-0.008470865458158628,0.004933541041660437,-0.004914408154425719,0.5710142850875854,0.39290515559911726,0.1781090996861458,5,trapezoid_from_zero_normalized_by_max_fraction,True,correct,true_negative,medium,low,binary
cicids2017_binary,44,0,BENIGN,rid_72bbf7e8fae09e4dc284d0d6a53d152c,mlp,gradient_x_input,deletion,target_class_median,False,False,True,True,1,ATTACK,predicted_class_of_audited_model,0.0003041451855096,1.3060634955700012e-05,-0.07679652763908962,-0.056998006650051836,-0.019798520989037786,0.011104110522819313,-0.04156257761376364,-0.01999356952545446,-0.05680295811363515,0.903699517250061,0.7200048376917839,0.18369473916292192,5,trapezoid_from_zero_normalized_by_max_fraction,False,error,false_positive,low,low,binary
cicids2017_binary,44,0,BENIGN,rid_9295c392b3c3c9047ab4b85ce4a34ed5,mlp,gradient_x_input,deletion,target_class_median,False,False,True,True,1,ATTACK,predicted_class_of_audited_model,0.0003612527216318,7.016817107790001e-05,-0.7555339515689411,-0.09875205678290344,-0.6567818947860378,0.012530710487638106,-0.6813420873418085,-0.040637032342562406,-0.7148969192263785,0.9510418772697449,0.6928396562337875,0.2582022448778153,5,trapezoid_from_zero_normalized_by_max_fraction,False,error,false_positive,low,low,binary
cicids2017_binary,44,0,BENIGN,rid_972f2177f17c9795c505e1c5cc6753b1,mlp,gradient_x_input,deletion,target_class_median,False,True,False,True,0,BENIGN,predicted_class_of_audited_model,0.9999996806174352,0.000290765167989,-7.515027391491458e-08,-1.187088594889474e-08,-6.327938796601984e-08,1.0827911941430396e-08,-8.450209537122341e-08,-9.045916584682332e-10,-7.424568225644634e-08,0.06849703192710876,0.03376159305125475,0.0347354373857379,5,trapezoid_from_zero_normalized_by_max_fraction,True,correct,true_negative,medium,low,binary
cicids2017_binary,44,0,BENIGN,rid_ed4b93d8fed592093d593e0f55b5cbcc,mlp,gradient_x_input,deletion,target_class_median,False,True,False,True,0,BENIGN,predicted_class_of_audited_model,0.999999988560658,0.0002910731112119,0.0002631562864235271,0.024669020940819242,-0.02440586465439571,0.004983782027276662,-0.03417407742785797,0.013024879915930525,-0.012761723629507,7.806438446044922,5.414604825973511,2.3918334770202643,5,trapezoid_from_zero_normalized_by_max_fraction,True,correct,true_negative,medium,medium,binary
cicids2017_binary,44,0,BENIGN,rid_44650f8686ab9c9f5a6c4a9eadd4c512,mlp,gradient_x_input,deletion,target_class_median,False,True,False,True,0,BENIGN,predicted_class_of_audited_model,0.9999998026902688,0.0002908872408226,1.0926475354278155e-06,0.00032200117518608237,-0.00032090852765065457,0.00011967576653058756,-0.0005554730300506062,0.002072997265800793,-0.002071904618265365,5.327331066131592,5.161297885894776,0.1660331802368164,5,trapezoid_from_zero_normalized_by_max_fraction,True,correct,true_negative,medium,medium,binary
cicids2017_binary,44,0,BENIGN,rid_7d7141444a672f40efe70a44ed8bd181,mlp,gradient_x_input,deletion,target_class_median,False,True,False,True,0,BENIGN,predicted_class_of_audited_model,0.9999997240156516,0.0002908085662056,-1.2093117689460085e-07,5.577693168135056e-08,-1.7670810857595145e-07,1.4212882592597232e-08,-2.0456535845744203e-07,3.82893579597976e-08,-1.5922053485439848e-07,0.014967462047934532,0.015961627480108292,-0.000994165432173759,5,trapezoid_from_zero_normalized_by_max_fraction,True,correct,true_negative,medium,medium,binary
cicids2017_binary,44,0,BENIGN,rid_d727cdde2679ba9d8e797de88658c4da,mlp,gradient_x_input,deletion,target_class_median,False,True,False,True,0,BENIGN,predicted_class_of_audited_model,0.9999743478310849,0.0002654323816386,-2.3770505171683e-05,-1.111209269521396e-05,-1.2658412476469038e-05,5.177250674278073e-07,-1.3673153608627541e-05,-9.671043049536366e-06,-1.4099462122146632e-05,0.14195962250232697,0.05011743945954368,0.0918421830427833,5,trapezoid_from_zero_normalized_by_max_fraction,True,correct,true_negative,medium,low,binary
cicids2017_binary,44,0,BENIGN,rid_d1fff24daedc1f0c3e1df57737f27504,mlp,gradient_x_input,deletion,target_class_median,False,True,False,True,0,BENIGN,predicted_class_of_audited_model,0.999962864076224,0.0002539486267778,-3.373848710168658e-05,-1.4026656762553104e-05,-1.9711830339133485e-05,7.694839945562933e-07,-2.122001896846382e-05,-1.2515925837760733e-05,-2.1222561263925853e-05,0.16948086023330688,0.07327697908505797,0.09620387816801668,5,trapezoid_from_zero_normalized_by_max_fraction,True,correct,true_negative,medium,low,binary
cicids2017_binary,44,0,BENIGN,rid_a13927c0e99c219d60cd2ca4b9de9016,mlp,gradient_x_input,deletion,target_class_median,False,False,True,True,1,ATTACK,predicted_class_of_audited_model,0.0025418675504624,0.0022507829999085,-0.6740589009132236,-0.18259413753077386,-0.4914647633824497,0.019329079601626987,-0.5293497594016386,-0.28212844250584024,-0.3919304584073834,0.01035278756171465,0.013451089968206358,-0.003098302033962682,5,trapezoid_from_zero_normalized_by_max_fraction,False,error,false_positive,low,medium,binary
cicids2017_binary,44,0,BENIGN,rid_81c5ba85afcd330cc40f8ff5de642006,mlp,gradient_x_input,deletion,target_class_median,False,False,True,True,1,ATTACK,predicted_class_of_audited_model,0.0031592021696269,0.002868117619073,-0.8369074002141133,-0.20353094959585,-0.6333764506182633,0.02378303412245822,-0.6799911974982814,-0.3173663179427385,-0.5195410822713747,0.016673680394887924,0.014684559293978966,0.001989121287173475,5,trapezoid_from_zero_normalized_by_max_fraction,False,error,false_positive,low,medium,binary
cicids2017_binary,44,0,BENIGN,rid_5786aa42231a528d3d0872ad3d811003,mlp,gradient_x_input,deletion,target_class_median,False,True,False,True,0,BENIGN,predicted_class_of_audited_model,0.9999566941005468,0.0002477786511007,-3.997438993081914e-05,-1.8561999683925024e-05,-2.1412390246894123e-05,1.0340928738168507e-06,-2.343921227957515e-05,-1.4007791726072584e-05,-2.5966598204746563e-05,0.1866467297077179,0.08137137389555574,0.10527533793076874,5,trapezoid_from_zero_normalized_by_max_fraction,True,correct,true_negative,medium,low,binary
cicids2017_binary,44,0,BENIGN,rid_cc3b89dc96d9de70ffb083317b73b64a,mlp,gradient_x_input,deletion,target_class_median,False,True,False,True,0,BENIGN,predicted_class_of_audited_model,0.9999684835711378,0.0002595681216916,-2.8767572223387107e-05,-1.2914222189635894e-05,-1.5853350033751213e-05,6.185672337230902e-07,-1.706574181184847e-05,-1.114269691015579e-05,-1.7624875313231313e-05,0.12408919632434845,0.06041414909251034,0.06367503754608332,5,trapezoid_from_zero_normalized_by_max_fraction,True,correct,true_negative,medium,low,binary
cicids2017_binary,44,0,BENIGN,rid_2fc9e09db1f3c125f0fba79f41ad9cc2,mlp,gradient_x_input,deletion,target_class_median,False,True,False,True,0,BENIGN,predicted_class_of_audited_model,0.9999842225970496,0.0002753071476035,-1.464099849215472e-05,-6.216542730783203e-06,-8.424455761371518e-06,3.3302520921363425e-07,-9.077185171430242e-06,-5.659143551497436e-06,-8.981854940657287e-06,0.1331053376197815,0.029978983017150313,0.10312636056309565,5,trapezoid_from_zero_normalized_by_max_fraction,True,correct,true_negative,medium,low,binary
cicids2017_binary,44,0,BENIGN,rid_c48998b335b5469e20d69cd600e86b7c,mlp,gradient_x_input,deletion,target_class_median,False,True,False,True,0,BENIGN,predicted_class_of_audited_model,0.9997886731143808,7.975766493469998e-05,-0.000199621911448844,-8.841707702509892e-05,-0.00011120483442374507,5.4787376690642685e-06,-0.00012194316025511103,-7.968787750189677e-05,-0.00011993403394694723,0.223038911819458,0.05639942954853176,0.16663945842906833,5,trapezoid_from_zero_normalized_by_max_fraction,True,correct,true_negative,medium,low,binary
cicids2017_binary,44,0,BENIGN,rid_e89b0658d429f7c1bd214c2c3936d5a4,mlp,gradient_x_input,deletion,target_class_median,False,False,True,True,1,ATTACK,predicted_class_of_audited_model,0.3546508252620697,0.3543597407115158,0.14146842060872586,-0.07364636817350037,0.2151147887822262,0.02771791333201093,0.16078767865148477,-0.0648971284780182,0.20636554908674407,0.29642143845558167,0.2745948629081249,0.021826587468385707,5,trapezoid_from_zero_normalized_by_max_fraction,False,error,false_positive,low,medium,binary
cicids2017_binary,44,0,BENIGN,rid_538e3fa9d114d86b4e129ed23da96124,mlp,gradient_x_input,deletion,target_class_median,False,True,False,True,0,BENIGN,predicted_class_of_audited_model,0.9998652958747698,0.0001563804253237,-0.00012680479704556545,-5.922020581789411e-05,-6.758459122767135e-05,3.521743204789001e-06,-7.448720790905779e-05,-5.0867349042732704e-05,-7.593744800283275e-05,0.16861215233802795,0.050231173641979696,0.11838098018616436,5,trapezoid_from_zero_normalized_by_max_fraction,True,correct,true_negative,medium,low,binary
cicids2017_binary,44,0,BENIGN,rid_e35c8e333415d378822a9bc33c4529e3,mlp,gradient_x_input,deletion,target_class_median,False,True,False,True,0,BENIGN,predicted_class_of_audited_model,1.0,0.0002910845505539,0.00014652126436467405,0.001406634432811328,-0.001260113168446654,0.0007179489839792828,-0.0026672931770460482,0.00030433653115943425,-0.00015781526679476023,1.890454888343811,1.251345179319382,0.6391095659732818,5,trapezoid_from_zero_normalized_by_max_fraction,True,correct,true_negative,high,medium,binary
cicids2017_binary,44,0,BENIGN,rid_10656a1e873f12c2d04d2cdf85b9eb76,mlp,gradient_x_input,deletion,target_class_median,False,False,True,True,1,ATTACK,predicted_class_of_audited_model,0.0003237276396248,3.264308907090002e-05,-0.00781880261929473,-0.028562544266074838,0.020743741646780108,0.00840794006997052,0.004264179109637889,-0.042080827391171624,0.0342620247718769,0.3271406590938568,0.20530267962813378,0.12183798542618751,5,trapezoid_from_zero_normalized_by_max_fraction,False,error,false_positive,low,low,binary
cicids2017_binary,44,0,BENIGN,rid_9e641128504c46702fcf58fd87a19b37,mlp,gradient_x_input,deletion,target_class_median,False,False,True,True,1,ATTACK,predicted_class_of_audited_model,0.0006844620802439,0.00039337752969,-0.8673994094278896,-0.26480732019067543,-0.6025920892372142,0.02609137448482109,-0.6537311832274635,-0.1728712851992841,-0.6945281242286054,0.870415210723877,0.35548364716768266,0.5149316172003747,5,trapezoid_from_zero_normalized_by_max_fraction,False,error,false_positive,low,medium,binary
cicids2017_binary,44,0,BENIGN,rid_1bbffa7dcb3113d0ee06351ff775e8e8,mlp,gradient_x_input,deletion,target_class_median,False,False,True,True,1,ATTACK,predicted_class_of_audited_model,0.0041353264823555,0.0038442419318016,-0.9213824658188968,-0.326768642088864,-0.5946138237300329,0.02501342100038543,-0.6436401288907884,-0.25586822876241055,-0.6655142370564864,0.05221441388130188,0.03071880739948756,0.021495606854343353,5,trapezoid_from_zero_normalized_by_max_fraction,False,error,false_positive,low,medium,binary
cicids2017_binary,44,0,BENIGN,rid_c25003c9af52a30ee04e2b5b60049b46,mlp,gradient_x_input,deletion,target_class_median,False,False,True,True,1,ATTACK,predicted_class_of_audited_model,0.0016422106418758,0.0013511260913219,-0.41673039240813525,-0.296440533677935,-0.12028985873020025,0.02489370108918235,-0.16908151286499765,-0.30918808701346917,-0.10754230539466608,0.6363612413406372,0.6107952561378479,0.02556593751907349,5,trapezoid_from_zero_normalized_by_max_fraction,False,error,false_positive,low,medium,binary
cicids2017_binary,44,0,BENIGN,rid_483f0ec1688c7cf59099b01102ca0578,mlp,gradient_x_input,deletion,target_class_median,False,True,False,True,0,BENIGN,predicted_class_of_audited_model,1.0,0.0002910845505538,1.227884358911968e-06,0.0011757736653300135,-0.0011745457809711015,0.0005280982333068195,-0.0022096183182524678,0.0001737830583707767,-0.00017255517401186472,2.268209934234619,1.907132541656494,0.36107736873626717,5,trapezoid_from_zero_normalized_by_max_fraction,True,correct,true_negative,high,medium,binary
cicids2017_binary,44,0,BENIGN,rid_119ce35c0df6229dd32a6cd408b38acc,mlp,gradient_x_input,deletion,target_class_median,False,True,False,True,0,BENIGN,predicted_class_of_audited_model,0.999998799557602,0.0002898841081559,-1.026234042100782e-06,-8.201747583314046e-08,-9.442165662676416e-07,3.75311314673756e-08,-1.0177775839436977e-06,-1.4376505636448657e-07,-8.824689857362954e-07,0.07730981707572937,0.018064655431546273,0.059245160899125036,5,trapezoid_from_zero_normalized_by_max_fraction,True,correct,true_negative,medium,low,binary
cicids2017_binary,44,0,BENIGN,rid_22c6d4b7f4e243b4ee741c3e7f566f21,mlp,gradient_x_input,deletion,target_class_median,False,True,False,True,0,BENIGN,predicted_class_of_audited_model,0.9999999724018078,0.0002910569523617,1.1912489720877773e-06,0.00022067880783224137,-0.0002194875588601536,9.953617772449444e-05,-0.0004145784672001627,0.00013560754530254793,-0.00013441629633046017,0.39174753427505493,0.26656788414716726,0.12517962032556532,5,trapezoid_from_zero_normalized_by_max_fraction,True,correct,true_negative,medium,medium,binary
cicids2017_binary,44,0,BENIGN,rid_d299090fcdf84f6c9f5ae25b87eb79e0,mlp,gradient_x_input,deletion,target_class_median,False,False,True,True,1,ATTACK,predicted_class_of_audited_model,0.000320601335261,2.951678470710002e-05,-0.7232078353787075,-0.09254550184133947,-0.6306623335373678,0.014031768121460116,-0.6581645990554296,-0.018785592472986164,-0.7044222429057212,0.9507940411567688,0.7019097192883491,0.24888432782888414,5,trapezoid_from_zero_normalized_by_max_fraction,False,error,false_positive,low,low,binary
cicids2017_binary,44,0,BENIGN,rid_34944b35a39503d11e86521ebcdb8d7b,mlp,gradient_x_input,deletion,target_class_median,False,True,False,True,0,BENIGN,predicted_class_of_audited_model,0.999999999999998,0.000291084550552,2.437083731388623e-05,0.016298658096798185,-0.016274287259484297,0.004720585792572212,-0.02552663541292583,0.015552763145472059,-0.015528392308158171,3.0006470680236816,1.8958966377973556,1.1047505971193314,5,trapezoid_from_zero_normalized_by_max_fraction,True,correct,true_negative,medium,medium,binary
cicids2017_binary,44,0,BENIGN,rid_3f81ed091d350784c9a4fc695d8fed72,mlp,gradient_x_input,deletion,target_class_median,False,True,False,True,0,BENIGN,predicted_class_of_audited_model,0.9999722669726908,0.0002633515232446,-2.5197033613721943e-05,-1.6857097469596736e-05,-8.339936144125204e-06,3.95837647347907e-07,-9.115777932927101e-06,-1.3420539865762746e-05,-1.1776493747959194e-05,0.11143384873867035,0.05509462564997375,0.05633922606892884,5,trapezoid_from_zero_normalized_by_max_fraction,True,correct,true_negative,medium,low,binary
cicids2017_binary,44,0,BENIGN,rid_06827edff59f4afb4ac4007ddbcd7a21,mlp,gradient_x_input,deletion,target_class_median,False,False,True,True,1,ATTACK,predicted_class_of_audited_model,0.0004677866818383,0.0001767021312844,-0.2507085782737704,-0.12729910798029076,-0.12340947029347962,0.01849208920610372,-0.1596539651374429,-0.1520759592131799,-0.09863261906059054,0.48083019256591797,0.32758147764205936,0.15324869108200073,5,trapezoid_from_zero_normalized_by_max_fraction,False,error,false_positive,low,low,binary
cicids2017_binary,44,0,BENIGN,rid_641e66b816590d94bb69a255a43fdfb7,mlp,gradient_x_input,deletion,target_class_median,False,False,True,True,1,ATTACK,predicted_class_of_audited_model,0.0050085252150893,0.0047174406645354,-0.5672906515654177,-0.31066405851328455,-0.25662659305213303,0.025601550826754287,-0.30680563267257144,-0.18099953578258282,-0.3862911157828348,0.6616179347038269,0.5311502535343171,0.13046769905090327,5,trapezoid_from_zero_normalized_by_max_fraction,False,error,false_positive,low,medium,binary
cicids2017_binary,44,0,BENIGN,rid_e96fb495aaa37a592922943fd1b4951b,mlp,gradient_x_input,deletion,target_class_median,False,False,True,True,1,ATTACK,predicted_class_of_audited_model,0.000321660307236,3.057575668210003e-05,-0.09711931951460429,-0.043847854265693785,-0.0532714652489105,0.009628571876406937,-0.0721434661266681,-0.023416215698385142,-0.07370310381621914,0.8545546531677246,0.6446542460918427,0.20990042495727534,5,trapezoid_from_zero_normalized_by_max_fraction,False,error,false_positive,low,low,binary
cicids2017_binary,44,0,BENIGN,rid_a2aeea9f338b777df1875e0040454374,mlp,gradient_x_input,deletion,target_class_median,False,True,False,True,0,BENIGN,predicted_class_of_audited_model,0.9999981479328426,0.0002892324833964,-1.3734015922750586e-06,-4.093414064811895e-07,-9.64060185793869e-07,4.430170682049666e-08,-1.0508915311620425e-06,-3.589768921870018e-07,-1.0144247000880567e-06,0.046216607093811035,0.01682336998078972,0.02939323376026004,5,trapezoid_from_zero_normalized_by_max_fraction,True,correct,true_negative,medium,low,binary
cicids2017_binary,44,0,BENIGN,rid_224af142877303f66a395c428ee93b36,mlp,gradient_x_input,deletion,target_class_median,False,True,False,True,0,BENIGN,predicted_class_of_audited_model,0.9999993109789216,0.0002903955294754,0.0005093445927738749,0.009828516403112109,-0.009319171810338235,0.0026763518501001756,-0.014564821436534578,0.023489493116741554,-0.02298014852396768,1.4036030769348145,0.9565667806863785,0.4470361412763596,5,trapezoid_from_zero_normalized_by_max_fraction,True,correct,true_negative,medium,low,binary
cicids2017_binary,44,0,BENIGN,rid_440eed9318cc6b7358cff28a57715b84,mlp,gradient_x_input,deletion,target_class_median,False,False,True,True,1,ATTACK,predicted_class_of_audited_model,0.0003862311132252,9.514656267130002e-05,-0.40782093324232843,-0.06896363024313251,-0.338857302999196,0.012999148935056219,-0.3643356349119062,-0.024935241489655095,-0.3828856917526734,1.0133178234100342,0.6646235068440437,0.34869441193342215,5,trapezoid_from_zero_normalized_by_max_fraction,False,error,false_positive,low,low,binary
cicids2017_binary,44,0,BENIGN,rid_eff5fd77729410c8dc2a2e2defc55037,mlp,gradient_x_input,deletion,target_class_median,False,True,False,True,0,BENIGN,predicted_class_of_audited_model,1.0,0.0002910845505538,2.615146484263864e-06,0.006008155711600064,-0.006005540565115798,0.004092217524975137,-0.014026286914067066,0.006179893016321882,-0.006177277869837617,2.135241746902466,1.4633721203804015,0.6718697218894959,5,trapezoid_from_zero_normalized_by_max_fraction,True,correct,true_negative,high,medium,binary
cicids2017_binary,44,0,BENIGN,rid_b220413a532f82e16961090f350cbe0d,mlp,gradient_x_input,deletion,target_class_median,False,False,True,True,1,ATTACK,predicted_class_of_audited_model,0.0045907939784228,0.0042997094278689,-0.3021319572639186,-0.23361179191527026,-0.06852016534864833,0.024112419012291726,-0.11578050661274011,-0.21051827751398922,-0.09161367974992933,0.536179780960083,0.3361407573223114,0.2000389997959137,5,trapezoid_from_zero_normalized_by_max_fraction,False,error,false_positive,low,medium,binary
cicids2017_binary,44,0,BENIGN,rid_b62a7ae05c9543c4f87b2de57692c154,mlp,gradient_x_input,deletion,target_class_median,False,False,True,True,1,ATTACK,predicted_class_of_audited_model,0.0003163669025525,2.5282351998600033e-05,-0.10641813394031488,-0.0734126221082372,-0.033005511832077665,0.013929821163800581,-0.0603079613131268,-0.009204404492437531,-0.09721372944787735,0.889685332775116,0.7014902582764625,0.1881950625777245,5,trapezoid_from_zero_normalized_by_max_fraction,False,error,false_positive,low,low,binary
cicids2017_binary,44,0,BENIGN,rid_ca55351d92cc980a7a87f71ac4a44c97,mlp,gradient_x_input,deletion,target_class_median,False,False,True,True,1,ATTACK,predicted_class_of_audited_model,0.0025937012396752,0.0023026166891213,-0.050831409241072836,-0.3790358269447722,0.3282044177036994,0.02682285201648996,0.27563162775137906,-0.18485957362355004,0.1340281643824772,0.5349013805389404,0.26917366647720337,0.265727725982666,5,trapezoid_from_zero_normalized_by_max_fraction,False,error,false_positive,low,medium,binary
cicids2017_binary,44,0,BENIGN,rid_2bdeea6a05e747559a8827538afbb515,mlp,gradient_x_input,deletion,target_class_median,False,False,True,True,1,ATTACK,predicted_class_of_audited_model,0.0003108113014604,1.9726750906500033e-05,-0.2733558135674684,-0.11222820356605745,-0.161127610001411,0.015152857683357251,-0.1908272110607912,-0.026339612165975714,-0.24701620140149272,0.9523872137069702,0.7555892186164856,0.19679797124862675,5,trapezoid_from_zero_normalized_by_max_fraction,False,error,false_positive,low,low,binary
cicids2017_binary,44,0,BENIGN,rid_e139f396ae7667ebe03fae3a403da922,mlp,gradient_x_input,deletion,target_class_median,False,False,True,True,1,ATTACK,predicted_class_of_audited_model,0.0040514646098017,0.0037603800592478,-0.06721292624133639,-0.13046050219185829,0.06324757595052188,0.019302720463690547,0.02541424384168841,-0.1815685355320038,0.11435560929066742,0.2909790575504303,0.2377637763619423,0.053215290129184724,5,trapezoid_from_zero_normalized_by_max_fraction,False,error,false_positive,low,medium,binary
cicids2017_binary,44,0,BENIGN,rid_89e7b9b82fd00273ad273b9d1b6cb694,mlp,gradient_x_input,deletion,target_class_median,False,True,False,True,0,BENIGN,predicted_class_of_audited_model,0.999985351400028,0.0002764359505817,3.641163273897519e-05,0.0038067337318772932,-0.0037703220991383178,0.0008204524855778193,-0.005378408970870843,0.00878783520906232,-0.008751423576323346,1.4406051635742188,1.0550078756809236,0.38559731173515316,5,trapezoid_from_zero_normalized_by_max_fraction,True,correct,true_negative,medium,low,binary
cicids2017_binary,44,0,BENIGN,rid_b772264de7d27e11752d992238b2320f,mlp,gradient_x_input,deletion,target_class_median,False,True,False,True,0,BENIGN,predicted_class_of_audited_model,0.9999737738889962,0.0002648584395501,0.0460941408441613,0.004887998711361722,0.04120614213279958,0.001056747733920457,0.03913491657431548,0.0032651555012988874,0.04282898534286242,0.5447320938110352,0.449744092464447,0.09498802518844604,5,trapezoid_from_zero_normalized_by_max_fraction,True,correct,true_negative,medium,low,binary
cicids2017_binary,44,0,BENIGN,rid_2e54e3b29cad76dc01961ca74e237f16,mlp,gradient_x_input,deletion,target_class_median,False,False,True,True,1,ATTACK,predicted_class_of_audited_model,0.0015026538167148,0.0012115692661609,-0.02726884193980368,-0.059435595895743515,0.03216675395593984,0.011042336379047392,0.010523774653006954,-0.06978347571143603,0.042514633771632365,0.3156309723854065,0.2972216514348984,0.018409329891204834,5,trapezoid_from_zero_normalized_by_max_fraction,False,error,false_positive,low,medium,binary
cicids2017_binary,44,0,BENIGN,rid_d922bb2e2149108680431edc60b11e94,mlp,gradient_x_input,deletion,target_class_median,False,False,True,True,1,ATTACK,predicted_class_of_audited_model,0.0008344355155713,0.0005433509650173,-0.12046676848985954,-0.05935505666447529,-0.06111171182538426,0.011915331194614291,-0.08446576096682827,-0.03860880368946318,-0.08185796480039637,1.5506772994995117,1.1310782248973847,0.4195990030765534,5,trapezoid_from_zero_normalized_by_max_fraction,False,error,false_positive,low,medium,binary
cicids2017_binary,44,0,BENIGN,rid_1e6ab1e195b93ded30a4d84154725b1f,mlp,gradient_x_input,deletion,target_class_median,False,True,False,True,0,BENIGN,predicted_class_of_audited_model,0.9999997201057624,0.0002908046563163,1.4409674110510418e-05,0.011063098399977425,-0.011048688725866914,0.005815860553813671,-0.02244777541134171,0.009448410588087736,-0.009434000913977225,1.7976171970367432,1.3352621381282808,0.4623548681735993,5,trapezoid_from_zero_normalized_by_max_fraction,True,correct,true_negative,medium,medium,binary
cicids2017_binary,44,0,BENIGN,rid_19e4ffa15c914f3a894cf820a129c40a,mlp,gradient_x_input,deletion,target_class_median,False,True,False,True,0,BENIGN,predicted_class_of_audited_model,0.99999487115565,0.0002859557062037,-4.561901833000093e-06,-1.384238687037964e-06,-3.1776631459621288e-06,1.6824511506067263e-07,-3.507423571481047e-06,-1.4807867301840361e-06,-3.0811151028160565e-06,0.07643884420394897,0.029849342331290246,0.04658949889242649,5,trapezoid_from_zero_normalized_by_max_fraction,True,correct,true_negative,medium,low,binary
cicids2017_binary,44,0,BENIGN,rid_c7db51b3998e90b2b8ccd780e979bc9d,mlp,gradient_x_input,deletion,target_class_median,False,False,True,True,1,ATTACK,predicted_class_of_audited_model,0.006360740866512,0.0060696563159581,-0.48689649064326657,-0.2217731841050072,-0.26512330653825944,0.023728020711897908,-0.31163022713357935,-0.25040247222022755,-0.23649401842303908,0.5359619855880737,0.35863830167055133,0.17732364219427105,5,trapezoid_from_zero_normalized_by_max_fraction,False,error,false_positive,low,medium,binary
cicids2017_binary,44,0,BENIGN,rid_195bc3e0deed397eb67298331bdcff6f,mlp,gradient_x_input,deletion,target_class_median,False,False,True,True,1,ATTACK,predicted_class_of_audited_model,0.0003258254146203,3.474086406640004e-05,-0.19528221192904313,-0.1747937348200685,-0.020488477108974633,0.02215810724416546,-0.06391836730753893,-0.1534595299232042,-0.04182268200583894,0.6802083253860474,0.5074525634050369,0.17275575602054596,5,trapezoid_from_zero_normalized_by_max_fraction,False,error,false_positive,low,low,binary
cicids2017_binary,44,0,BENIGN,rid_6b2bdeb61b9e955e7a102493e8caf4d8,mlp,gradient_x_input,deletion,target_class_median,False,True,False,True,0,BENIGN,predicted_class_of_audited_model,0.9999999426393984,0.0002910271899522,5.164119940559431e-08,4.034810966402347e-08,1.129308974157084e-08,2.8985939842200455e-09,5.61184553249955e-09,3.659567558145227e-08,1.5045523824142035e-08,0.008524817414581776,0.009964183122385293,-0.0014393658940680325,5,trapezoid_from_zero_normalized_by_max_fraction,True,correct,true_negative,medium,medium,binary
cicids2017_binary,44,0,BENIGN,rid_82a86b41fd0301f5973da1f011a6947a,mlp,gradient_x_input,deletion,target_class_median,False,False,True,True,1,ATTACK,predicted_class_of_audited_model,0.0006437189294956,0.0003526343789417,-0.38001204229367436,-0.18932611838977753,-0.19068592390389677,0.02031185127234946,-0.23049715239770172,-0.13090216715440328,-0.24910987513927102,0.3393912613391876,0.2484604574739933,0.09093079790472984,5,trapezoid_from_zero_normalized_by_max_fraction,False,error,false_positive,low,medium,binary
cicids2017_binary,44,0,BENIGN,rid_435d16bf9bcea09d0a8ac2caf2affe74,mlp,gradient_x_input,deletion,target_class_median,False,False,True,True,1,ATTACK,predicted_class_of_audited_model,0.0003566767263691,6.559217581520002e-05,-0.07536588219663827,-0.06192530334666894,-0.013440578849969333,0.013859709676894608,-0.040605609816682764,-0.015147064559008331,-0.06021881763762993,0.802449107170105,0.6323888413310051,0.17006032544374466,5,trapezoid_from_zero_normalized_by_max_fraction,False,error,false_positive,low,low,binary
cicids2017_binary,44,0,BENIGN,rid_8062b3bfef229732c16510825accc5a9,mlp,gradient_x_input,deletion,target_class_median,False,False,True,True,1,ATTACK,predicted_class_of_audited_model,0.0029608202166855,0.0026697356661316,-0.014756276639013776,-0.04638035967553097,0.03162408303651719,0.010323754100370728,0.011389524999790561,-0.06353565088211133,0.04877937424309754,1.1416386365890503,0.9064588813781738,0.23517983865737913,5,trapezoid_from_zero_normalized_by_max_fraction,False,error,false_positive,low,medium,binary
cicids2017_binary,44,0,BENIGN,rid_304cba904103b91e0a936616fda7ccc9,mlp,gradient_x_input,deletion,target_class_median,False,True,False,True,0,BENIGN,predicted_class_of_audited_model,0.999997371840891,0.0002884563914448,0.0011818358239075622,0.00016727132934651415,0.001014564494561048,6.161616802152488e-05,0.0008937968052388593,0.0013097202661656343,-0.00012788444225807194,0.9893128275871277,0.7921196961402892,0.1971931076049805,5,trapezoid_from_zero_normalized_by_max_fraction,True,correct,true_negative,medium,low,binary
cicids2017_binary,44,0,BENIGN,rid_65cc0787c7c18b623670b17335eb9bbd,mlp,gradient_x_input,deletion,target_class_median,False,False,True,True,1,ATTACK,predicted_class_of_audited_model,0.000347036664607,5.595211405310003e-05,-0.15538832205820655,-0.026022365936868255,-0.1293659561213383,0.009657756544616468,-0.1482951589487866,-0.05297022905290413,-0.10241809300530241,1.069183349609375,0.9308228347301482,0.1383605983257294,5,trapezoid_from_zero_normalized_by_max_fraction,False,error,false_positive,low,low,binary
cicids2017_binary,44,0,BENIGN,rid_62c0461dc6306cbfddc103c6cea18b92,mlp,gradient_x_input,deletion,target_class_median,False,False,True,True,1,ATTACK,predicted_class_of_audited_model,0.0003515251737553,6.044062320140003e-05,-0.1433094802152482,-0.08656479971687185,-0.05674468049837633,0.015149877947586963,-0.08643844127564677,-0.01570524827788775,-0.12760423193736045,0.8926789164543152,0.7009912408590318,0.19168761599063872,5,trapezoid_from_zero_normalized_by_max_fraction,False,error,false_positive,low,low,binary
cicids2017_binary,44,0,BENIGN,rid_c465214e2b46f210bae86f1d99a61403,mlp,gradient_x_input,deletion,target_class_median,False,False,True,True,1,ATTACK,predicted_class_of_audited_model,0.0003386981552466,4.76136046927e-05,-0.16408505124854855,-0.26565480283829335,0.10156975158974475,0.026426831170876474,0.04977316249482686,-0.23362282734260176,0.06953777609405323,0.9391185641288757,0.5014977378249169,0.437620790541172,5,trapezoid_from_zero_normalized_by_max_fraction,False,error,false_positive,low,low,binary
cicids2017_binary,44,0,BENIGN,rid_a87ba08b7aaccf18895d610538efcb92,mlp,gradient_x_input,deletion,target_class_median,True,True,False,True,0,BENIGN,true_class_correct_for_both,0.9999999372041016,0.0002910217546556,1.543723051611323e-08,3.318690706777261e-08,-1.774967655165938e-08,1.997015286689026e-09,-2.1663826513569872e-08,3.351723298550268e-08,-1.8080002469389453e-08,0.007760460488498211,0.011035754817537963,-0.0032752935839816927,5,trapezoid_from_zero_normalized_by_max_fraction,True,correct,true_negative,medium,medium,binary
cicids2017_binary,44,0,BENIGN,rid_3483525bcbf6170504e5a05fac4f1930,mlp,gradient_x_input,deletion,target_class_median,False,True,False,True,0,BENIGN,predicted_class_of_audited_model,1.0,0.0002910845505539,2.1526590074549827e-05,4.839457410151415e-05,-2.686798402696433e-05,2.7025840118032534e-05,-7.983863065830809e-05,1.5726860100933048e-06,1.9953904064456517e-05,2.196024179458618,1.781385147809982,0.41463888859748843,5,trapezoid_from_zero_normalized_by_max_fraction,True,correct,true_negative,high,medium,binary
cicids2017_binary,44,0,BENIGN,rid_ae9b2ba457021e03066130a275d91cd7,mlp,gradient_x_input,deletion,target_class_median,False,True,False,True,0,BENIGN,predicted_class_of_audited_model,1.0,0.0002910845505538,1.124073250735602e-06,0.004077443212424192,-0.004076319139173457,0.0025775991359831543,-0.00912841344570044,0.00047964249098620326,-0.0004785184177354677,2.658935546875,2.466240179538727,0.1926952481269836,5,trapezoid_from_zero_normalized_by_max_fraction,True,correct,true_negative,high,medium,binary
cicids2017_binary,44,0,BENIGN,rid_b650128d9ed6956f66bb2d12ef6ada97,mlp,gradient_x_input,deletion,target_class_median,False,True,False,True,0,BENIGN,predicted_class_of_audited_model,0.9997716725629288,6.275711348279999e-05,0.001716403417906065,0.010970609148335178,-0.009254205730429113,0.0020744336860150383,-0.013320095755018586,0.026973651633611144,-0.025257248215705082,0.5922878384590149,0.4714327372312546,0.12085504758358001,5,trapezoid_from_zero_normalized_by_max_fraction,True,correct,true_negative,medium,low,binary
cicids2017_binary,44,0,BENIGN,rid_d35bcfb474b4b63f6b5381fbb2c4c4a9,mlp,gradient_x_input,deletion,target_class_median,False,True,False,True,0,BENIGN,predicted_class_of_audited_model,0.9999831588393135,0.0002742433898674,-1.5212295839717172e-05,-8.818179388327963e-06,-6.394116451389209e-06,2.854153452082843e-07,-6.953530527997446e-06,-5.985182951434354e-06,-9.227112888282818e-06,0.11934871971607208,0.0610923298317939,0.05825639584474266,5,trapezoid_from_zero_normalized_by_max_fraction,True,correct,true_negative,medium,low,binary
cicids2017_binary,44,0,BENIGN,rid_a3c3a97aa4a2dbe7e317f1117cfcaf4d,mlp,gradient_x_input,deletion,target_class_median,False,True,False,True,0,BENIGN,predicted_class_of_audited_model,0.9999436880098074,0.0002347725603612,-5.30052856554164e-05,-1.742703175079896e-05,-3.557825390461744e-05,1.5317213938964574e-06,-3.85804278366545e-05,-1.5382390755519284e-05,-3.762289489989712e-05,0.24322085082530975,0.06226823420077562,0.18095262407511475,5,trapezoid_from_zero_normalized_by_max_fraction,True,correct,true_negative,medium,low,binary
cicids2017_binary,44,0,BENIGN,rid_a22f805b8e1d29f91d4f32ae64e13a92,mlp,gradient_x_input,deletion,target_class_median,False,True,False,True,0,BENIGN,predicted_class_of_audited_model,0.9999947441388032,0.0002858286893569,-4.736000687444175e-06,-2.5433124188793958e-06,-2.1926882685647795e-06,1.0854699706235768e-07,-2.4054403828070005e-06,-1.8474673480568527e-06,-2.888533339387322e-06,0.11641454696655273,0.04398949010297656,0.072425054628402,5,trapezoid_from_zero_normalized_by_max_fraction,True,correct,true_negative,medium,low,binary
cicids2017_binary,44,0,BENIGN,rid_2d98d7bcf3bd9d90ab81534f55e64fbf,mlp,gradient_x_input,deletion,target_class_median,False,True,False,True,0,BENIGN,predicted_class_of_audited_model,0.9999488714311155,0.0002399559816694,-4.8078561606246245e-05,-1.5126817608461351e-05,-3.2951743997784886e-05,1.2789612752140651e-06,-3.545850809720445e-05,-1.4728843253067225e-05,-3.3349718353179006e-05,0.20548896491527557,0.05126448222063482,0.15422450057603418,5,trapezoid_from_zero_normalized_by_max_fraction,True,correct,true_negative,medium,low,binary
cicids2017_binary,44,0,BENIGN,rid_3a04f08327b3b8a625511c14db4773c4,mlp,gradient_x_input,deletion,target_class_median,False,True,False,True,0,BENIGN,predicted_class_of_audited_model,0.9999814004040672,0.0002724849546211,-1.6384683735282125e-05,-1.1122376189632631e-05,-5.262307545649492e-06,2.609769951782057e-07,-5.773822456198776e-06,-6.91232631144345e-06,-9.472357423838673e-06,0.17146340012550354,0.10358717621862887,0.06787622837722303,5,trapezoid_from_zero_normalized_by_max_fraction,True,correct,true_negative,medium,low,binary
cicids2017_binary,44,0,BENIGN,rid_809472bdeb3beaecdd4229173cf1fa6c,mlp,gradient_x_input,deletion,target_class_median,False,True,False,True,0,BENIGN,predicted_class_of_audited_model,0.9999616521126882,0.000252736663242,-3.625307801371491e-05,-8.333370489381764e-06,-2.791970752433315e-05,1.0647522245373523e-06,-3.000662188442636e-05,-9.41387556680695e-06,-2.6839202446907964e-05,0.20320706069469452,0.03650461952015758,0.16670245607569817,5,trapezoid_from_zero_normalized_by_max_fraction,True,correct,true_negative,medium,low,binary
cicids2017_binary,44,0,BENIGN,rid_ae4d5e11a98fb39c8777eb925d73c4b3,mlp,gradient_x_input,deletion,target_class_median,False,True,False,True,0,BENIGN,predicted_class_of_audited_model,0.9999523647638852,0.0002434493144391,-4.463570953845419e-05,-1.2596575531233612e-05,-3.203913400722058e-05,1.2619892088895917e-06,-3.4512632856644176e-05,-1.471333643743833e-05,-2.9922373101015865e-05,0.20848596096038818,0.06177958814799785,0.14670636536180975,5,trapezoid_from_zero_normalized_by_max_fraction,True,correct,true_negative,medium,low,binary
cicids2017_binary,44,0,BENIGN,rid_d8f5a4026b93e1d596988a7438ce619f,mlp,gradient_x_input,deletion,target_class_median,False,True,False,True,0,BENIGN,predicted_class_of_audited_model,0.9999999993394404,0.0002910838899943,9.184307203646824e-10,1.1397282559434729e-05,-1.1396364128714364e-05,3.279500673409423e-06,-1.782418544859683e-05,3.83259677743597e-06,-3.831678346715606e-06,2.0904178619384766,2.0352166051864624,0.05520135211944584,5,trapezoid_from_zero_normalized_by_max_fraction,True,correct,true_negative,medium,medium,binary
cicids2017_binary,44,0,BENIGN,rid_02f34a3721087b5bd4c4bc660459dd4d,mlp,gradient_x_input,deletion,target_class_median,False,True,False,True,0,BENIGN,predicted_class_of_audited_model,0.9999950683054522,0.000286152856006,-4.602448133539383e-06,-1.7828430466977351e-06,-2.8196050868416476e-06,1.627832371286524e-07,-3.138660231613806e-06,-1.28358453763866e-06,-3.318863595900723e-06,0.12409470230340958,0.03636412019468844,0.08773057167790829,5,trapezoid_from_zero_normalized_by_max_fraction,True,correct,true_negative,medium,low,binary
cicids2017_binary,44,0,BENIGN,rid_2951ad052b5d04ac0d08370ab524f31b,mlp,gradient_x_input,deletion,target_class_median,False,True,False,True,0,BENIGN,predicted_class_of_audited_model,0.9999974826127982,0.000288567163352,-2.2426248158069482e-06,-5.312486980244557e-07,-1.7113761177824928e-06,8.38783536813508e-08,-1.8757776909979404e-06,-3.347161599549509e-07,-1.9079086558519975e-06,0.0939839705824852,0.016712986890692266,0.07727097996650265,5,trapezoid_from_zero_normalized_by_max_fraction,True,correct,true_negative,medium,low,binary
cicids2017_binary,44,0,BENIGN,rid_e4c27e2541ee7b2c387fe31492c98615,mlp,gradient_x_input,deletion,target_class_median,False,True,False,True,0,BENIGN,predicted_class_of_audited_model,1.0,0.0002910845505539,3.5397787163216064e-06,0.00011073609232230841,-0.00010719631360598681,4.912114038114857e-05,-0.000203473748753038,5.215540186436441e-06,-1.6757614701148334e-06,2.2654178142547607,1.5196006700992586,0.7458171679973602,5,trapezoid_from_zero_normalized_by_max_fraction,True,correct,true_negative,high,medium,binary
cicids2017_binary,44,0,BENIGN,rid_368734497e98bbb69131389f7a06a4d1,mlp,gradient_x_input,deletion,target_class_median,False,True,False,True,0,BENIGN,predicted_class_of_audited_model,0.999968361309584,0.0002594458601378,-2.8928296828212297e-05,-1.8220127989650337e-05,-1.0708168838561962e-05,6.14266421238438e-07,-1.19121310241893e-05,-1.3744862462260698e-05,-1.5183434365951599e-05,0.10003618896007538,0.042340435735881324,0.057695765145123,5,trapezoid_from_zero_normalized_by_max_fraction,True,correct,true_negative,medium,low,binary
cicids2017_binary,44,0,BENIGN,rid_d71be8bc5355863a327db52893581810,mlp,gradient_x_input,deletion,target_class_median,False,False,True,True,1,ATTACK,predicted_class_of_audited_model,0.0051868944428861,0.0048958098923322,-0.06122880195325706,-0.13919616735890122,0.07796736540564417,0.019717888383053616,0.03932030417485908,-0.23340043456235252,0.17217163260909546,0.2879468500614166,0.23758033314347266,0.05036651393771172,5,trapezoid_from_zero_normalized_by_max_fraction,False,error,false_positive,low,medium,binary
cicids2017_binary,44,0,BENIGN,rid_d4ebb83a719f50b5c529e028b46dcf99,mlp,gradient_x_input,deletion,target_class_median,False,False,True,True,1,ATTACK,predicted_class_of_audited_model,0.0025994409807026,0.0023083564301487,-0.6179076663451268,-0.2410636173389903,-0.3768440490061366,0.02476945024629439,-0.4253921714888736,-0.19998395722515672,-0.41792370911997023,0.510924756526947,0.4066744936108589,0.10425029271841049,5,trapezoid_from_zero_normalized_by_max_fraction,False,error,false_positive,low,medium,binary
cicids2017_binary,44,0,BENIGN,rid_6c4185b0a6428ac3964ea14675f9b28b,mlp,gradient_x_input,deletion,target_class_median,False,False,True,True,1,ATTACK,predicted_class_of_audited_model,0.001556035480462,0.001264950929908,-0.05825239451951347,-0.20460923364047628,0.14635683912096284,0.023726054131073825,0.09985377302405815,-0.18585694811184023,0.12760455359232675,0.5601041316986084,0.3951479150056839,0.1649562464952469,5,trapezoid_from_zero_normalized_by_max_fraction,False,error,false_positive,low,medium,binary
cicids2017_binary,44,0,BENIGN,rid_702fb30686e6da0ff9f4383da846e6e1,mlp,gradient_x_input,deletion,target_class_median,False,False,True,True,1,ATTACK,predicted_class_of_audited_model,0.0009931481909006,0.0007020636403466,-0.8087102294783108,-0.16951947553141508,-0.6391907539468957,0.0192443443998088,-0.676909668970521,-0.1235841723436606,-0.6851260571346501,0.2286716252565384,0.11619467713683843,0.11247694513946774,5,trapezoid_from_zero_normalized_by_max_fraction,False,error,false_positive,low,medium,binary
cicids2017_binary,44,0,BENIGN,rid_e33b3d8e070b55fbbc9cc038055d6c53,mlp,gradient_x_input,deletion,target_class_median,False,True,False,True,0,BENIGN,predicted_class_of_audited_model,1.0,0.0002910845505539,1.0282362840619008e-07,0.002441933536865204,-0.002441830713236798,0.0011525664414556902,-0.004700860938489951,1.54716118554733e-05,-1.5368788227067112e-05,2.1891608238220215,1.5148673701286315,0.6742936444282532,5,trapezoid_from_zero_normalized_by_max_fraction,True,correct,true_negative,high,medium,binary
cicids2017_binary,44,0,BENIGN,rid_d54fd2604c8e3a0e0358a6d0c8123d20,mlp,gradient_x_input,deletion,target_class_median,False,False,True,True,1,ATTACK,predicted_class_of_audited_model,0.0020926618017256,0.0018015772511717,-0.6112041272455826,-0.2594194511595415,-0.35178467608604114,0.02560927579518233,-0.4019788566445985,-0.21040142832603306,-0.40080269891954956,0.4180203974246979,0.1414769970346242,0.27654339144937695,5,trapezoid_from_zero_normalized_by_max_fraction,False,error,false_positive,low,medium,binary
cicids2017_binary,44,0,BENIGN,rid_9d172532a7a6f8bb52462457dd8f7f28,mlp,gradient_x_input,deletion,target_class_median,False,True,False,True,0,BENIGN,predicted_class_of_audited_model,0.9999998797737676,0.0002909643243213,2.1536730958615636e-07,4.027922010525486e-07,-1.874248914663923e-07,5.920132914709985e-08,-3.03459496594708e-07,3.0169276281677424e-07,-8.63254532306179e-08,0.21477992832660675,0.12529560990631577,0.08948432736098767,5,trapezoid_from_zero_normalized_by_max_fraction,True,correct,true_negative,medium,medium,binary
cicids2017_binary,44,0,BENIGN,rid_4f25f4c229612a2db37d3cd530e4857e,mlp,gradient_x_input,deletion,target_class_median,False,False,True,True,1,ATTACK,predicted_class_of_audited_model,0.0050331125967204,0.0047420280461665,-0.05966854267317103,-0.13096675740320096,0.07129821473002992,0.018656302636179845,0.03473186156311743,-0.23318163558318883,0.1735130929100178,0.2875070869922638,0.23892087666690348,0.048586195424199105,5,trapezoid_from_zero_normalized_by_max_fraction,False,error,false_positive,low,medium,binary
cicids2017_binary,44,0,BENIGN,rid_69fcec46dd313c0ba2544c0d9aa7af2a,mlp,gradient_x_input,deletion,target_class_median,False,True,False,True,0,BENIGN,predicted_class_of_audited_model,0.9999999999567196,0.0002910845072735,2.802843016674328e-05,0.0028157738820646524,-0.002787745451897909,0.0012183238251714723,-0.005175660149233995,0.005458833265932772,-0.005430804835766029,1.363358497619629,1.4222706902027131,-0.0589122760295868,5,trapezoid_from_zero_normalized_by_max_fraction,True,correct,true_negative,medium,medium,binary
cicids2017_binary,44,0,BENIGN,rid_44bea49e4e24040727b6e3260e7a282e,mlp,gradient_x_input,deletion,target_class_median,False,True,False,True,0,BENIGN,predicted_class_of_audited_model,0.9999999996270232,0.0002910841775771,1.072364636045542e-06,0.013742049920459734,-0.013740977555823687,0.0033191658630466756,-0.02024654264739517,0.021727512679636747,-0.021726440315000702,3.450721263885498,1.8228161938190461,1.6279051177501678,5,trapezoid_from_zero_normalized_by_max_fraction,True,correct,true_negative,medium,medium,binary
cicids2017_binary,44,0,BENIGN,rid_5f34fe6b491aeab6b880ce221ca67033,mlp,gradient_x_input,deletion,target_class_median,False,False,True,True,1,ATTACK,predicted_class_of_audited_model,0.0019629611633718,0.0016718766128179,-0.14689135912340134,-0.12406052816115698,-0.022830830962244367,0.018462319343248032,-0.05901697687501051,-0.13659316704212687,-0.010298192081274473,0.5955801010131836,0.2271207326501608,0.3684593862444162,5,trapezoid_from_zero_normalized_by_max_fraction,False,error,false_positive,low,medium,binary
cicids2017_binary,44,0,BENIGN,rid_a3b7b3c4e70dd3b958c08dc5a4feb108,mlp,gradient_x_input,deletion,target_class_median,False,True,False,True,0,BENIGN,predicted_class_of_audited_model,0.9999999968743633,0.000291081424917,4.861242201480431e-05,0.004087913315270135,-0.004039300893255331,0.0012786854413826025,-0.006545524358365232,0.005746670373739217,-0.005698057951724413,1.6875402927398682,1.2443531112670898,0.44318720531463623,5,trapezoid_from_zero_normalized_by_max_fraction,True,correct,true_negative,medium,medium,binary
cicids2017_binary,44,0,BENIGN,rid_9522aa530d6416e823b10f851fbbbd54,mlp,gradient_x_input,deletion,target_class_median,False,False,True,True,1,ATTACK,predicted_class_of_audited_model,0.0004448120889719,0.000153727538418,-0.7064916082876151,-0.19194229062823684,-0.5145493176593784,0.01692857005832779,-0.5477293149737008,-0.03592642220152584,-0.6705651860860895,1.6677767038345337,1.3584433171749113,0.30933335089683534,5,trapezoid_from_zero_normalized_by_max_fraction,False,error,false_positive,low,low,binary
cicids2017_binary,44,0,BENIGN,rid_1016d9594cd491eb7d4c9b190c8ae322,mlp,gradient_x_input,deletion,target_class_median,False,False,True,True,1,ATTACK,predicted_class_of_audited_model,0.0006747257430106,0.0003836411924567,-0.20170189016498627,-0.21812163809646765,0.016419747931481384,0.021829317011577233,-0.026365713411209996,-0.030027644302703663,-0.17167424586228258,2.0523765087127686,1.4749528880119323,0.5774235968589784,5,trapezoid_from_zero_normalized_by_max_fraction,False,error,false_positive,low,medium,binary
cicids2017_binary,44,0,BENIGN,rid_e05ff13022b2e47f679963c57f7b445c,mlp,gradient_x_input,deletion,target_class_median,False,True,False,True,0,BENIGN,predicted_class_of_audited_model,0.9999990307188682,0.000290115269422,0.0023673526609115925,0.0028640817515641986,-0.0004967290906526063,0.0009559888047830765,-0.002370467148027436,0.0006937933377754634,0.001673559323136129,4.389191627502441,3.3403761568069457,1.048815566062927,5,trapezoid_from_zero_normalized_by_max_fraction,True,correct,true_negative,medium,low,binary
cicids2017_binary,44,0,BENIGN,rid_128839b76407e20f8af0c75233803f63,mlp,gradient_x_input,deletion,target_class_median,False,False,True,True,1,ATTACK,predicted_class_of_audited_model,0.0010947920382022,0.0008037074876482,-0.2674527714028955,-0.41884703266440915,0.15139426126151373,0.02545951216352877,0.10149361742099734,-0.18092937548449844,-0.08652339591839703,0.6508525609970093,0.4659255518317222,0.18492698532342913,5,trapezoid_from_zero_normalized_by_max_fraction,False,error,false_positive,low,medium,binary
cicids2017_binary,44,0,BENIGN,rid_4a5676278e677f437bb108b929d26e6b,mlp,gradient_x_input,deletion,target_class_median,False,True,False,True,0,BENIGN,predicted_class_of_audited_model,1.0,0.0002910845505539,5.23613987407634e-07,0.008723827390423019,-0.008723303776435612,0.005841190776124579,-0.020172037697639787,4.795916482426854e-05,-4.743555083686091e-05,2.2074105739593506,1.7148111176490783,0.4925993847846984,5,trapezoid_from_zero_normalized_by_max_fraction,True,correct,true_negative,high,medium,binary
cicids2017_binary,44,0,BENIGN,rid_f4ae954e4048dc292da61b09e246ac08,mlp,gradient_x_input,deletion,target_class_median,False,False,True,True,1,ATTACK,predicted_class_of_audited_model,0.0019637320656329,0.0016726475150789,-0.48253059999551623,-0.1376266110021388,-0.3449039889933774,0.018733959601234727,-0.38162254981179744,-0.1817030614737887,-0.30082753852172756,0.1710410863161087,0.05672063843323849,0.11432043745205737,5,trapezoid_from_zero_normalized_by_max_fraction,False,error,false_positive,low,medium,binary
cicids2017_binary,44,0,BENIGN,rid_de494e8017506411102020d95f5941b6,mlp,gradient_x_input,deletion,target_class_median,False,True,False,True,0,BENIGN,predicted_class_of_audited_model,0.9999999363610286,0.0002910209115824,5.283817365864252e-08,3.460967810298143e-08,1.8228495555661083e-08,2.859342552661111e-09,1.2624184152445306e-08,3.425256000255672e-08,1.85856136560858e-08,0.008433805778622627,0.009707480399869382,-0.0012736741090193392,5,trapezoid_from_zero_normalized_by_max_fraction,True,correct,true_negative,medium,medium,binary
cicids2017_binary,44,0,BENIGN,rid_38161c52dc4105abccc19a726ed3e840,mlp,gradient_x_input,deletion,target_class_median,False,False,True,True,1,ATTACK,predicted_class_of_audited_model,0.000324440159602,3.3355609048100034e-05,-0.199703577289273,-0.09131649421374827,-0.10838708307552473,0.014887744167699207,-0.13756706164421517,-0.020326660550227083,-0.1793769167390459,1.6029958724975586,1.1434463002681734,0.45954967951774595,5,trapezoid_from_zero_normalized_by_max_fraction,False,error,false_positive,low,low,binary
cicids2017_binary,44,0,BENIGN,rid_3cc8a2ed18c39d306dde4ff03e6351a8,mlp,gradient_x_input,deletion,target_class_median,False,False,True,True,1,ATTACK,predicted_class_of_audited_model,0.0007069910061545,0.0004159064556006,-0.19133405236352702,-0.3078452724209765,0.11651122005744946,0.025007099298991933,0.06749730543142526,-0.19543308777777563,0.004099035414248622,0.663977324962616,0.5359945129156112,0.1279828418493271,5,trapezoid_from_zero_normalized_by_max_fraction,False,error,false_positive,low,medium,binary
cicids2017_binary,44,0,BENIGN,rid_d7427654e5cdda10bdeadc4c2005f0b0,mlp,gradient_x_input,deletion,target_class_median,False,True,False,True,0,BENIGN,predicted_class_of_audited_model,0.9999513829316128,0.0002424674821667,-4.573137408243611e-05,-2.3222601985565917e-05,-2.250877209687019e-05,1.3054366499577083e-06,-2.50674279307873e-05,-1.913943019562225e-05,-2.6591943886813853e-05,0.1399487555027008,0.04305845232494175,0.09689030615799128,5,trapezoid_from_zero_normalized_by_max_fraction,True,correct,true_negative,medium,low,binary
cicids2017_binary,44,0,BENIGN,rid_bc0ed2367be1555b07214841c995ed1b,mlp,gradient_x_input,deletion,target_class_median,False,False,True,True,1,ATTACK,predicted_class_of_audited_model,0.3645074367523193,0.3642163522017654,-0.0036403695587068907,0.0666646677134182,-0.07030503727212509,0.02106869271420414,-0.1115996749919652,-0.00335163961010153,-0.00028872994860537626,9.981317520141602,4.105210805177689,5.8761061427593235,5,trapezoid_from_zero_normalized_by_max_fraction,False,error,false_positive,low,high,binary
cicids2017_binary,44,0,BENIGN,rid_9083716dcd2411f5d6fbad11b1e3e79b,mlp,gradient_x_input,deletion,target_class_median,False,True,False,True,0,BENIGN,predicted_class_of_audited_model,0.9999998762998104,0.0002909608503642,4.233011667986731e-06,0.00021553710634272748,-0.00021130409467474075,8.042011560132497e-05,-0.0003689275212533377,0.0005111066168355525,-0.0005068736051675657,0.4925001263618469,0.3302152046561241,0.16228490978479387,5,trapezoid_from_zero_normalized_by_max_fraction,True,correct,true_negative,medium,medium,binary
cicids2017_binary,44,0,BENIGN,rid_42e2a319a7206317d034607313a14ca6,mlp,gradient_x_input,deletion,target_class_median,False,True,False,True,0,BENIGN,predicted_class_of_audited_model,0.999999999219628,0.000291083770182,4.481333986405822e-06,6.595373266370274e-06,-2.1140392799644523e-06,3.5140467694984428e-06,-9.0015709481814e-06,0.0001220724811522691,-0.00011759114716586328,1.1845719814300537,1.0786357007026672,0.10593619728088377,5,trapezoid_from_zero_normalized_by_max_fraction,True,correct,true_negative,medium,medium,binary
cicids2017_binary,44,0,BENIGN,rid_d8de40d0c84dcda670239cd28002b34c,mlp,gradient_x_input,deletion,target_class_median,False,False,True,True,1,ATTACK,predicted_class_of_audited_model,0.0041637457907199,0.003872661240166,-0.002260315690364223,-0.12883572949447988,0.12657541380411566,0.01904699083326395,0.08924331177091832,-0.196533721256812,0.19427340556644776,0.31015199422836304,0.2649988017827273,0.045153165623545655,5,trapezoid_from_zero_normalized_by_max_fraction,False,error,false_positive,low,medium,binary
cicids2017_binary,44,0,BENIGN,rid_5c98dc5c55b19c8d07baea44c8a67fbe,mlp,gradient_x_input,deletion,target_class_median,False,False,True,True,1,ATTACK,predicted_class_of_audited_model,0.0003281125100329,3.702795947900002e-05,-0.19838218007257072,-0.16450279444994817,-0.03387938562262252,0.01982443788311292,-0.07273528387352385,-0.09038663207894632,-0.10799554799362439,0.4549301266670227,0.30719155752658844,0.14773856317996978,5,trapezoid_from_zero_normalized_by_max_fraction,False,error,false_positive,low,low,binary
cicids2017_binary,44,0,BENIGN,rid_7f78ef62d35a53293f66385801b22e6a,mlp,gradient_x_input,deletion,target_class_median,False,False,True,True,1,ATTACK,predicted_class_of_audited_model,0.0054946788586676,0.0052035943081137,-0.47585534388781525,-0.1917008212182409,-0.28415452266957436,0.022928262303502304,-0.3290939167844389,-0.2861829680106166,-0.18967237587719865,0.2570445239543915,0.21393846887350082,0.043106069982051846,5,trapezoid_from_zero_normalized_by_max_fraction,False,error,false_positive,low,medium,binary
cicids2017_binary,44,0,BENIGN,rid_84a7d1506ee7034cfcbde99f1a6ca694,mlp,gradient_x_input,deletion,target_class_median,False,False,True,True,1,ATTACK,predicted_class_of_audited_model,0.000413919246057,0.0001228346955031,-0.2370194262606674,-0.22567040472993563,-0.011349021530731765,0.020775274553336248,-0.05206855965527081,-0.1398720555879372,-0.09714737067273019,0.9995034337043762,0.8010961618423462,0.19840723609924316,5,trapezoid_from_zero_normalized_by_max_fraction,False,error,false_positive,low,low,binary
cicids2017_binary,44,0,BENIGN,rid_5d6d3c0ae8084c57b4ce2b3196b46f1f,mlp,gradient_x_input,deletion,target_class_median,False,False,True,True,1,ATTACK,predicted_class_of_audited_model,0.0169734675437212,0.0166823829931672,0.008878109095710848,-0.1045689868813604,0.11344709597707126,0.018635868735622677,0.07692079325525081,-0.04526203079372086,0.0541401398894317,3.0766358375549316,2.833144811153412,0.24349085950851443,5,trapezoid_from_zero_normalized_by_max_fraction,False,error,false_positive,low,medium,binary
cicids2017_binary,44,0,BENIGN,rid_6ddeb23200fe5fc5e6d906579ccb6dbf,mlp,gradient_x_input,deletion,target_class_median,False,True,False,True,0,BENIGN,predicted_class_of_audited_model,0.999999787730502,0.0002908722810559,2.656143529904398e-05,0.027622269778325458,-0.027595708343026413,0.007002356444032371,-0.04132032697332986,0.03860417019955599,-0.03857760876425695,1.1960530281066895,1.0977621848583223,0.09829081940650937,5,trapezoid_from_zero_normalized_by_max_fraction,True,correct,true_negative,medium,medium,binary
cicids2017_binary,44,0,BENIGN,rid_791d4cc49f6c121383b013465f18bdba,mlp,gradient_x_input,deletion,target_class_median,False,True,False,True,0,BENIGN,predicted_class_of_audited_model,0.9999989209788964,0.0002900055294503,-7.508127310984491e-07,-3.632850086034978e-07,-3.875277224949514e-07,1.7583356953759407e-08,-4.2199110212431983e-07,-2.1289243076694217e-07,-5.379203003315069e-07,0.05886738374829292,0.025617165258154273,0.03325021327473223,5,trapezoid_from_zero_normalized_by_max_fraction,True,correct,true_negative,medium,low,binary
cicids2017_binary,44,0,BENIGN,rid_9042fda68806739ded78dc8c7c2f1d14,mlp,gradient_x_input,deletion,target_class_median,False,False,True,True,1,ATTACK,predicted_class_of_audited_model,0.0003973068669438,0.0001062223163899,-0.2736646039877087,-0.204848798791405,-0.06881580519630369,0.024079110977650354,-0.11601086271249839,-0.16173852229055047,-0.11192608169715823,0.4816054701805115,0.17833337736129762,0.3032720808982849,5,trapezoid_from_zero_normalized_by_max_fraction,False,error,false_positive,low,low,binary
cicids2017_binary,44,0,BENIGN,rid_f5dc1f5973be5ee1ef22e378fd1f11ea,mlp,gradient_x_input,deletion,target_class_median,False,True,False,True,0,BENIGN,predicted_class_of_audited_model,0.9999999999998258,0.0002910845503797,0.11939433795082485,0.006111846191915775,0.11328249175890909,0.005955610378883277,0.10160949541629787,0.0006490174254386158,0.11874532052538624,2.8598806858062744,2.3556674766540526,0.5042130422592164,5,trapezoid_from_zero_normalized_by_max_fraction,True,correct,true_negative,medium,medium,binary
cicids2017_binary,44,0,BENIGN,rid_fc68e4d9c539baf06d589acec060b528,mlp,gradient_x_input,deletion,target_class_median,False,True,False,True,0,BENIGN,predicted_class_of_audited_model,0.99999955519192,0.0002906397424737,-1.2126786117505616e-07,-8.210371936456795e-08,-3.9164141810488215e-08,4.697826008672511e-09,-4.837188078748634e-08,-6.06666410192247e-08,-6.060122015583146e-08,0.031095394864678383,0.022337499642279,0.008757895594928414,5,trapezoid_from_zero_normalized_by_max_fraction,True,correct,true_negative,medium,low,binary
cicids2017_binary,44,0,BENIGN,rid_5ae3333db5b2874b7dd0f3d04a2e903e,mlp,gradient_x_input,deletion,target_class_median,False,True,False,True,0,BENIGN,predicted_class_of_audited_model,0.9999941791652418,0.0002852637157957,-5.023906693679691e-06,-2.1411061236449317e-06,-2.8828005700347604e-06,1.4558571314403026e-07,-3.1681485677970596e-06,-1.7391183834831735e-06,-3.284788310196518e-06,0.062302909791469574,0.0283437373843044,0.033959170171990995,5,trapezoid_from_zero_normalized_by_max_fraction,True,correct,true_negative,medium,low,binary
cicids2017_binary,44,0,BENIGN,rid_ce81849f1daba6a42a2f375a900bc84e,mlp,gradient_x_input,deletion,target_class_median,False,True,False,True,0,BENIGN,predicted_class_of_audited_model,0.9999999977019014,0.0002910822524552,-8.370058091067279e-10,2.720017330642066e-05,-2.7201010312229768e-05,2.5714364338938117e-05,-7.760116441654847e-05,9.47952105390476e-05,-9.47960475448567e-05,0.5725947022438049,0.4534530729055405,0.1191416174173355,5,trapezoid_from_zero_normalized_by_max_fraction,True,correct,true_negative,medium,medium,binary
cicids2017_binary,44,0,BENIGN,rid_903a7e5a26cbf03bdfbd31c165374455,mlp,gradient_x_input,deletion,target_class_median,False,False,True,True,1,ATTACK,predicted_class_of_audited_model,0.0050231893546879,0.004732104804134,-0.1157781676214654,-0.15683980625773714,0.04106163863627172,0.020062299833655678,0.0017395309623065916,-0.19451457179229148,0.07873640417082609,0.5239935517311096,0.33864772236347196,0.1853457876443863,5,trapezoid_from_zero_normalized_by_max_fraction,False,error,false_positive,low,medium,binary
cicids2017_binary,44,0,BENIGN,rid_2f71a20695d6fb19c38da4fd2b3fdba6,mlp,gradient_x_input,deletion,target_class_median,False,True,False,True,0,BENIGN,predicted_class_of_audited_model,0.9999999907755956,0.0002910753261495,-8.762764508452037e-09,0.00297869188354315,-0.0029787006463076584,0.001626933856840758,-0.006167491005715543,0.003234884376165849,-0.0032348931389303568,0.775255024433136,0.6891355724334717,0.08611944007873536,5,trapezoid_from_zero_normalized_by_max_fraction,True,correct,true_negative,medium,medium,binary
cicids2017_binary,44,0,BENIGN,rid_0c6d01ca6ea1b262e89e6421a2992b40,mlp,gradient_x_input,deletion,target_class_median,False,False,True,True,1,ATTACK,predicted_class_of_audited_model,0.0055080610327422,0.0052169764821883,-0.4759102148775127,-0.15512414174516742,-0.32078607313234536,0.020253651479118378,-0.36048323003141736,-0.2502972788600982,-0.2256129360174145,0.2567550539970398,0.20950311717391013,0.04725195172429085,5,trapezoid_from_zero_normalized_by_max_fraction,False,error,false_positive,low,medium,binary
cicids2017_binary,44,0,BENIGN,rid_3529e04e9a2b14faeb393e1f3f46ae76,mlp,gradient_x_input,deletion,target_class_median,False,True,False,True,0,BENIGN,predicted_class_of_audited_model,0.9999965573699684,0.0002876419205221,-2.876523113570784e-06,-1.0321492467255667e-06,-1.8443738668452168e-06,9.528763665228885e-08,-2.031137634683703e-06,-9.663545789635463e-07,-1.910168534607237e-06,0.049751993268728256,0.027791351225227117,0.02196064092591405,5,trapezoid_from_zero_normalized_by_max_fraction,True,correct,true_negative,medium,low,binary
cicids2017_binary,44,0,BENIGN,rid_47e82f8abb2cde6941b140cd7b01affa,mlp,gradient_x_input,deletion,target_class_median,False,True,False,True,0,BENIGN,predicted_class_of_audited_model,0.999999998962036,0.0002910835125898,0.0006580714319957049,0.010793919509045376,-0.010135848077049672,0.004748833948288245,-0.01944356261569463,0.0041455431618228015,-0.0034874717298270966,1.246016263961792,1.1211997153759001,0.12481647706031802,5,trapezoid_from_zero_normalized_by_max_fraction,True,correct,true_negative,medium,medium,binary
cicids2017_binary,44,1,ATTACK,rid_90bf460c23de7f169569a903b5e5bcd4,mlp,gradient_x_input,deletion,target_class_median,False,False,True,False,0,BENIGN,predicted_class_of_audited_model,0.999916816537734,0.000207901088288,-7.748443206025967e-05,-2.659907349561763e-05,-5.088535856464205e-05,1.8811566636279935e-06,-5.457242562535291e-05,-2.7202753946880874e-05,-5.0281678113378806e-05,0.2155735045671463,0.06108976875804364,0.15448371494747698,5,trapezoid_from_zero_normalized_by_max_fraction,False,error,false_negative,medium,low,binary
cicids2017_binary,44,0,BENIGN,rid_f66a10e8c05e6da936e7c0ac88075983,mlp,gradient_x_input,deletion,target_class_median,False,True,False,True,0,BENIGN,predicted_class_of_audited_model,0.9999997244028124,0.0002908089533661,2.8176089474535317e-05,0.0004927492456672966,-0.0004645731561927612,0.00017655243239842678,-0.0008106159236936777,0.003684156126971332,-0.003655980037496796,0.6188440918922424,0.50684119451046,0.11200287353992462,5,trapezoid_from_zero_normalized_by_max_fraction,True,correct,true_negative,medium,medium,binary
cicids2017_binary,44,0,BENIGN,rid_925d38c41b222c06fa8bf565a6ad4fa2,mlp,gradient_x_input,deletion,target_class_median,False,False,True,True,1,ATTACK,predicted_class_of_audited_model,0.0046709771268069,0.004379892576253,-0.9354217652929946,-0.30673137267539274,-0.6286903926176018,0.023909989848911867,-0.6755539727214691,-0.2834317154735327,-0.6519900498194621,0.05245279148221016,0.0298300898091984,0.02262269981036661,5,trapezoid_from_zero_normalized_by_max_fraction,False,error,false_positive,low,medium,binary
cicids2017_binary,44,0,BENIGN,rid_bef7e91873bee07106e09436900506af,mlp,gradient_x_input,deletion,target_class_median,False,False,True,True,1,ATTACK,predicted_class_of_audited_model,0.0003299050731584,3.88205226045e-05,-0.25745550242136234,-0.1372489667156561,-0.12020653570570625,0.01753038822256206,-0.15456609662192788,-0.022028767446710135,-0.23542673497465216,1.0103150606155396,0.8189565806388854,0.1913584322929382,5,trapezoid_from_zero_normalized_by_max_fraction,False,error,false_positive,low,low,binary
cicids2017_binary,44,0,BENIGN,rid_d84a19391e0da0e4e920331ad040630b,mlp,gradient_x_input,deletion,target_class_median,False,True,False,True,0,BENIGN,predicted_class_of_audited_model,0.9999995144476088,0.0002905989981627,6.07153253895376e-08,-4.395127827194756e-08,1.0466660366148515e-07,1.1929654587318961e-08,8.128448067033999e-08,-4.524527173543901e-08,1.0596059712497661e-07,0.014316389337182045,0.01230759755265899,0.0020087902944069353,5,trapezoid_from_zero_normalized_by_max_fraction,True,correct,true_negative,medium,low,binary
cicids2017_binary,44,0,BENIGN,rid_23c9749e07e86541c2068e8918d7a595,mlp,gradient_x_input,deletion,target_class_median,False,False,True,True,1,ATTACK,predicted_class_of_audited_model,0.0012696932535618,0.0009786087030079,-0.7135286418604665,-0.17094690294715112,-0.5425817389133153,0.02345302597582393,-0.5885496698259302,-0.1655812841791194,-0.547947357681347,0.0659015104174614,0.04144921794906258,0.024452292468398813,5,trapezoid_from_zero_normalized_by_max_fraction,False,error,false_positive,low,medium,binary
cicids2017_binary,44,0,BENIGN,rid_dceb2bd536e8afe52f36d03c94eae70c,mlp,gradient_x_input,deletion,target_class_median,False,False,True,True,1,ATTACK,predicted_class_of_audited_model,0.0004089481662958,0.0001178636157419,-0.8003295325557701,-0.04718843175903137,-0.7531411007967387,0.00924710727231052,-0.7712654310504673,-0.006477772938761319,-0.7938517596170087,1.292978048324585,0.7432430556416512,0.5497351118922233,5,trapezoid_from_zero_normalized_by_max_fraction,False,error,false_positive,low,low,binary
cicids2017_binary,44,0,BENIGN,rid_2c414409ad4d75c92305367b644197ad,mlp,gradient_x_input,deletion,target_class_median,False,True,False,True,0,BENIGN,predicted_class_of_audited_model,0.9998226165334928,0.0001137010840465,-0.00016376574711216563,-9.481302958477045e-05,-6.895271752739518e-05,3.380169709218343e-06,-7.557785015746313e-05,-6.844934893018717e-05,-9.531639818197844e-05,0.17662444710731506,0.09641555735841392,0.08020888378843666,5,trapezoid_from_zero_normalized_by_max_fraction,True,correct,true_negative,medium,low,binary
cicids2017_binary,44,0,BENIGN,rid_c0b11bc8e9725c92990b9ee140824d40,mlp,gradient_x_input,deletion,target_class_median,False,True,False,True,0,BENIGN,predicted_class_of_audited_model,0.9999865198942643,0.0002776044448182,-1.2366754754111751e-05,-7.117020306679933e-06,-5.24973444743182e-06,2.412464212427712e-07,-5.7225774330676515e-06,-5.956976045581542e-06,-6.409778708530211e-06,0.13605760037899017,0.05082278482615947,0.08523483194410801,5,trapezoid_from_zero_normalized_by_max_fraction,True,correct,true_negative,medium,low,binary
cicids2017_binary,44,0,BENIGN,rid_7bffb88f3db9bd6b40183466e866cc81,mlp,gradient_x_input,deletion,target_class_median,False,True,False,True,0,BENIGN,predicted_class_of_audited_model,0.9999440737592522,0.0002351583098061,-4.93217999803619e-05,-2.9053164046217716e-05,-2.0268635934144184e-05,9.633887505971422e-07,-2.2156877885314583e-05,-2.263044283779436e-05,-2.669135714256754e-05,0.1155722364783287,0.07872101800143719,0.03685122294723987,5,trapezoid_from_zero_normalized_by_max_fraction,True,correct,true_negative,medium,low,binary
cicids2017_binary,44,0,BENIGN,rid_c254878acf2095d116ef4e1ec50b5a7a,mlp,gradient_x_input,deletion,target_class_median,False,True,False,True,0,BENIGN,predicted_class_of_audited_model,0.999993185198946,0.0002842697494997,-6.248291557042762e-06,-3.290739673431631e-06,-2.9575518836111312e-06,2.2234285200375454e-07,-3.39334387353849e-06,-2.2146110858400905e-06,-4.033680471202672e-06,0.15421876311302185,0.06957334857340902,0.08464541006926447,5,trapezoid_from_zero_normalized_by_max_fraction,True,correct,true_negative,medium,low,binary
cicids2017_binary,44,0,BENIGN,rid_6d656ac569bb8cd6bcf80fd7d1186b92,mlp,gradient_x_input,deletion,target_class_median,False,False,True,True,1,ATTACK,predicted_class_of_audited_model,0.0004083578241989,0.000117273273645,-0.2753052232495975,-0.2589342225995024,-0.016371000650095092,0.02649681731327468,-0.06830476258411347,-0.2039640124870784,-0.07134121076251905,0.48227208852767944,0.18112111267447473,0.3011509877741337,5,trapezoid_from_zero_normalized_by_max_fraction,False,error,false_positive,low,low,binary
cicids2017_binary,44,1,ATTACK,rid_42d35de314d0bd7e4b0b1c643c6768fe,mlp,gradient_x_input,deletion,target_class_median,False,True,False,True,1,ATTACK,predicted_class_of_audited_model,0.9999999403953552,0.9997088558448012,0.18714874684810634,0.41225597595180685,-0.22510722910370046,0.028394562595364298,-0.2807605717906145,0.23024168977340287,-0.0430929429252965,1.0030488967895508,0.9127221567630766,0.09032670426368712,5,trapezoid_from_zero_normalized_by_max_fraction,True,correct,true_positive,medium,high,binary
cicids2017_binary,44,0,BENIGN,rid_0245b92446477288d6bca37b54ef27a9,mlp,gradient_x_input,deletion,target_class_median,False,True,False,True,0,BENIGN,predicted_class_of_audited_model,0.999999671550313,0.0002907561008668,-1.340042828701371e-07,-9.789150666961178e-09,-1.2421513220317592e-07,6.315017181754712e-09,-1.3659256587941514e-07,-4.225721113471081e-09,-1.2977856175666603e-07,0.015677180141210556,0.010114559042965992,0.005562621843302622,5,trapezoid_from_zero_normalized_by_max_fraction,True,correct,true_negative,medium,low,binary
cicids2017_binary,44,0,BENIGN,rid_79fedbc6f1dc324932e51be4e75f485e,mlp,gradient_x_input,deletion,target_class_median,False,False,True,True,1,ATTACK,predicted_class_of_audited_model,0.004592134617269,0.0043010500667151,-0.3025605760107283,-0.17468039668014534,-0.12788017933058288,0.02181939163878427,-0.17064618694260003,-0.2168659755905537,-0.08569460042017453,0.5367193222045898,0.34937235844135284,0.18734698164463043,5,trapezoid_from_zero_normalized_by_max_fraction,False,error,false_positive,low,medium,binary
cicids2017_binary,44,0,BENIGN,rid_d021845ac75432a27180d864be595ace,mlp,gradient_x_input,deletion,target_class_median,False,False,True,True,1,ATTACK,predicted_class_of_audited_model,0.0005138728301972,0.0002227882796433,-0.6995804848498665,-0.15019120884475706,-0.5493892760051093,0.021221912442850096,-0.5909842243930955,-0.14787285394806712,-0.5517076309017993,0.34130173921585083,0.16860099241137505,0.17270073786377907,5,trapezoid_from_zero_normalized_by_max_fraction,False,error,false_positive,low,low,binary
cicids2017_binary,44,0,BENIGN,rid_8c2edcf72283b110e0a9e4e795fabd33,mlp,gradient_x_input,deletion,target_class_median,False,True,False,True,0,BENIGN,predicted_class_of_audited_model,0.9999999985253408,0.0002910830758946,2.4221813488267686e-08,0.0003195377377419159,-0.0003195135159284276,0.0001341147955914965,-0.0005823785152877607,0.011860344336054658,-0.01186032011424117,0.8222976922988892,0.7437261435985565,0.07857153677940369,5,trapezoid_from_zero_normalized_by_max_fraction,True,correct,true_negative,medium,medium,binary
cicids2017_binary,44,0,BENIGN,rid_891bd4ae8887c18f4c7f24fd06d7494e,mlp,gradient_x_input,deletion,target_class_median,False,False,True,True,1,ATTACK,predicted_class_of_audited_model,0.0039975796826183,0.0037064951320644,-0.9141358318971471,-0.25373296115547417,-0.6604028707416728,0.023361811002085186,-0.7061920203057598,-0.2993338555130176,-0.6148019763841294,0.05223061889410019,0.029950969508558044,0.022279653110832444,5,trapezoid_from_zero_normalized_by_max_fraction,False,error,false_positive,low,medium,binary
cicids2017_binary,44,0,BENIGN,rid_72b0c4f87c4b29674bff62560ead3526,mlp,gradient_x_input,deletion,target_class_median,False,False,True,True,1,ATTACK,predicted_class_of_audited_model,0.0003580583725124,6.697382195850003e-05,-0.314652585296426,-0.09662344850864632,-0.21802913678777966,0.01598701115237,-0.24936367864642486,-0.02059090550870813,-0.29406167978771786,1.0691206455230713,0.7753917664289475,0.29372889101505284,5,trapezoid_from_zero_normalized_by_max_fraction,False,error,false_positive,low,low,binary
cicids2017_binary,44,0,BENIGN,rid_65f923945c25103d9e7e6401f8ca2bb9,mlp,gradient_x_input,deletion,target_class_median,False,True,False,True,0,BENIGN,predicted_class_of_audited_model,0.9999999649183736,0.0002910494689274,1.0486042276791616e-05,0.0024956371643789586,-0.002485151122102167,0.0008453688781792599,-0.004142074123333516,0.0029919904974310737,-0.002981504455154282,1.5072767734527588,1.0385187313556672,0.4687579467296601,5,trapezoid_from_zero_normalized_by_max_fraction,True,correct,true_negative,medium,medium,binary
cicids2017_binary,44,0,BENIGN,rid_e99a80a21c8b8189f4ac62358a0e6093,mlp,gradient_x_input,deletion,target_class_median,False,False,True,True,1,ATTACK,predicted_class_of_audited_model,0.0015704168472439,0.00127933229669,-0.7049023174331523,-0.15891942083893812,-0.5459828965942143,0.0224305614416323,-0.5899467970198136,-0.15667694214195946,-0.548225375291193,0.056446630507707596,0.035503543394384905,0.02094308487814851,5,trapezoid_from_zero_normalized_by_max_fraction,False,error,false_positive,low,medium,binary
cicids2017_binary,44,0,BENIGN,rid_88f05a098aa34861d4a3c3d3eb62d0e0,mlp,gradient_x_input,deletion,target_class_median,False,False,True,True,1,ATTACK,predicted_class_of_audited_model,0.0091742305085062,0.0088831459579523,-0.2115067161154002,-0.23892261679838972,0.02741590068298952,0.02497388728492372,-0.021532918395460975,-0.23114028303872328,0.019633566923323076,0.595747709274292,0.39915188735723495,0.19659583979845047,5,trapezoid_from_zero_normalized_by_max_fraction,False,error,false_positive,low,medium,binary
cicids2017_binary,44,0,BENIGN,rid_9c1fb08eebfa9c131152c6f3bf7afc3f,mlp,gradient_x_input,deletion,target_class_median,False,True,False,True,0,BENIGN,predicted_class_of_audited_model,0.9999972757059368,0.0002883602564906,-2.5555580774216937e-06,0.0019799562280540775,-0.001982511786131499,0.0006670428472112807,-0.0032899157666656095,0.011420642925989204,-0.011423198484066624,0.8539854288101196,0.5887414082288742,0.26524398481845857,5,trapezoid_from_zero_normalized_by_max_fraction,True,correct,true_negative,medium,low,binary
cicids2017_binary,44,0,BENIGN,rid_910aad19325cd4ccae3f06fa19ad59ec,mlp,gradient_x_input,deletion,target_class_median,False,False,True,True,1,ATTACK,predicted_class_of_audited_model,0.0028202780522406,0.0025291935016867,0.0010280104557750746,-0.04483620883747335,0.04586421929324842,0.010526774381916253,0.025231741504692567,-0.06853634526556016,0.06956435572133522,0.36767464876174927,0.3028894744515419,0.06478515046834946,5,trapezoid_from_zero_normalized_by_max_fraction,False,error,false_positive,low,medium,binary
cicids2017_binary,44,0,BENIGN,rid_163d5aaa7ae1b43503165861ed565cf1,mlp,gradient_x_input,deletion,target_class_median,False,False,True,True,1,ATTACK,predicted_class_of_audited_model,0.0007013759459368,0.0004102913953829,-0.5529965208348586,-0.22438628802640598,-0.3286102328084526,0.02293601793017868,-0.3735648279516028,-0.16856879754620605,-0.3844277232886525,0.2822372317314148,0.1527179125994444,0.12951933701336382,5,trapezoid_from_zero_normalized_by_max_fraction,False,error,false_positive,low,medium,binary
cicids2017_binary,44,0,BENIGN,rid_14bb75df2d40ea1abddc3c3512ecc903,mlp,gradient_x_input,deletion,target_class_median,False,False,True,True,1,ATTACK,predicted_class_of_audited_model,0.0005071140476502,0.0002160294970963,-0.16141761610015237,-0.12186793788689373,-0.03954967821325864,0.017659828561016375,-0.07416294219285073,-0.12667796764009653,-0.03473964846005584,0.5772186517715454,0.4419125997424126,0.135306004345417,5,trapezoid_from_zero_normalized_by_max_fraction,False,error,false_positive,low,low,binary
cicids2017_binary,44,0,BENIGN,rid_f138e3a9b4b250f23e40123e1477450b,mlp,gradient_x_input,deletion,target_class_median,False,True,False,True,0,BENIGN,predicted_class_of_audited_model,0.9999582702475892,0.0002493547981429,-3.8972081693522395e-05,6.181233412510424e-06,-4.5153315106032826e-05,3.62175544372302e-06,-5.225195577572995e-05,1.0062579776981543e-07,-3.907270749129222e-05,0.4489021897315979,0.137695388071239,0.31120680464059114,5,trapezoid_from_zero_normalized_by_max_fraction,True,correct,true_negative,medium,low,binary
cicids2017_binary,44,0,BENIGN,rid_a32ff0677222d2bce5d6b01192700873,mlp,gradient_x_input,deletion,target_class_median,False,False,True,True,1,ATTACK,predicted_class_of_audited_model,0.0003884530742652,9.73685237113e-05,-0.0023675453063333406,-0.2474278571826071,0.24506031187627375,0.023076422643629843,0.19983052349475927,-0.16418125464603328,0.16181370933969993,0.4246644377708435,0.3809323378801346,0.043732105851173396,5,trapezoid_from_zero_normalized_by_max_fraction,False,error,false_positive,low,low,binary
cicids2017_binary,44,0,BENIGN,rid_1d61d54b178ff469827d373bf512516f,mlp,gradient_x_input,deletion,target_class_median,False,False,True,True,1,ATTACK,predicted_class_of_audited_model,0.347438782453537,0.3471476979029831,0.1345308114978252,-0.08313830247940132,0.21766911397722657,0.027207517414014216,0.16434237984575872,-0.09967647073552507,0.23420728223335027,0.3518681824207306,0.3242623010277748,0.0276058754324913,5,trapezoid_from_zero_normalized_by_max_fraction,False,error,false_positive,low,medium,binary
cicids2017_binary,44,0,BENIGN,rid_5870264528ae74ee59f50b946b4f3dc1,mlp,gradient_x_input,deletion,target_class_median,False,True,False,True,0,BENIGN,predicted_class_of_audited_model,0.9999944527380648,0.0002855372886187,-5.026984383960098e-06,-2.3434504332726647e-06,-2.6835339506874332e-06,1.3032484585053105e-07,-2.938970648554474e-06,-1.617190906046062e-06,-3.4097934779140357e-06,0.11438967287540436,0.02873430957226083,0.08565535436244681,5,trapezoid_from_zero_normalized_by_max_fraction,True,correct,true_negative,medium,low,binary
cicids2017_binary,44,0,BENIGN,rid_ac6d6433f74344218b407ac259d826d2,mlp,gradient_x_input,deletion,target_class_median,False,False,True,True,1,ATTACK,predicted_class_of_audited_model,0.0029926248826086,0.0027015403320547,-0.4541470247524557,-0.37619493793593395,-0.07795208681652187,0.026231731826821206,-0.12936628119709143,-0.1925704322786538,-0.261576592473802,0.9192203283309937,0.8266076807975768,0.0926126713752747,5,trapezoid_from_zero_normalized_by_max_fraction,False,error,false_positive,low,medium,binary
cicids2017_binary,44,0,BENIGN,rid_56fc9d5d0b73a6864ebf67eff76c51dd,mlp,gradient_x_input,deletion,target_class_median,False,False,True,True,1,ATTACK,predicted_class_of_audited_model,0.0004329042276367,0.0001418196770828,-0.8621547888906207,-0.12182155610715172,-0.740333232783469,0.018283132395229197,-0.7761681722781182,-0.04933719444097468,-0.8128175944496461,0.9245530962944031,0.6435472171306611,0.28100595068931583,5,trapezoid_from_zero_normalized_by_max_fraction,False,error,false_positive,low,low,binary
cicids2017_binary,44,0,BENIGN,rid_35dc41a5d6be4e97b00a2db556f849ac,mlp,gradient_x_input,deletion,target_class_median,False,False,True,True,1,ATTACK,predicted_class_of_audited_model,0.0005933922366239,0.00030230768607,-0.4225602648599306,-0.3456983573024772,-0.07686190755745337,0.02497292545513035,-0.12580884144950885,-0.11646739112593787,-0.30609287373399274,0.8018690347671509,0.5218846231102943,0.2799843997359276,5,trapezoid_from_zero_normalized_by_max_fraction,False,error,false_positive,low,medium,binary
cicids2017_binary,44,0,BENIGN,rid_908a4e469749d3cbc6ae1b43827a2c56,mlp,gradient_x_input,deletion,target_class_median,False,True,False,True,0,BENIGN,predicted_class_of_audited_model,0.9997501781908796,4.126274143349996e-05,-0.00023549200921877398,-9.543527822586384e-05,-0.0001400567309929102,6.153425668778867e-06,-0.00015211744530371676,-8.506428782976628e-05,-0.00015042772138900774,0.4423912465572357,0.08915680222213267,0.353234456256032,5,trapezoid_from_zero_normalized_by_max_fraction,True,correct,true_negative,medium,low,binary
cicids2017_binary,44,0,BENIGN,rid_18d17511d05d54af87c1576049105477,mlp,gradient_x_input,deletion,target_class_median,False,True,False,True,0,BENIGN,predicted_class_of_audited_model,0.9999999999999948,0.0002910845505488,4.193192944906832e-05,3.414620697545367e-05,7.78572247361465e-06,2.0324169941365617e-05,-3.2049650611461954e-05,1.1427948591589244e-05,3.0503980857479076e-05,1.3741813898086548,1.089646416425705,0.28453499722480774,5,trapezoid_from_zero_normalized_by_max_fraction,True,correct,true_negative,medium,medium,binary
cicids2017_binary,44,0,BENIGN,rid_fc754ff8c24b15f5648c0e4e26017ea9,mlp,gradient_x_input,deletion,target_class_median,False,True,False,True,0,BENIGN,predicted_class_of_audited_model,0.9999878436319704,0.0002789281825243,-9.823440450418275e-06,-6.536089600956529e-06,-3.2873508494617456e-06,1.8490662591087257e-07,-3.6497678362470558e-06,-5.192899419967034e-06,-4.630541030451241e-06,0.06529682874679565,0.040647796414792534,0.024649029351770876,5,trapezoid_from_zero_normalized_by_max_fraction,True,correct,true_negative,medium,low,binary
cicids2017_binary,44,0,BENIGN,rid_69003d192edf4f7e94b5d8b3ad4d8ec2,mlp,gradient_x_input,deletion,target_class_median,False,False,True,True,1,ATTACK,predicted_class_of_audited_model,0.0021304285619407,0.0018393440113867,-0.6397350159706547,-0.13264872321102306,-0.5070862927596318,0.0164257700114457,-0.5392808019820654,-0.18221464375033974,-0.45752037222031505,0.17305222153663635,0.05944757416611537,0.11360464960569516,5,trapezoid_from_zero_normalized_by_max_fraction,False,error,false_positive,low,medium,binary
cicids2017_binary,44,0,BENIGN,rid_9b41f77b3dd1aa90b22266dad1ae3f9c,mlp,gradient_x_input,deletion,target_class_median,False,True,False,True,0,BENIGN,predicted_class_of_audited_model,0.999939544348308,0.000230628898862,-5.731320415915398e-05,0.009521702750595464,-0.009579015954754619,0.0025637994282958856,-0.014604062834214554,0.02650706907524321,-0.02656438227940236,1.0714510679244995,0.7708344478607178,0.3006166319847107,5,trapezoid_from_zero_normalized_by_max_fraction,True,correct,true_negative,medium,low,binary
cicids2017_binary,44,0,BENIGN,rid_4b045d983a0797d59c1ddc6aa98710fa,mlp,gradient_x_input,deletion,target_class_median,False,False,True,True,1,ATTACK,predicted_class_of_audited_model,0.0011923946440219,0.000901310093468,-0.07737554223276674,-0.0814818577146807,0.004106315481913951,0.015312405262702396,-0.025905998832982745,-0.1294798354828017,0.05210429325003496,0.5069640278816223,0.3658290138840675,0.14113500803709028,5,trapezoid_from_zero_normalized_by_max_fraction,False,error,false_positive,low,medium,binary
cicids2017_binary,44,0,BENIGN,rid_a6272edca821288ba745068ac8edfd2c,mlp,gradient_x_input,deletion,target_class_median,False,True,False,True,0,BENIGN,predicted_class_of_audited_model,0.9999613857653458,0.0002524703158996,-3.564066429362356e-05,-2.2191564360866777e-05,-1.344909993275678e-05,5.937444867230222e-07,-1.4612839126733903e-05,-1.9893973966134124e-05,-1.574669032748943e-05,0.12409502267837524,0.05146029986953362,0.07263471982860939,5,trapezoid_from_zero_normalized_by_max_fraction,True,correct,true_negative,medium,low,binary
cicids2017_binary,44,0,BENIGN,rid_031794b4b965153e2426d130626d5617,mlp,gradient_x_input,deletion,target_class_median,False,False,True,True,1,ATTACK,predicted_class_of_audited_model,0.0003096944128628,1.860986230890001e-05,-0.06689666132715502,-0.12609400254488923,0.05919734121773422,0.019880346592526285,0.0202318618963827,-0.1081387212826121,0.041242059955457086,0.8235419392585754,0.4984304879307747,0.32511139172315595,5,trapezoid_from_zero_normalized_by_max_fraction,False,error,false_positive,low,low,binary
cicids2017_binary,44,0,BENIGN,rid_adc8f6f4a376e2ef822685b27a989789,mlp,gradient_x_input,deletion,target_class_median,False,False,True,True,1,ATTACK,predicted_class_of_audited_model,0.0004828543460462,0.0001917697954923,-0.2767284028130234,-0.22766218636579538,-0.04906621644722803,0.01909473395529047,-0.08649189499959735,-0.13026949744793956,-0.14645890536508388,1.0029042959213257,0.7939979177713394,0.20890647351741798,5,trapezoid_from_zero_normalized_by_max_fraction,False,error,false_positive,low,low,binary
cicids2017_binary,44,0,BENIGN,rid_b84cb111b2519ade4441742284f579ee,mlp,gradient_x_input,deletion,target_class_median,False,False,True,True,1,ATTACK,predicted_class_of_audited_model,0.0011248463997617,0.0008337618492077,-0.2619590013346169,-0.4211987334665028,0.1592397321318858,0.025237021117255017,0.10977517074206597,-0.16800911770496169,-0.09394988362965523,0.6636279821395874,0.4751169513463974,0.1885110069513321,5,trapezoid_from_zero_normalized_by_max_fraction,False,error,false_positive,low,medium,binary
cicids2017_binary,44,0,BENIGN,rid_61e1d432afb51b03effb5675fafdab08,mlp,gradient_x_input,deletion,target_class_median,False,True,False,True,0,BENIGN,predicted_class_of_audited_model,0.9999982913365102,0.000289375887064,-1.4652102180434667e-06,-2.8818541566977275e-07,-1.1770248023736939e-06,5.439780812409723e-08,-1.2836445062969244e-06,-3.1955519646942325e-07,-1.1456550215740434e-06,0.08011448383331299,0.017654208301100878,0.0624602781399153,5,trapezoid_from_zero_normalized_by_max_fraction,True,correct,true_negative,medium,low,binary
cicids2017_binary,44,0,BENIGN,rid_3b525886eff99a3fe6b4e2782bfac862,mlp,gradient_x_input,deletion,target_class_median,False,False,True,True,1,ATTACK,predicted_class_of_audited_model,0.0010391244431957,0.0007480398926417,-0.06525197158916854,-0.10485051223996561,0.039598540650797084,0.018008827797171573,0.0043012381683407985,-0.14176804470494975,0.0765160731157812,0.33803901076316833,0.15181670869886874,0.1862223139852285,5,trapezoid_from_zero_normalized_by_max_fraction,False,error,false_positive,low,medium,binary
cicids2017_binary,44,0,BENIGN,rid_903bd69a5211546ffe4da4bf48d2b4a0,mlp,gradient_x_input,deletion,target_class_median,False,False,True,True,1,ATTACK,predicted_class_of_audited_model,0.0066191051155328,0.0063280205649789,-0.2735407481435686,-0.26723004944035894,-0.0063106987032096745,0.025207848507834772,-0.055718081778565826,-0.2538630065360739,-0.019677741607494678,0.4927915036678314,0.32913267582654954,0.16365883976221082,5,trapezoid_from_zero_normalized_by_max_fraction,False,error,false_positive,low,medium,binary
cicids2017_binary,44,0,BENIGN,rid_ed112db88bbcd3ee48997c67275488fa,mlp,gradient_x_input,deletion,target_class_median,False,False,True,True,1,ATTACK,predicted_class_of_audited_model,0.0045306179672479,0.004239533416694,-0.19578370098024606,-0.3939634608315153,0.19817975985126923,0.02788145833445579,0.1435321015157359,-0.18537607325979855,-0.010407627720447503,1.6180299520492554,1.1601842651367187,0.45784562730789186,5,trapezoid_from_zero_normalized_by_max_fraction,False,error,false_positive,low,medium,binary
cicids2017_binary,44,0,BENIGN,rid_2d02d4186b0e6dccd02234615a0b18ce,mlp,gradient_x_input,deletion,target_class_median,False,True,False,True,0,BENIGN,predicted_class_of_audited_model,0.9999999433073476,0.0002910278579015,2.5918340185171474e-08,3.0293535150605066e-08,-4.375194965433592e-09,2.0342094138935025e-09,-8.362245416664857e-09,4.0049528120533754e-08,-1.4131187935362277e-08,0.00823967345058918,0.011470616987440735,-0.003230943536851555,5,trapezoid_from_zero_normalized_by_max_fraction,True,correct,true_negative,medium,medium,binary
cicids2017_binary,44,0,BENIGN,rid_fd63f0d612c9f090f6e0e49dbcb1ea88,mlp,gradient_x_input,deletion,target_class_median,False,False,True,True,1,ATTACK,predicted_class_of_audited_model,0.0005201856256462,0.0002291010750923,-0.20140053085074217,-0.16254525198056835,-0.0388552788701738,0.018468594907085408,-0.0750537248880612,-0.07061252940406756,-0.1307880014466746,1.4267935752868652,1.0634787678718565,0.3633147954940796,5,trapezoid_from_zero_normalized_by_max_fraction,False,error,false_positive,low,low,binary
cicids2017_binary,44,0,BENIGN,rid_22b64a1fbb73d7db4f5292deebd20dca,mlp,gradient_x_input,deletion,target_class_median,False,False,True,True,1,ATTACK,predicted_class_of_audited_model,0.0003127269446849,2.164239413100002e-05,-0.2818721396848559,-0.13202054817939746,-0.1498515915054585,0.015568207747082723,-0.18036527868974062,-0.019398376904375233,-0.26247376278048073,1.0829647779464722,0.8714417606592179,0.21152302920818328,5,trapezoid_from_zero_normalized_by_max_fraction,False,error,false_positive,low,low,binary
cicids2017_binary,44,0,BENIGN,rid_0c91f6302864f78d143216883eb0bdfe,mlp,gradient_x_input,deletion,target_class_median,False,False,True,True,1,ATTACK,predicted_class_of_audited_model,0.0003702004032675,7.911585271360002e-05,-0.2701105398373329,-0.0728865464581547,-0.19722399337917823,0.013872826567670369,-0.22441473345181215,-0.024051901083685483,-0.24605863875364742,0.9083572626113892,0.6543173180818558,0.25403998625278473,5,trapezoid_from_zero_normalized_by_max_fraction,False,error,false_positive,low,low,binary
cicids2017_binary,44,1,ATTACK,rid_41d6a454392d5761ead8b728a85a91e7,mlp,gradient_x_input,deletion,target_class_median,False,True,False,True,1,ATTACK,predicted_class_of_audited_model,0.9999000430107116,0.9996089584601576,0.9484822893585154,0.4908898153768142,0.4575924739817012,0.028043016118657678,0.4026281623891322,0.3212664918158601,0.6272157975426552,5.874405860900879,4.945586821556091,0.9288184194564819,5,trapezoid_from_zero_normalized_by_max_fraction,True,correct,true_positive,medium,high,binary
cicids2017_binary,44,1,ATTACK,rid_e66bf801b75b3c01cf88b3814442f25e,mlp,gradient_x_input,deletion,target_class_median,False,True,False,True,1,ATTACK,predicted_class_of_audited_model,1.0,0.999708915449446,0.1878942668437958,0.32154281466757595,-0.13364854782378016,0.02648292071305834,-0.1855550724213745,0.22381467346660217,-0.03592040662280638,1.514465093612671,1.9169466000795368,-0.40248147666454315,5,trapezoid_from_zero_normalized_by_max_fraction,True,correct,true_positive,high,high,binary
cicids2017_binary,44,1,ATTACK,rid_d59f7c0203a9670a00dcac4674a92bea,mlp,gradient_x_input,deletion,target_class_median,False,True,False,True,1,ATTACK,predicted_class_of_audited_model,1.0,0.999708915449446,0.1864820659160614,0.3174663193344016,-0.13098425341834022,0.02668330770509901,-0.18328353652033427,0.2656917829175327,-0.07920971700147131,1.5133006572723389,1.8889553165435793,-0.3756546592712402,5,trapezoid_from_zero_normalized_by_max_fraction,True,correct,true_positive,high,high,binary
cicids2017_binary,44,1,ATTACK,rid_043f92e873111ba870b05b87f34e986d,mlp,gradient_x_input,deletion,target_class_median,False,False,True,False,0,BENIGN,predicted_class_of_audited_model,1.0,0.0002910845505539,6.038756402304557e-06,0.015360120754280154,-0.01535408199787785,0.0066278169127458805,-0.028344603146859777,0.010036108872610113,-0.01003007011620781,32.588417053222656,13.888204931735993,18.700212121486665,5,trapezoid_from_zero_normalized_by_max_fraction,False,error,false_negative,high,medium,binary
cicids2017_binary,44,1,ATTACK,rid_aba5c9069424ffa42d9e26d3e5a932ff,mlp,gradient_x_input,deletion,target_class_median,False,True,False,True,1,ATTACK,predicted_class_of_audited_model,1.0,0.999708915449446,5.960464477539063e-08,0.16405747552875233,-0.16405741592410755,0.021919654979699103,-0.2070199396843178,0.19835499784069804,-0.19835493823605327,0.9909966588020325,1.3824486109018326,-0.39145202362537385,5,trapezoid_from_zero_normalized_by_max_fraction,True,correct,true_positive,high,high,binary
cicids2017_binary,44,1,ATTACK,rid_1a100691e84152ac1ba9104a7a2251ab,mlp,gradient_x_input,deletion,target_class_median,False,True,False,True,1,ATTACK,predicted_class_of_audited_model,0.9989810585975648,0.9986899740470108,0.9137152228504419,0.4423352104567166,0.47138001239372535,0.028883385514763833,0.41476857678478823,0.23050859066402699,0.6832066321864149,0.931251049041748,0.6137316144108773,0.31751944655179976,5,trapezoid_from_zero_normalized_by_max_fraction,True,correct,true_positive,medium,high,binary
cicids2017_binary,44,1,ATTACK,rid_b485f5911e9b82364e86a91f5595fae7,mlp,gradient_x_input,deletion,target_class_median,False,True,False,True,1,ATTACK,predicted_class_of_audited_model,0.999999463558197,0.9997083790076432,0.8557129586872179,0.38582066598426945,0.4698922927029484,0.028160628902119452,0.4146974600547943,0.17972422583671788,0.6759887328505001,1.391084909439087,1.3140924010276793,0.07699254417419435,5,trapezoid_from_zero_normalized_by_max_fraction,True,correct,true_positive,medium,high,binary
cicids2017_binary,44,1,ATTACK,rid_393feb2e851e739937273bb31513172c,mlp,gradient_x_input,deletion,target_class_median,False,False,True,False,0,BENIGN,predicted_class_of_audited_model,0.999999994808516,0.0002910793590697,0.09995762755721306,0.11830325970521041,-0.018345632147997372,0.015253543626185239,-0.04824257765532044,0.16255827982881899,-0.06260065227160594,3.8324999809265137,2.1374767484664914,1.6950233516693118,5,trapezoid_from_zero_normalized_by_max_fraction,False,error,false_negative,medium,medium,binary
cicids2017_binary,44,1,ATTACK,rid_e35698b68db40242ffebecd001af78d6,mlp,gradient_x_input,deletion,target_class_median,False,True,False,True,1,ATTACK,predicted_class_of_audited_model,0.8820112943649292,0.8817202098143753,0.5135736566880951,0.3403886796646901,0.17318497702340502,0.024446763661081273,0.12526932024768572,0.259720697467387,0.25385295922070805,3.1721138954162598,2.848592315673828,0.3235213413238526,5,trapezoid_from_zero_normalized_by_max_fraction,True,correct,true_positive,low,high,binary
cicids2017_binary,44,1,ATTACK,rid_4898ca22cb7774a2d70b972769ec564b,mlp,gradient_x_input,deletion,target_class_median,False,True,False,True,1,ATTACK,predicted_class_of_audited_model,1.0,0.999708915449446,0.0,0.175248234364688,-0.175248234364688,0.023644319307658448,-0.22159110020769857,0.19210391408428107,-0.19210391408428107,1.0852717161178589,1.4128127336502074,-0.3275409817695618,5,trapezoid_from_zero_normalized_by_max_fraction,True,correct,true_positive,high,high,binary
cicids2017_binary,44,1,ATTACK,rid_9c4ca9c523696359bfb19650cc092759,mlp,gradient_x_input,deletion,target_class_median,False,False,True,False,0,BENIGN,predicted_class_of_audited_model,0.9999975309310684,0.0002886154816223,0.0005360416451230642,0.023793697272035716,-0.02325765562691265,0.008469478270951276,-0.039857833037977144,0.016626354103154474,-0.01609031245803141,2.88340425491333,2.5117657165527345,0.3716384906768799,5,trapezoid_from_zero_normalized_by_max_fraction,False,error,false_negative,medium,low,binary
cicids2017_binary,44,1,ATTACK,rid_ab7319b35e524962d709498b8897b1d6,mlp,gradient_x_input,deletion,target_class_median,False,True,False,True,1,ATTACK,predicted_class_of_audited_model,1.0,0.999708915449446,0.0,0.00501092004776001,-0.00501092004776001,0.0035505918955771472,-0.011970080163091219,0.12245445355366445,-0.12245445355366445,0.29584071040153503,0.27986301473528147,0.01597770376875996,5,trapezoid_from_zero_normalized_by_max_fraction,True,correct,true_positive,high,high,binary
cicids2017_binary,44,1,ATTACK,rid_26b4a0393cb2d686df1b32c8cded3309,mlp,gradient_x_input,deletion,target_class_median,False,True,False,True,1,ATTACK,predicted_class_of_audited_model,1.0,0.999708915449446,0.0,0.06735229161549294,-0.06735229161549294,0.01563950932762058,-0.09800572989762928,0.11654267365368116,-0.11654267365368116,0.25988394021987915,0.28864121785201136,-0.028757258446887136,5,trapezoid_from_zero_normalized_by_max_fraction,True,correct,true_positive,high,high,binary
cicids2017_binary,44,1,ATTACK,rid_dde631c3b2b39fb93fd51d3ae412fc2d,mlp,gradient_x_input,deletion,target_class_median,False,True,False,True,1,ATTACK,predicted_class_of_audited_model,1.0,0.999708915449446,0.0,0.011423918388783932,-0.011423918388783932,0.005882322549213458,-0.02295327058524231,0.04355480034389416,-0.04355480034389416,0.40414056181907654,0.3488089031800628,0.055331637404859045,5,trapezoid_from_zero_normalized_by_max_fraction,True,correct,true_positive,high,high,binary
cicids2017_binary,44,1,ATTACK,rid_d75d06afa79953a870b8739a5530e021,mlp,gradient_x_input,deletion,target_class_median,False,True,False,True,1,ATTACK,predicted_class_of_audited_model,1.0,0.999708915449446,0.0,0.051270895826688506,-0.051270895826688506,0.012406876733943396,-0.07558837422521757,0.13482082715360658,-0.13482082715360658,0.30504292249679565,0.31199129098095,-0.0069483623374253425,5,trapezoid_from_zero_normalized_by_max_fraction,True,correct,true_positive,high,high,binary
cicids2017_binary,44,1,ATTACK,rid_f97e39945151211041ca7c88c3bf6047,mlp,gradient_x_input,deletion,target_class_median,False,True,False,True,1,ATTACK,predicted_class_of_audited_model,1.0,0.999708915449446,0.0,0.045610808172334136,-0.045610808172334136,0.012907344202958618,-0.07090920281013302,0.1376506551762545,-0.1376506551762545,0.30251091718673706,0.3082960463240743,-0.00578512597084045,5,trapezoid_from_zero_normalized_by_max_fraction,True,correct,true_positive,high,high,binary
cicids2017_binary,44,1,ATTACK,rid_666198206aa3c95f127beb9fc306282d,mlp,gradient_x_input,deletion,target_class_median,False,True,False,True,1,ATTACK,predicted_class_of_audited_model,1.0,0.999708915449446,0.0,0.03174221544945612,-0.03174221544945612,0.011351038700759883,-0.05399025130294549,0.10727370727440871,-0.10727370727440871,0.334015429019928,0.3296014805529267,0.0044139348696917245,5,trapezoid_from_zero_normalized_by_max_fraction,True,correct,true_positive,high,high,binary
cicids2017_binary,44,1,ATTACK,rid_3f02f30285a85dc96f59c874926c2dc9,mlp,gradient_x_input,deletion,target_class_median,False,True,False,True,1,ATTACK,predicted_class_of_audited_model,1.0,0.999708915449446,0.0,0.01708729805050098,-0.01708729805050098,0.007301027055635619,-0.0313973110795468,0.13148972140461773,-0.13148972140461773,0.28079742193222046,0.2890236002840102,-0.008226184777915469,5,trapezoid_from_zero_normalized_by_max_fraction,True,correct,true_positive,high,high,binary
cicids2017_binary,44,0,BENIGN,rid_75bc9e02ec11feca1dff1bbf7e5261f7,mlp,gradient_x_input,deletion,target_class_median,False,False,True,True,1,ATTACK,predicted_class_of_audited_model,0.0027367228176444,0.0024456382670905,-0.015425072459584044,-0.13742174460488182,0.12199667214529777,0.018913937111263306,0.0849253554072217,-0.1125811485260241,0.09715607606644006,7.692661285400391,5.917846086502076,1.774815532684326,5,trapezoid_from_zero_normalized_by_max_fraction,False,error,false_positive,low,medium,binary
cicids2017_binary,44,1,ATTACK,rid_c02f723f320337c7f0a94ea8469d1e83,mlp,gradient_x_input,deletion,target_class_median,False,True,False,True,1,ATTACK,predicted_class_of_audited_model,1.0,0.999708915449446,0.0,0.1064347098332114,-0.1064347098332114,0.019238650630540824,-0.1441424650690714,0.15052097795130795,-0.15052097795130795,0.30743008852005005,0.3482195574510843,-0.04078947833739223,5,trapezoid_from_zero_normalized_by_max_fraction,True,correct,true_positive,high,high,binary
cicids2017_binary,44,1,ATTACK,rid_05c3478451daa92b02e8d446d2a54112,mlp,gradient_x_input,deletion,target_class_median,False,True,False,True,1,ATTACK,predicted_class_of_audited_model,1.0,0.999708915449446,0.0,0.0659149406459949,-0.0659149406459949,0.016016847223805034,-0.09730796120465277,0.04864880078649281,-0.04864880078649281,0.37651199102401733,0.34439406887069346,0.03211793966218829,5,trapezoid_from_zero_normalized_by_max_fraction,True,correct,true_positive,high,high,binary
cicids2017_binary,44,1,ATTACK,rid_5b3d2cd30dc1c857b86295a60c0f4418,mlp,gradient_x_input,deletion,target_class_median,False,True,False,True,1,ATTACK,predicted_class_of_audited_model,1.0,0.999708915449446,0.0,0.03943119589122943,-0.03943119589122943,0.011423795770806355,-0.06182183560200989,0.07940775605727367,-0.07940775605727367,0.33480557799339294,0.32880518823396415,0.0060004000039771185,5,trapezoid_from_zero_normalized_by_max_fraction,True,correct,true_positive,high,high,binary
cicids2017_binary,44,1,ATTACK,rid_f328bc466c0a63e9bf5c684e9ce2e2f1,mlp,gradient_x_input,deletion,target_class_median,False,True,False,True,1,ATTACK,predicted_class_of_audited_model,1.0,0.999708915449446,3.248453140258789e-05,0.0944221298961622,-0.0943896453647596,0.018813407811692853,-0.1312639246756776,0.18035602530841927,-0.18032354077701668,0.2879243493080139,0.31626427969895304,-0.028339956840500245,5,trapezoid_from_zero_normalized_by_max_fraction,True,correct,true_positive,high,high,binary
cicids2017_binary,44,1,ATTACK,rid_d8362325d829d5637c64d4477d0709c8,mlp,gradient_x_input,deletion,target_class_median,False,True,False,True,1,ATTACK,predicted_class_of_audited_model,1.0,0.999708915449446,2.384185791015625e-08,0.06931441501714292,-0.06931439117528501,0.015770409967430347,-0.10022439471144849,0.11303104184649942,-0.11303101800464152,0.3674173355102539,0.3567129320856184,0.010704395787790422,5,trapezoid_from_zero_normalized_by_max_fraction,True,correct,true_positive,high,high,binary
cicids2017_binary,44,1,ATTACK,rid_a61766c41ad71fbb37dc33d6bd0e0302,mlp,gradient_x_input,deletion,target_class_median,False,True,False,True,1,ATTACK,predicted_class_of_audited_model,1.0,0.999708915449446,0.0,3.0712127685546876e-05,-3.0712127685546876e-05,2.5153474802864947e-05,-8.001293829916217e-05,0.09553931420861989,-0.09553931420861989,0.3233494758605957,0.29101424376480284,0.03233523526228964,5,trapezoid_from_zero_normalized_by_max_fraction,True,correct,true_positive,high,high,binary
cicids2017_binary,44,1,ATTACK,rid_f7112281a5a3040a01ee53fe375feeb9,mlp,gradient_x_input,deletion,target_class_median,False,True,False,True,1,ATTACK,predicted_class_of_audited_model,1.0,0.999708915449446,7.821321487426757e-05,0.03855029180643064,-0.038472078591556366,0.011991724305304517,-0.06197585822995322,0.11594917062035189,-0.1158709574054776,0.30741778016090393,0.2671820105528459,0.040235780783928934,5,trapezoid_from_zero_normalized_by_max_fraction,True,correct,true_positive,high,high,binary
cicids2017_binary,44,1,ATTACK,rid_13a3f5ac56ebe1a52e48bb843238a066,mlp,gradient_x_input,deletion,target_class_median,False,True,False,True,1,ATTACK,predicted_class_of_audited_model,1.0,0.999708915449446,0.0,0.006829166337847709,-0.006829166337847709,0.004331331189774767,-0.015318575469806252,0.08502449190172856,-0.08502449190172856,0.2788107395172119,0.26799708071909845,0.010813647529110305,5,trapezoid_from_zero_normalized_by_max_fraction,True,correct,true_positive,high,high,binary
cicids2017_binary,44,1,ATTACK,rid_0a4d9b60412fae19c4de819e99365911,mlp,gradient_x_input,deletion,target_class_median,False,True,False,True,1,ATTACK,predicted_class_of_audited_model,1.0,0.999708915449446,0.0,0.06783662884833029,-0.06783662884833029,0.015382240641716805,-0.09798582050609522,0.06620616631360973,-0.06620616631360973,0.3048420548439026,0.31663701647054404,-0.011794951382093119,5,trapezoid_from_zero_normalized_by_max_fraction,True,correct,true_positive,high,high,binary
cicids2017_binary,44,1,ATTACK,rid_c719fd9e42b5616c5fa087359e8b2df3,mlp,gradient_x_input,deletion,target_class_median,False,True,False,True,1,ATTACK,predicted_class_of_audited_model,1.0,0.999708915449446,0.0,0.013537107028067114,-0.013537107028067114,0.00740706048720027,-0.02805494558297964,0.067934722346482,-0.067934722346482,0.4118940830230713,0.3296536713093519,0.08224041283130645,5,trapezoid_from_zero_normalized_by_max_fraction,True,correct,true_positive,high,high,binary
cicids2017_binary,44,1,ATTACK,rid_ae610b230d533d754b37fb1431e6c44f,mlp,gradient_x_input,deletion,target_class_median,False,True,False,True,1,ATTACK,predicted_class_of_audited_model,1.0,0.999708915449446,7.152557373046875e-08,0.07817458045510738,-0.07817450892953365,0.015542194180308874,-0.10863720952293904,0.17106070939815954,-0.1710606378725858,0.39640867710113525,0.43122035007923837,-0.03481165993958711,5,trapezoid_from_zero_normalized_by_max_fraction,True,correct,true_positive,high,high,binary
cicids2017_binary,44,1,ATTACK,rid_5276158cceb8b8c07dfdb41890e79e30,mlp,gradient_x_input,deletion,target_class_median,False,True,False,True,1,ATTACK,predicted_class_of_audited_model,1.0,0.999708915449446,0.0007114052772521974,0.12620273197060977,-0.12549132669335755,0.0201319085386287,-0.1649498674290698,0.247807908422158,-0.24709650314490578,0.29043281078338623,0.31304339988715946,-0.02261058128066361,5,trapezoid_from_zero_normalized_by_max_fraction,True,correct,true_positive,high,high,binary
cicids2017_binary,44,1,ATTACK,rid_ad702444e771164796373bc7735b5f5e,mlp,gradient_x_input,deletion,target_class_median,False,True,False,True,1,ATTACK,predicted_class_of_audited_model,1.0,0.999708915449446,0.0,0.052580446976469825,-0.052580446976469825,0.01298328028395764,-0.07802767633302679,0.09369522779777828,-0.09369522779777828,0.30831021070480347,0.3482953707110137,-0.039985134674236186,5,trapezoid_from_zero_normalized_by_max_fraction,True,correct,true_positive,high,high,binary
cicids2017_binary,44,1,ATTACK,rid_37e1733da0b4e334956a54967482805e,mlp,gradient_x_input,deletion,target_class_median,False,True,False,True,1,ATTACK,predicted_class_of_audited_model,1.0,0.999708915449446,0.0,0.0182846677263733,-0.0182846677263733,0.008620701585304716,-0.03518124283357054,0.15352210738219685,-0.15352210738219685,0.25376930832862854,0.26077451789192857,-0.007005197642371055,5,trapezoid_from_zero_normalized_by_max_fraction,True,correct,true_positive,high,high,binary
cicids2017_binary,44,1,ATTACK,rid_1831bd15f1919f5ab9d6eed6b8347fea,mlp,gradient_x_input,deletion,target_class_median,False,True,False,True,1,ATTACK,predicted_class_of_audited_model,1.0,0.999708915449446,0.0,0.046921316014020706,-0.046921316014020706,0.013112383982875432,-0.07262158862045655,0.09375025478125111,-0.09375025478125111,0.3066938817501068,0.3161892036329955,-0.009495326539501546,5,trapezoid_from_zero_normalized_by_max_fraction,True,correct,true_positive,high,high,binary
cicids2017_binary,44,1,ATTACK,rid_777cf2496182acd8bf8091580fb25e8c,mlp,gradient_x_input,deletion,target_class_median,False,True,False,True,1,ATTACK,predicted_class_of_audited_model,1.0,0.999708915449446,0.0,0.05439863225375302,-0.05439863225375302,0.01327458566261757,-0.08041682015248346,0.07932305638071402,-0.07932305638071402,0.30726876854896545,0.3293951325882226,-0.022126382479444148,5,trapezoid_from_zero_normalized_by_max_fraction,True,correct,true_positive,high,high,binary
cicids2017_binary,44,1,ATTACK,rid_f69f9ff54e012c177369c9ed41b9091d,mlp,gradient_x_input,deletion,target_class_median,False,True,False,True,1,ATTACK,predicted_class_of_audited_model,1.0,0.999708915449446,3.844499588012695e-06,0.05518548379251524,-0.05518163929292723,0.014512678048642053,-0.08362648826826566,0.16750382787300971,-0.16749998337342173,0.3228752911090851,0.3127866022884846,0.010088678948581212,5,trapezoid_from_zero_normalized_by_max_fraction,True,correct,true_positive,high,high,binary
cicids2017_binary,44,1,ATTACK,rid_43110cf12142e0165f55d3ba3204ab46,mlp,gradient_x_input,deletion,target_class_median,False,True,False,True,1,ATTACK,predicted_class_of_audited_model,1.0,0.999708915449446,0.0,0.00880038760136813,-0.00880038760136813,0.00503168698000449,-0.018662494082176934,0.12486110658848654,-0.12486110658848654,0.281329870223999,0.2636541947051883,0.01767567440122366,5,trapezoid_from_zero_normalized_by_max_fraction,True,correct,true_positive,high,high,binary
cicids2017_binary,44,1,ATTACK,rid_90ef4c4cf1dfbf22bf16f9e50aa838c5,mlp,gradient_x_input,deletion,target_class_median,False,True,False,True,1,ATTACK,predicted_class_of_audited_model,1.0,0.999708915449446,0.0,0.0006552705764770508,-0.0006552705764770508,0.0004741882730383228,-0.0015846795916321635,0.09758896207887631,-0.09758896207887631,0.3001846671104431,0.27967738202027975,0.020507276801392447,5,trapezoid_from_zero_normalized_by_max_fraction,True,correct,true_positive,high,high,binary
cicids2017_binary,44,1,ATTACK,rid_7848ac85a3f1e5bc3b075617375c1861,mlp,gradient_x_input,deletion,target_class_median,False,True,False,True,1,ATTACK,predicted_class_of_audited_model,1.0,0.999708915449446,0.0,3.622531890869141e-06,-3.622531890869141e-06,3.2085363671762847e-06,-9.91126317053466e-06,0.07314725694685587,-0.07314725694685587,0.309645414352417,0.29026113188266756,0.019384276043623694,5,trapezoid_from_zero_normalized_by_max_fraction,True,correct,true_positive,high,high,binary
cicids2017_binary,44,1,ATTACK,rid_987d1038a26bfd78fc4c03575533bd1a,mlp,gradient_x_input,deletion,target_class_median,False,True,False,True,1,ATTACK,predicted_class_of_audited_model,1.0,0.999708915449446,0.0,0.07477733982598875,-0.07477733982598875,0.016792304438357546,-0.10769025652516953,0.11543375141946388,-0.11543375141946388,0.27450916171073914,0.30322744984365996,-0.028718291671946634,5,trapezoid_from_zero_normalized_by_max_fraction,True,correct,true_positive,high,high,binary
cicids2017_binary,44,1,ATTACK,rid_4783393947255d07408469b443d08b1d,mlp,gradient_x_input,deletion,target_class_median,False,True,False,True,1,ATTACK,predicted_class_of_audited_model,1.0,0.999708915449446,7.569789886474609e-06,0.1489331748666602,-0.14892560507677371,0.021541826952289785,-0.1911475859032617,0.1401451593084021,-0.14013758951851563,0.31285905838012695,0.3845163092724979,-0.07165724511817098,5,trapezoid_from_zero_normalized_by_max_fraction,True,correct,true_positive,high,high,binary
cicids2017_binary,44,1,ATTACK,rid_b2d3db3d744007cebd4afbfeb8d55033,mlp,gradient_x_input,deletion,target_class_median,False,True,False,True,1,ATTACK,predicted_class_of_audited_model,1.0,0.999708915449446,0.0,0.004229925882071257,-0.004229925882071257,0.003939241195343506,-0.011950838624944529,0.13188087488739794,-0.13188087488739794,0.29916611313819885,0.2729271706882864,0.026238947479054343,5,trapezoid_from_zero_normalized_by_max_fraction,True,correct,true_positive,high,high,binary
cicids2017_binary,44,1,ATTACK,rid_8503c09d2f2508c1cf6dbefca4013f33,mlp,gradient_x_input,deletion,target_class_median,False,True,False,True,1,ATTACK,predicted_class_of_audited_model,1.0,0.999708915449446,1.7881393432617187e-08,0.022157440662071166,-0.022157422780677734,0.009226057747519405,-0.04024049596581577,0.07998284663529721,-0.07998282875390378,0.36107495427131653,0.30585844548791646,0.05521649779379367,5,trapezoid_from_zero_normalized_by_max_fraction,True,correct,true_positive,high,high,binary
cicids2017_binary,44,1,ATTACK,rid_9a1dfc13c9095d4e24cf27e020add00a,mlp,gradient_x_input,deletion,target_class_median,False,True,False,True,1,ATTACK,predicted_class_of_audited_model,1.0,0.999708915449446,0.0,0.00395114091411233,-0.00395114091411233,0.00394232467589929,-0.011678097278874939,0.10497906397991834,-0.10497906397991834,0.2803249657154083,0.2827598083242774,-0.0024348549954593137,5,trapezoid_from_zero_normalized_by_max_fraction,True,correct,true_positive,high,high,binary
cicids2017_binary,44,1,ATTACK,rid_54374ac797d180953ca18376875c506b,mlp,gradient_x_input,deletion,target_class_median,False,True,False,True,1,ATTACK,predicted_class_of_audited_model,1.0,0.999708915449446,1.1920928955078126e-08,0.011667527400568362,-0.011667515479639406,0.005463740162526269,-0.022376446198190895,0.13907142992909957,-0.13907141800817063,0.28918081521987915,0.25817753732949494,0.031003278542310005,5,trapezoid_from_zero_normalized_by_max_fraction,True,correct,true_positive,high,high,binary
cicids2017_binary,44,1,ATTACK,rid_f6d13a89f927e1c9575a903c18b278bf,mlp,gradient_x_input,deletion,target_class_median,False,True,False,True,1,ATTACK,predicted_class_of_audited_model,1.0,0.999708915449446,2.5868415832519535e-06,0.021659562344663187,-0.021656975503079934,0.008865318196658143,-0.0390329991685299,0.13503654662587966,-0.1350339597842964,0.3415742814540863,0.3108332150764764,0.030741057995706794,5,trapezoid_from_zero_normalized_by_max_fraction,True,correct,true_positive,high,high,binary
cicids2017_binary,44,1,ATTACK,rid_271f5eaf1f55b6b4cd2576d103f201af,mlp,gradient_x_input,deletion,target_class_median,False,True,False,True,1,ATTACK,predicted_class_of_audited_model,1.0,0.999708915449446,0.0,0.0008890165090560913,-0.0008890165090560913,0.0006206550337519467,-0.0021055003752099067,0.14081034560072117,-0.14081034560072117,0.2885051965713501,0.281112306474708,0.0073928845087066295,5,trapezoid_from_zero_normalized_by_max_fraction,True,correct,true_positive,high,high,binary
cicids2017_binary,44,1,ATTACK,rid_ac72d8d829136783490360745a697670,mlp,gradient_x_input,deletion,target_class_median,False,True,False,True,1,ATTACK,predicted_class_of_audited_model,1.0,0.999708915449446,0.0,0.00022612106800079347,-0.00022612106800079347,0.00017581840311521734,-0.0005707251381066195,0.09983133197075825,-0.09983133197075825,0.28489184379577637,0.27489760716259476,0.009994232814759014,5,trapezoid_from_zero_normalized_by_max_fraction,True,correct,true_positive,high,high,binary
cicids2017_binary,44,1,ATTACK,rid_7201ad39c25f893d5a1d8f0f30c72c91,mlp,gradient_x_input,deletion,target_class_median,False,True,False,True,1,ATTACK,predicted_class_of_audited_model,1.0,0.999708915449446,0.0,0.03275989510624459,-0.03275989510624459,0.011202904609367091,-0.05471758814060408,0.08654560677315522,-0.08654560677315522,0.32944709062576294,0.34025388833135367,-0.010806796774268152,5,trapezoid_from_zero_normalized_by_max_fraction,True,correct,true_positive,high,high,binary
cicids2017_binary,44,1,ATTACK,rid_9a556938a8fd50a49e94ff12fa973a50,mlp,gradient_x_input,deletion,target_class_median,False,True,False,True,1,ATTACK,predicted_class_of_audited_model,1.0,0.999708915449446,0.0,0.02221464614197612,-0.02221464614197612,0.009281683506091952,-0.040406745813916345,0.106299713397899,-0.106299713397899,0.3083728849887848,0.29025831616856157,0.018114570776000618,5,trapezoid_from_zero_normalized_by_max_fraction,True,correct,true_positive,high,high,binary
cicids2017_binary,44,1,ATTACK,rid_3f9dd7ce0175ec6cbfbf0a5621f0618b,mlp,gradient_x_input,deletion,target_class_median,False,True,False,True,1,ATTACK,predicted_class_of_audited_model,1.0,0.999708915449446,0.0,0.01840870844202368,-0.01840870844202368,0.007634513566655946,-0.03337235503266933,0.10807203827171817,-0.10807203827171817,0.3037077486515045,0.3008198150284588,0.0028879257068038164,5,trapezoid_from_zero_normalized_by_max_fraction,True,correct,true_positive,high,high,binary
cicids2017_binary,44,1,ATTACK,rid_13063ca7d9ba3c1aec30d981ac793763,mlp,gradient_x_input,deletion,target_class_median,False,True,False,True,1,ATTACK,predicted_class_of_audited_model,1.0,0.999708915449446,0.0,0.03692250596967096,-0.03692250596967096,0.010057114899085716,-0.056634451171878965,0.13677816462952863,-0.13677816462952863,0.29833105206489563,0.29422712648287414,0.004103917945176361,5,trapezoid_from_zero_normalized_by_max_fraction,True,correct,true_positive,high,high,binary
cicids2017_binary,44,1,ATTACK,rid_4f1d1cd8fe2a70fab2eee5f3b1973a8d,mlp,gradient_x_input,deletion,target_class_median,False,True,False,True,1,ATTACK,predicted_class_of_audited_model,1.0,0.999708915449446,4.76837158203125e-08,0.018886376968119293,-0.018886329284403473,0.008671118557603854,-0.03588172165730703,0.14966207226353456,-0.14966202457981875,0.28968584537506104,0.2727115342798642,0.016974308766890323,5,trapezoid_from_zero_normalized_by_max_fraction,True,correct,true_positive,high,high,binary
cicids2017_binary,44,1,ATTACK,rid_0a7ca405ba18cb34f4b54cf069eadbd0,mlp,gradient_x_input,deletion,target_class_median,False,True,False,True,1,ATTACK,predicted_class_of_audited_model,1.0,0.999708915449446,0.0,0.003230774462223053,-0.003230774462223053,0.0031785832315019548,-0.009460797595966883,0.0959806749665173,-0.0959806749665173,0.3047386705875397,0.28748177334619684,0.01725687889428808,5,trapezoid_from_zero_normalized_by_max_fraction,True,correct,true_positive,high,high,binary
cicids2017_binary,44,1,ATTACK,rid_3d20e00a27ceb6f28e08c568cef55ab6,mlp,gradient_x_input,deletion,target_class_median,False,True,False,True,1,ATTACK,predicted_class_of_audited_model,1.0,0.999708915449446,1.1920928955078126e-08,0.01341063973022392,-0.013410627809294964,0.0073968471265223774,-0.027908448177278826,0.13825414514877873,-0.1382541332278498,0.30017170310020447,0.2718119122758508,0.028359779555350528,5,trapezoid_from_zero_normalized_by_max_fraction,True,correct,true_positive,high,high,binary
cicids2017_binary,44,1,ATTACK,rid_1ca8084d3b720be428ed05066f4da741,mlp,gradient_x_input,deletion,target_class_median,False,True,False,True,1,ATTACK,predicted_class_of_audited_model,1.0,0.999708915449446,0.0,0.010677133917808532,-0.010677133917808532,0.0060114843007651846,-0.022459643147308292,0.10599854237874898,-0.10599854237874898,0.26505565643310547,0.26087031323928384,0.004185340865515183,5,trapezoid_from_zero_normalized_by_max_fraction,True,correct,true_positive,high,high,binary
cicids2017_binary,44,1,ATTACK,rid_ce43f2331fd2088285d30c8006a84bb4,mlp,gradient_x_input,deletion,target_class_median,False,True,False,True,1,ATTACK,predicted_class_of_audited_model,1.0,0.999708915449446,0.0,0.06333863006344531,-0.06333863006344531,0.014782104965466013,-0.0923115557957587,0.06897543325889047,-0.06897543325889047,0.3215516209602356,0.3132933640806005,0.008258248870261001,5,trapezoid_from_zero_normalized_by_max_fraction,True,correct,true_positive,high,high,binary
cicids2017_binary,44,1,ATTACK,rid_76d1b84663ab134067f23629749c5039,mlp,gradient_x_input,deletion,target_class_median,False,True,False,True,1,ATTACK,predicted_class_of_audited_model,1.0,0.999708915449446,5.830526351928711e-05,0.11015201886319256,-0.11009371359967327,0.01926919486657078,-0.147861335538152,0.22772588127643573,-0.22766757601291646,0.31482356786727905,0.31274567169696094,0.002077916193753479,5,trapezoid_from_zero_normalized_by_max_fraction,True,correct,true_positive,high,high,binary
cicids2017_binary,44,1,ATTACK,rid_777c6b9d2883c65adc5f3ed47c43e213,mlp,gradient_x_input,deletion,target_class_median,False,True,False,True,1,ATTACK,predicted_class_of_audited_model,1.0,0.999708915449446,4.5299530029296875e-06,0.11324536124142423,-0.1132408312884213,0.01975631665719784,-0.15196321193652906,0.15897976034633848,-0.15897523039333555,0.3092699646949768,0.2990735896923579,0.010196345386560996,5,trapezoid_from_zero_normalized_by_max_fraction,True,correct,true_positive,high,high,binary
cicids2017_binary,44,1,ATTACK,rid_581803eafc69d88a829fe8316a395586,mlp,gradient_x_input,deletion,target_class_median,False,True,False,True,1,ATTACK,predicted_class_of_audited_model,1.0,0.999708915449446,5.013942718505859e-05,0.02553931562995658,-0.025489176202771517,0.008611213672869676,-0.04236715500159608,0.11252241412345569,-0.11247227469627064,0.31035155057907104,0.2681649380512535,0.042186648663133375,5,trapezoid_from_zero_normalized_by_max_fraction,True,correct,true_positive,high,high,binary
cicids2017_binary,44,1,ATTACK,rid_495f976705b505b2dd0a1b4140f345b0,mlp,gradient_x_input,deletion,target_class_median,False,True,False,True,1,ATTACK,predicted_class_of_audited_model,1.0,0.999708915449446,9.759664535522461e-05,0.028470821611583232,-0.028373224966228006,0.010167967790657664,-0.04830244183591703,0.20529690198908324,-0.20519930534372802,0.29577186703681946,0.28351432313770053,0.012257539987564093,5,trapezoid_from_zero_normalized_by_max_fraction,True,correct,true_positive,high,high,binary
cicids2017_binary,44,1,ATTACK,rid_3cf0b2001eb8b738d2688b1bb5befc40,mlp,gradient_x_input,deletion,target_class_median,False,True,False,True,1,ATTACK,predicted_class_of_audited_model,1.0,0.999708915449446,0.0,1.65175199508667e-05,-1.65175199508667e-05,8.945868000629431e-06,-3.4051421232100385e-05,0.09727739564863763,-0.09727739564863763,0.49237775802612305,0.47719776216894394,0.015179998837411413,5,trapezoid_from_zero_normalized_by_max_fraction,True,correct,true_positive,high,high,binary
cicids2017_binary,44,1,ATTACK,rid_1bb8183286a68ae582d4c05f981f2689,mlp,gradient_x_input,deletion,target_class_median,False,True,False,True,1,ATTACK,predicted_class_of_audited_model,1.0,0.999708915449446,0.0,0.016877014191501075,-0.016877014191501075,0.008301331200474618,-0.033147623344431325,0.07166191344686923,-0.07166191344686923,0.33034929633140564,0.33682506503816695,-0.006475782304070907,5,trapezoid_from_zero_normalized_by_max_fraction,True,correct,true_positive,high,high,binary
cicids2017_binary,44,1,ATTACK,rid_0a4e4b93d9ecbbf6551faeb947919700,mlp,gradient_x_input,deletion,target_class_median,False,True,False,True,1,ATTACK,predicted_class_of_audited_model,1.0,0.999708915449446,0.0,0.051275740773882715,-0.051275740773882715,0.013919239567625979,-0.07855745032642963,0.08389774153073604,-0.08389774153073604,0.29426756501197815,0.3248309833090752,-0.0305634158756584,5,trapezoid_from_zero_normalized_by_max_fraction,True,correct,true_positive,high,high,binary
cicids2017_binary,44,1,ATTACK,rid_4242be55bec945cc4b8ee52c6dc91f26,mlp,gradient_x_input,deletion,target_class_median,False,True,False,True,1,ATTACK,predicted_class_of_audited_model,1.0,0.999708915449446,2.384185791015625e-08,0.008438334528356791,-0.00843831068649888,0.004600997185079119,-0.01745626516925395,0.18467977826744642,-0.1846797544255885,0.26810508966445923,0.25857585879787803,0.009529217828065161,5,trapezoid_from_zero_normalized_by_max_fraction,True,correct,true_positive,high,high,binary
cicids2017_binary,44,1,ATTACK,rid_423b266be403f577b814394f80cfe7ab,mlp,gradient_x_input,deletion,target_class_median,False,True,False,True,1,ATTACK,predicted_class_of_audited_model,1.0,0.999708915449446,0.0,0.021032292559277268,-0.021032292559277268,0.007760041938886584,-0.03624197475949497,0.1166922590552466,-0.1166922590552466,0.2718040347099304,0.2585391704943031,0.013264878185465939,5,trapezoid_from_zero_normalized_by_max_fraction,True,correct,true_positive,high,high,binary
cicids2017_binary,44,1,ATTACK,rid_93bf6f019213985a537c8b7bb50eec43,mlp,gradient_x_input,deletion,target_class_median,False,True,False,True,1,ATTACK,predicted_class_of_audited_model,1.0,0.999708915449446,0.0,0.008320835577324033,-0.008320835577324033,0.004666366737680612,-0.01746691438317803,0.13741244432909444,-0.13741244432909444,0.28549522161483765,0.2757654074737802,0.009729830904863766,5,trapezoid_from_zero_normalized_by_max_fraction,True,correct,true_positive,high,high,binary
cicids2017_binary,44,1,ATTACK,rid_a212b33dd6267817144c9062084d04ab,mlp,gradient_x_input,deletion,target_class_median,False,True,False,True,1,ATTACK,predicted_class_of_audited_model,1.0,0.999708915449446,0.0,0.02297459910484031,-0.02297459910484031,0.008551468120378465,-0.0397354766207821,0.13242039568545524,-0.13242039568545524,0.3229967951774597,0.3437682237662375,-0.02077142244204879,5,trapezoid_from_zero_normalized_by_max_fraction,True,correct,true_positive,high,high,binary
cicids2017_binary,44,1,ATTACK,rid_004a23f3ebc07dc2aee7fb72759b857a,mlp,gradient_x_input,deletion,target_class_median,False,True,False,True,1,ATTACK,predicted_class_of_audited_model,1.0,0.999708915449446,2.1457672119140626e-07,0.19012432967285736,-0.19012411509613616,0.024102383252337548,-0.23736478627071775,0.21706017572503813,-0.21705996114831694,0.280769020318985,0.2937515437025577,-0.012982536142691964,5,trapezoid_from_zero_normalized_by_max_fraction,True,correct,true_positive,high,high,binary
cicids2017_binary,44,1,ATTACK,rid_c7926dfdb434dea84a65dd21df6b96cb,mlp,gradient_x_input,deletion,target_class_median,False,True,False,True,1,ATTACK,predicted_class_of_audited_model,1.0,0.999708915449446,0.0,0.018148481570271543,-0.018148481570271543,0.007877573615803558,-0.03358852585724652,0.060010808156934735,-0.060010808156934735,0.41475778818130493,0.40350690507423137,0.011250873188488174,5,trapezoid_from_zero_normalized_by_max_fraction,True,correct,true_positive,high,high,binary
cicids2017_binary,44,1,ATTACK,rid_59853e98f2ff009054c851cd28f3226c,mlp,gradient_x_input,deletion,target_class_median,False,True,False,True,1,ATTACK,predicted_class_of_audited_model,1.0,0.999708915449446,0.0,0.05332437245899564,-0.05332437245899564,0.013933745045811186,-0.08063451274878557,0.06656423585127959,-0.06656423585127959,0.2692135274410248,0.3005380913168192,-0.031324568532407296,5,trapezoid_from_zero_normalized_by_max_fraction,True,correct,true_positive,high,high,binary
cicids2017_binary,44,1,ATTACK,rid_42e84a6b7b3576d0c1d1071d48dc0206,mlp,gradient_x_input,deletion,target_class_median,False,True,False,True,1,ATTACK,predicted_class_of_audited_model,1.0,0.999708915449446,5.179047584533692e-05,0.16720450090310507,-0.16715271042725977,0.02212696705174275,-0.21052156584867554,0.15496280735918888,-0.15491101688334355,0.3301318287849426,0.40329542859317735,-0.07316359440656381,5,trapezoid_from_zero_normalized_by_max_fraction,True,correct,true_positive,high,high,binary
cicids2017_binary,44,1,ATTACK,rid_60d496f42eced98f5f4f23d5ced4ce99,mlp,gradient_x_input,deletion,target_class_median,False,True,False,True,1,ATTACK,predicted_class_of_audited_model,1.0,0.999708915449446,0.0,0.04685964100484853,-0.04685964100484853,0.013095219790733982,-0.07252627179468714,0.09830916088052954,-0.09830916088052954,0.27794715762138367,0.3113053390327841,-0.03335816818661988,5,trapezoid_from_zero_normalized_by_max_fraction,True,correct,true_positive,high,high,binary
cicids2017_binary,44,1,ATTACK,rid_e719d14c1e0ca55e1165aae50ea9bdb1,mlp,gradient_x_input,deletion,target_class_median,False,True,False,True,1,ATTACK,predicted_class_of_audited_model,1.0,0.999708915449446,0.0,0.04674342424394126,-0.04674342424394126,0.013772915337731412,-0.07373833830589482,0.13059020654310027,-0.13059020654310027,0.28604093194007874,0.3202531604701653,-0.03421223914716392,5,trapezoid_from_zero_normalized_by_max_fraction,True,correct,true_positive,high,high,binary
cicids2017_binary,44,1,ATTACK,rid_abbbbfac8c94b2fd61b0a58e793cfe66,mlp,gradient_x_input,deletion,target_class_median,False,True,False,True,1,ATTACK,predicted_class_of_audited_model,1.0,0.999708915449446,0.0,9.632933139801025e-05,-9.632933139801025e-05,6.67031870162467e-05,-0.0002270675779498538,0.08830177521786664,-0.08830177521786664,0.3506585955619812,0.3191499845748767,0.03150863091740756,5,trapezoid_from_zero_normalized_by_max_fraction,True,correct,true_positive,high,high,binary
cicids2017_binary,44,1,ATTACK,rid_3c4bd1f0be24e84c015f7927f633b3fb,mlp,gradient_x_input,deletion,target_class_median,False,True,False,True,1,ATTACK,predicted_class_of_audited_model,1.0,0.999708915449446,0.0,0.014019327241927386,-0.014019327241927386,0.0072221589134728705,-0.028174758712334214,0.08590593258945534,-0.08590593258945534,0.3383144438266754,0.2968427631435916,0.041471672301180665,5,trapezoid_from_zero_normalized_by_max_fraction,True,correct,true_positive,high,high,binary
cicids2017_binary,44,1,ATTACK,rid_96444d266244de739626144829e8598c,mlp,gradient_x_input,deletion,target_class_median,False,True,False,True,1,ATTACK,predicted_class_of_audited_model,1.0,0.999708915449446,0.0,0.01620731503158145,-0.01620731503158145,0.0065893187288468096,-0.029122379740121197,0.07241999949066685,-0.07241999949066685,0.3072904944419861,0.3261812160611152,-0.01889072012901305,5,trapezoid_from_zero_normalized_by_max_fraction,True,correct,true_positive,high,high,binary
cicids2017_binary,44,1,ATTACK,rid_93cea7ecd31471bf8b4fac680e45c713,mlp,gradient_x_input,deletion,target_class_median,False,True,False,True,1,ATTACK,predicted_class_of_audited_model,1.0,0.999708915449446,0.0,0.007944342473230791,-0.007944342473230791,0.0055410837465282164,-0.018804866616426094,0.0459343386744999,-0.0459343386744999,0.45175331830978394,0.3488712347485125,0.10288207732141016,5,trapezoid_from_zero_normalized_by_max_fraction,True,correct,true_positive,high,high,binary
cicids2017_binary,44,1,ATTACK,rid_11971abe7bec4f62e9f6aab01b57b9a8,mlp,gradient_x_input,deletion,target_class_median,False,True,False,True,1,ATTACK,predicted_class_of_audited_model,1.0,0.999708915449446,0.0,5.578994750976563e-08,-5.578994750976563e-08,4.137506981760997e-08,-1.3688508435228117e-07,0.08293060357349236,-0.08293060357349236,0.37497854232788086,0.3191316795069724,0.055846880096942185,5,trapezoid_from_zero_normalized_by_max_fraction,True,correct,true_positive,high,high,binary
cicids2017_binary,44,1,ATTACK,rid_d2da62d7bcf6df46058510d7e45683e3,mlp,gradient_x_input,deletion,target_class_median,False,False,True,False,0,BENIGN,predicted_class_of_audited_model,0.9999999996765452,0.0002910842270989,1.1797615619979496e-05,0.0010762289388840224,-0.001064431323264043,0.0005000347106498428,-0.0020444993561377347,0.0002947571367098264,-0.0002829595210898469,2.510129928588867,1.880314516067505,0.6298154363632202,5,trapezoid_from_zero_normalized_by_max_fraction,False,error,false_negative,medium,medium,binary
cicids2017_binary,44,1,ATTACK,rid_aec81a8a173f33fba8e15b7c374c69a7,mlp,gradient_x_input,deletion,target_class_median,False,True,False,True,1,ATTACK,predicted_class_of_audited_model,1.0,0.999708915449446,1.5318393707275388e-06,0.05592718662872358,-0.05592565478935285,0.01416184652623033,-0.0836828739807643,0.19839679541255445,-0.19839526357318374,0.28002601861953735,0.2659475894160569,0.014078443918377148,5,trapezoid_from_zero_normalized_by_max_fraction,True,correct,true_positive,high,high,binary
cicids2017_binary,44,1,ATTACK,rid_cdc079f0a9aed0332a9ae43e967289af,mlp,gradient_x_input,deletion,target_class_median,False,True,False,True,1,ATTACK,predicted_class_of_audited_model,1.0,0.999708915449446,0.0,0.04262987202561635,-0.04262987202561635,0.012082502521912593,-0.06631157696856503,0.07230010017408177,-0.07230010017408177,0.26835280656814575,0.28975419749319553,-0.021401384778320782,5,trapezoid_from_zero_normalized_by_max_fraction,True,correct,true_positive,high,high,binary
cicids2017_binary,44,1,ATTACK,rid_aad8d892e5756b67ae086003f360206b,mlp,gradient_x_input,deletion,target_class_median,False,True,False,True,1,ATTACK,predicted_class_of_audited_model,1.0,0.999708915449446,0.0,0.013955791249871254,-0.013955791249871254,0.00726437183716505,-0.028193960050714752,0.04420984119680788,-0.04420984119680788,0.3166173994541168,0.33445238130306826,-0.01783498315280304,5,trapezoid_from_zero_normalized_by_max_fraction,True,correct,true_positive,high,high,binary
cicids2017_binary,44,1,ATTACK,rid_0480159ad3499e28680daa61b3671f8f,mlp,gradient_x_input,deletion,target_class_median,False,True,False,True,1,ATTACK,predicted_class_of_audited_model,1.0,0.999708915449446,0.0,0.03424400815583067,-0.03424400815583067,0.011954687603772877,-0.05767519585922551,0.11111080010377583,-0.11111080010377583,0.3186629116535187,0.3393992073610425,-0.020736299805343153,5,trapezoid_from_zero_normalized_by_max_fraction,True,correct,true_positive,high,high,binary
cicids2017_binary,44,0,BENIGN,rid_ac07defc64f8cdd2029fef48742f7eff,mlp,gradient_x_input,deletion,target_class_median,False,True,False,True,0,BENIGN,predicted_class_of_audited_model,0.9999764002768644,0.0002674848274181,-2.161789782917367e-05,-1.160547826327729e-05,-1.001241956589638e-05,4.098582574796351e-07,-1.0815741750556465e-05,-1.1902052151754105e-05,-9.715845677419566e-06,0.1188490018248558,0.03295511687919498,0.08589388271048666,5,trapezoid_from_zero_normalized_by_max_fraction,True,correct,true_negative,medium,low,binary
cicids2017_binary,44,0,BENIGN,rid_90b42cdfed9f8c21f3683ee2a83fd2ab,mlp,gradient_x_input,deletion,target_class_median,False,False,True,True,1,ATTACK,predicted_class_of_audited_model,0.0007975472253747,0.0005064626748208,-0.9485463326593162,-0.12005960924425876,-0.8284867234150576,0.019911139444512338,-0.8675125567263018,-0.05049545801180677,-0.8980508746475095,1.447709321975708,0.508017906948924,0.939691540196538,5,trapezoid_from_zero_normalized_by_max_fraction,False,error,false_positive,low,medium,binary
cicids2017_binary,44,0,BENIGN,rid_0feb843b9f31d864c0888d6f42a42751,mlp,gradient_x_input,deletion,target_class_median,False,True,False,True,0,BENIGN,predicted_class_of_audited_model,0.9999968027382238,0.0002878872887776,-2.8615536820097986e-06,-9.728779933553254e-07,-1.8886756886544733e-06,1.3380148043314217e-07,-2.150926590303432e-06,-7.067347887783626e-07,-2.154818893231436e-06,0.12442058324813843,0.042891728974878786,0.08152885203808546,5,trapezoid_from_zero_normalized_by_max_fraction,True,correct,true_negative,medium,low,binary
cicids2017_binary,44,0,BENIGN,rid_aadfb7084058e1fdc7e00e0f41aa7a3b,mlp,gradient_x_input,deletion,target_class_median,False,True,False,True,0,BENIGN,predicted_class_of_audited_model,1.0,0.0002910845505539,6.463155610409998e-05,0.00022653413873804603,-0.00016190258263394606,0.00013783280821454778,-0.0004320548867344597,0.0014110686427092206,-0.0013464370866051207,2.8326544761657715,2.6632768163681027,0.16937761211395266,5,trapezoid_from_zero_normalized_by_max_fraction,True,correct,true_negative,high,medium,binary
cicids2017_binary,44,0,BENIGN,rid_020c92399bfb8e0b19f2391db848aca1,mlp,gradient_x_input,deletion,target_class_median,False,False,True,True,1,ATTACK,predicted_class_of_audited_model,0.00031739557744,2.6311026886100008e-05,-0.2725406281082542,-0.12022679572894437,-0.1523138323793098,0.01490115865648202,-0.18152010334601454,-0.023833631944500413,-0.24870699616375375,1.0992295742034912,0.8972823280096055,0.20194721043109892,5,trapezoid_from_zero_normalized_by_max_fraction,False,error,false_positive,low,low,binary
cicids2017_binary,44,0,BENIGN,rid_0900ed4575dc0871f8a642d8a96d2cf6,mlp,gradient_x_input,deletion,target_class_median,False,False,True,True,1,ATTACK,predicted_class_of_audited_model,0.000861883861944,0.0005707993113901,-0.7898571246187203,-0.18111139838776613,-0.6087457262309541,0.018807875376270364,-0.6456091619684441,-0.02520261840563224,-0.7646545062130881,1.1851022243499756,0.8358505582809448,0.34925152301788326,5,trapezoid_from_zero_normalized_by_max_fraction,False,error,false_positive,low,medium,binary
cicids2017_binary,44,0,BENIGN,rid_bab104fd9cce7fb141896e7fd8ce564b,mlp,gradient_x_input,deletion,target_class_median,False,True,False,True,0,BENIGN,predicted_class_of_audited_model,0.9999691899283788,0.0002602744789328,-2.723488046285638e-05,-1.6442713377671225e-05,-1.0792167085185156e-05,5.615831185430573e-07,-1.1892869997529548e-05,-1.0622934425327914e-05,-1.6611946037528467e-05,0.11735807359218597,0.09480418812856078,0.02255388695374131,5,trapezoid_from_zero_normalized_by_max_fraction,True,correct,true_negative,medium,low,binary
cicids2017_binary,44,0,BENIGN,rid_3dd66f904fc9a9a6d311030b241fbd1d,mlp,gradient_x_input,deletion,target_class_median,False,False,True,True,1,ATTACK,predicted_class_of_audited_model,0.0003867104533128,9.562590275890004e-05,-0.35080298387620135,-0.08532085720471655,-0.26548212667148474,0.014408690268967819,-0.2937231595986617,-0.013701998821172378,-0.33710098505502895,1.06326425075531,0.7527387298345566,0.3105255805253982,5,trapezoid_from_zero_normalized_by_max_fraction,False,error,false_positive,low,low,binary
cicids2017_binary,44,0,BENIGN,rid_219f762eae7da5cf06a4d4f1df9a0b05,mlp,gradient_x_input,deletion,target_class_median,False,True,False,True,0,BENIGN,predicted_class_of_audited_model,0.9999994442100046,0.0002905287605585,-2.3344650799117516e-07,-1.1359741580463378e-07,-1.1984909218654137e-07,8.500530179578185e-09,-1.3651013133851462e-07,-7.412887350710661e-08,-1.5931763448406855e-07,0.03557845205068588,0.020931773047894238,0.014646679002791646,5,trapezoid_from_zero_normalized_by_max_fraction,True,correct,true_negative,medium,low,binary
cicids2017_binary,44,0,BENIGN,rid_cabe138ab53780d22a8f39da0c6b5a83,mlp,gradient_x_input,deletion,target_class_median,False,True,False,True,0,BENIGN,predicted_class_of_audited_model,0.9999998667679932,0.0002909513185471,-1.7495281667834206e-08,2.6078469019807926e-08,-4.3573750687642135e-08,3.0915700570219725e-09,-4.96332279994052e-08,3.43698950970861e-08,-5.186517676492031e-08,0.008618740364909172,0.011117659201379864,-0.0024989182776771488,5,trapezoid_from_zero_normalized_by_max_fraction,True,correct,true_negative,medium,medium,binary
cicids2017_binary,44,0,BENIGN,rid_b07147759a10f76f97a6076886c7c1f4,mlp,gradient_x_input,deletion,target_class_median,False,True,False,True,0,BENIGN,predicted_class_of_audited_model,0.9999994780577596,0.0002905626083133,-3.052144748494356e-07,-4.7678736535772256e-08,-2.575357383136634e-07,1.049859591664017e-08,-2.7811298631027815e-07,-4.255900496730192e-08,-2.6265546988213375e-07,0.03617193549871445,0.012868875728920103,0.023303060514852404,5,trapezoid_from_zero_normalized_by_max_fraction,True,correct,true_negative,medium,low,binary
cicids2017_binary,44,0,BENIGN,rid_637a9a660b8d7beadd7c47497aa3bd8d,mlp,gradient_x_input,deletion,target_class_median,False,True,False,True,0,BENIGN,predicted_class_of_audited_model,0.9999989715165613,0.000290056067115,-8.658602148159389e-07,-1.7775819890175625e-07,-6.881020159141826e-07,3.3436198024131346e-08,-7.5363696404148e-07,-1.4171145662089657e-07,-7.241487581950423e-07,0.06930054724216461,0.02265573945408687,0.04664481300348416,5,trapezoid_from_zero_normalized_by_max_fraction,True,correct,true_negative,medium,low,binary
cicids2017_binary,44,0,BENIGN,rid_40a09c55a2f86b17aa10827850be77fc,mlp,gradient_x_input,deletion,target_class_median,False,False,True,True,1,ATTACK,predicted_class_of_audited_model,0.8823397755622864,0.8820486910117324,0.5130627999198623,0.38305873161882675,0.13000406830103553,0.026416379840655403,0.07822796381335094,0.2586301639985762,0.2544326359212862,3.1979846954345703,2.8198224005699157,0.37816250944137575,5,trapezoid_from_zero_normalized_by_max_fraction,False,error,false_positive,low,high,binary
cicids2017_binary,44,0,BENIGN,rid_bbf574d7d765f28fcf87e72b56fb2a12,mlp,gradient_x_input,deletion,target_class_median,False,False,True,True,1,ATTACK,predicted_class_of_audited_model,0.0005141550791449,0.000223070528591,-0.33867107683618086,-0.2034001162702043,-0.13527096056597654,0.022569308783137402,-0.17950680578092584,-0.14938832626842485,-0.189282750567756,0.3683285117149353,0.2920216297805309,0.07630689385533332,5,trapezoid_from_zero_normalized_by_max_fraction,False,error,false_positive,low,low,binary
cicids2017_binary,44,0,BENIGN,rid_5ba9b83ad1fb064b5f03a422bac985be,mlp,gradient_x_input,deletion,target_class_median,False,False,True,True,1,ATTACK,predicted_class_of_audited_model,0.0003538321470841,6.274759653020001e-05,-0.14811680927523413,-0.2009452421621172,0.052828432886883096,0.022274000051603345,0.009171392785740543,-0.21473868557546302,0.0666218763002289,0.4868815839290619,0.35779937380552285,0.12908224588632583,5,trapezoid_from_zero_normalized_by_max_fraction,False,error,false_positive,low,low,binary
cicids2017_binary,44,0,BENIGN,rid_06de799d7efc64d321c0dd0b80e5ea1c,mlp,gradient_x_input,deletion,target_class_median,False,True,False,True,0,BENIGN,predicted_class_of_audited_model,0.999999999999991,0.0002910845505449,2.993450058033642e-05,0.0004358741847063905,-0.00040593968412605406,0.0003169657664339352,-0.001027192586336567,3.523475880766402e-05,-5.300258227327599e-06,1.3451319932937622,1.0721465075016021,0.27298531889915467,5,trapezoid_from_zero_normalized_by_max_fraction,True,correct,true_negative,medium,medium,binary
cicids2017_binary,44,0,BENIGN,rid_4833f14378a66bc7b5a7a8a62c4ae116,mlp,gradient_x_input,deletion,target_class_median,False,True,False,True,0,BENIGN,predicted_class_of_audited_model,0.999999999997494,0.0002910845480479,0.00011916996150253545,0.00937670107296774,-0.009257531111465205,0.004775259929272493,-0.01861704057283929,0.0011383475873848288,-0.0010191776258822935,1.7871805429458618,1.635691303730011,0.15148923921585075,5,trapezoid_from_zero_normalized_by_max_fraction,True,correct,true_negative,medium,medium,binary
cicids2017_binary,44,0,BENIGN,rid_7e29e4a83316796159af8b988ec959ce,mlp,gradient_x_input,deletion,target_class_median,False,True,False,True,0,BENIGN,predicted_class_of_audited_model,0.9999472554118256,0.0002383399623795,0.003992884966173782,0.016921208924883708,-0.012928323958709924,0.005034387981735268,-0.022795724402911048,0.010597313035924903,-0.006604428069751119,1.3599485158920288,1.1218748869895934,0.2380735931396484,5,trapezoid_from_zero_normalized_by_max_fraction,True,correct,true_negative,medium,low,binary
cicids2017_binary,44,0,BENIGN,rid_aad8d2216819d381bbe01a82c6768dfa,mlp,gradient_x_input,deletion,target_class_median,False,False,True,True,1,ATTACK,predicted_class_of_audited_model,0.0006063816254027,0.0003152970748488,-0.8376417025487171,-0.26217694448040263,-0.5754647580683145,0.026716559634833385,-0.6278292149525879,-0.16139681113260124,-0.6762448914161159,0.7772005796432495,0.3223069921731949,0.4548935874700546,5,trapezoid_from_zero_normalized_by_max_fraction,False,error,false_positive,low,medium,binary
cicids2017_binary,44,0,BENIGN,rid_28c4bde3ff46a91b7ffa2f116a6b6468,mlp,gradient_x_input,deletion,target_class_median,False,True,False,True,0,BENIGN,predicted_class_of_audited_model,0.9999804483850312,0.000271532935585,-1.7888325139381323e-05,-1.0505117264187901e-05,-7.383207875193421e-06,3.2452930389035616e-07,-8.019285310818518e-06,-8.230030505899321e-06,-9.658294633482001e-06,0.1234884113073349,0.04627736853947863,0.07721104276785626,5,trapezoid_from_zero_normalized_by_max_fraction,True,correct,true_negative,medium,low,binary
cicids2017_binary,44,0,BENIGN,rid_4693e16e6643992432430c5221fb35a6,mlp,gradient_x_input,deletion,target_class_median,False,True,False,True,0,BENIGN,predicted_class_of_audited_model,0.9999369302677223,0.0002280148182762,0.0001057988090906292,0.03714417066662692,-0.03703837185753629,0.006559919407863046,-0.04989581389694786,0.04769501553077168,-0.04758921672168104,0.6468470692634583,0.4451325266361237,0.2017145068645477,5,trapezoid_from_zero_normalized_by_max_fraction,True,correct,true_negative,medium,low,binary
cicids2017_binary,44,0,BENIGN,rid_f20a94bc6a18c7b91d8dfa64277681fa,mlp,gradient_x_input,deletion,target_class_median,False,True,False,True,0,BENIGN,predicted_class_of_audited_model,0.9997358231048564,2.690765541049997e-05,-0.00020237380249064072,0.023685018497928062,-0.0238873923004187,0.006073429238953113,-0.035791313608766806,0.06286430475587725,-0.0630666785583679,1.0301541090011597,0.8739645519256591,0.15618954515457156,5,trapezoid_from_zero_normalized_by_max_fraction,True,correct,true_negative,medium,low,binary
cicids2017_binary,44,0,BENIGN,rid_6f4fcab4cb3f5a2fd78b4a51f9178b5c,mlp,gradient_x_input,deletion,target_class_median,False,True,False,True,0,BENIGN,predicted_class_of_audited_model,0.999999103980258,0.0002901885308119,0.00040700784535374623,0.001790024434121565,-0.0013830165887678187,0.0005209803386913057,-0.002404138052602778,0.006300920595403137,-0.005893912750049392,0.7296292185783386,0.5493517434597016,0.18027751684188845,5,trapezoid_from_zero_normalized_by_max_fraction,True,correct,true_negative,medium,low,binary
cicids2017_binary,44,0,BENIGN,rid_b3918c47e99c9a255fe25b07096a3a11,mlp,gradient_x_input,deletion,target_class_median,False,False,True,True,1,ATTACK,predicted_class_of_audited_model,0.001125177484937,0.0008340929343831,-0.2617030402470846,-0.3670380627683626,0.10533502252127801,0.02332271984352338,0.05962249162797219,-0.13231299824891904,-0.12939004199816556,0.663621187210083,0.4826449792385102,0.1809761960506439,5,trapezoid_from_zero_normalized_by_max_fraction,False,error,false_positive,low,medium,binary
cicids2017_binary,44,0,BENIGN,rid_6b42ad85122fdcc038cec4846ea9afe4,mlp,gradient_x_input,deletion,target_class_median,False,False,True,True,1,ATTACK,predicted_class_of_audited_model,0.0030111786909401,0.0027200941403862,-0.006142619351157919,-0.2736954615842223,0.2675528422330644,0.025218496960824476,0.21812458818984845,-0.16898037955872472,0.1628377602075668,0.736113965511322,0.6612509385347366,0.07486302697658541,5,trapezoid_from_zero_normalized_by_max_fraction,False,error,false_positive,low,medium,binary
cicids2017_binary,44,1,ATTACK,rid_1031cd625c60d92bb064fc08a81e322b,mlp,gradient_x_input,deletion,target_class_median,False,True,False,True,1,ATTACK,predicted_class_of_audited_model,1.0,0.999708915449446,0.0,0.04159478690323885,-0.04159478690323885,0.011776504904459712,-0.06467673651597988,0.09307500890660635,-0.09307500890660635,0.2781546115875244,0.3023610838865861,-0.024206476583145557,5,trapezoid_from_zero_normalized_by_max_fraction,True,correct,true_positive,high,high,binary
cicids2017_binary,44,1,ATTACK,rid_b20c11b1efba3a034631f62e299a77cd,mlp,gradient_x_input,deletion,target_class_median,False,True,False,True,1,ATTACK,predicted_class_of_audited_model,1.0,0.999708915449446,0.0,0.019023611937394685,-0.019023611937394685,0.008071438052727451,-0.03484363052074049,0.0613069714716777,-0.0613069714716777,0.39767974615097046,0.36673858772590756,0.03094115339592099,5,trapezoid_from_zero_normalized_by_max_fraction,True,correct,true_positive,high,high,binary
cicids2017_binary,44,1,ATTACK,rid_6763db466f45bfe9b75b59cc16ed26dc,mlp,gradient_x_input,deletion,target_class_median,False,True,False,True,1,ATTACK,predicted_class_of_audited_model,1.0,0.999708915449446,0.0,5.712091922760009e-05,-5.712091922760009e-05,3.683011807652856e-05,-0.00012930795065759607,0.12989810453941872,-0.12989810453941872,0.27672094106674194,0.27901293031871316,-0.0022919611260294875,5,trapezoid_from_zero_normalized_by_max_fraction,True,correct,true_positive,high,high,binary
cicids2017_binary,44,0,BENIGN,rid_33a69276a5d16ca114039b67247fb720,mlp,gradient_x_input,deletion,target_class_median,False,True,False,True,0,BENIGN,predicted_class_of_audited_model,0.9999951174895614,0.0002862020401152,-4.362005803670854e-06,-2.079114088644474e-06,-2.2828917150263803e-06,1.0737825216665014e-07,-2.4933530892730145e-06,-1.5755447903416097e-06,-2.7864610133292445e-06,0.1123410314321518,0.02672941257129423,0.0856116181157995,5,trapezoid_from_zero_normalized_by_max_fraction,True,correct,true_negative,medium,low,binary
cicids2017_binary,44,0,BENIGN,rid_a166987b4b632c8835afa38444b65826,mlp,gradient_x_input,deletion,target_class_median,False,False,True,True,1,ATTACK,predicted_class_of_audited_model,0.0003773162025026,8.623165194870003e-05,-0.22619106413987994,-0.20515691922818538,-0.021034144911694544,0.021580065560320084,-0.06333107340992192,-0.10584401210910953,-0.1203470520307704,4.625063896179199,2.5362787419557575,2.088785392642021,5,trapezoid_from_zero_normalized_by_max_fraction,False,error,false_positive,low,low,binary
cicids2017_binary,44,0,BENIGN,rid_50c34fa18ed06d7cf21bc44c196340e1,mlp,gradient_x_input,deletion,target_class_median,False,True,False,True,0,BENIGN,predicted_class_of_audited_model,1.0,0.0002910845505537,1.7574994209124117e-06,5.5825701267908646e-05,-5.4068201846996235e-05,5.304369916213884e-05,-0.00015803385220478837,2.2921928573477194e-06,-5.34693436435307e-07,3.387317180633545,3.288166273117065,0.09915109825134279,5,trapezoid_from_zero_normalized_by_max_fraction,True,correct,true_negative,high,medium,binary
cicids2017_binary,44,1,ATTACK,rid_fa64b7c56120407164b52d8625942bf1,mlp,gradient_x_input,deletion,target_class_median,False,True,False,True,1,ATTACK,predicted_class_of_audited_model,1.0,0.999708915449446,0.0,0.04388655496818319,-0.04388655496818319,0.012316081569127125,-0.06802607484367235,0.055685414229301386,-0.055685414229301386,0.2853251099586487,0.3050668839495629,-0.01974177231453359,5,trapezoid_from_zero_normalized_by_max_fraction,True,correct,true_positive,high,high,binary
cicids2017_binary,44,0,BENIGN,rid_170152f86943d88309df691be2cdea2b,mlp,gradient_x_input,deletion,target_class_median,False,False,True,True,1,ATTACK,predicted_class_of_audited_model,0.0006975122960284,0.0004064277454745,-0.01871253305489518,-0.07222472938391093,0.05351219632901575,0.013125252549975807,0.02778670133106317,-0.11083491035343103,0.09212237729853587,0.43940839171409607,0.38913269859552385,0.05027571696043015,5,trapezoid_from_zero_normalized_by_max_fraction,False,error,false_positive,low,medium,binary
cicids2017_binary,44,0,BENIGN,rid_edc7a58dc803ece74ace74bd8c28f6d5,mlp,gradient_x_input,deletion,target_class_median,False,False,True,True,1,ATTACK,predicted_class_of_audited_model,0.0055519854649901,0.0052609009144362,0.004721255451295292,-0.020023379487485858,0.02474463493878115,0.0048885410750545075,0.015163094431674316,-0.02240631807796292,0.027127573529258212,1.0795891284942627,0.6290290780067443,0.4505601100921631,5,trapezoid_from_zero_normalized_by_max_fraction,False,error,false_positive,low,medium,binary
cicids2017_binary,44,1,ATTACK,rid_d3b962085e96dbfa0e52dfda3bb9e7c2,mlp,gradient_x_input,deletion,target_class_median,False,True,False,True,1,ATTACK,predicted_class_of_audited_model,1.0,0.999708915449446,1.8966197967529293e-05,0.0706366090956144,-0.07061764289764687,0.016908415915569686,-0.10375813809216344,0.07433748088566264,-0.07431851468769513,0.41984739899635315,0.3732423843741417,0.04660498183965682,5,trapezoid_from_zero_normalized_by_max_fraction,True,correct,true_positive,high,high,binary
cicids2017_binary,44,1,ATTACK,rid_7177cfc59180023877dc4fd1c7ac555e,mlp,gradient_x_input,deletion,target_class_median,False,True,False,True,1,ATTACK,predicted_class_of_audited_model,1.0,0.999708915449446,0.0,0.028800702257081867,-0.028800702257081867,0.008817774284916325,-0.046083539855517865,0.07281298056262041,-0.07281298056262041,0.33095860481262207,0.3176826736666262,0.01327593505755067,5,trapezoid_from_zero_normalized_by_max_fraction,True,correct,true_positive,high,high,binary
cicids2017_binary,44,0,BENIGN,rid_afc61d955e91850c91feb237551ecb4c,mlp,gradient_x_input,deletion,target_class_median,False,False,True,True,1,ATTACK,predicted_class_of_audited_model,0.0005293551948852,0.0002382706443313,-0.3417547177785309,-0.1958238391651539,-0.14593087861337697,0.022281894588197595,-0.18960339200624426,-0.11048271113202646,-0.23127200664650444,0.36754369735717773,0.2794031909406185,0.08814051833748818,5,trapezoid_from_zero_normalized_by_max_fraction,False,error,false_positive,low,low,binary
cicids2017_binary,44,0,BENIGN,rid_c7aef36fb993e0f38e19e4a32111735f,mlp,gradient_x_input,deletion,target_class_median,False,True,False,True,0,BENIGN,predicted_class_of_audited_model,0.9999999998220334,0.0002910843725872,2.5136799738090247e-06,0.007004458555422396,-0.007001944875448588,0.0033461241480879085,-0.013560348205700888,0.004176975556170393,-0.004174461876196585,1.4818198680877686,1.2340177969932555,0.24780204725265503,5,trapezoid_from_zero_normalized_by_max_fraction,True,correct,true_negative,medium,medium,binary
cicids2017_binary,44,0,BENIGN,rid_7aea91f082ddcf09063756a4c57405b0,mlp,gradient_x_input,deletion,target_class_median,False,False,True,True,1,ATTACK,predicted_class_of_audited_model,0.0006129207322373,0.0003218361816834,-0.7786047638452146,-0.24782147774002877,-0.5307832861051859,0.026498358874070222,-0.5827200694983635,-0.17667219075076002,-0.6019325730944545,0.9112820625305176,0.5026893427968024,0.40859270185232166,5,trapezoid_from_zero_normalized_by_max_fraction,False,error,false_positive,low,medium,binary
cicids2017_binary,44,0,BENIGN,rid_3d343d3bac4b8929962357a4df191d64,mlp,gradient_x_input,deletion,target_class_median,False,False,True,True,1,ATTACK,predicted_class_of_audited_model,0.8835129141807556,0.8832218296302017,0.5139146989036818,0.3835480503698404,0.13036664853384133,0.025474206065861545,0.08043720464475271,0.2716119519188221,0.24230274698485957,3.213324785232544,2.876550642490387,0.3367744050025941,5,trapezoid_from_zero_normalized_by_max_fraction,False,error,false_positive,medium,high,binary
cicids2017_binary,44,0,BENIGN,rid_d3c2f0c8cd31e3340bd4afb942db8af2,mlp,gradient_x_input,deletion,target_class_median,False,False,True,True,1,ATTACK,predicted_class_of_audited_model,0.0006121650221757,0.0003210804716218,-0.3778227541566594,-0.200997620044247,-0.17682513411241235,0.02318664331674182,-0.22227095501322633,-0.142813642125373,-0.23500911203128633,0.3400341272354126,0.23786893160641193,0.10216517178714275,5,trapezoid_from_zero_normalized_by_max_fraction,False,error,false_positive,low,medium,binary
cicids2017_binary,44,0,BENIGN,rid_75683d48a13f79093aaf611fa878531b,mlp,gradient_x_input,deletion,target_class_median,False,True,False,True,0,BENIGN,predicted_class_of_audited_model,0.999999928744046,0.0002910132945998,1.7342027418543183e-07,4.680093353657266e-07,-2.945890611802948e-07,7.010225251855322e-08,-4.319894761166591e-07,3.9639208447717067e-07,-2.2297181029173884e-07,0.23865041136741638,0.11069971641898155,0.12795069494843483,5,trapezoid_from_zero_normalized_by_max_fraction,True,correct,true_negative,medium,medium,binary
cicids2017_binary,44,0,BENIGN,rid_cdb595b98a90ebd778cd2680d10a5f11,mlp,gradient_x_input,deletion,target_class_median,False,True,False,True,0,BENIGN,predicted_class_of_audited_model,0.9999999999774744,0.0002910845280283,1.4916750949445225e-07,0.0019775325301767737,-0.0019773833626672795,0.0009545775322193642,-0.0038483553258172334,0.0008828240193811383,-0.0008826748518716438,1.50897216796875,1.3606813251972198,0.14829086661338806,5,trapezoid_from_zero_normalized_by_max_fraction,True,correct,true_negative,medium,medium,binary
cicids2017_binary,44,0,BENIGN,rid_da353e7fe7632ebd930a785e067b59bf,mlp,gradient_x_input,deletion,target_class_median,False,True,False,True,0,BENIGN,predicted_class_of_audited_model,0.9999628350233252,0.000253919573879,-3.4852712147426246e-05,-1.15006166504088e-05,-2.3352095497017445e-05,1.057939374103802e-06,-2.5425656670260897e-05,-7.92046580639294e-06,-2.6932246341033305e-05,0.18645617365837097,0.06532725169509648,0.12112891600280999,5,trapezoid_from_zero_normalized_by_max_fraction,True,correct,true_negative,medium,low,binary
cicids2017_binary,44,0,BENIGN,rid_d7f9ee4f64dd469c9a4bacc706905855,mlp,gradient_x_input,deletion,target_class_median,False,True,False,True,0,BENIGN,predicted_class_of_audited_model,0.9999993536010264,0.0002904381515804,-4.622849559154929e-07,-8.985210800460664e-08,-3.7243284791088627e-07,1.661264884193302e-08,-4.04993639641075e-07,-7.960370550108565e-08,-3.826812504144073e-07,0.049883872270584106,0.012050890943268314,0.03783298132731579,5,trapezoid_from_zero_normalized_by_max_fraction,True,correct,true_negative,medium,low,binary
cicids2017_binary,44,0,BENIGN,rid_256c6415884738e965ad01abe3be0bc8,mlp,gradient_x_input,deletion,target_class_median,False,False,True,True,1,ATTACK,predicted_class_of_audited_model,0.0003003261808771,9.241630323199995e-06,-0.5893234751725686,-0.0534048452000903,-0.5359186299724783,0.010633022513495774,-0.5567593540989301,-0.01165371983860699,-0.5776697553339616,1.3507384061813354,0.8127471894025803,0.5379913181066514,5,trapezoid_from_zero_normalized_by_max_fraction,False,error,false_positive,low,low,binary
cicids2017_binary,44,0,BENIGN,rid_7bd6afca1530d5920af275eb937e27fd,mlp,gradient_x_input,deletion,target_class_median,False,False,True,True,1,ATTACK,predicted_class_of_audited_model,0.0006716133211739,0.00038052877062,-0.39002128786232787,-0.2005940592153638,-0.18942722864696407,0.02196522153614109,-0.2324790628578006,-0.20043316930501898,-0.1895881185573089,0.33104944229125977,0.239016836643219,0.09203259372711181,5,trapezoid_from_zero_normalized_by_max_fraction,False,error,false_positive,low,medium,binary
cicids2017_binary,44,0,BENIGN,rid_83e686e2c222505e944acd6ba4d0d212,mlp,gradient_x_input,deletion,target_class_median,False,False,True,True,1,ATTACK,predicted_class_of_audited_model,0.0004744371690321,0.0001833526184781,-0.19977999759539672,-0.2082513018224864,0.008471304227089693,0.022845286246721268,-0.03630545681648399,-0.19727639845807424,-0.002503599137322468,0.6534067392349243,0.48519108331203464,0.16821561419963835,5,trapezoid_from_zero_normalized_by_max_fraction,False,error,false_positive,low,low,binary
cicids2017_binary,44,0,BENIGN,rid_a06cf31d5832e4ccbf3873d58e1ee5d3,mlp,gradient_x_input,deletion,target_class_median,False,True,False,True,0,BENIGN,predicted_class_of_audited_model,0.9999081001078594,0.0001991846584132,-8.69563603600909e-05,-2.6778534687196042e-05,-6.017782567289487e-05,2.576675812304757e-06,-6.52281102650122e-05,-2.1900902234619935e-05,-6.505545812547098e-05,0.43775850534439087,0.10172369528561831,0.3360348011180759,5,trapezoid_from_zero_normalized_by_max_fraction,True,correct,true_negative,medium,low,binary
cicids2017_binary,44,1,ATTACK,rid_ba95e93176abd300b3b467db4c4aedad,mlp,gradient_x_input,deletion,target_class_median,False,True,False,True,1,ATTACK,predicted_class_of_audited_model,1.0,0.999708915449446,3.248453140258789e-06,0.03865164860137994,-0.038648400148239684,0.012504545073172895,-0.06315730849165856,0.1256379113197545,-0.1256346628666142,0.3937559127807617,0.3257630809992552,0.06799285264313219,5,trapezoid_from_zero_normalized_by_max_fraction,True,correct,true_positive,high,high,binary
cicids2017_binary,44,0,BENIGN,rid_2e81c7d688e5f12cca89f28c3437b11d,mlp,gradient_x_input,deletion,target_class_median,False,True,False,True,0,BENIGN,predicted_class_of_audited_model,0.999981831324476,0.0002729158750298,0.003168724642750964,0.004102808124153612,-0.0009340834814026478,0.0010116275926131673,-0.0029168735629244557,0.009147670234838527,-0.005978945592087563,0.5919601917266846,0.4097788852453232,0.18218133032321931,5,trapezoid_from_zero_normalized_by_max_fraction,True,correct,true_negative,medium,low,binary
cicids2017_binary,44,0,BENIGN,rid_a13aa3d7b9517c31ea570fd2fe06b255,mlp,gradient_x_input,deletion,target_class_median,False,True,False,True,0,BENIGN,predicted_class_of_audited_model,0.9998836153536104,0.0001746999041643,-0.0001098986476790742,-4.958502579404467e-05,-6.031362188502953e-05,3.1915093408250904e-06,-6.656898019304671e-05,-5.400706870059935e-05,-5.5891578978474854e-05,0.1774168312549591,0.049767265923321244,0.12764956980198622,5,trapezoid_from_zero_normalized_by_max_fraction,True,correct,true_negative,medium,low,binary
cicids2017_binary,44,0,BENIGN,rid_4d11b5125dd3225c134b4908ac1b967d,mlp,gradient_x_input,deletion,target_class_median,False,False,True,True,1,ATTACK,predicted_class_of_audited_model,0.0397932864725589,0.039502201922005,0.03759176405881995,-0.0910286232816614,0.12862038734048137,0.016085861085683033,0.09709209961254262,-0.15752412915215497,0.1951158932109749,7.938311576843262,5.5059005632400515,2.4324113473892215,5,trapezoid_from_zero_normalized_by_max_fraction,False,error,false_positive,low,medium,binary
cicids2017_binary,44,0,BENIGN,rid_6af9b0d484092c85c23a1925088bc111,mlp,gradient_x_input,deletion,target_class_median,False,True,False,True,0,BENIGN,predicted_class_of_audited_model,0.999990914787304,0.0002819993378579,-8.204527253496962e-06,1.10202055755515e-06,-9.306547811052113e-06,1.1795114120142655e-06,-1.1618390178600073e-05,2.23348445928373e-06,-1.0438011712780692e-05,0.38144153356552124,0.14846865836530926,0.23297285731881856,5,trapezoid_from_zero_normalized_by_max_fraction,True,correct,true_negative,medium,low,binary
cicids2017_binary,44,0,BENIGN,rid_bb9063bc642c023877b551bd7695745e,mlp,gradient_x_input,deletion,target_class_median,False,True,False,True,0,BENIGN,predicted_class_of_audited_model,0.9999972335697294,0.0002883181202832,0.0012100863587797051,0.00010948956350829186,0.0011005967952714133,3.644394714095856e-05,0.0010291666588751346,0.0003244567996106369,0.0008856295591690679,0.9786018133163452,0.7860101521015167,0.1925917685031891,5,trapezoid_from_zero_normalized_by_max_fraction,True,correct,true_negative,medium,low,binary
cicids2017_binary,44,0,BENIGN,rid_d2286e893cc535f93dd896b7e7235a17,mlp,gradient_x_input,deletion,target_class_median,False,False,True,True,1,ATTACK,predicted_class_of_audited_model,0.0040301098488271,0.0037390252982732,-0.06669442812271881,-0.13383881059420674,0.06714438247148792,0.018850460741393172,0.030197479418357306,-0.13066127422993123,0.0639668461072124,0.2909672260284424,0.23415054008364677,0.0568167008459568,5,trapezoid_from_zero_normalized_by_max_fraction,False,error,false_positive,low,medium,binary
cicids2017_binary,44,0,BENIGN,rid_6606c53602ccf84f893bda1ab3ed2ce9,mlp,gradient_x_input,deletion,target_class_median,False,False,True,True,1,ATTACK,predicted_class_of_audited_model,0.0044007590040564,0.0041096744535025,-0.002762926057039295,-0.10038309179446242,0.09762016573742312,0.01646849570814842,0.0653419141494522,-0.22110741965730904,0.21834449360026972,0.33064794540405273,0.27661042679846287,0.054037527546286566,5,trapezoid_from_zero_normalized_by_max_fraction,False,error,false_positive,low,medium,binary
cicids2017_binary,44,0,BENIGN,rid_f025d48c1c165110532e600607f411d7,mlp,gradient_x_input,deletion,target_class_median,False,True,False,True,0,BENIGN,predicted_class_of_audited_model,0.9999992002770456,0.0002902848275993,-5.767564651648628e-07,-9.224588573886194e-08,-4.845105794260007e-07,2.097908442796484e-08,-5.256295849048119e-07,-1.2093327153195333e-07,-4.558231936329093e-07,0.05179060623049736,0.016679590731859206,0.035111016616225246,5,trapezoid_from_zero_normalized_by_max_fraction,True,correct,true_negative,medium,low,binary
cicids2017_binary,44,0,BENIGN,rid_b43f8008a4c6f438c1c5b2bc2f881b34,mlp,gradient_x_input,insertion,target_class_median,False,True,False,True,0,BENIGN,predicted_class_of_audited_model,0.9999999264855148,0.0002910110360687,-2.3373693593953253e-06,-0.00013307942959842514,0.00013074206023902982,6.182495678281466e-05,9.565144944713086e-06,-0.0004972107906611626,0.0004948734213017673,4.231086730957031,4.09774453163147,0.1333419609069825,5,trapezoid_from_zero_normalized_by_max_fraction,True,correct,true_negative,medium,medium,binary
cicids2017_binary,44,0,BENIGN,rid_aafd008b38711a51fcaf7326aef63c03,mlp,gradient_x_input,insertion,target_class_median,False,True,False,True,0,BENIGN,predicted_class_of_audited_model,0.999916551008937,0.0002076355594908,-6.948651026732476e-05,-1.4793258687461731e-05,-5.469325157986305e-05,1.5379089155728945e-06,-5.770755305438592e-05,-1.8709675564061e-05,-5.0776834703263766e-05,0.2826460897922516,0.0572977034188807,0.22534837147220968,5,trapezoid_from_zero_normalized_by_max_fraction,True,correct,true_negative,medium,low,binary
cicids2017_binary,44,0,BENIGN,rid_53e9038013ac53a866c7e39dfd851822,mlp,gradient_x_input,insertion,target_class_median,False,False,True,True,1,ATTACK,predicted_class_of_audited_model,0.0004146535939071,0.0001235690433532,-0.9462578257148209,-0.8796849137736591,-0.06657291194116187,0.009199578890061951,-0.0846040865656833,-0.5934972050753531,-0.3527606206394677,1.0457870960235596,0.825670145392418,0.22011687314510348,5,trapezoid_from_zero_normalized_by_max_fraction,False,error,false_positive,low,low,binary
cicids2017_binary,44,0,BENIGN,rid_55496a4ac4458a52e7831c033485d740,mlp,gradient_x_input,insertion,target_class_median,False,False,True,True,1,ATTACK,predicted_class_of_audited_model,0.0003318703675176,4.078581696370003e-05,-0.9464109457318386,-0.8332831838120978,-0.1131277619197409,0.014320130293619957,-0.14119521729523601,-0.5865393312822311,-0.3598716144496076,0.7990279197692871,0.6446859594583512,0.1543419185876847,5,trapezoid_from_zero_normalized_by_max_fraction,False,error,false_positive,low,low,binary
cicids2017_binary,44,1,ATTACK,rid_5e6b5fcfed47e830975b1ea89bdf4698,mlp,gradient_x_input,insertion,target_class_median,False,True,False,True,1,ATTACK,predicted_class_of_audited_model,1.0,0.999708915449446,-0.18817775622010233,-0.40517973683304787,0.2170019806129455,0.025758979593874156,0.16651438060895216,-0.3426581510110056,0.1544803947909032,0.20604319870471954,0.19533581492304802,0.010707394585013394,5,trapezoid_from_zero_normalized_by_max_fraction,True,correct,true_positive,high,high,binary
cicids2017_binary,44,1,ATTACK,rid_6a53462e703ca30ed590e502194cd872,mlp,gradient_x_input,insertion,target_class_median,False,True,False,True,1,ATTACK,predicted_class_of_audited_model,1.0,0.999708915449446,-0.039477485418319705,-0.3423123426636222,0.3028348572453025,0.02754898586485954,0.24883884495017783,-0.27998873600457397,0.24051125058625422,0.2956266701221466,0.2579906770735979,0.037635974049568185,5,trapezoid_from_zero_normalized_by_max_fraction,True,correct,true_positive,high,high,binary
cicids2017_binary,44,1,ATTACK,rid_a6fb9dbbaef07885e7f7bbd723e3e002,mlp,gradient_x_input,insertion,target_class_median,False,True,False,True,1,ATTACK,predicted_class_of_audited_model,1.0,0.999708915449446,0.0006731033325195311,-0.41351225323876634,0.41418535657128586,0.027500505470650357,0.3602843658488112,-0.33035063252952535,0.33102373586204487,0.42033737897872925,0.36123511093854904,0.059102249413728714,5,trapezoid_from_zero_normalized_by_max_fraction,True,correct,true_positive,high,high,binary
cicids2017_binary,44,1,ATTACK,rid_55ae17d40bbdb9d1f2258028d12cc0cb,mlp,gradient_x_input,insertion,target_class_median,False,True,False,True,1,ATTACK,predicted_class_of_audited_model,1.0,0.999708915449446,-0.01581045091152191,-0.2934331673991625,0.2776227164876406,0.027332309122208284,0.22405139060811236,-0.2609920913801176,0.24518164046859567,0.3681734502315521,0.34787244956195357,0.02030099321901797,5,trapezoid_from_zero_normalized_by_max_fraction,True,correct,true_positive,high,high,binary
cicids2017_binary,44,1,ATTACK,rid_18ee51725768818f45f75c2e662d5ddf,mlp,gradient_x_input,insertion,target_class_median,False,True,False,True,1,ATTACK,predicted_class_of_audited_model,1.0,0.999708915449446,-0.18988539874553684,-0.3241157524577417,0.13423035371220493,0.026684821691828158,0.08192810319622174,-0.33332512862043273,0.1434397298748959,0.2105236053466797,0.20346228928118942,0.00706132575124502,5,trapezoid_from_zero_normalized_by_max_fraction,True,correct,true_positive,high,high,binary
cicids2017_binary,44,1,ATTACK,rid_36963c178b564b14363d80a70c5b4ee7,mlp,gradient_x_input,insertion,target_class_median,False,True,False,True,1,ATTACK,predicted_class_of_audited_model,1.0,0.999708915449446,-0.03995928466320038,-0.3125429331267766,0.2725836484635762,0.02500841354202724,0.2235671579212028,-0.23240122901411517,0.1924419443509148,0.26432132720947266,0.23204153902828697,0.03227980606257915,5,trapezoid_from_zero_normalized_by_max_fraction,True,correct,true_positive,high,high,binary
cicids2017_binary,44,1,ATTACK,rid_f87c7b34fe9304f7f7667fba446dfa64,mlp,gradient_x_input,insertion,target_class_median,False,True,False,True,1,ATTACK,predicted_class_of_audited_model,1.0,0.999708915449446,-0.18512958735227586,-0.35893189532078207,0.1738023079685062,0.026816050808629355,0.12124284838359267,-0.28452580613577194,0.0993962187834961,0.2916474938392639,0.3262061112970114,-0.03455861596763136,5,trapezoid_from_zero_normalized_by_max_fraction,True,correct,true_positive,high,high,binary
cicids2017_binary,44,1,ATTACK,rid_82693d0ba4a02241a7fec427ec63f62c,mlp,gradient_x_input,insertion,target_class_median,False,True,False,True,1,ATTACK,predicted_class_of_audited_model,1.0,0.999708915449446,0.002031680941581726,-0.3926524744680795,0.3946841554096612,0.027334807999186927,0.3411079317312548,-0.26597123903884634,0.2680029199804281,0.411748468875885,0.38488089868426323,0.026867561995983134,5,trapezoid_from_zero_normalized_by_max_fraction,True,correct,true_positive,high,high,binary
cicids2017_binary,44,1,ATTACK,rid_ca3ee715be27ef5fd0091152fb0faae5,mlp,gradient_x_input,insertion,target_class_median,False,True,False,True,1,ATTACK,predicted_class_of_audited_model,1.0,0.999708915449446,0.0027106583118438722,-0.32232032902983043,0.32503098734167435,0.028124799723775823,0.26990637988307375,-0.27520055074748095,0.27791120905932487,0.4776395857334137,0.44032654314488173,0.037313073135912415,5,trapezoid_from_zero_normalized_by_max_fraction,True,correct,true_positive,high,high,binary
cicids2017_binary,44,1,ATTACK,rid_efbc89c3e069caf741c900a8be7381b9,mlp,gradient_x_input,insertion,target_class_median,False,True,False,True,1,ATTACK,predicted_class_of_audited_model,1.0,0.999708915449446,-0.10606161952018739,-0.29422497811702325,0.18816335859683586,0.026715554900022274,0.1358008709927922,-0.30426132943396,0.19819970991377264,0.31558191776275635,0.2660108659639954,0.04957104434818029,5,trapezoid_from_zero_normalized_by_max_fraction,True,correct,true_positive,high,high,binary
cicids2017_binary,44,1,ATTACK,rid_7e24cc105d01acf99847456e41226ec8,mlp,gradient_x_input,insertion,target_class_median,False,True,False,True,1,ATTACK,predicted_class_of_audited_model,1.0,0.999708915449446,-0.04226487576961518,-0.3984974237000605,0.3562325479304454,0.027545736000135258,0.3022429053701803,-0.31284780146088614,0.27058292569127096,0.35767754912376404,0.32267386387288577,0.03500369717180729,5,trapezoid_from_zero_normalized_by_max_fraction,True,correct,true_positive,high,high,binary
cicids2017_binary,44,1,ATTACK,rid_251873791485539213f34e42aee4654b,mlp,gradient_x_input,insertion,target_class_median,False,True,False,True,1,ATTACK,predicted_class_of_audited_model,1.0,0.999708915449446,-0.17555138319730762,-0.4143513595569065,0.2387999763595989,0.02629279859928388,0.1872660911050025,-0.29202647301401896,0.1164750898167114,0.27863937616348267,0.30420981848239903,-0.025570461690425882,5,trapezoid_from_zero_normalized_by_max_fraction,True,correct,true_positive,high,high,binary
cicids2017_binary,44,1,ATTACK,rid_d569863fa3cc4a481a9505aea214e825,mlp,gradient_x_input,insertion,target_class_median,False,True,False,True,1,ATTACK,predicted_class_of_audited_model,1.0,0.999708915449446,-0.09912407398223878,-0.3313269361861717,0.23220286220393294,0.026605680568067332,0.18005572829052097,-0.25719740915876976,0.158073335176531,0.2744452655315399,0.2645215943083167,0.00992368537932634,5,trapezoid_from_zero_normalized_by_max_fraction,True,correct,true_positive,high,high,binary
cicids2017_binary,44,1,ATTACK,rid_106f5d03f73123fcbd65cff52a82d265,mlp,gradient_x_input,insertion,target_class_median,False,True,False,True,1,ATTACK,predicted_class_of_audited_model,1.0,0.999708915449446,0.0019435763359069822,-0.2804869453463923,0.2824305216822992,0.02716080650475262,0.22919534093298408,-0.22454422970515303,0.22648780604106,0.44529396295547485,0.39655104480683806,0.04874293006956576,5,trapezoid_from_zero_normalized_by_max_fraction,True,correct,true_positive,high,high,binary
cicids2017_binary,44,0,BENIGN,rid_83434139ec41e5af924df74e57ed1631,mlp,gradient_x_input,insertion,target_class_median,False,True,False,True,0,BENIGN,predicted_class_of_audited_model,0.9999905833337834,0.0002816678843373,-8.737928112623194e-06,-1.9743817026736114e-06,-6.763546409949583e-06,1.542316728380068e-07,-7.0658404887120765e-06,-1.1525822337290493e-06,-7.585345878894145e-06,0.1355282962322235,0.05228305620327591,0.08324525493010879,5,trapezoid_from_zero_normalized_by_max_fraction,True,correct,true_negative,medium,low,binary
cicids2017_binary,44,1,ATTACK,rid_b15622503e4a49fca56ee45408f83621,mlp,gradient_x_input,insertion,target_class_median,False,True,False,True,1,ATTACK,predicted_class_of_audited_model,1.0,0.999708915449446,-0.17489185482263564,-0.3051735860344019,0.13028173121176626,0.026025038465248427,0.07927265581987934,-0.3302034952742656,0.15531164045162996,0.2378820925951004,0.2239014870338142,0.013980590287595995,5,trapezoid_from_zero_normalized_by_max_fraction,True,correct,true_positive,high,high,binary
cicids2017_binary,44,1,ATTACK,rid_6c9110613ff850a03c20f3be4b50f878,mlp,gradient_x_input,insertion,target_class_median,False,True,False,True,1,ATTACK,predicted_class_of_audited_model,1.0,0.999708915449446,-0.11031024456024172,-0.38106444436954945,0.2707541998093077,0.0274164869223216,0.21701788544155737,-0.29570886345277336,0.18539861889253165,0.31965166330337524,0.25768761194497347,0.061964044280350204,5,trapezoid_from_zero_normalized_by_max_fraction,True,correct,true_positive,high,high,binary
cicids2017_binary,44,1,ATTACK,rid_2d5bc408fd23885e456a3237a2ac9ecd,mlp,gradient_x_input,insertion,target_class_median,False,True,False,True,1,ATTACK,predicted_class_of_audited_model,0.0305627360939979,0.0302716515434439,-0.9335370225133375,-0.8103050273564604,-0.12323199515687705,0.016725001189269253,-0.15601299748784478,-0.666326413095415,-0.2672106094179225,1.4525525569915771,0.9993067750930787,0.4532458534240723,5,trapezoid_from_zero_normalized_by_max_fraction,True,correct,true_positive,low,medium,binary
cicids2017_binary,44,1,ATTACK,rid_fc1f445c0bc6dd4ecfead7d3e81d2885,mlp,gradient_x_input,insertion,target_class_median,False,True,False,True,1,ATTACK,predicted_class_of_audited_model,1.0,0.999708915449446,0.0017018347978591916,-0.33467564477763556,0.3363774795754948,0.028109033987562204,0.2812837729598729,-0.2552962930839448,0.256998127881804,0.4364059567451477,0.39641736818104983,0.039988588564097885,5,trapezoid_from_zero_normalized_by_max_fraction,True,correct,true_positive,high,high,binary
cicids2017_binary,44,1,ATTACK,rid_a57d40b38f9928b068d8ab9a16b272d1,mlp,gradient_x_input,insertion,target_class_median,False,True,False,True,1,ATTACK,predicted_class_of_audited_model,1.0,0.999708915449446,0.00028619170188903787,-0.2478639141741421,0.24815010587603117,0.026219425246775688,0.19676003239235082,-0.26244761672286565,0.26273380842475463,0.3597002625465393,0.29797423207759854,0.0617260226458311,5,trapezoid_from_zero_normalized_by_max_fraction,True,correct,true_positive,high,high,binary
cicids2017_binary,44,0,BENIGN,rid_8fe581c4852bb79d8e79d4c870372f56,mlp,gradient_x_input,insertion,target_class_median,False,True,False,True,0,BENIGN,predicted_class_of_audited_model,0.9999999875761248,0.0002910721266786,4.665525428215743e-08,-0.001325113066485679,0.001325159721739961,0.0006987367372009979,-4.436428317399475e-05,-0.0010231935382252005,0.0010232401934794826,0.8740986585617065,0.7545956065654755,0.11950305199623106,5,trapezoid_from_zero_normalized_by_max_fraction,True,correct,true_negative,medium,medium,binary
cicids2017_binary,44,0,BENIGN,rid_b8daf95ad9fafc5acbc8ddd2dfef7434,mlp,gradient_x_input,insertion,target_class_median,False,True,False,True,0,BENIGN,predicted_class_of_audited_model,0.999998654434762,0.000289738985316,-5.39755085071647e-07,-3.2922371153176754e-07,-2.105313735398795e-07,3.231591134326112e-08,-2.738705597726713e-07,-2.9575920333968495e-07,-2.4399588173196204e-07,0.029792610555887222,0.0209052985238377,0.008887311286991464,5,trapezoid_from_zero_normalized_by_max_fraction,True,correct,true_negative,medium,low,binary
cicids2017_binary,44,0,BENIGN,rid_e1a1255f532f2ea71d66b0858c41f626,mlp,gradient_x_input,insertion,target_class_median,False,False,True,True,1,ATTACK,predicted_class_of_audited_model,0.0232660956680774,0.0229750111175234,-0.09473488628864288,-0.46178806710335085,0.36705318081470795,0.028158526995584684,0.311862467903362,-0.42409970336925473,0.3293648170806118,0.36718979477882385,0.3197508981823921,0.047438881695270545,5,trapezoid_from_zero_normalized_by_max_fraction,False,error,false_positive,low,medium,binary
cicids2017_binary,44,0,BENIGN,rid_1942b4cba9f38cc94323827be82fbfad,mlp,gradient_x_input,insertion,target_class_median,False,True,False,True,0,BENIGN,predicted_class_of_audited_model,0.999999999999994,0.0002910845505479,2.3477824726558793e-07,-0.000893531706057454,0.0008937664843047196,0.00039986967720843437,0.00011002191697618831,-0.0010842151495133463,0.0010844499277606117,1.3559590578079224,1.0523152861595153,0.3036437239646912,5,trapezoid_from_zero_normalized_by_max_fraction,True,correct,true_negative,medium,medium,binary
cicids2017_binary,44,0,BENIGN,rid_778c25a12e882214c56d0f0a963e2d7b,mlp,gradient_x_input,insertion,target_class_median,False,True,False,True,0,BENIGN,predicted_class_of_audited_model,0.999960211553116,0.0002512961036699,-2.622924413344663e-05,-6.549390597101025e-06,-1.9679853536345605e-05,6.045676626543438e-07,-2.0864806155148118e-05,-6.208513378439306e-06,-2.0020730755007322e-05,0.1632758229970932,0.06688126083649695,0.09639455918036402,5,trapezoid_from_zero_normalized_by_max_fraction,True,correct,true_negative,medium,low,binary
cicids2017_binary,44,0,BENIGN,rid_02cf42167a49f18c86ced9372b483304,mlp,gradient_x_input,insertion,target_class_median,False,False,True,True,1,ATTACK,predicted_class_of_audited_model,0.0005988314514979,0.000307746900944,-0.906869249441661,-0.7731311857334615,-0.13373806370819935,0.017615828042285633,-0.1682650866710792,-0.5790577652462605,-0.3278114841954005,1.3645217418670654,1.0664150599241258,0.29810655081272125,5,trapezoid_from_zero_normalized_by_max_fraction,False,error,false_positive,low,medium,binary
cicids2017_binary,44,1,ATTACK,rid_6c91823a71c3ee2c103e436f4d8761df,mlp,gradient_x_input,insertion,target_class_median,False,True,False,True,1,ATTACK,predicted_class_of_audited_model,1.0,0.999708915449446,0.0013016402721405028,-0.2727484350656478,0.27405007533778825,0.027408452230447012,0.2203295089661121,-0.2731098310204414,0.27441147129258187,0.4184791147708893,0.38037491324543954,0.03810421866178511,5,trapezoid_from_zero_normalized_by_max_fraction,True,correct,true_positive,high,high,binary
cicids2017_binary,44,1,ATTACK,rid_deb4ad8feb40fc6e5f2b1b56ed74cb67,mlp,gradient_x_input,insertion,target_class_median,False,True,False,True,1,ATTACK,predicted_class_of_audited_model,1.0,0.999708915449446,-0.01422039568424225,-0.33843804239302344,0.32421764670878117,0.028131907773203325,0.26907910747330266,-0.31172711311628565,0.2975067174320434,0.3829570710659027,0.36936728842556477,0.01358978562057018,5,trapezoid_from_zero_normalized_by_max_fraction,True,correct,true_positive,high,high,binary
cicids2017_binary,44,1,ATTACK,rid_dac427001f980497c88975a48c512494,mlp,gradient_x_input,insertion,target_class_median,False,True,False,True,1,ATTACK,predicted_class_of_audited_model,1.0,0.999708915449446,-0.19414294213056565,-0.44834429646574303,0.2542013543351774,0.025213287102670002,0.20478331161394417,-0.3380960638928575,0.14395312176229183,0.2159278392791748,0.22534485261887313,-0.00941699173301458,5,trapezoid_from_zero_normalized_by_max_fraction,True,correct,true_positive,high,high,binary
cicids2017_binary,44,1,ATTACK,rid_78b003c13c8bdf2cc313eca564e2b36e,mlp,gradient_x_input,insertion,target_class_median,False,True,False,True,1,ATTACK,predicted_class_of_audited_model,1.0,0.999708915449446,-0.1852059215307236,-0.34257139208863757,0.157365470557914,0.025809484889374176,0.10677888017474062,-0.3150252194891602,0.12981929795843666,0.2597239911556244,0.2500741808265448,0.009649821504950518,5,trapezoid_from_zero_normalized_by_max_fraction,True,correct,true_positive,high,high,binary
cicids2017_binary,44,0,BENIGN,rid_a8af8a5d686a7ec31526eb3aed88b0fe,mlp,gradient_x_input,insertion,target_class_median,False,False,True,True,1,ATTACK,predicted_class_of_audited_model,0.0051994803361594,0.0049083957856055,-0.6527892885904294,-0.2992709253175181,-0.3535183632729113,0.025637854412366438,-0.4037685579211495,-0.43273250476209435,-0.22005678382833505,0.255374014377594,0.2118798789829016,0.0434941264539957,5,trapezoid_from_zero_normalized_by_max_fraction,False,error,false_positive,low,medium,binary
cicids2017_binary,44,1,ATTACK,rid_43d5afb83ec4ff10a6451c55f2fd0ad5,mlp,gradient_x_input,insertion,target_class_median,False,True,False,True,1,ATTACK,predicted_class_of_audited_model,1.0,0.999708915449446,-0.17531583458185196,-0.3261625210811991,0.15084668649934713,0.02544908500610469,0.10096647988738194,-0.26562181929822465,0.09030598471637266,0.2986654043197632,0.32070359641313556,-0.02203818017244339,5,trapezoid_from_zero_normalized_by_max_fraction,True,correct,true_positive,high,high,binary
cicids2017_binary,44,1,ATTACK,rid_80d2895bbb9863bb1405bf5ef993622a,mlp,gradient_x_input,insertion,target_class_median,False,True,False,True,1,ATTACK,predicted_class_of_audited_model,1.0,0.999708915449446,-0.16225753128528597,-0.3829538932398106,0.22069636195452463,0.02744044358001317,0.16691309253769882,-0.3337409760431367,0.17148344475785068,0.2452441155910492,0.2601076680123806,-0.014863555401563654,5,trapezoid_from_zero_normalized_by_max_fraction,True,correct,true_positive,high,high,binary
cicids2017_binary,44,0,BENIGN,rid_b3738471a2eaff8f9645a3b698e8a185,mlp,gradient_x_input,insertion,target_class_median,False,True,False,True,0,BENIGN,predicted_class_of_audited_model,0.9999999971567884,0.0002910817073422,6.903245530764934e-09,1.4339255317386004e-07,-1.3648930764309508e-07,1.4294145370994517e-08,-1.6450583257024434e-07,1.4672665148873782e-08,-7.769419618108853e-09,0.48888564109802246,0.3129282410144806,0.17595736432075498,5,trapezoid_from_zero_normalized_by_max_fraction,True,correct,true_negative,medium,medium,binary
cicids2017_binary,44,1,ATTACK,rid_c92c5916c6e4f274f515ea4066982d45,mlp,gradient_x_input,insertion,target_class_median,False,True,False,True,1,ATTACK,predicted_class_of_audited_model,1.0,0.999708915449446,-0.015870144963264464,-0.3135727242278107,0.2977025792645462,0.027230048561285095,0.2443316840844274,-0.3021011945385829,0.2862310495753185,0.3692075312137604,0.34992069188505404,0.019286806546151652,5,trapezoid_from_zero_normalized_by_max_fraction,True,correct,true_positive,high,high,binary
cicids2017_binary,44,1,ATTACK,rid_40de4b68c679e9dfd08039227b462c71,mlp,gradient_x_input,insertion,target_class_median,False,True,False,True,1,ATTACK,predicted_class_of_audited_model,1.0,0.999708915449446,-0.03302359282970428,-0.2854839423964597,0.25246034956675534,0.027724658949252252,0.19812001802622092,-0.2794665655207975,0.24644297269109317,0.3701554238796234,0.34944655294716365,0.020708855286240564,5,trapezoid_from_zero_normalized_by_max_fraction,True,correct,true_positive,high,high,binary
cicids2017_binary,44,0,BENIGN,rid_4d7c552441703862cf3577402b80500e,mlp,gradient_x_input,insertion,target_class_median,False,False,True,True,1,ATTACK,predicted_class_of_audited_model,0.0060970713384449,0.005805986787891,-0.6527791334840003,-0.5010414719435794,-0.15173766154042093,0.02714634939091692,-0.2049445063466181,-0.4040980342840994,-0.2486810991999009,0.5422097444534302,0.3904195868968964,0.15179020524024964,5,trapezoid_from_zero_normalized_by_max_fraction,False,error,false_positive,low,medium,binary
cicids2017_binary,44,1,ATTACK,rid_0b8b08fd4970e97270b5bf0241e5c27d,mlp,gradient_x_input,insertion,target_class_median,False,True,False,True,1,ATTACK,predicted_class_of_audited_model,1.0,0.999708915449446,-0.1640977829694748,-0.3220219216379974,0.15792413866852262,0.02694373808813035,0.10511441201578714,-0.3116956838777675,0.14759790090829272,0.26595020294189453,0.2349411156475544,0.031009080216288565,5,trapezoid_from_zero_normalized_by_max_fraction,True,correct,true_positive,high,high,binary
cicids2017_binary,44,1,ATTACK,rid_acbf8b93615aa0ebc61e1e3fff2c08de,mlp,gradient_x_input,insertion,target_class_median,False,True,False,True,1,ATTACK,predicted_class_of_audited_model,0.982292413711548,0.982001329160994,-0.7268036661669611,-0.1283787615969777,-0.5984249045699835,0.017717852421291463,-0.6331518953157148,-0.09288228494673967,-0.6339213812202216,0.05821540951728821,0.047354125978422416,0.01086128577403997,5,trapezoid_from_zero_normalized_by_max_fraction,True,correct,true_positive,medium,high,binary
cicids2017_binary,44,1,ATTACK,rid_e1cbbd4a0ed8182417c93ace19d64934,mlp,gradient_x_input,insertion,target_class_median,False,True,False,True,1,ATTACK,predicted_class_of_audited_model,1.0,0.999708915449446,0.0008904874324798583,-0.43171465260778674,0.4326051400402666,0.02652596848619081,0.3806142418073326,-0.2852657764634107,0.28615626389589055,0.41019147634506226,0.37850325968861587,0.03168822485208509,5,trapezoid_from_zero_normalized_by_max_fraction,True,correct,true_positive,high,high,binary
cicids2017_binary,44,0,BENIGN,rid_61c1752f2770ab0999135d3da5a54722,mlp,gradient_x_input,insertion,target_class_median,False,False,True,True,1,ATTACK,predicted_class_of_audited_model,0.0002996151451952,8.530594641299987e-06,-0.6382177844643593,-0.3253782729835002,-0.31283951148085903,0.026836658942907626,-0.36543936300895796,-0.3344270816516437,-0.3037907028127156,1.0969575643539429,0.5297886304259299,0.5671688981652261,5,trapezoid_from_zero_normalized_by_max_fraction,False,error,false_positive,low,low,binary
cicids2017_binary,44,0,BENIGN,rid_f7c0a2da09c3a98f81a337ab91f0d35e,mlp,gradient_x_input,insertion,target_class_median,False,True,False,True,0,BENIGN,predicted_class_of_audited_model,0.9999964758819716,0.0002875604325253,-0.010211738539703674,-0.020429356182376922,0.010217617642673248,0.00553422509531202,-0.000629463544138311,-0.015136491786269628,0.004924753246565952,1.0869495868682861,0.9011218848228454,0.18582774972915647,5,trapezoid_from_zero_normalized_by_max_fraction,True,correct,true_negative,medium,low,binary
cicids2017_binary,44,0,BENIGN,rid_db23bfbbb57f0742ce3c6b906dee30e0,mlp,gradient_x_input,insertion,target_class_median,False,True,False,True,0,BENIGN,predicted_class_of_audited_model,0.9999984954193906,0.0002895799699444,-0.0013180076330286284,-0.01420235734292994,0.012884349709901311,0.003668823615186407,0.005693455424135954,-0.004797538619952687,0.0034795309869240583,0.5808852910995483,0.4637304859161377,0.1171548409461975,5,trapezoid_from_zero_normalized_by_max_fraction,True,correct,true_negative,medium,low,binary
cicids2017_binary,44,0,BENIGN,rid_33c6d7a550b2688addab1d5ff7a23e12,mlp,gradient_x_input,insertion,target_class_median,False,True,False,True,0,BENIGN,predicted_class_of_audited_model,0.9999983313407484,0.0002894158913022,-1.6112858182282254e-05,-0.0026849572438898835,0.0026688443857076014,0.000782573869507276,0.0011349996014733404,-0.0009267947831101883,0.0009106819249279062,1.020686149597168,0.8112555656433106,0.20943051838874815,5,trapezoid_from_zero_normalized_by_max_fraction,True,correct,true_negative,medium,low,binary
cicids2017_binary,44,0,BENIGN,rid_dc4241549bc2dc41a6b5876e8b363380,mlp,gradient_x_input,insertion,target_class_median,False,False,True,True,1,ATTACK,predicted_class_of_audited_model,0.0006816462846472,0.0003905617340932,-0.5590418755775317,-0.4427459927392192,-0.11629588283831255,0.02579764326614351,-0.16685926363995382,-0.35268455163086765,-0.20635732394666412,0.28211018443107605,0.16654707059264182,0.11556310787796975,5,trapezoid_from_zero_normalized_by_max_fraction,False,error,false_positive,low,medium,binary
cicids2017_binary,44,0,BENIGN,rid_2664981abd77bf2824e7d96ee15749cb,mlp,gradient_x_input,insertion,target_class_median,False,False,True,True,1,ATTACK,predicted_class_of_audited_model,0.0053435596637427,0.0050524751131888,-0.6545407348254231,-0.42000760841747253,-0.2345331264079505,0.02681077653869829,-0.28708224842379915,-0.4280572414277995,-0.2264834933976235,0.25391271710395813,0.21369821171462539,0.0402144845277071,5,trapezoid_from_zero_normalized_by_max_fraction,False,error,false_positive,low,medium,binary
cicids2017_binary,44,1,ATTACK,rid_a61a34f331ad0ebf5f6fad1eb56a438c,mlp,gradient_x_input,insertion,target_class_median,False,True,False,True,1,ATTACK,predicted_class_of_audited_model,1.0,0.999708915449446,-0.1977062661200762,-0.36235467740677435,0.16464841128669816,0.02844210850196432,0.10890187862284809,-0.4202665526265634,0.2225602865064873,0.38763460516929626,0.37849252547323703,0.00914209757745266,5,trapezoid_from_zero_normalized_by_max_fraction,True,correct,true_positive,high,high,binary
cicids2017_binary,44,0,BENIGN,rid_04571e92bbc967d28b7d3b8562d7589b,mlp,gradient_x_input,insertion,target_class_median,False,False,True,True,1,ATTACK,predicted_class_of_audited_model,0.0004665509040933,0.0001754663535394,-0.880549002677435,-0.5514997514060087,-0.3290492512714263,0.026519564878507217,-0.3810275984333005,-0.44455081834210436,-0.4359981843353307,0.36095499992370605,0.28765876254439354,0.07329625228047372,5,trapezoid_from_zero_normalized_by_max_fraction,False,error,false_positive,low,low,binary
cicids2017_binary,44,1,ATTACK,rid_7eea0881a850fed6d6ee4de04fbf4431,mlp,gradient_x_input,insertion,target_class_median,False,True,False,True,1,ATTACK,predicted_class_of_audited_model,1.0,0.999708915449446,-0.07081681489944458,-0.39385014165104826,0.3230333267516037,0.027254712386242434,0.2696140904745685,-0.2987140837565025,0.22789726885705794,0.31850138306617737,0.31358785478770734,0.004913514867424968,5,trapezoid_from_zero_normalized_by_max_fraction,True,correct,true_positive,high,high,binary
cicids2017_binary,44,0,BENIGN,rid_3c0515f2a7833a7f4d1aaba711587eea,mlp,gradient_x_input,insertion,target_class_median,False,False,True,True,1,ATTACK,predicted_class_of_audited_model,0.00032306756475,3.198301419609999e-05,-0.9457269992592047,-0.8883552385814144,-0.05737176067779011,0.00669299541468756,-0.07049003169057773,-0.5919261484006446,-0.35380085085856,1.8649390935897827,1.574159717321396,0.2907792809009552,5,trapezoid_from_zero_normalized_by_max_fraction,False,error,false_positive,low,low,binary
cicids2017_binary,44,0,BENIGN,rid_66e107f4b57fae70a5cabd2ec7a0f45a,mlp,gradient_x_input,insertion,target_class_median,False,False,True,True,1,ATTACK,predicted_class_of_audited_model,0.0003728656156454,8.178106509150002e-05,-0.12249037623405458,-0.4218513820090447,0.29936100577499014,0.02768293537620825,0.24510245243762196,-0.3322412268427143,0.20975085060865967,0.503251314163208,0.3595495643615723,0.14370175576210023,5,trapezoid_from_zero_normalized_by_max_fraction,False,error,false_positive,low,low,binary
cicids2017_binary,44,0,BENIGN,rid_3901d4fa6cb9b5601d7e301cc99a424e,mlp,gradient_x_input,insertion,target_class_median,False,True,False,True,0,BENIGN,predicted_class_of_audited_model,0.9999870754327276,0.0002781599832814,-1.1394208854653698e-05,-0.0038784127325082176,0.003867018523653564,0.0015336283642413088,0.0008611069297405987,-0.0008489401208679312,0.0008375459120132775,1.2210071086883545,0.9517976927757263,0.26920942783355717,5,trapezoid_from_zero_normalized_by_max_fraction,True,correct,true_negative,medium,low,binary
cicids2017_binary,44,0,BENIGN,rid_805e075631af31af30851838c2829780,mlp,gradient_x_input,insertion,target_class_median,False,False,True,True,1,ATTACK,predicted_class_of_audited_model,0.0035140302497893,0.0032229456992354,-0.9411475197099207,-0.8554882733687252,-0.08565924634119558,0.010170620869404009,-0.10559366324522744,-0.5383430820966731,-0.4028044376132476,1.7044999599456787,1.2508579639196395,0.45364197218418123,5,trapezoid_from_zero_normalized_by_max_fraction,False,error,false_positive,low,medium,binary
cicids2017_binary,44,0,BENIGN,rid_c8d2fd48e9082380a9e73d8f31ac2fb2,mlp,gradient_x_input,insertion,target_class_median,False,False,True,True,1,ATTACK,predicted_class_of_audited_model,0.0055050137452781,0.0052139291947242,-0.7376912757463288,-0.4338305015372862,-0.30386077420904256,0.027511070015545078,-0.3577824714395109,-0.46539902222087404,-0.2722922535254547,0.5105277299880981,0.3461309030056,0.16439686274528503,5,trapezoid_from_zero_normalized_by_max_fraction,False,error,false_positive,low,medium,binary
cicids2017_binary,44,0,BENIGN,rid_506b35e452663e3321212c449da0c1a1,mlp,gradient_x_input,insertion,target_class_median,False,True,False,True,0,BENIGN,predicted_class_of_audited_model,0.9999988101995996,0.0002898947501534,-2.3802871183420395e-06,-3.2937156704981877e-06,9.134285521561482e-07,5.306199355152487e-07,-1.2658652145373914e-07,-3.845813589869129e-06,1.4655264715270902e-06,0.3042803406715393,0.11283014979586006,0.19145017001405357,5,trapezoid_from_zero_normalized_by_max_fraction,True,correct,true_negative,medium,low,binary
cicids2017_binary,44,0,BENIGN,rid_03c1fef695eba7c94c9eb14e87aabe8a,mlp,gradient_x_input,insertion,target_class_median,False,False,True,True,1,ATTACK,predicted_class_of_audited_model,0.0056022871285676,0.0053112025780137,-0.733026666380465,-0.5648740894259536,-0.16815257695451147,0.024214560987664942,-0.21561311649033477,-0.4001723118720111,-0.332854354508454,0.3504076600074768,0.21072873041033743,0.1396789325773716,5,trapezoid_from_zero_normalized_by_max_fraction,False,error,false_positive,low,medium,binary
cicids2017_binary,44,1,ATTACK,rid_a63449df7a66dba5323eb47b344aec83,mlp,gradient_x_input,insertion,target_class_median,False,True,False,True,1,ATTACK,predicted_class_of_audited_model,1.0,0.999708915449446,-0.10414174497127533,-0.3684016335606366,0.26425988858936134,0.026792035637244187,0.21174749874036272,-0.3226071077776359,0.2184653628063606,0.27902498841285706,0.2762532407715917,0.0027717327401041852,5,trapezoid_from_zero_normalized_by_max_fraction,True,correct,true_positive,high,high,binary
cicids2017_binary,44,0,BENIGN,rid_9766ad0fc84b22e12fc3d900dbfea79c,mlp,gradient_x_input,insertion,target_class_median,False,True,False,True,0,BENIGN,predicted_class_of_audited_model,0.9999999994521136,0.0002910840026673,-0.00014209576348624966,-0.08923816850971271,0.08909607274622647,0.014251461024805727,0.06116320913760724,-0.009449212217069895,0.009307116453583644,1.2151449918746948,1.0011956148147583,0.21394926977157597,5,trapezoid_from_zero_normalized_by_max_fraction,True,correct,true_negative,medium,medium,binary
cicids2017_binary,44,0,BENIGN,rid_ff3a685a29af6eb6ff89b3fa1d58682c,mlp,gradient_x_input,insertion,target_class_median,False,False,True,True,1,ATTACK,predicted_class_of_audited_model,0.0006267685675993,0.0003356840170454,-0.9447041767416522,-0.7123722392150307,-0.23233193752662157,0.02219602042636795,-0.27583613756230274,-0.4812738382700212,-0.463430338471631,8.600321769714355,3.808128035068512,4.792195022106171,5,trapezoid_from_zero_normalized_by_max_fraction,False,error,false_positive,low,medium,binary
cicids2017_binary,44,0,BENIGN,rid_881943a4e2ba9628edeb11a436511150,mlp,gradient_x_input,insertion,target_class_median,False,False,True,True,1,ATTACK,predicted_class_of_audited_model,0.0050212540663778,0.0047301695158239,-0.6063727891043527,-0.26593592938748767,-0.34043685971686494,0.025491027056268788,-0.39039927274715175,-0.4608895936533063,-0.1454831954510464,0.2876130938529968,0.23688263686001304,0.05073044805228709,5,trapezoid_from_zero_normalized_by_max_fraction,False,error,false_positive,low,medium,binary
cicids2017_binary,44,1,ATTACK,rid_efaf4d8fed5eeff85d1e38de1a9f2295,mlp,gradient_x_input,insertion,target_class_median,False,True,False,True,1,ATTACK,predicted_class_of_audited_model,1.0,0.999708915449446,-0.016751646995544434,-0.4088382701881367,0.39208662319259224,0.027387793853523364,0.33840654723968644,-0.2828063540008855,0.2660547070053411,0.3364185690879822,0.3278629511445761,0.008555642530322071,5,trapezoid_from_zero_normalized_by_max_fraction,True,correct,true_positive,high,high,binary
cicids2017_binary,44,1,ATTACK,rid_18115faed31276c793dba319c954cab3,mlp,gradient_x_input,insertion,target_class_median,False,True,False,True,1,ATTACK,predicted_class_of_audited_model,1.0,0.999708915449446,-0.04725218117237091,-0.33177332531429726,0.2845211441419263,0.027308563434165028,0.23099635981096284,-0.3010532845942216,0.2538011034218507,0.3426828384399414,0.3218756920397282,0.02080716279149055,5,trapezoid_from_zero_normalized_by_max_fraction,True,correct,true_positive,high,high,binary
cicids2017_binary,44,0,BENIGN,rid_d069dccf8aa1cdeb221511e98afa16ff,mlp,gradient_x_input,insertion,target_class_median,False,True,False,True,0,BENIGN,predicted_class_of_audited_model,0.9999988666803574,0.0002899512309113,-7.781580762866724e-07,-2.1084589570818932e-07,-5.67312180578483e-07,2.353694394732447e-08,-6.13444590715239e-07,-2.4489452093234833e-07,-5.332635553543241e-07,0.01766951009631157,0.013268623098731041,0.004400887742638588,5,trapezoid_from_zero_normalized_by_max_fraction,True,correct,true_negative,medium,low,binary
cicids2017_binary,44,0,BENIGN,rid_907b952015e4b86327e97a286d948604,mlp,gradient_x_input,insertion,target_class_median,False,False,True,True,1,ATTACK,predicted_class_of_audited_model,0.0004101309168618,0.0001190463663079,-0.7610600229003467,-0.5461048781835337,-0.21495514471681298,0.025864556685188816,-0.26564967581978305,-0.41599810583980934,-0.34506191706053735,1.0531418323516846,0.8548517489433287,0.19829003572463985,5,trapezoid_from_zero_normalized_by_max_fraction,False,error,false_positive,low,low,binary
cicids2017_binary,44,0,BENIGN,rid_b788bd1474feaa6619f1f4a89df10aca,mlp,gradient_x_input,insertion,target_class_median,False,True,False,True,0,BENIGN,predicted_class_of_audited_model,0.9999999258489892,0.0002910103995432,4.250317289233863e-08,1.656083988876844e-08,2.5942333003570186e-08,1.0720951589395222e-08,4.929267888355552e-09,2.7043659614811587e-08,1.545951327752704e-08,0.017620977014303207,0.02260210399213247,-0.004981127536622808,5,trapezoid_from_zero_normalized_by_max_fraction,True,correct,true_negative,medium,medium,binary
cicids2017_binary,44,0,BENIGN,rid_61a7ed70a1d938e6ada746e80daf623c,mlp,gradient_x_input,insertion,target_class_median,False,True,False,True,0,BENIGN,predicted_class_of_audited_model,0.9999999999999898,0.0002910845505436,2.347720524986663e-07,-0.0014539842200447753,0.001454218992097274,0.0012586111478295895,-0.0010126588576487214,-0.00010137744139988347,0.00010161221345238214,1.3044966459274292,1.0675784471035004,0.23691823458671574,5,trapezoid_from_zero_normalized_by_max_fraction,True,correct,true_negative,medium,medium,binary
cicids2017_binary,44,0,BENIGN,rid_f7bad2aabb1c4825815a37d7929d5ba9,mlp,gradient_x_input,insertion,target_class_median,False,False,True,True,1,ATTACK,predicted_class_of_audited_model,0.0009166751406155,0.0006255905900615,-0.6864781686337664,-0.45340596896171337,-0.23307219967205312,0.027835509906436923,-0.2876297990886695,-0.3659127623535169,-0.3205654062802496,0.4037100374698639,0.20989511044323442,0.19381490914523603,5,trapezoid_from_zero_normalized_by_max_fraction,False,error,false_positive,low,medium,binary
cicids2017_binary,44,0,BENIGN,rid_eb008002591031be87777396dcdd0f50,mlp,gradient_x_input,insertion,target_class_median,False,False,True,True,1,ATTACK,predicted_class_of_audited_model,0.0026795829180628,0.0023884983675089,-0.6529617984313518,-0.6402228396005522,-0.012738958830799653,0.022805353105876204,-0.057437450918317014,-0.4020541968203616,-0.25090760161099024,0.9520965814590454,0.8699447227716446,0.08215179908275602,5,trapezoid_from_zero_normalized_by_max_fraction,False,error,false_positive,low,medium,binary
cicids2017_binary,44,1,ATTACK,rid_f61cf284aae9f5d1c7ce63f5906423b1,mlp,gradient_x_input,insertion,target_class_median,False,True,False,True,1,ATTACK,predicted_class_of_audited_model,1.0,0.999708915449446,-0.015385383367538454,-0.30093756844816305,0.2855521850806246,0.026940777291580863,0.2327482615891261,-0.35316000808103676,0.3377746247134983,0.3908303380012512,0.353577560685575,0.03725275570899249,5,trapezoid_from_zero_normalized_by_max_fraction,True,correct,true_positive,high,high,binary
cicids2017_binary,44,1,ATTACK,rid_e06fb0e5c7f248a1ecac6178b99ed7e5,mlp,gradient_x_input,insertion,target_class_median,False,True,False,True,1,ATTACK,predicted_class_of_audited_model,1.0,0.999708915449446,-0.09731199741363526,-0.4031265663470449,0.30581456893340964,0.026251048258735674,0.2543625143462877,-0.28836464718039506,0.1910526497667598,0.3018389344215393,0.29979174060374497,0.0020471871122717923,5,trapezoid_from_zero_normalized_by_max_fraction,True,correct,true_positive,high,high,binary
cicids2017_binary,44,1,ATTACK,rid_fff9b3740593b91c491829aa9f4d9789,mlp,gradient_x_input,insertion,target_class_median,False,True,False,True,1,ATTACK,predicted_class_of_audited_model,1.0,0.999708915449446,-0.07065345942974091,-0.43069635186087746,0.3600428924311365,0.027372727105332974,0.3063923473046839,-0.3567736861533227,0.28612022672358184,0.34575575590133667,0.3542910137921572,-0.008535256400704383,5,trapezoid_from_zero_normalized_by_max_fraction,True,correct,true_positive,high,high,binary
cicids2017_binary,44,1,ATTACK,rid_ad8e09c16cfcfdad02be017afa043980,mlp,gradient_x_input,insertion,target_class_median,False,True,False,True,1,ATTACK,predicted_class_of_audited_model,1.0,0.999708915449446,0.001973706483840942,-0.27973178820017686,0.28170549468401784,0.026223491521035844,0.2303074513027876,-0.24972350135433752,0.2516972078381785,0.3878929018974304,0.3525672069787979,0.03532569938898088,5,trapezoid_from_zero_normalized_by_max_fraction,True,correct,true_positive,high,high,binary
cicids2017_binary,44,0,BENIGN,rid_f30bcb4497f886204ee66c168adce3aa,mlp,gradient_x_input,insertion,target_class_median,False,False,True,True,1,ATTACK,predicted_class_of_audited_model,0.0045217359438538,0.0042306513932999,-0.8454990369427833,-0.39059947640676,-0.4548995605360233,0.027406466418548242,-0.5086162347163778,-0.40966492234774343,-0.43583411459503985,0.5374010801315308,0.3621238683462143,0.1752772237062454,5,trapezoid_from_zero_normalized_by_max_fraction,False,error,false_positive,low,medium,binary
cicids2017_binary,44,1,ATTACK,rid_b426f0d9ea4c6521bcfcfbc93030e80d,mlp,gradient_x_input,insertion,target_class_median,False,True,False,True,1,ATTACK,predicted_class_of_audited_model,1.0,0.999708915449446,-0.18772258013486862,-0.37205276675071086,0.18433018661584227,0.02692420439511877,0.1315587460014095,-0.2508814156140881,0.06315883547921947,0.2128206044435501,0.21845191862434152,-0.005631315670907493,5,trapezoid_from_zero_normalized_by_max_fraction,True,correct,true_positive,high,high,binary
cicids2017_binary,44,0,BENIGN,rid_170ffc8628be7e6f60ea0272b9804aae,mlp,gradient_x_input,insertion,target_class_median,False,False,True,True,1,ATTACK,predicted_class_of_audited_model,0.0053130439482629,0.005021959397709,-0.6520793157629668,-0.2993384809209819,-0.3527408348419849,0.02650690048491605,-0.40469435979242036,-0.365276052361005,-0.2868032634019618,0.2544497847557068,0.21927075201272964,0.03517904764413834,5,trapezoid_from_zero_normalized_by_max_fraction,False,error,false_positive,low,medium,binary
cicids2017_binary,44,0,BENIGN,rid_b596a4d6697f476f77adc5470e3dfd58,mlp,gradient_x_input,insertion,target_class_median,False,True,False,True,0,BENIGN,predicted_class_of_audited_model,0.999962125744787,0.0002532102953409,-0.001490413591864126,-0.026449614900494037,0.024959201308629914,0.00793621163296304,0.009404226508022355,-0.008554761730827722,0.0070643481389635965,0.9368554949760437,0.44376614543795584,0.49308943298459057,5,trapezoid_from_zero_normalized_by_max_fraction,True,correct,true_negative,medium,low,binary
cicids2017_binary,44,1,ATTACK,rid_34af9ebc1be3f0d72a225c815e7b6fc6,mlp,gradient_x_input,insertion,target_class_median,False,True,False,True,1,ATTACK,predicted_class_of_audited_model,1.0,0.999708915449446,-0.19176319986581805,-0.3750998129919826,0.1833366131261646,0.026287728240864887,0.13181266577406942,-0.2974784766773463,0.10571527681152824,0.22548401355743408,0.20292036426812415,0.02256364742666482,5,trapezoid_from_zero_normalized_by_max_fraction,True,correct,true_positive,high,high,binary
cicids2017_binary,44,0,BENIGN,rid_7e5515e2ee67622e8f17f21722db479f,mlp,gradient_x_input,insertion,target_class_median,False,False,True,True,1,ATTACK,predicted_class_of_audited_model,0.0003594380395952,6.835348904130002e-05,-0.9462566232437724,-0.8420216541812304,-0.10423496906254183,0.015214513345006625,-0.1340554152187548,-0.5843230571283036,-0.3619335661154686,0.9101978540420532,0.6650962799191475,0.24510153239965438,5,trapezoid_from_zero_normalized_by_max_fraction,False,error,false_positive,low,low,binary
cicids2017_binary,44,0,BENIGN,rid_bb8f760bc0b4d6b42c6731d2566df8d5,mlp,gradient_x_input,insertion,target_class_median,False,True,False,True,0,BENIGN,predicted_class_of_audited_model,0.9999645983007212,0.0002556828512751,-0.0005687341946483571,-0.001776358448415336,0.0012076242537669788,0.0005268844313282534,0.00017493076836360213,-0.002583862635793135,0.0020151284411447775,0.5710142850875854,0.39290515559911726,0.1781090996861458,5,trapezoid_from_zero_normalized_by_max_fraction,True,correct,true_negative,medium,low,binary
cicids2017_binary,44,0,BENIGN,rid_72bbf7e8fae09e4dc284d0d6a53d152c,mlp,gradient_x_input,insertion,target_class_median,False,False,True,True,1,ATTACK,predicted_class_of_audited_model,0.0003041451855096,1.3060634955700012e-05,-0.9463796241419999,-0.889140787589398,-0.057238836552601924,0.00806693054618181,-0.07305002042311827,-0.5836036937757951,-0.3627759303662047,0.903699517250061,0.7200048376917839,0.18369473916292192,5,trapezoid_from_zero_normalized_by_max_fraction,False,error,false_positive,low,low,binary
cicids2017_binary,44,0,BENIGN,rid_9295c392b3c3c9047ab4b85ce4a34ed5,mlp,gradient_x_input,insertion,target_class_median,False,False,True,True,1,ATTACK,predicted_class_of_audited_model,0.0003612527216318,7.016817107790001e-05,-0.9463042006591422,-0.8576964422555376,-0.08860775840360458,0.012831180734256835,-0.11375687264274797,-0.5928835202028647,-0.35342068045627745,0.9510418772697449,0.6928396562337875,0.2582022448778153,5,trapezoid_from_zero_normalized_by_max_fraction,False,error,false_positive,low,low,binary
cicids2017_binary,44,0,BENIGN,rid_972f2177f17c9795c505e1c5cc6753b1,mlp,gradient_x_input,insertion,target_class_median,False,True,False,True,0,BENIGN,predicted_class_of_audited_model,0.9999996806174352,0.000290765167989,-1.2488776377495014e-07,-6.587909692967742e-08,-5.900866684527272e-08,1.1754042968660776e-08,-8.204659106384784e-08,-4.468775365040756e-08,-8.020001012454259e-08,0.06849703192710876,0.03376159305125475,0.0347354373857379,5,trapezoid_from_zero_normalized_by_max_fraction,True,correct,true_negative,medium,low,binary
cicids2017_binary,44,0,BENIGN,rid_ed4b93d8fed592093d593e0f55b5cbcc,mlp,gradient_x_input,insertion,target_class_median,False,True,False,True,0,BENIGN,predicted_class_of_audited_model,0.999999988560658,0.0002910731112119,2.2263279444434403e-07,-0.001212019078888665,0.0012122417116831093,0.00030185676686637523,0.0006206024486250139,-0.009631069969215285,0.00963129260200973,7.806438446044922,5.414604825973511,2.3918334770202643,5,trapezoid_from_zero_normalized_by_max_fraction,True,correct,true_negative,medium,medium,binary
cicids2017_binary,44,0,BENIGN,rid_44650f8686ab9c9f5a6c4a9eadd4c512,mlp,gradient_x_input,insertion,target_class_median,False,True,False,True,0,BENIGN,predicted_class_of_audited_model,0.9999998026902688,0.0002908872408226,-5.316350036821405e-06,-0.0003300565513390375,0.00032474020130221606,0.00010684818464883767,0.00011531775939049423,-0.014039442130079982,0.014034125780043163,5.327331066131592,5.161297885894776,0.1660331802368164,5,trapezoid_from_zero_normalized_by_max_fraction,True,correct,true_negative,medium,medium,binary
cicids2017_binary,44,0,BENIGN,rid_7d7141444a672f40efe70a44ed8bd181,mlp,gradient_x_input,insertion,target_class_median,False,True,False,True,0,BENIGN,predicted_class_of_audited_model,0.9999997240156516,0.0002908085662056,-3.541735210887964e-07,-5.504542483691921e-08,-2.991280962518772e-07,1.602938807077459e-08,-3.305456968705954e-07,-7.01102942173293e-08,-2.8406322687146717e-07,0.014967462047934532,0.015961627480108292,-0.000994165432173759,5,trapezoid_from_zero_normalized_by_max_fraction,True,correct,true_negative,medium,medium,binary
cicids2017_binary,44,0,BENIGN,rid_d727cdde2679ba9d8e797de88658c4da,mlp,gradient_x_input,insertion,target_class_median,False,True,False,True,0,BENIGN,predicted_class_of_audited_model,0.9999743478310849,0.0002654323816386,-1.8117817865004328e-05,-4.148686138989888e-06,-1.396913172601444e-05,4.040074486206731e-07,-1.4760986325310959e-05,-3.4401765308516017e-06,-1.4677641334152724e-05,0.14195962250232697,0.05011743945954368,0.0918421830427833,5,trapezoid_from_zero_normalized_by_max_fraction,True,correct,true_negative,medium,low,binary
cicids2017_binary,44,0,BENIGN,rid_d1fff24daedc1f0c3e1df57737f27504,mlp,gradient_x_input,insertion,target_class_median,False,True,False,True,0,BENIGN,predicted_class_of_audited_model,0.999962864076224,0.0002539486267778,-2.7529222563771327e-05,-6.9863581814502145e-06,-2.0542864382321112e-05,6.014535243166953e-07,-2.1721713289981836e-05,-5.2788012256144155e-06,-2.225042133815691e-05,0.16948086023330688,0.07327697908505797,0.09620387816801668,5,trapezoid_from_zero_normalized_by_max_fraction,True,correct,true_negative,medium,low,binary
cicids2017_binary,44,0,BENIGN,rid_a13927c0e99c219d60cd2ca4b9de9016,mlp,gradient_x_input,insertion,target_class_median,False,False,True,True,1,ATTACK,predicted_class_of_audited_model,0.0025418675504624,0.0022507829999085,-0.5645875860005617,-0.16107710315845908,-0.4035104828421026,0.018900971596930802,-0.440556387172087,-0.24231867574714125,-0.32226891025342047,0.01035278756171465,0.013451089968206358,-0.003098302033962682,5,trapezoid_from_zero_normalized_by_max_fraction,False,error,false_positive,low,medium,binary
cicids2017_binary,44,0,BENIGN,rid_81c5ba85afcd330cc40f8ff5de642006,mlp,gradient_x_input,insertion,target_class_median,False,False,True,True,1,ATTACK,predicted_class_of_audited_model,0.0031592021696269,0.002868117619073,-0.6422087997198105,-0.1452513551618904,-0.49695744455792007,0.01940795574880475,-0.5349970378255774,-0.2138881822116673,-0.42832061750814315,0.016673680394887924,0.014684559293978966,0.001989121287173475,5,trapezoid_from_zero_normalized_by_max_fraction,False,error,false_positive,low,medium,binary
cicids2017_binary,44,0,BENIGN,rid_5786aa42231a528d3d0872ad3d811003,mlp,gradient_x_input,insertion,target_class_median,False,True,False,True,0,BENIGN,predicted_class_of_audited_model,0.9999566941005468,0.0002477786511007,-3.957006375685523e-05,-1.1079184488878012e-05,-2.849087926797722e-05,8.822712205399829e-07,-3.0220130860235586e-05,-7.213025469127388e-06,-3.235703828772785e-05,0.1866467297077179,0.08137137389555574,0.10527533793076874,5,trapezoid_from_zero_normalized_by_max_fraction,True,correct,true_negative,medium,low,binary
cicids2017_binary,44,0,BENIGN,rid_cc3b89dc96d9de70ffb083317b73b64a,mlp,gradient_x_input,insertion,target_class_median,False,True,False,True,0,BENIGN,predicted_class_of_audited_model,0.9999684835711378,0.0002595681216916,-1.3989778415179898e-05,-4.870321835028334e-06,-9.119456580151562e-06,4.7331732235682246e-07,-1.0047158531970934e-05,-3.823098536628322e-06,-1.0166679878551576e-05,0.12408919632434845,0.06041414909251034,0.06367503754608332,5,trapezoid_from_zero_normalized_by_max_fraction,True,correct,true_negative,medium,low,binary
cicids2017_binary,44,0,BENIGN,rid_2fc9e09db1f3c125f0fba79f41ad9cc2,mlp,gradient_x_input,insertion,target_class_median,False,True,False,True,0,BENIGN,predicted_class_of_audited_model,0.9999842225970496,0.0002753071476035,-1.0934577278476355e-05,-2.668650320245547e-06,-8.265926958230807e-06,2.622440402259138e-07,-8.779925277073598e-06,-2.2291913799392663e-06,-8.705385898537087e-06,0.1331053376197815,0.029978983017150313,0.10312636056309565,5,trapezoid_from_zero_normalized_by_max_fraction,True,correct,true_negative,medium,low,binary
cicids2017_binary,44,0,BENIGN,rid_c48998b335b5469e20d69cd600e86b7c,mlp,gradient_x_input,insertion,target_class_median,False,True,False,True,0,BENIGN,predicted_class_of_audited_model,0.9997886731143808,7.975766493469998e-05,-0.0001594662622778742,-2.587126613406099e-05,-0.0001335949961438132,3.0341813544769677e-06,-0.00013954199159858804,-2.5645486594626733e-05,-0.00013382077568324747,0.223038911819458,0.05639942954853176,0.16663945842906833,5,trapezoid_from_zero_normalized_by_max_fraction,True,correct,true_negative,medium,low,binary
cicids2017_binary,44,0,BENIGN,rid_e89b0658d429f7c1bd214c2c3936d5a4,mlp,gradient_x_input,insertion,target_class_median,False,False,True,True,1,ATTACK,predicted_class_of_audited_model,0.3546508252620697,0.3543597407115158,-0.08666739165782929,-0.46385935281580903,0.3771919611579797,0.02606414145580855,0.326106243904595,-0.42582724263166893,0.3391598509738396,0.29642143845558167,0.2745948629081249,0.021826587468385707,5,trapezoid_from_zero_normalized_by_max_fraction,False,error,false_positive,low,medium,binary
cicids2017_binary,44,0,BENIGN,rid_538e3fa9d114d86b4e129ed23da96124,mlp,gradient_x_input,insertion,target_class_median,False,True,False,True,0,BENIGN,predicted_class_of_audited_model,0.9998652958747698,0.0001563804253237,-0.00010240821640081777,-1.2598822466074467e-05,-8.98093939347433e-05,1.8600736419506983e-06,-9.345513827296666e-05,-1.2791764893719916e-05,-8.961645150709785e-05,0.16861215233802795,0.050231173641979696,0.11838098018616436,5,trapezoid_from_zero_normalized_by_max_fraction,True,correct,true_negative,medium,low,binary
cicids2017_binary,44,0,BENIGN,rid_e35c8e333415d378822a9bc33c4529e3,mlp,gradient_x_input,insertion,target_class_median,False,True,False,True,0,BENIGN,predicted_class_of_audited_model,1.0,0.0002910845505539,2.3477949732675362e-07,-0.008285606624430071,0.008285841403927399,0.0037787834785873737,0.0008794257858961464,-0.003789548025850414,0.0037897828053477405,1.890454888343811,1.251345179319382,0.6391095659732818,5,trapezoid_from_zero_normalized_by_max_fraction,True,correct,true_negative,high,medium,binary
cicids2017_binary,44,0,BENIGN,rid_10656a1e873f12c2d04d2cdf85b9eb76,mlp,gradient_x_input,insertion,target_class_median,False,False,True,True,1,ATTACK,predicted_class_of_audited_model,0.0003237276396248,3.264308907090002e-05,-0.9285435816302198,-0.364235047844224,-0.5643085337859957,0.025664714626897175,-0.6146113744547141,-0.42460295501590006,-0.5039406266143196,0.3271406590938568,0.20530267962813378,0.12183798542618751,5,trapezoid_from_zero_normalized_by_max_fraction,False,error,false_positive,low,low,binary
cicids2017_binary,44,0,BENIGN,rid_9e641128504c46702fcf58fd87a19b37,mlp,gradient_x_input,insertion,target_class_median,False,False,True,True,1,ATTACK,predicted_class_of_audited_model,0.0006844620802439,0.00039337752969,-0.9445398529613158,-0.564344660704317,-0.3801951922569987,0.02810235096160872,-0.4352758001417518,-0.4456287210668606,-0.49891113189445513,0.870415210723877,0.35548364716768266,0.5149316172003747,5,trapezoid_from_zero_normalized_by_max_fraction,False,error,false_positive,low,medium,binary
cicids2017_binary,44,0,BENIGN,rid_1bbffa7dcb3113d0ee06351ff775e8e8,mlp,gradient_x_input,insertion,target_class_median,False,False,True,True,1,ATTACK,predicted_class_of_audited_model,0.0041353264823555,0.0038442419318016,-0.5583657748997211,-0.27350060860626396,-0.28486516629345715,0.02138255935296305,-0.3267749826252647,-0.20629616276919843,-0.3520696121305227,0.05221441388130188,0.03071880739948756,0.021495606854343353,5,trapezoid_from_zero_normalized_by_max_fraction,False,error,false_positive,low,medium,binary
cicids2017_binary,44,0,BENIGN,rid_c25003c9af52a30ee04e2b5b60049b46,mlp,gradient_x_input,insertion,target_class_median,False,False,True,True,1,ATTACK,predicted_class_of_audited_model,0.0016422106418758,0.0013511260913219,-0.5476771138608456,-0.29552226014023475,-0.25215485372061086,0.024700179439659607,-0.3005672054223437,-0.2917776009152294,-0.25589951294561614,0.6363612413406372,0.6107952561378479,0.02556593751907349,5,trapezoid_from_zero_normalized_by_max_fraction,False,error,false_positive,low,medium,binary
cicids2017_binary,44,0,BENIGN,rid_483f0ec1688c7cf59099b01102ca0578,mlp,gradient_x_input,insertion,target_class_median,False,True,False,True,0,BENIGN,predicted_class_of_audited_model,1.0,0.0002910845505538,2.1101234388698485e-07,-0.0025340706894398713,0.002534281701783758,0.0015683934991769831,-0.0005397695566031289,-0.0012125816644318484,0.0012127926767757354,2.268209934234619,1.907132541656494,0.36107736873626717,5,trapezoid_from_zero_normalized_by_max_fraction,True,correct,true_negative,high,medium,binary
cicids2017_binary,44,0,BENIGN,rid_119ce35c0df6229dd32a6cd408b38acc,mlp,gradient_x_input,insertion,target_class_median,False,True,False,True,0,BENIGN,predicted_class_of_audited_model,0.999998799557602,0.0002898841081559,-1.8618206468090645e-06,-3.269466022857159e-07,-1.5348740445233488e-06,4.261270765555746e-08,-1.6183949515282413e-06,-4.329400453144672e-07,-1.4288806014945976e-06,0.07730981707572937,0.018064655431546273,0.059245160899125036,5,trapezoid_from_zero_normalized_by_max_fraction,True,correct,true_negative,medium,low,binary
cicids2017_binary,44,0,BENIGN,rid_22c6d4b7f4e243b4ee741c3e7f566f21,mlp,gradient_x_input,insertion,target_class_median,False,True,False,True,0,BENIGN,predicted_class_of_audited_model,0.9999999724018078,0.0002910569523617,-0.0005930430713256384,-0.0025221988989699595,0.001929155827644321,0.0010569993055830522,-0.0001425628112984615,-0.0011769680249368289,0.0005839249536111903,0.39174753427505493,0.26656788414716726,0.12517962032556532,5,trapezoid_from_zero_normalized_by_max_fraction,True,correct,true_negative,medium,medium,binary
cicids2017_binary,44,0,BENIGN,rid_d299090fcdf84f6c9f5ae25b87eb79e0,mlp,gradient_x_input,insertion,target_class_median,False,False,True,True,1,ATTACK,predicted_class_of_audited_model,0.000320601335261,2.951678470710002e-05,-0.9463031372666592,-0.8309675326866821,-0.11533560457997696,0.013554168512858553,-0.14190177486517974,-0.6042250191958773,-0.3420781180707818,0.9507940411567688,0.7019097192883491,0.24888432782888414,5,trapezoid_from_zero_normalized_by_max_fraction,False,error,false_positive,low,low,binary
cicids2017_binary,44,0,BENIGN,rid_34944b35a39503d11e86521ebcdb8d7b,mlp,gradient_x_input,insertion,target_class_median,False,True,False,True,0,BENIGN,predicted_class_of_audited_model,0.999999999999998,0.000291084550552,2.3477949659955754e-07,-0.012289178164437921,0.012289412943934522,0.005483974912635651,0.0015408221151686462,-0.010288739296151974,0.010288974075648574,3.0006470680236816,1.8958966377973556,1.1047505971193314,5,trapezoid_from_zero_normalized_by_max_fraction,True,correct,true_negative,medium,medium,binary
cicids2017_binary,44,0,BENIGN,rid_3f81ed091d350784c9a4fc695d8fed72,mlp,gradient_x_input,insertion,target_class_median,False,True,False,True,0,BENIGN,predicted_class_of_audited_model,0.9999722669726908,0.0002633515232446,-1.2929800573147076e-05,-3.094069127058674e-06,-9.835731446088402e-06,2.6152539946067483e-07,-1.0348321229031325e-05,-2.345835909835614e-06,-1.058396466331146e-05,0.11143384873867035,0.05509462564997375,0.05633922606892884,5,trapezoid_from_zero_normalized_by_max_fraction,True,correct,true_negative,medium,low,binary
cicids2017_binary,44,0,BENIGN,rid_06827edff59f4afb4ac4007ddbcd7a21,mlp,gradient_x_input,insertion,target_class_median,False,False,True,True,1,ATTACK,predicted_class_of_audited_model,0.0004677866818383,0.0001767021312844,-0.6693734396249056,-0.38417565981674484,-0.2851977798081607,0.027831734987574273,-0.33974798038380627,-0.34102315734720834,-0.32835028227769725,0.48083019256591797,0.32758147764205936,0.15324869108200073,5,trapezoid_from_zero_normalized_by_max_fraction,False,error,false_positive,low,low,binary
cicids2017_binary,44,0,BENIGN,rid_641e66b816590d94bb69a255a43fdfb7,mlp,gradient_x_input,insertion,target_class_median,False,False,True,True,1,ATTACK,predicted_class_of_audited_model,0.0050085252150893,0.0047174406645354,-0.37155062630772595,-0.5265403204934264,0.1549896941857005,0.026306144364703153,0.10342965123088232,-0.3744669636911713,0.0029163373834453638,0.6616179347038269,0.5311502535343171,0.13046769905090327,5,trapezoid_from_zero_normalized_by_max_fraction,False,error,false_positive,low,medium,binary
cicids2017_binary,44,0,BENIGN,rid_e96fb495aaa37a592922943fd1b4951b,mlp,gradient_x_input,insertion,target_class_median,False,False,True,True,1,ATTACK,predicted_class_of_audited_model,0.000321660307236,3.057575668210003e-05,-0.9463190556636476,-0.8243655876474008,-0.12195346801624693,0.015274845437587123,-0.1518921650739177,-0.5750966205946069,-0.3712224350690409,0.8545546531677246,0.6446542460918427,0.20990042495727534,5,trapezoid_from_zero_normalized_by_max_fraction,False,error,false_positive,low,low,binary
cicids2017_binary,44,0,BENIGN,rid_a2aeea9f338b777df1875e0040454374,mlp,gradient_x_input,insertion,target_class_median,False,True,False,True,0,BENIGN,predicted_class_of_audited_model,0.9999981479328426,0.0002892324833964,-1.4748831517863435e-06,-2.9890623609674093e-07,-1.1759769156896026e-06,3.1221435964134294e-08,-1.2371709301793059e-06,-2.7453187790627e-07,-1.2003512738800737e-06,0.046216607093811035,0.01682336998078972,0.02939323376026004,5,trapezoid_from_zero_normalized_by_max_fraction,True,correct,true_negative,medium,low,binary
cicids2017_binary,44,0,BENIGN,rid_224af142877303f66a395c428ee93b36,mlp,gradient_x_input,insertion,target_class_median,False,True,False,True,0,BENIGN,predicted_class_of_audited_model,0.9999993109789216,0.0002903955294754,-1.0642014237305376e-05,-0.016269230445733876,0.016258588431496572,0.005585518507321751,0.005310972157145941,-0.006830641740499471,0.006819999726262165,1.4036030769348145,0.9565667806863785,0.4470361412763596,5,trapezoid_from_zero_normalized_by_max_fraction,True,correct,true_negative,medium,low,binary
cicids2017_binary,44,0,BENIGN,rid_440eed9318cc6b7358cff28a57715b84,mlp,gradient_x_input,insertion,target_class_median,False,False,True,True,1,ATTACK,predicted_class_of_audited_model,0.0003862311132252,9.514656267130002e-05,-0.9461862551295779,-0.8624101837604718,-0.08377607136910617,0.010032115289283161,-0.10343901733610117,-0.5941904150102698,-0.3519958401193082,1.0133178234100342,0.6646235068440437,0.34869441193342215,5,trapezoid_from_zero_normalized_by_max_fraction,False,error,false_positive,low,low,binary
cicids2017_binary,44,0,BENIGN,rid_eff5fd77729410c8dc2a2e2defc55037,mlp,gradient_x_input,insertion,target_class_median,False,True,False,True,0,BENIGN,predicted_class_of_audited_model,1.0,0.0002910845505538,2.3477849392938845e-07,-0.011657073466175793,0.011657308244669724,0.006525057196442532,-0.00113180386035764,-0.00411034103947014,0.004110575817964069,2.135241746902466,1.4633721203804015,0.6718697218894959,5,trapezoid_from_zero_normalized_by_max_fraction,True,correct,true_negative,high,medium,binary
cicids2017_binary,44,0,BENIGN,rid_b220413a532f82e16961090f350cbe0d,mlp,gradient_x_input,insertion,target_class_median,False,False,True,True,1,ATTACK,predicted_class_of_audited_model,0.0045907939784228,0.0042997094278689,-0.8455480299788178,-0.48607040812699415,-0.3594776218518236,0.026253028283394982,-0.41093355728727776,-0.4654792152557511,-0.3800688147230667,0.536179780960083,0.3361407573223114,0.2000389997959137,5,trapezoid_from_zero_normalized_by_max_fraction,False,error,false_positive,low,medium,binary
cicids2017_binary,44,0,BENIGN,rid_b62a7ae05c9543c4f87b2de57692c154,mlp,gradient_x_input,insertion,target_class_median,False,False,True,True,1,ATTACK,predicted_class_of_audited_model,0.0003163669025525,2.5282351998600033e-05,-0.9463285691010385,-0.8538451680866962,-0.0924834010143422,0.011663892971793913,-0.11534463123905828,-0.5679658296701497,-0.37836273943088855,0.889685332775116,0.7014902582764625,0.1881950625777245,5,trapezoid_from_zero_normalized_by_max_fraction,False,error,false_positive,low,low,binary
cicids2017_binary,44,0,BENIGN,rid_ca55351d92cc980a7a87f71ac4a44c97,mlp,gradient_x_input,insertion,target_class_median,False,False,True,True,1,ATTACK,predicted_class_of_audited_model,0.0025937012396752,0.0023026166891213,-0.8408624870615313,-0.5970734646115685,-0.24378902244996278,0.02462257614044254,-0.29204927168523015,-0.3107964558984704,-0.530066031163061,0.5349013805389404,0.26917366647720337,0.265727725982666,5,trapezoid_from_zero_normalized_by_max_fraction,False,error,false_positive,low,medium,binary
cicids2017_binary,44,0,BENIGN,rid_2bdeea6a05e747559a8827538afbb515,mlp,gradient_x_input,insertion,target_class_median,False,False,True,True,1,ATTACK,predicted_class_of_audited_model,0.0003108113014604,1.9726750906500033e-05,-0.9463529286148897,-0.877589526414526,-0.06876340220036369,0.009587052973635693,-0.08755402602868964,-0.5930461118312045,-0.35330681678368525,0.9523872137069702,0.7555892186164856,0.19679797124862675,5,trapezoid_from_zero_normalized_by_max_fraction,False,error,false_positive,low,low,binary
cicids2017_binary,44,0,BENIGN,rid_e139f396ae7667ebe03fae3a403da922,mlp,gradient_x_input,insertion,target_class_median,False,False,True,True,1,ATTACK,predicted_class_of_audited_model,0.0040514646098017,0.0037603800592478,-0.5051950376480817,-0.370839330125149,-0.13435570752293277,0.02686349285237084,-0.18700815351357963,-0.5016617459535883,-0.00353329169449354,0.2909790575504303,0.2377637763619423,0.053215290129184724,5,trapezoid_from_zero_normalized_by_max_fraction,False,error,false_positive,low,medium,binary
cicids2017_binary,44,0,BENIGN,rid_89e7b9b82fd00273ad273b9d1b6cb694,mlp,gradient_x_input,insertion,target_class_median,False,True,False,True,0,BENIGN,predicted_class_of_audited_model,0.999985351400028,0.0002764359505817,-0.00010394430433962042,-0.021115203690412396,0.021011259386072775,0.0067083472667674405,0.007862898743208592,-0.00545674739508958,0.005352803090749959,1.4406051635742188,1.0550078756809236,0.38559731173515316,5,trapezoid_from_zero_normalized_by_max_fraction,True,correct,true_negative,medium,low,binary
cicids2017_binary,44,0,BENIGN,rid_b772264de7d27e11752d992238b2320f,mlp,gradient_x_input,insertion,target_class_median,False,True,False,True,0,BENIGN,predicted_class_of_audited_model,0.9999737738889962,0.0002648584395501,-6.233310242426127e-06,-0.005010465968712227,0.005004232658469801,0.0011687795327881972,0.002713424774204935,-0.004089008669006204,0.004082775358763778,0.5447320938110352,0.449744092464447,0.09498802518844604,5,trapezoid_from_zero_normalized_by_max_fraction,True,correct,true_negative,medium,low,binary
cicids2017_binary,44,0,BENIGN,rid_2e54e3b29cad76dc01961ca74e237f16,mlp,gradient_x_input,insertion,target_class_median,False,False,True,True,1,ATTACK,predicted_class_of_audited_model,0.0015026538167148,0.0012115692661609,-0.5247317463159561,-0.5286126785766101,0.003880932260653944,0.023955753794553544,-0.043072345176671,-0.4428977172866434,-0.08183402902931265,0.3156309723854065,0.2972216514348984,0.018409329891204834,5,trapezoid_from_zero_normalized_by_max_fraction,False,error,false_positive,low,medium,binary
cicids2017_binary,44,0,BENIGN,rid_d922bb2e2149108680431edc60b11e94,mlp,gradient_x_input,insertion,target_class_median,False,False,True,True,1,ATTACK,predicted_class_of_audited_model,0.0008344355155713,0.0005433509650173,-0.9028568954730873,-0.7058604411490558,-0.19699645432403146,0.0205821729823624,-0.23733751336946177,-0.5756128973746945,-0.3272439980983928,1.5506772994995117,1.1310782248973847,0.4195990030765534,5,trapezoid_from_zero_normalized_by_max_fraction,False,error,false_positive,low,medium,binary
cicids2017_binary,44,0,BENIGN,rid_1e6ab1e195b93ded30a4d84154725b1f,mlp,gradient_x_input,insertion,target_class_median,False,True,False,True,0,BENIGN,predicted_class_of_audited_model,0.9999997201057624,0.0002908046563163,-0.007905908114810246,-0.03269349792555381,0.02478758981074356,0.008658112989958033,0.007817688350425817,-0.01618625388696732,0.008280345772157072,1.7976171970367432,1.3352621381282808,0.4623548681735993,5,trapezoid_from_zero_normalized_by_max_fraction,True,correct,true_negative,medium,medium,binary
cicids2017_binary,44,0,BENIGN,rid_19e4ffa15c914f3a894cf820a129c40a,mlp,gradient_x_input,insertion,target_class_median,False,True,False,True,0,BENIGN,predicted_class_of_audited_model,0.99999487115565,0.0002859557062037,-5.29215753886092e-06,-9.828422335118602e-07,-4.309315305349059e-06,1.19426447210855e-07,-4.543391141882335e-06,-9.205103778668899e-07,-4.37164716099403e-06,0.07643884420394897,0.029849342331290246,0.04658949889242649,5,trapezoid_from_zero_normalized_by_max_fraction,True,correct,true_negative,medium,low,binary
cicids2017_binary,44,0,BENIGN,rid_c7db51b3998e90b2b8ccd780e979bc9d,mlp,gradient_x_input,insertion,target_class_median,False,False,True,True,1,ATTACK,predicted_class_of_audited_model,0.006360740866512,0.0060696563159581,-0.8437785446018097,-0.47919447265549386,-0.3645840719463158,0.028416953787300085,-0.420281301369424,-0.4534824302321431,-0.3902961143696666,0.5359619855880737,0.35863830167055133,0.17732364219427105,5,trapezoid_from_zero_normalized_by_max_fraction,False,error,false_positive,low,medium,binary
cicids2017_binary,44,0,BENIGN,rid_195bc3e0deed397eb67298331bdcff6f,mlp,gradient_x_input,insertion,target_class_median,False,False,True,True,1,ATTACK,predicted_class_of_audited_model,0.0003258254146203,3.474086406640004e-05,-0.396531381085515,-0.4305195042064588,0.03398812312094379,0.027005623828658544,-0.018942899583226952,-0.3840845401013503,-0.01244684098416475,0.6802083253860474,0.5074525634050369,0.17275575602054596,5,trapezoid_from_zero_normalized_by_max_fraction,False,error,false_positive,low,low,binary
cicids2017_binary,44,0,BENIGN,rid_6b2bdeb61b9e955e7a102493e8caf4d8,mlp,gradient_x_input,insertion,target_class_median,False,True,False,True,0,BENIGN,predicted_class_of_audited_model,0.9999999426393984,0.0002910271899522,8.325267373265887e-08,6.47984596042761e-08,1.845421412838277e-08,3.292578102776566e-09,1.2000761046940699e-08,6.518265836064075e-08,1.8070015372018135e-08,0.008524817414581776,0.009964183122385293,-0.0014393658940680325,5,trapezoid_from_zero_normalized_by_max_fraction,True,correct,true_negative,medium,medium,binary
cicids2017_binary,44,0,BENIGN,rid_82a86b41fd0301f5973da1f011a6947a,mlp,gradient_x_input,insertion,target_class_median,False,False,True,True,1,ATTACK,predicted_class_of_audited_model,0.0006437189294956,0.0003526343789417,-0.8787950119003654,-0.49036322100510005,-0.38843179089526536,0.027702715878356234,-0.44272911401684356,-0.45677289846110214,-0.42202211343926316,0.3393912613391876,0.2484604574739933,0.09093079790472984,5,trapezoid_from_zero_normalized_by_max_fraction,False,error,false_positive,low,medium,binary
cicids2017_binary,44,0,BENIGN,rid_435d16bf9bcea09d0a8ac2caf2affe74,mlp,gradient_x_input,insertion,target_class_median,False,False,True,True,1,ATTACK,predicted_class_of_audited_model,0.0003566767263691,6.559217581520002e-05,-0.9464104749852481,-0.8293147744099407,-0.1170957005753073,0.014999217369283275,-0.14649416661910253,-0.5697676867249617,-0.37664278826028647,0.802449107170105,0.6323888413310051,0.17006032544374466,5,trapezoid_from_zero_normalized_by_max_fraction,False,error,false_positive,low,low,binary
cicids2017_binary,44,0,BENIGN,rid_8062b3bfef229732c16510825accc5a9,mlp,gradient_x_input,insertion,target_class_median,False,False,True,True,1,ATTACK,predicted_class_of_audited_model,0.0029608202166855,0.0026697356661316,-0.49804040063172583,-0.46701200028166934,-0.031028400350056468,0.02356389701788608,-0.07721363850511317,-0.4322689942151635,-0.06577140641656223,1.1416386365890503,0.9064588813781738,0.23517983865737913,5,trapezoid_from_zero_normalized_by_max_fraction,False,error,false_positive,low,medium,binary
cicids2017_binary,44,0,BENIGN,rid_304cba904103b91e0a936616fda7ccc9,mlp,gradient_x_input,insertion,target_class_median,False,True,False,True,0,BENIGN,predicted_class_of_audited_model,0.999997371840891,0.0002884563914448,-4.359222288883302e-05,-0.005493801317923449,0.005450209095034616,0.0019360706884262444,0.0016555105457191767,-0.0012129792088699065,0.0011693869859810734,0.9893128275871277,0.7921196961402892,0.1971931076049805,5,trapezoid_from_zero_normalized_by_max_fraction,True,correct,true_negative,medium,low,binary
cicids2017_binary,44,0,BENIGN,rid_65cc0787c7c18b623670b17335eb9bbd,mlp,gradient_x_input,insertion,target_class_median,False,False,True,True,1,ATTACK,predicted_class_of_audited_model,0.000347036664607,5.595211405310003e-05,-0.843644782603701,-0.596798151273912,-0.246846631329789,0.025440995281246794,-0.29671098208103275,-0.4370130092867475,-0.40663177331695355,1.069183349609375,0.9308228347301482,0.1383605983257294,5,trapezoid_from_zero_normalized_by_max_fraction,False,error,false_positive,low,low,binary
cicids2017_binary,44,0,BENIGN,rid_62c0461dc6306cbfddc103c6cea18b92,mlp,gradient_x_input,insertion,target_class_median,False,False,True,True,1,ATTACK,predicted_class_of_audited_model,0.0003515251737553,6.044062320140003e-05,-0.9463197949331971,-0.8572480111259231,-0.08907178380727399,0.013037160570901218,-0.11462461852624037,-0.6132748646170787,-0.33304493031611837,0.8926789164543152,0.7009912408590318,0.19168761599063872,5,trapezoid_from_zero_normalized_by_max_fraction,False,error,false_positive,low,low,binary
cicids2017_binary,44,0,BENIGN,rid_c465214e2b46f210bae86f1d99a61403,mlp,gradient_x_input,insertion,target_class_median,False,False,True,True,1,ATTACK,predicted_class_of_audited_model,0.0003386981552466,4.76136046927e-05,-0.9442397466220428,-0.5075766267927051,-0.43666311982933753,0.029257231909741308,-0.4940072943724305,-0.42019406909553775,-0.524045677526505,0.9391185641288757,0.5014977378249169,0.437620790541172,5,trapezoid_from_zero_normalized_by_max_fraction,False,error,false_positive,low,low,binary
cicids2017_binary,44,0,BENIGN,rid_a87ba08b7aaccf18895d610538efcb92,mlp,gradient_x_input,insertion,target_class_median,True,True,False,True,0,BENIGN,true_class_correct_for_both,0.9999999372041016,0.0002910217546556,4.031153935102338e-08,5.4838068990648025e-08,-1.4526529639624644e-08,2.4554286335833183e-09,-1.9339169761447947e-08,5.872747087209973e-08,-1.8415931521076344e-08,0.007760460488498211,0.011035754817537963,-0.0032752935839816927,5,trapezoid_from_zero_normalized_by_max_fraction,True,correct,true_negative,medium,medium,binary
cicids2017_binary,44,0,BENIGN,rid_3483525bcbf6170504e5a05fac4f1930,mlp,gradient_x_input,insertion,target_class_median,False,True,False,True,0,BENIGN,predicted_class_of_audited_model,1.0,0.0002910845505539,2.347794946677695e-07,-0.00010901169200079532,0.00010924647149546306,5.488971062550937e-05,1.6626386694647115e-06,-5.38220499338291e-05,5.405682942849688e-05,2.196024179458618,1.781385147809982,0.41463888859748843,5,trapezoid_from_zero_normalized_by_max_fraction,True,correct,true_negative,high,medium,binary
cicids2017_binary,44,0,BENIGN,rid_ae9b2ba457021e03066130a275d91cd7,mlp,gradient_x_input,insertion,target_class_median,False,True,False,True,0,BENIGN,predicted_class_of_audited_model,1.0,0.0002910845505538,-1.070916488965512e-06,-0.0021512708196075848,0.00215019990311862,0.0007620136426843033,0.0006566531634573855,-0.00413174785873629,0.004130676942247325,2.658935546875,2.466240179538727,0.1926952481269836,5,trapezoid_from_zero_normalized_by_max_fraction,True,correct,true_negative,high,medium,binary
cicids2017_binary,44,0,BENIGN,rid_b650128d9ed6956f66bb2d12ef6ada97,mlp,gradient_x_input,insertion,target_class_median,False,True,False,True,0,BENIGN,predicted_class_of_audited_model,0.9997716725629288,6.275711348279999e-05,-0.0008844300494423862,-0.02288115751606538,0.021996727466622998,0.005491318249696646,0.011233743697217571,-0.005770165832427106,0.00488573578298472,0.5922878384590149,0.4714327372312546,0.12085504758358001,5,trapezoid_from_zero_normalized_by_max_fraction,True,correct,true_negative,medium,low,binary
cicids2017_binary,44,0,BENIGN,rid_d35bcfb474b4b63f6b5381fbb2c4c4a9,mlp,gradient_x_input,insertion,target_class_median,False,True,False,True,0,BENIGN,predicted_class_of_audited_model,0.9999831588393135,0.0002742433898674,-1.1649345958630873e-05,-2.4894296580626475e-06,-9.159916300568226e-06,2.2707463657592313e-07,-9.604982588257036e-06,-1.504431393321681e-06,-1.0144914565309193e-05,0.11934871971607208,0.0610923298317939,0.05825639584474266,5,trapezoid_from_zero_normalized_by_max_fraction,True,correct,true_negative,medium,low,binary
cicids2017_binary,44,0,BENIGN,rid_a3c3a97aa4a2dbe7e317f1117cfcaf4d,mlp,gradient_x_input,insertion,target_class_median,False,True,False,True,0,BENIGN,predicted_class_of_audited_model,0.9999436880098074,0.0002347725603612,-5.681660624077267e-05,-1.4543873719201628e-05,-4.227273252157105e-05,1.4546986016509498e-06,-4.5123941780806906e-05,-1.297908500689715e-05,-4.3837521233875527e-05,0.24322085082530975,0.06226823420077562,0.18095262407511475,5,trapezoid_from_zero_normalized_by_max_fraction,True,correct,true_negative,medium,low,binary
cicids2017_binary,44,0,BENIGN,rid_a22f805b8e1d29f91d4f32ae64e13a92,mlp,gradient_x_input,insertion,target_class_median,False,True,False,True,0,BENIGN,predicted_class_of_audited_model,0.9999947441388032,0.0002858286893569,-4.4523985025080036e-06,-1.0009399961887768e-06,-3.451458506319227e-06,8.864891745014194e-08,-3.6252103845215055e-06,-6.323386575246559e-07,-3.820059844983348e-06,0.11641454696655273,0.04398949010297656,0.072425054628402,5,trapezoid_from_zero_normalized_by_max_fraction,True,correct,true_negative,medium,low,binary
cicids2017_binary,44,0,BENIGN,rid_2d98d7bcf3bd9d90ab81534f55e64fbf,mlp,gradient_x_input,insertion,target_class_median,False,True,False,True,0,BENIGN,predicted_class_of_audited_model,0.9999488714311155,0.0002399559816694,-4.7990760333505025e-05,-1.1629449722747154e-05,-3.636131061075787e-05,1.0992901439806464e-06,-3.851591929295994e-05,-1.1942173507151211e-05,-3.6048586826353804e-05,0.20548896491527557,0.05126448222063482,0.15422450057603418,5,trapezoid_from_zero_normalized_by_max_fraction,True,correct,true_negative,medium,low,binary
cicids2017_binary,44,0,BENIGN,rid_3a04f08327b3b8a625511c14db4773c4,mlp,gradient_x_input,insertion,target_class_median,False,True,False,True,0,BENIGN,predicted_class_of_audited_model,0.9999814004040672,0.0002724849546211,-1.4104769797995685e-05,-3.9619180278265275e-06,-1.014285177016916e-05,3.17664526015636e-07,-1.0765474241159805e-05,-1.965437911096046e-06,-1.213933188689964e-05,0.17146340012550354,0.10358717621862887,0.06787622837722303,5,trapezoid_from_zero_normalized_by_max_fraction,True,correct,true_negative,medium,low,binary
cicids2017_binary,44,0,BENIGN,rid_809472bdeb3beaecdd4229173cf1fa6c,mlp,gradient_x_input,insertion,target_class_median,False,True,False,True,0,BENIGN,predicted_class_of_audited_model,0.9999616521126882,0.000252736663242,-4.227511618637436e-05,-9.340444841086539e-06,-3.2934671345287827e-05,1.0712366466849612e-06,-3.503429517279035e-05,-1.0430033768301428e-05,-3.1845082418072934e-05,0.20320706069469452,0.03650461952015758,0.16670245607569817,5,trapezoid_from_zero_normalized_by_max_fraction,True,correct,true_negative,medium,low,binary
cicids2017_binary,44,0,BENIGN,rid_ae4d5e11a98fb39c8777eb925d73c4b3,mlp,gradient_x_input,insertion,target_class_median,False,True,False,True,0,BENIGN,predicted_class_of_audited_model,0.9999523647638852,0.0002434493144391,-4.4991516926984335e-05,-9.62629655708014e-06,-3.5365220369904194e-05,1.1045688036425634e-06,-3.753017522504362e-05,-1.1086590488325498e-05,-3.390492643865884e-05,0.20848596096038818,0.06177958814799785,0.14670636536180975,5,trapezoid_from_zero_normalized_by_max_fraction,True,correct,true_negative,medium,low,binary
cicids2017_binary,44,0,BENIGN,rid_d8f5a4026b93e1d596988a7438ce619f,mlp,gradient_x_input,insertion,target_class_median,False,True,False,True,0,BENIGN,predicted_class_of_audited_model,0.9999999993394404,0.0002910838899943,-1.9679770538338914e-05,-1.2999381243585462e-05,-6.6803892947534535e-06,5.677810754504263e-06,-1.7808898373581807e-05,-1.5285953085448332e-05,-4.39381745289058e-06,2.0904178619384766,2.0352166051864624,0.05520135211944584,5,trapezoid_from_zero_normalized_by_max_fraction,True,correct,true_negative,medium,medium,binary
cicids2017_binary,44,0,BENIGN,rid_02f34a3721087b5bd4c4bc660459dd4d,mlp,gradient_x_input,insertion,target_class_median,False,True,False,True,0,BENIGN,predicted_class_of_audited_model,0.9999950683054522,0.000286152856006,-8.034444692839316e-06,-1.587632571400377e-06,-6.446812121438939e-06,1.5975375516859868e-07,-6.7599294815693925e-06,-1.101813216159542e-06,-6.932631476679773e-06,0.12409470230340958,0.03636412019468844,0.08773057167790829,5,trapezoid_from_zero_normalized_by_max_fraction,True,correct,true_negative,medium,low,binary
cicids2017_binary,44,0,BENIGN,rid_2951ad052b5d04ac0d08370ab524f31b,mlp,gradient_x_input,insertion,target_class_median,False,True,False,True,0,BENIGN,predicted_class_of_audited_model,0.9999974826127982,0.000288567163352,-3.713968851570826e-06,-9.457620133019872e-07,-2.7682068382688386e-06,9.307928264494674e-08,-2.9506422322529343e-06,-8.295077072233425e-07,-2.884461144347483e-06,0.0939839705824852,0.016712986890692266,0.07727097996650265,5,trapezoid_from_zero_normalized_by_max_fraction,True,correct,true_negative,medium,low,binary
cicids2017_binary,44,0,BENIGN,rid_e4c27e2541ee7b2c387fe31492c98615,mlp,gradient_x_input,insertion,target_class_median,False,True,False,True,0,BENIGN,predicted_class_of_audited_model,1.0,0.0002910845505539,2.3477949753214492e-07,-0.00010538665966419158,0.00010562143916172371,9.205354174967794e-05,-7.480350266764504e-05,-0.00022777558257256557,0.0002280103620700977,2.2654178142547607,1.5196006700992586,0.7458171679973602,5,trapezoid_from_zero_normalized_by_max_fraction,True,correct,true_negative,high,medium,binary
cicids2017_binary,44,0,BENIGN,rid_368734497e98bbb69131389f7a06a4d1,mlp,gradient_x_input,insertion,target_class_median,False,True,False,True,0,BENIGN,predicted_class_of_audited_model,0.999968361309584,0.0002594458601378,-1.8019642243416453e-05,-4.19795200008366e-06,-1.3821690243332795e-05,4.083677178173311e-07,-1.4622090970254765e-05,-3.0671083847266803e-06,-1.4952533858689774e-05,0.10003618896007538,0.042340435735881324,0.057695765145123,5,trapezoid_from_zero_normalized_by_max_fraction,True,correct,true_negative,medium,low,binary
cicids2017_binary,44,0,BENIGN,rid_d71be8bc5355863a327db52893581810,mlp,gradient_x_input,insertion,target_class_median,False,False,True,True,1,ATTACK,predicted_class_of_audited_model,0.0051868944428861,0.0048958098923322,-0.5794807113241404,-0.30166360797808733,-0.27781710334605303,0.02650530147631357,-0.32976749423962765,-0.36646754426113326,-0.2130131670630071,0.2879468500614166,0.23758033314347266,0.05036651393771172,5,trapezoid_from_zero_normalized_by_max_fraction,False,error,false_positive,low,medium,binary
cicids2017_binary,44,0,BENIGN,rid_d4ebb83a719f50b5c529e028b46dcf99,mlp,gradient_x_input,insertion,target_class_median,False,False,True,True,1,ATTACK,predicted_class_of_audited_model,0.0025994409807026,0.0023083564301487,-0.6960043880040757,-0.4405783718119055,-0.2554260161921702,0.028137535457552893,-0.31057558568897387,-0.4090821016432892,-0.28692228636078654,0.510924756526947,0.4066744936108589,0.10425029271841049,5,trapezoid_from_zero_normalized_by_max_fraction,False,error,false_positive,low,medium,binary
cicids2017_binary,44,0,BENIGN,rid_6c4185b0a6428ac3964ea14675f9b28b,mlp,gradient_x_input,insertion,target_class_median,False,False,True,True,1,ATTACK,predicted_class_of_audited_model,0.001556035480462,0.001264950929908,-0.6937283616294735,-0.41898339764746195,-0.27474496398201154,0.02880459329659663,-0.3312019668433409,-0.3859255661415809,-0.3078027954878925,0.5601041316986084,0.3951479150056839,0.1649562464952469,5,trapezoid_from_zero_normalized_by_max_fraction,False,error,false_positive,low,medium,binary
cicids2017_binary,44,0,BENIGN,rid_702fb30686e6da0ff9f4383da846e6e1,mlp,gradient_x_input,insertion,target_class_median,False,False,True,True,1,ATTACK,predicted_class_of_audited_model,0.0009931481909006,0.0007020636403466,-0.9444113321369514,-0.4479943391596899,-0.49641699297726155,0.02654334672839265,-0.5484419525649111,-0.35240733202546837,-0.592004000111483,0.2286716252565384,0.11619467713683843,0.11247694513946774,5,trapezoid_from_zero_normalized_by_max_fraction,False,error,false_positive,low,medium,binary
cicids2017_binary,44,0,BENIGN,rid_e33b3d8e070b55fbbc9cc038055d6c53,mlp,gradient_x_input,insertion,target_class_median,False,True,False,True,0,BENIGN,predicted_class_of_audited_model,1.0,0.0002910845505539,2.3477949741557148e-07,-0.004179613258801318,0.004179848038298732,0.0017525593588379506,0.0007448316949763491,-0.009030898418469106,0.009031133197966522,2.1891608238220215,1.5148673701286315,0.6742936444282532,5,trapezoid_from_zero_normalized_by_max_fraction,True,correct,true_negative,high,medium,binary
cicids2017_binary,44,0,BENIGN,rid_d54fd2604c8e3a0e0358a6d0c8123d20,mlp,gradient_x_input,insertion,target_class_median,False,False,True,True,1,ATTACK,predicted_class_of_audited_model,0.0020926618017256,0.0018015772511717,-0.9447744489007164,-0.35090684493258595,-0.5938676039681304,0.02739690269459739,-0.6475655332495414,-0.2629393647611141,-0.6818350841396024,0.4180203974246979,0.1414769970346242,0.27654339144937695,5,trapezoid_from_zero_normalized_by_max_fraction,False,error,false_positive,low,medium,binary
cicids2017_binary,44,0,BENIGN,rid_9d172532a7a6f8bb52462457dd8f7f28,mlp,gradient_x_input,insertion,target_class_median,False,True,False,True,0,BENIGN,predicted_class_of_audited_model,0.9999998797737676,0.0002909643243213,4.932400372581469e-08,-2.935344914065663e-07,3.42858495132381e-07,6.004832655816853e-08,2.2516377507837069e-07,-2.44928647747944e-07,2.942526514737587e-07,0.21477992832660675,0.12529560990631577,0.08948432736098767,5,trapezoid_from_zero_normalized_by_max_fraction,True,correct,true_negative,medium,medium,binary
cicids2017_binary,44,0,BENIGN,rid_4f25f4c229612a2db37d3cd530e4857e,mlp,gradient_x_input,insertion,target_class_median,False,False,True,True,1,ATTACK,predicted_class_of_audited_model,0.0050331125967204,0.0047420280461665,-0.606286910144263,-0.2803872930106882,-0.32589961713357474,0.026260618735652025,-0.3773704298554527,-0.43851812013881136,-0.16776879000545158,0.2875070869922638,0.23892087666690348,0.048586195424199105,5,trapezoid_from_zero_normalized_by_max_fraction,False,error,false_positive,low,medium,binary
cicids2017_binary,44,0,BENIGN,rid_69fcec46dd313c0ba2544c0d9aa7af2a,mlp,gradient_x_input,insertion,target_class_median,False,True,False,True,0,BENIGN,predicted_class_of_audited_model,0.9999999999567196,0.0002910845072735,-0.003569778937597335,-0.00567834552392163,0.0021085665863242956,0.0011108765121196848,-6.875137743028639e-05,-0.004390145750916209,0.0008203668133188744,1.363358497619629,1.4222706902027131,-0.0589122760295868,5,trapezoid_from_zero_normalized_by_max_fraction,True,correct,true_negative,medium,medium,binary
cicids2017_binary,44,0,BENIGN,rid_44bea49e4e24040727b6e3260e7a282e,mlp,gradient_x_input,insertion,target_class_median,False,True,False,True,0,BENIGN,predicted_class_of_audited_model,0.9999999996270232,0.0002910841775771,-0.0002994479460390443,-0.026636147902775548,0.026336699956736508,0.005698397324538887,0.015167841200640289,-0.028608071537834123,0.02830862359179508,3.450721263885498,1.8228161938190461,1.6279051177501678,5,trapezoid_from_zero_normalized_by_max_fraction,True,correct,true_negative,medium,medium,binary
cicids2017_binary,44,0,BENIGN,rid_5f34fe6b491aeab6b880ce221ca67033,mlp,gradient_x_input,insertion,target_class_median,False,False,True,True,1,ATTACK,predicted_class_of_audited_model,0.0019629611633718,0.0016718766128179,-0.8252566009759903,-0.4571475356181618,-0.36810906535782856,0.028244165089556666,-0.42346762893335965,-0.4259435953980428,-0.39931300557794747,0.5955801010131836,0.2271207326501608,0.3684593862444162,5,trapezoid_from_zero_normalized_by_max_fraction,False,error,false_positive,low,medium,binary
cicids2017_binary,44,0,BENIGN,rid_a3b7b3c4e70dd3b958c08dc5a4feb108,mlp,gradient_x_input,insertion,target_class_median,False,True,False,True,0,BENIGN,predicted_class_of_audited_model,0.9999999968743633,0.000291081424917,-1.934491240263014e-06,-0.006534839387765428,0.006532904896525165,0.002941172885475609,0.0007682060409929707,-0.00433932684701581,0.004337392355775547,1.6875402927398682,1.2443531112670898,0.44318720531463623,5,trapezoid_from_zero_normalized_by_max_fraction,True,correct,true_negative,medium,medium,binary
cicids2017_binary,44,0,BENIGN,rid_9522aa530d6416e823b10f851fbbbd54,mlp,gradient_x_input,insertion,target_class_median,False,False,True,True,1,ATTACK,predicted_class_of_audited_model,0.0004448120889719,0.000153727538418,-0.9456205467504333,-0.8509167304327148,-0.09470381631771851,0.010111543715333971,-0.1145224419997731,-0.5970765913300133,-0.34854395542041994,1.6677767038345337,1.3584433171749113,0.30933335089683534,5,trapezoid_from_zero_normalized_by_max_fraction,False,error,false_positive,low,low,binary
cicids2017_binary,44,0,BENIGN,rid_1016d9594cd491eb7d4c9b190c8ae322,mlp,gradient_x_input,insertion,target_class_median,False,False,True,True,1,ATTACK,predicted_class_of_audited_model,0.0006747257430106,0.0003836411924567,-0.9409842612934881,-0.8651941637590943,-0.07579009753439388,0.009266582610562924,-0.09395259945109721,-0.6280700924987922,-0.31291416879469586,2.0523765087127686,1.4749528880119323,0.5774235968589784,5,trapezoid_from_zero_normalized_by_max_fraction,False,error,false_positive,low,medium,binary
cicids2017_binary,44,0,BENIGN,rid_e05ff13022b2e47f679963c57f7b445c,mlp,gradient_x_input,insertion,target_class_median,False,True,False,True,0,BENIGN,predicted_class_of_audited_model,0.9999990307188682,0.000290115269422,2.1046003003677425e-07,-0.002149170729976342,0.0021493811900063792,0.00045911455230251627,0.0012495166674934472,-0.004210515646645367,0.0042107261066754035,4.389191627502441,3.3403761568069457,1.048815566062927,5,trapezoid_from_zero_normalized_by_max_fraction,True,correct,true_negative,medium,low,binary
cicids2017_binary,44,0,BENIGN,rid_128839b76407e20f8af0c75233803f63,mlp,gradient_x_input,insertion,target_class_median,False,False,True,True,1,ATTACK,predicted_class_of_audited_model,0.0010947920382022,0.0008037074876482,-0.7252660159952939,-0.5481664486087684,-0.17709956738652544,0.02406687577039029,-0.2242706438964904,-0.3071434925550711,-0.4181225234402227,0.6508525609970093,0.4659255518317222,0.18492698532342913,5,trapezoid_from_zero_normalized_by_max_fraction,False,error,false_positive,low,medium,binary
cicids2017_binary,44,0,BENIGN,rid_4a5676278e677f437bb108b929d26e6b,mlp,gradient_x_input,insertion,target_class_median,False,True,False,True,0,BENIGN,predicted_class_of_audited_model,1.0,0.0002910845505539,2.3477895764179026e-07,-0.002329105530124018,0.0023293403090816596,0.0006334181447583082,0.0010878407453553756,-0.0016436520339531253,0.0016438868129107671,2.2074105739593506,1.7148111176490783,0.4925993847846984,5,trapezoid_from_zero_normalized_by_max_fraction,True,correct,true_negative,high,medium,binary
cicids2017_binary,44,0,BENIGN,rid_f4ae954e4048dc292da61b09e246ac08,mlp,gradient_x_input,insertion,target_class_median,False,False,True,True,1,ATTACK,predicted_class_of_audited_model,0.0019637320656329,0.0016726475150789,-0.4830126822926104,-0.35149722411553375,-0.13151545817707666,0.026923622321980846,-0.18428575792815913,-0.4113589415734168,-0.07165374071919359,0.1710410863161087,0.05672063843323849,0.11432043745205737,5,trapezoid_from_zero_normalized_by_max_fraction,False,error,false_positive,low,medium,binary
cicids2017_binary,44,0,BENIGN,rid_de494e8017506411102020d95f5941b6,mlp,gradient_x_input,insertion,target_class_median,False,True,False,True,0,BENIGN,predicted_class_of_audited_model,0.9999999363610286,0.0002910209115824,8.059158815854061e-08,5.479568561383985e-08,2.579590254470077e-08,3.347237336494678e-09,1.92353173651712e-08,5.99940293213308e-08,2.059755883720982e-08,0.008433805778622627,0.009707480399869382,-0.0012736741090193392,5,trapezoid_from_zero_normalized_by_max_fraction,True,correct,true_negative,medium,medium,binary
cicids2017_binary,44,0,BENIGN,rid_38161c52dc4105abccc19a726ed3e840,mlp,gradient_x_input,insertion,target_class_median,False,False,True,True,1,ATTACK,predicted_class_of_audited_model,0.000324440159602,3.3355609048100034e-05,-0.9334110981813866,-0.860015355188968,-0.07339574299241845,0.010619124626536318,-0.09420922726042963,-0.5739182796324336,-0.35949281854895293,1.6029958724975586,1.1434463002681734,0.45954967951774595,5,trapezoid_from_zero_normalized_by_max_fraction,False,error,false_positive,low,low,binary
cicids2017_binary,44,0,BENIGN,rid_3cc8a2ed18c39d306dde4ff03e6351a8,mlp,gradient_x_input,insertion,target_class_median,False,False,True,True,1,ATTACK,predicted_class_of_audited_model,0.0007069910061545,0.0004159064556006,-0.692646275286097,-0.5359291095197841,-0.15671716576631295,0.026874750172072588,-0.20939167610357523,-0.36473724924652196,-0.3279090260395751,0.663977324962616,0.5359945129156112,0.1279828418493271,5,trapezoid_from_zero_normalized_by_max_fraction,False,error,false_positive,low,medium,binary
cicids2017_binary,44,0,BENIGN,rid_d7427654e5cdda10bdeadc4c2005f0b0,mlp,gradient_x_input,insertion,target_class_median,False,True,False,True,0,BENIGN,predicted_class_of_audited_model,0.9999513829316128,0.0002424674821667,-5.1555771835865014e-05,-7.737679950608368e-06,-4.381809188525665e-05,1.0338929061406694e-06,-4.584452198129237e-05,-6.228720599565918e-06,-4.532705123629909e-05,0.1399487555027008,0.04305845232494175,0.09689030615799128,5,trapezoid_from_zero_normalized_by_max_fraction,True,correct,true_negative,medium,low,binary
cicids2017_binary,44,0,BENIGN,rid_bc0ed2367be1555b07214841c995ed1b,mlp,gradient_x_input,insertion,target_class_median,False,False,True,True,1,ATTACK,predicted_class_of_audited_model,0.3645074367523193,0.3642163522017654,-0.5579980298876762,-0.6239572746979737,0.0659592448102975,0.016903136622678856,0.03282909702984694,-0.5845853586025866,0.026587328714910468,9.981317520141602,4.105210805177689,5.8761061427593235,5,trapezoid_from_zero_normalized_by_max_fraction,False,error,false_positive,low,high,binary
cicids2017_binary,44,0,BENIGN,rid_9083716dcd2411f5d6fbad11b1e3e79b,mlp,gradient_x_input,insertion,target_class_median,False,True,False,True,0,BENIGN,predicted_class_of_audited_model,0.9999998762998104,0.0002909608503642,-0.0005769090017679445,-0.0037574231884083325,0.0031805141866403878,0.001115912728264323,0.000993325239242315,-0.0011347284700922965,0.0005578194683243519,0.4925001263618469,0.3302152046561241,0.16228490978479387,5,trapezoid_from_zero_normalized_by_max_fraction,True,correct,true_negative,medium,medium,binary
cicids2017_binary,44,0,BENIGN,rid_42e2a319a7206317d034607313a14ca6,mlp,gradient_x_input,insertion,target_class_median,False,True,False,True,0,BENIGN,predicted_class_of_audited_model,0.999999999219628,0.000291083770182,1.1575072426106558e-07,-0.004886456459970528,0.004886572210694788,0.0010733139064111107,0.0027828769541290107,-0.00037752197676486855,0.0003776377274891296,1.1845719814300537,1.0786357007026672,0.10593619728088377,5,trapezoid_from_zero_normalized_by_max_fraction,True,correct,true_negative,medium,medium,binary
cicids2017_binary,44,0,BENIGN,rid_d8de40d0c84dcda670239cd28002b34c,mlp,gradient_x_input,insertion,target_class_median,False,False,True,True,1,ATTACK,predicted_class_of_audited_model,0.0041637457907199,0.003872661240166,0.002578487992286682,-0.28642733011276866,0.2890058181050553,0.02588806582120583,0.2382652090954919,-0.43045506955825114,0.4330335575505378,0.31015199422836304,0.2649988017827273,0.045153165623545655,5,trapezoid_from_zero_normalized_by_max_fraction,False,error,false_positive,low,medium,binary
cicids2017_binary,44,0,BENIGN,rid_5c98dc5c55b19c8d07baea44c8a67fbe,mlp,gradient_x_input,insertion,target_class_median,False,False,True,True,1,ATTACK,predicted_class_of_audited_model,0.0003281125100329,3.702795947900002e-05,-0.5319079834967851,-0.391115598723075,-0.1407923847737102,0.02634007661075961,-0.19241893493079903,-0.28650103553438744,-0.2454069479623977,0.4549301266670227,0.30719155752658844,0.14773856317996978,5,trapezoid_from_zero_normalized_by_max_fraction,False,error,false_positive,low,low,binary
cicids2017_binary,44,0,BENIGN,rid_7f78ef62d35a53293f66385801b22e6a,mlp,gradient_x_input,insertion,target_class_median,False,False,True,True,1,ATTACK,predicted_class_of_audited_model,0.0054946788586676,0.0052035943081137,-0.7942633321508765,-0.40683241743725734,-0.3874309147136191,0.02657543022987571,-0.4395187579641755,-0.44760855374026143,-0.3466547784106151,0.2570445239543915,0.21393846887350082,0.043106069982051846,5,trapezoid_from_zero_normalized_by_max_fraction,False,error,false_positive,low,medium,binary
cicids2017_binary,44,0,BENIGN,rid_84a7d1506ee7034cfcbde99f1a6ca694,mlp,gradient_x_input,insertion,target_class_median,False,False,True,True,1,ATTACK,predicted_class_of_audited_model,0.000413919246057,0.0001228346955031,-0.5788720327429473,-0.41834577009051277,-0.16052626265243453,0.024446073306528714,-0.2084405663332308,-0.2865961742880172,-0.2922758584549301,0.9995034337043762,0.8010961618423462,0.19840723609924316,5,trapezoid_from_zero_normalized_by_max_fraction,False,error,false_positive,low,low,binary
cicids2017_binary,44,0,BENIGN,rid_5d6d3c0ae8084c57b4ce2b3196b46f1f,mlp,gradient_x_input,insertion,target_class_median,False,False,True,True,1,ATTACK,predicted_class_of_audited_model,0.0169734675437212,0.0166823829931672,-0.3946663117967546,-0.8002864365780575,0.40562012478130294,0.014795902286805586,0.376620156299164,-0.6043730904873859,0.20970677869063128,3.0766358375549316,2.833144811153412,0.24349085950851443,5,trapezoid_from_zero_normalized_by_max_fraction,False,error,false_positive,low,medium,binary
cicids2017_binary,44,0,BENIGN,rid_6ddeb23200fe5fc5e6d906579ccb6dbf,mlp,gradient_x_input,insertion,target_class_median,False,True,False,True,0,BENIGN,predicted_class_of_audited_model,0.999999787730502,0.0002908722810559,-1.2520253376224756e-06,-0.01933726154431268,0.019336009518975055,0.00785872363607894,0.003932911192260335,-0.01025137707485842,0.010250125049520798,1.1960530281066895,1.0977621848583223,0.09829081940650937,5,trapezoid_from_zero_normalized_by_max_fraction,True,correct,true_negative,medium,medium,binary
cicids2017_binary,44,0,BENIGN,rid_791d4cc49f6c121383b013465f18bdba,mlp,gradient_x_input,insertion,target_class_median,False,True,False,True,0,BENIGN,predicted_class_of_audited_model,0.9999989209788964,0.0002900055294503,-6.993279981770684e-07,-2.994345589968361e-07,-3.998934391802322e-07,1.7911386601672994e-08,-4.3499975691951126e-07,-1.5966448786741694e-07,-5.396635103096514e-07,0.05886738374829292,0.025617165258154273,0.03325021327473223,5,trapezoid_from_zero_normalized_by_max_fraction,True,correct,true_negative,medium,low,binary
cicids2017_binary,44,0,BENIGN,rid_9042fda68806739ded78dc8c7c2f1d14,mlp,gradient_x_input,insertion,target_class_median,False,False,True,True,1,ATTACK,predicted_class_of_audited_model,0.0003973068669438,0.0001062223163899,-0.9369402731361334,-0.4648285957524204,-0.4721116773837129,0.028684437159749034,-0.528333174216821,-0.3779622812623856,-0.5589779918737477,0.4816054701805115,0.17833337736129762,0.3032720808982849,5,trapezoid_from_zero_normalized_by_max_fraction,False,error,false_positive,low,low,binary
cicids2017_binary,44,0,BENIGN,rid_f5dc1f5973be5ee1ef22e378fd1f11ea,mlp,gradient_x_input,insertion,target_class_median,False,True,False,True,0,BENIGN,predicted_class_of_audited_model,0.9999999999998258,0.0002910845503797,1.1210056649613165e-07,-0.0078504107668533,0.007850522867419796,0.0038076659913734703,0.0003874975243277944,-0.008204676217164527,0.008204788317731023,2.8598806858062744,2.3556674766540526,0.5042130422592164,5,trapezoid_from_zero_normalized_by_max_fraction,True,correct,true_negative,medium,medium,binary
cicids2017_binary,44,0,BENIGN,rid_fc68e4d9c539baf06d589acec060b528,mlp,gradient_x_input,insertion,target_class_median,False,True,False,True,0,BENIGN,predicted_class_of_audited_model,0.99999955519192,0.0002906397424737,-1.0076861514107804e-07,-6.473409011675813e-08,-3.603452502431991e-08,4.525730247458346e-09,-4.490495630933827e-08,-4.617568430376196e-08,-5.4592930837316085e-08,0.031095394864678383,0.022337499642279,0.008757895594928414,5,trapezoid_from_zero_normalized_by_max_fraction,True,correct,true_negative,medium,low,binary
cicids2017_binary,44,0,BENIGN,rid_5ae3333db5b2874b7dd0f3d04a2e903e,mlp,gradient_x_input,insertion,target_class_median,False,True,False,True,0,BENIGN,predicted_class_of_audited_model,0.9999941791652418,0.0002852637157957,-4.35250477153204e-06,-9.841770576457522e-07,-3.3683277138862875e-06,9.611029561327017e-08,-3.556703893288297e-06,-7.583030483147012e-07,-3.5942017232173383e-06,0.062302909791469574,0.0283437373843044,0.033959170171990995,5,trapezoid_from_zero_normalized_by_max_fraction,True,correct,true_negative,medium,low,binary
cicids2017_binary,44,0,BENIGN,rid_ce81849f1daba6a42a2f375a900bc84e,mlp,gradient_x_input,insertion,target_class_median,False,True,False,True,0,BENIGN,predicted_class_of_audited_model,0.9999999977019014,0.0002910822524552,-0.0018216057103586534,-0.0033776502602507726,0.0015560445498921194,0.00102922657831945,-0.00046123954361400256,-0.0004762508393149166,-0.0013453548710437367,0.5725947022438049,0.4534530729055405,0.1191416174173355,5,trapezoid_from_zero_normalized_by_max_fraction,True,correct,true_negative,medium,medium,binary
cicids2017_binary,44,0,BENIGN,rid_903a7e5a26cbf03bdfbd31c165374455,mlp,gradient_x_input,insertion,target_class_median,False,False,True,True,1,ATTACK,predicted_class_of_audited_model,0.0050231893546879,0.004732104804134,-0.8456570200520218,-0.4775649031196299,-0.36809211693239197,0.02706260876020492,-0.4211348301023936,-0.4344912328119753,-0.4111657872400465,0.5239935517311096,0.33864772236347196,0.1853457876443863,5,trapezoid_from_zero_normalized_by_max_fraction,False,error,false_positive,low,medium,binary
cicids2017_binary,44,0,BENIGN,rid_2f71a20695d6fb19c38da4fd2b3fdba6,mlp,gradient_x_input,insertion,target_class_median,False,True,False,True,0,BENIGN,predicted_class_of_audited_model,0.9999999907755956,0.0002910753261495,-0.01147232767954165,-0.01311927629672157,0.0016469486171799197,0.004306584074954633,-0.006793956169731161,-0.0039048448367532598,-0.007567482842788388,0.775255024433136,0.6891355724334717,0.08611944007873536,5,trapezoid_from_zero_normalized_by_max_fraction,True,correct,true_negative,medium,medium,binary
cicids2017_binary,44,0,BENIGN,rid_0c6d01ca6ea1b262e89e6421a2992b40,mlp,gradient_x_input,insertion,target_class_median,False,False,True,True,1,ATTACK,predicted_class_of_audited_model,0.0055080610327422,0.0052169764821883,-0.7949562637135387,-0.39541536894801543,-0.39954089476552324,0.02732532596183816,-0.45309853365072605,-0.3906341307978364,-0.4043221329157022,0.2567550539970398,0.20950311717391013,0.04725195172429085,5,trapezoid_from_zero_normalized_by_max_fraction,False,error,false_positive,low,medium,binary
cicids2017_binary,44,0,BENIGN,rid_3529e04e9a2b14faeb393e1f3f46ae76,mlp,gradient_x_input,insertion,target_class_median,False,True,False,True,0,BENIGN,predicted_class_of_audited_model,0.9999965573699684,0.0002876419205221,-2.9261940596825296e-06,-6.785036739245242e-07,-2.2476903857580054e-06,6.518939909727241e-08,-2.375461607988659e-06,-6.550323636105304e-07,-2.271161696071999e-06,0.049751993268728256,0.027791351225227117,0.02196064092591405,5,trapezoid_from_zero_normalized_by_max_fraction,True,correct,true_negative,medium,low,binary
cicids2017_binary,44,0,BENIGN,rid_47e82f8abb2cde6941b140cd7b01affa,mlp,gradient_x_input,insertion,target_class_median,False,True,False,True,0,BENIGN,predicted_class_of_audited_model,0.999999998962036,0.0002910835125898,-1.3071028239330929e-06,-0.01916756604523555,0.019166258942411613,0.006895634949503172,0.005650814441385396,-0.008334300024052634,0.008332992921228702,1.246016263961792,1.1211997153759001,0.12481647706031802,5,trapezoid_from_zero_normalized_by_max_fraction,True,correct,true_negative,medium,medium,binary
cicids2017_binary,44,1,ATTACK,rid_90bf460c23de7f169569a903b5e5bcd4,mlp,gradient_x_input,insertion,target_class_median,False,False,True,False,0,BENIGN,predicted_class_of_audited_model,0.999916816537734,0.000207901088288,-4.961653540931365e-05,-1.4083404878775242e-05,-3.553313053053841e-05,1.4731127515728561e-06,-3.8420431523621206e-05,-1.2310871022890525e-05,-3.730566438642313e-05,0.2155735045671463,0.06108976875804364,0.15448371494747698,5,trapezoid_from_zero_normalized_by_max_fraction,False,error,false_negative,medium,low,binary
cicids2017_binary,44,0,BENIGN,rid_f66a10e8c05e6da936e7c0ac88075983,mlp,gradient_x_input,insertion,target_class_median,False,True,False,True,0,BENIGN,predicted_class_of_audited_model,0.9999997244028124,0.0002908089533661,-0.052607038910730354,-0.02536887630216657,-0.02723816260856378,0.0050073433976750474,-0.03705255566800687,-0.005487837014802767,-0.04711920189592759,0.6188440918922424,0.50684119451046,0.11200287353992462,5,trapezoid_from_zero_normalized_by_max_fraction,True,correct,true_negative,medium,medium,binary
cicids2017_binary,44,0,BENIGN,rid_925d38c41b222c06fa8bf565a6ad4fa2,mlp,gradient_x_input,insertion,target_class_median,False,False,True,True,1,ATTACK,predicted_class_of_audited_model,0.0046709771268069,0.004379892576253,-0.5838732905685902,-0.21815247728675602,-0.36572081328183415,0.02005667185690881,-0.4050318901213754,-0.19827888636942953,-0.38559440419916063,0.05245279148221016,0.0298300898091984,0.02262269981036661,5,trapezoid_from_zero_normalized_by_max_fraction,False,error,false_positive,low,medium,binary
cicids2017_binary,44,0,BENIGN,rid_bef7e91873bee07106e09436900506af,mlp,gradient_x_input,insertion,target_class_median,False,False,True,True,1,ATTACK,predicted_class_of_audited_model,0.0003299050731584,3.88205226045e-05,-0.9462782672595978,-0.8719166535641614,-0.07436161369543651,0.009285824248113857,-0.09256182922173967,-0.5581582840606847,-0.388119983198913,1.0103150606155396,0.8189565806388854,0.1913584322929382,5,trapezoid_from_zero_normalized_by_max_fraction,False,error,false_positive,low,low,binary
cicids2017_binary,44,0,BENIGN,rid_d84a19391e0da0e4e920331ad040630b,mlp,gradient_x_input,insertion,target_class_median,False,True,False,True,0,BENIGN,predicted_class_of_audited_model,0.9999995144476088,0.0002905989981627,-3.5741862802752175e-10,-8.563624372470712e-08,8.52788250966796e-08,1.1573247315387353e-08,6.25952603585204e-08,-9.188070649202019e-08,9.152328786399266e-08,0.014316389337182045,0.01230759755265899,0.0020087902944069353,5,trapezoid_from_zero_normalized_by_max_fraction,True,correct,true_negative,medium,low,binary
cicids2017_binary,44,0,BENIGN,rid_23c9749e07e86541c2068e8918d7a595,mlp,gradient_x_input,insertion,target_class_median,False,False,True,True,1,ATTACK,predicted_class_of_audited_model,0.0012696932535618,0.0009786087030079,-0.9053352527553216,-0.38494105929508804,-0.5203941934602335,0.028564055797800487,-0.5763797428239225,-0.39265146738942713,-0.5126837853658944,0.0659015104174614,0.04144921794906258,0.024452292468398813,5,trapezoid_from_zero_normalized_by_max_fraction,False,error,false_positive,low,medium,binary
cicids2017_binary,44,0,BENIGN,rid_dceb2bd536e8afe52f36d03c94eae70c,mlp,gradient_x_input,insertion,target_class_median,False,False,True,True,1,ATTACK,predicted_class_of_audited_model,0.0004089481662958,0.0001178636157419,-0.9462163135125592,-0.8543859710353205,-0.09183034247723881,0.01169529537827918,-0.114753121418666,-0.6093634099172706,-0.33685290359528863,1.292978048324585,0.7432430556416512,0.5497351118922233,5,trapezoid_from_zero_normalized_by_max_fraction,False,error,false_positive,low,low,binary
cicids2017_binary,44,0,BENIGN,rid_2c414409ad4d75c92305367b644197ad,mlp,gradient_x_input,insertion,target_class_median,False,True,False,True,0,BENIGN,predicted_class_of_audited_model,0.9998226165334928,0.0001137010840465,-0.00011776378011063571,-2.6032450314886546e-05,-9.173132979574917e-05,2.5217414844435065e-06,-9.667394310525844e-05,-1.2714064620254816e-05,-0.00010504971549038088,0.17662444710731506,0.09641555735841392,0.08020888378843666,5,trapezoid_from_zero_normalized_by_max_fraction,True,correct,true_negative,medium,low,binary
cicids2017_binary,44,0,BENIGN,rid_c0b11bc8e9725c92990b9ee140824d40,mlp,gradient_x_input,insertion,target_class_median,False,True,False,True,0,BENIGN,predicted_class_of_audited_model,0.9999865198942643,0.0002776044448182,-8.286637068977143e-06,-1.8887626930279569e-06,-6.397874375949186e-06,1.4424727888559307e-07,-6.680599042564949e-06,-1.3442721994181281e-06,-6.942364869559015e-06,0.13605760037899017,0.05082278482615947,0.08523483194410801,5,trapezoid_from_zero_normalized_by_max_fraction,True,correct,true_negative,medium,low,binary
cicids2017_binary,44,0,BENIGN,rid_7bffb88f3db9bd6b40183466e866cc81,mlp,gradient_x_input,insertion,target_class_median,False,True,False,True,0,BENIGN,predicted_class_of_audited_model,0.9999440737592522,0.0002351583098061,-2.327776454649211e-05,-7.863579009111277e-06,-1.5414185537380834e-05,6.308131278304305e-07,-1.6650579267928477e-05,-4.60609145483204e-06,-1.867167309166007e-05,0.1155722364783287,0.07872101800143719,0.03685122294723987,5,trapezoid_from_zero_normalized_by_max_fraction,True,correct,true_negative,medium,low,binary
cicids2017_binary,44,0,BENIGN,rid_c254878acf2095d116ef4e1ec50b5a7a,mlp,gradient_x_input,insertion,target_class_median,False,True,False,True,0,BENIGN,predicted_class_of_audited_model,0.999993185198946,0.0002842697494997,-6.950085594326082e-06,-2.2372077312677875e-06,-4.712877863058296e-06,2.066501561625555e-07,-5.117912169136905e-06,-1.1999778785192206e-06,-5.750107715806862e-06,0.15421876311302185,0.06957334857340902,0.08464541006926447,5,trapezoid_from_zero_normalized_by_max_fraction,True,correct,true_negative,medium,low,binary
cicids2017_binary,44,0,BENIGN,rid_6d656ac569bb8cd6bcf80fd7d1186b92,mlp,gradient_x_input,insertion,target_class_median,False,False,True,True,1,ATTACK,predicted_class_of_audited_model,0.0004083578241989,0.000117273273645,-0.937027783045778,-0.43004240496992135,-0.5069853780758568,0.02839618515547994,-0.5626419009805974,-0.39166246908705216,-0.5453653139587259,0.48227208852767944,0.18112111267447473,0.3011509877741337,5,trapezoid_from_zero_normalized_by_max_fraction,False,error,false_positive,low,low,binary
cicids2017_binary,44,1,ATTACK,rid_42d35de314d0bd7e4b0b1c643c6768fe,mlp,gradient_x_input,insertion,target_class_median,False,True,False,True,1,ATTACK,predicted_class_of_audited_model,0.9999999403953552,0.9997088558448012,0.0034749507904052734,-0.2954052007542914,0.2988801515446967,0.025597124062021418,0.24870978838313473,-0.3155195387569294,0.31899448954733467,1.0030488967895508,0.9127221567630766,0.09032670426368712,5,trapezoid_from_zero_normalized_by_max_fraction,True,correct,true_positive,medium,high,binary
cicids2017_binary,44,0,BENIGN,rid_0245b92446477288d6bca37b54ef27a9,mlp,gradient_x_input,insertion,target_class_median,False,True,False,True,0,BENIGN,predicted_class_of_audited_model,0.999999671550313,0.0002907561008668,-2.1089455799483405e-07,-3.757736506315723e-08,-1.733171929316768e-07,7.0406408151378466e-09,-1.8711684892934697e-07,-3.256376346882917e-08,-1.7833079452600487e-07,0.015677180141210556,0.010114559042965992,0.005562621843302622,5,trapezoid_from_zero_normalized_by_max_fraction,True,correct,true_negative,medium,low,binary
cicids2017_binary,44,0,BENIGN,rid_79fedbc6f1dc324932e51be4e75f485e,mlp,gradient_x_input,insertion,target_class_median,False,False,True,True,1,ATTACK,predicted_class_of_audited_model,0.004592134617269,0.0043010500667151,-0.8455064518522704,-0.4684583636776715,-0.3770480881745989,0.028057609487955396,-0.43204100277099144,-0.38797492817441703,-0.45753152367785327,0.5367193222045898,0.34937235844135284,0.18734698164463043,5,trapezoid_from_zero_normalized_by_max_fraction,False,error,false_positive,low,medium,binary
cicids2017_binary,44,0,BENIGN,rid_d021845ac75432a27180d864be595ace,mlp,gradient_x_input,insertion,target_class_median,False,False,True,True,1,ATTACK,predicted_class_of_audited_model,0.0005138728301972,0.0002227882796433,-0.9112479705829174,-0.42261240806546996,-0.4886355625174474,0.027005005940670367,-0.5415653741611614,-0.3975573206666158,-0.5136906499163014,0.34130173921585083,0.16860099241137505,0.17270073786377907,5,trapezoid_from_zero_normalized_by_max_fraction,False,error,false_positive,low,low,binary
cicids2017_binary,44,0,BENIGN,rid_8c2edcf72283b110e0a9e4e795fabd33,mlp,gradient_x_input,insertion,target_class_median,False,True,False,True,0,BENIGN,predicted_class_of_audited_model,0.9999999985253408,0.0002910830758946,-0.0010014427080136557,-0.03102184891782225,0.030020406209808597,0.005633624166206288,0.018978502844044273,-0.003215685377181209,0.0022142426691675538,0.8222976922988892,0.7437261435985565,0.07857153677940369,5,trapezoid_from_zero_normalized_by_max_fraction,True,correct,true_negative,medium,medium,binary
cicids2017_binary,44,0,BENIGN,rid_891bd4ae8887c18f4c7f24fd06d7494e,mlp,gradient_x_input,insertion,target_class_median,False,False,True,True,1,ATTACK,predicted_class_of_audited_model,0.0039975796826183,0.0037064951320644,-0.5600377060472965,-0.20715940934233368,-0.35287829670496285,0.021960560627458662,-0.3959209955347818,-0.2516026933528483,-0.3084350126944482,0.05223061889410019,0.029950969508558044,0.022279653110832444,5,trapezoid_from_zero_normalized_by_max_fraction,False,error,false_positive,low,medium,binary
cicids2017_binary,44,0,BENIGN,rid_72b0c4f87c4b29674bff62560ead3526,mlp,gradient_x_input,insertion,target_class_median,False,False,True,True,1,ATTACK,predicted_class_of_audited_model,0.0003580583725124,6.697382195850003e-05,-0.9462630382666248,-0.8810298040942457,-0.06523323417237914,0.008492237279671652,-0.08187801924053557,-0.5893839912610997,-0.3568790470055251,1.0691206455230713,0.7753917664289475,0.29372889101505284,5,trapezoid_from_zero_normalized_by_max_fraction,False,error,false_positive,low,low,binary
cicids2017_binary,44,0,BENIGN,rid_65f923945c25103d9e7e6401f8ca2bb9,mlp,gradient_x_input,insertion,target_class_median,False,True,False,True,0,BENIGN,predicted_class_of_audited_model,0.9999999649183736,0.0002910494689274,-4.645049116334121e-05,-0.022722827701893853,0.02267637721073051,0.008271428671762211,0.006464377014076577,-0.006253905193596051,0.00620745470243271,1.5072767734527588,1.0385187313556672,0.4687579467296601,5,trapezoid_from_zero_normalized_by_max_fraction,True,correct,true_negative,medium,medium,binary
cicids2017_binary,44,0,BENIGN,rid_e99a80a21c8b8189f4ac62358a0e6093,mlp,gradient_x_input,insertion,target_class_median,False,False,True,True,1,ATTACK,predicted_class_of_audited_model,0.0015704168472439,0.00127933229669,-0.9052349125500769,-0.38741580035258083,-0.517819112197496,0.029008082435027546,-0.57467495377015,-0.3664740506722592,-0.5387608618778176,0.056446630507707596,0.035503543394384905,0.02094308487814851,5,trapezoid_from_zero_normalized_by_max_fraction,False,error,false_positive,low,medium,binary
cicids2017_binary,44,0,BENIGN,rid_88f05a098aa34861d4a3c3d3eb62d0e0,mlp,gradient_x_input,insertion,target_class_median,False,False,True,True,1,ATTACK,predicted_class_of_audited_model,0.0091742305085062,0.0088831459579523,-0.6071925006515813,-0.4419446506674721,-0.1652478499841091,0.028096533916816543,-0.22031705646106953,-0.44895975493500917,-0.15823274571657203,0.595747709274292,0.39915188735723495,0.19659583979845047,5,trapezoid_from_zero_normalized_by_max_fraction,False,error,false_positive,low,medium,binary
cicids2017_binary,44,0,BENIGN,rid_9c1fb08eebfa9c131152c6f3bf7afc3f,mlp,gradient_x_input,insertion,target_class_median,False,True,False,True,0,BENIGN,predicted_class_of_audited_model,0.9999972757059368,0.0002883602564906,-0.0001852760890074023,-0.03446161678876885,0.034276340699761446,0.009672816493533657,0.015317620372435479,-0.009965879629489222,0.00978060354048182,0.8539854288101196,0.5887414082288742,0.26524398481845857,5,trapezoid_from_zero_normalized_by_max_fraction,True,correct,true_negative,medium,low,binary
cicids2017_binary,44,0,BENIGN,rid_910aad19325cd4ccae3f06fa19ad59ec,mlp,gradient_x_input,insertion,target_class_median,False,False,True,True,1,ATTACK,predicted_class_of_audited_model,0.0028202780522406,0.0025291935016867,-0.4481219017412513,-0.46372658830852015,0.015604686567268784,0.027643612798297277,-0.038576794517393875,-0.4990194174916832,0.05089751575043192,0.36767464876174927,0.3028894744515419,0.06478515046834946,5,trapezoid_from_zero_normalized_by_max_fraction,False,error,false_positive,low,medium,binary
cicids2017_binary,44,0,BENIGN,rid_163d5aaa7ae1b43503165861ed565cf1,mlp,gradient_x_input,insertion,target_class_median,False,False,True,True,1,ATTACK,predicted_class_of_audited_model,0.0007013759459368,0.0004102913953829,-0.5590514753479511,-0.4423518698534462,-0.1166996054945048,0.026448519458016375,-0.1685387036322169,-0.40794701255694954,-0.15110446279100145,0.2822372317314148,0.1527179125994444,0.12951933701336382,5,trapezoid_from_zero_normalized_by_max_fraction,False,error,false_positive,low,medium,binary
cicids2017_binary,44,0,BENIGN,rid_14bb75df2d40ea1abddc3c3512ecc903,mlp,gradient_x_input,insertion,target_class_median,False,False,True,True,1,ATTACK,predicted_class_of_audited_model,0.0005071140476502,0.0002160294970963,-0.8464177878806367,-0.6000806775904166,-0.24633711029022015,0.02495570719071897,-0.29525029638402933,-0.37198387547773015,-0.47443391240290667,0.5772186517715454,0.4419125997424126,0.135306004345417,5,trapezoid_from_zero_normalized_by_max_fraction,False,error,false_positive,low,low,binary
cicids2017_binary,44,0,BENIGN,rid_f138e3a9b4b250f23e40123e1477450b,mlp,gradient_x_input,insertion,target_class_median,False,True,False,True,0,BENIGN,predicted_class_of_audited_model,0.9999582702475892,0.0002493547981429,-3.178296125270208e-05,-2.237301428389826e-05,-9.409946968803819e-06,2.9058125175319187e-06,-1.510533950316638e-05,-1.9975443538625903e-05,-1.1807517714076178e-05,0.4489021897315979,0.137695388071239,0.31120680464059114,5,trapezoid_from_zero_normalized_by_max_fraction,True,correct,true_negative,medium,low,binary
cicids2017_binary,44,0,BENIGN,rid_a32ff0677222d2bce5d6b01192700873,mlp,gradient_x_input,insertion,target_class_median,False,False,True,True,1,ATTACK,predicted_class_of_audited_model,0.0003884530742652,9.73685237113e-05,-0.5438961195293814,-0.5200005229868766,-0.023895596542504782,0.026707791362640728,-0.07624286761328061,-0.37421064393675624,-0.16968547559262515,0.4246644377708435,0.3809323378801346,0.043732105851173396,5,trapezoid_from_zero_normalized_by_max_fraction,False,error,false_positive,low,low,binary
cicids2017_binary,44,0,BENIGN,rid_1d61d54b178ff469827d373bf512516f,mlp,gradient_x_input,insertion,target_class_median,False,False,True,True,1,ATTACK,predicted_class_of_audited_model,0.347438782453537,0.3471476979029831,-0.08893717527389526,-0.41470334173794254,0.32576616646404727,0.028091687371887487,0.2707064592151478,-0.4307607343312484,0.3418235590573531,0.3518681824207306,0.3242623010277748,0.0276058754324913,5,trapezoid_from_zero_normalized_by_max_fraction,False,error,false_positive,low,medium,binary
cicids2017_binary,44,0,BENIGN,rid_5870264528ae74ee59f50b946b4f3dc1,mlp,gradient_x_input,insertion,target_class_median,False,True,False,True,0,BENIGN,predicted_class_of_audited_model,0.9999944527380648,0.0002855372886187,-4.955642828008422e-06,-1.54579745743888e-06,-3.4098453705695416e-06,1.2342181711034735e-07,-3.6517521321058223e-06,-9.649574335810484e-07,-3.990685394427373e-06,0.11438967287540436,0.02873430957226083,0.08565535436244681,5,trapezoid_from_zero_normalized_by_max_fraction,True,correct,true_negative,medium,low,binary
cicids2017_binary,44,0,BENIGN,rid_ac6d6433f74344218b407ac259d826d2,mlp,gradient_x_input,insertion,target_class_median,False,False,True,True,1,ATTACK,predicted_class_of_audited_model,0.0029926248826086,0.0027015403320547,-0.21933227181434634,-0.6593669549886618,0.4400346831743155,0.02338131803145075,0.394207299832672,-0.4049821690845144,0.18564989727016806,0.9192203283309937,0.8266076807975768,0.0926126713752747,5,trapezoid_from_zero_normalized_by_max_fraction,False,error,false_positive,low,medium,binary
cicids2017_binary,44,0,BENIGN,rid_56fc9d5d0b73a6864ebf67eff76c51dd,mlp,gradient_x_input,insertion,target_class_median,False,False,True,True,1,ATTACK,predicted_class_of_audited_model,0.0004329042276367,0.0001418196770828,-0.9463168987815151,-0.817567942098761,-0.1287489566827541,0.016179865419739307,-0.16046149290544315,-0.5072197967159591,-0.43909710206555613,0.9245530962944031,0.6435472171306611,0.28100595068931583,5,trapezoid_from_zero_normalized_by_max_fraction,False,error,false_positive,low,low,binary
cicids2017_binary,44,0,BENIGN,rid_35dc41a5d6be4e97b00a2db556f849ac,mlp,gradient_x_input,insertion,target_class_median,False,False,True,True,1,ATTACK,predicted_class_of_audited_model,0.0005933922366239,0.00030230768607,-0.8556367994751781,-0.6397704912724003,-0.21586630820277788,0.024081125742652035,-0.2630653146583759,-0.3640983191392734,-0.49153848033590475,0.8018690347671509,0.5218846231102943,0.2799843997359276,5,trapezoid_from_zero_normalized_by_max_fraction,False,error,false_positive,low,medium,binary
cicids2017_binary,44,0,BENIGN,rid_908a4e469749d3cbc6ae1b43827a2c56,mlp,gradient_x_input,insertion,target_class_median,False,True,False,True,0,BENIGN,predicted_class_of_audited_model,0.9997501781908796,4.126274143349996e-05,-0.00019413325463801812,-4.039856405987052e-05,-0.0001537346905781476,4.812712259479083e-06,-0.0001631676066067266,-3.37625699851003e-05,-0.0001603706846529178,0.4423912465572357,0.08915680222213267,0.353234456256032,5,trapezoid_from_zero_normalized_by_max_fraction,True,correct,true_negative,medium,low,binary
cicids2017_binary,44,0,BENIGN,rid_18d17511d05d54af87c1576049105477,mlp,gradient_x_input,insertion,target_class_median,False,True,False,True,0,BENIGN,predicted_class_of_audited_model,0.9999999999999948,0.0002910845505488,2.347781428491125e-07,-0.00023516588129650706,0.00023540065943935618,0.00015262644055546743,-6.374716404935999e-05,-0.00013274498481064377,0.0001329797629534929,1.3741813898086548,1.089646416425705,0.28453499722480774,5,trapezoid_from_zero_normalized_by_max_fraction,True,correct,true_negative,medium,medium,binary
cicids2017_binary,44,0,BENIGN,rid_fc754ff8c24b15f5648c0e4e26017ea9,mlp,gradient_x_input,insertion,target_class_median,False,True,False,True,0,BENIGN,predicted_class_of_audited_model,0.9999878436319704,0.0002789281825243,-4.987837371572823e-06,-2.3408873405657004e-06,-2.6469500310071226e-06,1.6479481945206492e-07,-2.9699478771331697e-06,-1.263376305431052e-06,-3.724461066141771e-06,0.06529682874679565,0.040647796414792534,0.024649029351770876,5,trapezoid_from_zero_normalized_by_max_fraction,True,correct,true_negative,medium,low,binary
cicids2017_binary,44,0,BENIGN,rid_69003d192edf4f7e94b5d8b3ad4d8ec2,mlp,gradient_x_input,insertion,target_class_median,False,False,True,True,1,ATTACK,predicted_class_of_audited_model,0.0021304285619407,0.0018393440113867,-0.6192570962011814,-0.3910204948582686,-0.22823660134291274,0.028490978331825144,-0.28407891887329,-0.3431932256089058,-0.2760638705922756,0.17305222153663635,0.05944757416611537,0.11360464960569516,5,trapezoid_from_zero_normalized_by_max_fraction,False,error,false_positive,low,medium,binary
cicids2017_binary,44,0,BENIGN,rid_9b41f77b3dd1aa90b22266dad1ae3f9c,mlp,gradient_x_input,insertion,target_class_median,False,True,False,True,0,BENIGN,predicted_class_of_audited_model,0.999939544348308,0.000230628898862,-0.03349654693848833,-0.02606290095080245,-0.007433645987685885,0.005651674265754365,-0.01851092754856444,-0.0135277965680587,-0.01996875037042964,1.0714510679244995,0.7708344478607178,0.3006166319847107,5,trapezoid_from_zero_normalized_by_max_fraction,True,correct,true_negative,medium,low,binary
cicids2017_binary,44,0,BENIGN,rid_4b045d983a0797d59c1ddc6aa98710fa,mlp,gradient_x_input,insertion,target_class_median,False,False,True,True,1,ATTACK,predicted_class_of_audited_model,0.0011923946440219,0.000901310093468,-0.666295156441629,-0.3753628492371208,-0.29093230720450813,0.028109222540609484,-0.34602638338410274,-0.3742584212448564,-0.29203673519677253,0.5069640278816223,0.3658290138840675,0.14113500803709028,5,trapezoid_from_zero_normalized_by_max_fraction,False,error,false_positive,low,medium,binary
cicids2017_binary,44,0,BENIGN,rid_a6272edca821288ba745068ac8edfd2c,mlp,gradient_x_input,insertion,target_class_median,False,True,False,True,0,BENIGN,predicted_class_of_audited_model,0.9999613857653458,0.0002524703158996,-1.9904865177977625e-05,-4.368680879267118e-06,-1.5536184298710507e-05,4.7263818333246017e-07,-1.646255513804213e-05,-2.7780690991789924e-06,-1.7126796078798634e-05,0.12409502267837524,0.05146029986953362,0.07263471982860939,5,trapezoid_from_zero_normalized_by_max_fraction,True,correct,true_negative,medium,low,binary
cicids2017_binary,44,0,BENIGN,rid_031794b4b965153e2426d130626d5617,mlp,gradient_x_input,insertion,target_class_median,False,False,True,True,1,ATTACK,predicted_class_of_audited_model,0.0003096944128628,1.860986230890001e-05,-0.6991979922167957,-0.44626404738186604,-0.2529339448349296,0.028040169879570868,-0.3078926777988885,-0.43557678930855304,-0.2636212029082426,0.8235419392585754,0.4984304879307747,0.32511139172315595,5,trapezoid_from_zero_normalized_by_max_fraction,False,error,false_positive,low,low,binary
cicids2017_binary,44,0,BENIGN,rid_adc8f6f4a376e2ef822685b27a989789,mlp,gradient_x_input,insertion,target_class_median,False,False,True,True,1,ATTACK,predicted_class_of_audited_model,0.0004828543460462,0.0001917697954923,-0.670422886358574,-0.3886757606611191,-0.28174712569745497,0.023218729100879763,-0.3272558347351793,-0.2979914053003886,-0.37243148105818547,1.0029042959213257,0.7939979177713394,0.20890647351741798,5,trapezoid_from_zero_normalized_by_max_fraction,False,error,false_positive,low,low,binary
cicids2017_binary,44,0,BENIGN,rid_b84cb111b2519ade4441742284f579ee,mlp,gradient_x_input,insertion,target_class_median,False,False,True,True,1,ATTACK,predicted_class_of_audited_model,0.0011248463997617,0.0008337618492077,-0.5156240260694176,-0.587758175007999,0.07213414893858135,0.023386529956902286,0.02629655022305287,-0.30051103440392757,-0.21511299166548997,0.6636279821395874,0.4751169513463974,0.1885110069513321,5,trapezoid_from_zero_normalized_by_max_fraction,False,error,false_positive,low,medium,binary
cicids2017_binary,44,0,BENIGN,rid_61e1d432afb51b03effb5675fafdab08,mlp,gradient_x_input,insertion,target_class_median,False,True,False,True,0,BENIGN,predicted_class_of_audited_model,0.9999982913365102,0.000289375887064,-2.2997865130491847e-06,-5.537213124569007e-07,-1.7460652005922836e-06,6.069781700669773e-08,-1.8650329219254113e-06,-5.730308819806851e-07,-1.7267556310684996e-06,0.08011448383331299,0.017654208301100878,0.0624602781399153,5,trapezoid_from_zero_normalized_by_max_fraction,True,correct,true_negative,medium,low,binary
cicids2017_binary,44,0,BENIGN,rid_3b525886eff99a3fe6b4e2782bfac862,mlp,gradient_x_input,insertion,target_class_median,False,False,True,True,1,ATTACK,predicted_class_of_audited_model,0.0010391244431957,0.0007480398926417,-0.9142971485387534,-0.3456259477818967,-0.5686712007568567,0.026048204064498127,-0.619725680723273,-0.3929598756500054,-0.521337272888748,0.33803901076316833,0.15181670869886874,0.1862223139852285,5,trapezoid_from_zero_normalized_by_max_fraction,False,error,false_positive,low,medium,binary
cicids2017_binary,44,0,BENIGN,rid_903bd69a5211546ffe4da4bf48d2b4a0,mlp,gradient_x_input,insertion,target_class_median,False,False,True,True,1,ATTACK,predicted_class_of_audited_model,0.0066191051155328,0.0063280205649789,-0.8446360305330017,-0.47130471325256074,-0.373331317280441,0.027376567619083005,-0.4269893898138437,-0.4449724667590035,-0.39966356377399825,0.4927915036678314,0.32913267582654954,0.16365883976221082,5,trapezoid_from_zero_normalized_by_max_fraction,False,error,false_positive,low,medium,binary
cicids2017_binary,44,0,BENIGN,rid_ed112db88bbcd3ee48997c67275488fa,mlp,gradient_x_input,insertion,target_class_median,False,False,True,True,1,ATTACK,predicted_class_of_audited_model,0.0045306179672479,0.004239533416694,-0.8533338057102811,-0.7644280814836768,-0.08890572422660421,0.017621820039074983,-0.12344449150319117,-0.5209330672702024,-0.33240073844007856,1.6180299520492554,1.1601842651367187,0.45784562730789186,5,trapezoid_from_zero_normalized_by_max_fraction,False,error,false_positive,low,medium,binary
cicids2017_binary,44,0,BENIGN,rid_2d02d4186b0e6dccd02234615a0b18ce,mlp,gradient_x_input,insertion,target_class_median,False,True,False,True,0,BENIGN,predicted_class_of_audited_model,0.9999999433073476,0.0002910278579015,5.532511124783923e-08,5.384282458464895e-08,1.4822866631902816e-09,2.8666151539482905e-09,-4.136279038548368e-09,6.480486289461851e-08,-9.479751646779279e-09,0.00823967345058918,0.011470616987440735,-0.003230943536851555,5,trapezoid_from_zero_normalized_by_max_fraction,True,correct,true_negative,medium,medium,binary
cicids2017_binary,44,0,BENIGN,rid_fd63f0d612c9f090f6e0e49dbcb1ea88,mlp,gradient_x_input,insertion,target_class_median,False,False,True,True,1,ATTACK,predicted_class_of_audited_model,0.0005201856256462,0.0002291010750923,-0.937385312083643,-0.8079683563585481,-0.1294169557250948,0.015014452235138179,-0.15884528210596563,-0.5459843107874203,-0.3914010012962227,1.4267935752868652,1.0634787678718565,0.3633147954940796,5,trapezoid_from_zero_normalized_by_max_fraction,False,error,false_positive,low,low,binary
cicids2017_binary,44,0,BENIGN,rid_22b64a1fbb73d7db4f5292deebd20dca,mlp,gradient_x_input,insertion,target_class_median,False,False,True,True,1,ATTACK,predicted_class_of_audited_model,0.0003127269446849,2.164239413100002e-05,-0.9463207177684012,-0.879782229635359,-0.06653848813304222,0.007969730335228836,-0.08215915959009074,-0.598484860885466,-0.34783585688293517,1.0829647779464722,0.8714417606592179,0.21152302920818328,5,trapezoid_from_zero_normalized_by_max_fraction,False,error,false_positive,low,low,binary
cicids2017_binary,44,0,BENIGN,rid_0c91f6302864f78d143216883eb0bdfe,mlp,gradient_x_input,insertion,target_class_median,False,False,True,True,1,ATTACK,predicted_class_of_audited_model,0.0003702004032675,7.911585271360002e-05,-0.9462523623804997,-0.8479239825986448,-0.09832837978185509,0.013713286269599001,-0.12520642087026912,-0.5839367403164762,-0.36231562206402346,0.9083572626113892,0.6543173180818558,0.25403998625278473,5,trapezoid_from_zero_normalized_by_max_fraction,False,error,false_positive,low,low,binary
cicids2017_binary,44,1,ATTACK,rid_41d6a454392d5761ead8b728a85a91e7,mlp,gradient_x_input,insertion,target_class_median,False,True,False,True,1,ATTACK,predicted_class_of_audited_model,0.9999000430107116,0.9996089584601576,-0.03329117894172668,-0.43709678183832124,0.4038056028965946,0.028048995194873468,0.3488295723146426,-0.5712571536567708,0.537965974715044,5.874405860900879,4.945586821556091,0.9288184194564819,5,trapezoid_from_zero_normalized_by_max_fraction,True,correct,true_positive,medium,high,binary
cicids2017_binary,44,1,ATTACK,rid_e66bf801b75b3c01cf88b3814442f25e,mlp,gradient_x_input,insertion,target_class_median,False,True,False,True,1,ATTACK,predicted_class_of_audited_model,1.0,0.999708915449446,-0.8497768704098576,-0.38520220489488083,-0.4645746655149767,0.029576150553635487,-0.5225439206001022,-0.4942903033079339,-0.3554865671019236,1.514465093612671,1.9169466000795368,-0.40248147666454315,5,trapezoid_from_zero_normalized_by_max_fraction,True,correct,true_positive,high,high,binary
cicids2017_binary,44,1,ATTACK,rid_d59f7c0203a9670a00dcac4674a92bea,mlp,gradient_x_input,insertion,target_class_median,False,True,False,True,1,ATTACK,predicted_class_of_audited_model,1.0,0.999708915449446,-0.8485741631723258,-0.3917866487066074,-0.4567875144657183,0.029026581759148958,-0.5136796147136502,-0.45930504777524606,-0.38926911539707965,1.5133006572723389,1.8889553165435793,-0.3756546592712402,5,trapezoid_from_zero_normalized_by_max_fraction,True,correct,true_positive,high,high,binary
cicids2017_binary,44,1,ATTACK,rid_043f92e873111ba870b05b87f34e986d,mlp,gradient_x_input,insertion,target_class_median,False,False,True,False,0,BENIGN,predicted_class_of_audited_model,1.0,0.0002910845505539,2.3477949753214492e-07,-0.00019010205994947292,0.0001903368394470051,7.278977558481577e-05,4.766887930076618e-05,-0.014657385613811316,0.014657620393308849,32.588417053222656,13.888204931735993,18.700212121486665,5,trapezoid_from_zero_normalized_by_max_fraction,False,error,false_negative,high,medium,binary
cicids2017_binary,44,1,ATTACK,rid_aba5c9069424ffa42d9e26d3e5a932ff,mlp,gradient_x_input,insertion,target_class_median,False,True,False,True,1,ATTACK,predicted_class_of_audited_model,1.0,0.999708915449446,-0.8712851223432405,-0.38000759273419005,-0.4912775296090506,0.028186418760609414,-0.546522910379845,-0.3861529775030534,-0.4851321448401873,0.9909966588020325,1.3824486109018326,-0.39145202362537385,5,trapezoid_from_zero_normalized_by_max_fraction,True,correct,true_positive,high,high,binary
cicids2017_binary,44,1,ATTACK,rid_1a100691e84152ac1ba9104a7a2251ab,mlp,gradient_x_input,insertion,target_class_median,False,True,False,True,1,ATTACK,predicted_class_of_audited_model,0.9989810585975648,0.9986899740470108,0.0004980891942977905,-0.44676464967286683,0.4472627388671646,0.02862245455233948,0.39116272794457924,-0.46242866797300985,0.4629267571673076,0.931251049041748,0.6137316144108773,0.31751944655179976,5,trapezoid_from_zero_normalized_by_max_fraction,True,correct,true_positive,medium,high,binary
cicids2017_binary,44,1,ATTACK,rid_b485f5911e9b82364e86a91f5595fae7,mlp,gradient_x_input,insertion,target_class_median,False,True,False,True,1,ATTACK,predicted_class_of_audited_model,0.999999463558197,0.9997083790076432,-0.17012076079845428,-0.3140796661464206,0.1439589053479663,0.025624255112602336,0.09373536532726572,-0.3629912870701561,0.19287052627170181,1.391084909439087,1.3140924010276793,0.07699254417419435,5,trapezoid_from_zero_normalized_by_max_fraction,True,correct,true_positive,medium,high,binary
cicids2017_binary,44,1,ATTACK,rid_393feb2e851e739937273bb31513172c,mlp,gradient_x_input,insertion,target_class_median,False,False,True,False,0,BENIGN,predicted_class_of_audited_model,0.999999994808516,0.0002910793590697,2.328810243312773e-07,-0.10979605416253373,0.10979628704355807,0.019358379622210466,0.07185386298402555,-0.016502239087511455,0.016502471968535787,3.8324999809265137,2.1374767484664914,1.6950233516693118,5,trapezoid_from_zero_normalized_by_max_fraction,False,error,false_negative,medium,medium,binary
cicids2017_binary,44,1,ATTACK,rid_e35698b68db40242ffebecd001af78d6,mlp,gradient_x_input,insertion,target_class_median,False,True,False,True,1,ATTACK,predicted_class_of_audited_model,0.8820112943649292,0.8817202098143753,-0.13454504907131196,-0.547885348967642,0.41334029989633003,0.023604243173223773,0.36707598327681146,-0.49361408849423966,0.3590690394229277,3.1721138954162598,2.848592315673828,0.3235213413238526,5,trapezoid_from_zero_normalized_by_max_fraction,True,correct,true_positive,low,high,binary
cicids2017_binary,44,1,ATTACK,rid_4898ca22cb7774a2d70b972769ec564b,mlp,gradient_x_input,insertion,target_class_median,False,True,False,True,1,ATTACK,predicted_class_of_audited_model,1.0,0.999708915449446,-0.8670102718531519,-0.4381727308942265,-0.42883754095892557,0.029422885038999824,-0.48650639563536524,-0.40052470936690826,-0.46648556248624373,1.0852717161178589,1.4128127336502074,-0.3275409817695618,5,trapezoid_from_zero_normalized_by_max_fraction,True,correct,true_positive,high,high,binary
cicids2017_binary,44,1,ATTACK,rid_9c4ca9c523696359bfb19650cc092759,mlp,gradient_x_input,insertion,target_class_median,False,False,True,False,0,BENIGN,predicted_class_of_audited_model,0.9999975309310684,0.0002886154816223,-1.232471853285233e-05,-0.04349942871693997,0.04348710399840712,0.009810339185519625,0.024258839194788655,-0.01888607756473646,0.018873752846203608,2.88340425491333,2.5117657165527345,0.3716384906768799,5,trapezoid_from_zero_normalized_by_max_fraction,False,error,false_negative,medium,low,binary
cicids2017_binary,44,1,ATTACK,rid_ab7319b35e524962d709498b8897b1d6,mlp,gradient_x_input,insertion,target_class_median,False,True,False,True,1,ATTACK,predicted_class_of_audited_model,1.0,0.999708915449446,-0.31706318650394677,-0.44333784411503224,0.1262746576110855,0.025548684039202206,0.07619923689424918,-0.34371019808086434,0.026647011576917567,0.29584071040153503,0.27986301473528147,0.01597770376875996,5,trapezoid_from_zero_normalized_by_max_fraction,True,correct,true_positive,high,high,binary
cicids2017_binary,44,1,ATTACK,rid_26b4a0393cb2d686df1b32c8cded3309,mlp,gradient_x_input,insertion,target_class_median,False,True,False,True,1,ATTACK,predicted_class_of_audited_model,1.0,0.999708915449446,-0.22926377536496148,-0.30341437925842907,0.07415060389346759,0.02633151867207333,0.02254082729620386,-0.3288531609487783,0.09958938558381687,0.25988394021987915,0.28864121785201136,-0.028757258446887136,5,trapezoid_from_zero_normalized_by_max_fraction,True,correct,true_positive,high,high,binary
cicids2017_binary,44,1,ATTACK,rid_dde631c3b2b39fb93fd51d3ae412fc2d,mlp,gradient_x_input,insertion,target_class_median,False,True,False,True,1,ATTACK,predicted_class_of_audited_model,1.0,0.999708915449446,-0.20093104355037214,-0.36351313824266324,0.16258209469229112,0.02611759180838864,0.1113916147478494,-0.297037180600723,0.09610613705035088,0.40414056181907654,0.3488089031800628,0.055331637404859045,5,trapezoid_from_zero_normalized_by_max_fraction,True,correct,true_positive,high,high,binary
cicids2017_binary,44,1,ATTACK,rid_d75d06afa79953a870b8739a5530e021,mlp,gradient_x_input,insertion,target_class_median,False,True,False,True,1,ATTACK,predicted_class_of_audited_model,1.0,0.999708915449446,-0.24865103112533687,-0.30581781866707347,0.05716678754173654,0.027398004606643406,0.0034666985127154645,-0.2204580566353798,-0.028192974489957112,0.30504292249679565,0.31199129098095,-0.0069483623374253425,5,trapezoid_from_zero_normalized_by_max_fraction,True,correct,true_positive,high,high,binary
cicids2017_binary,44,1,ATTACK,rid_f97e39945151211041ca7c88c3bf6047,mlp,gradient_x_input,insertion,target_class_median,False,True,False,True,1,ATTACK,predicted_class_of_audited_model,1.0,0.999708915449446,-0.24142130620311947,-0.3508714048076338,0.10945009860451435,0.02574733296155293,0.05898532599987061,-0.292710850255547,0.05128954405242754,0.30251091718673706,0.3082960463240743,-0.00578512597084045,5,trapezoid_from_zero_normalized_by_max_fraction,True,correct,true_positive,high,high,binary
cicids2017_binary,44,1,ATTACK,rid_666198206aa3c95f127beb9fc306282d,mlp,gradient_x_input,insertion,target_class_median,False,True,False,True,1,ATTACK,predicted_class_of_audited_model,1.0,0.999708915449446,-0.229216897347942,-0.3790013735466248,0.14978447619868274,0.025754015621748037,0.09930660558005658,-0.3265633560700844,0.09734645872214243,0.334015429019928,0.3296014805529267,0.0044139348696917245,5,trapezoid_from_zero_normalized_by_max_fraction,True,correct,true_positive,high,high,binary
cicids2017_binary,44,1,ATTACK,rid_3f02f30285a85dc96f59c874926c2dc9,mlp,gradient_x_input,insertion,target_class_median,False,True,False,True,1,ATTACK,predicted_class_of_audited_model,1.0,0.999708915449446,-0.2201999440789223,-0.45110285714581805,0.2309029130668958,0.025847632980953137,0.18024155242422765,-0.37843831070696465,0.15823836662804242,0.28079742193222046,0.2890236002840102,-0.008226184777915469,5,trapezoid_from_zero_normalized_by_max_fraction,True,correct,true_positive,high,high,binary
cicids2017_binary,44,0,BENIGN,rid_75bc9e02ec11feca1dff1bbf7e5261f7,mlp,gradient_x_input,insertion,target_class_median,False,False,True,True,1,ATTACK,predicted_class_of_audited_model,0.0027367228176444,0.0024456382670905,-0.8671503060031682,-0.730402656439616,-0.13674764956355218,0.01795366959081555,-0.17193684196155065,-0.6366548987072888,-0.23049540729587947,7.692661285400391,5.917846086502076,1.774815532684326,5,trapezoid_from_zero_normalized_by_max_fraction,False,error,false_positive,low,medium,binary
cicids2017_binary,44,1,ATTACK,rid_c02f723f320337c7f0a94ea8469d1e83,mlp,gradient_x_input,insertion,target_class_median,False,True,False,True,1,ATTACK,predicted_class_of_audited_model,1.0,0.999708915449446,-0.2623337817378342,-0.4357438887775743,0.17341010703974008,0.02629821523154723,0.12186560518590751,-0.3932612619661111,0.1309274802282769,0.30743008852005005,0.3482195574510843,-0.04078947833739223,5,trapezoid_from_zero_normalized_by_max_fraction,True,correct,true_positive,high,high,binary
cicids2017_binary,44,1,ATTACK,rid_05c3478451daa92b02e8d446d2a54112,mlp,gradient_x_input,insertion,target_class_median,False,True,False,True,1,ATTACK,predicted_class_of_audited_model,1.0,0.999708915449446,-0.20068109035491943,-0.25321148454539816,0.05253039419047868,0.02498552108629671,0.0035587728613371353,-0.3053207551876391,0.10463966483271969,0.37651199102401733,0.34439406887069346,0.03211793966218829,5,trapezoid_from_zero_normalized_by_max_fraction,True,correct,true_positive,high,high,binary
cicids2017_binary,44,1,ATTACK,rid_5b3d2cd30dc1c857b86295a60c0f4418,mlp,gradient_x_input,insertion,target_class_median,False,True,False,True,1,ATTACK,predicted_class_of_audited_model,1.0,0.999708915449446,-0.25141051290556793,-0.28327229573730994,0.03186178283174207,0.026561266259120576,-0.020198299036134258,-0.2625050923867066,0.011094579481138775,0.33480557799339294,0.32880518823396415,0.0060004000039771185,5,trapezoid_from_zero_normalized_by_max_fraction,True,correct,true_positive,high,high,binary
cicids2017_binary,44,1,ATTACK,rid_f328bc466c0a63e9bf5c684e9ce2e2f1,mlp,gradient_x_input,insertion,target_class_median,False,True,False,True,1,ATTACK,predicted_class_of_audited_model,1.0,0.999708915449446,-0.25964744091033937,-0.44793197713459343,0.18828453622425406,0.02476682171778567,0.13974156565739415,-0.36853076084153324,0.10888331993119396,0.2879243493080139,0.31626427969895304,-0.028339956840500245,5,trapezoid_from_zero_normalized_by_max_fraction,True,correct,true_positive,high,high,binary
cicids2017_binary,44,1,ATTACK,rid_d8362325d829d5637c64d4477d0709c8,mlp,gradient_x_input,insertion,target_class_median,False,True,False,True,1,ATTACK,predicted_class_of_audited_model,1.0,0.999708915449446,-0.19331192821264268,-0.3533279105520424,0.16001598233939976,0.027476004008004453,0.10616301448371103,-0.31633635192632464,0.12302442371368195,0.3674173355102539,0.3567129320856184,0.010704395787790422,5,trapezoid_from_zero_normalized_by_max_fraction,True,correct,true_positive,high,high,binary
cicids2017_binary,44,1,ATTACK,rid_a61766c41ad71fbb37dc33d6bd0e0302,mlp,gradient_x_input,insertion,target_class_median,False,True,False,True,1,ATTACK,predicted_class_of_audited_model,1.0,0.999708915449446,-0.2192202500998974,-0.43574877470190426,0.2165285246020069,0.026374093973316037,0.16483530041430747,-0.39905878341679824,0.17983853331690086,0.3233494758605957,0.29101424376480284,0.03233523526228964,5,trapezoid_from_zero_normalized_by_max_fraction,True,correct,true_positive,high,high,binary
cicids2017_binary,44,1,ATTACK,rid_f7112281a5a3040a01ee53fe375feeb9,mlp,gradient_x_input,insertion,target_class_median,False,True,False,True,1,ATTACK,predicted_class_of_audited_model,1.0,0.999708915449446,-0.2084780845907517,-0.433941011495658,0.22546292690490632,0.025297648928109713,0.17587953500581127,-0.3522160878348596,0.14373800324410788,0.30741778016090393,0.2671820105528459,0.040235780783928934,5,trapezoid_from_zero_normalized_by_max_fraction,True,correct,true_positive,high,high,binary
cicids2017_binary,44,1,ATTACK,rid_13a3f5ac56ebe1a52e48bb843238a066,mlp,gradient_x_input,insertion,target_class_median,False,True,False,True,1,ATTACK,predicted_class_of_audited_model,1.0,0.999708915449446,-0.21541365683078767,-0.4508251663801258,0.23541150954933815,0.024795257900611302,0.18681280406414,-0.40131998153503445,0.1859063247042468,0.2788107395172119,0.26799708071909845,0.010813647529110305,5,trapezoid_from_zero_normalized_by_max_fraction,True,correct,true_positive,high,high,binary
cicids2017_binary,44,1,ATTACK,rid_0a4d9b60412fae19c4de819e99365911,mlp,gradient_x_input,insertion,target_class_median,False,True,False,True,1,ATTACK,predicted_class_of_audited_model,1.0,0.999708915449446,-0.23817275284091013,-0.25435572622366676,0.01618297338275662,0.025353618731352973,-0.033510119330695205,-0.2970387192139927,0.05886596637308261,0.3048420548439026,0.31663701647054404,-0.011794951382093119,5,trapezoid_from_zero_normalized_by_max_fraction,True,correct,true_positive,high,high,binary
cicids2017_binary,44,1,ATTACK,rid_c719fd9e42b5616c5fa087359e8b2df3,mlp,gradient_x_input,insertion,target_class_median,False,True,False,True,1,ATTACK,predicted_class_of_audited_model,1.0,0.999708915449446,-0.19740871451795103,-0.30230150189726185,0.1048927873793108,0.026370082826901797,0.053207425038583285,-0.27163976302584747,0.07423104850789647,0.4118940830230713,0.3296536713093519,0.08224041283130645,5,trapezoid_from_zero_normalized_by_max_fraction,True,correct,true_positive,high,high,binary
cicids2017_binary,44,1,ATTACK,rid_ae610b230d533d754b37fb1431e6c44f,mlp,gradient_x_input,insertion,target_class_median,False,True,False,True,1,ATTACK,predicted_class_of_audited_model,1.0,0.999708915449446,-0.2830931171774864,-0.4290695111839191,0.14597639400643267,0.026327582461188007,0.09437433238250417,-0.40722712473694267,0.12413400755945626,0.39640867710113525,0.43122035007923837,-0.03481165993958711,5,trapezoid_from_zero_normalized_by_max_fraction,True,correct,true_positive,high,high,binary
cicids2017_binary,44,1,ATTACK,rid_5276158cceb8b8c07dfdb41890e79e30,mlp,gradient_x_input,insertion,target_class_median,False,True,False,True,1,ATTACK,predicted_class_of_audited_model,1.0,0.999708915449446,-0.42992813438177113,-0.5089393715780909,0.07901123719631976,0.022903417138548567,0.03412053960476457,-0.40178342575761194,-0.02814470862415907,0.29043281078338623,0.31304339988715946,-0.02261058128066361,5,trapezoid_from_zero_normalized_by_max_fraction,True,correct,true_positive,high,high,binary
cicids2017_binary,44,1,ATTACK,rid_ad702444e771164796373bc7735b5f5e,mlp,gradient_x_input,insertion,target_class_median,False,True,False,True,1,ATTACK,predicted_class_of_audited_model,1.0,0.999708915449446,-0.2233046722598374,-0.3066585886061123,0.08335391634627486,0.02667001113179797,0.031080694527950835,-0.2999186949047742,0.07661402264493672,0.30831021070480347,0.3482953707110137,-0.039985134674236186,5,trapezoid_from_zero_normalized_by_max_fraction,True,correct,true_positive,high,high,binary
cicids2017_binary,44,1,ATTACK,rid_37e1733da0b4e334956a54967482805e,mlp,gradient_x_input,insertion,target_class_median,False,True,False,True,1,ATTACK,predicted_class_of_audited_model,1.0,0.999708915449446,-0.2463488506153226,-0.46344967793964964,0.21710082732432706,0.024416794846194648,0.16924390942578554,-0.36307664135756507,0.11672779074224243,0.25376930832862854,0.26077451789192857,-0.007005197642371055,5,trapezoid_from_zero_normalized_by_max_fraction,True,correct,true_positive,high,high,binary
cicids2017_binary,44,1,ATTACK,rid_1831bd15f1919f5ab9d6eed6b8347fea,mlp,gradient_x_input,insertion,target_class_median,False,True,False,True,1,ATTACK,predicted_class_of_audited_model,1.0,0.999708915449446,-0.2427620179951191,-0.3002536355315828,0.057491617536463695,0.02682932094532826,0.004906148483620303,-0.32061307833989006,0.07785106034477096,0.3066938817501068,0.3161892036329955,-0.009495326539501546,5,trapezoid_from_zero_normalized_by_max_fraction,True,correct,true_positive,high,high,binary
cicids2017_binary,44,1,ATTACK,rid_777cf2496182acd8bf8091580fb25e8c,mlp,gradient_x_input,insertion,target_class_median,False,True,False,True,1,ATTACK,predicted_class_of_audited_model,1.0,0.999708915449446,-0.2319549037492834,-0.3153648541138524,0.08340995036456905,0.026505980717802483,0.03145822815767619,-0.3187462083832163,0.08679130463393292,0.30726876854896545,0.3293951325882226,-0.022126382479444148,5,trapezoid_from_zero_normalized_by_max_fraction,True,correct,true_positive,high,high,binary
cicids2017_binary,44,1,ATTACK,rid_f69f9ff54e012c177369c9ed41b9091d,mlp,gradient_x_input,insertion,target_class_median,False,True,False,True,1,ATTACK,predicted_class_of_audited_model,1.0,0.999708915449446,-0.37131724280770867,-0.5435481720418521,0.1722309292341435,0.02399253972446833,0.12520555137418557,-0.5263659096540767,0.155048666846368,0.3228752911090851,0.3127866022884846,0.010088678948581212,5,trapezoid_from_zero_normalized_by_max_fraction,True,correct,true_positive,high,high,binary
cicids2017_binary,44,1,ATTACK,rid_43110cf12142e0165f55d3ba3204ab46,mlp,gradient_x_input,insertion,target_class_median,False,True,False,True,1,ATTACK,predicted_class_of_audited_model,1.0,0.999708915449446,-0.3490177363157272,-0.471994981832104,0.12297724551637677,0.02490336268376821,0.07416665465619107,-0.3974502592070391,0.048432522891311836,0.281329870223999,0.2636541947051883,0.01767567440122366,5,trapezoid_from_zero_normalized_by_max_fraction,True,correct,true_positive,high,high,binary
cicids2017_binary,44,1,ATTACK,rid_90ef4c4cf1dfbf22bf16f9e50aa838c5,mlp,gradient_x_input,insertion,target_class_median,False,True,False,True,1,ATTACK,predicted_class_of_audited_model,1.0,0.999708915449446,-0.34853977672755715,-0.4813740704826805,0.1328342937551233,0.024427872979436775,0.0849556627154272,-0.35755264523345154,0.009012868505894375,0.3001846671104431,0.27967738202027975,0.020507276801392447,5,trapezoid_from_zero_normalized_by_max_fraction,True,correct,true_positive,high,high,binary
cicids2017_binary,44,1,ATTACK,rid_7848ac85a3f1e5bc3b075617375c1861,mlp,gradient_x_input,insertion,target_class_median,False,True,False,True,1,ATTACK,predicted_class_of_audited_model,1.0,0.999708915449446,-0.24383897781372071,-0.41690837083353616,0.17306939301981542,0.025924629026427122,0.12225712012801826,-0.3098486299496449,0.06600965213592418,0.309645414352417,0.29026113188266756,0.019384276043623694,5,trapezoid_from_zero_normalized_by_max_fraction,True,correct,true_positive,high,high,binary
cicids2017_binary,44,1,ATTACK,rid_987d1038a26bfd78fc4c03575533bd1a,mlp,gradient_x_input,insertion,target_class_median,False,True,False,True,1,ATTACK,predicted_class_of_audited_model,1.0,0.999708915449446,-0.20597764076665043,-0.3104049839562123,0.10442734318956189,0.026582272689961946,0.05232608871723647,-0.33094673737820834,0.12496909661155792,0.27450916171073914,0.30322744984365996,-0.028718291671946634,5,trapezoid_from_zero_normalized_by_max_fraction,True,correct,true_positive,high,high,binary
cicids2017_binary,44,1,ATTACK,rid_4783393947255d07408469b443d08b1d,mlp,gradient_x_input,insertion,target_class_median,False,True,False,True,1,ATTACK,predicted_class_of_audited_model,1.0,0.999708915449446,-0.2078028865158558,-0.35806404630718297,0.15026115979132718,0.02840703177336301,0.09458337751553568,-0.3331235468898674,0.1253206603740116,0.31285905838012695,0.3845163092724979,-0.07165724511817098,5,trapezoid_from_zero_normalized_by_max_fraction,True,correct,true_positive,high,high,binary
cicids2017_binary,44,1,ATTACK,rid_b2d3db3d744007cebd4afbfeb8d55033,mlp,gradient_x_input,insertion,target_class_median,False,True,False,True,1,ATTACK,predicted_class_of_audited_model,1.0,0.999708915449446,-0.22294445000588894,-0.4808495827894967,0.2579051327836077,0.02566326502395295,0.20760513333665995,-0.37866608213868425,0.15572163213279527,0.29916611313819885,0.2729271706882864,0.026238947479054343,5,trapezoid_from_zero_normalized_by_max_fraction,True,correct,true_positive,high,high,binary
cicids2017_binary,44,1,ATTACK,rid_8503c09d2f2508c1cf6dbefca4013f33,mlp,gradient_x_input,insertion,target_class_median,False,True,False,True,1,ATTACK,predicted_class_of_audited_model,1.0,0.999708915449446,-0.1990664016455412,-0.3630141587108163,0.16394775706527515,0.02673722638888186,0.1115427933430667,-0.3169267126128702,0.11786031096732903,0.36107495427131653,0.30585844548791646,0.05521649779379367,5,trapezoid_from_zero_normalized_by_max_fraction,True,correct,true_positive,high,high,binary
cicids2017_binary,44,1,ATTACK,rid_9a1dfc13c9095d4e24cf27e020add00a,mlp,gradient_x_input,insertion,target_class_median,False,True,False,True,1,ATTACK,predicted_class_of_audited_model,1.0,0.999708915449446,-0.21873711943626406,-0.49730472518242963,0.2785676057461657,0.023890305220669504,0.23174260751365344,-0.3842581078205589,0.16552098838429485,0.2803249657154083,0.2827598083242774,-0.0024348549954593137,5,trapezoid_from_zero_normalized_by_max_fraction,True,correct,true_positive,high,high,binary
cicids2017_binary,44,1,ATTACK,rid_54374ac797d180953ca18376875c506b,mlp,gradient_x_input,insertion,target_class_median,False,True,False,True,1,ATTACK,predicted_class_of_audited_model,1.0,0.999708915449446,-0.2779228787869215,-0.49258602380913113,0.21466314502220965,0.024878494765707835,0.16590129528142228,-0.40147227176334016,0.12354939297641868,0.28918081521987915,0.25817753732949494,0.031003278542310005,5,trapezoid_from_zero_normalized_by_max_fraction,True,correct,true_positive,high,high,binary
cicids2017_binary,44,1,ATTACK,rid_f6d13a89f927e1c9575a903c18b278bf,mlp,gradient_x_input,insertion,target_class_median,False,True,False,True,1,ATTACK,predicted_class_of_audited_model,1.0,0.999708915449446,-0.40624215006828307,-0.4506046751658712,0.044362525097588125,0.025010843612011033,-0.0046587283819534975,-0.36774085699298853,-0.03850129307529458,0.3415742814540863,0.3108332150764764,0.030741057995706794,5,trapezoid_from_zero_normalized_by_max_fraction,True,correct,true_positive,high,high,binary
cicids2017_binary,44,1,ATTACK,rid_271f5eaf1f55b6b4cd2576d103f201af,mlp,gradient_x_input,insertion,target_class_median,False,True,False,True,1,ATTACK,predicted_class_of_audited_model,1.0,0.999708915449446,-0.41213698536157606,-0.4986238219590542,0.08648683659747806,0.025510569872728196,0.036486119646930805,-0.39057219440345015,-0.02156479095812598,0.2885051965713501,0.281112306474708,0.0073928845087066295,5,trapezoid_from_zero_normalized_by_max_fraction,True,correct,true_positive,high,high,binary
cicids2017_binary,44,1,ATTACK,rid_ac72d8d829136783490360745a697670,mlp,gradient_x_input,insertion,target_class_median,False,True,False,True,1,ATTACK,predicted_class_of_audited_model,1.0,0.999708915449446,-0.2568370528519154,-0.45804298711767366,0.20120593426575828,0.02416967049060083,0.15383338010418066,-0.31208576715277236,0.05524871430085698,0.28489184379577637,0.27489760716259476,0.009994232814759014,5,trapezoid_from_zero_normalized_by_max_fraction,True,correct,true_positive,high,high,binary
cicids2017_binary,44,1,ATTACK,rid_7201ad39c25f893d5a1d8f0f30c72c91,mlp,gradient_x_input,insertion,target_class_median,False,True,False,True,1,ATTACK,predicted_class_of_audited_model,1.0,0.999708915449446,-0.22812424381263557,-0.29907292341239733,0.07094867959976174,0.026414341596843208,0.019176570069949057,-0.26407274584033824,0.03594850202770275,0.32944709062576294,0.34025388833135367,-0.010806796774268152,5,trapezoid_from_zero_normalized_by_max_fraction,True,correct,true_positive,high,high,binary
cicids2017_binary,44,1,ATTACK,rid_9a556938a8fd50a49e94ff12fa973a50,mlp,gradient_x_input,insertion,target_class_median,False,True,False,True,1,ATTACK,predicted_class_of_audited_model,1.0,0.999708915449446,-0.21682922298787163,-0.3328381131724466,0.11600889018457504,0.025827258420520836,0.0653874636803542,-0.29281993250689037,0.07599070951901876,0.3083728849887848,0.29025831616856157,0.018114570776000618,5,trapezoid_from_zero_normalized_by_max_fraction,True,correct,true_positive,high,high,binary
cicids2017_binary,44,1,ATTACK,rid_3f9dd7ce0175ec6cbfbf0a5621f0618b,mlp,gradient_x_input,insertion,target_class_median,False,True,False,True,1,ATTACK,predicted_class_of_audited_model,1.0,0.999708915449446,-0.24909896757453678,-0.4719837593916506,0.2228847918171138,0.02530151793760357,0.1732938166594108,-0.36664089858775967,0.11754193101322284,0.3037077486515045,0.3008198150284588,0.0028879257068038164,5,trapezoid_from_zero_normalized_by_max_fraction,True,correct,true_positive,high,high,binary
cicids2017_binary,44,1,ATTACK,rid_13063ca7d9ba3c1aec30d981ac793763,mlp,gradient_x_input,insertion,target_class_median,False,True,False,True,1,ATTACK,predicted_class_of_audited_model,1.0,0.999708915449446,-0.4466563580092042,-0.3646420137610831,-0.08201434424812121,0.02695000425453956,-0.13483635258701873,-0.3366530527094957,-0.11000330529970855,0.29833105206489563,0.29422712648287414,0.004103917945176361,5,trapezoid_from_zero_normalized_by_max_fraction,True,correct,true_positive,high,high,binary
cicids2017_binary,44,1,ATTACK,rid_4f1d1cd8fe2a70fab2eee5f3b1973a8d,mlp,gradient_x_input,insertion,target_class_median,False,True,False,True,1,ATTACK,predicted_class_of_audited_model,1.0,0.999708915449446,-0.3237121418118477,-0.5166576260492763,0.19294548423742872,0.025101311879425634,0.14374691295375447,-0.4117588270340198,0.08804668522217204,0.28968584537506104,0.2727115342798642,0.016974308766890323,5,trapezoid_from_zero_normalized_by_max_fraction,True,correct,true_positive,high,high,binary
cicids2017_binary,44,1,ATTACK,rid_0a7ca405ba18cb34f4b54cf069eadbd0,mlp,gradient_x_input,insertion,target_class_median,False,True,False,True,1,ATTACK,predicted_class_of_audited_model,1.0,0.999708915449446,-0.2700573667883873,-0.4957469219801379,0.2256895551917506,0.024038340144850522,0.17857440850784356,-0.3909124700863528,0.12085510329796555,0.3047386705875397,0.28748177334619684,0.01725687889428808,5,trapezoid_from_zero_normalized_by_max_fraction,True,correct,true_positive,high,high,binary
cicids2017_binary,44,1,ATTACK,rid_3d20e00a27ceb6f28e08c568cef55ab6,mlp,gradient_x_input,insertion,target_class_median,False,True,False,True,1,ATTACK,predicted_class_of_audited_model,1.0,0.999708915449446,-0.34929243456572295,-0.4775349046095722,0.12824247004384928,0.024660622351985923,0.07990765023395688,-0.4097535602046094,0.060461125638886414,0.30017170310020447,0.2718119122758508,0.028359779555350528,5,trapezoid_from_zero_normalized_by_max_fraction,True,correct,true_positive,high,high,binary
cicids2017_binary,44,1,ATTACK,rid_1ca8084d3b720be428ed05066f4da741,mlp,gradient_x_input,insertion,target_class_median,False,True,False,True,1,ATTACK,predicted_class_of_audited_model,1.0,0.999708915449446,-0.21723552085459233,-0.4612888154844104,0.24405329462981812,0.02528085225669589,0.19450282420669418,-0.3644413483225807,0.14720582746798838,0.26505565643310547,0.26087031323928384,0.004185340865515183,5,trapezoid_from_zero_normalized_by_max_fraction,True,correct,true_positive,high,high,binary
cicids2017_binary,44,1,ATTACK,rid_ce43f2331fd2088285d30c8006a84bb4,mlp,gradient_x_input,insertion,target_class_median,False,True,False,True,1,ATTACK,predicted_class_of_audited_model,1.0,0.999708915449446,-0.19558257330209017,-0.3149152802391477,0.11933270693705758,0.026883007093131895,0.06664201303451907,-0.2739791059499802,0.07839653264789004,0.3215516209602356,0.3132933640806005,0.008258248870261001,5,trapezoid_from_zero_normalized_by_max_fraction,True,correct,true_positive,high,high,binary
cicids2017_binary,44,1,ATTACK,rid_76d1b84663ab134067f23629749c5039,mlp,gradient_x_input,insertion,target_class_median,False,True,False,True,1,ATTACK,predicted_class_of_audited_model,1.0,0.999708915449446,-0.24112716764211656,-0.47546971091952417,0.23434254327740764,0.025152597266705292,0.18504345263466526,-0.37753097623236553,0.13640380859024898,0.31482356786727905,0.31274567169696094,0.002077916193753479,5,trapezoid_from_zero_normalized_by_max_fraction,True,correct,true_positive,high,high,binary
cicids2017_binary,44,1,ATTACK,rid_777c6b9d2883c65adc5f3ed47c43e213,mlp,gradient_x_input,insertion,target_class_median,False,True,False,True,1,ATTACK,predicted_class_of_audited_model,1.0,0.999708915449446,-0.20926142111420631,-0.33264515115327564,0.12338373003906931,0.027560730247628125,0.06936469875371819,-0.30511219975980053,0.09585077864559426,0.3092699646949768,0.2990735896923579,0.010196345386560996,5,trapezoid_from_zero_normalized_by_max_fraction,True,correct,true_positive,high,high,binary
cicids2017_binary,44,1,ATTACK,rid_581803eafc69d88a829fe8316a395586,mlp,gradient_x_input,insertion,target_class_median,False,True,False,True,1,ATTACK,predicted_class_of_audited_model,1.0,0.999708915449446,-0.209016439714469,-0.4218686271232036,0.2128521874087346,0.025499633705043004,0.1628729053468503,-0.31442336362752826,0.10540692391305925,0.31035155057907104,0.2681649380512535,0.042186648663133375,5,trapezoid_from_zero_normalized_by_max_fraction,True,correct,true_positive,high,high,binary
cicids2017_binary,44,1,ATTACK,rid_495f976705b505b2dd0a1b4140f345b0,mlp,gradient_x_input,insertion,target_class_median,False,True,False,True,1,ATTACK,predicted_class_of_audited_model,1.0,0.999708915449446,-0.2669997334480286,-0.46363578386438414,0.1966360504163556,0.024407350750980446,0.14879764294443393,-0.3866538003913115,0.11965406694328293,0.29577186703681946,0.28351432313770053,0.012257539987564093,5,trapezoid_from_zero_normalized_by_max_fraction,True,correct,true_positive,high,high,binary
cicids2017_binary,44,1,ATTACK,rid_3cf0b2001eb8b738d2688b1bb5befc40,mlp,gradient_x_input,insertion,target_class_median,False,True,False,True,1,ATTACK,predicted_class_of_audited_model,1.0,0.999708915449446,-0.22580726547166707,-0.49247662942340953,0.26666936395174246,0.025113652745717956,0.21744660457013526,-0.3121972388799038,0.0863899734082367,0.49237775802612305,0.47719776216894394,0.015179998837411413,5,trapezoid_from_zero_normalized_by_max_fraction,True,correct,true_positive,high,high,binary
cicids2017_binary,44,1,ATTACK,rid_1bb8183286a68ae582d4c05f981f2689,mlp,gradient_x_input,insertion,target_class_median,False,True,False,True,1,ATTACK,predicted_class_of_audited_model,1.0,0.999708915449446,-0.2222558379522525,-0.27741578556116653,0.05515994760891402,0.026366698186164,0.00348121916403258,-0.31361889718959585,0.0913630592373434,0.33034929633140564,0.33682506503816695,-0.006475782304070907,5,trapezoid_from_zero_normalized_by_max_fraction,True,correct,true_positive,high,high,binary
cicids2017_binary,44,1,ATTACK,rid_0a4e4b93d9ecbbf6551faeb947919700,mlp,gradient_x_input,insertion,target_class_median,False,True,False,True,1,ATTACK,predicted_class_of_audited_model,1.0,0.999708915449446,-0.21673979787155986,-0.28860569211525855,0.07186589424369863,0.025621761235436816,0.02164724222224247,-0.278747693120144,0.06200789524858416,0.29426756501197815,0.3248309833090752,-0.0305634158756584,5,trapezoid_from_zero_normalized_by_max_fraction,True,correct,true_positive,high,high,binary
cicids2017_binary,44,1,ATTACK,rid_4242be55bec945cc4b8ee52c6dc91f26,mlp,gradient_x_input,insertion,target_class_median,False,True,False,True,1,ATTACK,predicted_class_of_audited_model,1.0,0.999708915449446,-0.2637520760297775,-0.4752339589018538,0.2114818828720763,0.02487145059758806,0.1627338397008037,-0.4363806346513897,0.17262855862161217,0.26810508966445923,0.25857585879787803,0.009529217828065161,5,trapezoid_from_zero_normalized_by_max_fraction,True,correct,true_positive,high,high,binary
cicids2017_binary,44,1,ATTACK,rid_423b266be403f577b814394f80cfe7ab,mlp,gradient_x_input,insertion,target_class_median,False,True,False,True,1,ATTACK,predicted_class_of_audited_model,1.0,0.999708915449446,-0.2090899296104908,-0.40130531756602383,0.19221538795553303,0.027039357851796883,0.13921824656601114,-0.265758446040494,0.05666851643000316,0.2718040347099304,0.2585391704943031,0.013264878185465939,5,trapezoid_from_zero_normalized_by_max_fraction,True,correct,true_positive,high,high,binary
cicids2017_binary,44,1,ATTACK,rid_93bf6f019213985a537c8b7bb50eec43,mlp,gradient_x_input,insertion,target_class_median,False,True,False,True,1,ATTACK,predicted_class_of_audited_model,1.0,0.999708915449446,-0.390215140581131,-0.5284338979248511,0.13821875734372008,0.01985621694507719,0.09930057213136878,-0.3395671051230922,-0.050648035458038816,0.28549522161483765,0.2757654074737802,0.009729830904863766,5,trapezoid_from_zero_normalized_by_max_fraction,True,correct,true_positive,high,high,binary
cicids2017_binary,44,1,ATTACK,rid_a212b33dd6267817144c9062084d04ab,mlp,gradient_x_input,insertion,target_class_median,False,True,False,True,1,ATTACK,predicted_class_of_audited_model,1.0,0.999708915449446,-0.23515412909910083,-0.47555840054468146,0.24040427144558063,0.025163806924228288,0.1910832098740932,-0.367814242378957,0.13266011327985616,0.3229967951774597,0.3437682237662375,-0.02077142244204879,5,trapezoid_from_zero_normalized_by_max_fraction,True,correct,true_positive,high,high,binary
cicids2017_binary,44,1,ATTACK,rid_004a23f3ebc07dc2aee7fb72759b857a,mlp,gradient_x_input,insertion,target_class_median,False,True,False,True,1,ATTACK,predicted_class_of_audited_model,1.0,0.999708915449446,-0.3131381856277585,-0.41344916360415573,0.10031097797639722,0.026490404823710262,0.04838978452192511,-0.422474193904354,0.1093360082765955,0.280769020318985,0.2937515437025577,-0.012982536142691964,5,trapezoid_from_zero_normalized_by_max_fraction,True,correct,true_positive,high,high,binary
cicids2017_binary,44,1,ATTACK,rid_c7926dfdb434dea84a65dd21df6b96cb,mlp,gradient_x_input,insertion,target_class_median,False,True,False,True,1,ATTACK,predicted_class_of_audited_model,1.0,0.999708915449446,-0.033673614263534546,-0.3462097200675983,0.31253610580406377,0.027926046439427813,0.25780105478278525,-0.34607646193072394,0.31240284766718945,0.41475778818130493,0.40350690507423137,0.011250873188488174,5,trapezoid_from_zero_normalized_by_max_fraction,True,correct,true_positive,high,high,binary
cicids2017_binary,44,1,ATTACK,rid_59853e98f2ff009054c851cd28f3226c,mlp,gradient_x_input,insertion,target_class_median,False,True,False,True,1,ATTACK,predicted_class_of_audited_model,1.0,0.999708915449446,-0.20560587814543396,-0.34581146259861084,0.14020558445317685,0.027374095339261023,0.08655235758822524,-0.3173249946418787,0.11171911649644471,0.2692135274410248,0.3005380913168192,-0.031324568532407296,5,trapezoid_from_zero_normalized_by_max_fraction,True,correct,true_positive,high,high,binary
cicids2017_binary,44,1,ATTACK,rid_42e84a6b7b3576d0c1d1071d48dc0206,mlp,gradient_x_input,insertion,target_class_median,False,True,False,True,1,ATTACK,predicted_class_of_audited_model,1.0,0.999708915449446,-0.21132327504456044,-0.30458229446403884,0.0932590194194784,0.027316139243845166,0.03971938650154187,-0.36193352200666684,0.15061024696210634,0.3301318287849426,0.40329542859317735,-0.07316359440656381,5,trapezoid_from_zero_normalized_by_max_fraction,True,correct,true_positive,high,high,binary
cicids2017_binary,44,1,ATTACK,rid_60d496f42eced98f5f4f23d5ced4ce99,mlp,gradient_x_input,insertion,target_class_median,False,True,False,True,1,ATTACK,predicted_class_of_audited_model,1.0,0.999708915449446,-0.21063661281950774,-0.3895176603931356,0.17888104757362794,0.02768377873721787,0.12462084124868092,-0.30322622333126525,0.09258961051175754,0.27794715762138367,0.3113053390327841,-0.03335816818661988,5,trapezoid_from_zero_normalized_by_max_fraction,True,correct,true_positive,high,high,binary
cicids2017_binary,44,1,ATTACK,rid_e719d14c1e0ca55e1165aae50ea9bdb1,mlp,gradient_x_input,insertion,target_class_median,False,True,False,True,1,ATTACK,predicted_class_of_audited_model,1.0,0.999708915449446,-0.21333611377049239,-0.33105688007441253,0.11772076630392017,0.025892234451879298,0.06697198677823675,-0.3329791681744287,0.11964305440393633,0.28604093194007874,0.3202531604701653,-0.03421223914716392,5,trapezoid_from_zero_normalized_by_max_fraction,True,correct,true_positive,high,high,binary
cicids2017_binary,44,1,ATTACK,rid_abbbbfac8c94b2fd61b0a58e793cfe66,mlp,gradient_x_input,insertion,target_class_median,False,True,False,True,1,ATTACK,predicted_class_of_audited_model,1.0,0.999708915449446,-0.09063270688056947,-0.48264659425455425,0.3920138873739848,0.024160368864995067,0.34465956439859446,-0.3260969256303605,0.23546421874979107,0.3506585955619812,0.3191499845748767,0.03150863091740756,5,trapezoid_from_zero_normalized_by_max_fraction,True,correct,true_positive,high,high,binary
cicids2017_binary,44,1,ATTACK,rid_3c4bd1f0be24e84c015f7927f633b3fb,mlp,gradient_x_input,insertion,target_class_median,False,True,False,True,1,ATTACK,predicted_class_of_audited_model,1.0,0.999708915449446,-0.195768784545362,-0.37813699538500345,0.1823682108396415,0.025549616302243693,0.13229096288724385,-0.28581600887411784,0.09004722432875584,0.3383144438266754,0.2968427631435916,0.041471672301180665,5,trapezoid_from_zero_normalized_by_max_fraction,True,correct,true_positive,high,high,binary
cicids2017_binary,44,1,ATTACK,rid_96444d266244de739626144829e8598c,mlp,gradient_x_input,insertion,target_class_median,False,True,False,True,1,ATTACK,predicted_class_of_audited_model,1.0,0.999708915449446,-0.2218295289669186,-0.3537035115491387,0.13187398258222013,0.026857229361447844,0.07923381303378235,-0.28967222430371187,0.06784269533679319,0.3072904944419861,0.3261812160611152,-0.01889072012901305,5,trapezoid_from_zero_normalized_by_max_fraction,True,correct,true_positive,high,high,binary
cicids2017_binary,44,1,ATTACK,rid_93cea7ecd31471bf8b4fac680e45c713,mlp,gradient_x_input,insertion,target_class_median,False,True,False,True,1,ATTACK,predicted_class_of_audited_model,1.0,0.999708915449446,-0.002593386173248291,-0.3912671485021142,0.38867376232886586,0.027169209180650827,0.33542211233479025,-0.32922862411262777,0.3266352379393795,0.45175331830978394,0.3488712347485125,0.10288207732141016,5,trapezoid_from_zero_normalized_by_max_fraction,True,correct,true_positive,high,high,binary
cicids2017_binary,44,1,ATTACK,rid_11971abe7bec4f62e9f6aab01b57b9a8,mlp,gradient_x_input,insertion,target_class_median,False,True,False,True,1,ATTACK,predicted_class_of_audited_model,1.0,0.999708915449446,-0.006851220130920411,-0.43782934327184064,0.4309781231409202,0.025700325032036214,0.3806054860781292,-0.3319819720737669,0.3251307519428465,0.37497854232788086,0.3191316795069724,0.055846880096942185,5,trapezoid_from_zero_normalized_by_max_fraction,True,correct,true_positive,high,high,binary
cicids2017_binary,44,1,ATTACK,rid_d2da62d7bcf6df46058510d7e45683e3,mlp,gradient_x_input,insertion,target_class_median,False,False,True,False,0,BENIGN,predicted_class_of_audited_model,0.9999999996765452,0.0002910842270989,7.518821634189266e-08,-0.0008050459140430513,0.0008051211022593932,0.0002826291120252339,0.0002511680426899349,-0.0009683403184188705,0.0009684155066352123,2.510129928588867,1.880314516067505,0.6298154363632202,5,trapezoid_from_zero_normalized_by_max_fraction,False,error,false_negative,medium,medium,binary
cicids2017_binary,44,1,ATTACK,rid_aec81a8a173f33fba8e15b7c374c69a7,mlp,gradient_x_input,insertion,target_class_median,False,True,False,True,1,ATTACK,predicted_class_of_audited_model,1.0,0.999708915449446,-0.24307759404182436,-0.453484691592969,0.21040709755114462,0.023786116677442015,0.16378630886335827,-0.4756778873186943,0.2326002932768699,0.28002601861953735,0.2659475894160569,0.014078443918377148,5,trapezoid_from_zero_normalized_by_max_fraction,True,correct,true_positive,high,high,binary
cicids2017_binary,44,1,ATTACK,rid_cdc079f0a9aed0332a9ae43e967289af,mlp,gradient_x_input,insertion,target_class_median,False,True,False,True,1,ATTACK,predicted_class_of_audited_model,1.0,0.999708915449446,-0.20611759484745565,-0.3065061139160552,0.10038851906859955,0.026843949014358867,0.047774379000456176,-0.3108679242961502,0.1047503294486946,0.26835280656814575,0.28975419749319553,-0.021401384778320782,5,trapezoid_from_zero_normalized_by_max_fraction,True,correct,true_positive,high,high,binary
cicids2017_binary,44,1,ATTACK,rid_aad8d892e5756b67ae086003f360206b,mlp,gradient_x_input,insertion,target_class_median,False,True,False,True,1,ATTACK,predicted_class_of_audited_model,1.0,0.999708915449446,-0.21299164388328792,-0.34173508956241094,0.12874344567912305,0.027196256118204018,0.07543878368744317,-0.3096883370945162,0.0966966932112283,0.3166173994541168,0.33445238130306826,-0.01783498315280304,5,trapezoid_from_zero_normalized_by_max_fraction,True,correct,true_positive,high,high,binary
cicids2017_binary,44,1,ATTACK,rid_0480159ad3499e28680daa61b3671f8f,mlp,gradient_x_input,insertion,target_class_median,False,True,False,True,1,ATTACK,predicted_class_of_audited_model,1.0,0.999708915449446,-0.22650236446061173,-0.3561668039800372,0.12966443951942544,0.027396043437824737,0.07596819438128896,-0.3070084751387122,0.08050611067810051,0.3186629116535187,0.3393992073610425,-0.020736299805343153,5,trapezoid_from_zero_normalized_by_max_fraction,True,correct,true_positive,high,high,binary
cicids2017_binary,44,0,BENIGN,rid_ac07defc64f8cdd2029fef48742f7eff,mlp,gradient_x_input,insertion,target_class_median,False,True,False,True,0,BENIGN,predicted_class_of_audited_model,0.9999764002768644,0.0002674848274181,-9.249194852145594e-06,-2.680025519424589e-06,-6.569169332721003e-06,2.527393787606882e-07,-7.064538515091951e-06,-2.6145956334175937e-06,-6.634599218727999e-06,0.1188490018248558,0.03295511687919498,0.08589388271048666,5,trapezoid_from_zero_normalized_by_max_fraction,True,correct,true_negative,medium,low,binary
cicids2017_binary,44,0,BENIGN,rid_90b42cdfed9f8c21f3683ee2a83fd2ab,mlp,gradient_x_input,insertion,target_class_median,False,False,True,True,1,ATTACK,predicted_class_of_audited_model,0.0007975472253747,0.0005064626748208,-0.9453585702693089,-0.7333029120444318,-0.21205565822487715,0.02352511795112751,-0.25816488940908705,-0.5060122067176563,-0.43934636355165263,1.447709321975708,0.508017906948924,0.939691540196538,5,trapezoid_from_zero_normalized_by_max_fraction,False,error,false_positive,low,medium,binary
cicids2017_binary,44,0,BENIGN,rid_0feb843b9f31d864c0888d6f42a42751,mlp,gradient_x_input,insertion,target_class_median,False,True,False,True,0,BENIGN,predicted_class_of_audited_model,0.9999968027382238,0.0002878872887776,-3.3982438935709068e-06,-1.0053257797828507e-06,-2.3929181137880557e-06,1.0194079779490034e-07,-2.5927220774660605e-06,-6.058382311131539e-07,-2.792405662457753e-06,0.12442058324813843,0.042891728974878786,0.08152885203808546,5,trapezoid_from_zero_normalized_by_max_fraction,True,correct,true_negative,medium,low,binary
cicids2017_binary,44,0,BENIGN,rid_aadfb7084058e1fdc7e00e0f41aa7a3b,mlp,gradient_x_input,insertion,target_class_median,False,True,False,True,0,BENIGN,predicted_class_of_audited_model,1.0,0.0002910845505539,2.3477949750994043e-07,-0.0005063203461717448,0.0005065551256692546,0.0002603334212217676,-3.6983799254098216e-06,-0.000429561337465211,0.00042979611696272095,2.8326544761657715,2.6632768163681027,0.16937761211395266,5,trapezoid_from_zero_normalized_by_max_fraction,True,correct,true_negative,high,medium,binary
cicids2017_binary,44,0,BENIGN,rid_020c92399bfb8e0b19f2391db848aca1,mlp,gradient_x_input,insertion,target_class_median,False,False,True,True,1,ATTACK,predicted_class_of_audited_model,0.00031739557744,2.6311026886100008e-05,-0.9463086409950847,-0.8940754279181964,-0.0522332130768883,0.007710211060572517,-0.06734522675561043,-0.5878618698641221,-0.35844677113096257,1.0992295742034912,0.8972823280096055,0.20194721043109892,5,trapezoid_from_zero_normalized_by_max_fraction,False,error,false_positive,low,low,binary
cicids2017_binary,44,0,BENIGN,rid_0900ed4575dc0871f8a642d8a96d2cf6,mlp,gradient_x_input,insertion,target_class_median,False,False,True,True,1,ATTACK,predicted_class_of_audited_model,0.000861883861944,0.0005707993113901,-0.9459623720846138,-0.8627800991849142,-0.0831822728996997,0.011168727336336084,-0.10507297847891843,-0.5890797204948941,-0.3568826515897197,1.1851022243499756,0.8358505582809448,0.34925152301788326,5,trapezoid_from_zero_normalized_by_max_fraction,False,error,false_positive,low,medium,binary
cicids2017_binary,44,0,BENIGN,rid_bab104fd9cce7fb141896e7fd8ce564b,mlp,gradient_x_input,insertion,target_class_median,False,True,False,True,0,BENIGN,predicted_class_of_audited_model,0.9999691899283788,0.0002602744789328,-1.321365556350429e-05,-6.019248031037705e-06,-7.194407532466585e-06,4.435731364351843e-07,-8.063810879879546e-06,-2.99299008538867e-06,-1.022066547811562e-05,0.11735807359218597,0.09480418812856078,0.02255388695374131,5,trapezoid_from_zero_normalized_by_max_fraction,True,correct,true_negative,medium,low,binary
cicids2017_binary,44,0,BENIGN,rid_3dd66f904fc9a9a6d311030b241fbd1d,mlp,gradient_x_input,insertion,target_class_median,False,False,True,True,1,ATTACK,predicted_class_of_audited_model,0.0003867104533128,9.562590275890004e-05,-0.9462536192233528,-0.8829491781125374,-0.06330444111081547,0.00875024471406318,-0.0804549207503793,-0.5909435098010506,-0.35531010942230223,1.06326425075531,0.7527387298345566,0.3105255805253982,5,trapezoid_from_zero_normalized_by_max_fraction,False,error,false_positive,low,low,binary
cicids2017_binary,44,0,BENIGN,rid_219f762eae7da5cf06a4d4f1df9a0b05,mlp,gradient_x_input,insertion,target_class_median,False,True,False,True,0,BENIGN,predicted_class_of_audited_model,0.9999994442100046,0.0002905287605585,-2.2271163615528167e-07,-1.0000251781150383e-07,-1.2270911834377782e-07,8.281518620598314e-09,-1.3894089484015053e-07,-5.832074036504765e-08,-1.64390895790234e-07,0.03557845205068588,0.020931773047894238,0.014646679002791646,5,trapezoid_from_zero_normalized_by_max_fraction,True,correct,true_negative,medium,low,binary
cicids2017_binary,44,0,BENIGN,rid_cabe138ab53780d22a8f39da0c6b5a83,mlp,gradient_x_input,insertion,target_class_median,False,True,False,True,0,BENIGN,predicted_class_of_audited_model,0.9999998667679932,0.0002909513185471,-3.8022928094960664e-08,2.4617456034548013e-08,-6.264038412950866e-08,3.297631910116375e-09,-6.910374267333676e-08,3.184161845126709e-08,-6.986454654622776e-08,0.008618740364909172,0.011117659201379864,-0.0024989182776771488,5,trapezoid_from_zero_normalized_by_max_fraction,True,correct,true_negative,medium,medium,binary
cicids2017_binary,44,0,BENIGN,rid_b07147759a10f76f97a6076886c7c1f4,mlp,gradient_x_input,insertion,target_class_median,False,True,False,True,0,BENIGN,predicted_class_of_audited_model,0.9999994780577596,0.0002905626083133,-4.056321614598346e-07,-8.210774649342056e-08,-3.235244149664141e-07,1.1425829057081654e-08,-3.459190399182941e-07,-7.742732816495846e-08,-3.2820483329487615e-07,0.03617193549871445,0.012868875728920103,0.023303060514852404,5,trapezoid_from_zero_normalized_by_max_fraction,True,correct,true_negative,medium,low,binary
cicids2017_binary,44,0,BENIGN,rid_637a9a660b8d7beadd7c47497aa3bd8d,mlp,gradient_x_input,insertion,target_class_median,False,True,False,True,0,BENIGN,predicted_class_of_audited_model,0.9999989715165613,0.000290056067115,-1.508414857198659e-06,-2.4262566813604276e-07,-1.265789189062616e-06,2.8130001732228776e-08,-1.3209239924577844e-06,-1.8558210845043277e-07,-1.3228327487482258e-06,0.06930054724216461,0.02265573945408687,0.04664481300348416,5,trapezoid_from_zero_normalized_by_max_fraction,True,correct,true_negative,medium,low,binary
cicids2017_binary,44,0,BENIGN,rid_40a09c55a2f86b17aa10827850be77fc,mlp,gradient_x_input,insertion,target_class_median,False,False,True,True,1,ATTACK,predicted_class_of_audited_model,0.8823397755622864,0.8820486910117324,-0.13617816865444182,-0.4802559074089627,0.34407773875452086,0.02226110931810424,0.30044596449103655,-0.5204926201571981,0.3843144515027562,3.1979846954345703,2.8198224005699157,0.37816250944137575,5,trapezoid_from_zero_normalized_by_max_fraction,False,error,false_positive,low,high,binary
cicids2017_binary,44,0,BENIGN,rid_bbf574d7d765f28fcf87e72b56fb2a12,mlp,gradient_x_input,insertion,target_class_median,False,False,True,True,1,ATTACK,predicted_class_of_audited_model,0.0005141550791449,0.000223070528591,-0.8804215465206653,-0.543539096285298,-0.3368824502353672,0.0269162590605796,-0.38963831799410326,-0.4420203729985296,-0.4384011735221357,0.3683285117149353,0.2920216297805309,0.07630689385533332,5,trapezoid_from_zero_normalized_by_max_fraction,False,error,false_positive,low,low,binary
cicids2017_binary,44,0,BENIGN,rid_5ba9b83ad1fb064b5f03a422bac985be,mlp,gradient_x_input,insertion,target_class_median,False,False,True,True,1,ATTACK,predicted_class_of_audited_model,0.0003538321470841,6.274759653020001e-05,-0.17461120188236237,-0.44473215848178366,0.2701209565994213,0.02679671582914524,0.21759939357429664,-0.32691632047283925,0.1523051185904769,0.4868815839290619,0.35779937380552285,0.12908224588632583,5,trapezoid_from_zero_normalized_by_max_fraction,False,error,false_positive,low,low,binary
cicids2017_binary,44,0,BENIGN,rid_06de799d7efc64d321c0dd0b80e5ea1c,mlp,gradient_x_input,insertion,target_class_median,False,True,False,True,0,BENIGN,predicted_class_of_audited_model,0.999999999999991,0.0002910845505449,2.34777770913297e-07,-0.0008573325205054936,0.0008575672982764068,0.0005015891300595504,-0.000125547396640312,-0.003493828137606194,0.003494062915377107,1.3451319932937622,1.0721465075016021,0.27298531889915467,5,trapezoid_from_zero_normalized_by_max_fraction,True,correct,true_negative,medium,medium,binary
cicids2017_binary,44,0,BENIGN,rid_4833f14378a66bc7b5a7a8a62c4ae116,mlp,gradient_x_input,insertion,target_class_median,False,True,False,True,0,BENIGN,predicted_class_of_audited_model,0.999999999997494,0.0002910845480479,2.3238951035731148e-07,-0.006581440699333269,0.006581673088843628,0.0023911025996576655,0.0018951119935146036,-0.008699239178739156,0.008699471568249512,1.7871805429458618,1.635691303730011,0.15148923921585075,5,trapezoid_from_zero_normalized_by_max_fraction,True,correct,true_negative,medium,medium,binary
cicids2017_binary,44,0,BENIGN,rid_7e29e4a83316796159af8b988ec959ce,mlp,gradient_x_input,insertion,target_class_median,False,True,False,True,0,BENIGN,predicted_class_of_audited_model,0.9999472554118256,0.0002383399623795,-0.00046105745287832177,-0.016743016103365854,0.01628195865048753,0.00382708515232557,0.008780871751929414,-0.016252237203195897,0.015791179750317574,1.3599485158920288,1.1218748869895934,0.2380735931396484,5,trapezoid_from_zero_normalized_by_max_fraction,True,correct,true_negative,medium,low,binary
cicids2017_binary,44,0,BENIGN,rid_aad8d2216819d381bbe01a82c6768dfa,mlp,gradient_x_input,insertion,target_class_median,False,False,True,True,1,ATTACK,predicted_class_of_audited_model,0.0006063816254027,0.0003152970748488,-0.9445793957231217,-0.5893217167547318,-0.3552576789683899,0.027848185385649895,-0.4098401223242637,-0.38877984704998925,-0.5557995486731324,0.7772005796432495,0.3223069921731949,0.4548935874700546,5,trapezoid_from_zero_normalized_by_max_fraction,False,error,false_positive,low,medium,binary
cicids2017_binary,44,0,BENIGN,rid_28c4bde3ff46a91b7ffa2f116a6b6468,mlp,gradient_x_input,insertion,target_class_median,False,True,False,True,0,BENIGN,predicted_class_of_audited_model,0.9999804483850312,0.000271532935585,-1.1718767314050638e-05,-3.947031922805877e-06,-7.77173539124476e-06,3.0096274330387435e-07,-8.361622368120354e-06,-2.0746247587339894e-06,-9.644142555316648e-06,0.1234884113073349,0.04627736853947863,0.07721104276785626,5,trapezoid_from_zero_normalized_by_max_fraction,True,correct,true_negative,medium,low,binary
cicids2017_binary,44,0,BENIGN,rid_4693e16e6643992432430c5221fb35a6,mlp,gradient_x_input,insertion,target_class_median,False,True,False,True,0,BENIGN,predicted_class_of_audited_model,0.9999369302677223,0.0002280148182762,-0.017066761733451584,-0.006590542063491288,-0.010476219669960297,0.001663981767174798,-0.013737623933622902,-0.010973413982728396,-0.006093347750723187,0.6468470692634583,0.4451325266361237,0.2017145068645477,5,trapezoid_from_zero_normalized_by_max_fraction,True,correct,true_negative,medium,low,binary
cicids2017_binary,44,0,BENIGN,rid_f20a94bc6a18c7b91d8dfa64277681fa,mlp,gradient_x_input,insertion,target_class_median,False,True,False,True,0,BENIGN,predicted_class_of_audited_model,0.9997358231048564,2.690765541049997e-05,-0.0010654482506765816,-0.07111859937341866,0.07005315112274207,0.014748184795469974,0.04114670892362093,-0.009270937411221617,0.008205489160545035,1.0301541090011597,0.8739645519256591,0.15618954515457156,5,trapezoid_from_zero_normalized_by_max_fraction,True,correct,true_negative,medium,low,binary
cicids2017_binary,44,0,BENIGN,rid_6f4fcab4cb3f5a2fd78b4a51f9178b5c,mlp,gradient_x_input,insertion,target_class_median,False,True,False,True,0,BENIGN,predicted_class_of_audited_model,0.999999103980258,0.0002901885308119,-0.0005746251772620781,-0.01930420588234709,0.01872958070508501,0.004442149866233991,0.010022966967266388,-0.005873779443866869,0.005299154266604791,0.7296292185783386,0.5493517434597016,0.18027751684188845,5,trapezoid_from_zero_normalized_by_max_fraction,True,correct,true_negative,medium,low,binary
cicids2017_binary,44,0,BENIGN,rid_b3918c47e99c9a255fe25b07096a3a11,mlp,gradient_x_input,insertion,target_class_median,False,False,True,True,1,ATTACK,predicted_class_of_audited_model,0.001125177484937,0.0008340929343831,-0.5156238740310073,-0.6001745354136219,0.08455066138261462,0.023685366603059345,0.038127342840618306,-0.26199055905692514,-0.25363331497408215,0.663621187210083,0.4826449792385102,0.1809761960506439,5,trapezoid_from_zero_normalized_by_max_fraction,False,error,false_positive,low,medium,binary
cicids2017_binary,44,0,BENIGN,rid_6b42ad85122fdcc038cec4846ea9afe4,mlp,gradient_x_input,insertion,target_class_median,False,False,True,True,1,ATTACK,predicted_class_of_audited_model,0.0030111786909401,0.0027200941403862,-0.7082625325187109,-0.5548564828921706,-0.15340604962654036,0.026143761571731573,-0.20464782230713424,-0.3829885414519042,-0.32527399106680677,0.736113965511322,0.6612509385347366,0.07486302697658541,5,trapezoid_from_zero_normalized_by_max_fraction,False,error,false_positive,low,medium,binary
cicids2017_binary,44,1,ATTACK,rid_1031cd625c60d92bb064fc08a81e322b,mlp,gradient_x_input,insertion,target_class_median,False,True,False,True,1,ATTACK,predicted_class_of_audited_model,1.0,0.999708915449446,-0.20087793786078692,-0.3184351362607958,0.11755719840000887,0.027653673527456384,0.06335599828619437,-0.27660392302220665,0.07572598516141975,0.2781546115875244,0.3023610838865861,-0.024206476583145557,5,trapezoid_from_zero_normalized_by_max_fraction,True,correct,true_positive,high,high,binary
cicids2017_binary,44,1,ATTACK,rid_b20c11b1efba3a034631f62e299a77cd,mlp,gradient_x_input,insertion,target_class_median,False,True,False,True,1,ATTACK,predicted_class_of_audited_model,1.0,0.999708915449446,-0.19457952044904234,-0.27753323687836934,0.08295371642932703,0.02689385729803985,0.030241756125168925,-0.2510662037798294,0.056486683330787074,0.39767974615097046,0.36673858772590756,0.03094115339592099,5,trapezoid_from_zero_normalized_by_max_fraction,True,correct,true_positive,high,high,binary
cicids2017_binary,44,1,ATTACK,rid_6763db466f45bfe9b75b59cc16ed26dc,mlp,gradient_x_input,insertion,target_class_median,False,True,False,True,1,ATTACK,predicted_class_of_audited_model,1.0,0.999708915449446,-0.19182217419147493,-0.469417376251166,0.27759520205969107,0.023950810428000624,0.23065161362080985,-0.4147975748916819,0.22297540070020697,0.27672094106674194,0.27901293031871316,-0.0022919611260294875,5,trapezoid_from_zero_normalized_by_max_fraction,True,correct,true_positive,high,high,binary
cicids2017_binary,44,0,BENIGN,rid_33a69276a5d16ca114039b67247fb720,mlp,gradient_x_input,insertion,target_class_median,False,True,False,True,0,BENIGN,predicted_class_of_audited_model,0.9999951174895614,0.0002862020401152,-3.7958567077112092e-06,-1.1460058160253083e-06,-2.649850891685901e-06,9.307908836325843e-08,-2.8322859048778875e-06,-7.73159631364706e-07,-3.0226970763465032e-06,0.1123410314321518,0.02672941257129423,0.0856116181157995,5,trapezoid_from_zero_normalized_by_max_fraction,True,correct,true_negative,medium,low,binary
cicids2017_binary,44,0,BENIGN,rid_a166987b4b632c8835afa38444b65826,mlp,gradient_x_input,insertion,target_class_median,False,False,True,True,1,ATTACK,predicted_class_of_audited_model,0.0003773162025026,8.623165194870003e-05,-0.9185132815706312,-0.6941100812991992,-0.22440320027143193,0.023259689891648946,-0.26999219245906386,-0.5085786102520414,-0.4099346713185897,4.625063896179199,2.5362787419557575,2.088785392642021,5,trapezoid_from_zero_normalized_by_max_fraction,False,error,false_positive,low,low,binary
cicids2017_binary,44,0,BENIGN,rid_50c34fa18ed06d7cf21bc44c196340e1,mlp,gradient_x_input,insertion,target_class_median,False,True,False,True,0,BENIGN,predicted_class_of_audited_model,1.0,0.0002910845505537,2.3477949748773596e-07,-5.035479680654965e-05,5.0589576304037376e-05,2.461729175887625e-05,2.339684456639931e-06,-0.0008428202812699743,0.0008430550607674621,3.387317180633545,3.288166273117065,0.09915109825134279,5,trapezoid_from_zero_normalized_by_max_fraction,True,correct,true_negative,high,medium,binary
cicids2017_binary,44,1,ATTACK,rid_fa64b7c56120407164b52d8625942bf1,mlp,gradient_x_input,insertion,target_class_median,False,True,False,True,1,ATTACK,predicted_class_of_audited_model,1.0,0.999708915449446,-0.2059155247639865,-0.31486130818928315,0.10894578342529668,0.027234752477577007,0.055565668569245746,-0.35967532491821264,0.15375980015422613,0.2853251099586487,0.3050668839495629,-0.01974177231453359,5,trapezoid_from_zero_normalized_by_max_fraction,True,correct,true_positive,high,high,binary
cicids2017_binary,44,0,BENIGN,rid_170152f86943d88309df691be2cdea2b,mlp,gradient_x_input,insertion,target_class_median,False,False,True,True,1,ATTACK,predicted_class_of_audited_model,0.0006975122960284,0.0004064277454745,-0.5980313666164875,-0.4792761317799377,-0.11875523483654978,0.025781084424183257,-0.16928616030794896,-0.4614439236036269,-0.1365874430128606,0.43940839171409607,0.38913269859552385,0.05027571696043015,5,trapezoid_from_zero_normalized_by_max_fraction,False,error,false_positive,low,medium,binary
cicids2017_binary,44,0,BENIGN,rid_edc7a58dc803ece74ace74bd8c28f6d5,mlp,gradient_x_input,insertion,target_class_median,False,False,True,True,1,ATTACK,predicted_class_of_audited_model,0.0055519854649901,0.0052609009144362,-0.9156271414249204,-0.6922402038369002,-0.22338693758802014,0.02123620157906408,-0.26500989268298575,-0.590730808253559,-0.32489633317136146,1.0795891284942627,0.6290290780067443,0.4505601100921631,5,trapezoid_from_zero_normalized_by_max_fraction,False,error,false_positive,low,medium,binary
cicids2017_binary,44,1,ATTACK,rid_d3b962085e96dbfa0e52dfda3bb9e7c2,mlp,gradient_x_input,insertion,target_class_median,False,True,False,True,1,ATTACK,predicted_class_of_audited_model,1.0,0.999708915449446,-0.19770273400936275,-0.2808235128757639,0.0831207788664011,0.02671909189195986,0.03075135875815977,-0.2375578420907118,0.03985510808134904,0.41984739899635315,0.3732423843741417,0.04660498183965682,5,trapezoid_from_zero_normalized_by_max_fraction,True,correct,true_positive,high,high,binary
cicids2017_binary,44,1,ATTACK,rid_7177cfc59180023877dc4fd1c7ac555e,mlp,gradient_x_input,insertion,target_class_median,False,True,False,True,1,ATTACK,predicted_class_of_audited_model,1.0,0.999708915449446,-0.19666841626167297,-0.3014954939736212,0.10482707771194824,0.026884056359694077,0.05213432724694785,-0.29083958280364924,0.09417116654197628,0.33095860481262207,0.3176826736666262,0.01327593505755067,5,trapezoid_from_zero_normalized_by_max_fraction,True,correct,true_positive,high,high,binary
cicids2017_binary,44,0,BENIGN,rid_afc61d955e91850c91feb237551ecb4c,mlp,gradient_x_input,insertion,target_class_median,False,False,True,True,1,ATTACK,predicted_class_of_audited_model,0.0005293551948852,0.0002382706443313,-0.8804046830919106,-0.5321566817248458,-0.34824800136706474,0.026372956449413048,-0.3999389960079143,-0.4199627927401452,-0.4604418903517653,0.36754369735717773,0.2794031909406185,0.08814051833748818,5,trapezoid_from_zero_normalized_by_max_fraction,False,error,false_positive,low,low,binary
cicids2017_binary,44,0,BENIGN,rid_c7aef36fb993e0f38e19e4a32111735f,mlp,gradient_x_input,insertion,target_class_median,False,True,False,True,0,BENIGN,predicted_class_of_audited_model,0.9999999998220334,0.0002910843725872,1.838018919675388e-07,-0.03725685908376568,0.03725704288565764,0.012714684874802101,0.012336260531045525,-0.0076622626294852465,0.007662446431377214,1.4818198680877686,1.2340177969932555,0.24780204725265503,5,trapezoid_from_zero_normalized_by_max_fraction,True,correct,true_negative,medium,medium,binary
cicids2017_binary,44,0,BENIGN,rid_7aea91f082ddcf09063756a4c57405b0,mlp,gradient_x_input,insertion,target_class_median,False,False,True,True,1,ATTACK,predicted_class_of_audited_model,0.0006129207322373,0.0003218361816834,-0.9461583607425836,-0.6624213963409782,-0.2837369644016055,0.028477046037462827,-0.3395519746350326,-0.5379487136681267,-0.40820964707445706,0.9112820625305176,0.5026893427968024,0.40859270185232166,5,trapezoid_from_zero_normalized_by_max_fraction,False,error,false_positive,low,medium,binary
cicids2017_binary,44,0,BENIGN,rid_3d343d3bac4b8929962357a4df191d64,mlp,gradient_x_input,insertion,target_class_median,False,False,True,True,1,ATTACK,predicted_class_of_audited_model,0.8835129141807556,0.8832218296302017,-0.1353488564491272,-0.48067069914693283,0.3453218426978057,0.022833851729874573,0.3005674933072515,-0.5160715656409158,0.38072270919178874,3.213324785232544,2.876550642490387,0.3367744050025941,5,trapezoid_from_zero_normalized_by_max_fraction,False,error,false_positive,medium,high,binary
cicids2017_binary,44,0,BENIGN,rid_d3c2f0c8cd31e3340bd4afb942db8af2,mlp,gradient_x_input,insertion,target_class_median,False,False,True,True,1,ATTACK,predicted_class_of_audited_model,0.0006121650221757,0.0003210804716218,-0.878826689440757,-0.5415820223496921,-0.33724466709106493,0.026184235176098802,-0.38856576803621856,-0.41705612867708985,-0.4617705607636672,0.3400341272354126,0.23786893160641193,0.10216517178714275,5,trapezoid_from_zero_normalized_by_max_fraction,False,error,false_positive,low,medium,binary
cicids2017_binary,44,0,BENIGN,rid_75683d48a13f79093aaf611fa878531b,mlp,gradient_x_input,insertion,target_class_median,False,True,False,True,0,BENIGN,predicted_class_of_audited_model,0.999999928744046,0.0002910132945998,-5.1327332428741105e-08,-3.270033649245274e-07,2.7567603249578633e-07,7.707525885085208e-08,1.2460852514811626e-07,-2.5394960129343503e-07,2.0262226886469392e-07,0.23865041136741638,0.11069971641898155,0.12795069494843483,5,trapezoid_from_zero_normalized_by_max_fraction,True,correct,true_negative,medium,medium,binary
cicids2017_binary,44,0,BENIGN,rid_cdb595b98a90ebd778cd2680d10a5f11,mlp,gradient_x_input,insertion,target_class_median,False,True,False,True,0,BENIGN,predicted_class_of_audited_model,0.9999999999774744,0.0002910845280283,4.9120293349469446e-08,-0.008137792937993552,0.008137842058286902,0.0046199321332547425,-0.0009172249228923922,-0.006416228330142378,0.006416277450435728,1.50897216796875,1.3606813251972198,0.14829086661338806,5,trapezoid_from_zero_normalized_by_max_fraction,True,correct,true_negative,medium,medium,binary
cicids2017_binary,44,0,BENIGN,rid_da353e7fe7632ebd930a785e067b59bf,mlp,gradient_x_input,insertion,target_class_median,False,True,False,True,0,BENIGN,predicted_class_of_audited_model,0.9999628350233252,0.000253919573879,-3.515263307463101e-05,-1.1275436069297484e-05,-2.387719700533353e-05,9.178852304150289e-07,-2.5676252056946986e-05,-7.303964364485438e-06,-2.7848668710145575e-05,0.18645617365837097,0.06532725169509648,0.12112891600280999,5,trapezoid_from_zero_normalized_by_max_fraction,True,correct,true_negative,medium,low,binary
cicids2017_binary,44,0,BENIGN,rid_d7f9ee4f64dd469c9a4bacc706905855,mlp,gradient_x_input,insertion,target_class_median,False,True,False,True,0,BENIGN,predicted_class_of_audited_model,0.9999993536010264,0.0002904381515804,-8.027812327782158e-07,-1.828747702319333e-07,-6.199064625462825e-07,1.9905137047659473e-08,-6.58920531159695e-07,-1.7654490997642823e-07,-6.262363228017875e-07,0.049883872270584106,0.012050890943268314,0.03783298132731579,5,trapezoid_from_zero_normalized_by_max_fraction,True,correct,true_negative,medium,low,binary
cicids2017_binary,44,0,BENIGN,rid_256c6415884738e965ad01abe3be0bc8,mlp,gradient_x_input,insertion,target_class_median,False,False,True,True,1,ATTACK,predicted_class_of_audited_model,0.0003003261808771,9.241630323199995e-06,-0.9462523202433657,-0.8731136620120328,-0.07313865823133317,0.010818478220538615,-0.09434287554358886,-0.5915193735862903,-0.35473294665707555,1.3507384061813354,0.8127471894025803,0.5379913181066514,5,trapezoid_from_zero_normalized_by_max_fraction,False,error,false_positive,low,low,binary
cicids2017_binary,44,0,BENIGN,rid_7bd6afca1530d5920af275eb937e27fd,mlp,gradient_x_input,insertion,target_class_median,False,False,True,True,1,ATTACK,predicted_class_of_audited_model,0.0006716133211739,0.00038052877062,-0.8789324841927737,-0.5030667177403375,-0.37586576645243625,0.026661499024591678,-0.42812230454063593,-0.4232166304072016,-0.4557158537855721,0.33104944229125977,0.239016836643219,0.09203259372711181,5,trapezoid_from_zero_normalized_by_max_fraction,False,error,false_positive,low,medium,binary
cicids2017_binary,44,0,BENIGN,rid_83e686e2c222505e944acd6ba4d0d212,mlp,gradient_x_input,insertion,target_class_median,False,False,True,True,1,ATTACK,predicted_class_of_audited_model,0.0004744371690321,0.0001833526184781,-0.42357013821601863,-0.41454643270978697,-0.009023705506231654,0.026016506553587556,-0.060016058351263266,-0.4108701586434472,-0.01269997957257149,0.6534067392349243,0.48519108331203464,0.16821561419963835,5,trapezoid_from_zero_normalized_by_max_fraction,False,error,false_positive,low,low,binary
cicids2017_binary,44,0,BENIGN,rid_a06cf31d5832e4ccbf3873d58e1ee5d3,mlp,gradient_x_input,insertion,target_class_median,False,True,False,True,0,BENIGN,predicted_class_of_audited_model,0.9999081001078594,0.0001991846584132,-8.064568502277324e-05,-2.2002415641736663e-05,-5.864326938103659e-05,2.331979919901879e-06,-6.321395002404428e-05,-1.7522526236689376e-05,-6.312315878608388e-05,0.43775850534439087,0.10172369528561831,0.3360348011180759,5,trapezoid_from_zero_normalized_by_max_fraction,True,correct,true_negative,medium,low,binary
cicids2017_binary,44,1,ATTACK,rid_ba95e93176abd300b3b467db4c4aedad,mlp,gradient_x_input,insertion,target_class_median,False,True,False,True,1,ATTACK,predicted_class_of_audited_model,1.0,0.999708915449446,-0.19880847767199158,-0.4077616223830072,0.20895314471101567,0.027021816934394805,0.15599038351960184,-0.2970767132110144,0.09826823553902281,0.3937559127807617,0.3257630809992552,0.06799285264313219,5,trapezoid_from_zero_normalized_by_max_fraction,True,correct,true_positive,high,high,binary
cicids2017_binary,44,0,BENIGN,rid_2e81c7d688e5f12cca89f28c3437b11d,mlp,gradient_x_input,insertion,target_class_median,False,True,False,True,0,BENIGN,predicted_class_of_audited_model,0.999981831324476,0.0002729158750298,-0.011598867684558912,-0.016348380087724643,0.004749512403165732,0.004533530718835958,-0.004136207805752746,-0.01081356497045516,-0.00078530271410375,0.5919601917266846,0.4097788852453232,0.18218133032321931,5,trapezoid_from_zero_normalized_by_max_fraction,True,correct,true_negative,medium,low,binary
cicids2017_binary,44,0,BENIGN,rid_a13aa3d7b9517c31ea570fd2fe06b255,mlp,gradient_x_input,insertion,target_class_median,False,True,False,True,0,BENIGN,predicted_class_of_audited_model,0.9998836153536104,0.0001746999041643,-0.00011179104805023599,-1.3822850718540281e-05,-9.79681973316957e-05,2.2403402893226114e-06,-0.00010235926429876801,-1.6609087679576364e-05,-9.518196037065962e-05,0.1774168312549591,0.049767265923321244,0.12764956980198622,5,trapezoid_from_zero_normalized_by_max_fraction,True,correct,true_negative,medium,low,binary
cicids2017_binary,44,0,BENIGN,rid_4d11b5125dd3225c134b4908ac1b967d,mlp,gradient_x_input,insertion,target_class_median,False,False,True,True,1,ATTACK,predicted_class_of_audited_model,0.0397932864725589,0.039502201922005,-0.6537823505699634,-0.6640027059877509,0.010220355417787472,0.017956377539918758,-0.02497414456045329,-0.6357810258892096,-0.018001324680753918,7.938311576843262,5.5059005632400515,2.4324113473892215,5,trapezoid_from_zero_normalized_by_max_fraction,False,error,false_positive,low,medium,binary
cicids2017_binary,44,0,BENIGN,rid_6af9b0d484092c85c23a1925088bc111,mlp,gradient_x_input,insertion,target_class_median,False,True,False,True,0,BENIGN,predicted_class_of_audited_model,0.999990914787304,0.0002819993378579,-6.866983505915414e-06,-7.908498667980711e-06,1.0415151620652985e-06,1.0467374535795616e-06,-1.0100902469506423e-06,-4.988573204848024e-06,-1.8784103010673904e-06,0.38144153356552124,0.14846865836530926,0.23297285731881856,5,trapezoid_from_zero_normalized_by_max_fraction,True,correct,true_negative,medium,low,binary
cicids2017_binary,44,0,BENIGN,rid_bb9063bc642c023877b551bd7695745e,mlp,gradient_x_input,insertion,target_class_median,False,True,False,True,0,BENIGN,predicted_class_of_audited_model,0.9999972335697294,0.0002883181202832,-4.674213220425827e-05,-0.004392237293417098,0.0043454951612128395,0.0014060037308145118,0.0015897278488163965,-0.0012772134052854382,0.0012304712730811798,0.9786018133163452,0.7860101521015167,0.1925917685031891,5,trapezoid_from_zero_normalized_by_max_fraction,True,correct,true_negative,medium,low,binary
cicids2017_binary,44,0,BENIGN,rid_d2286e893cc535f93dd896b7e7235a17,mlp,gradient_x_input,insertion,target_class_median,False,False,True,True,1,ATTACK,predicted_class_of_audited_model,0.0040301098488271,0.0037390252982732,-0.5052120681852103,-0.3848542728481589,-0.12035779533705138,0.02625297065910041,-0.17181361782888818,-0.4685757285866375,-0.03663633959857271,0.2909672260284424,0.23415054008364677,0.0568167008459568,5,trapezoid_from_zero_normalized_by_max_fraction,False,error,false_positive,low,medium,binary
cicids2017_binary,44,0,BENIGN,rid_6606c53602ccf84f893bda1ab3ed2ce9,mlp,gradient_x_input,insertion,target_class_median,False,False,True,True,1,ATTACK,predicted_class_of_audited_model,0.0044007590040564,0.0041096744535025,-0.0039472907781600945,-0.3158701149154658,0.3119228241373057,0.02698839273247673,0.2590255743816513,-0.46384664485967364,0.45989935408151356,0.33064794540405273,0.27661042679846287,0.054037527546286566,5,trapezoid_from_zero_normalized_by_max_fraction,False,error,false_positive,low,medium,binary
cicids2017_binary,44,0,BENIGN,rid_f025d48c1c165110532e600607f411d7,mlp,gradient_x_input,insertion,target_class_median,False,True,False,True,0,BENIGN,predicted_class_of_audited_model,0.9999992002770456,0.0002902848275993,-8.52692107855546e-07,-1.8958054280915346e-07,-6.631115650463926e-07,2.2372374397076053e-08,-7.069614188646617e-07,-2.1547618291606342e-07,-6.372159249394825e-07,0.05179060623049736,0.016679590731859206,0.035111016616225246,5,trapezoid_from_zero_normalized_by_max_fraction,True,correct,true_negative,medium,low,binary
