task_id,seed,flow_id,model,method,operator,operator_family,functional_check,true_class_id,true_class,class_specific_inference_eligible,target_class_id,target_class,confidence,model_margin,random_feature_repetitions,attribution_effect_aopc,random_effect_mean_aopc,uniform_random_effect_mean_aopc,attribution_minus_random_aopc,attribution_minus_uniform_random_aopc,random_effect_standard_error_aopc,random_aopc_monte_carlo_standard_error,attribution_minus_random_aopc_mc_lower95,attribution_displacement_mean,matched_random_displacement_mean,attribution_minus_matched_displacement,coordinates_changed_mean,matched_random_coordinates_mean,aopc_definition
cicids2017_binary,42,rid_17c75cd659c9243647caddaa9aa43875,mlp,shap,training_median,baseline_marginal_constant,deletion,1,ATTACK,True,1,ATTACK,1.0,0.999639070534613,50,0.9497517709572776,0.36124675413496654,0.05453294474983523,0.5885050168223109,0.8952188262074423,0.05574806365748261,0.028371702218583685,0.5328964804738869,1.441726565361023,1.320135637521744,0.12159092783927905,18.4,18.4,trapezoid_from_zero_normalized_by_max_fraction
cicids2017_binary,42,rid_accf8c0dda146c4a242cdc9d8885e717,mlp,shap,training_median,baseline_marginal_constant,deletion,1,ATTACK,True,1,ATTACK,1.0,0.999639070534613,50,0.9499816318194689,0.37533024371387474,0.08081365462454027,0.5746513881055942,0.8691679771949287,0.057049813193145824,0.02900393032637606,0.5178036846658972,1.4526596069335938,1.3919619226455688,0.06069768428802491,18.4,18.4,trapezoid_from_zero_normalized_by_max_fraction
cicids2017_binary,42,rid_8593525157bd8c913dcb6144108b0a95,mlp,shap,training_median,baseline_marginal_constant,deletion,1,ATTACK,True,1,ATTACK,1.0,0.999639070534613,50,0.9499921507587146,0.3043277020876731,0.06929373440534642,0.6456644486710414,0.8806984163533682,0.053385650903664275,0.0281546879182241,0.5904812603513222,1.7780309915542603,1.5587275705337524,0.21930342102050782,18.4,18.4,trapezoid_from_zero_normalized_by_max_fraction
cicids2017_binary,42,rid_09a527fea31178a9ad0ecb1fc521e8fb,mlp,shap,training_median,baseline_marginal_constant,deletion,0,BENIGN,True,0,BENIGN,0.9999952757530082,0.0003562052183951,50,0.08596478450065206,0.005386547381324483,0.0006128373670857812,0.08057823711932757,0.08535194713356628,0.001573122619331373,0.0009026758679774685,0.07880899241809174,0.9257523417472839,0.4583310463726521,0.46742129537463184,18.4,18.4,trapezoid_from_zero_normalized_by_max_fraction
cicids2017_binary,42,rid_e7974d4f4c91f9e013db09642e33bb70,mlp,shap,training_median,baseline_marginal_constant,deletion,0,BENIGN,True,0,BENIGN,0.9999983427942424,0.0003592722596294,50,0.5441262988694234,0.17982114058065846,0.08609516517153083,0.3643051582887649,0.45803113369789256,0.0456119324303862,0.02192117797625442,0.32133964945530624,1.9571201801300049,1.2715044538974762,0.6856157262325286,18.4,18.4,trapezoid_from_zero_normalized_by_max_fraction
cicids2017_binary,42,rid_9f3a7f0f10b651a421dd35c1b1afb71c,mlp,shap,training_median,baseline_marginal_constant,deletion,0,BENIGN,True,0,BENIGN,0.9999904021324256,0.0003513315978125,50,0.10375919191969843,0.0155489131330542,0.0008642927968042339,0.08821027878664423,0.10289489912289418,0.004853546053081803,0.00314447502844661,0.08204710773088887,1.1124852895736694,0.6837116940617561,0.4287735955119133,18.4,18.4,trapezoid_from_zero_normalized_by_max_fraction
cicids2017_binary,42,rid_8c9bdead15ce16a77b48e3372d9a8a3d,mlp,shap,training_median,baseline_marginal_constant,deletion,0,BENIGN,True,0,BENIGN,0.9999991939071152,0.0003601233725021,50,0.08739924765227727,0.0030346557755581384,0.0007307435223153577,0.08436459187671913,0.08666850412996191,0.0009079551612736671,0.0006504556983743538,0.08308969870790539,0.7597059607505798,0.3737532796263695,0.38595268112421033,18.4,18.4,trapezoid_from_zero_normalized_by_max_fraction
cicids2017_binary,42,rid_894f119af6edccd4268535184bc340cf,mlp,shap,training_median,baseline_marginal_constant,deletion,0,BENIGN,True,0,BENIGN,0.999999723481352,0.000360652946739,50,0.07846728194096357,0.002715131276840339,0.0012275916812596109,0.07575215066412323,0.07723969025970395,0.0009043642726087271,0.0005363188025314431,0.0747009658111616,0.78960120677948,0.3715483264774084,0.4180528803020716,18.4,18.4,trapezoid_from_zero_normalized_by_max_fraction
cicids2017_binary,42,rid_0d983e5b8810b377ec14cf6f0ef744a4,mlp,shap,training_median,baseline_marginal_constant,deletion,0,BENIGN,True,0,BENIGN,1.0,0.000360929465387,50,0.05600672762375901,0.023821610666394197,0.0026554427600622094,0.03218511695736482,0.05335128486369681,0.01129308655600832,0.008189636023685373,0.01613343035094149,1.4489376544952393,1.192613462686539,0.25632419180870025,18.4,18.4,trapezoid_from_zero_normalized_by_max_fraction
cicids2017_binary,42,rid_12f800a48f581538facdec51ab2454d7,mlp,shap,training_median,baseline_marginal_constant,deletion,0,BENIGN,True,0,BENIGN,0.9999937983752716,0.0003547278406585,50,0.09568521650257936,0.0032537558723120226,0.0007921775999974356,0.09243146063026733,0.09489303890258191,0.0010146661444887545,0.0006292130400117683,0.09119820307184427,0.9529629945755005,0.47799317684769627,0.4749698177278042,18.4,18.4,trapezoid_from_zero_normalized_by_max_fraction
cicids2017_binary,42,rid_408ae7c441d02f646de26fd9bdce1d45,mlp,shap,training_median,baseline_marginal_constant,deletion,1,ATTACK,True,1,ATTACK,0.9999987483024596,0.9996378188370726,50,0.9035491054877638,0.1984844011887908,0.06681267916411163,0.705064704298973,0.8367364263236523,0.04755346233679199,0.023187193649301767,0.6596178047463416,0.5813285112380981,0.3182849545478821,0.26304355669021606,18.4,18.4,trapezoid_from_zero_normalized_by_max_fraction
cicids2017_binary,42,rid_cf4ebdc12c3cb032b70b55c77a7cb796,mlp,shap,training_median,baseline_marginal_constant,deletion,1,ATTACK,True,1,ATTACK,1.0,0.999639070534613,50,0.948739712801435,0.5659367730240666,0.13888060686117112,0.38280293977736823,0.8098591059402638,0.04882370667283101,0.02381112164492792,0.3361331413533095,1.4370503425598145,1.4327405438423155,0.004309798717498925,18.4,18.4,trapezoid_from_zero_normalized_by_max_fraction
cicids2017_binary,42,rid_12888033c44aa2549d48f3c7bd216973,mlp,shap,training_median,baseline_marginal_constant,deletion,1,ATTACK,True,1,ATTACK,1.0,0.999639070534613,50,0.9499127892016077,0.3818288519133377,0.09707912901014243,0.5680839372882699,0.8528336601914652,0.05643867615646501,0.027848247124094217,0.5135013729250453,1.1592772006988525,1.2337039865255357,-0.07442678582668316,18.4,18.4,trapezoid_from_zero_normalized_by_max_fraction
cicids2017_binary,42,rid_c084b42c4af4241dd19e6d04badcf8b5,mlp,shap,training_median,baseline_marginal_constant,deletion,1,ATTACK,True,1,ATTACK,1.0,0.999639070534613,50,0.8619426042632536,0.4228119156749517,0.06018586843886623,0.4391306885883019,0.8017567358243874,0.053821461495058065,0.026820943636750805,0.3865616390602703,1.2168083190917969,1.304589082479477,-0.08778076338768015,18.4,18.4,trapezoid_from_zero_normalized_by_max_fraction
cicids2017_binary,42,rid_08c29756d968418335a9524cb0092fef,mlp,shap,training_median,baseline_marginal_constant,deletion,1,ATTACK,True,1,ATTACK,1.0,0.999639070534613,50,0.9499842233453535,0.49872350928697706,0.10047182099751564,0.45126071405837637,0.8495124023478379,0.057575961544378884,0.027222789039902152,0.39790404754016817,1.5421428680419922,1.4035044701099395,0.13863839793205268,18.4,18.4,trapezoid_from_zero_normalized_by_max_fraction
cicids2017_binary,42,rid_1c419a3f15eb43644fa650ff6ad71b8a,mlp,shap,training_median,baseline_marginal_constant,deletion,0,BENIGN,True,0,BENIGN,0.999999999995775,0.000360929461162,50,0.04744946160243388,0.24673406131333964,0.06496715238105867,-0.19928459971090573,-0.0175176907786248,0.05160404660957061,0.026280126741454676,-0.2507936481241569,1.312334656715393,0.7821078850030899,0.5302267717123031,18.4,18.4,trapezoid_from_zero_normalized_by_max_fraction
cicids2017_binary,42,rid_17c75cd659c9243647caddaa9aa43875,mlp,shap,training_median,baseline_marginal_constant,insertion,1,ATTACK,True,1,ATTACK,1.0,0.999639070534613,50,0.8810856055468321,0.747529550137329,0.4045869754362693,0.1335560554095031,0.47649863011056276,0.036993079068995904,0.01747678275920598,0.09930156120145939,1.441726565361023,1.320135637521744,0.12159092783927905,18.4,18.4,trapezoid_from_zero_normalized_by_max_fraction
cicids2017_binary,42,rid_accf8c0dda146c4a242cdc9d8885e717,mlp,shap,training_median,baseline_marginal_constant,insertion,1,ATTACK,True,1,ATTACK,1.0,0.999639070534613,50,0.8810856055468321,0.7000842179342683,0.308085538586228,0.18100138761256382,0.5730000669606041,0.040481542710356574,0.01827441843777205,0.14518352747453062,1.4526596069335938,1.3919619226455688,0.06069768428802491,18.4,18.4,trapezoid_from_zero_normalized_by_max_fraction
cicids2017_binary,42,rid_8593525157bd8c913dcb6144108b0a95,mlp,shap,training_median,baseline_marginal_constant,insertion,1,ATTACK,True,1,ATTACK,1.0,0.999639070534613,50,0.8810856055468321,0.7592542412273884,0.39825411288558676,0.12183136431944364,0.48283149266124525,0.034884389706554,0.01596455381043987,0.09054083885098149,1.7780309915542603,1.5587275705337524,0.21930342102050782,18.4,18.4,trapezoid_from_zero_normalized_by_max_fraction
cicids2017_binary,42,rid_09a527fea31178a9ad0ecb1fc521e8fb,mlp,shap,training_median,baseline_marginal_constant,insertion,0,BENIGN,True,0,BENIGN,0.9999952757530082,0.0003562052183951,50,0.06891160027445267,0.06650635296888067,0.048438797945858994,0.0024052473055719884,0.020472802328593682,0.0006604577050774196,0.0003713276358413098,0.001677445139323021,0.9257523417472839,0.4583310463726521,0.46742129537463184,18.4,18.4,trapezoid_from_zero_normalized_by_max_fraction
cicids2017_binary,42,rid_e7974d4f4c91f9e013db09642e33bb70,mlp,shap,training_median,baseline_marginal_constant,insertion,0,BENIGN,True,0,BENIGN,0.9999983427942424,0.0003592722596294,50,-0.026244085501775774,-0.10816020892596595,-0.09188603699400127,0.08191612342419018,0.06564195149222551,0.043048204091618116,0.02024316632138375,0.04223951743427803,1.9571201801300049,1.2715044538974762,0.6856157262325286,18.4,18.4,trapezoid_from_zero_normalized_by_max_fraction
cicids2017_binary,42,rid_9f3a7f0f10b651a421dd35c1b1afb71c,mlp,shap,training_median,baseline_marginal_constant,insertion,0,BENIGN,True,0,BENIGN,0.9999904021324256,0.0003513315978125,50,0.06891085845760471,0.06701648494756557,0.04328979247026804,0.001894373510039145,0.02562106598733668,0.0005647592060940524,0.0003477583966877939,0.001212767052531069,1.1124852895736694,0.6837116940617561,0.4287735955119133,18.4,18.4,trapezoid_from_zero_normalized_by_max_fraction
cicids2017_binary,42,rid_8c9bdead15ce16a77b48e3372d9a8a3d,mlp,shap,training_median,baseline_marginal_constant,insertion,0,BENIGN,True,0,BENIGN,0.9999991939071152,0.0003601233725021,50,0.0689142157890041,0.06634602566827306,0.052564409093043774,0.0025681901207310325,0.01634980669596032,0.0007153066949318142,0.00040062713714088635,0.0017829609319348952,0.7597059607505798,0.3737532796263695,0.38595268112421033,18.4,18.4,trapezoid_from_zero_normalized_by_max_fraction
cicids2017_binary,42,rid_894f119af6edccd4268535184bc340cf,mlp,shap,training_median,baseline_marginal_constant,insertion,0,BENIGN,True,0,BENIGN,0.999999723481352,0.000360652946739,50,0.06891425092117842,0.06650994597556191,0.04638722018396781,0.0024043049456165086,0.02252703073721061,0.0006474170130795862,0.0004154927635775207,0.0015899391290045682,0.78960120677948,0.3715483264774084,0.4180528803020716,18.4,18.4,trapezoid_from_zero_normalized_by_max_fraction
cicids2017_binary,42,rid_0d983e5b8810b377ec14cf6f0ef744a4,mlp,shap,training_median,baseline_marginal_constant,insertion,0,BENIGN,True,0,BENIGN,1.0,0.000360929465387,50,0.06891386829479415,0.051418395131882906,0.005828645084446209,0.01749547316291125,0.06308522321034796,0.009881353158569469,0.005744620289112333,0.006236017396251079,1.4489376544952393,1.192613462686539,0.25632419180870025,18.4,18.4,trapezoid_from_zero_normalized_by_max_fraction
cicids2017_binary,42,rid_12f800a48f581538facdec51ab2454d7,mlp,shap,training_median,baseline_marginal_constant,insertion,0,BENIGN,True,0,BENIGN,0.9999937983752716,0.0003547278406585,50,0.06891151924343716,0.06620618768067617,0.05056553164447055,0.0027053315627610093,0.01834598759896662,0.0006455588334499105,0.00032201960772745597,0.0020741731316151956,0.9529629945755005,0.47799317684769627,0.4749698177278042,18.4,18.4,trapezoid_from_zero_normalized_by_max_fraction
cicids2017_binary,42,rid_408ae7c441d02f646de26fd9bdce1d45,mlp,shap,training_median,baseline_marginal_constant,insertion,1,ATTACK,True,1,ATTACK,0.9999987483024596,0.9996378188370726,50,0.8810836385935545,0.6886988414004445,0.4121536784935742,0.19238479719311002,0.4689299600999802,0.048368436762505414,0.022856925524284012,0.14758522316551337,0.5813285112380981,0.3182849545478821,0.26304355669021606,18.4,18.4,trapezoid_from_zero_normalized_by_max_fraction
cicids2017_binary,42,rid_cf4ebdc12c3cb032b70b55c77a7cb796,mlp,shap,training_median,baseline_marginal_constant,insertion,1,ATTACK,True,1,ATTACK,1.0,0.999639070534613,50,0.8810853105038405,0.7457266036891135,0.34534637642671817,0.1353587068147269,0.5357389340771224,0.029978975970600782,0.014292262682531434,0.10734587195696528,1.4370503425598145,1.4327405438423155,0.004309798717498925,18.4,18.4,trapezoid_from_zero_normalized_by_max_fraction
cicids2017_binary,42,rid_12888033c44aa2549d48f3c7bd216973,mlp,shap,training_median,baseline_marginal_constant,insertion,1,ATTACK,True,1,ATTACK,1.0,0.999639070534613,50,0.881067917868495,0.6688864687028104,0.41394537217584876,0.21218144916568452,0.4671225456926462,0.04872229208173825,0.02235958971237193,0.16835665332943553,1.1592772006988525,1.2337039865255357,-0.07442678582668316,18.4,18.4,trapezoid_from_zero_normalized_by_max_fraction
cicids2017_binary,42,rid_c084b42c4af4241dd19e6d04badcf8b5,mlp,shap,training_median,baseline_marginal_constant,insertion,1,ATTACK,True,1,ATTACK,1.0,0.999639070534613,50,0.8810855578631163,0.7543890598345933,0.32491743333399514,0.12669649802852292,0.556168124529121,0.03414697292994446,0.015461584108781198,0.09639179317531177,1.2168083190917969,1.304589082479477,-0.08778076338768015,18.4,18.4,trapezoid_from_zero_normalized_by_max_fraction
cicids2017_binary,42,rid_08c29756d968418335a9524cb0092fef,mlp,shap,training_median,baseline_marginal_constant,insertion,1,ATTACK,True,1,ATTACK,1.0,0.999639070534613,50,0.8810856055468321,0.7069816796796371,0.3426195375635499,0.17410392586719495,0.5384660679832821,0.043044716806529854,0.01958196568882307,0.13572327311710172,1.5421428680419922,1.4035044701099395,0.13863839793205268,18.4,18.4,trapezoid_from_zero_normalized_by_max_fraction
cicids2017_binary,42,rid_1c419a3f15eb43644fa650ff6ad71b8a,mlp,shap,training_median,baseline_marginal_constant,insertion,0,BENIGN,True,0,BENIGN,0.999999999995775,0.000360929461162,50,0.06890474462891091,-0.10087820867421415,-0.1956899085504959,0.1697829533031251,0.2645946531794068,0.03925257287451513,0.02026101463854377,0.1300713646115793,1.312334656715393,0.7821078850030899,0.5302267717123031,18.4,18.4,trapezoid_from_zero_normalized_by_max_fraction
cicids2017_binary,42,rid_17c75cd659c9243647caddaa9aa43875,mlp,shap,target_class_median,baseline_marginal_constant,deletion,1,ATTACK,True,1,ATTACK,1.0,0.999639070534613,50,0.9497632889149827,0.24184415621573135,0.026435934824461584,0.7079191326992513,0.9233273540905211,0.05160803400255266,0.02547602815204398,0.6579861175212451,1.4385554790496826,1.2678874151706698,0.1706680638790128,18.4,18.4,trapezoid_from_zero_normalized_by_max_fraction
cicids2017_binary,42,rid_accf8c0dda146c4a242cdc9d8885e717,mlp,shap,target_class_median,baseline_marginal_constant,deletion,1,ATTACK,True,1,ATTACK,1.0,0.999639070534613,50,0.9499690841680148,0.32333027720237306,0.05662164365012699,0.6266388069656418,0.8933474405178878,0.0535838922939046,0.027563076026871258,0.5726151779529741,1.4762053489685059,1.4606827874183654,0.015522561550140423,18.4,18.4,trapezoid_from_zero_normalized_by_max_fraction
cicids2017_binary,42,rid_8593525157bd8c913dcb6144108b0a95,mlp,shap,target_class_median,baseline_marginal_constant,deletion,1,ATTACK,True,1,ATTACK,1.0,0.999639070534613,50,0.9499776259619466,0.22143883396922961,0.033218245542257135,0.728538791992717,0.9167593804196895,0.05044542602762317,0.02572554755847602,0.678116718778104,1.8019384145736694,1.601687620639801,0.20025079393386847,18.4,18.4,trapezoid_from_zero_normalized_by_max_fraction
cicids2017_binary,42,rid_09a527fea31178a9ad0ecb1fc521e8fb,mlp,shap,target_class_median,baseline_marginal_constant,deletion,0,BENIGN,True,0,BENIGN,0.9999952757530082,0.0003562052183951,50,-4.283690080342239e-06,-2.54927703339547e-06,-1.3072920562677837e-06,-1.73441304694677e-06,-2.9763980240744555e-06,2.467557959101032e-07,1.1469567419100804e-07,-1.959216568361146e-06,0.23196586966514587,0.09291752885282041,0.13904834081232548,18.4,18.4,trapezoid_from_zero_normalized_by_max_fraction
cicids2017_binary,42,rid_e7974d4f4c91f9e013db09642e33bb70,mlp,shap,target_class_median,baseline_marginal_constant,deletion,0,BENIGN,True,0,BENIGN,0.9999983427942424,0.0003592722596294,50,0.003732146481297604,0.021850911738928842,0.05335700565654704,-0.018118765257631238,-0.04962485917524943,0.011647465031094394,0.0055393628592808565,-0.028975916461821717,2.141954183578491,1.5994936399459838,0.5424605436325074,18.4,18.4,trapezoid_from_zero_normalized_by_max_fraction
cicids2017_binary,42,rid_9f3a7f0f10b651a421dd35c1b1afb71c,mlp,shap,target_class_median,baseline_marginal_constant,deletion,0,BENIGN,True,0,BENIGN,0.9999904021324256,0.0003513315978125,50,-7.764297589574198e-06,-5.798697351693249e-06,-2.9121665754701095e-06,-1.965600237880949e-06,-4.852131014104089e-06,3.619736464199346e-07,1.6536920437319586e-07,-2.289723878452413e-06,0.45375609397888184,0.2284321281686425,0.22532396581023934,18.4,18.4,trapezoid_from_zero_normalized_by_max_fraction
cicids2017_binary,42,rid_8c9bdead15ce16a77b48e3372d9a8a3d,mlp,shap,target_class_median,baseline_marginal_constant,deletion,0,BENIGN,True,0,BENIGN,0.9999991939071152,0.0003601233725021,50,-3.224456435191314e-07,-1.9404848629278602e-07,-2.8028064683383037e-08,-1.2839715722634536e-07,-2.9441757883574836e-07,7.135865203715304e-08,3.5057820088646264e-08,-1.9711048460009204e-07,0.11780212074518204,0.060179061179980634,0.057623059565201404,18.4,18.4,trapezoid_from_zero_normalized_by_max_fraction
cicids2017_binary,42,rid_894f119af6edccd4268535184bc340cf,mlp,shap,target_class_median,baseline_marginal_constant,deletion,0,BENIGN,True,0,BENIGN,0.999999723481352,0.000360652946739,50,-1.38553116357798e-07,-4.603656445567594e-08,-2.908333645024186e-08,-9.251655190212206e-08,-1.0946977990755613e-07,1.1676924164723624e-08,5.718751883113111e-09,-1.0372530559302376e-07,0.09165316075086594,0.031197002777829764,0.060456157973036176,18.4,18.4,trapezoid_from_zero_normalized_by_max_fraction
cicids2017_binary,42,rid_0d983e5b8810b377ec14cf6f0ef744a4,mlp,shap,target_class_median,baseline_marginal_constant,deletion,0,BENIGN,True,0,BENIGN,1.0,0.000360929465387,50,0.002492774836724776,0.0010288004522924195,0.0010650545299814935,0.0014639743844323564,0.0014277203067432824,0.0007583538834073172,0.0004764481806343693,0.0005301359503889926,1.5432372093200684,1.2849494292736052,0.25828778004646313,18.4,18.4,trapezoid_from_zero_normalized_by_max_fraction
cicids2017_binary,42,rid_12f800a48f581538facdec51ab2454d7,mlp,shap,target_class_median,baseline_marginal_constant,deletion,0,BENIGN,True,0,BENIGN,0.9999937983752716,0.0003547278406585,50,-5.5160248763286295e-06,-2.788327465523821e-06,-1.9034136755635698e-06,-2.727697410804808e-06,-3.6126112007650595e-06,3.5677048754597754e-07,1.72800266508557e-07,-3.0663859331615797e-06,0.262084037065506,0.09713192073255779,0.1649521163329482,18.4,18.4,trapezoid_from_zero_normalized_by_max_fraction
cicids2017_binary,42,rid_408ae7c441d02f646de26fd9bdce1d45,mlp,shap,target_class_median,baseline_marginal_constant,deletion,1,ATTACK,True,1,ATTACK,0.9999987483024596,0.9996378188370726,50,0.5054594725370407,0.19331272411241662,0.0755168906566687,0.31214674842462414,0.42994258188037204,0.0482120292837702,0.023623103344182182,0.26584546587002705,0.5894675850868225,0.37681981173157697,0.21264777335524554,18.4,18.4,trapezoid_from_zero_normalized_by_max_fraction
cicids2017_binary,42,rid_cf4ebdc12c3cb032b70b55c77a7cb796,mlp,shap,target_class_median,baseline_marginal_constant,deletion,1,ATTACK,True,1,ATTACK,1.0,0.999639070534613,50,0.9488840129960898,0.392466296810596,0.09510294632986346,0.5564177161854938,0.8537810666662262,0.05016147135147908,0.025817036779236593,0.5058163240981901,1.4101327657699585,1.3562128479480742,0.05391991782188432,18.4,18.4,trapezoid_from_zero_normalized_by_max_fraction
cicids2017_binary,42,rid_12888033c44aa2549d48f3c7bd216973,mlp,shap,target_class_median,baseline_marginal_constant,deletion,1,ATTACK,True,1,ATTACK,1.0,0.999639070534613,50,0.9495669795769401,0.1830774733542468,0.06199364208451134,0.7664895062226935,0.8875733374924288,0.044740043458833825,0.02268231976349096,0.7220321594862512,1.1024808883666992,1.0901127021312713,0.012368186235427903,18.4,18.4,trapezoid_from_zero_normalized_by_max_fraction
cicids2017_binary,42,rid_c084b42c4af4241dd19e6d04badcf8b5,mlp,shap,target_class_median,baseline_marginal_constant,deletion,1,ATTACK,True,1,ATTACK,1.0,0.999639070534613,50,0.8516087329912294,0.20337307773887034,0.0533862123182189,0.6482356552523592,0.7982225206730107,0.044405027654011595,0.024369963055162598,0.6004705276642405,1.2131098508834839,1.1675346776247024,0.045575173258781465,18.4,18.4,trapezoid_from_zero_normalized_by_max_fraction
cicids2017_binary,42,rid_08c29756d968418335a9524cb0092fef,mlp,shap,target_class_median,baseline_marginal_constant,deletion,1,ATTACK,True,1,ATTACK,1.0,0.999639070534613,50,0.9499922390225591,0.4360727527776885,0.08916681018967393,0.5139194862448707,0.8608254288328853,0.05534436017855428,0.027279862192846022,0.46045095634689254,1.5208196640014648,1.3966025695800781,0.12421709442138673,18.4,18.4,trapezoid_from_zero_normalized_by_max_fraction
cicids2017_binary,42,rid_1c419a3f15eb43644fa650ff6ad71b8a,mlp,shap,target_class_median,baseline_marginal_constant,deletion,0,BENIGN,True,0,BENIGN,0.999999999995775,0.000360929461162,50,0.0003228880963655534,0.004820037216602451,0.0037989070801500717,-0.0044971491202368975,-0.0034760189837845182,0.0030364482142574384,0.0022205371226795842,-0.008849401880688883,1.3461177349090576,0.972453286767006,0.3736644481420516,18.4,18.4,trapezoid_from_zero_normalized_by_max_fraction
cicids2017_binary,42,rid_17c75cd659c9243647caddaa9aa43875,mlp,shap,target_class_median,baseline_marginal_constant,insertion,1,ATTACK,True,1,ATTACK,1.0,0.999639070534613,50,0.00560915768146515,-0.047305514616975415,-0.19742245056476893,0.05291467229844056,0.20303160824623412,0.02475382933657035,0.012271198874008538,0.028863122505383827,1.4385554790496826,1.2678874151706698,0.1706680638790128,18.4,18.4,trapezoid_from_zero_normalized_by_max_fraction
cicids2017_binary,42,rid_accf8c0dda146c4a242cdc9d8885e717,mlp,shap,target_class_median,baseline_marginal_constant,insertion,1,ATTACK,True,1,ATTACK,1.0,0.999639070534613,50,0.00560915768146515,-0.08055014450122508,-0.24664720088996314,0.08615930218269022,0.2522563585714283,0.03289065211661869,0.014820421855291152,0.05711127534631956,1.4762053489685059,1.4606827874183654,0.015522561550140423,18.4,18.4,trapezoid_from_zero_normalized_by_max_fraction
cicids2017_binary,42,rid_8593525157bd8c913dcb6144108b0a95,mlp,shap,target_class_median,baseline_marginal_constant,insertion,1,ATTACK,True,1,ATTACK,1.0,0.999639070534613,50,0.00560915768146515,-0.058664582622648447,-0.2591491032701111,0.0642737403041136,0.26475826095157623,0.026809544303777307,0.01261238317567387,0.03955346927979282,1.8019384145736694,1.601687620639801,0.20025079393386847,18.4,18.4,trapezoid_from_zero_normalized_by_max_fraction
cicids2017_binary,42,rid_09a527fea31178a9ad0ecb1fc521e8fb,mlp,shap,target_class_median,baseline_marginal_constant,insertion,0,BENIGN,True,0,BENIGN,0.9999952757530082,0.0003562052183951,50,-3.5420074858905083e-06,-2.1117898103568676e-06,-9.61503191874158e-07,-1.4302176755336404e-06,-2.58050429401635e-06,2.486107055349993e-07,1.2012079589466713e-07,-1.665654435487188e-06,0.23196586966514587,0.09291752885282041,0.13904834081232548,18.4,18.4,trapezoid_from_zero_normalized_by_max_fraction
cicids2017_binary,42,rid_e7974d4f4c91f9e013db09642e33bb70,mlp,shap,target_class_median,baseline_marginal_constant,insertion,0,BENIGN,True,0,BENIGN,0.9999983427942424,0.0003592722596294,50,-0.0008351006511169601,-0.052450078904295844,-0.021576291833470124,0.051614978253178886,0.020741191182353163,0.02361260875347861,0.011790318502022402,0.028505953989214978,2.141954183578491,1.5994936399459838,0.5424605436325074,18.4,18.4,trapezoid_from_zero_normalized_by_max_fraction
cicids2017_binary,42,rid_9f3a7f0f10b651a421dd35c1b1afb71c,mlp,shap,target_class_median,baseline_marginal_constant,insertion,0,BENIGN,True,0,BENIGN,0.9999904021324256,0.0003513315978125,50,-4.311620262598126e-06,-4.018148229299357e-06,-1.4332058068475816e-06,-2.934720332987695e-07,-2.878414455750544e-06,5.00443838827922e-07,2.604320895603713e-07,-8.039189288370972e-07,0.45375609397888184,0.2284321281686425,0.22532396581023934,18.4,18.4,trapezoid_from_zero_normalized_by_max_fraction
cicids2017_binary,42,rid_8c9bdead15ce16a77b48e3372d9a8a3d,mlp,shap,target_class_median,baseline_marginal_constant,insertion,0,BENIGN,True,0,BENIGN,0.9999991939071152,0.0003601233725021,50,-2.6355958056001326e-07,-3.3578047660753897e-07,-1.3985536021010603e-07,7.222089604752567e-08,-1.2370422034990726e-07,6.197200551771867e-08,3.0117158120495024e-08,1.3191266131355422e-08,0.11780212074518204,0.060179061179980634,0.057623059565201404,18.4,18.4,trapezoid_from_zero_normalized_by_max_fraction
cicids2017_binary,42,rid_894f119af6edccd4268535184bc340cf,mlp,shap,target_class_median,baseline_marginal_constant,insertion,0,BENIGN,True,0,BENIGN,0.999999723481352,0.000360652946739,50,-1.610916875449675e-07,-5.432110754099995e-08,-3.4289441067869575e-08,-1.0677058000396755e-07,-1.2680224647709792e-07,1.1621446732033245e-08,5.688520228392311e-09,-1.1792007965161647e-07,0.09165316075086594,0.031197002777829764,0.060456157973036176,18.4,18.4,trapezoid_from_zero_normalized_by_max_fraction
cicids2017_binary,42,rid_0d983e5b8810b377ec14cf6f0ef744a4,mlp,shap,target_class_median,baseline_marginal_constant,insertion,0,BENIGN,True,0,BENIGN,1.0,0.000360929465387,50,1.3482610807802332e-07,-9.151898427868255e-05,-0.0012347927275632182,9.165381038676057e-05,0.0012349275536712963,5.063491711793146e-05,3.25417922477388e-05,2.7871897581192522e-05,1.5432372093200684,1.2849494292736052,0.25828778004646313,18.4,18.4,trapezoid_from_zero_normalized_by_max_fraction
cicids2017_binary,42,rid_12f800a48f581538facdec51ab2454d7,mlp,shap,target_class_median,baseline_marginal_constant,insertion,0,BENIGN,True,0,BENIGN,0.9999937983752716,0.0003547278406585,50,-3.3099480255316393e-06,-2.1446635511424006e-06,-1.3408135294241672e-06,-1.1652844743892386e-06,-1.969134496107472e-06,3.420915488015473e-07,1.726190263956403e-07,-1.5036177661246936e-06,0.262084037065506,0.09713192073255779,0.1649521163329482,18.4,18.4,trapezoid_from_zero_normalized_by_max_fraction
cicids2017_binary,42,rid_408ae7c441d02f646de26fd9bdce1d45,mlp,shap,target_class_median,baseline_marginal_constant,insertion,1,ATTACK,True,1,ATTACK,0.9999987483024596,0.9996378188370726,50,0.005295547842979431,-0.1482406581705436,-0.18114298838097603,0.15353620601352305,0.18643853622395545,0.04494502155301186,0.02130863813457328,0.11177127526975941,0.5894675850868225,0.37681981173157697,0.21264777335524554,18.4,18.4,trapezoid_from_zero_normalized_by_max_fraction
cicids2017_binary,42,rid_cf4ebdc12c3cb032b70b55c77a7cb796,mlp,shap,target_class_median,baseline_marginal_constant,insertion,1,ATTACK,True,1,ATTACK,1.0,0.999639070534613,50,0.00560915768146515,-0.09997931557191259,-0.2907305326744005,0.10558847325337775,0.29633969035586566,0.03453231331081259,0.01560705152424377,0.07499865226585996,1.4101327657699585,1.3562128479480742,0.05391991782188432,18.4,18.4,trapezoid_from_zero_normalized_by_max_fraction
cicids2017_binary,42,rid_12888033c44aa2549d48f3c7bd216973,mlp,shap,target_class_median,baseline_marginal_constant,insertion,1,ATTACK,True,1,ATTACK,1.0,0.999639070534613,50,0.005607083439826965,-0.19075720735937662,-0.24266488829732166,0.19636429079920362,0.24827197173714866,0.04900782216040579,0.022593553687588523,0.1520809255715301,1.1024808883666992,1.0901127021312713,0.012368186235427903,18.4,18.4,trapezoid_from_zero_normalized_by_max_fraction
cicids2017_binary,42,rid_c084b42c4af4241dd19e6d04badcf8b5,mlp,shap,target_class_median,baseline_marginal_constant,insertion,1,ATTACK,True,1,ATTACK,1.0,0.999639070534613,50,0.00560915768146515,-0.08185361185597867,-0.2428947609428142,0.08746276953744382,0.24850391862427929,0.03194196647038233,0.015233581771625994,0.057604949265056875,1.2131098508834839,1.1675346776247024,0.045575173258781465,18.4,18.4,trapezoid_from_zero_normalized_by_max_fraction
cicids2017_binary,42,rid_08c29756d968418335a9524cb0092fef,mlp,shap,target_class_median,baseline_marginal_constant,insertion,1,ATTACK,True,1,ATTACK,1.0,0.999639070534613,50,0.00560915768146515,-0.091535873356879,-0.24252203556896973,0.09714503103834417,0.24813119325043487,0.034991681783940014,0.01598085397535605,0.06582255724664632,1.5208196640014648,1.3966025695800781,0.12421709442138673,18.4,18.4,trapezoid_from_zero_normalized_by_max_fraction
cicids2017_binary,42,rid_1c419a3f15eb43644fa650ff6ad71b8a,mlp,shap,target_class_median,baseline_marginal_constant,insertion,0,BENIGN,True,0,BENIGN,0.999999999995775,0.000360929461162,50,-1.157474023538718e-06,-0.029694442327380673,-0.018762652632590048,0.029693284853357135,0.01876149515856651,0.01762672510334803,0.009189272780888009,0.01168231020281664,1.3461177349090576,0.972453286767006,0.3736644481420516,18.4,18.4,trapezoid_from_zero_normalized_by_max_fraction
cicids2017_binary,42,rid_17c75cd659c9243647caddaa9aa43875,mlp,shap,joint_donor,dependency_preserving,deletion,1,ATTACK,True,1,ATTACK,1.0,0.999639070534613,50,0.9495270098884703,0.1795693936936324,0.07390760793917435,0.7699576161948378,0.875619401949296,0.042122804534104566,0.023289545545333547,0.7243101069259841,1.3687046766281128,1.5624561200141904,-0.19375144338607764,18.4,18.4,trapezoid_from_zero_normalized_by_max_fraction
cicids2017_binary,42,rid_accf8c0dda146c4a242cdc9d8885e717,mlp,shap,joint_donor,dependency_preserving,deletion,1,ATTACK,True,1,ATTACK,1.0,0.999639070534613,50,0.7491375048484983,0.26102553109489346,0.13067328968443992,0.4881119737536048,0.6184642151640583,0.04742094105026824,0.026053053903362537,0.43704798810301426,1.4470503330230713,1.59592995595932,-0.1488796229362488,18.4,18.4,trapezoid_from_zero_normalized_by_max_fraction
cicids2017_binary,42,rid_8593525157bd8c913dcb6144108b0a95,mlp,shap,joint_donor,dependency_preserving,deletion,1,ATTACK,True,1,ATTACK,1.0,0.999639070534613,50,0.449005099787496,0.28575968734661145,0.09548148073802874,0.1632454124408845,0.3535236190494673,0.05038168066861266,0.027393698883250536,0.10955376262971345,1.1990034580230713,1.0334297258853913,0.16557373213768,18.4,18.4,trapezoid_from_zero_normalized_by_max_fraction
cicids2017_binary,42,rid_09a527fea31178a9ad0ecb1fc521e8fb,mlp,shap,joint_donor,dependency_preserving,deletion,0,BENIGN,True,0,BENIGN,0.9999952757530082,0.0003562052183951,50,0.10782605224635435,0.04020717934106138,0.02798512748813934,0.06761887290529295,0.07984092475821498,0.01906853678338554,0.011810762552198008,0.04446977830298485,0.11705224215984344,0.060315415421500804,0.05673682673834264,18.4,18.4,trapezoid_from_zero_normalized_by_max_fraction
cicids2017_binary,42,rid_e7974d4f4c91f9e013db09642e33bb70,mlp,shap,joint_donor,dependency_preserving,deletion,0,BENIGN,True,0,BENIGN,0.9999983427942424,0.0003592722596294,50,0.25362374041426106,0.09412092933365138,0.07961061102292546,0.1595028110806097,0.17401312939133562,0.03238510404827321,0.01611933061684978,0.12790892307158414,2.241574764251709,2.1376061801910398,0.10396858406066922,18.4,18.4,trapezoid_from_zero_normalized_by_max_fraction
cicids2017_binary,42,rid_9f3a7f0f10b651a421dd35c1b1afb71c,mlp,shap,joint_donor,dependency_preserving,deletion,0,BENIGN,True,0,BENIGN,0.9999904021324256,0.0003513315978125,50,0.34943846805960277,0.04203546797411983,0.027949324356164176,0.30740300008548294,0.3214891437034386,0.01756764490812754,0.009889760148648433,0.28801907019413203,1.5080376863479614,1.5175812270641327,-0.00954354071617125,18.4,18.4,trapezoid_from_zero_normalized_by_max_fraction
cicids2017_binary,42,rid_8c9bdead15ce16a77b48e3372d9a8a3d,mlp,shap,joint_donor,dependency_preserving,deletion,0,BENIGN,True,0,BENIGN,0.9999991939071152,0.0003601233725021,50,0.20132233271582153,0.0783846809051585,0.02737934382147138,0.12293765181066302,0.17394298889435014,0.0276415668285681,0.015943152314902998,0.09168907327345314,0.8855032920837402,0.6663550171852112,0.21914827489852906,18.4,18.4,trapezoid_from_zero_normalized_by_max_fraction
cicids2017_binary,42,rid_894f119af6edccd4268535184bc340cf,mlp,shap,joint_donor,dependency_preserving,deletion,0,BENIGN,True,0,BENIGN,0.999999723481352,0.000360652946739,50,0.4915691494339356,0.09293555287093436,0.05246511616596588,0.39863359656300124,0.4391040332679697,0.029705872306135327,0.01662033607377702,0.3660577378583983,1.1064717769622803,0.726675522327423,0.3797962546348572,18.4,18.4,trapezoid_from_zero_normalized_by_max_fraction
cicids2017_binary,42,rid_0d983e5b8810b377ec14cf6f0ef744a4,mlp,shap,joint_donor,dependency_preserving,deletion,0,BENIGN,True,0,BENIGN,1.0,0.000360929465387,50,0.2013611924696364,0.03581384857901126,0.017311993451203978,0.16554734389062517,0.18404919901843245,0.018198263854753535,0.010708221816503478,0.14455922913027835,1.5519202947616577,1.2758513898849488,0.2760689048767089,18.4,18.4,trapezoid_from_zero_normalized_by_max_fraction
cicids2017_binary,42,rid_12f800a48f581538facdec51ab2454d7,mlp,shap,joint_donor,dependency_preserving,deletion,0,BENIGN,True,0,BENIGN,0.9999937983752716,0.0003547278406585,50,0.40666986269902733,0.04271317129767421,0.04241324850171428,0.3639566914013531,0.3642566141973131,0.017102546086124173,0.01103432091906142,0.34232942239999276,0.24226582050323486,0.10023820023238658,0.14202762027084828,18.4,18.4,trapezoid_from_zero_normalized_by_max_fraction
cicids2017_binary,42,rid_408ae7c441d02f646de26fd9bdce1d45,mlp,shap,joint_donor,dependency_preserving,deletion,1,ATTACK,True,1,ATTACK,0.9999987483024596,0.9996378188370726,50,0.43072324843322174,0.28728160049465457,0.26313678299602483,0.14344164793856728,0.1675864654371969,0.05263463194318764,0.027099890304717954,0.0903258629413201,1.5453031063079834,2.271319614171982,-0.7260165078639984,18.4,18.4,trapezoid_from_zero_normalized_by_max_fraction
cicids2017_binary,42,rid_cf4ebdc12c3cb032b70b55c77a7cb796,mlp,shap,joint_donor,dependency_preserving,deletion,1,ATTACK,True,1,ATTACK,1.0,0.999639070534613,50,0.6484595693739905,0.3580950899300169,0.1096703955344285,0.2903644794439737,0.538789173839562,0.04917935154761108,0.026464930166622432,0.23849321631739373,1.529554843902588,1.3368214259147644,0.1927334179878235,18.4,18.4,trapezoid_from_zero_normalized_by_max_fraction
cicids2017_binary,42,rid_12888033c44aa2549d48f3c7bd216973,mlp,shap,joint_donor,dependency_preserving,deletion,1,ATTACK,True,1,ATTACK,1.0,0.999639070534613,50,0.9499845092704732,0.2549979148836221,0.08550936773455553,0.6949865943868511,0.8644751415359175,0.04915588864761655,0.025345254512832052,0.6453098955417003,1.1038788557052612,1.0843699657917023,0.019508889913558924,18.4,18.4,trapezoid_from_zero_normalized_by_max_fraction
cicids2017_binary,42,rid_c084b42c4af4241dd19e6d04badcf8b5,mlp,shap,joint_donor,dependency_preserving,deletion,1,ATTACK,True,1,ATTACK,1.0,0.999639070534613,50,0.7016327491941858,0.2568387089533723,0.13070777510296203,0.4447940402408135,0.5709249740912238,0.0429380137287719,0.024152515907619396,0.3974551090618795,1.2120071649551392,1.1742259318828583,0.03778123307228087,18.4,18.4,trapezoid_from_zero_normalized_by_max_fraction
cicids2017_binary,42,rid_08c29756d968418335a9524cb0092fef,mlp,shap,joint_donor,dependency_preserving,deletion,1,ATTACK,True,1,ATTACK,1.0,0.999639070534613,50,0.799865169981274,0.38676062684639495,0.12439130437226949,0.41310454313487904,0.6754738656090045,0.058709780859623556,0.02881802052281778,0.3566212229101562,1.5217456817626953,1.4117263269424438,0.11001935482025149,18.4,18.4,trapezoid_from_zero_normalized_by_max_fraction
cicids2017_binary,42,rid_1c419a3f15eb43644fa650ff6ad71b8a,mlp,shap,joint_donor,dependency_preserving,deletion,0,BENIGN,True,0,BENIGN,0.999999999995775,0.000360929461162,50,2.455790007055425e-06,0.13016425133142048,0.04269040174787993,-0.13016179554141344,-0.04268794595787287,0.0393163562810114,0.020769190102255138,-0.17086940814183352,1.0127415657043457,0.7112007489204407,0.301540816783905,18.4,18.4,trapezoid_from_zero_normalized_by_max_fraction
cicids2017_binary,42,rid_17c75cd659c9243647caddaa9aa43875,mlp,shap,joint_donor,dependency_preserving,insertion,1,ATTACK,True,1,ATTACK,1.0,0.999639070534613,50,0.863460331193346,0.5831616007499143,0.4926937378200158,0.2802987304434318,0.3707665933733303,0.05911972955696097,0.0276382635407959,0.22612773390347182,1.3687046766281128,1.5624561200141904,-0.19375144338607764,18.4,18.4,trapezoid_from_zero_normalized_by_max_fraction
cicids2017_binary,42,rid_accf8c0dda146c4a242cdc9d8885e717,mlp,shap,joint_donor,dependency_preserving,insertion,1,ATTACK,True,1,ATTACK,1.0,0.999639070534613,50,0.8730086401104926,0.5917528750911332,0.5207903814917785,0.28125576501935945,0.35221825861871425,0.060456514537601834,0.02869932706761689,0.22500508396683033,1.4470503330230713,1.59592995595932,-0.1488796229362488,18.4,18.4,trapezoid_from_zero_normalized_by_max_fraction
cicids2017_binary,42,rid_8593525157bd8c913dcb6144108b0a95,mlp,shap,joint_donor,dependency_preserving,insertion,1,ATTACK,True,1,ATTACK,1.0,0.999639070534613,50,0.0,-0.21113445847216197,-0.4293760405857976,0.21113445847216197,0.4293760405857976,0.04686725187307676,0.0214629696262925,0.1690670380046287,1.1990034580230713,1.0334297258853913,0.16557373213768,18.4,18.4,trapezoid_from_zero_normalized_by_max_fraction
cicids2017_binary,42,rid_09a527fea31178a9ad0ecb1fc521e8fb,mlp,shap,joint_donor,dependency_preserving,insertion,0,BENIGN,True,0,BENIGN,0.9999952757530082,0.0003562052183951,50,-0.2296246506966234,-0.2661163420474969,-0.28409320476925715,0.03649169135087346,0.05446855407263369,0.053258135603357966,0.024840513213566496,-0.012195714547716868,0.11705224215984344,0.060315415421500804,0.05673682673834264,18.4,18.4,trapezoid_from_zero_normalized_by_max_fraction
cicids2017_binary,42,rid_e7974d4f4c91f9e013db09642e33bb70,mlp,shap,joint_donor,dependency_preserving,insertion,0,BENIGN,True,0,BENIGN,0.9999983427942424,0.0003592722596294,50,-0.1496609557056445,-0.2084914585156146,-0.29355512913937254,0.0588305028099701,0.143894173433728,0.04887089664163129,0.022634446166541696,0.014466988323548376,2.241574764251709,2.1376061801910398,0.10396858406066922,18.4,18.4,trapezoid_from_zero_normalized_by_max_fraction
cicids2017_binary,42,rid_9f3a7f0f10b651a421dd35c1b1afb71c,mlp,shap,joint_donor,dependency_preserving,insertion,0,BENIGN,True,0,BENIGN,0.9999904021324256,0.0003513315978125,50,-0.06260477126322529,-0.15251623210235704,-0.29590707250410936,0.08991146083913173,0.23330230124088408,0.04160070011264312,0.020176367316454533,0.05036578089888085,1.5080376863479614,1.5175812270641327,-0.00954354071617125,18.4,18.4,trapezoid_from_zero_normalized_by_max_fraction
cicids2017_binary,42,rid_8c9bdead15ce16a77b48e3372d9a8a3d,mlp,shap,joint_donor,dependency_preserving,insertion,0,BENIGN,True,0,BENIGN,0.9999991939071152,0.0003601233725021,50,0.8502182588090803,0.8094187722906038,0.6808264689887524,0.04079948651847669,0.16939178982032801,0.0402192779962221,0.018333428357324585,0.004865966938120504,0.8855032920837402,0.6663550171852112,0.21914827489852906,18.4,18.4,trapezoid_from_zero_normalized_by_max_fraction
cicids2017_binary,42,rid_894f119af6edccd4268535184bc340cf,mlp,shap,joint_donor,dependency_preserving,insertion,0,BENIGN,True,0,BENIGN,0.999999723481352,0.000360652946739,50,0.6562802122576501,0.7954024072894208,0.6322902576366489,-0.1391221950317707,0.023989954621001217,0.04346372279682935,0.020270964458017703,-0.1788532853694854,1.1064717769622803,0.726675522327423,0.3797962546348572,18.4,18.4,trapezoid_from_zero_normalized_by_max_fraction
cicids2017_binary,42,rid_0d983e5b8810b377ec14cf6f0ef744a4,mlp,shap,joint_donor,dependency_preserving,insertion,0,BENIGN,True,0,BENIGN,1.0,0.000360929465387,50,-0.273395217553945,-0.11025157452177133,-0.2195062830189566,-0.16314364303217366,-0.05388893453498835,0.030334469474683216,0.01524687015166298,-0.1930275085294331,1.5519202947616577,1.2758513898849488,0.2760689048767089,18.4,18.4,trapezoid_from_zero_normalized_by_max_fraction
cicids2017_binary,42,rid_12f800a48f581538facdec51ab2454d7,mlp,shap,joint_donor,dependency_preserving,insertion,0,BENIGN,True,0,BENIGN,0.9999937983752716,0.0003547278406585,50,-0.07490163336742625,-0.24511381205856295,-0.2769614705861688,0.1702121786911367,0.20205983721874254,0.051064068502847185,0.023574011962915368,0.12400711524382257,0.24226582050323486,0.10023820023238658,0.14202762027084828,18.4,18.4,trapezoid_from_zero_normalized_by_max_fraction
cicids2017_binary,42,rid_408ae7c441d02f646de26fd9bdce1d45,mlp,shap,joint_donor,dependency_preserving,insertion,1,ATTACK,True,1,ATTACK,0.9999987483024596,0.9996378188370726,50,0.6729051565436748,0.5398582001614083,0.49560679344313274,0.13304695638226643,0.17729836310054206,0.06324169747993812,0.02991845825285546,0.07440677820666973,1.5453031063079834,2.271319614171982,-0.7260165078639984,18.4,18.4,trapezoid_from_zero_normalized_by_max_fraction
cicids2017_binary,42,rid_cf4ebdc12c3cb032b70b55c77a7cb796,mlp,shap,joint_donor,dependency_preserving,insertion,1,ATTACK,True,1,ATTACK,1.0,0.999639070534613,50,0.8583181191176152,0.5898093972161247,0.44680701022689934,0.2685087219014904,0.41151110889071585,0.06000402226911663,0.028237885558593454,0.21316246620664722,1.529554843902588,1.3368214259147644,0.1927334179878235,18.4,18.4,trapezoid_from_zero_normalized_by_max_fraction
cicids2017_binary,42,rid_12888033c44aa2549d48f3c7bd216973,mlp,shap,joint_donor,dependency_preserving,insertion,1,ATTACK,True,1,ATTACK,1.0,0.999639070534613,50,-0.10046773365465925,-0.3328287014906282,-0.4969907600380108,0.23236096783596896,0.3965230263833516,0.058064019300478414,0.027238214512257882,0.17897406739194352,1.1038788557052612,1.0843699657917023,0.019508889913558924,18.4,18.4,trapezoid_from_zero_normalized_by_max_fraction
cicids2017_binary,42,rid_c084b42c4af4241dd19e6d04badcf8b5,mlp,shap,joint_donor,dependency_preserving,insertion,1,ATTACK,True,1,ATTACK,1.0,0.999639070534613,50,-0.07474720478057864,-0.3357964709135404,-0.5094243236589474,0.2610492661329618,0.4346771188783688,0.055556207750241685,0.025601841735527733,0.21086965633132745,1.2120071649551392,1.1742259318828583,0.03778123307228087,18.4,18.4,trapezoid_from_zero_normalized_by_max_fraction
cicids2017_binary,42,rid_08c29756d968418335a9524cb0092fef,mlp,shap,joint_donor,dependency_preserving,insertion,1,ATTACK,True,1,ATTACK,1.0,0.999639070534613,50,-0.05589890480041503,-0.3001959124991517,-0.4400753362450069,0.24429700769873663,0.3841764314445918,0.05414182315175435,0.025259488350674642,0.19478841053141432,1.5217456817626953,1.4117263269424438,0.11001935482025149,18.4,18.4,trapezoid_from_zero_normalized_by_max_fraction
cicids2017_binary,42,rid_1c419a3f15eb43644fa650ff6ad71b8a,mlp,shap,joint_donor,dependency_preserving,insertion,0,BENIGN,True,0,BENIGN,0.999999999995775,0.000360929461162,50,0.9498293880709403,0.7106128027903363,0.6344167393851721,0.23921658528060408,0.31541264868576835,0.05561109582639598,0.026335959374945074,0.18759810490571172,1.0127415657043457,0.7112007489204407,0.301540816783905,18.4,18.4,trapezoid_from_zero_normalized_by_max_fraction
cicids2017_binary,42,rid_17c75cd659c9243647caddaa9aa43875,mlp,shap,target_class_donor,dependency_preserving_conditional_on_class,deletion,1,ATTACK,True,1,ATTACK,1.0,0.999639070534613,50,0.6497877378591511,0.13620280378389268,0.024399474979214117,0.5135849340752584,0.625388262879937,0.03961071315172702,0.02086415246912449,0.4726911952357744,1.47138249874115,1.470194570541382,0.0011879281997679847,18.4,18.4,trapezoid_from_zero_normalized_by_max_fraction
cicids2017_binary,42,rid_accf8c0dda146c4a242cdc9d8885e717,mlp,shap,target_class_donor,dependency_preserving_conditional_on_class,deletion,1,ATTACK,True,1,ATTACK,1.0,0.999639070534613,50,0.6498453749509281,0.07472560549232368,0.031298754965683656,0.5751197694586044,0.6185466199852444,0.03037300202872265,0.01613866268929603,0.5434879905875842,1.4758319854736328,1.32457577252388,0.15125621294975278,18.4,18.4,trapezoid_from_zero_normalized_by_max_fraction
cicids2017_binary,42,rid_8593525157bd8c913dcb6144108b0a95,mlp,shap,target_class_donor,dependency_preserving_conditional_on_class,deletion,1,ATTACK,True,1,ATTACK,1.0,0.999639070534613,50,0.4499967521089274,0.15009815863033074,0.04318966382586209,0.2998985934785967,0.4068070882830654,0.04343516006273755,0.02317894253776135,0.25446786610458444,1.8009246587753296,1.6418900139331818,0.1590346448421478,18.4,18.4,trapezoid_from_zero_normalized_by_max_fraction
cicids2017_binary,42,rid_09a527fea31178a9ad0ecb1fc521e8fb,mlp,shap,target_class_donor,dependency_preserving_conditional_on_class,deletion,0,BENIGN,True,0,BENIGN,0.9999952757530082,0.0003562052183951,50,0.13035182954470204,0.0012384244730359055,0.0005466889683382141,0.1291134050716661,0.12980514057636383,0.000760588480153725,0.0005570036097606992,0.12802167799653513,0.11114905029535294,0.06860035582631827,0.04254869446903467,18.4,18.4,trapezoid_from_zero_normalized_by_max_fraction
cicids2017_binary,42,rid_e7974d4f4c91f9e013db09642e33bb70,mlp,shap,target_class_donor,dependency_preserving_conditional_on_class,deletion,0,BENIGN,True,0,BENIGN,0.9999983427942424,0.0003592722596294,50,0.004045101675956175,0.03159248766667329,0.060478784967881456,-0.02754738599071712,-0.05643368329192528,0.014041773190561364,0.00710023325318169,-0.04146384316695323,2.166490077972412,1.6653185098171235,0.5011715681552886,18.4,18.4,trapezoid_from_zero_normalized_by_max_fraction
cicids2017_binary,42,rid_9f3a7f0f10b651a421dd35c1b1afb71c,mlp,shap,target_class_donor,dependency_preserving_conditional_on_class,deletion,0,BENIGN,True,0,BENIGN,0.9999904021324256,0.0003513315978125,50,0.019291599411161542,0.00987273217740981,0.010618314431417395,0.009418867233751729,0.008673284979744143,0.007468237485962292,0.004928524972823151,-0.0002410417129816468,1.2746659517288208,1.0765639102458953,0.19810204148292554,18.4,18.4,trapezoid_from_zero_normalized_by_max_fraction
cicids2017_binary,42,rid_8c9bdead15ce16a77b48e3372d9a8a3d,mlp,shap,target_class_donor,dependency_preserving_conditional_on_class,deletion,0,BENIGN,True,0,BENIGN,0.9999991939071152,0.0003601233725021,50,0.0044306616981335985,0.0015537725517505098,0.0055346982204562975,0.002876889146383088,-0.001104036522322699,0.0012485682514242077,0.001046189692128351,0.0008263573498115198,1.2505919933319092,1.322249711751938,-0.07165771842002888,18.4,18.4,trapezoid_from_zero_normalized_by_max_fraction
cicids2017_binary,42,rid_894f119af6edccd4268535184bc340cf,mlp,shap,target_class_donor,dependency_preserving_conditional_on_class,deletion,0,BENIGN,True,0,BENIGN,0.999999723481352,0.000360652946739,50,2.267665749045022e-06,0.0010974636568352372,0.00026893023520025783,-0.001095195991086192,-0.0002666625694512128,0.0008511992808353697,0.0005189771076250121,-0.0021123911220312158,0.0894651859998703,0.042322570152580744,0.04714261584728956,18.4,18.4,trapezoid_from_zero_normalized_by_max_fraction
cicids2017_binary,42,rid_0d983e5b8810b377ec14cf6f0ef744a4,mlp,shap,target_class_donor,dependency_preserving_conditional_on_class,deletion,0,BENIGN,True,0,BENIGN,1.0,0.000360929465387,50,0.0018760211678511716,0.0006963115129894068,1.9528371557527184e-05,0.001179709654861765,0.0018564927962936447,0.0004401076432528599,0.00028015392327326876,0.0006306079652461582,1.582338571548462,1.3678796253204344,0.21445894622802752,18.4,18.4,trapezoid_from_zero_normalized_by_max_fraction
cicids2017_binary,42,rid_12f800a48f581538facdec51ab2454d7,mlp,shap,target_class_donor,dependency_preserving_conditional_on_class,deletion,0,BENIGN,True,0,BENIGN,0.9999937983752716,0.0003547278406585,50,0.004772052524640401,0.0001667039512109867,0.0010494774682065417,0.0046053485734294155,0.0037225750564338607,0.00012055592717538565,8.532509510964008e-05,0.004438111387014521,0.17931801080703735,0.08027813791483641,0.09903987289220094,18.4,18.4,trapezoid_from_zero_normalized_by_max_fraction
cicids2017_binary,42,rid_408ae7c441d02f646de26fd9bdce1d45,mlp,shap,target_class_donor,dependency_preserving_conditional_on_class,deletion,1,ATTACK,True,1,ATTACK,0.9999987483024596,0.9996378188370726,50,0.23554078955203295,0.1821427391290563,0.07201920819372754,0.053398050422976656,0.16352158135830538,0.046223142216420585,0.02248051399262079,0.009336242997439903,0.4662831425666809,0.30310845443606377,0.16317468813061714,18.4,18.4,trapezoid_from_zero_normalized_by_max_fraction
cicids2017_binary,42,rid_cf4ebdc12c3cb032b70b55c77a7cb796,mlp,shap,target_class_donor,dependency_preserving_conditional_on_class,deletion,1,ATTACK,True,1,ATTACK,1.0,0.999639070534613,50,0.7988803141107284,0.13406920320888993,0.04552840043507193,0.6648111109018384,0.7533519136756563,0.040584280215356615,0.02131595953083335,0.6230318302214051,1.5066241025924683,1.4106549122333525,0.09596919035911577,18.4,18.4,trapezoid_from_zero_normalized_by_max_fraction
cicids2017_binary,42,rid_12888033c44aa2549d48f3c7bd216973,mlp,shap,target_class_donor,dependency_preserving_conditional_on_class,deletion,1,ATTACK,True,1,ATTACK,1.0,0.999639070534613,50,0.551220602596004,0.08676571718190099,0.035146507324709086,0.46445488541410307,0.516074095271295,0.03234740799950678,0.016603680329147507,0.43191167196897395,1.113703727722168,1.2220157194137573,-0.10831199169158934,18.4,18.4,trapezoid_from_zero_normalized_by_max_fraction
cicids2017_binary,42,rid_c084b42c4af4241dd19e6d04badcf8b5,mlp,shap,target_class_donor,dependency_preserving_conditional_on_class,deletion,1,ATTACK,True,1,ATTACK,1.0,0.999639070534613,50,0.7560410387612477,0.086808911590123,0.03251356374716488,0.6692321271711248,0.723527475014083,0.034862321654451606,0.018111844972974765,0.6337329110240942,0.8308817148208618,0.618659050911665,0.21222266390919686,18.4,18.4,trapezoid_from_zero_normalized_by_max_fraction
cicids2017_binary,42,rid_08c29756d968418335a9524cb0092fef,mlp,shap,target_class_donor,dependency_preserving_conditional_on_class,deletion,1,ATTACK,True,1,ATTACK,1.0,0.999639070534613,50,0.49999292493539543,0.20629934126411165,0.03963203940840594,0.2936935836712838,0.4603608855269895,0.05096247137578056,0.024778419510522808,0.24512788143065908,1.5801222324371338,1.6124668917655947,-0.03234465932846087,18.4,18.4,trapezoid_from_zero_normalized_by_max_fraction
cicids2017_binary,42,rid_1c419a3f15eb43644fa650ff6ad71b8a,mlp,shap,target_class_donor,dependency_preserving_conditional_on_class,deletion,0,BENIGN,True,0,BENIGN,0.999999999995775,0.000360929461162,50,0.006459860695377168,0.017579901851183178,0.02142914190291012,-0.01112004115580601,-0.014969281207532954,0.011921136560679696,0.0056996112343925195,-0.022291279175215346,1.3615400791168213,1.039514641880989,0.3220254372358322,18.4,18.4,trapezoid_from_zero_normalized_by_max_fraction
cicids2017_binary,42,rid_17c75cd659c9243647caddaa9aa43875,mlp,shap,target_class_donor,dependency_preserving_conditional_on_class,insertion,1,ATTACK,True,1,ATTACK,1.0,0.999639070534613,50,3.397464752197266e-07,-0.03652429211008712,-0.07980225397989851,0.03652463185656234,0.07980259372637374,0.022042723476156434,0.010780232667851495,0.015395375827573405,1.47138249874115,1.470194570541382,0.0011879281997679847,18.4,18.4,trapezoid_from_zero_normalized_by_max_fraction
cicids2017_binary,42,rid_accf8c0dda146c4a242cdc9d8885e717,mlp,shap,target_class_donor,dependency_preserving_conditional_on_class,insertion,1,ATTACK,True,1,ATTACK,1.0,0.999639070534613,50,0.00012525320053100586,-0.11277806188305634,-0.10367231659180522,0.11290331508358734,0.10379756979233622,0.039871068518547825,0.0185490109064199,0.07654725370700433,1.4758319854736328,1.32457577252388,0.15125621294975278,18.4,18.4,trapezoid_from_zero_normalized_by_max_fraction
cicids2017_binary,42,rid_8593525157bd8c913dcb6144108b0a95,mlp,shap,target_class_donor,dependency_preserving_conditional_on_class,insertion,1,ATTACK,True,1,ATTACK,1.0,0.999639070534613,50,1.5288591384887695e-05,-0.03813046820345334,-0.08622067429638944,0.038145756794838226,0.08623596288777433,0.02168085701344047,0.011037140284402204,0.016512961837409905,1.8009246587753296,1.6418900139331818,0.1590346448421478,18.4,18.4,trapezoid_from_zero_normalized_by_max_fraction
cicids2017_binary,42,rid_09a527fea31178a9ad0ecb1fc521e8fb,mlp,shap,target_class_donor,dependency_preserving_conditional_on_class,insertion,0,BENIGN,True,0,BENIGN,0.9999952757530082,0.0003562052183951,50,6.865240408160389e-06,-0.002692860842731815,-0.012402137948827613,0.0026997260831399753,0.012409003189235775,0.0015300847125551305,0.0007331728457760341,0.0012627073054189484,0.11114905029535294,0.06860035582631827,0.04254869446903467,18.4,18.4,trapezoid_from_zero_normalized_by_max_fraction
cicids2017_binary,42,rid_e7974d4f4c91f9e013db09642e33bb70,mlp,shap,target_class_donor,dependency_preserving_conditional_on_class,insertion,0,BENIGN,True,0,BENIGN,0.9999983427942424,0.0003592722596294,50,-0.003410098529769812,-0.060595302869835346,-0.032785720834316946,0.057185204340065535,0.029375622304547135,0.02620077234650859,0.014234590560300804,0.029285406841875958,2.166490077972412,1.6653185098171235,0.5011715681552886,18.4,18.4,trapezoid_from_zero_normalized_by_max_fraction
cicids2017_binary,42,rid_9f3a7f0f10b651a421dd35c1b1afb71c,mlp,shap,target_class_donor,dependency_preserving_conditional_on_class,insertion,0,BENIGN,True,0,BENIGN,0.9999904021324256,0.0003513315978125,50,-7.892318055369163e-07,-0.0026683632887429237,-0.0025297435446203285,0.002667574056937387,0.0025289543128147914,0.0022870169714421682,0.0014843177398924355,-0.0002416887132517865,1.2746659517288208,1.0765639102458953,0.19810204148292554,18.4,18.4,trapezoid_from_zero_normalized_by_max_fraction
cicids2017_binary,42,rid_8c9bdead15ce16a77b48e3372d9a8a3d,mlp,shap,target_class_donor,dependency_preserving_conditional_on_class,insertion,0,BENIGN,True,0,BENIGN,0.9999991939071152,0.0003601233725021,50,-9.946905792035388e-07,-0.009795685348022332,-0.00039473941644356324,0.00979469065744313,0.00039374472586435974,0.006446646323141909,0.005372886504344217,-0.0007361668910715359,1.2505919933319092,1.322249711751938,-0.07165771842002888,18.4,18.4,trapezoid_from_zero_normalized_by_max_fraction
cicids2017_binary,42,rid_894f119af6edccd4268535184bc340cf,mlp,shap,target_class_donor,dependency_preserving_conditional_on_class,insertion,0,BENIGN,True,0,BENIGN,0.999999723481352,0.000360652946739,50,-6.243303942277124e-06,-0.005795077880734827,-0.0020788807970762574,0.00578883457679255,0.0020726374931339803,0.005089694013276107,0.0046907479300242055,-0.003405031366054893,0.0894651859998703,0.042322570152580744,0.04714261584728956,18.4,18.4,trapezoid_from_zero_normalized_by_max_fraction
cicids2017_binary,42,rid_0d983e5b8810b377ec14cf6f0ef744a4,mlp,shap,target_class_donor,dependency_preserving_conditional_on_class,insertion,0,BENIGN,True,0,BENIGN,1.0,0.000360929465387,50,1.4556560608625092e-05,-0.00023027885581752995,-0.0014740641022360696,0.00024483541642615506,0.0014886206628446949,0.0002120057861337121,0.00013097985553246777,-1.1885100417481783e-05,1.582338571548462,1.3678796253204344,0.21445894622802752,18.4,18.4,trapezoid_from_zero_normalized_by_max_fraction
cicids2017_binary,42,rid_12f800a48f581538facdec51ab2454d7,mlp,shap,target_class_donor,dependency_preserving_conditional_on_class,insertion,0,BENIGN,True,0,BENIGN,0.9999937983752716,0.0003547278406585,50,-0.004512413222254879,-0.004329109407993715,-0.0026970360056639306,-0.00018330381426116425,-0.0018153772165909483,0.0038437657206929913,0.0031570837603412407,-0.006371187984529996,0.17931801080703735,0.08027813791483641,0.09903987289220094,18.4,18.4,trapezoid_from_zero_normalized_by_max_fraction
cicids2017_binary,42,rid_408ae7c441d02f646de26fd9bdce1d45,mlp,shap,target_class_donor,dependency_preserving_conditional_on_class,insertion,1,ATTACK,True,1,ATTACK,0.9999987483024596,0.9996378188370726,50,-0.01687646806240082,-0.11585230084407272,-0.10477466163451754,0.0989758327816719,0.08789819357211673,0.03927807276236924,0.018962410244637944,0.06180950870218152,0.4662831425666809,0.30310845443606377,0.16317468813061714,18.4,18.4,trapezoid_from_zero_normalized_by_max_fraction
cicids2017_binary,42,rid_cf4ebdc12c3cb032b70b55c77a7cb796,mlp,shap,target_class_donor,dependency_preserving_conditional_on_class,insertion,1,ATTACK,True,1,ATTACK,1.0,0.999639070534613,50,0.0,-0.11217305026389568,-0.14906527711140585,0.11217305026389568,0.14906527711140585,0.040743245544442405,0.019457784553644466,0.07403579253875253,1.5066241025924683,1.4106549122333525,0.09596919035911577,18.4,18.4,trapezoid_from_zero_normalized_by_max_fraction
cicids2017_binary,42,rid_12888033c44aa2549d48f3c7bd216973,mlp,shap,target_class_donor,dependency_preserving_conditional_on_class,insertion,1,ATTACK,True,1,ATTACK,1.0,0.999639070534613,50,2.1755695343017575e-07,-0.06987062542841105,-0.08182030465981005,0.06987084298536447,0.08182052221676347,0.03229192617938516,0.015729186347054815,0.03904163774513704,1.113703727722168,1.2220157194137573,-0.10831199169158934,18.4,18.4,trapezoid_from_zero_normalized_by_max_fraction
cicids2017_binary,42,rid_c084b42c4af4241dd19e6d04badcf8b5,mlp,shap,target_class_donor,dependency_preserving_conditional_on_class,insertion,1,ATTACK,True,1,ATTACK,1.0,0.999639070534613,50,0.0,-0.030363236554631384,-0.06836702548856828,0.030363236554631384,0.06836702548856828,0.021058258452298632,0.010418877239141013,0.009942237165915,0.8308817148208618,0.618659050911665,0.21222266390919686,18.4,18.4,trapezoid_from_zero_normalized_by_max_fraction
cicids2017_binary,42,rid_08c29756d968418335a9524cb0092fef,mlp,shap,target_class_donor,dependency_preserving_conditional_on_class,insertion,1,ATTACK,True,1,ATTACK,1.0,0.999639070534613,50,0.0,-0.039003932340167025,-0.11008620318915172,0.039003932340167025,0.11008620318915172,0.021100209994304862,0.01054922327046971,0.01832745473004639,1.5801222324371338,1.6124668917655947,-0.03234465932846087,18.4,18.4,trapezoid_from_zero_normalized_by_max_fraction
cicids2017_binary,42,rid_1c419a3f15eb43644fa650ff6ad71b8a,mlp,shap,target_class_donor,dependency_preserving_conditional_on_class,insertion,0,BENIGN,True,0,BENIGN,0.999999999995775,0.000360929461162,50,3.2241536233823528e-06,-0.05003830872210454,-0.016460052599229634,0.05004153287572792,0.016463276752853015,0.02708328387260124,0.013697796215079647,0.023193852294171813,1.3615400791168213,1.039514641880989,0.3220254372358322,18.4,18.4,trapezoid_from_zero_normalized_by_max_fraction
cicids2017_binary,42,rid_17c75cd659c9243647caddaa9aa43875,mlp,shap,conditional_gaussian_mean,conditional_on_retained_coordinates,deletion,1,ATTACK,True,1,ATTACK,1.0,0.999639070534613,50,0.0,0.0,0.0,0.0,0.0,0.0,0.0,0.0,1.1238031387329102,1.021957212328911,0.10184592640399925,18.4,18.4,trapezoid_from_zero_normalized_by_max_fraction
cicids2017_binary,42,rid_accf8c0dda146c4a242cdc9d8885e717,mlp,shap,conditional_gaussian_mean,conditional_on_retained_coordinates,deletion,1,ATTACK,True,1,ATTACK,1.0,0.999639070534613,50,0.0,0.0,0.0,0.0,0.0,0.0,0.0,0.0,1.1592882871627808,1.1562785717248916,0.0030097154378891933,18.4,18.4,trapezoid_from_zero_normalized_by_max_fraction
cicids2017_binary,42,rid_8593525157bd8c913dcb6144108b0a95,mlp,shap,conditional_gaussian_mean,conditional_on_retained_coordinates,deletion,1,ATTACK,True,1,ATTACK,1.0,0.999639070534613,50,0.0,0.0,0.0,0.0,0.0,0.0,0.0,0.0,1.4823791980743408,1.3179488906860353,0.16443030738830555,18.4,18.4,trapezoid_from_zero_normalized_by_max_fraction
cicids2017_binary,42,rid_09a527fea31178a9ad0ecb1fc521e8fb,mlp,shap,conditional_gaussian_mean,conditional_on_retained_coordinates,deletion,0,BENIGN,True,0,BENIGN,0.9999952757530082,0.0003562052183951,50,-2.1049490328550746e-06,-8.307755456939958e-07,1.6061642214708627e-06,-1.2741734871610789e-06,-3.7111132543259374e-06,3.0750667781292764e-07,1.5725953241589798e-07,-1.582402170696239e-06,0.9548187255859375,0.6010348193645477,0.3537839062213898,18.4,18.4,trapezoid_from_zero_normalized_by_max_fraction
cicids2017_binary,42,rid_e7974d4f4c91f9e013db09642e33bb70,mlp,shap,conditional_gaussian_mean,conditional_on_retained_coordinates,deletion,0,BENIGN,True,0,BENIGN,0.9999983427942424,0.0003592722596294,50,-3.318911836913685e-07,0.00286504515869769,0.00825446094630287,-0.0028653770498813817,-0.008254792837486561,0.0019957794351380563,0.0018350136767790284,-0.0064620038563682775,1.907728910446167,1.3558594691753387,0.5518694412708283,18.4,18.4,trapezoid_from_zero_normalized_by_max_fraction
cicids2017_binary,42,rid_9f3a7f0f10b651a421dd35c1b1afb71c,mlp,shap,conditional_gaussian_mean,conditional_on_retained_coordinates,deletion,0,BENIGN,True,0,BENIGN,0.9999904021324256,0.0003513315978125,50,-2.3577528054374852e-06,-1.389105602711993e-06,1.4097819398557477e-06,-9.686472027254922e-07,-3.767534745293233e-06,6.480298064202365e-07,3.301958190499102e-07,-1.6158310080633162e-06,1.1450752019882202,0.8113086634874342,0.33376653850078597,18.4,18.4,trapezoid_from_zero_normalized_by_max_fraction
cicids2017_binary,42,rid_8c9bdead15ce16a77b48e3372d9a8a3d,mlp,shap,conditional_gaussian_mean,conditional_on_retained_coordinates,deletion,0,BENIGN,True,0,BENIGN,0.9999991939071152,0.0003601233725021,50,1.3530166214081875e-05,1.1083668110813959e-06,3.7733034804432465e-07,1.2421799403000478e-05,1.315283586603755e-05,5.255448084167356e-07,4.406207338692747e-07,1.1558182764616699e-05,0.803065299987793,0.5623613415956498,0.2407039583921432,18.4,18.4,trapezoid_from_zero_normalized_by_max_fraction
cicids2017_binary,42,rid_894f119af6edccd4268535184bc340cf,mlp,shap,conditional_gaussian_mean,conditional_on_retained_coordinates,deletion,0,BENIGN,True,0,BENIGN,0.999999723481352,0.000360652946739,50,3.4567764330972754e-06,9.193781307033079e-07,1.8351961807638872e-07,2.5373983023939673e-06,3.2732568150208864e-06,2.883867645960157e-07,2.272597970756772e-07,2.09196910012564e-06,0.8334735631942749,0.60843130671978,0.22504225647449494,18.4,18.4,trapezoid_from_zero_normalized_by_max_fraction
cicids2017_binary,42,rid_0d983e5b8810b377ec14cf6f0ef744a4,mlp,shap,conditional_gaussian_mean,conditional_on_retained_coordinates,deletion,0,BENIGN,True,0,BENIGN,1.0,0.000360929465387,50,0.0,1.8532508478941167e-09,5.648814749292796e-16,-1.8532508478941167e-09,-5.648814749292796e-16,1.7616619641601857e-09,1.7616081680608595e-09,-5.306002857293402e-09,1.3683356046676636,1.0902559208869935,0.27807968378067005,18.4,18.4,trapezoid_from_zero_normalized_by_max_fraction
cicids2017_binary,42,rid_12f800a48f581538facdec51ab2454d7,mlp,shap,conditional_gaussian_mean,conditional_on_retained_coordinates,deletion,0,BENIGN,True,0,BENIGN,0.9999937983752716,0.0003547278406585,50,0.1829598423273865,-1.1708509213690377e-06,1.9974760107288603e-08,0.18296101317830785,0.18295982235262637,4.227324732934799e-07,2.0846194991503826e-07,0.18296060459288602,0.9556611180305481,0.6058027576208114,0.3498583604097367,18.4,18.4,trapezoid_from_zero_normalized_by_max_fraction
cicids2017_binary,42,rid_408ae7c441d02f646de26fd9bdce1d45,mlp,shap,conditional_gaussian_mean,conditional_on_retained_coordinates,deletion,1,ATTACK,True,1,ATTACK,0.9999987483024596,0.9996378188370726,50,0.7475870670441509,0.1255115382574486,0.16163180113609815,0.6220755287867024,0.5859552659080527,0.027836282717034005,0.016391792768305553,0.5899476149608235,0.5424628853797913,0.37622829371690747,0.1662345916628838,18.4,18.4,trapezoid_from_zero_normalized_by_max_fraction
cicids2017_binary,42,rid_cf4ebdc12c3cb032b70b55c77a7cb796,mlp,shap,conditional_gaussian_mean,conditional_on_retained_coordinates,deletion,1,ATTACK,True,1,ATTACK,1.0,0.999639070534613,50,2.562999725341797e-07,3.660917282104492e-07,9.310245513916016e-08,-1.0979175567626947e-07,1.6319751739501953e-07,3.177366171557773e-07,2.938945327057697e-07,-6.85825039779578e-07,1.163562297821045,1.0631796026229856,0.10038269519805931,18.4,18.4,trapezoid_from_zero_normalized_by_max_fraction
cicids2017_binary,42,rid_12888033c44aa2549d48f3c7bd216973,mlp,shap,conditional_gaussian_mean,conditional_on_retained_coordinates,deletion,1,ATTACK,True,1,ATTACK,1.0,0.999639070534613,50,0.0,0.0,4.410743713378907e-09,0.0,-4.410743713378907e-09,0.0,0.0,0.0,0.8960739970207214,0.9030751422643661,-0.007001145243644702,18.4,18.4,trapezoid_from_zero_normalized_by_max_fraction
cicids2017_binary,42,rid_c084b42c4af4241dd19e6d04badcf8b5,mlp,shap,conditional_gaussian_mean,conditional_on_retained_coordinates,deletion,1,ATTACK,True,1,ATTACK,1.0,0.999639070534613,50,0.0,7.152557373046875e-10,1.1920928955078127e-09,-7.152557373046875e-10,-1.1920928955078127e-09,7.152557373046876e-10,7.152557373046876e-10,-2.117156982421875e-09,0.9756487607955933,0.968863044977188,0.006785715818405258,18.4,18.4,trapezoid_from_zero_normalized_by_max_fraction
cicids2017_binary,42,rid_08c29756d968418335a9524cb0092fef,mlp,shap,conditional_gaussian_mean,conditional_on_retained_coordinates,deletion,1,ATTACK,True,1,ATTACK,1.0,0.999639070534613,50,0.0,2.384185791015625e-10,0.0,-2.384185791015625e-10,0.0,2.384185791015623e-10,2.384185791015623e-10,-7.057189941406246e-10,1.2508409023284912,1.1326335632801054,0.11820733904838576,18.4,18.4,trapezoid_from_zero_normalized_by_max_fraction
cicids2017_binary,42,rid_1c419a3f15eb43644fa650ff6ad71b8a,mlp,shap,conditional_gaussian_mean,conditional_on_retained_coordinates,deletion,0,BENIGN,True,0,BENIGN,0.999999999995775,0.000360929461162,50,0.008092308850779101,0.014057131719582998,0.005479359084057873,-0.005964822868803897,0.0026129497667212276,0.011019583985117756,0.007786903646994841,-0.021227154016913784,1.0637813806533813,0.6540853153467179,0.40969606530666347,18.4,18.4,trapezoid_from_zero_normalized_by_max_fraction
cicids2017_binary,42,rid_17c75cd659c9243647caddaa9aa43875,mlp,shap,conditional_gaussian_mean,conditional_on_retained_coordinates,insertion,1,ATTACK,True,1,ATTACK,1.0,0.999639070534613,50,0.00010571777820587159,0.00010571730136871337,-0.006140990883111955,4.768371582026914e-10,0.006246708661317825,3.33716493713267e-10,3.33716493713267e-10,-1.7724716947531199e-10,1.1238031387329102,1.021957212328911,0.10184592640399925,18.4,18.4,trapezoid_from_zero_normalized_by_max_fraction
cicids2017_binary,42,rid_accf8c0dda146c4a242cdc9d8885e717,mlp,shap,conditional_gaussian_mean,conditional_on_retained_coordinates,insertion,1,ATTACK,True,1,ATTACK,1.0,0.999639070534613,50,0.00010552108287811279,7.830566167831422e-05,-0.0007432120442390443,2.7215421199798583e-05,0.000848733127117157,1.1316734030416315e-05,8.469887875033027e-06,1.0614440964733851e-05,1.1592882871627808,1.1562785717248916,0.0030097154378891933,18.4,18.4,trapezoid_from_zero_normalized_by_max_fraction
cicids2017_binary,42,rid_8593525157bd8c913dcb6144108b0a95,mlp,shap,conditional_gaussian_mean,conditional_on_retained_coordinates,insertion,1,ATTACK,True,1,ATTACK,1.0,0.999639070534613,50,0.00010571777820587159,0.00010571593046188355,-0.0077311733197420835,1.8477439880367843e-09,0.007836891097947956,1.574245019743229e-09,1.1157183203816366e-09,-3.390639199112236e-10,1.4823791980743408,1.3179488906860353,0.16443030738830555,18.4,18.4,trapezoid_from_zero_normalized_by_max_fraction
cicids2017_binary,42,rid_09a527fea31178a9ad0ecb1fc521e8fb,mlp,shap,conditional_gaussian_mean,conditional_on_retained_coordinates,insertion,0,BENIGN,True,0,BENIGN,0.9999952757530082,0.0003562052183951,50,0.9498888002681951,0.9498737859201207,0.841263648170492,1.501434807442137e-05,0.10862515209770313,1.4355702729956673e-05,1.3954583413400038e-05,-1.2336635415842703e-05,0.9548187255859375,0.6010348193645477,0.3537839062213898,18.4,18.4,trapezoid_from_zero_normalized_by_max_fraction
cicids2017_binary,42,rid_e7974d4f4c91f9e013db09642e33bb70,mlp,shap,conditional_gaussian_mean,conditional_on_retained_coordinates,insertion,0,BENIGN,True,0,BENIGN,0.9999983427942424,0.0003592722596294,50,0.9498919679850732,0.9071312862926484,0.8605112721220098,0.042760681692424994,0.0893806958630635,0.02310378867686039,0.011520843196473488,0.02017982902733696,1.907728910446167,1.3558594691753387,0.5518694412708283,18.4,18.4,trapezoid_from_zero_normalized_by_max_fraction
cicids2017_binary,42,rid_9f3a7f0f10b651a421dd35c1b1afb71c,mlp,shap,conditional_gaussian_mean,conditional_on_retained_coordinates,insertion,0,BENIGN,True,0,BENIGN,0.9999904021324256,0.0003513315978125,50,0.9498826604024089,0.9498757795419046,0.8678295960055387,6.880860504226983e-06,0.08205306439687021,7.3280775190651585e-06,6.384817946671929e-06,-5.633382671249997e-06,1.1450752019882202,0.8113086634874342,0.33376653850078597,18.4,18.4,trapezoid_from_zero_normalized_by_max_fraction
cicids2017_binary,42,rid_8c9bdead15ce16a77b48e3372d9a8a3d,mlp,shap,conditional_gaussian_mean,conditional_on_retained_coordinates,insertion,0,BENIGN,True,0,BENIGN,0.9999991939071152,0.0003601233725021,50,0.9498933041440579,0.9462073614917603,0.8480258952565818,0.003685942652297708,0.10186740888747615,0.00257172579503583,0.002571461849243641,-0.0013541225722198285,0.803065299987793,0.5623613415956498,0.2407039583921432,18.4,18.4,trapezoid_from_zero_normalized_by_max_fraction
cicids2017_binary,42,rid_894f119af6edccd4268535184bc340cf,mlp,shap,conditional_gaussian_mean,conditional_on_retained_coordinates,insertion,0,BENIGN,True,0,BENIGN,0.999999723481352,0.000360652946739,50,0.9498940523831678,0.9479860989036432,0.8702474679275017,0.0019079534795245657,0.079646584455666,0.001906835721463395,0.0019065489765229108,-0.0018288825144603396,0.8334735631942749,0.60843130671978,0.22504225647449494,18.4,18.4,trapezoid_from_zero_normalized_by_max_fraction
cicids2017_binary,42,rid_0d983e5b8810b377ec14cf6f0ef744a4,mlp,shap,conditional_gaussian_mean,conditional_on_retained_coordinates,insertion,0,BENIGN,True,0,BENIGN,1.0,0.000360929465387,50,0.9498942822217931,0.9414718846558804,0.9256701079982855,0.00842239756591262,0.02422417422350753,0.003794583896195784,0.0037130905494038922,0.0011447400890809917,1.3683356046676636,1.0902559208869935,0.27807968378067005,18.4,18.4,trapezoid_from_zero_normalized_by_max_fraction
cicids2017_binary,42,rid_12f800a48f581538facdec51ab2454d7,mlp,shap,conditional_gaussian_mean,conditional_on_retained_coordinates,insertion,0,BENIGN,True,0,BENIGN,0.9999937983752716,0.0003547278406585,50,0.9498880890923374,0.9498703470897656,0.8345093465511009,1.7742002571852213e-05,0.1153787425412365,1.6686759439788995e-05,1.615119994996114e-05,-1.3914349330071623e-05,0.9556611180305481,0.6058027576208114,0.3498583604097367,18.4,18.4,trapezoid_from_zero_normalized_by_max_fraction
cicids2017_binary,42,rid_408ae7c441d02f646de26fd9bdce1d45,mlp,shap,conditional_gaussian_mean,conditional_on_retained_coordinates,insertion,1,ATTACK,True,1,ATTACK,0.9999987483024596,0.9996378188370726,50,-0.40478682806715366,-0.5236141215133832,-0.3444840768812617,0.11882729344622948,-0.06030275118589202,0.06070334757501333,0.028970130052229818,0.06204583854385904,0.5424628853797913,0.37622829371690747,0.1662345916628838,18.4,18.4,trapezoid_from_zero_normalized_by_max_fraction
cicids2017_binary,42,rid_cf4ebdc12c3cb032b70b55c77a7cb796,mlp,shap,conditional_gaussian_mean,conditional_on_retained_coordinates,insertion,1,ATTACK,True,1,ATTACK,1.0,0.999639070534613,50,0.00010571777820587159,-0.02335103451647035,-0.04791546511771958,0.023456752294676222,0.048021182895925454,0.013333670330926552,0.007887421299706692,0.007997406547251106,1.163562297821045,1.0631796026229856,0.10038269519805931,18.4,18.4,trapezoid_from_zero_normalized_by_max_fraction
cicids2017_binary,42,rid_12888033c44aa2549d48f3c7bd216973,mlp,shap,conditional_gaussian_mean,conditional_on_retained_coordinates,insertion,1,ATTACK,True,1,ATTACK,1.0,0.999639070534613,50,0.00010565519332885742,0.00010374110937118531,-0.02829040203033947,1.9140839576721166e-06,0.028396057223668326,1.9046888187863848e-06,1.75080032778729e-06,-1.5174846847909719e-06,0.8960739970207214,0.9030751422643661,-0.007001145243644702,18.4,18.4,trapezoid_from_zero_normalized_by_max_fraction
cicids2017_binary,42,rid_c084b42c4af4241dd19e6d04badcf8b5,mlp,shap,conditional_gaussian_mean,conditional_on_retained_coordinates,insertion,1,ATTACK,True,1,ATTACK,1.0,0.999639070534613,50,0.00010571777820587159,-0.021581971920397337,-0.02368414373043925,0.02168768969860321,0.023789861508645118,0.014031093692682765,0.008204525426208083,0.005606819863235368,0.9756487607955933,0.968863044977188,0.006785715818405258,18.4,18.4,trapezoid_from_zero_normalized_by_max_fraction
cicids2017_binary,42,rid_08c29756d968418335a9524cb0092fef,mlp,shap,conditional_gaussian_mean,conditional_on_retained_coordinates,insertion,1,ATTACK,True,1,ATTACK,1.0,0.999639070534613,50,0.00010567307472229004,-0.00017606502771377568,-0.034246578260062964,0.00028173810243606567,0.03435225133478526,0.00024919694008829234,0.0001919589249370719,-9.45013904405952e-05,1.2508409023284912,1.1326335632801054,0.11820733904838576,18.4,18.4,trapezoid_from_zero_normalized_by_max_fraction
cicids2017_binary,42,rid_1c419a3f15eb43644fa650ff6ad71b8a,mlp,shap,conditional_gaussian_mean,conditional_on_retained_coordinates,insertion,0,BENIGN,True,0,BENIGN,0.999999999995775,0.000360929461162,50,0.8498918258384882,0.8277343651144093,0.6886915782363099,0.022157460724079054,0.1612002476021784,0.03925999659630933,0.017861944856314402,-0.012851951194297172,1.0637813806533813,0.6540853153467179,0.40969606530666347,18.4,18.4,trapezoid_from_zero_normalized_by_max_fraction
cicids2017_binary,42,rid_17c75cd659c9243647caddaa9aa43875,mlp,shap,conditional_gaussian_draw,conditional_on_retained_coordinates,deletion,1,ATTACK,True,1,ATTACK,1.0,0.999639070534613,10,0.0,0.0,5.888938903808594e-07,0.0,-5.888938903808594e-07,0.0,0.0,0.0,1.1238031387329102,1.0013447910547257,0.12245834767818442,18.4,18.4,trapezoid_from_zero_normalized_by_max_fraction
cicids2017_binary,42,rid_accf8c0dda146c4a242cdc9d8885e717,mlp,shap,conditional_gaussian_draw,conditional_on_retained_coordinates,deletion,1,ATTACK,True,1,ATTACK,1.0,0.999639070534613,10,0.0,8.344650268554687e-09,9.536743164062502e-09,-8.344650268554687e-09,-9.536743164062502e-09,8.344650268554688e-09,8.344650268554688e-09,-2.4700164794921874e-08,1.1592882871627808,1.1493172490596772,0.009971038103103513,18.4,18.4,trapezoid_from_zero_normalized_by_max_fraction
cicids2017_binary,42,rid_8593525157bd8c913dcb6144108b0a95,mlp,shap,conditional_gaussian_draw,conditional_on_retained_coordinates,deletion,1,ATTACK,True,1,ATTACK,1.0,0.999639070534613,10,7.152557373046876e-08,0.0,0.0,7.152557373046876e-08,7.152557373046876e-08,0.0,0.0,7.152557373046876e-08,1.4823791980743408,1.2728953182697296,0.20948387980461125,18.4,18.4,trapezoid_from_zero_normalized_by_max_fraction
cicids2017_binary,42,rid_09a527fea31178a9ad0ecb1fc521e8fb,mlp,shap,conditional_gaussian_draw,conditional_on_retained_coordinates,deletion,0,BENIGN,True,0,BENIGN,0.9999952757530082,0.0003562052183951,10,1.3021797167311889e-05,0.00010651288600818987,0.00016669891247796722,-9.349108884087798e-05,-0.0001536771153106553,0.00010487860288419865,9.706595042666022e-05,-0.000283740351677132,0.9548187255859375,0.629726501107216,0.32509222447872155,18.4,18.4,trapezoid_from_zero_normalized_by_max_fraction
cicids2017_binary,42,rid_e7974d4f4c91f9e013db09642e33bb70,mlp,shap,conditional_gaussian_draw,conditional_on_retained_coordinates,deletion,0,BENIGN,True,0,BENIGN,0.9999983427942424,0.0003592722596294,10,1.5149017838211875e-05,0.004126733906665021,9.586743162431021e-05,-0.004111584888826809,-8.071841378609834e-05,0.003748058005588544,0.0026676462469068423,-0.00934017153276422,1.907728910446167,1.2851156961917876,0.6226132142543794,18.4,18.4,trapezoid_from_zero_normalized_by_max_fraction
cicids2017_binary,42,rid_9f3a7f0f10b651a421dd35c1b1afb71c,mlp,shap,conditional_gaussian_draw,conditional_on_retained_coordinates,deletion,0,BENIGN,True,0,BENIGN,0.9999904021324256,0.0003513315978125,10,-2.17147726289113e-07,1.1037926318522296e-05,0.00574868118361806,-1.1255074044811408e-05,-0.00574889833134435,8.410624409190007e-06,6.078008258307706e-06,-2.3167970231094512e-05,1.1450752019882202,0.8209333872795105,0.32414181470870973,18.4,18.4,trapezoid_from_zero_normalized_by_max_fraction
cicids2017_binary,42,rid_8c9bdead15ce16a77b48e3372d9a8a3d,mlp,shap,conditional_gaussian_draw,conditional_on_retained_coordinates,deletion,0,BENIGN,True,0,BENIGN,0.9999991939071152,0.0003601233725021,10,3.177536326859354e-05,0.00047993302840293245,9.839382746057223e-05,-0.0004481576651343389,-6.66184641919787e-05,0.00029717998229800125,0.0002957282213209832,-0.001027784978923466,0.803065299987793,0.5520283108949662,0.2510369890928268,18.4,18.4,trapezoid_from_zero_normalized_by_max_fraction
cicids2017_binary,42,rid_894f119af6edccd4268535184bc340cf,mlp,shap,conditional_gaussian_draw,conditional_on_retained_coordinates,deletion,0,BENIGN,True,0,BENIGN,0.999999723481352,0.000360652946739,10,0.0025163685351159873,9.306149924721896e-05,1.4950040999633929e-05,0.002423307035868768,0.0025014184941163533,6.0386104651024894e-05,5.4079909609356175e-05,0.00231731041303443,0.8334735631942749,0.630801420211792,0.20267214298248293,18.4,18.4,trapezoid_from_zero_normalized_by_max_fraction
cicids2017_binary,42,rid_0d983e5b8810b377ec14cf6f0ef744a4,mlp,shap,conditional_gaussian_draw,conditional_on_retained_coordinates,deletion,0,BENIGN,True,0,BENIGN,1.0,0.000360929465387,10,1.6653345369377348e-16,0.016941841704055802,3.0992843938304486e-06,-0.016941841704055636,-3.099284393663915e-06,0.01694184053138396,0.01694184053138396,-0.050147849145568205,1.3683356046676636,1.1495686244964598,0.21876698017120377,18.4,18.4,trapezoid_from_zero_normalized_by_max_fraction
cicids2017_binary,42,rid_12f800a48f581538facdec51ab2454d7,mlp,shap,conditional_gaussian_draw,conditional_on_retained_coordinates,deletion,0,BENIGN,True,0,BENIGN,0.9999937983752716,0.0003547278406585,10,0.027177393742022105,2.821695670971236e-05,4.481137352857267e-05,0.027149176785312392,0.02713258236849353,2.0521812548138388e-05,1.6083649000744658e-05,0.027117652833270934,0.9556611180305481,0.5836441004276275,0.3720170176029206,18.4,18.4,trapezoid_from_zero_normalized_by_max_fraction
cicids2017_binary,42,rid_408ae7c441d02f646de26fd9bdce1d45,mlp,shap,conditional_gaussian_draw,conditional_on_retained_coordinates,deletion,1,ATTACK,True,1,ATTACK,0.9999987483024596,0.9996378188370726,10,0.8633095006051008,0.1811729829731462,0.23326953181919619,0.6821365176319545,0.6300399687859045,0.0879442893387298,0.045971519160471555,0.5920323400774302,0.5424628853797913,0.38745857268571854,0.15500431269407272,18.4,18.4,trapezoid_from_zero_normalized_by_max_fraction
cicids2017_binary,42,rid_cf4ebdc12c3cb032b70b55c77a7cb796,mlp,shap,conditional_gaussian_draw,conditional_on_retained_coordinates,deletion,1,ATTACK,True,1,ATTACK,1.0,0.999639070534613,10,0.0016124606132507326,9.658336639404296e-06,1.9073486328125004e-08,0.0016028022766113286,0.0016124415397644044,9.577177276461819e-06,8.769424799217627e-06,0.001585614204004862,1.163562297821045,1.0481924438476562,0.11536985397338873,18.4,18.4,trapezoid_from_zero_normalized_by_max_fraction
cicids2017_binary,42,rid_12888033c44aa2549d48f3c7bd216973,mlp,shap,conditional_gaussian_draw,conditional_on_retained_coordinates,deletion,1,ATTACK,True,1,ATTACK,1.0,0.999639070534613,10,0.0,1.1920928955078125e-07,1.4424324035644533e-07,-1.1920928955078125e-07,-1.4424324035644533e-07,8.761346216415054e-08,7.221652014666317e-08,-2.6075366903824107e-07,0.8960739970207214,0.9268734192848205,-0.03079942226409904,18.4,18.4,trapezoid_from_zero_normalized_by_max_fraction
cicids2017_binary,42,rid_c084b42c4af4241dd19e6d04badcf8b5,mlp,shap,conditional_gaussian_draw,conditional_on_retained_coordinates,deletion,1,ATTACK,True,1,ATTACK,1.0,0.999639070534613,10,0.0,3.9339065551757814e-08,3.5762786865234374e-09,-3.9339065551757814e-08,-3.5762786865234374e-09,2.676241912918526e-08,2.676241912918526e-08,-9.179340704496092e-08,0.9756487607955933,0.9834805732965469,-0.007831812500953661,18.4,18.4,trapezoid_from_zero_normalized_by_max_fraction
cicids2017_binary,42,rid_08c29756d968418335a9524cb0092fef,mlp,shap,conditional_gaussian_draw,conditional_on_retained_coordinates,deletion,1,ATTACK,True,1,ATTACK,1.0,0.999639070534613,10,8.463859558105469e-07,4.768371582031251e-09,0.0,8.416175842285156e-07,8.463859558105469e-07,4.76837158203125e-09,4.76837158203125e-09,8.322715759277343e-07,1.2508409023284912,1.1511235642433166,0.09971733808517458,18.4,18.4,trapezoid_from_zero_normalized_by_max_fraction
cicids2017_binary,42,rid_1c419a3f15eb43644fa650ff6ad71b8a,mlp,shap,conditional_gaussian_draw,conditional_on_retained_coordinates,deletion,0,BENIGN,True,0,BENIGN,0.999999999995775,0.000360929461162,10,0.20004309146624144,0.0627635789237224,0.02000284561754617,0.13727951254251905,0.1800402458486953,0.05098302472756677,0.036098661944947735,0.0665261351304215,1.0637813806533813,0.6659759628772736,0.3978054177761078,18.4,18.4,trapezoid_from_zero_normalized_by_max_fraction
cicids2017_binary,42,rid_17c75cd659c9243647caddaa9aa43875,mlp,shap,conditional_gaussian_draw,conditional_on_retained_coordinates,insertion,1,ATTACK,True,1,ATTACK,1.0,0.999639070534613,10,-0.2998935618305579,-0.07297158550777055,-0.049916890987528585,-0.2269219763227873,-0.2499766708430293,0.05060665718457771,0.02946364328807825,-0.28467071716742065,1.1238031387329102,1.0013447910547257,0.12245834767818442,18.4,18.4,trapezoid_from_zero_normalized_by_max_fraction
cicids2017_binary,42,rid_accf8c0dda146c4a242cdc9d8885e717,mlp,shap,conditional_gaussian_draw,conditional_on_retained_coordinates,insertion,1,ATTACK,True,1,ATTACK,1.0,0.999639070534613,10,-0.1492601596750319,-0.18369400823836776,-0.047707906214493584,0.034433848563335825,-0.10155225346053832,0.06424848607811615,0.039229724451824294,-0.04245641136223979,1.1592882871627808,1.1493172490596772,0.009971038103103513,18.4,18.4,trapezoid_from_zero_normalized_by_max_fraction
cicids2017_binary,42,rid_8593525157bd8c913dcb6144108b0a95,mlp,shap,conditional_gaussian_draw,conditional_on_retained_coordinates,insertion,1,ATTACK,True,1,ATTACK,1.0,0.999639070534613,10,-0.06791857779026032,-0.06830363180578845,-0.0401258754149384,0.0003850540155281275,-0.027792702375321922,0.038793194439009165,0.024931531893299514,-0.04848074849533892,1.4823791980743408,1.2728953182697296,0.20948387980461125,18.4,18.4,trapezoid_from_zero_normalized_by_max_fraction
cicids2017_binary,42,rid_09a527fea31178a9ad0ecb1fc521e8fb,mlp,shap,conditional_gaussian_draw,conditional_on_retained_coordinates,insertion,0,BENIGN,True,0,BENIGN,0.9999952757530082,0.0003562052183951,10,0.9496156952114418,0.8830388766924209,0.8326025510131777,0.06657681851902095,0.11701314419826415,0.04359202638414263,0.025728439355489283,0.016149077382261956,0.9548187255859375,0.629726501107216,0.32509222447872155,18.4,18.4,trapezoid_from_zero_normalized_by_max_fraction
cicids2017_binary,42,rid_e7974d4f4c91f9e013db09642e33bb70,mlp,shap,conditional_gaussian_draw,conditional_on_retained_coordinates,insertion,0,BENIGN,True,0,BENIGN,0.9999983427942424,0.0003592722596294,10,0.9498942224827813,0.8896975056535662,0.7694611255517076,0.06019671682921505,0.18043309693107362,0.03408555351202231,0.024307532618513063,0.012553952896929448,1.907728910446167,1.2851156961917876,0.6226132142543794,18.4,18.4,trapezoid_from_zero_normalized_by_max_fraction
cicids2017_binary,42,rid_9f3a7f0f10b651a421dd35c1b1afb71c,mlp,shap,conditional_gaussian_draw,conditional_on_retained_coordinates,insertion,0,BENIGN,True,0,BENIGN,0.9999904021324256,0.0003513315978125,10,0.9490702666541861,0.9172876863514807,0.8410977352607962,0.03178258030270536,0.1079725313933898,0.022664504332036237,0.01605466499285599,0.00031543691670761487,1.1450752019882202,0.8209333872795105,0.32414181470870973,18.4,18.4,trapezoid_from_zero_normalized_by_max_fraction
cicids2017_binary,42,rid_8c9bdead15ce16a77b48e3372d9a8a3d,mlp,shap,conditional_gaussian_draw,conditional_on_retained_coordinates,insertion,0,BENIGN,True,0,BENIGN,0.9999991939071152,0.0003601233725021,10,0.8781594285010055,0.8754300913303145,0.8418060687820882,0.0027293371706909736,0.03635335971891724,0.03258818449518118,0.023436965599360576,-0.04320711540405575,0.803065299987793,0.5520283108949662,0.2510369890928268,18.4,18.4,trapezoid_from_zero_normalized_by_max_fraction
cicids2017_binary,42,rid_894f119af6edccd4268535184bc340cf,mlp,shap,conditional_gaussian_draw,conditional_on_retained_coordinates,insertion,0,BENIGN,True,0,BENIGN,0.999999723481352,0.000360652946739,10,0.9497514127143722,0.8877214292297226,0.7794444775725379,0.062029983484649574,0.17030693514183443,0.03865406830917052,0.023581898373761935,0.015809462672076183,0.8334735631942749,0.630801420211792,0.20267214298248293,18.4,18.4,trapezoid_from_zero_normalized_by_max_fraction
cicids2017_binary,42,rid_0d983e5b8810b377ec14cf6f0ef744a4,mlp,shap,conditional_gaussian_draw,conditional_on_retained_coordinates,insertion,0,BENIGN,True,0,BENIGN,1.0,0.000360929465387,10,0.94989371856084,0.9245908142991219,0.8767972987821937,0.025302904261718218,0.07309641977864634,0.025006897603392288,0.018004897366567005,-0.009986694576753108,1.3683356046676636,1.1495686244964598,0.21876698017120377,18.4,18.4,trapezoid_from_zero_normalized_by_max_fraction
cicids2017_binary,42,rid_12f800a48f581538facdec51ab2454d7,mlp,shap,conditional_gaussian_draw,conditional_on_retained_coordinates,insertion,0,BENIGN,True,0,BENIGN,0.9999937983752716,0.0003547278406585,10,0.9498055442264235,0.90007436785069,0.7819711106460141,0.049731176375733536,0.1678344335804093,0.02895607061409892,0.018794802833686706,0.012893362821707596,0.9556611180305481,0.5836441004276275,0.3720170176029206,18.4,18.4,trapezoid_from_zero_normalized_by_max_fraction
cicids2017_binary,42,rid_408ae7c441d02f646de26fd9bdce1d45,mlp,shap,conditional_gaussian_draw,conditional_on_retained_coordinates,insertion,1,ATTACK,True,1,ATTACK,0.9999987483024596,0.9996378188370726,10,-0.45491461008787154,-0.6210069032748569,-0.6521386069146794,0.16609229318698537,0.1972239968268079,0.12815628880838198,0.05975832434277591,0.048965977475144584,0.5424628853797913,0.38745857268571854,0.15500431269407272,18.4,18.4,trapezoid_from_zero_normalized_by_max_fraction
cicids2017_binary,42,rid_cf4ebdc12c3cb032b70b55c77a7cb796,mlp,shap,conditional_gaussian_draw,conditional_on_retained_coordinates,insertion,1,ATTACK,True,1,ATTACK,1.0,0.999639070534613,10,3.605186939239502e-05,-0.13810198697913117,-0.036884787883609535,0.13813803884852355,0.03692083975300193,0.06949394839089885,0.0387481267646337,0.062191710389841504,1.163562297821045,1.0481924438476562,0.11536985397338873,18.4,18.4,trapezoid_from_zero_normalized_by_max_fraction
cicids2017_binary,42,rid_12888033c44aa2549d48f3c7bd216973,mlp,shap,conditional_gaussian_draw,conditional_on_retained_coordinates,insertion,1,ATTACK,True,1,ATTACK,1.0,0.999639070534613,10,-0.09974395171739163,-0.16819057198853235,-0.14087183778146342,0.06844662027114073,0.04112788606407182,0.0918545857154052,0.04761649208161618,-0.024881704208826988,0.8960739970207214,0.9268734192848205,-0.03079942226409904,18.4,18.4,trapezoid_from_zero_normalized_by_max_fraction
cicids2017_binary,42,rid_c084b42c4af4241dd19e6d04badcf8b5,mlp,shap,conditional_gaussian_draw,conditional_on_retained_coordinates,insertion,1,ATTACK,True,1,ATTACK,1.0,0.999639070534613,10,0.00010568797588348389,-0.13725028293817484,-0.09105341261837559,0.13735597091405835,0.09115910059425908,0.06410746859921618,0.037935241399183,0.06300289777165967,0.9756487607955933,0.9834805732965469,-0.007831812500953661,18.4,18.4,trapezoid_from_zero_normalized_by_max_fraction
cicids2017_binary,42,rid_08c29756d968418335a9524cb0092fef,mlp,shap,conditional_gaussian_draw,conditional_on_retained_coordinates,insertion,1,ATTACK,True,1,ATTACK,1.0,0.999639070534613,10,-0.14990667400121,-0.12116407500254311,-0.08370528302771259,-0.028742598998666876,-0.06620139097349742,0.08376265755517923,0.043740909374932704,-0.11447478137353498,1.2508409023284912,1.1511235642433166,0.09971733808517458,18.4,18.4,trapezoid_from_zero_normalized_by_max_fraction
cicids2017_binary,42,rid_1c419a3f15eb43644fa650ff6ad71b8a,mlp,shap,conditional_gaussian_draw,conditional_on_retained_coordinates,insertion,0,BENIGN,True,0,BENIGN,0.999999999995775,0.000360929461162,10,0.8488870787592147,0.67148550639412,0.5841871305940207,0.17740157236509463,0.2646999481651938,0.13727366455237366,0.0651800677378319,0.04964863959894411,1.0637813806533813,0.6659759628772736,0.3978054177761078,18.4,18.4,trapezoid_from_zero_normalized_by_max_fraction
cicids2017_binary,42,rid_17c75cd659c9243647caddaa9aa43875,mlp,shap,nearest_neighbour_donor,nonparametric_conditional,deletion,1,ATTACK,True,1,ATTACK,1.0,0.999639070534613,10,0.0,0.0,0.0,0.0,0.0,0.0,0.0,0.0,0.8721704483032227,0.8636868947744368,0.008483553528785825,18.4,18.4,trapezoid_from_zero_normalized_by_max_fraction
cicids2017_binary,42,rid_accf8c0dda146c4a242cdc9d8885e717,mlp,shap,nearest_neighbour_donor,nonparametric_conditional,deletion,1,ATTACK,True,1,ATTACK,1.0,0.999639070534613,10,0.0,0.0,0.0,0.0,0.0,0.0,0.0,0.0,0.9032414555549622,0.9411880826950073,-0.03794662714004515,18.4,18.4,trapezoid_from_zero_normalized_by_max_fraction
cicids2017_binary,42,rid_8593525157bd8c913dcb6144108b0a95,mlp,shap,nearest_neighbour_donor,nonparametric_conditional,deletion,1,ATTACK,True,1,ATTACK,1.0,0.999639070534613,10,0.0,0.0,0.0,0.0,0.0,0.0,0.0,0.0,1.2258012294769287,1.085008390545845,0.14079283893108374,18.4,18.4,trapezoid_from_zero_normalized_by_max_fraction
cicids2017_binary,42,rid_09a527fea31178a9ad0ecb1fc521e8fb,mlp,shap,nearest_neighbour_donor,nonparametric_conditional,deletion,0,BENIGN,True,0,BENIGN,0.9999952757530082,0.0003562052183951,10,-5.98040287513868e-07,-3.239897682760784e-07,-2.0225735397616518e-07,-2.740505192377896e-07,-3.957829335377028e-07,9.622821395312921e-08,4.831084992475824e-08,-3.6873978509031575e-07,0.870891273021698,0.6992114734649658,0.17167979955673218,18.4,18.4,trapezoid_from_zero_normalized_by_max_fraction
cicids2017_binary,42,rid_e7974d4f4c91f9e013db09642e33bb70,mlp,shap,nearest_neighbour_donor,nonparametric_conditional,deletion,0,BENIGN,True,0,BENIGN,0.9999983427942424,0.0003592722596294,10,-1.206946480891702e-06,-8.759444941119909e-07,-3.297222034603919e-07,-3.3100198677971086e-07,-8.772242774313099e-07,1.8825764057394006e-07,9.509954727051262e-08,-5.173970994299156e-07,1.9234497547149658,1.3197763967514038,0.603673357963562,18.4,18.4,trapezoid_from_zero_normalized_by_max_fraction
cicids2017_binary,42,rid_9f3a7f0f10b651a421dd35c1b1afb71c,mlp,shap,nearest_neighbour_donor,nonparametric_conditional,deletion,0,BENIGN,True,0,BENIGN,0.9999904021324256,0.0003513315978125,10,-3.0237968530855144e-06,-3.74467163055668e-09,7.912076898719534e-07,-3.0200521814549577e-06,-3.815004542957467e-06,8.80046278859682e-07,5.046459459068458e-07,-4.0091582354323755e-06,1.0578078031539917,0.7995073926448824,0.25830041050910935,18.4,18.4,trapezoid_from_zero_normalized_by_max_fraction
cicids2017_binary,42,rid_8c9bdead15ce16a77b48e3372d9a8a3d,mlp,shap,nearest_neighbour_donor,nonparametric_conditional,deletion,0,BENIGN,True,0,BENIGN,0.9999991939071152,0.0003601233725021,10,5.71846820207611e-07,1.2907062540534753e-07,8.878127403022517e-08,4.427761948022635e-07,4.830655461773858e-07,6.50176098589656e-08,3.325471245675812e-08,3.775969583870176e-07,0.705100417137146,0.625229896903038,0.07987052023410801,18.4,18.4,trapezoid_from_zero_normalized_by_max_fraction
cicids2017_binary,42,rid_894f119af6edccd4268535184bc340cf,mlp,shap,nearest_neighbour_donor,nonparametric_conditional,deletion,0,BENIGN,True,0,BENIGN,0.999999723481352,0.000360652946739,10,2.4418967825567962e-08,1.6787331276191252e-08,4.2598031058105326e-09,7.631636549376707e-09,2.0159164719757427e-08,5.6692278746447065e-09,2.850530788231409e-09,2.044596204443146e-09,0.7207536101341248,0.6620271396636963,0.05872647047042845,18.4,18.4,trapezoid_from_zero_normalized_by_max_fraction
cicids2017_binary,42,rid_0d983e5b8810b377ec14cf6f0ef744a4,mlp,shap,nearest_neighbour_donor,nonparametric_conditional,deletion,0,BENIGN,True,0,BENIGN,1.0,0.000360929465387,10,2.2204460492503132e-17,3.8302694349567904e-17,2.886579864025407e-17,-1.6098233857064766e-17,-6.661338147750939e-18,2.3499720687899147e-17,1.685057837651784e-17,-4.912536747503973e-17,1.3546479940414429,1.063277784585953,0.29137020945548997,18.4,18.4,trapezoid_from_zero_normalized_by_max_fraction
cicids2017_binary,42,rid_12f800a48f581538facdec51ab2454d7,mlp,shap,nearest_neighbour_donor,nonparametric_conditional,deletion,0,BENIGN,True,0,BENIGN,0.9999937983752716,0.0003547278406585,10,7.448009228028241e-07,2.877442159388011e-07,-6.379878414009e-08,4.5705670686402295e-07,8.085997069429139e-07,3.4526907261131484e-07,1.7274188949217053e-07,1.1848260345936874e-07,0.8767091631889343,0.6846409064531327,0.19206825673580163,18.4,18.4,trapezoid_from_zero_normalized_by_max_fraction
cicids2017_binary,42,rid_408ae7c441d02f646de26fd9bdce1d45,mlp,shap,nearest_neighbour_donor,nonparametric_conditional,deletion,1,ATTACK,True,1,ATTACK,0.9999987483024596,0.9996378188370726,10,0.9499988105469566,0.486379056452185,0.5061165163239583,0.4636197540947717,0.4438822942229984,0.11877373971095294,0.060951088916021315,0.34415561981936993,0.6906787157058716,0.5507705175876618,0.13990819811820976,18.4,18.4,trapezoid_from_zero_normalized_by_max_fraction
cicids2017_binary,42,rid_cf4ebdc12c3cb032b70b55c77a7cb796,mlp,shap,nearest_neighbour_donor,nonparametric_conditional,deletion,1,ATTACK,True,1,ATTACK,1.0,0.999639070534613,10,7.152557373046876e-08,0.003143398761749268,0.020000081471313255,-0.0031433272361755375,-0.020000009945739524,0.0031425630610886985,0.0031425630610886985,-0.009302750835909387,0.9680798649787903,0.8885062742233277,0.07957359075546255,18.4,18.4,trapezoid_from_zero_normalized_by_max_fraction
cicids2017_binary,42,rid_12888033c44aa2549d48f3c7bd216973,mlp,shap,nearest_neighbour_donor,nonparametric_conditional,deletion,1,ATTACK,True,1,ATTACK,1.0,0.999639070534613,10,0.0,0.0,0.0,0.0,0.0,0.0,0.0,0.0,0.7873976230621338,0.8759704667329788,-0.08857284367084506,18.4,18.4,trapezoid_from_zero_normalized_by_max_fraction
cicids2017_binary,42,rid_c084b42c4af4241dd19e6d04badcf8b5,mlp,shap,nearest_neighbour_donor,nonparametric_conditional,deletion,1,ATTACK,True,1,ATTACK,1.0,0.999639070534613,10,0.0,0.0,0.0,0.0,0.0,0.0,0.0,0.0,0.8464168310165405,0.8359579199552536,0.010458911061286935,18.4,18.4,trapezoid_from_zero_normalized_by_max_fraction
cicids2017_binary,42,rid_08c29756d968418335a9524cb0092fef,mlp,shap,nearest_neighbour_donor,nonparametric_conditional,deletion,1,ATTACK,True,1,ATTACK,1.0,0.999639070534613,10,0.0,0.0,0.0,0.0,0.0,0.0,0.0,0.0,1.0332839488983154,1.0068164575099945,0.02646749138832094,18.4,18.4,trapezoid_from_zero_normalized_by_max_fraction
cicids2017_binary,42,rid_1c419a3f15eb43644fa650ff6ad71b8a,mlp,shap,nearest_neighbour_donor,nonparametric_conditional,deletion,0,BENIGN,True,0,BENIGN,0.999999999995775,0.000360929461162,10,-1.4033774142774293e-13,-3.10823589089182e-14,-2.996936032673148e-14,-1.0925538251882472e-13,-1.1036838110101144e-13,1.7577251783820465e-14,9.76808705866473e-15,-1.284008331538076e-13,1.129549503326416,0.7935144966840746,0.3360350066423414,18.4,18.4,trapezoid_from_zero_normalized_by_max_fraction
cicids2017_binary,42,rid_17c75cd659c9243647caddaa9aa43875,mlp,shap,nearest_neighbour_donor,nonparametric_conditional,insertion,1,ATTACK,True,1,ATTACK,1.0,0.999639070534613,10,0.0002138704061508179,0.0002138704061508179,0.0002138704061508179,0.0,0.0,0.0,0.0,0.0,0.8721704483032227,0.8636868947744368,0.008483553528785825,18.4,18.4,trapezoid_from_zero_normalized_by_max_fraction
cicids2017_binary,42,rid_accf8c0dda146c4a242cdc9d8885e717,mlp,shap,nearest_neighbour_donor,nonparametric_conditional,insertion,1,ATTACK,True,1,ATTACK,1.0,0.999639070534613,10,0.0002138704061508179,0.0002138704061508179,0.0002138704061508179,0.0,0.0,0.0,0.0,0.0,0.9032414555549622,0.9411880826950073,-0.03794662714004515,18.4,18.4,trapezoid_from_zero_normalized_by_max_fraction
cicids2017_binary,42,rid_8593525157bd8c913dcb6144108b0a95,mlp,shap,nearest_neighbour_donor,nonparametric_conditional,insertion,1,ATTACK,True,1,ATTACK,1.0,0.999639070534613,10,0.0002138704061508179,0.0002138704061508179,0.0002138704061508179,0.0,0.0,0.0,0.0,0.0,1.2258012294769287,1.085008390545845,0.14079283893108374,18.4,18.4,trapezoid_from_zero_normalized_by_max_fraction
cicids2017_binary,42,rid_09a527fea31178a9ad0ecb1fc521e8fb,mlp,shap,nearest_neighbour_donor,nonparametric_conditional,insertion,0,BENIGN,True,0,BENIGN,0.9999952757530082,0.0003562052183951,10,0.9497795712575582,0.9497792271677167,0.9497819951075321,3.440898413309411e-07,-2.423849973992587e-06,2.072494440318219e-06,1.0803922923488362e-06,-1.773479051672778e-06,0.870891273021698,0.6992114734649658,0.17167979955673218,18.4,18.4,trapezoid_from_zero_normalized_by_max_fraction
cicids2017_binary,42,rid_e7974d4f4c91f9e013db09642e33bb70,mlp,shap,nearest_neighbour_donor,nonparametric_conditional,insertion,0,BENIGN,True,0,BENIGN,0.9999983427942424,0.0003592722596294,10,0.9497853747442733,0.9497851315806423,0.9497781111900929,2.4316363109733177e-07,7.263554180336751e-06,3.8323496667169775e-07,2.0346573488068122e-07,-1.5562920926880343e-07,1.9234497547149658,1.3197763967514038,0.603673357963562,18.4,18.4,trapezoid_from_zero_normalized_by_max_fraction
cicids2017_binary,42,rid_9f3a7f0f10b651a421dd35c1b1afb71c,mlp,shap,nearest_neighbour_donor,nonparametric_conditional,insertion,0,BENIGN,True,0,BENIGN,0.9999904021324256,0.0003513315978125,10,0.9497738416705488,0.9497725982377938,0.9497741475301039,1.2434327550214786e-06,-3.058595551608256e-07,2.512800347317327e-06,1.223509732543996e-06,-1.1546463207647535e-06,1.0578078031539917,0.7995073926448824,0.25830041050910935,18.4,18.4,trapezoid_from_zero_normalized_by_max_fraction
cicids2017_binary,42,rid_8c9bdead15ce16a77b48e3372d9a8a3d,mlp,shap,nearest_neighbour_donor,nonparametric_conditional,insertion,0,BENIGN,True,0,BENIGN,0.9999991939071152,0.0003601233725021,10,0.9497853989807923,0.9497850285818099,0.9497848092316347,3.703989823411469e-07,5.897491575701519e-07,1.3314050873109786e-07,6.217336368363671e-08,2.4853918952121897e-07,0.705100417137146,0.625229896903038,0.07987052023410801,18.4,18.4,trapezoid_from_zero_normalized_by_max_fraction
cicids2017_binary,42,rid_894f119af6edccd4268535184bc340cf,mlp,shap,nearest_neighbour_donor,nonparametric_conditional,insertion,0,BENIGN,True,0,BENIGN,0.999999723481352,0.000360652946739,10,0.949785941827654,0.949785584948846,0.9497855030557723,3.5687880815538086e-07,4.387718818499309e-07,2.5212191068461825e-07,1.4104069053448468e-07,8.04390547077909e-08,0.7207536101341248,0.6620271396636963,0.05872647047042845,18.4,18.4,trapezoid_from_zero_normalized_by_max_fraction
cicids2017_binary,42,rid_0d983e5b8810b377ec14cf6f0ef744a4,mlp,shap,nearest_neighbour_donor,nonparametric_conditional,insertion,0,BENIGN,True,0,BENIGN,1.0,0.000360929465387,10,0.9497861295938492,0.9497861295938237,0.9497861202586343,2.5568436257117356e-14,9.335214917749469e-09,2.5399995885445486e-14,2.533126458432587e-14,-2.408084232816135e-14,1.3546479940414429,1.063277784585953,0.29137020945548997,18.4,18.4,trapezoid_from_zero_normalized_by_max_fraction
cicids2017_binary,42,rid_12f800a48f581538facdec51ab2454d7,mlp,shap,nearest_neighbour_donor,nonparametric_conditional,insertion,0,BENIGN,True,0,BENIGN,0.9999937983752716,0.0003547278406585,10,0.9497807290555329,0.9497802994160385,0.9497802367346658,4.296394945424443e-07,4.9232086709039e-07,4.837500991078886e-07,2.311200177063947e-07,-2.3355740162089307e-08,0.8767091631889343,0.6846409064531327,0.19206825673580163,18.4,18.4,trapezoid_from_zero_normalized_by_max_fraction
cicids2017_binary,42,rid_408ae7c441d02f646de26fd9bdce1d45,mlp,shap,nearest_neighbour_donor,nonparametric_conditional,insertion,1,ATTACK,True,1,ATTACK,0.9999987483024596,0.9996378188370726,10,-0.9485398801732203,-0.8134472878554666,-0.8132148353584657,-0.1350925923177538,-0.13532504481475477,0.10443236992106542,0.05020423502755452,-0.23349289297176068,0.6906787157058716,0.5507705175876618,0.13990819811820976,18.4,18.4,trapezoid_from_zero_normalized_by_max_fraction
cicids2017_binary,42,rid_cf4ebdc12c3cb032b70b55c77a7cb796,mlp,shap,nearest_neighbour_donor,nonparametric_conditional,insertion,1,ATTACK,True,1,ATTACK,1.0,0.999639070534613,10,-0.002550038695335388,-0.23975735443313606,-0.2936704197415775,0.23720731573780063,0.2911203810462421,0.07115284777203258,0.04345372779304929,0.15203800926342403,0.9680798649787903,0.8885062742233277,0.07957359075546255,18.4,18.4,trapezoid_from_zero_normalized_by_max_fraction
cicids2017_binary,42,rid_12888033c44aa2549d48f3c7bd216973,mlp,shap,nearest_neighbour_donor,nonparametric_conditional,insertion,1,ATTACK,True,1,ATTACK,1.0,0.999639070534613,10,0.0002138704061508179,-0.10978612933800022,-0.1216022884653348,0.10999999974415103,0.12181615887148561,0.06666666649704082,0.039721250874047404,0.032146348031018124,0.7873976230621338,0.8759704667329788,-0.08857284367084506,18.4,18.4,trapezoid_from_zero_normalized_by_max_fraction
cicids2017_binary,42,rid_c084b42c4af4241dd19e6d04badcf8b5,mlp,shap,nearest_neighbour_donor,nonparametric_conditional,insertion,1,ATTACK,True,1,ATTACK,1.0,0.999639070534613,10,0.0002138704061508179,-0.05978612865249325,-0.05478472213113927,0.05999999905864407,0.05499859253729009,0.03527525183720451,0.025166114493302694,0.01067441465177079,0.8464168310165405,0.8359579199552536,0.010458911061286935,18.4,18.4,trapezoid_from_zero_normalized_by_max_fraction
cicids2017_binary,42,rid_08c29756d968418335a9524cb0092fef,mlp,shap,nearest_neighbour_donor,nonparametric_conditional,insertion,1,ATTACK,True,1,ATTACK,1.0,0.999639070534613,10,-0.14978573896305536,-0.09247367279288941,-0.15749509196891467,-0.05731206617016592,0.007709353005859301,0.05581140538275582,0.03240344461737178,-0.12082281762021461,1.0332839488983154,1.0068164575099945,0.02646749138832094,18.4,18.4,trapezoid_from_zero_normalized_by_max_fraction
cicids2017_binary,42,rid_1c419a3f15eb43644fa650ff6ad71b8a,mlp,shap,nearest_neighbour_donor,nonparametric_conditional,insertion,0,BENIGN,True,0,BENIGN,0.999999999995775,0.000360929461162,10,0.9497861295898563,0.9497861135621266,0.9497861136640979,1.6027729682344116e-08,1.5925758362067554e-08,1.591492153328565e-08,1.591490525009208e-08,-1.5165484607836358e-08,1.129549503326416,0.7935144966840746,0.3360350066423414,18.4,18.4,trapezoid_from_zero_normalized_by_max_fraction
cicids2017_binary,42,rid_17c75cd659c9243647caddaa9aa43875,mlp,shap,correlation_group_median,group_wise,deletion,1,ATTACK,True,1,ATTACK,1.0,0.999639070534613,50,0.8473465891787781,0.44230925535213217,0.45476156353744746,0.4050373338266461,0.3925850256413308,0.059999996402803416,0.028191346235206822,0.3497822952056407,0.6813665628433228,0.4864875121712684,0.19487905067205435,45.0,39.672000000000004,trapezoid_from_zero_normalized_by_max_fraction
cicids2017_binary,42,rid_accf8c0dda146c4a242cdc9d8885e717,mlp,shap,correlation_group_median,group_wise,deletion,1,ATTACK,True,1,ATTACK,1.0,0.999639070534613,50,0.9492198353284038,0.4698989498704245,0.4891326571706438,0.4793208854579793,0.46008717815776007,0.06455992723691956,0.030605176937694545,0.41933473866009796,0.7797487378120422,0.6123313943743706,0.16741734343767167,49.2,35.42,trapezoid_from_zero_normalized_by_max_fraction
cicids2017_binary,42,rid_8593525157bd8c913dcb6144108b0a95,mlp,shap,correlation_group_median,group_wise,deletion,1,ATTACK,True,1,ATTACK,1.0,0.999639070534613,50,0.9490209088486155,0.32192640929109084,0.4406552151140881,0.6270944995575245,0.5083656937345272,0.06270280286107559,0.029744314207496247,0.5687956437108319,0.8670696020126343,0.5599517697095872,0.3071178323030471,49.2,37.864,trapezoid_from_zero_normalized_by_max_fraction
cicids2017_binary,42,rid_09a527fea31178a9ad0ecb1fc521e8fb,mlp,shap,correlation_group_median,group_wise,deletion,0,BENIGN,True,0,BENIGN,0.9999952757530082,0.0003562052183951,50,0.06810597312589833,0.049158162174030164,0.010809488290782161,0.018947810951868177,0.05729648483511618,0.001755928450767284,0.0010666305545691316,0.016857215064912678,1.0034195184707642,0.7002609151541256,0.3031586033166386,35.6,31.084000000000003,trapezoid_from_zero_normalized_by_max_fraction
cicids2017_binary,42,rid_e7974d4f4c91f9e013db09642e33bb70,mlp,shap,correlation_group_median,group_wise,deletion,0,BENIGN,True,0,BENIGN,0.9999983427942424,0.0003592722596294,50,0.04040643525954693,0.028488932317794223,0.18452294289399168,0.0119175029417527,-0.14411650763444472,0.0022461520901586015,0.0012481152328959165,0.009471197085276703,0.6121319532394409,0.5426800161600114,0.06945193707942954,46.6,43.019999999999996,trapezoid_from_zero_normalized_by_max_fraction
cicids2017_binary,42,rid_9f3a7f0f10b651a421dd35c1b1afb71c,mlp,shap,correlation_group_median,group_wise,deletion,0,BENIGN,True,0,BENIGN,0.9999904021324256,0.0003513315978125,50,0.07068167444190294,0.0461116703456131,0.019652358922519483,0.024570004096289833,0.05102931551938346,0.0018287791624142147,0.001083633641973979,0.022446082158020835,0.8933461308479309,0.6663722383049316,0.22697389254299927,38.6,33.272,trapezoid_from_zero_normalized_by_max_fraction
cicids2017_binary,42,rid_8c9bdead15ce16a77b48e3372d9a8a3d,mlp,shap,correlation_group_median,group_wise,deletion,0,BENIGN,True,0,BENIGN,0.9999991939071152,0.0003601233725021,50,0.06991720845958582,0.053390212176350885,0.011407511692122098,0.016526996283234938,0.05850969676746373,0.0012978095331424343,0.0007188898849603804,0.015117972108712591,1.0961902141571045,0.680594276547432,0.4155959376096725,33.6,36.588,trapezoid_from_zero_normalized_by_max_fraction
cicids2017_binary,42,rid_894f119af6edccd4268535184bc340cf,mlp,shap,correlation_group_median,group_wise,deletion,0,BENIGN,True,0,BENIGN,0.999999723481352,0.000360652946739,50,0.07395381511711746,0.052538993078666135,0.015110076696433921,0.021414822038451332,0.05884373842068355,0.0023737064775154098,0.0013978076652025762,0.01867511901465428,0.9507429003715515,0.4681309307735356,0.4826119695980159,36.8,34.48,trapezoid_from_zero_normalized_by_max_fraction
cicids2017_binary,42,rid_0d983e5b8810b377ec14cf6f0ef744a4,mlp,shap,correlation_group_median,group_wise,deletion,0,BENIGN,True,0,BENIGN,1.0,0.000360929465387,50,0.2992511052624252,0.055751331008752764,0.027610027049763668,0.2434997742536724,0.2716410782126616,0.016998048188222648,0.009866239425428813,0.2241619449798319,1.1749387979507446,1.0481792786121369,0.12675951933860774,47.2,40.896,trapezoid_from_zero_normalized_by_max_fraction
cicids2017_binary,42,rid_12f800a48f581538facdec51ab2454d7,mlp,shap,correlation_group_median,group_wise,deletion,0,BENIGN,True,0,BENIGN,0.9999937983752716,0.0003547278406585,50,0.06418946357193817,0.05428714419818425,0.009840558144235484,0.00990231937375393,0.054348905427702696,0.0009490186933614838,0.0006242153052443311,0.008678857375475042,0.9893636703491211,0.6324050253331661,0.356958645015955,36.2,36.124,trapezoid_from_zero_normalized_by_max_fraction
cicids2017_binary,42,rid_408ae7c441d02f646de26fd9bdce1d45,mlp,shap,correlation_group_median,group_wise,deletion,1,ATTACK,True,1,ATTACK,0.9999987483024596,0.9996378188370726,50,0.8765886161476374,0.8139337231963872,0.41852047905325895,0.06265489295125008,0.4580681370943785,0.0057323854234825255,0.005045737216004623,0.05276524800788102,0.16788670420646667,0.16121996057033539,0.006666743636131289,46.0,45.184000000000005,trapezoid_from_zero_normalized_by_max_fraction
cicids2017_binary,42,rid_cf4ebdc12c3cb032b70b55c77a7cb796,mlp,shap,correlation_group_median,group_wise,deletion,1,ATTACK,True,1,ATTACK,1.0,0.999639070534613,50,0.859491872729268,0.8526084427424627,0.5003866218141084,0.0068834299868050265,0.3591052509151595,0.011499958908497025,0.007345525200989568,-0.007513799407134527,0.8065155744552612,0.7302101336717606,0.07630544078350066,47.6,39.452,trapezoid_from_zero_normalized_by_max_fraction
cicids2017_binary,42,rid_12888033c44aa2549d48f3c7bd216973,mlp,shap,correlation_group_median,group_wise,deletion,1,ATTACK,True,1,ATTACK,1.0,0.999639070534613,50,0.6933303235051427,0.46390552820665376,0.4451547685888567,0.22942479529848878,0.24817555491628585,0.05821199589784259,0.02754101844246283,0.17544439915126164,0.7159871459007263,0.5506731272637844,0.16531401863694195,45.8,37.779999999999994,trapezoid_from_zero_normalized_by_max_fraction
cicids2017_binary,42,rid_c084b42c4af4241dd19e6d04badcf8b5,mlp,shap,correlation_group_median,group_wise,deletion,1,ATTACK,True,1,ATTACK,1.0,0.999639070534613,50,0.9498019059474245,0.4929569498327737,0.4737633474246724,0.4568449561146508,0.476038558522752,0.06345720285598967,0.030121035296817325,0.39780772693288885,0.7145381569862366,0.5395187139213086,0.175019443064928,47.0,33.392,trapezoid_from_zero_normalized_by_max_fraction
cicids2017_binary,42,rid_08c29756d968418335a9524cb0092fef,mlp,shap,correlation_group_median,group_wise,deletion,1,ATTACK,True,1,ATTACK,1.0,0.999639070534613,50,0.7872780586825684,0.47601963179599616,0.49787415142500846,0.31125842688657224,0.28940390725756,0.05964228570307212,0.028300749129711887,0.25578895859233697,0.7536384463310242,0.563992404460907,0.18964604187011713,45.2,34.464,trapezoid_from_zero_normalized_by_max_fraction
cicids2017_binary,42,rid_1c419a3f15eb43644fa650ff6ad71b8a,mlp,shap,correlation_group_median,group_wise,deletion,0,BENIGN,True,0,BENIGN,0.999999999995775,0.000360929461162,50,0.05495609135431267,0.07115206371185442,0.31540073237525845,-0.01619597235754175,-0.2604446410209458,0.0064108358539424915,0.005828168481480032,-0.027619182581242612,0.40073174238204956,0.3502997078895569,0.05043203449249267,42.2,37.339999999999996,trapezoid_from_zero_normalized_by_max_fraction
cicids2017_binary,42,rid_17c75cd659c9243647caddaa9aa43875,mlp,shap,correlation_group_median,group_wise,insertion,1,ATTACK,True,1,ATTACK,1.0,0.999639070534613,50,0.8810856055468321,0.6354313018722069,0.8014685782516753,0.2456543036746252,0.07961702729515674,0.05829771507209697,0.027455207269687695,0.19184209742603733,0.6813665628433228,0.4864875121712684,0.19487905067205435,45.0,39.672000000000004,trapezoid_from_zero_normalized_by_max_fraction
cicids2017_binary,42,rid_accf8c0dda146c4a242cdc9d8885e717,mlp,shap,correlation_group_median,group_wise,insertion,1,ATTACK,True,1,ATTACK,1.0,0.999639070534613,50,0.8810856055468321,0.6376882946561118,0.7412839087342729,0.2433973108907203,0.13980169681255927,0.05792549345984398,0.027060840881104362,0.19035806276375578,0.7797487378120422,0.6123313943743706,0.16741734343767167,49.2,35.42,trapezoid_from_zero_normalized_by_max_fraction
cicids2017_binary,42,rid_8593525157bd8c913dcb6144108b0a95,mlp,shap,correlation_group_median,group_wise,insertion,1,ATTACK,True,1,ATTACK,1.0,0.999639070534613,50,0.8810856055468321,0.40973769045906416,0.7991789603835043,0.47134791508776785,0.0819066451633278,0.06573163740272678,0.031366976120357236,0.40986864189186767,0.8670696020126343,0.5599517697095872,0.3071178323030471,49.2,37.864,trapezoid_from_zero_normalized_by_max_fraction
cicids2017_binary,42,rid_09a527fea31178a9ad0ecb1fc521e8fb,mlp,shap,correlation_group_median,group_wise,insertion,0,BENIGN,True,0,BENIGN,0.9999952757530082,0.0003562052183951,50,0.06891018994417664,0.05551551879151521,0.06750065796640994,0.013394671152661432,0.001409531977766689,0.001989440056911452,0.0011869123728985792,0.011068322901780217,1.0034195184707642,0.7002609151541256,0.3031586033166386,35.6,31.084000000000003,trapezoid_from_zero_normalized_by_max_fraction
cicids2017_binary,42,rid_e7974d4f4c91f9e013db09642e33bb70,mlp,shap,correlation_group_median,group_wise,insertion,0,BENIGN,True,0,BENIGN,0.9999983427942424,0.0003592722596294,50,0.06891282104702157,0.06759093458977569,-0.02133546316861103,0.0013218864572458718,0.09024828421563261,0.0002725386246264449,0.00027246256989271804,0.0007878598202561445,0.6121319532394409,0.5426800161600114,0.06945193707942954,46.6,43.019999999999996,trapezoid_from_zero_normalized_by_max_fraction
cicids2017_binary,42,rid_9f3a7f0f10b651a421dd35c1b1afb71c,mlp,shap,correlation_group_median,group_wise,insertion,0,BENIGN,True,0,BENIGN,0.9999904021324256,0.0003513315978125,50,0.06890536169280495,0.05732948263085655,0.06774606649392159,0.011575879061948397,0.001159295198883356,0.0018779908557470981,0.0011327576762951445,0.009355674016409913,0.8933461308479309,0.6663722383049316,0.22697389254299927,38.6,33.272,trapezoid_from_zero_normalized_by_max_fraction
cicids2017_binary,42,rid_8c9bdead15ce16a77b48e3372d9a8a3d,mlp,shap,correlation_group_median,group_wise,insertion,0,BENIGN,True,0,BENIGN,0.9999991939071152,0.0003601233725021,50,0.06891378483588895,0.0651634496776899,0.06787246162232595,0.0037503351581990364,0.001041323213562999,0.0009347652522374093,0.0006635011528767574,0.002449872898560592,1.0961902141571045,0.680594276547432,0.4155959376096725,33.6,36.588,trapezoid_from_zero_normalized_by_max_fraction
cicids2017_binary,42,rid_894f119af6edccd4268535184bc340cf,mlp,shap,correlation_group_median,group_wise,insertion,0,BENIGN,True,0,BENIGN,0.999999723481352,0.000360652946739,50,0.06891416456038542,0.04859094647533528,0.06683019783277694,0.02032321808505013,0.002083966727608481,0.002354204762231066,0.0014494970921256766,0.017482203784483806,0.9507429003715515,0.4681309307735356,0.4826119695980159,36.8,34.48,trapezoid_from_zero_normalized_by_max_fraction
cicids2017_binary,42,rid_0d983e5b8810b377ec14cf6f0ef744a4,mlp,shap,correlation_group_median,group_wise,insertion,0,BENIGN,True,0,BENIGN,1.0,0.000360929465387,50,0.06891439445281841,0.06891224845161956,0.06120226998672017,2.1460011988494455e-06,0.007712124466098235,7.976026630940363e-07,7.972075257119241e-07,5.834744484540741e-07,1.1749387979507446,1.0481792786121369,0.12675951933860774,47.2,40.896,trapezoid_from_zero_normalized_by_max_fraction
cicids2017_binary,42,rid_12f800a48f581538facdec51ab2454d7,mlp,shap,correlation_group_median,group_wise,insertion,0,BENIGN,True,0,BENIGN,0.9999937983752716,0.0003547278406585,50,0.06890908342900275,0.06470049005183365,0.06736665369092582,0.004208593377169107,0.001542429738076926,0.0005287558849618936,0.00041069441158435245,0.003403632330463776,0.9893636703491211,0.6324050253331661,0.356958645015955,36.2,36.124,trapezoid_from_zero_normalized_by_max_fraction
cicids2017_binary,42,rid_408ae7c441d02f646de26fd9bdce1d45,mlp,shap,correlation_group_median,group_wise,insertion,1,ATTACK,True,1,ATTACK,0.9999987483024596,0.9996378188370726,50,0.881084020063281,0.8810313469618558,0.7692339341826737,5.2673101425160244e-05,0.11185008588060734,6.014159658257035e-06,5.999102029485654e-06,4.091486144736836e-05,0.16788670420646667,0.16121996057033539,0.006666743636131289,46.0,45.184000000000005,trapezoid_from_zero_normalized_by_max_fraction
cicids2017_binary,42,rid_cf4ebdc12c3cb032b70b55c77a7cb796,mlp,shap,correlation_group_median,group_wise,insertion,1,ATTACK,True,1,ATTACK,1.0,0.999639070534613,50,0.8810855876654387,0.8295435701608393,0.7522913355809014,0.05154201750459924,0.12879425208453718,0.006638378715758163,0.006638378715758163,0.03853079522171324,0.8065155744552612,0.7302101336717606,0.07630544078350066,47.6,39.452,trapezoid_from_zero_normalized_by_max_fraction
cicids2017_binary,42,rid_12888033c44aa2549d48f3c7bd216973,mlp,shap,correlation_group_median,group_wise,insertion,1,ATTACK,True,1,ATTACK,1.0,0.999639070534613,50,0.8810855817049741,0.6773598135971888,0.744971384954769,0.20372576810778537,0.1361141967502052,0.051012367373951255,0.02355323915849628,0.15756141935713266,0.7159871459007263,0.5506731272637844,0.16531401863694195,45.8,37.779999999999994,trapezoid_from_zero_normalized_by_max_fraction
cicids2017_binary,42,rid_c084b42c4af4241dd19e6d04badcf8b5,mlp,shap,correlation_group_median,group_wise,insertion,1,ATTACK,True,1,ATTACK,1.0,0.999639070534613,50,0.881085480377078,0.6593270884352969,0.7993908008139301,0.22175839194178115,0.08169467956314794,0.04922819104588866,0.022719569100424282,0.17722803650494956,0.7145381569862366,0.5395187139213086,0.175019443064928,47.0,33.392,trapezoid_from_zero_normalized_by_max_fraction
cicids2017_binary,42,rid_08c29756d968418335a9524cb0092fef,mlp,shap,correlation_group_median,group_wise,insertion,1,ATTACK,True,1,ATTACK,1.0,0.999639070534613,50,0.8810856055468321,0.6463732567082481,0.734764799506975,0.23471234883858397,0.14632080603985698,0.057308044486674814,0.026868549281500686,0.18204999224684262,0.7536384463310242,0.563992404460907,0.18964604187011713,45.2,34.464,trapezoid_from_zero_normalized_by_max_fraction
cicids2017_binary,42,rid_1c419a3f15eb43644fa650ff6ad71b8a,mlp,shap,correlation_group_median,group_wise,insertion,0,BENIGN,True,0,BENIGN,0.999999999995775,0.000360929461162,50,0.06891363623979323,0.05007873302320062,-0.025769341867888138,0.018834903216592605,0.09468297810768138,0.00508867906407953,0.005088679046074195,0.008861092286287182,0.40073174238204956,0.3502997078895569,0.05043203449249267,42.2,37.339999999999996,trapezoid_from_zero_normalized_by_max_fraction
cicids2017_binary,42,rid_17c75cd659c9243647caddaa9aa43875,mlp,shap,correlation_group_joint_donor,group_wise_dependency_preserving,deletion,1,ATTACK,True,1,ATTACK,1.0,0.999639070534613,50,0.5705810626386665,0.16080338682095874,0.4449755348222725,0.4097776758177077,0.12560552781639395,0.04786477588768338,0.02252713749671066,0.3656244863241548,0.06737419217824936,0.0900324325747788,-0.022658240396529444,45.0,30.387999999999998,trapezoid_from_zero_normalized_by_max_fraction
cicids2017_binary,42,rid_accf8c0dda146c4a242cdc9d8885e717,mlp,shap,correlation_group_joint_donor,group_wise_dependency_preserving,deletion,1,ATTACK,True,1,ATTACK,1.0,0.999639070534613,50,0.9481011421056564,0.4891393961024902,0.3923783514748076,0.4589617460031662,0.5557227906308488,0.06413191601238055,0.03037518512628876,0.3994263831556402,0.7883842587471008,0.6260066019892693,0.16237765675783156,49.2,35.396,trapezoid_from_zero_normalized_by_max_fraction
cicids2017_binary,42,rid_8593525157bd8c913dcb6144108b0a95,mlp,shap,correlation_group_joint_donor,group_wise_dependency_preserving,deletion,1,ATTACK,True,1,ATTACK,1.0,0.999639070534613,50,0.9476317291558791,0.5956905276609124,0.40376516996502376,0.35194120149496677,0.5438665591908554,0.06090693511081443,0.028995149110372747,0.2951107092386362,1.9400800466537476,1.4478591990470888,0.49222084760665874,49.2,37.400000000000006,trapezoid_from_zero_normalized_by_max_fraction
cicids2017_binary,42,rid_09a527fea31178a9ad0ecb1fc521e8fb,mlp,shap,correlation_group_joint_donor,group_wise_dependency_preserving,deletion,0,BENIGN,True,0,BENIGN,0.9999952757530082,0.0003562052183951,50,0.54550565640468,0.176361034388976,0.23720414914056762,0.36914462201570397,0.3083015072641122,0.047177533109040416,0.02454455013848128,0.32103730374428063,1.4625425338745117,1.640555960178375,-0.1780134263038633,35.6,27.048000000000002,trapezoid_from_zero_normalized_by_max_fraction
cicids2017_binary,42,rid_e7974d4f4c91f9e013db09642e33bb70,mlp,shap,correlation_group_joint_donor,group_wise_dependency_preserving,deletion,0,BENIGN,True,0,BENIGN,0.9999983427942424,0.0003592722596294,50,0.30657090534856496,0.10137495372849725,0.2564805915854255,0.2051959516200677,0.0500903137631394,0.03758264455833531,0.019539739391244017,0.16689806241322944,0.6555314064025879,0.450740373313427,0.2047910330891609,46.6,33.688,trapezoid_from_zero_normalized_by_max_fraction
cicids2017_binary,42,rid_9f3a7f0f10b651a421dd35c1b1afb71c,mlp,shap,correlation_group_joint_donor,group_wise_dependency_preserving,deletion,0,BENIGN,True,0,BENIGN,0.9999904021324256,0.0003513315978125,50,0.7202487144978931,0.17914046313416018,0.2128876281726416,0.5411082513637329,0.5073610863252516,0.04930543488062168,0.023818694641656448,0.49442360986608624,0.9577999114990234,0.807051984578371,0.15074792692065242,38.6,29.224,trapezoid_from_zero_normalized_by_max_fraction
cicids2017_binary,42,rid_8c9bdead15ce16a77b48e3372d9a8a3d,mlp,shap,correlation_group_joint_donor,group_wise_dependency_preserving,deletion,0,BENIGN,True,0,BENIGN,0.9999991939071152,0.0003601233725021,50,0.2696672652331046,0.2500354346215209,0.2894350611661973,0.01963183061158365,-0.019767795933092826,0.052314901975343435,0.026306518472930432,-0.03192894559536,0.0642319992184639,0.058434022106230256,0.005797977112233642,33.6,33.456,trapezoid_from_zero_normalized_by_max_fraction
cicids2017_binary,42,rid_894f119af6edccd4268535184bc340cf,mlp,shap,correlation_group_joint_donor,group_wise_dependency_preserving,deletion,0,BENIGN,True,0,BENIGN,0.999999723481352,0.000360652946739,50,0.3555966654018152,0.18009613217112785,0.2579271560902317,0.17550053323068732,0.0976695093115835,0.04730068807836317,0.023634106894794282,0.12917768371689053,1.4155184030532837,1.0587385470718145,0.3567798559814692,36.8,25.083999999999996,trapezoid_from_zero_normalized_by_max_fraction
cicids2017_binary,42,rid_0d983e5b8810b377ec14cf6f0ef744a4,mlp,shap,correlation_group_joint_donor,group_wise_dependency_preserving,deletion,0,BENIGN,True,0,BENIGN,1.0,0.000360929465387,50,0.009805958994497177,0.031870369572138665,0.21363928263235255,-0.02206441057764149,-0.20383332363785536,0.01812049309484407,0.012128197710890952,-0.04583567809098776,1.223623275756836,1.1295965574979783,0.09402671825885767,47.2,30.604000000000003,trapezoid_from_zero_normalized_by_max_fraction
cicids2017_binary,42,rid_12f800a48f581538facdec51ab2454d7,mlp,shap,correlation_group_joint_donor,group_wise_dependency_preserving,deletion,0,BENIGN,True,0,BENIGN,0.9999937983752716,0.0003547278406585,50,0.01947835260484212,0.2428170776628135,0.271215246640931,-0.22333872505797137,-0.2517368940360888,0.0478578624192642,0.025422890181495104,-0.27316758981370176,0.05484624579548836,0.054423480968922376,0.0004227648265659814,36.2,33.936,trapezoid_from_zero_normalized_by_max_fraction
cicids2017_binary,42,rid_408ae7c441d02f646de26fd9bdce1d45,mlp,shap,correlation_group_joint_donor,group_wise_dependency_preserving,deletion,1,ATTACK,True,1,ATTACK,0.9999987483024596,0.9996378188370726,50,0.8103233384595804,0.3697219978681918,0.463081537654332,0.44060134059138845,0.34724180080524836,0.0623135945739126,0.029347274105973452,0.3830806833436805,0.1557282954454422,0.11320597650110722,0.042522318944334975,46.0,29.9,trapezoid_from_zero_normalized_by_max_fraction
cicids2017_binary,42,rid_cf4ebdc12c3cb032b70b55c77a7cb796,mlp,shap,correlation_group_joint_donor,group_wise_dependency_preserving,deletion,1,ATTACK,True,1,ATTACK,1.0,0.999639070534613,50,0.642715893282292,0.6616493185338579,0.5090532064035903,-0.018933425251565994,0.13366268687870164,0.058274233511925067,0.027934296512239075,-0.07368464641555458,0.9424626231193542,1.279741277575493,-0.3372786544561388,47.6,37.92,trapezoid_from_zero_normalized_by_max_fraction
cicids2017_binary,42,rid_12888033c44aa2549d48f3c7bd216973,mlp,shap,correlation_group_joint_donor,group_wise_dependency_preserving,deletion,1,ATTACK,True,1,ATTACK,1.0,0.999639070534613,50,0.749755896074891,0.4676648941633305,0.3932125426091847,0.28209100191156045,0.3565433534657063,0.06322008174223848,0.03021614970755665,0.22286734848474943,0.7519575357437134,0.526636574536562,0.2253209612071514,45.8,35.996,trapezoid_from_zero_normalized_by_max_fraction
cicids2017_binary,42,rid_c084b42c4af4241dd19e6d04badcf8b5,mlp,shap,correlation_group_joint_donor,group_wise_dependency_preserving,deletion,1,ATTACK,True,1,ATTACK,1.0,0.999639070534613,50,0.9495716063294963,0.5025174351059106,0.463520770457629,0.4470541712235857,0.48605083587186737,0.060718754517899334,0.0290991583941324,0.3900198207710862,0.1832672357559204,0.14612761962413787,0.037139616131782544,47.0,33.32,trapezoid_from_zero_normalized_by_max_fraction
cicids2017_binary,42,rid_08c29756d968418335a9524cb0092fef,mlp,shap,correlation_group_joint_donor,group_wise_dependency_preserving,deletion,1,ATTACK,True,1,ATTACK,1.0,0.999639070534613,50,0.5002242433838546,0.6767231138801483,0.4767082289393682,-0.17649887049629365,0.023516014444486415,0.057463949489860354,0.02711903131590226,-0.22965217187546208,0.9465636014938354,1.3477426242828368,-0.4011790227890013,45.2,35.019999999999996,trapezoid_from_zero_normalized_by_max_fraction
cicids2017_binary,42,rid_1c419a3f15eb43644fa650ff6ad71b8a,mlp,shap,correlation_group_joint_donor,group_wise_dependency_preserving,deletion,0,BENIGN,True,0,BENIGN,0.999999999995775,0.000360929461162,50,3.0926271973041874e-06,0.238850406888106,0.2629987612018166,-0.23884731426090872,-0.2629956685746193,0.05269803147986504,0.027213721071740606,-0.2921862075615203,0.6854891777038574,0.7597627190351486,-0.07427354133129116,42.2,36.928,trapezoid_from_zero_normalized_by_max_fraction
cicids2017_binary,42,rid_17c75cd659c9243647caddaa9aa43875,mlp,shap,correlation_group_joint_donor,group_wise_dependency_preserving,insertion,1,ATTACK,True,1,ATTACK,1.0,0.999639070534613,50,0.0,-0.4955251284477092,-0.12250898071628985,0.4955251284477092,0.12250898071628985,0.06518611080039728,0.030875283272597018,0.43500957323341904,0.06737419217824936,0.0900324325747788,-0.022658240396529444,45.0,30.387999999999998,trapezoid_from_zero_normalized_by_max_fraction
cicids2017_binary,42,rid_accf8c0dda146c4a242cdc9d8885e717,mlp,shap,correlation_group_joint_donor,group_wise_dependency_preserving,insertion,1,ATTACK,True,1,ATTACK,1.0,0.999639070534613,50,-0.056509003043174744,-0.283045211813199,-0.12755315778842868,0.22653620877002428,0.07104415474525394,0.05782531644288562,0.02702602941315034,0.17356519112024962,0.7883842587471008,0.6260066019892693,0.16237765675783156,49.2,35.396,trapezoid_from_zero_normalized_by_max_fraction
cicids2017_binary,42,rid_8593525157bd8c913dcb6144108b0a95,mlp,shap,correlation_group_joint_donor,group_wise_dependency_preserving,insertion,1,ATTACK,True,1,ATTACK,1.0,0.999639070534613,50,0.9499999999999402,0.8138170897632389,0.8700985566552498,0.1361829102367013,0.07990144334469025,0.04450673747431978,0.022034293992777162,0.09299569401085805,1.9400800466537476,1.4478591990470888,0.49222084760665874,49.2,37.400000000000006,trapezoid_from_zero_normalized_by_max_fraction
cicids2017_binary,42,rid_09a527fea31178a9ad0ecb1fc521e8fb,mlp,shap,correlation_group_joint_donor,group_wise_dependency_preserving,insertion,0,BENIGN,True,0,BENIGN,0.9999952757530082,0.0003562052183951,50,-4.7162072618789346e-05,-0.19709969365197136,-0.054398456322007224,0.1970525315793526,0.054351294249388435,0.04829830027962416,0.02188704394864069,0.15415392544001685,1.4625425338745117,1.640555960178375,-0.1780134263038633,35.6,27.048000000000002,trapezoid_from_zero_normalized_by_max_fraction
cicids2017_binary,42,rid_e7974d4f4c91f9e013db09642e33bb70,mlp,shap,correlation_group_joint_donor,group_wise_dependency_preserving,insertion,0,BENIGN,True,0,BENIGN,0.9999983427942424,0.0003592722596294,50,0.9499876608623243,0.8089438469000585,0.8443242503348765,0.14104381396226573,0.10566341052744793,0.03976485962962458,0.018938117503968312,0.10392510365448784,0.6555314064025879,0.450740373313427,0.2047910330891609,46.6,33.688,trapezoid_from_zero_normalized_by_max_fraction
cicids2017_binary,42,rid_9f3a7f0f10b651a421dd35c1b1afb71c,mlp,shap,correlation_group_joint_donor,group_wise_dependency_preserving,insertion,0,BENIGN,True,0,BENIGN,0.9999904021324256,0.0003513315978125,50,0.9499585233455491,0.7304894740681858,0.906053039136795,0.21946904927736333,0.04390548420875406,0.05123947860329588,0.02369508358585544,0.17302668544908667,0.9577999114990234,0.807051984578371,0.15074792692065242,38.6,29.224,trapezoid_from_zero_normalized_by_max_fraction
cicids2017_binary,42,rid_8c9bdead15ce16a77b48e3372d9a8a3d,mlp,shap,correlation_group_joint_donor,group_wise_dependency_preserving,insertion,0,BENIGN,True,0,BENIGN,0.9999991939071152,0.0003601233725021,50,-0.00483427781737138,-0.07157143633524683,-0.04606057942103922,0.06673715851787546,0.041226301603667845,0.02329503911863541,0.012803079635843252,0.04164312243162269,0.0642319992184639,0.058434022106230256,0.005797977112233642,33.6,33.456,trapezoid_from_zero_normalized_by_max_fraction
cicids2017_binary,42,rid_894f119af6edccd4268535184bc340cf,mlp,shap,correlation_group_joint_donor,group_wise_dependency_preserving,insertion,0,BENIGN,True,0,BENIGN,0.999999723481352,0.000360652946739,50,0.7011681909079472,0.7015955926696669,0.8851320363584865,-0.0004274017617197645,-0.18396384545053923,0.05241282290322679,0.02625346342213057,-0.051884190069095684,1.4155184030532837,1.0587385470718145,0.3567798559814692,36.8,25.083999999999996,trapezoid_from_zero_normalized_by_max_fraction
cicids2017_binary,42,rid_0d983e5b8810b377ec14cf6f0ef744a4,mlp,shap,correlation_group_joint_donor,group_wise_dependency_preserving,insertion,0,BENIGN,True,0,BENIGN,1.0,0.000360929465387,50,0.9499999999894392,0.8739034014898708,0.929044659022856,0.07609659849956832,0.020955340966583032,0.026922155258717235,0.0135583640363863,0.049522204988251176,1.223623275756836,1.1295965574979783,0.09402671825885767,47.2,30.604000000000003,trapezoid_from_zero_normalized_by_max_fraction
cicids2017_binary,42,rid_12f800a48f581538facdec51ab2454d7,mlp,shap,correlation_group_joint_donor,group_wise_dependency_preserving,insertion,0,BENIGN,True,0,BENIGN,0.9999937983752716,0.0003547278406585,50,-0.022740379376227797,-0.0736564137428802,-0.06636844747178583,0.050916034366652416,0.04362806809555804,0.020230305212183542,0.011601812253900654,0.028176482349007135,0.05484624579548836,0.054423480968922376,0.0004227648265659814,36.2,33.936,trapezoid_from_zero_normalized_by_max_fraction
cicids2017_binary,42,rid_408ae7c441d02f646de26fd9bdce1d45,mlp,shap,correlation_group_joint_donor,group_wise_dependency_preserving,insertion,1,ATTACK,True,1,ATTACK,0.9999987483024596,0.9996378188370726,50,-0.34939304198487664,-0.4161347098279576,-0.3083184483833241,0.0667416678430809,-0.041074593601552495,0.062144215950344875,0.029401552378477632,0.00911462518126474,0.1557282954454422,0.11320597650110722,0.042522318944334975,46.0,29.9,trapezoid_from_zero_normalized_by_max_fraction
cicids2017_binary,42,rid_cf4ebdc12c3cb032b70b55c77a7cb796,mlp,shap,correlation_group_joint_donor,group_wise_dependency_preserving,insertion,1,ATTACK,True,1,ATTACK,1.0,0.999639070534613,50,0.909009800998379,0.8520532685033964,0.7689582847866578,0.05695653249498265,0.14005151621172138,0.02710179290514694,0.013852259562998768,0.029806103751505063,0.9424626231193542,1.279741277575493,-0.3372786544561388,47.6,37.92,trapezoid_from_zero_normalized_by_max_fraction
cicids2017_binary,42,rid_12888033c44aa2549d48f3c7bd216973,mlp,shap,correlation_group_joint_donor,group_wise_dependency_preserving,insertion,1,ATTACK,True,1,ATTACK,1.0,0.999639070534613,50,-0.0034216821193695066,-0.24809242900524048,-0.1661198057328157,0.24467074688587098,0.16269812361344618,0.05360845166948813,0.025131412097012047,0.19541317917572737,0.7519575357437134,0.526636574536562,0.2253209612071514,45.8,35.996,trapezoid_from_zero_normalized_by_max_fraction
cicids2017_binary,42,rid_c084b42c4af4241dd19e6d04badcf8b5,mlp,shap,correlation_group_joint_donor,group_wise_dependency_preserving,insertion,1,ATTACK,True,1,ATTACK,1.0,0.999639070534613,50,-0.14999996839265606,-0.2931352962702628,-0.12956257395746518,0.14313532787760674,-0.020437394435190888,0.05697196598926595,0.026872788628804732,0.09046466216514948,0.1832672357559204,0.14612761962413787,0.037139616131782544,47.0,33.32,trapezoid_from_zero_normalized_by_max_fraction
cicids2017_binary,42,rid_08c29756d968418335a9524cb0092fef,mlp,shap,correlation_group_joint_donor,group_wise_dependency_preserving,insertion,1,ATTACK,True,1,ATTACK,1.0,0.999639070534613,50,0.9499997984112896,0.8746818202904327,0.7628853885615265,0.07531797812085671,0.18711440984976288,0.01896001837597168,0.011640457866315415,0.052502680702878494,0.9465636014938354,1.3477426242828368,-0.4011790227890013,45.2,35.019999999999996,trapezoid_from_zero_normalized_by_max_fraction
cicids2017_binary,42,rid_1c419a3f15eb43644fa650ff6ad71b8a,mlp,shap,correlation_group_joint_donor,group_wise_dependency_preserving,insertion,0,BENIGN,True,0,BENIGN,0.999999999995775,0.000360929461162,50,0.9499863075883699,0.8359493117032712,0.8564864302487277,0.1140369958850986,0.09349987733964203,0.040736643757165056,0.01978307429642354,0.07526217026410845,0.6854891777038574,0.7597627190351486,-0.07427354133129116,42.2,36.928,trapezoid_from_zero_normalized_by_max_fraction
