task_id,seed,flow_id,model,method,operator,operator_family,functional_check,true_class_id,true_class,class_specific_inference_eligible,target_class_id,target_class,confidence,model_margin,random_feature_repetitions,attribution_effect_aopc,random_effect_mean_aopc,uniform_random_effect_mean_aopc,attribution_minus_random_aopc,attribution_minus_uniform_random_aopc,random_effect_standard_error_aopc,random_aopc_monte_carlo_standard_error,attribution_minus_random_aopc_mc_lower95,attribution_displacement_mean,matched_random_displacement_mean,attribution_minus_matched_displacement,coordinates_changed_mean,matched_random_coordinates_mean,aopc_definition
ton_iot_binary,42,rid_8fdb1c9fcd903c2872e97a5c6111941b,mlp,occlusion,training_median,baseline_marginal_constant,deletion,0,BENIGN,True,0,BENIGN,0.9999999282200988,0.187823953970259,50,0.5954218540161076,0.4632731717232731,0.03313691708705377,0.13214868229283444,0.5622849369290538,0.010952114262988836,0.008461372823446433,0.11556439155887943,0.3710617423057556,0.22698723510466517,0.14407450720109044,9.2,9.2,trapezoid_from_zero_normalized_by_max_fraction
ton_iot_binary,42,rid_474d36f88a6911413398421460dc623d,mlp,occlusion,training_median,baseline_marginal_constant,deletion,1,ATTACK,True,1,ATTACK,0.9998021125793456,0.8119780868291854,50,0.38864398300647734,0.2891450571987772,0.2232325251799241,0.09949892580770017,0.1654114578265533,0.014340917664725372,0.01042942282629043,0.07905725706817093,0.9042328596115112,0.9839772109501064,-0.07974435133859514,9.2,9.2,trapezoid_from_zero_normalized_by_max_fraction
ton_iot_binary,42,rid_96cb1ffdfa676fe22cc2e8c7693863c1,mlp,occlusion,training_median,baseline_marginal_constant,deletion,0,BENIGN,True,0,BENIGN,0.999999991754982,0.1878240175051422,50,0.6127194385879025,0.4600542245006072,0.03548731983819237,0.15266521408729528,0.57723211874971,0.012976380858978221,0.009573624250331102,0.13390091055664632,0.460376113653183,0.2849772941637784,0.17539881948940456,9.2,9.2,trapezoid_from_zero_normalized_by_max_fraction
ton_iot_binary,42,rid_b68c2581b0a71176c81c3e0638a60ef1,mlp,occlusion,training_median,baseline_marginal_constant,deletion,0,BENIGN,True,0,BENIGN,0.9995845762314276,0.1874086019815876,50,0.6996250974189024,0.6208729526219849,0.37322389294096137,0.07875214479691749,0.326401204477941,0.015517314197532038,0.011187890376148743,0.056823879659665955,0.6311022639274597,0.4493182373084128,0.1817840266190469,9.2,9.2,trapezoid_from_zero_normalized_by_max_fraction
ton_iot_binary,42,rid_06c5b18595653bc93680b98572b085db,mlp,occlusion,training_median,baseline_marginal_constant,deletion,0,BENIGN,True,0,BENIGN,0.9999470911352546,0.1877711168854147,50,0.7534943144828503,0.5044151017149997,0.1696242137412064,0.24907921276785056,0.5838701007416439,0.04394266662761807,0.024030207259936556,0.2019800065383749,2.399695634841919,1.8608934116363525,0.5388022232055665,9.2,9.2,trapezoid_from_zero_normalized_by_max_fraction
ton_iot_binary,42,rid_c8f5ddfce5c296fae3fcfd14c8281db5,mlp,occlusion,training_median,baseline_marginal_constant,deletion,0,BENIGN,True,0,BENIGN,0.9999988437642742,0.1878228695144343,50,0.45819153024688714,0.2402775530082547,0.01980822196627207,0.21791397723863243,0.43838330828061506,0.0220632752741297,0.01594826122348729,0.18665538524059733,2.331076145172119,1.9196454801559448,0.4114306650161743,9.2,9.2,trapezoid_from_zero_normalized_by_max_fraction
ton_iot_binary,42,rid_b5f19856921bec80ab4d0ae802f70a22,mlp,occlusion,training_median,baseline_marginal_constant,deletion,0,BENIGN,True,0,BENIGN,0.9994899458251894,0.1873139715753496,50,0.7621523452253314,0.5525121094476199,0.22215373451123016,0.20964023577771151,0.5399986107141012,0.036364472044499975,0.018797604696883533,0.1727969305718198,2.280466079711914,1.349194946050644,0.93127113366127,9.2,9.2,trapezoid_from_zero_normalized_by_max_fraction
ton_iot_binary,42,rid_1c007e515f8c424983946ad431efb604,mlp,occlusion,training_median,baseline_marginal_constant,deletion,0,BENIGN,True,0,BENIGN,0.9994844333268702,0.1873084590770304,50,0.6504458647337742,0.6533786739402421,0.3721570313500124,-0.002932809206467931,0.27828883338376176,0.013887156125554884,0.00982818540882111,-0.022196052607757307,0.8399757146835327,0.49202715294249355,0.34794856174103916,9.2,9.2,trapezoid_from_zero_normalized_by_max_fraction
ton_iot_binary,42,rid_24b36743723526135cc69620cd117e23,mlp,occlusion,training_median,baseline_marginal_constant,deletion,1,ATTACK,True,1,ATTACK,0.9996989965438844,0.8118749707937242,50,0.1828309655189514,0.2177911016345024,0.04251699817180633,-0.03496013611555099,0.14031396734714507,0.02278194710457964,0.012861218783596664,-0.060168124931400446,0.9521328210830688,1.012381314754486,-0.06024849367141716,9.2,9.2,trapezoid_from_zero_normalized_by_max_fraction
ton_iot_binary,42,rid_f1d5bbcbb32162a53afde2d268aadebb,mlp,occlusion,training_median,baseline_marginal_constant,deletion,1,ATTACK,True,1,ATTACK,0.9983906149864196,0.8105665892362593,50,0.32535715103149415,0.191662657798257,0.20383842895925047,0.13369449323323718,0.12151872207224368,0.032939006335946576,0.017560522906667844,0.09927586833616821,0.9229354858398438,1.0683781152963638,-0.1454426294565201,9.2,9.2,trapezoid_from_zero_normalized_by_max_fraction
ton_iot_binary,42,rid_e4cc9122aaeae4b1c64e125cbf1f4bae,mlp,occlusion,training_median,baseline_marginal_constant,deletion,1,ATTACK,True,1,ATTACK,0.9995288848876952,0.811704859137535,50,0.19828841686248777,0.13076073187962176,0.15549550363421438,0.06752768498286604,0.0427929132282734,0.02806915485913347,0.014180921780923957,0.039733078292255086,1.1193729639053345,1.1661988363265992,-0.04682587242126468,9.2,9.2,trapezoid_from_zero_normalized_by_max_fraction
ton_iot_binary,42,rid_f836c721abe82ef8626b8d0828bf81a3,mlp,occlusion,training_median,baseline_marginal_constant,deletion,1,ATTACK,True,1,ATTACK,0.9982398748397828,0.8104158490896226,50,0.23896906375885008,0.27453838565200567,0.15621982353553177,-0.03556932189315558,0.08274924022331834,0.010974512946225923,0.007084046192391968,-0.04945405243024384,0.7157469391822815,0.5273928782641888,0.1883540609180927,9.2,9.2,trapezoid_from_zero_normalized_by_max_fraction
ton_iot_binary,42,rid_ea42348fe63f562614533c2a240887de,mlp,occlusion,training_median,baseline_marginal_constant,deletion,1,ATTACK,True,1,ATTACK,0.999978482723236,0.8121544569730758,50,0.4313426821259782,0.21184787310659886,0.12660891327261925,0.2194948090193793,0.30473376885335896,0.02417237274322548,0.012936328170706952,0.19413960580479367,1.74039626121521,1.6215852520465852,0.11881100916862475,9.2,9.2,trapezoid_from_zero_normalized_by_max_fraction
ton_iot_binary,42,rid_1bf21900e95747c105a7fd442abb6ec2,mlp,occlusion,training_median,baseline_marginal_constant,deletion,1,ATTACK,True,1,ATTACK,0.9999991059303284,0.8121750801801682,50,0.37732974588871004,0.36259612753113246,0.15323630289715653,0.014733618357577548,0.2240934429915535,0.043455174402637506,0.021765923494404895,-0.027927591691456047,2.017551898956299,1.9303934988975526,0.0871584000587462,9.2,9.2,trapezoid_from_zero_normalized_by_max_fraction
ton_iot_binary,42,rid_71adf7ccd4004e056d4214e84ac0076d,mlp,occlusion,training_median,baseline_marginal_constant,deletion,1,ATTACK,True,1,ATTACK,0.999999463558197,0.8121754378080368,50,0.38452718779444695,0.20840129656903444,0.08235713744163514,0.17612589122541247,0.30217005035281186,0.03581190631394687,0.018671638527213503,0.13952947971207402,1.796112060546875,1.5801341724395752,0.2159778881072998,9.2,9.2,trapezoid_from_zero_normalized_by_max_fraction
ton_iot_binary,42,rid_14018286121dd46713a133f9bdfc93a8,mlp,occlusion,training_median,baseline_marginal_constant,deletion,0,BENIGN,True,0,BENIGN,0.9999993221695148,0.1878233479196751,50,0.7595981715028188,0.554453840827233,0.3485242132972277,0.2051443306755858,0.41107395820559106,0.025994371054930843,0.014799379323472637,0.17613754720157943,0.897960364818573,0.6208406338095666,0.27711973100900644,9.2,9.2,trapezoid_from_zero_normalized_by_max_fraction
ton_iot_binary,42,rid_8fdb1c9fcd903c2872e97a5c6111941b,mlp,occlusion,training_median,baseline_marginal_constant,insertion,0,BENIGN,True,0,BENIGN,0.9999999282200988,0.187823953970259,50,0.6665713247561331,0.6293273935291073,0.36013695123353506,0.03724393122702594,0.3064343735225981,0.008744053225116137,0.006179242866753098,0.02513261520818987,0.3710617423057556,0.22698723510466517,0.14407450720109044,9.2,9.2,trapezoid_from_zero_normalized_by_max_fraction
ton_iot_binary,42,rid_474d36f88a6911413398421460dc623d,mlp,occlusion,training_median,baseline_marginal_constant,insertion,1,ATTACK,True,1,ATTACK,0.9998021125793456,0.8119780868291854,50,0.2822364509105682,0.19377057930772695,0.014926650532753227,0.08846587160284128,0.267309800377815,0.014526505110321282,0.010568215482670285,0.06775216925680752,0.9042328596115112,0.9839772109501064,-0.07974435133859514,9.2,9.2,trapezoid_from_zero_normalized_by_max_fraction
ton_iot_binary,42,rid_96cb1ffdfa676fe22cc2e8c7693863c1,mlp,occlusion,training_median,baseline_marginal_constant,insertion,0,BENIGN,True,0,BENIGN,0.999999991754982,0.1878240175051422,50,0.6665713801834205,0.6222745477640537,0.3418659368125504,0.04429683241936679,0.32470544337087015,0.008353164900939108,0.0059020377769739025,0.03272883837649794,0.460376113653183,0.2849772941637784,0.17539881948940456,9.2,9.2,trapezoid_from_zero_normalized_by_max_fraction
ton_iot_binary,42,rid_b68c2581b0a71176c81c3e0638a60ef1,mlp,occlusion,training_median,baseline_marginal_constant,insertion,0,BENIGN,True,0,BENIGN,0.9995845762314276,0.1874086019815876,50,0.5678685812454205,0.525482809473754,0.07401319081936891,0.04238577177166644,0.49385539042605164,0.014601548742309681,0.010500489157120199,0.021804813023710852,0.6311022639274597,0.4493182373084128,0.1817840266190469,9.2,9.2,trapezoid_from_zero_normalized_by_max_fraction
ton_iot_binary,42,rid_06c5b18595653bc93680b98572b085db,mlp,occlusion,training_median,baseline_marginal_constant,insertion,0,BENIGN,True,0,BENIGN,0.9999470911352546,0.1877711168854147,50,0.6663485702967591,0.49032886664794206,0.13093540483548713,0.17601970364881708,0.535413165461272,0.03632153025123375,0.019085059788014468,0.13861298646430872,2.399695634841919,1.8608934116363525,0.5388022232055665,9.2,9.2,trapezoid_from_zero_normalized_by_max_fraction
ton_iot_binary,42,rid_c8f5ddfce5c296fae3fcfd14c8281db5,mlp,occlusion,training_median,baseline_marginal_constant,insertion,0,BENIGN,True,0,BENIGN,0.9999988437642742,0.1878228695144343,50,0.6625740857696201,0.624335116133364,0.44143756157147773,0.0382389696362561,0.22113652419814228,0.0075662107815569635,0.005174755511370679,0.02809644883396957,2.331076145172119,1.9196454801559448,0.4114306650161743,9.2,9.2,trapezoid_from_zero_normalized_by_max_fraction
ton_iot_binary,42,rid_b5f19856921bec80ab4d0ae802f70a22,mlp,occlusion,training_median,baseline_marginal_constant,insertion,0,BENIGN,True,0,BENIGN,0.9994899458251894,0.1873139715753496,50,0.6659447563753929,0.4770218452032423,0.07202526725176722,0.18892291117215063,0.5939194891236257,0.02676151546182621,0.01611931053978691,0.15732906251416828,2.280466079711914,1.349194946050644,0.93127113366127,9.2,9.2,trapezoid_from_zero_normalized_by_max_fraction
ton_iot_binary,42,rid_1c007e515f8c424983946ad431efb604,mlp,occlusion,training_median,baseline_marginal_constant,insertion,0,BENIGN,True,0,BENIGN,0.9994844333268702,0.1873084590770304,50,0.6408134233060991,0.47704476828628684,0.020982456377067138,0.1637686550198123,0.6198309669290321,0.012205082210765834,0.009011892190276413,0.14610534632687053,0.8399757146835327,0.49202715294249355,0.34794856174103916,9.2,9.2,trapezoid_from_zero_normalized_by_max_fraction
ton_iot_binary,42,rid_24b36743723526135cc69620cd117e23,mlp,occlusion,training_median,baseline_marginal_constant,insertion,1,ATTACK,True,1,ATTACK,0.9996989965438844,0.8118749707937242,50,0.28313274383544923,0.2600394651293755,0.13880716529488563,0.02309327870607377,0.14432557854056358,0.004498193417724604,0.0026508405344949047,0.017897631258463758,0.9521328210830688,1.012381314754486,-0.06024849367141716,9.2,9.2,trapezoid_from_zero_normalized_by_max_fraction
ton_iot_binary,42,rid_f1d5bbcbb32162a53afde2d268aadebb,mlp,occlusion,training_median,baseline_marginal_constant,insertion,1,ATTACK,True,1,ATTACK,0.9983906149864196,0.8105665892362593,50,0.28036260306835176,0.08457467170851306,0.10306421749365836,0.19578793135983869,0.17729838557469335,0.03210842466833284,0.01712755146849275,0.1622179304815929,0.9229354858398438,1.0683781152963638,-0.1454426294565201,9.2,9.2,trapezoid_from_zero_normalized_by_max_fraction
ton_iot_binary,42,rid_e4cc9122aaeae4b1c64e125cbf1f4bae,mlp,occlusion,training_median,baseline_marginal_constant,insertion,1,ATTACK,True,1,ATTACK,0.9995288848876952,0.811704859137535,50,0.269397297501564,0.0138257749438053,0.07647546737115953,0.2555715225577587,0.19292183013040448,0.03385480212836891,0.017830736608550425,0.22062327880499988,1.1193729639053345,1.1661988363265992,-0.04682587242126468,9.2,9.2,trapezoid_from_zero_normalized_by_max_fraction
ton_iot_binary,42,rid_f836c721abe82ef8626b8d0828bf81a3,mlp,occlusion,training_median,baseline_marginal_constant,insertion,1,ATTACK,True,1,ATTACK,0.9982398748397828,0.8104158490896226,50,0.2814454823732376,0.22125050022802314,0.06339047273620962,0.06019498214521446,0.21805500963702795,0.012008756892854818,0.008616065540512287,0.043307493685810376,0.7157469391822815,0.5273928782641888,0.1883540609180927,9.2,9.2,trapezoid_from_zero_normalized_by_max_fraction
ton_iot_binary,42,rid_ea42348fe63f562614533c2a240887de,mlp,occlusion,training_median,baseline_marginal_constant,insertion,1,ATTACK,True,1,ATTACK,0.999978482723236,0.8121544569730758,50,0.2832147151231766,0.12111428150348366,0.07993294711690396,0.16210043361969292,0.20328176800627262,0.03011263414244602,0.01589211493799036,0.1309518883412318,1.74039626121521,1.6215852520465852,0.11881100916862475,9.2,9.2,trapezoid_from_zero_normalized_by_max_fraction
ton_iot_binary,42,rid_1bf21900e95747c105a7fd442abb6ec2,mlp,occlusion,training_median,baseline_marginal_constant,insertion,1,ATTACK,True,1,ATTACK,0.9999991059303284,0.8121750801801682,50,0.21602904498577116,0.08369394884716307,0.020662274053124693,0.1323350961386081,0.19536677093264648,0.02906091111508205,0.014425056051384092,0.10406198627789529,2.017551898956299,1.9303934988975526,0.0871584000587462,9.2,9.2,trapezoid_from_zero_normalized_by_max_fraction
ton_iot_binary,42,rid_71adf7ccd4004e056d4214e84ac0076d,mlp,occlusion,training_median,baseline_marginal_constant,insertion,1,ATTACK,True,1,ATTACK,0.999999463558197,0.8121754378080368,50,0.28323185443878174,0.15563142516789957,0.11139523330936207,0.12760042927088217,0.17183662112941966,0.024859661757627754,0.012521943109721826,0.10305742077582739,1.796112060546875,1.5801341724395752,0.2159778881072998,9.2,9.2,trapezoid_from_zero_normalized_by_max_fraction
ton_iot_binary,42,rid_14018286121dd46713a133f9bdfc93a8,mlp,occlusion,training_median,baseline_marginal_constant,insertion,0,BENIGN,True,0,BENIGN,0.9999993221695148,0.1878233479196751,50,0.6653743462440331,0.49582580446903324,0.09186586962481996,0.169548541775,0.5735084766192132,0.025226049422248247,0.014938926987206792,0.1402682448800747,0.897960364818573,0.6208406338095666,0.27711973100900644,9.2,9.2,trapezoid_from_zero_normalized_by_max_fraction
ton_iot_binary,42,rid_8fdb1c9fcd903c2872e97a5c6111941b,mlp,occlusion,target_class_median,baseline_marginal_constant,deletion,0,BENIGN,True,0,BENIGN,0.9999999282200988,0.187823953970259,50,4.7767948174737283e-08,1.3469925676190541e-08,1.3918190461481573e-08,3.429802249854674e-08,3.384975771325571e-08,2.776084103025843e-09,1.4437507391404097e-09,3.1468271049831535e-08,0.019021835178136826,0.0077313741045072675,0.011290461073629559,9.2,9.2,trapezoid_from_zero_normalized_by_max_fraction
ton_iot_binary,42,rid_474d36f88a6911413398421460dc623d,mlp,occlusion,target_class_median,baseline_marginal_constant,deletion,1,ATTACK,True,1,ATTACK,0.9998021125793456,0.8119780868291854,50,0.25190402567386627,0.2076103499829769,0.05004352861642837,0.044293675690889364,0.20186049705743792,0.02444569721259898,0.013017003138050317,0.018780349540310742,0.40076643228530884,0.48853415787220006,-0.08776772558689122,9.2,9.2,trapezoid_from_zero_normalized_by_max_fraction
ton_iot_binary,42,rid_96cb1ffdfa676fe22cc2e8c7693863c1,mlp,occlusion,target_class_median,baseline_marginal_constant,deletion,0,BENIGN,True,0,BENIGN,0.999999991754982,0.1878240175051422,50,1.0267047119150162e-07,3.0211137624469587e-08,3.140281824887126e-08,7.245933356703205e-08,7.126765294263038e-08,6.774614289666137e-09,3.528041219979681e-09,6.554437277587188e-08,0.10852042585611343,0.03172164922952652,0.0767987766265869,9.2,9.2,trapezoid_from_zero_normalized_by_max_fraction
ton_iot_binary,42,rid_b68c2581b0a71176c81c3e0638a60ef1,mlp,occlusion,target_class_median,baseline_marginal_constant,deletion,0,BENIGN,True,0,BENIGN,0.9995845762314276,0.1874086019815876,50,0.1003571455016555,0.34471300750740674,0.28794685645777973,-0.24435586200575127,-0.1875897109561242,0.05643247232465397,0.027820427929549366,-0.298883900747668,0.5997496247291565,0.4819032122418284,0.11784641248732808,9.2,9.2,trapezoid_from_zero_normalized_by_max_fraction
ton_iot_binary,42,rid_06c5b18595653bc93680b98572b085db,mlp,occlusion,target_class_median,baseline_marginal_constant,deletion,0,BENIGN,True,0,BENIGN,0.9999470911352546,0.1877711168854147,50,0.5935708704001854,0.2529934720406545,0.14797264231178728,0.34057739835953094,0.4455982280883981,0.040876667744760765,0.022365247227431714,0.2967415137937648,2.4535889625549316,1.8789923937320712,0.5745965688228605,9.2,9.2,trapezoid_from_zero_normalized_by_max_fraction
ton_iot_binary,42,rid_c8f5ddfce5c296fae3fcfd14c8281db5,mlp,occlusion,target_class_median,baseline_marginal_constant,deletion,0,BENIGN,True,0,BENIGN,0.9999988437642742,0.1878228695144343,50,0.002813127510307823,0.018923347659276737,0.007682457609603651,-0.016110220148968915,-0.004869330099295828,0.004532391051325232,0.0029842218042569224,-0.021959294885312484,2.2497923374176025,1.7593546278476715,0.49043770956993105,9.2,9.2,trapezoid_from_zero_normalized_by_max_fraction
ton_iot_binary,42,rid_b5f19856921bec80ab4d0ae802f70a22,mlp,occlusion,target_class_median,baseline_marginal_constant,deletion,0,BENIGN,True,0,BENIGN,0.9994899458251894,0.1873139715753496,50,0.20960538863449898,0.1059816274835021,0.18522336880914658,0.10362376115099689,0.024382019825352402,0.02105405656606924,0.012425229659429198,0.07927031101851566,2.394667148590088,1.5591674609184263,0.8354996876716616,9.2,9.2,trapezoid_from_zero_normalized_by_max_fraction
ton_iot_binary,42,rid_1c007e515f8c424983946ad431efb604,mlp,occlusion,target_class_median,baseline_marginal_constant,deletion,0,BENIGN,True,0,BENIGN,0.9994844333268702,0.1873084590770304,50,0.10627989268967042,0.38462774475033873,0.4122433059991588,-0.27834785206066837,-0.3059634133094884,0.05383297011430566,0.026278439697718592,-0.3298535938681968,0.8456888198852539,0.5180900106802583,0.3275988092049956,9.2,9.2,trapezoid_from_zero_normalized_by_max_fraction
ton_iot_binary,42,rid_24b36743723526135cc69620cd117e23,mlp,occlusion,target_class_median,baseline_marginal_constant,deletion,1,ATTACK,True,1,ATTACK,0.9996989965438844,0.8118749707937242,50,0.16646350026130677,0.2865182640478015,0.09605225563794376,-0.12005476378649471,0.07041124462336301,0.023869183106650916,0.012364901984697021,-0.14428997167650087,0.9322158098220825,1.1855100920200348,-0.25329428219795225,9.2,9.2,trapezoid_from_zero_normalized_by_max_fraction
ton_iot_binary,42,rid_f1d5bbcbb32162a53afde2d268aadebb,mlp,occlusion,target_class_median,baseline_marginal_constant,deletion,1,ATTACK,True,1,ATTACK,0.9983906149864196,0.8105665892362593,50,0.42027433514595036,0.2384213823005557,0.18092483595758677,0.18185295284539466,0.2393494991883636,0.022560048611915306,0.011990605811127195,0.15835136545558537,0.7512790560722351,0.7382205581068992,0.013058497965335869,9.2,9.2,trapezoid_from_zero_normalized_by_max_fraction
ton_iot_binary,42,rid_e4cc9122aaeae4b1c64e125cbf1f4bae,mlp,occlusion,target_class_median,baseline_marginal_constant,deletion,1,ATTACK,True,1,ATTACK,0.9995288848876952,0.811704859137535,50,0.3415519773960114,0.2252828166000545,0.1822381617613137,0.11626916079595685,0.1593138156346977,0.02583918414907081,0.012132669605944016,0.09248912836830658,0.958016574382782,0.8745686705112459,0.08344790387153611,9.2,9.2,trapezoid_from_zero_normalized_by_max_fraction
ton_iot_binary,42,rid_f836c721abe82ef8626b8d0828bf81a3,mlp,occlusion,target_class_median,baseline_marginal_constant,deletion,1,ATTACK,True,1,ATTACK,0.9982398748397828,0.8104158490896226,50,0.2093872673809528,0.21794514463096856,0.10281039194762708,-0.00855787725001574,0.10657687543332578,0.026018923667327068,0.013643118805416486,-0.03529839010863205,0.7167162299156189,0.7164082602858544,0.00030796962976453734,9.2,9.2,trapezoid_from_zero_normalized_by_max_fraction
ton_iot_binary,42,rid_ea42348fe63f562614533c2a240887de,mlp,occlusion,target_class_median,baseline_marginal_constant,deletion,1,ATTACK,True,1,ATTACK,0.999978482723236,0.8121544569730758,50,0.34134672582149506,0.32303187558054924,0.12600804328918458,0.018314850240945847,0.21533868253231048,0.02360706080512431,0.012738368794298823,-0.006652352595879846,1.4841864109039307,1.3995228796005248,0.08466353130340587,9.2,9.2,trapezoid_from_zero_normalized_by_max_fraction
ton_iot_binary,42,rid_1bf21900e95747c105a7fd442abb6ec2,mlp,occlusion,target_class_median,baseline_marginal_constant,deletion,1,ATTACK,True,1,ATTACK,0.9999991059303284,0.8121750801801682,50,0.4118658095598221,0.4371746818516403,0.13664202529005706,-0.02530887229181826,0.275223784269765,0.027889837338808638,0.014444270820351138,-0.05361964309970649,1.6283286809921265,1.4529358553886413,0.17539282560348513,9.2,9.2,trapezoid_from_zero_normalized_by_max_fraction
ton_iot_binary,42,rid_71adf7ccd4004e056d4214e84ac0076d,mlp,occlusion,target_class_median,baseline_marginal_constant,deletion,1,ATTACK,True,1,ATTACK,0.999999463558197,0.8121754378080368,50,0.36053508222103114,0.20865328934788702,0.05769532555341721,0.15188179287314416,0.302839756667614,0.020209109349714573,0.010064794961034372,0.1321547947495168,1.5289008617401123,1.420246892929077,0.10865396881103528,9.2,9.2,trapezoid_from_zero_normalized_by_max_fraction
ton_iot_binary,42,rid_14018286121dd46713a133f9bdfc93a8,mlp,occlusion,target_class_median,baseline_marginal_constant,deletion,0,BENIGN,True,0,BENIGN,0.9999993221695148,0.1878233479196751,50,0.44834823183543476,0.07602878779038502,0.20136325170586755,0.3723194440450498,0.24698498012956727,0.021602483918795583,0.012877396495524778,0.3470797469138212,0.7188047170639038,0.4052546010911465,0.3135501159727573,9.2,9.2,trapezoid_from_zero_normalized_by_max_fraction
ton_iot_binary,42,rid_8fdb1c9fcd903c2872e97a5c6111941b,mlp,occlusion,target_class_median,baseline_marginal_constant,insertion,0,BENIGN,True,0,BENIGN,0.9999999282200988,0.187823953970259,50,4.8356828585838234e-08,1.5048125177941072e-08,1.5331503448123838e-08,3.330870340789715e-08,3.302532513771439e-08,2.903538812427555e-09,1.5075782398287969e-09,3.035385005783271e-08,0.019021835178136826,0.0077313741045072675,0.011290461073629559,9.2,9.2,trapezoid_from_zero_normalized_by_max_fraction
ton_iot_binary,42,rid_474d36f88a6911413398421460dc623d,mlp,occlusion,target_class_median,baseline_marginal_constant,insertion,1,ATTACK,True,1,ATTACK,0.9998021125793456,0.8119780868291854,50,0.45595222115516665,0.46285550406575204,0.28680597773194316,-0.006903282910585416,0.1691462434232235,0.011650100821429714,0.006306059150576076,-0.019263158845714525,0.40076643228530884,0.48853415787220006,-0.08776772558689122,9.2,9.2,trapezoid_from_zero_normalized_by_max_fraction
ton_iot_binary,42,rid_96cb1ffdfa676fe22cc2e8c7693863c1,mlp,occlusion,target_class_median,baseline_marginal_constant,insertion,0,BENIGN,True,0,BENIGN,0.999999991754982,0.1878240175051422,50,1.0267047119150162e-07,3.1131541942563956e-08,3.226330041083969e-08,7.153892924893769e-08,7.040717078066194e-08,6.84976456754108e-09,3.567733957679861e-09,6.454617069188516e-08,0.10852042585611343,0.03172164922952652,0.0767987766265869,9.2,9.2,trapezoid_from_zero_normalized_by_max_fraction
ton_iot_binary,42,rid_b68c2581b0a71176c81c3e0638a60ef1,mlp,occlusion,target_class_median,baseline_marginal_constant,insertion,0,BENIGN,True,0,BENIGN,0.9995845762314276,0.1874086019815876,50,-0.5039846207571252,-0.3670414556502055,-0.24313047968076706,-0.13694316510691962,-0.26085414107635807,0.06078409202819324,0.02882095462799609,-0.19343223617779196,0.5997496247291565,0.4819032122418284,0.11784641248732808,9.2,9.2,trapezoid_from_zero_normalized_by_max_fraction
ton_iot_binary,42,rid_06c5b18595653bc93680b98572b085db,mlp,occlusion,target_class_median,baseline_marginal_constant,insertion,0,BENIGN,True,0,BENIGN,0.9999470911352546,0.1877711168854147,50,-0.0001870596806263336,-0.16878277072225226,-0.20154341777488027,0.1685957110416259,0.20135635809425392,0.03731090362779574,0.01940615775108904,0.1305596418494914,2.4535889625549316,1.8789923937320712,0.5745965688228605,9.2,9.2,trapezoid_from_zero_normalized_by_max_fraction
ton_iot_binary,42,rid_c8f5ddfce5c296fae3fcfd14c8281db5,mlp,occlusion,target_class_median,baseline_marginal_constant,insertion,0,BENIGN,True,0,BENIGN,0.9999988437642742,0.1878228695144343,50,-0.00830863814986671,-0.01236976169002365,-0.03413924677192273,0.0040611235401569416,0.025830608622056023,0.002581576601335628,0.00150369431925527,0.001113882674416612,2.2497923374176025,1.7593546278476715,0.49043770956993105,9.2,9.2,trapezoid_from_zero_normalized_by_max_fraction
ton_iot_binary,42,rid_b5f19856921bec80ab4d0ae802f70a22,mlp,occlusion,target_class_median,baseline_marginal_constant,insertion,0,BENIGN,True,0,BENIGN,0.9994899458251894,0.1873139715753496,50,-0.0005648582245491695,-0.15953532679911753,-0.2363090080977968,0.15897046857456837,0.23574414987324765,0.02740487905863456,0.016531307417465526,0.12656910603633595,2.394667148590088,1.5591674609184263,0.8354996876716616,9.2,9.2,trapezoid_from_zero_normalized_by_max_fraction
ton_iot_binary,42,rid_1c007e515f8c424983946ad431efb604,mlp,occlusion,target_class_median,baseline_marginal_constant,insertion,0,BENIGN,True,0,BENIGN,0.9994844333268702,0.1873084590770304,50,-0.639698016291674,-0.4960248682582107,-0.32124278379558535,-0.14367314803346334,-0.3184552324960887,0.05551521770053996,0.02631626240815195,-0.19525302235344116,0.8456888198852539,0.5180900106802583,0.3275988092049956,9.2,9.2,trapezoid_from_zero_normalized_by_max_fraction
ton_iot_binary,42,rid_24b36743723526135cc69620cd117e23,mlp,occlusion,target_class_median,baseline_marginal_constant,insertion,1,ATTACK,True,1,ATTACK,0.9996989965438844,0.8118749707937242,50,0.35214133504778145,0.4466848228238523,0.27289690349623563,-0.09454348777607081,0.07924443155154587,0.025449574435067193,0.013785546796121326,-0.12156315949646862,0.9322158098220825,1.1855100920200348,-0.25329428219795225,9.2,9.2,trapezoid_from_zero_normalized_by_max_fraction
ton_iot_binary,42,rid_f1d5bbcbb32162a53afde2d268aadebb,mlp,occlusion,target_class_median,baseline_marginal_constant,insertion,1,ATTACK,True,1,ATTACK,0.9983906149864196,0.8105665892362593,50,0.5467832267284394,0.31052040362358097,0.3067270132154226,0.23626282310485838,0.2400562135130167,0.029121434131988894,0.016281924371216346,0.20435025133727436,0.7512790560722351,0.7382205581068992,0.013058497965335869,9.2,9.2,trapezoid_from_zero_normalized_by_max_fraction
ton_iot_binary,42,rid_e4cc9122aaeae4b1c64e125cbf1f4bae,mlp,occlusion,target_class_median,baseline_marginal_constant,insertion,1,ATTACK,True,1,ATTACK,0.9995288848876952,0.811704859137535,50,0.5476653158664704,0.30925725383684044,0.293768305182457,0.23840806202962997,0.2538970106840134,0.029681959182661963,0.015571496660853256,0.2078879285743576,0.958016574382782,0.8745686705112459,0.08344790387153611,9.2,9.2,trapezoid_from_zero_normalized_by_max_fraction
ton_iot_binary,42,rid_f836c721abe82ef8626b8d0828bf81a3,mlp,occlusion,target_class_median,baseline_marginal_constant,insertion,1,ATTACK,True,1,ATTACK,0.9982398748397828,0.8104158490896226,50,0.5460146129131317,0.4354654964059591,0.32766286593675614,0.11054911650717258,0.21835174697637555,0.026723083971614377,0.014158070766157719,0.08279929780550346,0.7167162299156189,0.7164082602858544,0.00030796962976453734,9.2,9.2,trapezoid_from_zero_normalized_by_max_fraction
ton_iot_binary,42,rid_ea42348fe63f562614533c2a240887de,mlp,occlusion,target_class_median,baseline_marginal_constant,insertion,1,ATTACK,True,1,ATTACK,0.999978482723236,0.8121544569730758,50,0.5464289665222168,0.439005577981472,0.2281097667738795,0.10742338854074479,0.3183191997483373,0.015571216162297516,0.008171134310197623,0.09140796529275745,1.4841864109039307,1.3995228796005248,0.08466353130340587,9.2,9.2,trapezoid_from_zero_normalized_by_max_fraction
ton_iot_binary,42,rid_1bf21900e95747c105a7fd442abb6ec2,mlp,occlusion,target_class_median,baseline_marginal_constant,insertion,1,ATTACK,True,1,ATTACK,0.9999991059303284,0.8121750801801682,50,0.47074749171733854,0.4394537216633325,0.25527958282647883,0.03129377005400604,0.2154679088908597,0.018230905786226985,0.010004470955837343,0.01168500698056485,1.6283286809921265,1.4529358553886413,0.17539282560348513,9.2,9.2,trapezoid_from_zero_normalized_by_max_fraction
ton_iot_binary,42,rid_71adf7ccd4004e056d4214e84ac0076d,mlp,occlusion,target_class_median,baseline_marginal_constant,insertion,1,ATTACK,True,1,ATTACK,0.999999463558197,0.8121754378080368,50,0.5465345054864883,0.46578618121147153,0.26194028824567794,0.0807483242750168,0.2845942172408104,0.01896164419041184,0.009469722287930847,0.06218766859067233,1.5289008617401123,1.420246892929077,0.10865396881103528,9.2,9.2,trapezoid_from_zero_normalized_by_max_fraction
ton_iot_binary,42,rid_14018286121dd46713a133f9bdfc93a8,mlp,occlusion,target_class_median,baseline_marginal_constant,insertion,0,BENIGN,True,0,BENIGN,0.9999993221695148,0.1878233479196751,50,-2.22683960302561e-06,-0.09290347849380076,-0.19109602644932108,0.09290125165419771,0.19109379960971806,0.024567209586726226,0.014369206836308632,0.0647376062550328,0.7188047170639038,0.4052546010911465,0.3135501159727573,9.2,9.2,trapezoid_from_zero_normalized_by_max_fraction
ton_iot_binary,42,rid_8fdb1c9fcd903c2872e97a5c6111941b,mlp,occlusion,joint_donor,dependency_preserving,deletion,0,BENIGN,True,0,BENIGN,0.9999999282200988,0.187823953970259,50,0.1081993863961393,0.27403703404248436,0.24140757299708018,-0.16583764764634512,-0.1332081866009409,0.05373904210257044,0.026569025363422056,-0.21791293735865236,0.947219967842102,0.9962396376132965,-0.04901966977119443,9.2,9.2,trapezoid_from_zero_normalized_by_max_fraction
ton_iot_binary,42,rid_474d36f88a6911413398421460dc623d,mlp,occlusion,joint_donor,dependency_preserving,deletion,1,ATTACK,True,1,ATTACK,0.9998021125793456,0.8119780868291854,50,0.5032544846959354,0.5090793165985741,0.3377512230281352,-0.005824831902638706,0.16550326166780016,0.058333540036237495,0.02761530455829367,-0.0599508288368943,0.33047041296958923,0.3242091321933549,0.006261280776234335,9.2,9.2,trapezoid_from_zero_normalized_by_max_fraction
ton_iot_binary,42,rid_96cb1ffdfa676fe22cc2e8c7693863c1,mlp,occlusion,joint_donor,dependency_preserving,deletion,0,BENIGN,True,0,BENIGN,0.999999991754982,0.1878240175051422,50,0.8277734399603847,0.3142325407937265,0.2558915895320777,0.5135408991666581,0.571881850428307,0.05507643783014215,0.026104110672127263,0.4623768422492887,0.1763732135295868,0.40273930805921554,-0.22636609452962875,9.2,9.2,trapezoid_from_zero_normalized_by_max_fraction
ton_iot_binary,42,rid_b68c2581b0a71176c81c3e0638a60ef1,mlp,occlusion,joint_donor,dependency_preserving,deletion,0,BENIGN,True,0,BENIGN,0.9995845762314276,0.1874086019815876,50,0.3539857026466052,0.3530747428361485,0.39117124013342824,0.0009109598104566768,-0.03718553748682307,0.05243944371482885,0.02487155516905826,-0.047837288320897516,0.5951329469680786,0.4213850006554275,0.1737479463126511,9.2,9.2,trapezoid_from_zero_normalized_by_max_fraction
ton_iot_binary,42,rid_06c5b18595653bc93680b98572b085db,mlp,occlusion,joint_donor,dependency_preserving,deletion,0,BENIGN,True,0,BENIGN,0.9999470911352546,0.1877711168854147,50,0.5978765385878432,0.2929004754507659,0.09123718258133975,0.30497606313707726,0.5066393560065034,0.05018348021415186,0.024890190595723942,0.25619128956945836,2.427280902862549,1.6580677750110628,0.769213127851486,9.2,9.2,trapezoid_from_zero_normalized_by_max_fraction
ton_iot_binary,42,rid_c8f5ddfce5c296fae3fcfd14c8281db5,mlp,occlusion,joint_donor,dependency_preserving,deletion,0,BENIGN,True,0,BENIGN,0.9999988437642742,0.1878228695144343,50,0.0033775371995318436,0.14676979853496447,0.040941962555029965,-0.1433922613354326,-0.03756442535549812,0.030968548593950596,0.018004138084896086,-0.17868037198182893,1.6707121133804321,1.4763901615142823,0.19432195186614987,9.2,9.2,trapezoid_from_zero_normalized_by_max_fraction
ton_iot_binary,42,rid_b5f19856921bec80ab4d0ae802f70a22,mlp,occlusion,joint_donor,dependency_preserving,deletion,0,BENIGN,True,0,BENIGN,0.9994899458251894,0.1873139715753496,50,0.514103171674531,0.39573611519699753,0.17591698068186606,0.11836705647753351,0.3381861909926649,0.05638447352112154,0.02730458780542951,0.06485006437889168,2.462841033935547,1.9225176582336427,0.5403233757019041,9.2,9.2,trapezoid_from_zero_normalized_by_max_fraction
ton_iot_binary,42,rid_1c007e515f8c424983946ad431efb604,mlp,occlusion,joint_donor,dependency_preserving,deletion,0,BENIGN,True,0,BENIGN,0.9994844333268702,0.1873084590770304,50,0.19485123601571103,0.49506320523620684,0.3988876380852816,-0.30021196922049576,-0.20403640206957058,0.05511116963195947,0.02602562634700943,-0.3512221968606342,0.5359604358673096,0.6914035021066666,-0.155443066239357,9.2,9.2,trapezoid_from_zero_normalized_by_max_fraction
ton_iot_binary,42,rid_24b36743723526135cc69620cd117e23,mlp,occlusion,joint_donor,dependency_preserving,deletion,1,ATTACK,True,1,ATTACK,0.9996989965438844,0.8118749707937242,50,0.7914488046452994,0.43328888801154564,0.2942741117626824,0.3581599166337538,0.49717469288261695,0.05571062592873422,0.02678908569008597,0.3056533086811853,0.328603059053421,0.36999178387224674,-0.04138872481882572,9.2,9.2,trapezoid_from_zero_normalized_by_max_fraction
ton_iot_binary,42,rid_f1d5bbcbb32162a53afde2d268aadebb,mlp,occlusion,joint_donor,dependency_preserving,deletion,1,ATTACK,True,1,ATTACK,0.9983906149864196,0.8105665892362593,50,0.4240803498774767,0.3262928452662615,0.28701318157573685,0.09778750461121519,0.13706716830173982,0.05317138571181626,0.025981931768963577,0.04686291834404658,0.7755820155143738,0.5025955002307892,0.27298651528358453,9.2,9.2,trapezoid_from_zero_normalized_by_max_fraction
ton_iot_binary,42,rid_e4cc9122aaeae4b1c64e125cbf1f4bae,mlp,occlusion,joint_donor,dependency_preserving,deletion,1,ATTACK,True,1,ATTACK,0.9995288848876952,0.811704859137535,50,0.49995149572986397,0.41690520973360523,0.30562097073969113,0.08304628599625875,0.1943305249901728,0.05657061448516981,0.027481519224348494,0.029182508316535703,0.2151113748550415,0.2589292066693306,-0.04381783181428911,9.2,9.2,trapezoid_from_zero_normalized_by_max_fraction
ton_iot_binary,42,rid_f836c721abe82ef8626b8d0828bf81a3,mlp,occlusion,joint_donor,dependency_preserving,deletion,1,ATTACK,True,1,ATTACK,0.9982398748397828,0.8104158490896226,50,0.5319911722595861,0.3337498967759001,0.22649598018500128,0.19824127548368603,0.3054951920745848,0.05193671697267711,0.02566038854562754,0.14794691393425605,0.5996336340904236,0.5473647345993669,0.05226889949105673,9.2,9.2,trapezoid_from_zero_normalized_by_max_fraction
ton_iot_binary,42,rid_ea42348fe63f562614533c2a240887de,mlp,occlusion,joint_donor,dependency_preserving,deletion,1,ATTACK,True,1,ATTACK,0.999978482723236,0.8121544569730758,50,0.08066990375518798,0.27138621441111743,0.2261118853458429,-0.19071631065592942,-0.14544198159065488,0.045730611321025266,0.02231091807753081,-0.2344457100878898,1.7457879781723022,1.5602827515602111,0.18550522661209112,9.2,9.2,trapezoid_from_zero_normalized_by_max_fraction
ton_iot_binary,42,rid_1bf21900e95747c105a7fd442abb6ec2,mlp,occlusion,joint_donor,dependency_preserving,deletion,1,ATTACK,True,1,ATTACK,0.9999991059303284,0.8121750801801682,50,0.46173922563903036,0.4075388953408383,0.20324739262952868,0.05420033029819202,0.2584918330095016,0.04696712913289089,0.022447621413291548,0.010202992328140585,1.286164402961731,1.1986111931800842,0.08755320978164671,9.2,9.2,trapezoid_from_zero_normalized_by_max_fraction
ton_iot_binary,42,rid_71adf7ccd4004e056d4214e84ac0076d,mlp,occlusion,joint_donor,dependency_preserving,deletion,1,ATTACK,True,1,ATTACK,0.999999463558197,0.8121754378080368,50,0.07425226271152496,0.2628775780197329,0.2017380580972713,-0.18862531530820797,-0.1274857953857463,0.04397901022009139,0.02262915909052128,-0.2329784671256297,1.8357179164886475,1.5393224194049835,0.296395497083664,9.2,9.2,trapezoid_from_zero_normalized_by_max_fraction
ton_iot_binary,42,rid_14018286121dd46713a133f9bdfc93a8,mlp,occlusion,joint_donor,dependency_preserving,deletion,0,BENIGN,True,0,BENIGN,0.9999993221695148,0.1878233479196751,50,0.4823575289701125,0.3714510095466253,0.24498041909109683,0.11090651942348728,0.23737710987901567,0.05654304690606042,0.027198416114908766,0.0575976238382661,0.9762309789657593,0.6009778357744217,0.3752531431913376,9.2,9.2,trapezoid_from_zero_normalized_by_max_fraction
ton_iot_binary,42,rid_8fdb1c9fcd903c2872e97a5c6111941b,mlp,occlusion,joint_donor,dependency_preserving,insertion,0,BENIGN,True,0,BENIGN,0.9999999282200988,0.187823953970259,50,0.9004278201538721,0.5481543528612632,0.4821987486375274,0.3522734672926089,0.4182290715163447,0.058493123403973474,0.027906621155130668,0.2975764898285528,0.947219967842102,0.9962396376132965,-0.04901966977119443,9.2,9.2,trapezoid_from_zero_normalized_by_max_fraction
ton_iot_binary,42,rid_474d36f88a6911413398421460dc623d,mlp,occlusion,joint_donor,dependency_preserving,insertion,1,ATTACK,True,1,ATTACK,0.9998021125793456,0.8119780868291854,50,0.6493831428117118,0.4048017613444864,0.45874949474726523,0.24458138146722547,0.19063364806444666,0.05959066032390473,0.0278671193834884,0.1899618274755882,0.33047041296958923,0.3242091321933549,0.006261280776234335,9.2,9.2,trapezoid_from_zero_normalized_by_max_fraction
ton_iot_binary,42,rid_96cb1ffdfa676fe22cc2e8c7693863c1,mlp,occlusion,joint_donor,dependency_preserving,insertion,0,BENIGN,True,0,BENIGN,0.999999991754982,0.1878240175051422,50,0.6957082301788906,0.5961603814774001,0.5451619502995337,0.09954784870149037,0.15054627987935676,0.05814505259120183,0.027602087755357673,0.045447756700989335,0.1763732135295868,0.40273930805921554,-0.22636609452962875,9.2,9.2,trapezoid_from_zero_normalized_by_max_fraction
ton_iot_binary,42,rid_b68c2581b0a71176c81c3e0638a60ef1,mlp,occlusion,joint_donor,dependency_preserving,insertion,0,BENIGN,True,0,BENIGN,0.9995845762314276,0.1874086019815876,50,-0.49796609137258785,-0.44174528880350683,-0.4720564400631524,-0.05622080256908106,-0.02590965130943546,0.0561846926338143,0.026292903093902115,-0.1077548926331292,0.5951329469680786,0.4213850006554275,0.1737479463126511,9.2,9.2,trapezoid_from_zero_normalized_by_max_fraction
ton_iot_binary,42,rid_06c5b18595653bc93680b98572b085db,mlp,occlusion,joint_donor,dependency_preserving,insertion,0,BENIGN,True,0,BENIGN,0.9999470911352546,0.1877711168854147,50,-0.00011045837270842184,-0.16574481318594056,-0.3671313646722037,0.16563435481323213,0.3670209062994953,0.037460728618275776,0.019553944995049154,0.1273086226229358,2.427280902862549,1.6580677750110628,0.769213127851486,9.2,9.2,trapezoid_from_zero_normalized_by_max_fraction
ton_iot_binary,42,rid_c8f5ddfce5c296fae3fcfd14c8281db5,mlp,occlusion,joint_donor,dependency_preserving,insertion,0,BENIGN,True,0,BENIGN,0.9999988437642742,0.1878228695144343,50,0.8278621441100769,0.6306289628814057,0.4754988659423751,0.1972331812286711,0.35236327816770174,0.03949760434922469,0.018258055942596284,0.16144739158118238,1.6707121133804321,1.4763901615142823,0.19432195186614987,9.2,9.2,trapezoid_from_zero_normalized_by_max_fraction
ton_iot_binary,42,rid_b5f19856921bec80ab4d0ae802f70a22,mlp,occlusion,joint_donor,dependency_preserving,insertion,0,BENIGN,True,0,BENIGN,0.9994899458251894,0.1873139715753496,50,0.08384115205838719,-0.0355378482072832,-0.2743467774644414,0.11937900026567039,0.3581879295228285,0.029770258794930195,0.015059663975967414,0.08986205887277426,2.462841033935547,1.9225176582336427,0.5403233757019041,9.2,9.2,trapezoid_from_zero_normalized_by_max_fraction
ton_iot_binary,42,rid_1c007e515f8c424983946ad431efb604,mlp,occlusion,joint_donor,dependency_preserving,insertion,0,BENIGN,True,0,BENIGN,0.9994844333268702,0.1873084590770304,50,0.6067478555545677,0.48221239878613636,0.49383706969970265,0.12453545676843128,0.11291078585486497,0.05701902473848721,0.026848989415802122,0.07191143751345913,0.5359604358673096,0.6914035021066666,-0.155443066239357,9.2,9.2,trapezoid_from_zero_normalized_by_max_fraction
ton_iot_binary,42,rid_24b36743723526135cc69620cd117e23,mlp,occlusion,joint_donor,dependency_preserving,insertion,1,ATTACK,True,1,ATTACK,0.9996989965438844,0.8118749707937242,50,-0.4864258043816183,-0.3735685332122497,-0.4819244223785991,-0.11285727116936864,-0.00450138200301925,0.05716843497243726,0.02716561028941002,-0.16610186733661228,0.328603059053421,0.36999178387224674,-0.04138872481882572,9.2,9.2,trapezoid_from_zero_normalized_by_max_fraction
ton_iot_binary,42,rid_f1d5bbcbb32162a53afde2d268aadebb,mlp,occlusion,joint_donor,dependency_preserving,insertion,1,ATTACK,True,1,ATTACK,0.9983906149864196,0.8105665892362593,50,-0.25627359449863435,-0.3452567241451523,-0.40361890659812805,0.088983129646518,0.1473453120994937,0.05410647320791923,0.02522494793058765,0.03954223170256621,0.7755820155143738,0.5025955002307892,0.27298651528358453,9.2,9.2,trapezoid_from_zero_normalized_by_max_fraction
ton_iot_binary,42,rid_e4cc9122aaeae4b1c64e125cbf1f4bae,mlp,occlusion,joint_donor,dependency_preserving,insertion,1,ATTACK,True,1,ATTACK,0.9995288848876952,0.811704859137535,50,-0.7180330581838561,-0.3301427062962466,-0.4038437718872763,-0.3878903518876095,-0.3141892862965798,0.05211391605082147,0.024689669196526407,-0.4362821035128013,0.2151113748550415,0.2589292066693306,-0.04381783181428911,9.2,9.2,trapezoid_from_zero_normalized_by_max_fraction
ton_iot_binary,42,rid_f836c721abe82ef8626b8d0828bf81a3,mlp,occlusion,joint_donor,dependency_preserving,insertion,1,ATTACK,True,1,ATTACK,0.9982398748397828,0.8104158490896226,50,-0.03307638168334961,-0.3614425253891741,-0.438443145285564,0.32836614370582445,0.4053667636022144,0.05688718938928291,0.026658229426145565,0.27611601403057917,0.5996336340904236,0.5473647345993669,0.05226889949105673,9.2,9.2,trapezoid_from_zero_normalized_by_max_fraction
ton_iot_binary,42,rid_ea42348fe63f562614533c2a240887de,mlp,occlusion,joint_donor,dependency_preserving,insertion,1,ATTACK,True,1,ATTACK,0.999978482723236,0.8121544569730758,50,0.6157097381117638,0.5064965902585318,0.5056520813205505,0.10921314785323194,0.11005765679121329,0.05377945615929065,0.025696158647804047,0.05884867690353601,1.7457879781723022,1.5602827515602111,0.18550522661209112,9.2,9.2,trapezoid_from_zero_normalized_by_max_fraction
ton_iot_binary,42,rid_1bf21900e95747c105a7fd442abb6ec2,mlp,occlusion,joint_donor,dependency_preserving,insertion,1,ATTACK,True,1,ATTACK,0.9999991059303284,0.8121750801801682,50,-0.29429051131010053,-0.41827695917770813,-0.42526129165761567,0.12398644786760754,0.13097078034751505,0.058969842278555985,0.027867723811288343,0.06936570919748239,1.286164402961731,1.1986111931800842,0.08755320978164671,9.2,9.2,trapezoid_from_zero_normalized_by_max_fraction
ton_iot_binary,42,rid_71adf7ccd4004e056d4214e84ac0076d,mlp,occlusion,joint_donor,dependency_preserving,insertion,1,ATTACK,True,1,ATTACK,0.999999463558197,0.8121754378080368,50,0.594799538992811,0.4462795866561534,0.5239582523059516,0.1485199523366575,0.0708412866868594,0.05557381892034558,0.026215403523689725,0.09713776143022562,1.8357179164886475,1.5393224194049835,0.296395497083664,9.2,9.2,trapezoid_from_zero_normalized_by_max_fraction
ton_iot_binary,42,rid_14018286121dd46713a133f9bdfc93a8,mlp,occlusion,joint_donor,dependency_preserving,insertion,0,BENIGN,True,0,BENIGN,0.9999993221695148,0.1878233479196751,50,-3.744805100397431e-06,-0.23364199828288562,-0.3461295365612168,0.23363825347778525,0.3461257917561164,0.04570024479622045,0.02084586885680413,0.19278035051844916,0.9762309789657593,0.6009778357744217,0.3752531431913376,9.2,9.2,trapezoid_from_zero_normalized_by_max_fraction
ton_iot_binary,42,rid_8fdb1c9fcd903c2872e97a5c6111941b,mlp,occlusion,target_class_donor,dependency_preserving_conditional_on_class,deletion,0,BENIGN,True,0,BENIGN,0.9999999282200988,0.187823953970259,50,0.0007278422795362617,0.15688601452320883,0.12224174680923239,-0.15615817224367257,-0.12151390452969613,0.040050113445617486,0.02037839538838495,-0.19609982720490707,0.052811574190855026,0.01552036360837519,0.03729121058247983,9.2,9.2,trapezoid_from_zero_normalized_by_max_fraction
ton_iot_binary,42,rid_474d36f88a6911413398421460dc623d,mlp,occlusion,target_class_donor,dependency_preserving_conditional_on_class,deletion,1,ATTACK,True,1,ATTACK,0.9998021125793456,0.8119780868291854,50,0.08007459342479706,0.3442456453136288,0.4088820128808837,-0.2641710518888317,-0.3288074194560866,0.05403558746438054,0.026092317499179063,-0.31531199418722267,1.0717624425888062,1.1412258443832397,-0.06946340179443355,9.2,9.2,trapezoid_from_zero_normalized_by_max_fraction
ton_iot_binary,42,rid_96cb1ffdfa676fe22cc2e8c7693863c1,mlp,occlusion,target_class_donor,dependency_preserving_conditional_on_class,deletion,0,BENIGN,True,0,BENIGN,0.999999991754982,0.1878240175051422,50,0.10947436118836912,0.19947826376093206,0.10847161102943155,-0.09000390257256294,0.0010027501589375543,0.0494089039216581,0.02404868974157834,-0.13713933446605647,1.105246901512146,1.1290331746339797,-0.02378627312183368,9.2,9.2,trapezoid_from_zero_normalized_by_max_fraction
ton_iot_binary,42,rid_b68c2581b0a71176c81c3e0638a60ef1,mlp,occlusion,target_class_donor,dependency_preserving_conditional_on_class,deletion,0,BENIGN,True,0,BENIGN,0.9995845762314276,0.1874086019815876,50,0.4362543696882313,0.3315913896168763,0.26858538836951806,0.10466298007135488,0.16766898131871313,0.05465221555490077,0.025955314955351232,0.05379056275886647,0.9643155932426453,0.7851159414723515,0.17919965177029373,9.2,9.2,trapezoid_from_zero_normalized_by_max_fraction
ton_iot_binary,42,rid_06c5b18595653bc93680b98572b085db,mlp,occlusion,target_class_donor,dependency_preserving_conditional_on_class,deletion,0,BENIGN,True,0,BENIGN,0.9999470911352546,0.1877711168854147,50,0.44159327974793994,0.21727230398470426,0.1006295538206522,0.2243209757632357,0.34096372592728774,0.04352441587154786,0.02144637601760224,0.18228607876873532,2.232861042022705,1.4050644787549973,0.8277965632677078,9.2,9.2,trapezoid_from_zero_normalized_by_max_fraction
ton_iot_binary,42,rid_c8f5ddfce5c296fae3fcfd14c8281db5,mlp,occlusion,target_class_donor,dependency_preserving_conditional_on_class,deletion,0,BENIGN,True,0,BENIGN,0.9999988437642742,0.1878228695144343,50,0.192331424917694,0.1335704747924195,0.038108527476209304,0.05876095012527448,0.15422289744148468,0.024383567247109404,0.01469991340948225,0.02994911984268927,2.107257127761841,1.8492869849205018,0.257970142841339,9.2,9.2,trapezoid_from_zero_normalized_by_max_fraction
ton_iot_binary,42,rid_b5f19856921bec80ab4d0ae802f70a22,mlp,occlusion,target_class_donor,dependency_preserving_conditional_on_class,deletion,0,BENIGN,True,0,BENIGN,0.9994899458251894,0.1873139715753496,50,0.4751623607502552,0.2050896329727317,0.1360314803582457,0.27007272777752345,0.33913088039200945,0.04751645633881269,0.022233663150375508,0.22649474800278746,2.382448196411133,1.6379365106821058,0.744511685729027,9.2,9.2,trapezoid_from_zero_normalized_by_max_fraction
ton_iot_binary,42,rid_1c007e515f8c424983946ad431efb604,mlp,occlusion,target_class_donor,dependency_preserving_conditional_on_class,deletion,0,BENIGN,True,0,BENIGN,0.9994844333268702,0.1873084590770304,50,0.4796988222748041,0.3438960784222422,0.37303877739574026,0.13580274385256194,0.10666004487906383,0.05114622742566741,0.02426361659618116,0.08824605532404686,0.11068327724933624,0.03359246652945876,0.07709081071987747,9.2,9.2,trapezoid_from_zero_normalized_by_max_fraction
ton_iot_binary,42,rid_24b36743723526135cc69620cd117e23,mlp,occlusion,target_class_donor,dependency_preserving_conditional_on_class,deletion,1,ATTACK,True,1,ATTACK,0.9996989965438844,0.8118749707937242,50,0.179249432682991,0.3061427102287064,0.27630621904026736,-0.1268932775457154,-0.09705678635727633,0.05168787350786571,0.02501544289215006,-0.1759235456143295,1.2429966926574707,1.3621332360506058,-0.11913654339313506,9.2,9.2,trapezoid_from_zero_normalized_by_max_fraction
ton_iot_binary,42,rid_f1d5bbcbb32162a53afde2d268aadebb,mlp,occlusion,target_class_donor,dependency_preserving_conditional_on_class,deletion,1,ATTACK,True,1,ATTACK,0.9983906149864196,0.8105665892362593,50,0.2962573623051867,0.24788171591062563,0.1873369707586462,0.04837564639456103,0.10892039154654047,0.04588006588322095,0.02254630096906267,0.004184896495198202,0.9443241953849792,0.9368497250080109,0.007474470376968356,9.2,9.2,trapezoid_from_zero_normalized_by_max_fraction
ton_iot_binary,42,rid_e4cc9122aaeae4b1c64e125cbf1f4bae,mlp,occlusion,target_class_donor,dependency_preserving_conditional_on_class,deletion,1,ATTACK,True,1,ATTACK,0.9995288848876952,0.811704859137535,50,0.09618101716041563,0.24753598661287832,0.20264707024433604,-0.15135496945246268,-0.10646605308392038,0.04705925103965153,0.02373307211745003,-0.19787179080266473,0.7557249069213867,0.5810270810127258,0.1746978259086609,9.2,9.2,trapezoid_from_zero_normalized_by_max_fraction
ton_iot_binary,42,rid_f836c721abe82ef8626b8d0828bf81a3,mlp,occlusion,target_class_donor,dependency_preserving_conditional_on_class,deletion,1,ATTACK,True,1,ATTACK,0.9982398748397828,0.8104158490896226,50,0.42277065813541415,0.3268330213427544,0.23589371353494062,0.09593763679265976,0.1868769446004735,0.04682034487759851,0.022379270510687287,0.05207426659171268,0.6557568311691284,0.5333436773251742,0.12241315384395424,9.2,9.2,trapezoid_from_zero_normalized_by_max_fraction
ton_iot_binary,42,rid_ea42348fe63f562614533c2a240887de,mlp,occlusion,target_class_donor,dependency_preserving_conditional_on_class,deletion,1,ATTACK,True,1,ATTACK,0.999978482723236,0.8121544569730758,50,0.2855441376566887,0.2581218765253143,0.21316996287451162,0.02742226113137439,0.07237417478217707,0.044458640056093755,0.02362977098366155,-0.018892089996602243,0.8842943906784058,0.6545431056022644,0.2297512850761414,9.2,9.2,trapezoid_from_zero_normalized_by_max_fraction
ton_iot_binary,42,rid_1bf21900e95747c105a7fd442abb6ec2,mlp,occlusion,target_class_donor,dependency_preserving_conditional_on_class,deletion,1,ATTACK,True,1,ATTACK,0.9999991059303284,0.8121750801801682,50,0.13443962037563323,0.20143573619346183,0.19505214643298258,-0.06699611581782858,-0.06061252605734936,0.04350329574743646,0.022396876748445475,-0.11089399424478172,2.03029203414917,2.0297495241165158,0.0005425100326541532,9.2,9.2,trapezoid_from_zero_normalized_by_max_fraction
ton_iot_binary,42,rid_71adf7ccd4004e056d4214e84ac0076d,mlp,occlusion,target_class_donor,dependency_preserving_conditional_on_class,deletion,1,ATTACK,True,1,ATTACK,0.999999463558197,0.8121754378080368,50,0.059127986431121826,0.23198642117209964,0.21360987941566512,-0.17285843474097784,-0.15448189298454326,0.04396507112848235,0.02178947276612052,-0.21556580136257406,1.80951726436615,1.4162110946178434,0.39330616974830646,9.2,9.2,trapezoid_from_zero_normalized_by_max_fraction
ton_iot_binary,42,rid_14018286121dd46713a133f9bdfc93a8,mlp,occlusion,target_class_donor,dependency_preserving_conditional_on_class,deletion,0,BENIGN,True,0,BENIGN,0.9999993221695148,0.1878233479196751,50,0.38857376074768607,0.32461148073255186,0.17570112997195395,0.0639622800151342,0.2128726307757321,0.055856925366975715,0.027151723488092864,0.010744901978472186,1.6061252355575562,1.7517585620880127,-0.14563332653045657,9.2,9.2,trapezoid_from_zero_normalized_by_max_fraction
ton_iot_binary,42,rid_8fdb1c9fcd903c2872e97a5c6111941b,mlp,occlusion,target_class_donor,dependency_preserving_conditional_on_class,insertion,0,BENIGN,True,0,BENIGN,0.9999999282200988,0.187823953970259,50,-0.02198538540401742,-0.14554024502100657,-0.1340297141549064,0.12355485961698914,0.11204432875088896,0.039892900255024316,0.020357222782465222,0.08365470296335731,0.052811574190855026,0.01552036360837519,0.03729121058247983,9.2,9.2,trapezoid_from_zero_normalized_by_max_fraction
ton_iot_binary,42,rid_474d36f88a6911413398421460dc623d,mlp,occlusion,target_class_donor,dependency_preserving_conditional_on_class,insertion,1,ATTACK,True,1,ATTACK,0.9998021125793456,0.8119780868291854,50,-0.32314859628677367,-0.48789941370982515,-0.3357111704558132,0.16475081742305142,0.012562574169039588,0.05796868163946724,0.027414387881726402,0.11101861717486768,1.0717624425888062,1.1412258443832397,-0.06946340179443355,9.2,9.2,trapezoid_from_zero_normalized_by_max_fraction
ton_iot_binary,42,rid_96cb1ffdfa676fe22cc2e8c7693863c1,mlp,occlusion,target_class_donor,dependency_preserving_conditional_on_class,insertion,0,BENIGN,True,0,BENIGN,0.999999991754982,0.1878240175051422,50,-0.005849457499353994,-0.1349084949042626,-0.16541619317081685,0.12905903740490862,0.15956673567146284,0.04057689345947202,0.01971749915487947,0.09041273906134487,1.105246901512146,1.1290331746339797,-0.02378627312183368,9.2,9.2,trapezoid_from_zero_normalized_by_max_fraction
ton_iot_binary,42,rid_b68c2581b0a71176c81c3e0638a60ef1,mlp,occlusion,target_class_donor,dependency_preserving_conditional_on_class,insertion,0,BENIGN,True,0,BENIGN,0.9995845762314276,0.1874086019815876,50,-0.1680865947278169,-0.282995416668308,-0.1819857401261764,0.1149088219404911,0.013899145398359486,0.05503545608729627,0.0262261984685559,0.06350547294212153,0.9643155932426453,0.7851159414723515,0.17919965177029373,9.2,9.2,trapezoid_from_zero_normalized_by_max_fraction
ton_iot_binary,42,rid_06c5b18595653bc93680b98572b085db,mlp,occlusion,target_class_donor,dependency_preserving_conditional_on_class,insertion,0,BENIGN,True,0,BENIGN,0.9999470911352546,0.1877711168854147,50,0.0023847173028251675,-0.11787400064336927,-0.1909046525735995,0.12025871794619443,0.1932893698764247,0.03433354068942651,0.017941869454267702,0.08509265381582973,2.232861042022705,1.4050644787549973,0.8277965632677078,9.2,9.2,trapezoid_from_zero_normalized_by_max_fraction
ton_iot_binary,42,rid_c8f5ddfce5c296fae3fcfd14c8281db5,mlp,occlusion,target_class_donor,dependency_preserving_conditional_on_class,insertion,0,BENIGN,True,0,BENIGN,0.9999988437642742,0.1878228695144343,50,0.06878086652173039,0.011942284314221606,-0.05502255598235596,0.05683858220750877,0.12380342250408635,0.016630070839490956,0.008712487213346788,0.03976210726934907,2.107257127761841,1.8492869849205018,0.257970142841339,9.2,9.2,trapezoid_from_zero_normalized_by_max_fraction
ton_iot_binary,42,rid_b5f19856921bec80ab4d0ae802f70a22,mlp,occlusion,target_class_donor,dependency_preserving_conditional_on_class,insertion,0,BENIGN,True,0,BENIGN,0.9994899458251894,0.1873139715753496,50,-0.000900069592305286,-0.0821009659265325,-0.2122982591224092,0.08120089633422722,0.21139818953010395,0.01974172112070981,0.011315850663917215,0.05902182903294948,2.382448196411133,1.6379365106821058,0.744511685729027,9.2,9.2,trapezoid_from_zero_normalized_by_max_fraction
ton_iot_binary,42,rid_1c007e515f8c424983946ad431efb604,mlp,occlusion,target_class_donor,dependency_preserving_conditional_on_class,insertion,0,BENIGN,True,0,BENIGN,0.9994844333268702,0.1873084590770304,50,-0.5577115966720156,-0.28926554341794164,-0.20055246574356508,-0.26844605325407406,-0.35715913092845064,0.051063857465355945,0.02541877822779702,-0.3182668585805562,0.11068327724933624,0.03359246652945876,0.07709081071987747,9.2,9.2,trapezoid_from_zero_normalized_by_max_fraction
ton_iot_binary,42,rid_24b36743723526135cc69620cd117e23,mlp,occlusion,target_class_donor,dependency_preserving_conditional_on_class,insertion,1,ATTACK,True,1,ATTACK,0.9996989965438844,0.8118749707937242,50,-0.27491989565314723,-0.42097158535507706,-0.287633137619564,0.14605168970192978,0.012713241966416752,0.054376915975622005,0.026772967615817298,0.09357667317492788,1.2429966926574707,1.3621332360506058,-0.11913654339313506,9.2,9.2,trapezoid_from_zero_normalized_by_max_fraction
ton_iot_binary,42,rid_f1d5bbcbb32162a53afde2d268aadebb,mlp,occlusion,target_class_donor,dependency_preserving_conditional_on_class,insertion,1,ATTACK,True,1,ATTACK,0.9983906149864196,0.8105665892362593,50,-0.09185242839157583,-0.27598544844765305,-0.193583526920525,0.18413302005607723,0.10173109852894918,0.05420369268026336,0.026501514697154345,0.13219005124965472,0.9443241953849792,0.9368497250080109,0.007474470376968356,9.2,9.2,trapezoid_from_zero_normalized_by_max_fraction
ton_iot_binary,42,rid_e4cc9122aaeae4b1c64e125cbf1f4bae,mlp,occlusion,target_class_donor,dependency_preserving_conditional_on_class,insertion,1,ATTACK,True,1,ATTACK,0.9995288848876952,0.811704859137535,50,-0.4251963554350368,-0.2779479447971571,-0.20997332839373875,-0.14724841063787975,-0.21522302704129806,0.048332920026011986,0.02319893600257027,-0.19271832520291748,0.7557249069213867,0.5810270810127258,0.1746978259086609,9.2,9.2,trapezoid_from_zero_normalized_by_max_fraction
ton_iot_binary,42,rid_f836c721abe82ef8626b8d0828bf81a3,mlp,occlusion,target_class_donor,dependency_preserving_conditional_on_class,insertion,1,ATTACK,True,1,ATTACK,0.9982398748397828,0.8104158490896226,50,-0.4745778351061744,-0.23664919060981995,-0.22885485983963008,-0.23792864449635456,-0.24572297526654438,0.044859489162321395,0.02244445210977007,-0.2819197706315039,0.6557568311691284,0.5333436773251742,0.12241315384395424,9.2,9.2,trapezoid_from_zero_normalized_by_max_fraction
ton_iot_binary,42,rid_ea42348fe63f562614533c2a240887de,mlp,occlusion,target_class_donor,dependency_preserving_conditional_on_class,insertion,1,ATTACK,True,1,ATTACK,0.999978482723236,0.8121544569730758,50,-0.4414592963745235,-0.2685899679106224,-0.24581645003471933,-0.17286932846390118,-0.19564284633980422,0.047249877515351896,0.023152001705507064,-0.21824725180669502,0.8842943906784058,0.6545431056022644,0.2297512850761414,9.2,9.2,trapezoid_from_zero_normalized_by_max_fraction
ton_iot_binary,42,rid_1bf21900e95747c105a7fd442abb6ec2,mlp,occlusion,target_class_donor,dependency_preserving_conditional_on_class,insertion,1,ATTACK,True,1,ATTACK,0.9999991059303284,0.8121750801801682,50,-0.12358048864698505,-0.32780503713468334,-0.22101797087697364,0.20422454848769828,0.0974374822299886,0.05591490585997789,0.026667247413252947,0.15195674355772248,2.03029203414917,2.0297495241165158,0.0005425100326541532,9.2,9.2,trapezoid_from_zero_normalized_by_max_fraction
ton_iot_binary,42,rid_71adf7ccd4004e056d4214e84ac0076d,mlp,occlusion,target_class_donor,dependency_preserving_conditional_on_class,insertion,1,ATTACK,True,1,ATTACK,0.999999463558197,0.8121754378080368,50,-0.25551755875349047,-0.2556080662420221,-0.25535497150121955,9.050748853163537e-05,-0.00016258725227086268,0.052181947824162994,0.02505581346415414,-0.04901888690121047,1.80951726436615,1.4162110946178434,0.39330616974830646,9.2,9.2,trapezoid_from_zero_normalized_by_max_fraction
ton_iot_binary,42,rid_14018286121dd46713a133f9bdfc93a8,mlp,occlusion,target_class_donor,dependency_preserving_conditional_on_class,insertion,0,BENIGN,True,0,BENIGN,0.9999993221695148,0.1878233479196751,50,0.13057355244750396,0.040810900852739994,-0.049030231626801965,0.08976265159476399,0.17960378407430594,0.031738920640686195,0.015745344758971446,0.058901775867179956,1.6061252355575562,1.7517585620880127,-0.14563332653045657,9.2,9.2,trapezoid_from_zero_normalized_by_max_fraction
ton_iot_binary,42,rid_8fdb1c9fcd903c2872e97a5c6111941b,mlp,occlusion,conditional_gaussian_mean,conditional_on_retained_coordinates,deletion,0,BENIGN,True,0,BENIGN,0.9999999282200988,0.187823953970259,50,0.01350812683753646,0.16979150017414416,0.1547167194065209,-0.15628337333660772,-0.14120859256898444,0.04272654189213215,0.020378876879862746,-0.1962259720211387,0.21067757904529572,0.15895376192033292,0.051723817124962795,9.2,9.2,trapezoid_from_zero_normalized_by_max_fraction
ton_iot_binary,42,rid_474d36f88a6911413398421460dc623d,mlp,occlusion,conditional_gaussian_mean,conditional_on_retained_coordinates,deletion,1,ATTACK,True,1,ATTACK,0.9998021125793456,0.8119780868291854,50,0.48517473563551905,0.33247354447150423,0.0333922887146473,0.1527011911640147,0.45178244692087177,0.0341298927101134,0.018625505514573606,0.11619520035545045,0.6881998777389526,0.8147464197278023,-0.12654654198884963,9.2,9.2,trapezoid_from_zero_normalized_by_max_fraction
ton_iot_binary,42,rid_96cb1ffdfa676fe22cc2e8c7693863c1,mlp,occlusion,conditional_gaussian_mean,conditional_on_retained_coordinates,deletion,0,BENIGN,True,0,BENIGN,0.999999991754982,0.1878240175051422,50,1.2536545627606088e-06,0.05797498538343479,0.03696369658423268,-0.057973731728872026,-0.03696244292966992,0.012003422553272112,0.005975024602621327,-0.06968477995000982,0.24626490473747253,0.18366149191558362,0.06260341282188892,9.2,9.2,trapezoid_from_zero_normalized_by_max_fraction
ton_iot_binary,42,rid_b68c2581b0a71176c81c3e0638a60ef1,mlp,occlusion,conditional_gaussian_mean,conditional_on_retained_coordinates,deletion,0,BENIGN,True,0,BENIGN,0.9995845762314276,0.1874086019815876,50,0.16595500694966175,0.2581313246655313,0.10023031284732303,-0.09217631771586955,0.06572469410233873,0.03294358159561499,0.0158910712489583,-0.12332281736382783,0.4883785843849182,0.3826479581892491,0.10573062619566909,9.2,9.2,trapezoid_from_zero_normalized_by_max_fraction
ton_iot_binary,42,rid_06c5b18595653bc93680b98572b085db,mlp,occlusion,conditional_gaussian_mean,conditional_on_retained_coordinates,deletion,0,BENIGN,True,0,BENIGN,0.9999470911352546,0.1877711168854147,50,0.18218963549719544,0.13992622619418166,0.016539464350194974,0.04226340930301381,0.16565017114700048,0.022845668940226792,0.012485772608934418,0.01779129498950235,2.4670705795288086,1.8611891479492186,0.60588143157959,9.2,9.2,trapezoid_from_zero_normalized_by_max_fraction
ton_iot_binary,42,rid_c8f5ddfce5c296fae3fcfd14c8281db5,mlp,occlusion,conditional_gaussian_mean,conditional_on_retained_coordinates,deletion,0,BENIGN,True,0,BENIGN,0.9999988437642742,0.1878228695144343,50,4.186396523664371e-06,3.450716638950269e-05,0.00045976837529699616,-3.0320769865838317e-05,-0.00045558197877333185,2.43285155013519e-05,2.2747708018973475e-05,-7.490627758302633e-05,2.2350423336029053,1.8031302518844605,0.43191208171844475,9.2,9.2,trapezoid_from_zero_normalized_by_max_fraction
ton_iot_binary,42,rid_b5f19856921bec80ab4d0ae802f70a22,mlp,occlusion,conditional_gaussian_mean,conditional_on_retained_coordinates,deletion,0,BENIGN,True,0,BENIGN,0.9994899458251894,0.1873139715753496,50,0.2705100183811737,0.158698871625224,0.07361767770227015,0.11181114675594972,0.1968923406789036,0.0254182691514305,0.01256965498840071,0.08717462297868434,2.3651108741760254,1.3903529634475706,0.9747579107284547,9.2,9.2,trapezoid_from_zero_normalized_by_max_fraction
ton_iot_binary,42,rid_1c007e515f8c424983946ad431efb604,mlp,occlusion,conditional_gaussian_mean,conditional_on_retained_coordinates,deletion,0,BENIGN,True,0,BENIGN,0.9994844333268702,0.1873084590770304,50,0.3758711080146895,0.24328927159797514,0.06941952711326031,0.13258183641671437,0.3064515809014292,0.03444314613832078,0.017722557470812604,0.09784562377392167,0.6998561024665833,0.5334811177253723,0.16637498474121093,9.2,9.2,trapezoid_from_zero_normalized_by_max_fraction
ton_iot_binary,42,rid_24b36743723526135cc69620cd117e23,mlp,occlusion,conditional_gaussian_mean,conditional_on_retained_coordinates,deletion,1,ATTACK,True,1,ATTACK,0.9996989965438844,0.8118749707937242,50,0.6002779121743516,0.5397436000977254,0.24317675731191413,0.06053431207662614,0.3571011548624374,0.022411653202868802,0.011653161487163796,0.037694115561785105,1.2396767139434814,1.2631323311328886,-0.02345561718940714,9.2,9.2,trapezoid_from_zero_normalized_by_max_fraction
ton_iot_binary,42,rid_f1d5bbcbb32162a53afde2d268aadebb,mlp,occlusion,conditional_gaussian_mean,conditional_on_retained_coordinates,deletion,1,ATTACK,True,1,ATTACK,0.9983906149864196,0.8105665892362593,50,0.6487474501365795,0.5483148205744365,0.2884059546438038,0.1004326295621431,0.3603414954927757,0.03323982878898344,0.017279677740177718,0.06656446119139478,0.9013016819953918,0.8151622018516063,0.08613948014378559,9.2,9.2,trapezoid_from_zero_normalized_by_max_fraction
ton_iot_binary,42,rid_e4cc9122aaeae4b1c64e125cbf1f4bae,mlp,occlusion,conditional_gaussian_mean,conditional_on_retained_coordinates,deletion,1,ATTACK,True,1,ATTACK,0.9995288848876952,0.811704859137535,50,0.5503478318452835,0.4382489584395189,0.23304633509954872,0.1120988734057646,0.31730149674573477,0.04503507687198658,0.022884474010819014,0.06724530434455933,1.0726181268692017,0.9747766983509063,0.09784142851829536,9.2,9.2,trapezoid_from_zero_normalized_by_max_fraction
ton_iot_binary,42,rid_f836c721abe82ef8626b8d0828bf81a3,mlp,occlusion,conditional_gaussian_mean,conditional_on_retained_coordinates,deletion,1,ATTACK,True,1,ATTACK,0.9982398748397828,0.8104158490896226,50,0.6329452283680439,0.45052014913468563,0.19435687340164237,0.18242507923335818,0.4385883549664016,0.04193299678824455,0.021988878073329353,0.13932687820963266,0.6666318774223328,0.4998575056195259,0.16677437180280685,9.2,9.2,trapezoid_from_zero_normalized_by_max_fraction
ton_iot_binary,42,rid_ea42348fe63f562614533c2a240887de,mlp,occlusion,conditional_gaussian_mean,conditional_on_retained_coordinates,deletion,1,ATTACK,True,1,ATTACK,0.999978482723236,0.8121544569730758,50,0.27166452407836916,0.3679397730771452,0.2311088258108357,-0.09627524899877607,0.040555698267533455,0.030758117409732753,0.017235429736299365,-0.13005669128192282,1.686995506286621,1.5067597107887267,0.18023579549789437,9.2,9.2,trapezoid_from_zero_normalized_by_max_fraction
ton_iot_binary,42,rid_1bf21900e95747c105a7fd442abb6ec2,mlp,occlusion,conditional_gaussian_mean,conditional_on_retained_coordinates,deletion,1,ATTACK,True,1,ATTACK,0.9999991059303284,0.8121750801801682,50,0.38653819262981415,0.31731991477496924,0.1250553702915902,0.06921827785484493,0.26148282233822395,0.030121638560533355,0.01801981528967939,0.03389943988707332,1.8829975128173828,1.8278142561912538,0.055183256626128996,9.2,9.2,trapezoid_from_zero_normalized_by_max_fraction
ton_iot_binary,42,rid_71adf7ccd4004e056d4214e84ac0076d,mlp,occlusion,conditional_gaussian_mean,conditional_on_retained_coordinates,deletion,1,ATTACK,True,1,ATTACK,0.999999463558197,0.8121754378080368,50,0.37727487534284593,0.4401273136480158,0.2026040584196335,-0.06285243830516991,0.17467081692321243,0.026846790840315663,0.014574360773656037,-0.09141818542153575,1.7183563709259033,1.5535122585296632,0.16484411239624008,9.2,9.2,trapezoid_from_zero_normalized_by_max_fraction
ton_iot_binary,42,rid_14018286121dd46713a133f9bdfc93a8,mlp,occlusion,conditional_gaussian_mean,conditional_on_retained_coordinates,deletion,0,BENIGN,True,0,BENIGN,0.9999993221695148,0.1878233479196751,50,0.5791121819285194,0.1859408000907623,0.2311947380452561,0.39317138183775724,0.3479174438832634,0.045433729155327784,0.02325807793369843,0.34758554908770833,0.6710849404335022,0.42083077430725097,0.25025416612625123,9.2,9.2,trapezoid_from_zero_normalized_by_max_fraction
ton_iot_binary,42,rid_8fdb1c9fcd903c2872e97a5c6111941b,mlp,occlusion,conditional_gaussian_mean,conditional_on_retained_coordinates,insertion,0,BENIGN,True,0,BENIGN,0.9999999282200988,0.187823953970259,50,-0.43903120473121354,-0.05386556877648255,-0.07318620014040671,-0.3851656359547311,-0.3658450045908069,0.035540619387639256,0.017373002172970588,-0.41921672021375345,0.21067757904529572,0.15895376192033292,0.051723817124962795,9.2,9.2,trapezoid_from_zero_normalized_by_max_fraction
ton_iot_binary,42,rid_474d36f88a6911413398421460dc623d,mlp,occlusion,conditional_gaussian_mean,conditional_on_retained_coordinates,insertion,1,ATTACK,True,1,ATTACK,0.9998021125793456,0.8119780868291854,50,0.7371450789272785,0.7328235039514152,0.47396980673953837,0.004321574975863348,0.26317527218774006,0.024609069642581513,0.01258722825759109,-0.020349392409015184,0.6881998777389526,0.8147464197278023,-0.12654654198884963,9.2,9.2,trapezoid_from_zero_normalized_by_max_fraction
ton_iot_binary,42,rid_96cb1ffdfa676fe22cc2e8c7693863c1,mlp,occlusion,conditional_gaussian_mean,conditional_on_retained_coordinates,insertion,0,BENIGN,True,0,BENIGN,0.999999991754982,0.1878240175051422,50,-0.11978566325457224,0.005377391289768274,-0.010918539617102952,-0.1251630545443405,-0.10886712363746927,0.018300563400684134,0.009203312232785985,-0.14320154652060105,0.24626490473747253,0.18366149191558362,0.06260341282188892,9.2,9.2,trapezoid_from_zero_normalized_by_max_fraction
ton_iot_binary,42,rid_b68c2581b0a71176c81c3e0638a60ef1,mlp,occlusion,conditional_gaussian_mean,conditional_on_retained_coordinates,insertion,0,BENIGN,True,0,BENIGN,0.9995845762314276,0.1874086019815876,50,-0.10861678933724761,-0.16723931588516266,-0.19790355479535787,0.05862252654791507,0.08928676545811023,0.03280700407790087,0.015804903671094796,0.027644915352569268,0.4883785843849182,0.3826479581892491,0.10573062619566909,9.2,9.2,trapezoid_from_zero_normalized_by_max_fraction
ton_iot_binary,42,rid_06c5b18595653bc93680b98572b085db,mlp,occlusion,conditional_gaussian_mean,conditional_on_retained_coordinates,insertion,0,BENIGN,True,0,BENIGN,0.9999470911352546,0.1877711168854147,50,0.09008632691693493,0.07440849321701443,-0.05118458334067556,0.015677833699920485,0.14127091025761052,0.005323830666765719,0.002884365556774688,0.010024477208642097,2.4670705795288086,1.8611891479492186,0.60588143157959,9.2,9.2,trapezoid_from_zero_normalized_by_max_fraction
ton_iot_binary,42,rid_c8f5ddfce5c296fae3fcfd14c8281db5,mlp,occlusion,conditional_gaussian_mean,conditional_on_retained_coordinates,insertion,0,BENIGN,True,0,BENIGN,0.9999988437642742,0.1878228695144343,50,0.07530994045833665,0.037256759415350435,0.001094986585220066,0.03805318104298623,0.0742149538731166,0.011197622447803361,0.00828906182608207,0.021806619863865374,2.2350423336029053,1.8031302518844605,0.43191208171844475,9.2,9.2,trapezoid_from_zero_normalized_by_max_fraction
ton_iot_binary,42,rid_b5f19856921bec80ab4d0ae802f70a22,mlp,occlusion,conditional_gaussian_mean,conditional_on_retained_coordinates,insertion,0,BENIGN,True,0,BENIGN,0.9994899458251894,0.1873139715753496,50,0.09021663734492905,-0.0008410653731007189,-0.06877244033035962,0.09105770271802975,0.15898907767528866,0.01888499726324966,0.00947653333854265,0.07248369737448615,2.3651108741760254,1.3903529634475706,0.9747579107284547,9.2,9.2,trapezoid_from_zero_normalized_by_max_fraction
ton_iot_binary,42,rid_1c007e515f8c424983946ad431efb604,mlp,occlusion,conditional_gaussian_mean,conditional_on_retained_coordinates,insertion,0,BENIGN,True,0,BENIGN,0.9994844333268702,0.1873084590770304,50,-0.07407826584530995,-0.034387850489862336,-0.1945811751955549,-0.03969041535544762,0.12050290935024496,0.022119131715665093,0.01131563901088438,-0.061869067816781004,0.6998561024665833,0.5334811177253723,0.16637498474121093,9.2,9.2,trapezoid_from_zero_normalized_by_max_fraction
ton_iot_binary,42,rid_24b36743723526135cc69620cd117e23,mlp,occlusion,conditional_gaussian_mean,conditional_on_retained_coordinates,insertion,1,ATTACK,True,1,ATTACK,0.9996989965438844,0.8118749707937242,50,0.1598602157086134,0.3254779379665852,0.15400647860295688,-0.16561772225797178,0.005853737105656523,0.029722668329923294,0.015056042470865628,-0.1951275655008684,1.2396767139434814,1.2631323311328886,-0.02345561718940714,9.2,9.2,trapezoid_from_zero_normalized_by_max_fraction
ton_iot_binary,42,rid_f1d5bbcbb32162a53afde2d268aadebb,mlp,occlusion,conditional_gaussian_mean,conditional_on_retained_coordinates,insertion,1,ATTACK,True,1,ATTACK,0.9983906149864196,0.8105665892362593,50,0.4839686474970222,0.4624270966886379,0.18542060409564193,0.02154155080838424,0.2985480434013802,0.04101027263174357,0.02007694207772272,-0.017809255663952292,0.9013016819953918,0.8151622018516063,0.08613948014378559,9.2,9.2,trapezoid_from_zero_normalized_by_max_fraction
ton_iot_binary,42,rid_e4cc9122aaeae4b1c64e125cbf1f4bae,mlp,occlusion,conditional_gaussian_mean,conditional_on_retained_coordinates,insertion,1,ATTACK,True,1,ATTACK,0.9995288848876952,0.811704859137535,50,0.45052745361554114,0.4376160430919654,0.20132064037191458,0.012911410523575785,0.2492068132436266,0.03797728467393339,0.021000886834984307,-0.028250327672993458,1.0726181268692017,0.9747766983509063,0.09784142851829536,9.2,9.2,trapezoid_from_zero_normalized_by_max_fraction
ton_iot_binary,42,rid_f836c721abe82ef8626b8d0828bf81a3,mlp,occlusion,conditional_gaussian_mean,conditional_on_retained_coordinates,insertion,1,ATTACK,True,1,ATTACK,0.9982398748397828,0.8104158490896226,50,0.6095619007159258,0.5297542844451656,0.3282349716813046,0.07980761627076013,0.2813269290346211,0.045681598949694,0.02360196160237427,0.03354777153010657,0.6666318774223328,0.4998575056195259,0.16677437180280685,9.2,9.2,trapezoid_from_zero_normalized_by_max_fraction
ton_iot_binary,42,rid_ea42348fe63f562614533c2a240887de,mlp,occlusion,conditional_gaussian_mean,conditional_on_retained_coordinates,insertion,1,ATTACK,True,1,ATTACK,0.999978482723236,0.8121544569730758,50,0.11610144878418396,0.3814830654211694,0.3151011216377945,-0.2653816166369854,-0.19899967285361053,0.03827868162196888,0.022450667372849453,-0.30938492468777035,1.686995506286621,1.5067597107887267,0.18023579549789437,9.2,9.2,trapezoid_from_zero_normalized_by_max_fraction
ton_iot_binary,42,rid_1bf21900e95747c105a7fd442abb6ec2,mlp,occlusion,conditional_gaussian_mean,conditional_on_retained_coordinates,insertion,1,ATTACK,True,1,ATTACK,0.9999991059303284,0.8121750801801682,50,0.11184136951547499,0.5620647039679509,0.34889128894967164,-0.450223334452476,-0.23704991943419668,0.03896861227231501,0.019157491509583638,-0.4877720178112599,1.8829975128173828,1.8278142561912538,0.055183256626128996,9.2,9.2,trapezoid_from_zero_normalized_by_max_fraction
ton_iot_binary,42,rid_71adf7ccd4004e056d4214e84ac0076d,mlp,occlusion,conditional_gaussian_mean,conditional_on_retained_coordinates,insertion,1,ATTACK,True,1,ATTACK,0.999999463558197,0.8121754378080368,50,0.15392417758121157,0.40029851196876187,0.2923087939403085,-0.24637433438755033,-0.13838461635909696,0.043713644177481345,0.023242633727539323,-0.2919298964935274,1.7183563709259033,1.5535122585296632,0.16484411239624008,9.2,9.2,trapezoid_from_zero_normalized_by_max_fraction
ton_iot_binary,42,rid_14018286121dd46713a133f9bdfc93a8,mlp,occlusion,conditional_gaussian_mean,conditional_on_retained_coordinates,insertion,0,BENIGN,True,0,BENIGN,0.9999993221695148,0.1878233479196751,50,-0.1208060334433867,-0.1250854887769048,-0.13788601344687024,0.004279455333518117,0.017079980003483514,0.04111735948914806,0.01989712836452179,-0.034718916260944595,0.6710849404335022,0.42083077430725097,0.25025416612625123,9.2,9.2,trapezoid_from_zero_normalized_by_max_fraction
ton_iot_binary,42,rid_8fdb1c9fcd903c2872e97a5c6111941b,mlp,occlusion,conditional_gaussian_draw,conditional_on_retained_coordinates,deletion,0,BENIGN,True,0,BENIGN,0.9999999282200988,0.187823953970259,10,0.3998138259340904,0.17191600345220326,0.15009249945793007,0.22789782248188714,0.2497213264761603,0.10518069983716552,0.0519723865756191,0.1260319447936737,0.21067757904529572,0.15741492755711078,0.05326265148818493,9.2,9.2,trapezoid_from_zero_normalized_by_max_fraction
ton_iot_binary,42,rid_474d36f88a6911413398421460dc623d,mlp,occlusion,conditional_gaussian_draw,conditional_on_retained_coordinates,deletion,1,ATTACK,True,1,ATTACK,0.9998021125793456,0.8119780868291854,10,0.4277282308787107,0.36990915040475797,0.16269424316164588,0.05781908047395275,0.2650339877170648,0.11196364503567377,0.05790964613694454,-0.055683825954458546,0.6881998777389526,0.8670529437065125,-0.1788530659675599,9.2,9.2,trapezoid_from_zero_normalized_by_max_fraction
ton_iot_binary,42,rid_96cb1ffdfa676fe22cc2e8c7693863c1,mlp,occlusion,conditional_gaussian_draw,conditional_on_retained_coordinates,deletion,0,BENIGN,True,0,BENIGN,0.999999991754982,0.1878240175051422,10,0.6007678095068383,0.2631733423570733,0.2750362337605469,0.33759446714976504,0.3257315757462914,0.1142605543641131,0.05932682343545317,0.22131389321627684,0.24626490473747253,0.15804555788636207,0.08821934685111046,9.2,9.2,trapezoid_from_zero_normalized_by_max_fraction
ton_iot_binary,42,rid_b68c2581b0a71176c81c3e0638a60ef1,mlp,occlusion,conditional_gaussian_draw,conditional_on_retained_coordinates,deletion,0,BENIGN,True,0,BENIGN,0.9995845762314276,0.1874086019815876,10,0.08880135218971569,0.4627123703997243,0.39628170847529415,-0.3739110182100086,-0.30748035628557846,0.12821556571521053,0.06277282963509344,-0.49694576429479176,0.4883785843849182,0.3916414171457291,0.09673716723918913,9.2,9.2,trapezoid_from_zero_normalized_by_max_fraction
ton_iot_binary,42,rid_06c5b18595653bc93680b98572b085db,mlp,occlusion,conditional_gaussian_draw,conditional_on_retained_coordinates,deletion,0,BENIGN,True,0,BENIGN,0.9999470911352546,0.1877711168854147,10,0.24159132062795835,0.1914656430642013,0.042256258178883996,0.05012567756375705,0.19933506244907434,0.05869704695058721,0.0347679836379905,-0.018019570366704332,2.4670705795288086,1.808046386241913,0.6590241932868957,9.2,9.2,trapezoid_from_zero_normalized_by_max_fraction
ton_iot_binary,42,rid_c8f5ddfce5c296fae3fcfd14c8281db5,mlp,occlusion,conditional_gaussian_draw,conditional_on_retained_coordinates,deletion,0,BENIGN,True,0,BENIGN,0.9999988437642742,0.1878228695144343,10,0.025440018520497445,0.01769737751583363,0.006787091838799081,0.0077426410046638125,0.018652926681698365,0.017242368150894964,0.013083066677355369,-0.01790016968295271,2.2350423336029053,1.7788859152793883,0.45615641832351694,9.2,9.2,trapezoid_from_zero_normalized_by_max_fraction
ton_iot_binary,42,rid_b5f19856921bec80ab4d0ae802f70a22,mlp,occlusion,conditional_gaussian_draw,conditional_on_retained_coordinates,deletion,0,BENIGN,True,0,BENIGN,0.9994899458251894,0.1873139715753496,10,0.6816024852247209,0.2628519722351189,0.05015263955066643,0.4187505129896021,0.6314498456740545,0.07662562322917926,0.039766097185706326,0.3408089625056177,2.3651108741760254,1.480506516098976,0.8846043580770493,9.2,9.2,trapezoid_from_zero_normalized_by_max_fraction
ton_iot_binary,42,rid_1c007e515f8c424983946ad431efb604,mlp,occlusion,conditional_gaussian_draw,conditional_on_retained_coordinates,deletion,0,BENIGN,True,0,BENIGN,0.9994844333268702,0.1873084590770304,10,0.11959179199911886,0.33951696125410885,0.36775757571445855,-0.21992516925499,-0.2481657837153397,0.10491645895174506,0.055632384773094644,-0.3289646434102555,0.6998561024665833,0.5168160167336464,0.18304008573293684,9.2,9.2,trapezoid_from_zero_normalized_by_max_fraction
ton_iot_binary,42,rid_24b36743723526135cc69620cd117e23,mlp,occlusion,conditional_gaussian_draw,conditional_on_retained_coordinates,deletion,1,ATTACK,True,1,ATTACK,0.9996989965438844,0.8118749707937242,10,0.27682569734752177,0.4763591677660952,0.3037208410164402,-0.19953347041857344,-0.02689514366891843,0.11684043116162884,0.05654548870080967,-0.3103626282721604,1.2396767139434814,1.2526994335651396,-0.01302271962165813,9.2,9.2,trapezoid_from_zero_normalized_by_max_fraction
ton_iot_binary,42,rid_f1d5bbcbb32162a53afde2d268aadebb,mlp,occlusion,conditional_gaussian_draw,conditional_on_retained_coordinates,deletion,1,ATTACK,True,1,ATTACK,0.9983906149864196,0.8105665892362593,10,0.5528090166117181,0.4533571359438363,0.3157513078379892,0.09945188066788177,0.23705770877372884,0.10559894111514652,0.0549994762715026,-0.00834709282426331,0.9013016819953918,0.8269056874513625,0.07439599454402934,9.2,9.2,trapezoid_from_zero_normalized_by_max_fraction
ton_iot_binary,42,rid_e4cc9122aaeae4b1c64e125cbf1f4bae,mlp,occlusion,conditional_gaussian_draw,conditional_on_retained_coordinates,deletion,1,ATTACK,True,1,ATTACK,0.9995288848876952,0.811704859137535,10,0.41454691512274433,0.4088651563016845,0.2789249340185421,0.00568175882105984,0.13562198110420223,0.1109332230547837,0.056746388228925956,-0.10554116210763503,1.0726181268692017,0.9664828562736512,0.1061352705955505,9.2,9.2,trapezoid_from_zero_normalized_by_max_fraction
ton_iot_binary,42,rid_f836c721abe82ef8626b8d0828bf81a3,mlp,occlusion,conditional_gaussian_draw,conditional_on_retained_coordinates,deletion,1,ATTACK,True,1,ATTACK,0.9982398748397828,0.8104158490896226,10,0.7851558558222319,0.41662567016475804,0.3042496584466403,0.36853018565747386,0.48090619737559165,0.12461621305466491,0.05935690502824465,0.25219065180211436,0.6666318774223328,0.4850168085098267,0.18161506891250606,9.2,9.2,trapezoid_from_zero_normalized_by_max_fraction
ton_iot_binary,42,rid_ea42348fe63f562614533c2a240887de,mlp,occlusion,conditional_gaussian_draw,conditional_on_retained_coordinates,deletion,1,ATTACK,True,1,ATTACK,0.999978482723236,0.8121544569730758,10,0.435939508676529,0.3465770427556708,0.2750757739629807,0.08936246592085809,0.16086373471354817,0.09413411631609267,0.046879254358425756,-0.0025208726216564004,1.686995506286621,1.5108732354640961,0.17612227082252496,9.2,9.2,trapezoid_from_zero_normalized_by_max_fraction
ton_iot_binary,42,rid_1bf21900e95747c105a7fd442abb6ec2,mlp,occlusion,conditional_gaussian_draw,conditional_on_retained_coordinates,deletion,1,ATTACK,True,1,ATTACK,0.9999991059303284,0.8121750801801682,10,0.3881404295563698,0.28294448187574744,0.09695300590596162,0.10519594768062232,0.2911874236504082,0.07544781949437233,0.043265104766449985,0.02039634233838035,1.8829975128173828,1.7775688838958739,0.10542862892150895,9.2,9.2,trapezoid_from_zero_normalized_by_max_fraction
ton_iot_binary,42,rid_71adf7ccd4004e056d4214e84ac0076d,mlp,occlusion,conditional_gaussian_draw,conditional_on_retained_coordinates,deletion,1,ATTACK,True,1,ATTACK,0.999999463558197,0.8121754378080368,10,0.19716663360595701,0.37427794032511885,0.2650867466621321,-0.1771113067191618,-0.0679201130561751,0.0824233563798014,0.04606110347231354,-0.26739106952489633,1.7183563709259033,1.567638671398163,0.1507176995277404,9.2,9.2,trapezoid_from_zero_normalized_by_max_fraction
ton_iot_binary,42,rid_14018286121dd46713a133f9bdfc93a8,mlp,occlusion,conditional_gaussian_draw,conditional_on_retained_coordinates,deletion,0,BENIGN,True,0,BENIGN,0.9999993221695148,0.1878233479196751,10,0.715196832806339,0.24894520304839346,0.35882100707070697,0.4662516297579455,0.35637582573563203,0.12740693749322,0.06216082018669187,0.3444164221920294,0.6710849404335022,0.4135328298807144,0.2575521105527878,9.2,9.2,trapezoid_from_zero_normalized_by_max_fraction
ton_iot_binary,42,rid_8fdb1c9fcd903c2872e97a5c6111941b,mlp,occlusion,conditional_gaussian_draw,conditional_on_retained_coordinates,insertion,0,BENIGN,True,0,BENIGN,0.9999999282200988,0.187823953970259,10,-0.5881299089640379,-0.3603539702671108,-0.3687468160340298,-0.22777593869692708,-0.2193830929300081,0.12536479120570793,0.05845067343595489,-0.3423392586313987,0.21067757904529572,0.15741492755711078,0.05326265148818493,9.2,9.2,trapezoid_from_zero_normalized_by_max_fraction
ton_iot_binary,42,rid_474d36f88a6911413398421460dc623d,mlp,occlusion,conditional_gaussian_draw,conditional_on_retained_coordinates,insertion,1,ATTACK,True,1,ATTACK,0.9998021125793456,0.8119780868291854,10,0.3798501135781408,0.6486927637852191,0.42565593046487593,-0.2688426502070785,-0.04580581688673516,0.09511981597375206,0.04831743627404471,-0.3635448253042061,0.6881998777389526,0.8670529437065125,-0.1788530659675599,9.2,9.2,trapezoid_from_zero_normalized_by_max_fraction
ton_iot_binary,42,rid_96cb1ffdfa676fe22cc2e8c7693863c1,mlp,occlusion,conditional_gaussian_draw,conditional_on_retained_coordinates,insertion,0,BENIGN,True,0,BENIGN,0.999999991754982,0.1878240175051422,10,-0.5509987987577916,-0.2826467920763307,-0.21082311744065055,-0.26835200668146086,-0.340175681317141,0.12643199625173418,0.06049533569512328,-0.38692286464390246,0.24626490473747253,0.15804555788636207,0.08821934685111046,9.2,9.2,trapezoid_from_zero_normalized_by_max_fraction
ton_iot_binary,42,rid_b68c2581b0a71176c81c3e0638a60ef1,mlp,occlusion,conditional_gaussian_draw,conditional_on_retained_coordinates,insertion,0,BENIGN,True,0,BENIGN,0.9995845762314276,0.1874086019815876,10,-0.4628349922597409,-0.5006763640975647,-0.35072718953097953,0.037841371837823795,-0.11210780272876134,0.09211642531779965,0.042346095760069626,-0.04515697585191267,0.4883785843849182,0.3916414171457291,0.09673716723918913,9.2,9.2,trapezoid_from_zero_normalized_by_max_fraction
ton_iot_binary,42,rid_06c5b18595653bc93680b98572b085db,mlp,occlusion,conditional_gaussian_draw,conditional_on_retained_coordinates,insertion,0,BENIGN,True,0,BENIGN,0.9999470911352546,0.1877711168854147,10,0.08793565144496825,0.05584919618909325,-0.03618616389990875,0.032086455255874995,0.12412181534487698,0.01881749423500956,0.010067548374318985,0.012354060442209786,2.4670705795288086,1.808046386241913,0.6590241932868957,9.2,9.2,trapezoid_from_zero_normalized_by_max_fraction
ton_iot_binary,42,rid_c8f5ddfce5c296fae3fcfd14c8281db5,mlp,occlusion,conditional_gaussian_draw,conditional_on_retained_coordinates,insertion,0,BENIGN,True,0,BENIGN,0.9999988437642742,0.1878228695144343,10,-0.009185713234765552,0.0174902445268795,-0.16630823077863424,-0.026675957761645056,0.15712251754386866,0.034361620869927695,0.024837273324235888,-0.07535701347714739,2.2350423336029053,1.7788859152793883,0.45615641832351694,9.2,9.2,trapezoid_from_zero_normalized_by_max_fraction
ton_iot_binary,42,rid_b5f19856921bec80ab4d0ae802f70a22,mlp,occlusion,conditional_gaussian_draw,conditional_on_retained_coordinates,insertion,0,BENIGN,True,0,BENIGN,0.9994899458251894,0.1873139715753496,10,0.06310102734389603,0.0460039285836778,-0.20942258742888048,0.017097098760218216,0.27252361477277653,0.024635520865452513,0.014116175839929131,-0.010570605886042882,2.3651108741760254,1.480506516098976,0.8846043580770493,9.2,9.2,trapezoid_from_zero_normalized_by_max_fraction
ton_iot_binary,42,rid_1c007e515f8c424983946ad431efb604,mlp,occlusion,conditional_gaussian_draw,conditional_on_retained_coordinates,insertion,0,BENIGN,True,0,BENIGN,0.9994844333268702,0.1873084590770304,10,-0.35070666298270226,-0.505051485585791,-0.4447622655092247,0.1543448226030887,0.09405560252652245,0.0868494610906952,0.04220876582905936,0.07161564157813237,0.6998561024665833,0.5168160167336464,0.18304008573293684,9.2,9.2,trapezoid_from_zero_normalized_by_max_fraction
ton_iot_binary,42,rid_24b36743723526135cc69620cd117e23,mlp,occlusion,conditional_gaussian_draw,conditional_on_retained_coordinates,insertion,1,ATTACK,True,1,ATTACK,0.9996989965438844,0.8118749707937242,10,0.06641130149364471,0.19415814282583962,0.2218004991502578,-0.1277468413321949,-0.1553891976566131,0.09101712708720079,0.04435002651981721,-0.21467289331103664,1.2396767139434814,1.2526994335651396,-0.01302271962165813,9.2,9.2,trapezoid_from_zero_normalized_by_max_fraction
ton_iot_binary,42,rid_f1d5bbcbb32162a53afde2d268aadebb,mlp,occlusion,conditional_gaussian_draw,conditional_on_retained_coordinates,insertion,1,ATTACK,True,1,ATTACK,0.9983906149864196,0.8105665892362593,10,0.3858223482966423,0.4495513919025337,0.3857446326872243,-0.06372904360589143,7.77156094180359e-05,0.11064980823777587,0.05273143066848157,-0.1670826477161153,0.9013016819953918,0.8269056874513625,0.07439599454402934,9.2,9.2,trapezoid_from_zero_normalized_by_max_fraction
ton_iot_binary,42,rid_e4cc9122aaeae4b1c64e125cbf1f4bae,mlp,occlusion,conditional_gaussian_draw,conditional_on_retained_coordinates,insertion,1,ATTACK,True,1,ATTACK,0.9995288848876952,0.811704859137535,10,0.30878061736075324,0.5064364703774927,0.23848403344704822,-0.19765585301673952,0.07029658391370498,0.10406292683726286,0.05189238519055211,-0.29936492799022163,1.0726181268692017,0.9664828562736512,0.1061352705955505,9.2,9.2,trapezoid_from_zero_normalized_by_max_fraction
ton_iot_binary,42,rid_f836c721abe82ef8626b8d0828bf81a3,mlp,occlusion,conditional_gaussian_draw,conditional_on_retained_coordinates,insertion,1,ATTACK,True,1,ATTACK,0.9982398748397828,0.8104158490896226,10,0.6095136690021888,0.5240856396125166,0.36495038764460463,0.08542802938967219,0.2445632813575842,0.09761162778361429,0.05237110818758832,-0.017219342658000916,0.6666318774223328,0.4850168085098267,0.18161506891250606,9.2,9.2,trapezoid_from_zero_normalized_by_max_fraction
ton_iot_binary,42,rid_ea42348fe63f562614533c2a240887de,mlp,occlusion,conditional_gaussian_draw,conditional_on_retained_coordinates,insertion,1,ATTACK,True,1,ATTACK,0.999978482723236,0.8121544569730758,10,0.027741987128137274,0.45250400347630576,0.32899314482895364,-0.42476201634816846,-0.30125115770081634,0.11680759395376467,0.057247458743470425,-0.5369670354853705,1.686995506286621,1.5108732354640961,0.17612227082252496,9.2,9.2,trapezoid_from_zero_normalized_by_max_fraction
ton_iot_binary,42,rid_1bf21900e95747c105a7fd442abb6ec2,mlp,occlusion,conditional_gaussian_draw,conditional_on_retained_coordinates,insertion,1,ATTACK,True,1,ATTACK,0.9999991059303284,0.8121750801801682,10,-0.08978337120311011,0.5110677004287636,0.398804506875185,-0.6008510716318738,-0.48858787807829507,0.104273233984739,0.05600226259855801,-0.7106155063250474,1.8829975128173828,1.7775688838958739,0.10542862892150895,9.2,9.2,trapezoid_from_zero_normalized_by_max_fraction
ton_iot_binary,42,rid_71adf7ccd4004e056d4214e84ac0076d,mlp,occlusion,conditional_gaussian_draw,conditional_on_retained_coordinates,insertion,1,ATTACK,True,1,ATTACK,0.999999463558197,0.8121754378080368,10,0.10523955016251421,0.37365280833831144,0.3566717794963731,-0.26841325817579725,-0.25143222933385884,0.09828746423158857,0.0486493006937094,-0.3637658875354677,1.7183563709259033,1.567638671398163,0.1507176995277404,9.2,9.2,trapezoid_from_zero_normalized_by_max_fraction
ton_iot_binary,42,rid_14018286121dd46713a133f9bdfc93a8,mlp,occlusion,conditional_gaussian_draw,conditional_on_retained_coordinates,insertion,0,BENIGN,True,0,BENIGN,0.9999993221695148,0.1878233479196751,10,-0.0796787460687483,-0.37459019277722244,-0.3788051951373559,0.2949114467084741,0.29912644906860764,0.13198726083747858,0.0628244504379843,0.17177552385002484,0.6710849404335022,0.4135328298807144,0.2575521105527878,9.2,9.2,trapezoid_from_zero_normalized_by_max_fraction
ton_iot_binary,42,rid_8fdb1c9fcd903c2872e97a5c6111941b,mlp,occlusion,nearest_neighbour_donor,nonparametric_conditional,deletion,0,BENIGN,True,0,BENIGN,0.9999999282200988,0.187823953970259,10,2.1706453773973067e-05,2.4047559048980816e-05,8.883637201293482e-06,-2.3411052750077462e-06,1.2822816572679585e-05,9.285160314512786e-06,5.004574708143533e-06,-1.215007170296907e-05,0.14451345801353455,0.09825906559824944,0.0462543924152851,9.2,9.2,trapezoid_from_zero_normalized_by_max_fraction
ton_iot_binary,42,rid_474d36f88a6911413398421460dc623d,mlp,occlusion,nearest_neighbour_donor,nonparametric_conditional,deletion,1,ATTACK,True,1,ATTACK,0.9998021125793456,0.8119780868291854,10,-0.00011002421379089355,-0.00014391094446182252,-7.769405841827393e-05,3.388673067092896e-05,-3.233015537261963e-05,7.59528033576247e-06,4.054345998472364e-06,2.5940212513923128e-05,0.7579756379127502,0.846148493885994,-0.08817285597324376,9.2,9.2,trapezoid_from_zero_normalized_by_max_fraction
ton_iot_binary,42,rid_96cb1ffdfa676fe22cc2e8c7693863c1,mlp,occlusion,nearest_neighbour_donor,nonparametric_conditional,deletion,0,BENIGN,True,0,BENIGN,0.999999991754982,0.1878240175051422,10,1.2663569242077344e-05,0.00015091951007707217,0.00019874363428700636,-0.00013825594083499481,-0.000186080065044929,9.18510517198738e-05,4.6410461149503056e-05,-0.0002292204446880208,0.17004677653312683,0.151799545660615,0.018247230872511844,9.2,9.2,trapezoid_from_zero_normalized_by_max_fraction
ton_iot_binary,42,rid_b68c2581b0a71176c81c3e0638a60ef1,mlp,occlusion,nearest_neighbour_donor,nonparametric_conditional,deletion,0,BENIGN,True,0,BENIGN,0.9995845762314276,0.1874086019815876,10,0.00012403478322084994,0.00011822959844721481,0.12007374138222075,5.8051847736351185e-06,-0.11994970659899991,5.8082101099498704e-05,2.7486834595790797e-05,-4.806901103411485e-05,0.5144909620285034,0.43963504999876024,0.07485591202974318,9.2,9.2,trapezoid_from_zero_normalized_by_max_fraction
ton_iot_binary,42,rid_06c5b18595653bc93680b98572b085db,mlp,occlusion,nearest_neighbour_donor,nonparametric_conditional,deletion,0,BENIGN,True,0,BENIGN,0.9999470911352546,0.1877711168854147,10,-1.2938860527356155e-05,-1.125461742049083e-05,1.2707252790278291e-06,-1.6842431068653238e-06,-1.4209585806383984e-05,2.547887840178994e-06,1.4088605889943457e-06,-4.445609861294241e-06,2.452514171600342,1.7638535058498384,0.6886606657505034,9.2,9.2,trapezoid_from_zero_normalized_by_max_fraction
ton_iot_binary,42,rid_c8f5ddfce5c296fae3fcfd14c8281db5,mlp,occlusion,nearest_neighbour_donor,nonparametric_conditional,deletion,0,BENIGN,True,0,BENIGN,0.9999988437642742,0.1878228695144343,10,6.364564297314245e-05,0.003318558013847976,4.1714288033105614e-05,-0.0032549123708748334,2.193135494003684e-05,0.002841265846998069,0.002495848803281077,-0.008146776025305743,2.280137300491333,1.7430117821693418,0.5371255183219912,9.2,9.2,trapezoid_from_zero_normalized_by_max_fraction
ton_iot_binary,42,rid_b5f19856921bec80ab4d0ae802f70a22,mlp,occlusion,nearest_neighbour_donor,nonparametric_conditional,deletion,0,BENIGN,True,0,BENIGN,0.9994899458251894,0.1873139715753496,10,0.0005865005980012939,0.0005046913810656406,0.00018494630579880323,8.180921693565323e-05,0.00040155429220249054,4.636123989870688e-05,2.78297150972478e-05,2.7262975345047543e-05,2.3867688179016113,1.6515313148498536,0.7352375030517577,9.2,9.2,trapezoid_from_zero_normalized_by_max_fraction
ton_iot_binary,42,rid_1c007e515f8c424983946ad431efb604,mlp,occlusion,nearest_neighbour_donor,nonparametric_conditional,deletion,0,BENIGN,True,0,BENIGN,0.9994844333268702,0.1873084590770304,10,4.045149107696488e-05,0.029773004521848632,0.07855418597013342,-0.029732553030771672,-0.07851373447905645,0.028530276986338976,0.020610381109601672,-0.07012890000559094,0.7211238741874695,0.5154063409566879,0.20571753323078157,9.2,9.2,trapezoid_from_zero_normalized_by_max_fraction
ton_iot_binary,42,rid_24b36743723526135cc69620cd117e23,mlp,occlusion,nearest_neighbour_donor,nonparametric_conditional,deletion,1,ATTACK,True,1,ATTACK,0.9996989965438844,0.8118749707937242,10,0.3584522306919098,0.42779632541815293,0.1817786047863661,-0.06934409472624313,0.17667362590554375,0.07632327407337172,0.042066390813625204,-0.15179422072094853,1.2446279525756836,1.1736697220802308,0.0709582304954528,9.2,9.2,trapezoid_from_zero_normalized_by_max_fraction
ton_iot_binary,42,rid_f1d5bbcbb32162a53afde2d268aadebb,mlp,occlusion,nearest_neighbour_donor,nonparametric_conditional,deletion,1,ATTACK,True,1,ATTACK,0.9983906149864196,0.8105665892362593,10,0.29254553765058516,0.09424574181437492,0.09631836846470833,0.19829979583621027,0.19622716918587685,0.05388089082146121,0.034450563788511544,0.13077669081072762,0.9186989068984985,1.062920510172844,-0.14422160327434552,9.2,9.2,trapezoid_from_zero_normalized_by_max_fraction
ton_iot_binary,42,rid_e4cc9122aaeae4b1c64e125cbf1f4bae,mlp,occlusion,nearest_neighbour_donor,nonparametric_conditional,deletion,1,ATTACK,True,1,ATTACK,0.9995288848876952,0.811704859137535,10,0.0012935638427734374,0.00655507206916809,0.006245056092739105,-0.005261508226394653,-0.004951492249965668,0.004633937627645028,0.0032189018603466495,-0.011570555872674086,1.0907962322235107,1.0177736902236938,0.07302254199981695,9.2,9.2,trapezoid_from_zero_normalized_by_max_fraction
ton_iot_binary,42,rid_f836c721abe82ef8626b8d0828bf81a3,mlp,occlusion,nearest_neighbour_donor,nonparametric_conditional,deletion,1,ATTACK,True,1,ATTACK,0.9982398748397828,0.8104158490896226,10,0.7565261129289865,0.5455958231157274,0.4777372142113745,0.21093028981325918,0.27878889871761203,0.10332926436791491,0.051010480275704935,0.1109497484728775,0.6393321752548218,0.42539620310068127,0.2139359721541405,9.2,9.2,trapezoid_from_zero_normalized_by_max_fraction
ton_iot_binary,42,rid_ea42348fe63f562614533c2a240887de,mlp,occlusion,nearest_neighbour_donor,nonparametric_conditional,deletion,1,ATTACK,True,1,ATTACK,0.999978482723236,0.8121544569730758,10,0.40671698898077013,0.47218878844520074,0.27741989044327053,-0.06547179946443066,0.12929709853749954,0.09946950545040928,0.04900968762904417,-0.16153078721735722,1.7223079204559326,1.520506874322891,0.2018010461330415,9.2,9.2,trapezoid_from_zero_normalized_by_max_fraction
ton_iot_binary,42,rid_1bf21900e95747c105a7fd442abb6ec2,mlp,occlusion,nearest_neighbour_donor,nonparametric_conditional,deletion,1,ATTACK,True,1,ATTACK,0.9999991059303284,0.8121750801801682,10,0.7427990939001706,0.5878432490985179,0.2912455217660008,0.15495584480165261,0.45155357213416975,0.0900964216959305,0.04130070460154463,0.07400646378262515,1.9228708744049072,1.8750876021385192,0.04778327226638801,9.2,9.2,trapezoid_from_zero_normalized_by_max_fraction
ton_iot_binary,42,rid_71adf7ccd4004e056d4214e84ac0076d,mlp,occlusion,nearest_neighbour_donor,nonparametric_conditional,deletion,1,ATTACK,True,1,ATTACK,0.999999463558197,0.8121754378080368,10,0.4923817366361618,0.45924592380528334,0.12892375439405443,0.033135812830878436,0.3634579822421074,0.08890896432231052,0.04670575101183321,-0.058407459152314656,1.749983787536621,1.5733024251461027,0.17668136239051835,9.2,9.2,trapezoid_from_zero_normalized_by_max_fraction
ton_iot_binary,42,rid_14018286121dd46713a133f9bdfc93a8,mlp,occlusion,nearest_neighbour_donor,nonparametric_conditional,deletion,0,BENIGN,True,0,BENIGN,0.9999993221695148,0.1878233479196751,10,0.69439489150094,0.3791966172582171,0.26489233326916606,0.31519827424272295,0.429502558231774,0.1232780084922439,0.061665644195026216,0.19433361162047158,0.6836916208267212,0.47188114464282993,0.21181047618389126,9.2,9.2,trapezoid_from_zero_normalized_by_max_fraction
ton_iot_binary,42,rid_8fdb1c9fcd903c2872e97a5c6111941b,mlp,occlusion,nearest_neighbour_donor,nonparametric_conditional,insertion,0,BENIGN,True,0,BENIGN,0.9999999282200988,0.187823953970259,10,0.17176069003216837,0.17172262127458246,0.17164043040482432,3.806875758591843e-05,0.00012025962734406036,2.1154230232107465e-05,1.4121638299289413e-05,1.0390346519311184e-05,0.14451345801353455,0.09825906559824944,0.0462543924152851,9.2,9.2,trapezoid_from_zero_normalized_by_max_fraction
ton_iot_binary,42,rid_474d36f88a6911413398421460dc623d,mlp,occlusion,nearest_neighbour_donor,nonparametric_conditional,insertion,1,ATTACK,True,1,ATTACK,0.9998021125793456,0.8119780868291854,10,0.7780890591442585,0.6984476586134406,0.5413704914856134,0.07964140053081793,0.23671856765864507,0.013296113459275088,0.013279747459892882,0.05361309550942789,0.7579756379127502,0.846148493885994,-0.08817285597324376,9.2,9.2,trapezoid_from_zero_normalized_by_max_fraction
ton_iot_binary,42,rid_96cb1ffdfa676fe22cc2e8c7693863c1,mlp,occlusion,nearest_neighbour_donor,nonparametric_conditional,insertion,0,BENIGN,True,0,BENIGN,0.999999991754982,0.1878240175051422,10,0.17176074450374545,0.1715268718718015,0.17156323326798326,0.00023387263194395435,0.00019751123576219887,0.00010174872726959103,4.9630659562529014e-05,0.00013659653920139748,0.17004677653312683,0.151799545660615,0.018247230872511844,9.2,9.2,trapezoid_from_zero_normalized_by_max_fraction
ton_iot_binary,42,rid_b68c2581b0a71176c81c3e0638a60ef1,mlp,occlusion,nearest_neighbour_donor,nonparametric_conditional,insertion,0,BENIGN,True,0,BENIGN,0.9995845762314276,0.1874086019815876,10,-0.5283725341811077,-0.09864768876985179,0.15133898570981502,-0.42972484541125594,-0.6797115198909227,0.11558291081162077,0.06249886055042066,-0.5522226120900804,0.5144909620285034,0.43963504999876024,0.07485591202974318,9.2,9.2,trapezoid_from_zero_normalized_by_max_fraction
ton_iot_binary,42,rid_06c5b18595653bc93680b98572b085db,mlp,occlusion,nearest_neighbour_donor,nonparametric_conditional,insertion,0,BENIGN,True,0,BENIGN,0.9999470911352546,0.1877711168854147,10,0.1717165997164557,0.17168688710124114,0.17157524569387533,2.9712615214524953e-05,0.00014135402258034642,1.8398938634415065e-05,1.3294297030089117e-05,3.655793035550285e-06,2.452514171600342,1.7638535058498384,0.6886606657505034,9.2,9.2,trapezoid_from_zero_normalized_by_max_fraction
ton_iot_binary,42,rid_c8f5ddfce5c296fae3fcfd14c8281db5,mlp,occlusion,nearest_neighbour_donor,nonparametric_conditional,insertion,0,BENIGN,True,0,BENIGN,0.9999988437642742,0.1878228695144343,10,0.1708806073710093,0.1707814628549743,0.16107756090341635,9.914451603501856e-05,0.009803046467592967,0.0006352350423790957,0.0005606213776017386,-0.000999673384064389,2.280137300491333,1.7430117821693418,0.5371255183219912,9.2,9.2,trapezoid_from_zero_normalized_by_max_fraction
ton_iot_binary,42,rid_b5f19856921bec80ab4d0ae802f70a22,mlp,occlusion,nearest_neighbour_donor,nonparametric_conditional,insertion,0,BENIGN,True,0,BENIGN,0.9994899458251894,0.1873139715753496,10,0.1717104626752189,0.16892297299361417,0.15038222900840992,0.002787489681604713,0.021328233666808954,0.0025346312017617196,0.0024993853893158385,-0.00211130568145433,2.3867688179016113,1.6515313148498536,0.7352375030517577,9.2,9.2,trapezoid_from_zero_normalized_by_max_fraction
ton_iot_binary,42,rid_1c007e515f8c424983946ad431efb604,mlp,occlusion,nearest_neighbour_donor,nonparametric_conditional,insertion,0,BENIGN,True,0,BENIGN,0.9994844333268702,0.1873084590770304,10,0.021350408968282858,-0.00027474620961583096,0.03856475550734103,0.021625155177898703,-0.01721434653905818,0.08095065649733604,0.043339926483860695,-0.06332110073046826,0.7211238741874695,0.5154063409566879,0.20571753323078157,9.2,9.2,trapezoid_from_zero_normalized_by_max_fraction
ton_iot_binary,42,rid_24b36743723526135cc69620cd117e23,mlp,occlusion,nearest_neighbour_donor,nonparametric_conditional,insertion,1,ATTACK,True,1,ATTACK,0.9996989965438844,0.8118749707937242,10,0.6157654859125719,0.4137326874664938,0.3207199005952285,0.20203279844607816,0.2950455853173435,0.07300824893524856,0.03494540181068179,0.13353981089714184,1.2446279525756836,1.1736697220802308,0.0709582304954528,9.2,9.2,trapezoid_from_zero_normalized_by_max_fraction
ton_iot_binary,42,rid_f1d5bbcbb32162a53afde2d268aadebb,mlp,occlusion,nearest_neighbour_donor,nonparametric_conditional,insertion,1,ATTACK,True,1,ATTACK,0.9983906149864196,0.8105665892362593,10,0.42513494323939083,0.4703575934860348,0.3223359980928529,-0.045222650246643945,0.10279894514653798,0.08902530698741491,0.04885234767610393,-0.14097325169180763,0.9186989068984985,1.062920510172844,-0.14422160327434552,9.2,9.2,trapezoid_from_zero_normalized_by_max_fraction
ton_iot_binary,42,rid_e4cc9122aaeae4b1c64e125cbf1f4bae,mlp,occlusion,nearest_neighbour_donor,nonparametric_conditional,insertion,1,ATTACK,True,1,ATTACK,0.9995288848876952,0.811704859137535,10,0.7747521735727787,0.7036427904945068,0.6667443458374873,0.07110938307827183,0.10800782773529136,0.03139134654096066,0.01911353602050705,0.03364685247807801,1.0907962322235107,1.0177736902236938,0.07302254199981695,9.2,9.2,trapezoid_from_zero_normalized_by_max_fraction
ton_iot_binary,42,rid_f836c721abe82ef8626b8d0828bf81a3,mlp,occlusion,nearest_neighbour_donor,nonparametric_conditional,insertion,1,ATTACK,True,1,ATTACK,0.9982398748397828,0.8104158490896226,10,0.22846849341731287,0.14875437367064298,0.1386965895365655,0.07971411974666986,0.08977190388074735,0.11665823305191798,0.05436099121408407,-0.0268334230329349,0.6393321752548218,0.42539620310068127,0.2139359721541405,9.2,9.2,trapezoid_from_zero_normalized_by_max_fraction
ton_iot_binary,42,rid_ea42348fe63f562614533c2a240887de,mlp,occlusion,nearest_neighbour_donor,nonparametric_conditional,insertion,1,ATTACK,True,1,ATTACK,0.999978482723236,0.8121544569730758,10,0.3254170451080427,0.38144031939562417,0.11501445346702463,-0.05602327428758144,0.21040259164101804,0.0934694841099859,0.050682691145009194,-0.15536134893179948,1.7223079204559326,1.520506874322891,0.2018010461330415,9.2,9.2,trapezoid_from_zero_normalized_by_max_fraction
ton_iot_binary,42,rid_1bf21900e95747c105a7fd442abb6ec2,mlp,occlusion,nearest_neighbour_donor,nonparametric_conditional,insertion,1,ATTACK,True,1,ATTACK,0.9999991059303284,0.8121750801801682,10,0.3272375692138372,0.15578972752448267,0.05876519529437158,0.1714478416893545,0.26847237391946555,0.11304274915159306,0.05555279234336314,0.06256436869636275,1.9228708744049072,1.8750876021385192,0.04778327226638801,9.2,9.2,trapezoid_from_zero_normalized_by_max_fraction
ton_iot_binary,42,rid_71adf7ccd4004e056d4214e84ac0076d,mlp,occlusion,nearest_neighbour_donor,nonparametric_conditional,insertion,1,ATTACK,True,1,ATTACK,0.999999463558197,0.8121754378080368,10,0.5735741823678836,0.5207520457752981,0.1949741686870385,0.05282213659258558,0.37860001368084506,0.07121140792701514,0.03627674986999056,-0.018280293152595932,1.749983787536621,1.5733024251461027,0.17668136239051835,9.2,9.2,trapezoid_from_zero_normalized_by_max_fraction
ton_iot_binary,42,rid_14018286121dd46713a133f9bdfc93a8,mlp,occlusion,nearest_neighbour_donor,nonparametric_conditional,insertion,0,BENIGN,True,0,BENIGN,0.9999993221695148,0.1878233479196751,10,0.16023529478909496,0.09431220001401713,-0.09523220045750078,0.06592309477507782,0.25546749524659573,0.05198315184705808,0.03169184613213043,0.003807076356102189,0.6836916208267212,0.47188114464282993,0.21181047618389126,9.2,9.2,trapezoid_from_zero_normalized_by_max_fraction
ton_iot_binary,42,rid_8fdb1c9fcd903c2872e97a5c6111941b,mlp,occlusion,correlation_group_median,group_wise,deletion,0,BENIGN,True,0,BENIGN,0.9999999282200988,0.187823953970259,50,0.5967250790267411,0.5190104281619954,0.1605482274443241,0.07771465086474565,0.43617685158241704,0.008245393213318578,0.0054983122838187255,0.06693795878846094,0.2094336301088333,0.2318277752399444,-0.0223941451311111,13.2,11.424000000000001,trapezoid_from_zero_normalized_by_max_fraction
ton_iot_binary,42,rid_474d36f88a6911413398421460dc623d,mlp,occlusion,correlation_group_median,group_wise,deletion,1,ATTACK,True,1,ATTACK,0.9998021125793456,0.8119780868291854,50,0.40534131112508476,0.28067611873189274,0.3052478528934546,0.12466519239319201,0.1000934582316302,0.016392501766738895,0.01133319568311424,0.1024521288542881,1.039590835571289,1.5307625068426132,-0.4911716712713241,13.6,10.712,trapezoid_from_zero_normalized_by_max_fraction
ton_iot_binary,42,rid_96cb1ffdfa676fe22cc2e8c7693863c1,mlp,occlusion,correlation_group_median,group_wise,deletion,0,BENIGN,True,0,BENIGN,0.999999991754982,0.1878240175051422,50,0.6124153565518841,0.6005476592048781,0.1035776828320183,0.011867697347005985,0.5088376737198657,0.003183630840030232,0.0016240421950021054,0.008684574644801858,0.36782342195510864,0.48850853404402733,-0.12068511208891869,12.8,10.968,trapezoid_from_zero_normalized_by_max_fraction
ton_iot_binary,42,rid_b68c2581b0a71176c81c3e0638a60ef1,mlp,occlusion,correlation_group_median,group_wise,deletion,0,BENIGN,True,0,BENIGN,0.9995845762314276,0.1874086019815876,50,0.6071196796547156,0.5555935306433893,0.4761333304125128,0.05152614901132621,0.13098634924220276,0.010715549947020465,0.006923837135950897,0.037955428224862454,0.4444498121738434,0.32259585309028627,0.12185395908355712,14.6,12.86,trapezoid_from_zero_normalized_by_max_fraction
ton_iot_binary,42,rid_06c5b18595653bc93680b98572b085db,mlp,occlusion,correlation_group_median,group_wise,deletion,0,BENIGN,True,0,BENIGN,0.9999470911352546,0.1877711168854147,50,0.6886126201659863,0.6493518631699917,0.33975013260326703,0.03926075699599457,0.3488624875627192,0.021079108547629257,0.01133057610411985,0.017052827831919668,1.1601364612579346,1.2772120468616488,-0.11707558560371423,13.4,13.956,trapezoid_from_zero_normalized_by_max_fraction
ton_iot_binary,42,rid_c8f5ddfce5c296fae3fcfd14c8281db5,mlp,occlusion,correlation_group_median,group_wise,deletion,0,BENIGN,True,0,BENIGN,0.9999988437642742,0.1878228695144343,50,0.47652308057598136,0.46304562485406064,0.08434331620619002,0.013477455721920703,0.3921797643697913,0.027438820003756033,0.01747995028165306,-0.02078324683011929,1.738755464553833,1.495387184381485,0.24336828017234802,15.4,15.424000000000001,trapezoid_from_zero_normalized_by_max_fraction
ton_iot_binary,42,rid_b5f19856921bec80ab4d0ae802f70a22,mlp,occlusion,correlation_group_median,group_wise,deletion,0,BENIGN,True,0,BENIGN,0.9994899458251894,0.1873139715753496,50,0.7476832163782092,0.6618683471173281,0.4131117259536986,0.0858148692608811,0.3345714904245105,0.016858967150056095,0.010507256667446794,0.06522064619268539,1.0902316570281982,1.05352743268013,0.03670422434806819,13.0,12.680000000000001,trapezoid_from_zero_normalized_by_max_fraction
ton_iot_binary,42,rid_1c007e515f8c424983946ad431efb604,mlp,occlusion,correlation_group_median,group_wise,deletion,0,BENIGN,True,0,BENIGN,0.9994844333268702,0.1873084590770304,50,0.6504458647337742,0.5807440392515855,0.5648255637301336,0.06970182548218871,0.08562030100364068,0.01000617412441176,0.007567778537865326,0.05486897954797268,0.6427498459815979,0.5415969482064248,0.10115289777517311,14.4,12.684000000000001,trapezoid_from_zero_normalized_by_max_fraction
ton_iot_binary,42,rid_24b36743723526135cc69620cd117e23,mlp,occlusion,correlation_group_median,group_wise,deletion,1,ATTACK,True,1,ATTACK,0.9996989965438844,0.8118749707937242,50,0.20198202431201934,0.19277862292528153,0.07926204198598862,0.00920340138673782,0.12271998232603074,0.011948717965263353,0.006182876963674623,-0.002915037462064441,0.9576399922370911,0.8546097202301025,0.10303027200698855,13.0,11.316,trapezoid_from_zero_normalized_by_max_fraction
ton_iot_binary,42,rid_f1d5bbcbb32162a53afde2d268aadebb,mlp,occlusion,correlation_group_median,group_wise,deletion,1,ATTACK,True,1,ATTACK,0.9983906149864196,0.8105665892362593,50,0.3957430176436901,0.2665801212899387,0.17387538180686535,0.12916289635375142,0.22186763583682478,0.037649125140884025,0.01864279410053641,0.09262301991670005,0.7163775563240051,0.5888522917330264,0.12752526459097868,14.0,12.815999999999999,trapezoid_from_zero_normalized_by_max_fraction
ton_iot_binary,42,rid_e4cc9122aaeae4b1c64e125cbf1f4bae,mlp,occlusion,correlation_group_median,group_wise,deletion,1,ATTACK,True,1,ATTACK,0.9995288848876952,0.811704859137535,50,0.2910686284303665,0.22322707862779498,0.22650758119020611,0.06784154980257152,0.0645610472401604,0.03099192822445483,0.016671723995704577,0.03516497077099055,0.9120298624038696,0.795323278427124,0.1167065839767456,14.6,13.812000000000001,trapezoid_from_zero_normalized_by_max_fraction
ton_iot_binary,42,rid_f836c721abe82ef8626b8d0828bf81a3,mlp,occlusion,correlation_group_median,group_wise,deletion,1,ATTACK,True,1,ATTACK,0.9982398748397828,0.8104158490896226,50,0.23802429139614104,0.23920025840215386,0.18893662360729646,-0.0011759670060128083,0.049087667788844554,0.015084003972500124,0.008290507786192012,-0.01742536226694915,0.37227314710617065,0.5144374263882636,-0.14216427928209296,14.4,12.459999999999999,trapezoid_from_zero_normalized_by_max_fraction
ton_iot_binary,42,rid_ea42348fe63f562614533c2a240887de,mlp,occlusion,correlation_group_median,group_wise,deletion,1,ATTACK,True,1,ATTACK,0.999978482723236,0.8121544569730758,50,0.3059889867901802,0.18395631828904152,0.19102211339864877,0.12203266850113867,0.11496687339153142,0.012137187897009157,0.006739427119995195,0.10882339134594808,1.422796607017517,1.3205395522117613,0.10225705480575575,13.6,13.687999999999999,trapezoid_from_zero_normalized_by_max_fraction
ton_iot_binary,42,rid_1bf21900e95747c105a7fd442abb6ec2,mlp,occlusion,correlation_group_median,group_wise,deletion,1,ATTACK,True,1,ATTACK,0.9999991059303284,0.8121750801801682,50,0.32674952447414396,0.20845985809006967,0.27481120847494933,0.11828966638407426,0.05193831599919468,0.037600742237302344,0.017893837348956363,0.08321774518011979,1.2727171182632446,1.280977590560913,-0.008260472297668464,14.6,14.975999999999999,trapezoid_from_zero_normalized_by_max_fraction
ton_iot_binary,42,rid_71adf7ccd4004e056d4214e84ac0076d,mlp,occlusion,correlation_group_median,group_wise,deletion,1,ATTACK,True,1,ATTACK,0.999999463558197,0.8121754378080368,50,0.1880300283432007,0.14583562314510345,0.14713867650553583,0.04219440519809724,0.04089135183766484,0.009908940114673448,0.005090310659746784,0.03221739630499354,1.5656027793884277,1.5934117255210876,-0.02780894613265983,14.0,13.751999999999999,trapezoid_from_zero_normalized_by_max_fraction
ton_iot_binary,42,rid_14018286121dd46713a133f9bdfc93a8,mlp,occlusion,correlation_group_median,group_wise,deletion,0,BENIGN,True,0,BENIGN,0.9999993221695148,0.1878233479196751,50,0.7606568394009969,0.542385308303408,0.41853473838099065,0.21827153109758884,0.34212210102000623,0.029329104912951553,0.01726035238787528,0.1844412404173533,0.47712984681129456,0.5610298209190369,-0.0838999741077423,15.2,13.203999999999999,trapezoid_from_zero_normalized_by_max_fraction
ton_iot_binary,42,rid_8fdb1c9fcd903c2872e97a5c6111941b,mlp,occlusion,correlation_group_median,group_wise,insertion,0,BENIGN,True,0,BENIGN,0.9999999282200988,0.187823953970259,50,0.6665714363687882,0.6640350391311545,0.5211850103183369,0.0025363972376337865,0.14538642605045135,0.0006559422524644009,0.0006464951061276061,0.0012692668296236786,0.2094336301088333,0.2318277752399444,-0.0223941451311111,13.2,11.424000000000001,trapezoid_from_zero_normalized_by_max_fraction
ton_iot_binary,42,rid_474d36f88a6911413398421460dc623d,mlp,occlusion,correlation_group_median,group_wise,insertion,1,ATTACK,True,1,ATTACK,0.9998021125793456,0.8119780868291854,50,0.2815984547138214,0.13614617165052254,-0.003910737915738309,0.14545228306329885,0.2855091926295597,0.01501023536884521,0.010918935193420536,0.12405117008419461,1.039590835571289,1.5307625068426132,-0.4911716712713241,13.6,10.712,trapezoid_from_zero_normalized_by_max_fraction
ton_iot_binary,42,rid_96cb1ffdfa676fe22cc2e8c7693863c1,mlp,occlusion,correlation_group_median,group_wise,insertion,0,BENIGN,True,0,BENIGN,0.999999991754982,0.1878240175051422,50,0.6665714926088557,0.6617390176477379,0.5020695919876553,0.004832474961117833,0.16450190062120035,0.0008466700751835231,0.0008466698877652107,0.0031730019810980196,0.36782342195510864,0.48850853404402733,-0.12068511208891869,12.8,10.968,trapezoid_from_zero_normalized_by_max_fraction
ton_iot_binary,42,rid_b68c2581b0a71176c81c3e0638a60ef1,mlp,occlusion,correlation_group_median,group_wise,insertion,0,BENIGN,True,0,BENIGN,0.9995845762314276,0.1874086019815876,50,0.6662083859919221,0.6053742733643402,0.15989919803793964,0.06083411262758183,0.5063091879539825,0.012025366760169463,0.00917551102152272,0.0428501110253973,0.4444498121738434,0.32259585309028627,0.12185395908355712,14.6,12.86,trapezoid_from_zero_normalized_by_max_fraction
ton_iot_binary,42,rid_06c5b18595653bc93680b98572b085db,mlp,occlusion,correlation_group_median,group_wise,insertion,0,BENIGN,True,0,BENIGN,0.9999470911352546,0.1877711168854147,50,0.6663445744303317,0.612377570371893,0.27139604740001594,0.05396700405843874,0.39494852703031574,0.007596493332066189,0.006029669612631422,0.04214885161768115,1.1601364612579346,1.2772120468616488,-0.11707558560371423,13.4,13.956,trapezoid_from_zero_normalized_by_max_fraction
ton_iot_binary,42,rid_c8f5ddfce5c296fae3fcfd14c8281db5,mlp,occlusion,correlation_group_median,group_wise,insertion,0,BENIGN,True,0,BENIGN,0.9999988437642742,0.1878228695144343,50,0.6661751028490812,0.6598540178770462,0.5592465587496794,0.006321084972034913,0.10692854409940174,0.0014241702678105311,0.0011091950417741335,0.004147062690157612,1.738755464553833,1.495387184381485,0.24336828017234802,15.4,15.424000000000001,trapezoid_from_zero_normalized_by_max_fraction
ton_iot_binary,42,rid_b5f19856921bec80ab4d0ae802f70a22,mlp,occlusion,correlation_group_median,group_wise,insertion,0,BENIGN,True,0,BENIGN,0.9994899458251894,0.1873139715753496,50,0.6659790680772858,0.5903669599483837,0.21753411611967025,0.07561210812890203,0.4484449519576155,0.014341394329728077,0.010169466925913709,0.055679952954111156,1.0902316570281982,1.05352743268013,0.03670422434806819,13.0,12.680000000000001,trapezoid_from_zero_normalized_by_max_fraction
ton_iot_binary,42,rid_1c007e515f8c424983946ad431efb604,mlp,occlusion,correlation_group_median,group_wise,insertion,0,BENIGN,True,0,BENIGN,0.9994844333268702,0.1873084590770304,50,0.6408134233060991,0.6117272923588171,0.10111347038805253,0.029086130947282074,0.5396999529180466,0.006539221743541662,0.005186382218060095,0.018920821799884288,0.6427498459815979,0.5415969482064248,0.10115289777517311,14.4,12.684000000000001,trapezoid_from_zero_normalized_by_max_fraction
ton_iot_binary,42,rid_24b36743723526135cc69620cd117e23,mlp,occlusion,correlation_group_median,group_wise,insertion,1,ATTACK,True,1,ATTACK,0.9996989965438844,0.8118749707937242,50,0.2831274837255478,0.27238273692131043,0.20259371364116668,0.010744746804237376,0.0805337700843811,0.002111573383703833,0.0012983362310421097,0.00820000779139484,0.9576399922370911,0.8546097202301025,0.10303027200698855,13.0,11.316,trapezoid_from_zero_normalized_by_max_fraction
ton_iot_binary,42,rid_f1d5bbcbb32162a53afde2d268aadebb,mlp,occlusion,correlation_group_median,group_wise,insertion,1,ATTACK,True,1,ATTACK,0.9983906149864196,0.8105665892362593,50,0.2544473737478256,0.007692264077195428,0.11093369034957143,0.2467551096706302,0.1435136833982542,0.034980987366613106,0.018194008278390808,0.21109485344498422,0.7163775563240051,0.5888522917330264,0.12752526459097868,14.0,12.815999999999999,trapezoid_from_zero_normalized_by_max_fraction
ton_iot_binary,42,rid_e4cc9122aaeae4b1c64e125cbf1f4bae,mlp,occlusion,correlation_group_median,group_wise,insertion,1,ATTACK,True,1,ATTACK,0.9995288848876952,0.811704859137535,50,0.25554013550281524,0.10850790042057634,0.07139927010629071,0.1470322350822389,0.18414086539652452,0.02482208034084235,0.012879772122275451,0.12178788172257901,0.9120298624038696,0.795323278427124,0.1167065839767456,14.6,13.812000000000001,trapezoid_from_zero_normalized_by_max_fraction
ton_iot_binary,42,rid_f836c721abe82ef8626b8d0828bf81a3,mlp,occlusion,correlation_group_median,group_wise,insertion,1,ATTACK,True,1,ATTACK,0.9982398748397828,0.8104158490896226,50,0.28144153356552126,0.2363742440789938,0.07124323522025952,0.04506728948652744,0.21019829834526174,0.009143613546137418,0.0064709714541402565,0.03238418543641254,0.37227314710617065,0.5144374263882636,-0.14216427928209296,14.4,12.459999999999999,trapezoid_from_zero_normalized_by_max_fraction
ton_iot_binary,42,rid_ea42348fe63f562614533c2a240887de,mlp,occlusion,correlation_group_median,group_wise,insertion,1,ATTACK,True,1,ATTACK,0.999978482723236,0.8121544569730758,50,0.22215639650821686,0.15671746195852754,0.05862156918505206,0.0654389345496893,0.16353482732316477,0.008653142940171802,0.0064439605393161485,0.05280877189262965,1.422796607017517,1.3205395522117613,0.10225705480575575,13.6,13.687999999999999,trapezoid_from_zero_normalized_by_max_fraction
ton_iot_binary,42,rid_1bf21900e95747c105a7fd442abb6ec2,mlp,occlusion,correlation_group_median,group_wise,insertion,1,ATTACK,True,1,ATTACK,0.9999991059303284,0.8121750801801682,50,0.1753147706389427,0.10690034196893931,0.000625025689094335,0.06841442867000341,0.17468974494984835,0.02344002976612909,0.012252107552775594,0.04440029786656325,1.2727171182632446,1.280977590560913,-0.008260472297668464,14.6,14.975999999999999,trapezoid_from_zero_normalized_by_max_fraction
ton_iot_binary,42,rid_71adf7ccd4004e056d4214e84ac0076d,mlp,occlusion,correlation_group_median,group_wise,insertion,1,ATTACK,True,1,ATTACK,0.999999463558197,0.8121754378080368,50,0.20870764553546906,0.19875382386147974,0.10261334941431415,0.009953821673989295,0.1060942961211549,0.0054190828532061424,0.0040096295736795655,0.0020949477095773463,1.5656027793884277,1.5934117255210876,-0.02780894613265983,14.0,13.751999999999999,trapezoid_from_zero_normalized_by_max_fraction
ton_iot_binary,42,rid_14018286121dd46713a133f9bdfc93a8,mlp,occlusion,correlation_group_median,group_wise,insertion,0,BENIGN,True,0,BENIGN,0.9999993221695148,0.1878233479196751,50,0.6653746244059959,0.475330260275571,0.2235614599774379,0.19004436413042494,0.441813164428558,0.024421160472927837,0.014446793092256943,0.16172864966960132,0.47712984681129456,0.5610298209190369,-0.0838999741077423,15.2,13.203999999999999,trapezoid_from_zero_normalized_by_max_fraction
ton_iot_binary,42,rid_8fdb1c9fcd903c2872e97a5c6111941b,mlp,occlusion,correlation_group_joint_donor,group_wise_dependency_preserving,deletion,0,BENIGN,True,0,BENIGN,0.9999999282200988,0.187823953970259,50,0.4961025477979472,0.3306504212336918,0.339680721811619,0.16545212656425534,0.15642182598632826,0.05688171244801968,0.02748784650401054,0.11157594741639468,0.5148715972900391,0.8098605391979218,-0.2949889419078827,13.2,13.3,trapezoid_from_zero_normalized_by_max_fraction
ton_iot_binary,42,rid_474d36f88a6911413398421460dc623d,mlp,occlusion,correlation_group_joint_donor,group_wise_dependency_preserving,deletion,1,ATTACK,True,1,ATTACK,0.9998021125793456,0.8119780868291854,50,0.5519749370549107,0.47158676898103413,0.501212502995092,0.0803881680738766,0.05076243405981874,0.059281704526449014,0.028736228850480654,0.024065159526934513,1.0161982774734497,1.349118922829628,-0.3329206453561784,13.6,11.48,trapezoid_from_zero_normalized_by_max_fraction
ton_iot_binary,42,rid_96cb1ffdfa676fe22cc2e8c7693863c1,mlp,occlusion,correlation_group_joint_donor,group_wise_dependency_preserving,deletion,0,BENIGN,True,0,BENIGN,0.999999991754982,0.1878240175051422,50,0.21485698284184726,0.38391605650414484,0.3635812317516204,-0.16905907366229758,-0.1487242489097731,0.058314569212356754,0.02778370542154308,-0.22351513628852201,0.11104204505681992,0.12468883665651083,-0.013646791599690913,12.8,13.136000000000001,trapezoid_from_zero_normalized_by_max_fraction
ton_iot_binary,42,rid_b68c2581b0a71176c81c3e0638a60ef1,mlp,occlusion,correlation_group_joint_donor,group_wise_dependency_preserving,deletion,0,BENIGN,True,0,BENIGN,0.9995845762314276,0.1874086019815876,50,0.84160684516537,0.38416865991532057,0.38507241807223946,0.45743818525004953,0.4565344270931306,0.05645951627705038,0.026825131916247233,0.404860926694205,0.6570141911506653,0.7984007246494292,-0.14138653349876396,14.6,12.992,trapezoid_from_zero_normalized_by_max_fraction
ton_iot_binary,42,rid_06c5b18595653bc93680b98572b085db,mlp,occlusion,correlation_group_joint_donor,group_wise_dependency_preserving,deletion,0,BENIGN,True,0,BENIGN,0.9999470911352546,0.1877711168854147,50,0.38205132618477367,0.31590590186289136,0.15629972987834992,0.06614542432188232,0.22575159630642375,0.05228874916758865,0.025357991222809465,0.016443761525175772,1.3419198989868164,1.354368819117546,-0.012448920130729624,13.4,13.088,trapezoid_from_zero_normalized_by_max_fraction
ton_iot_binary,42,rid_c8f5ddfce5c296fae3fcfd14c8281db5,mlp,occlusion,correlation_group_joint_donor,group_wise_dependency_preserving,deletion,0,BENIGN,True,0,BENIGN,0.9999988437642742,0.1878228695144343,50,0.3268211212404992,0.3466433814575661,0.1877446384108888,-0.019822260217066907,0.13907648282961044,0.04969094401064458,0.025314373533934887,-0.06943843234357928,1.9937961101531982,1.814389585018158,0.1794065251350403,15.4,16.407999999999998,trapezoid_from_zero_normalized_by_max_fraction
ton_iot_binary,42,rid_b5f19856921bec80ab4d0ae802f70a22,mlp,occlusion,correlation_group_joint_donor,group_wise_dependency_preserving,deletion,0,BENIGN,True,0,BENIGN,0.9994899458251894,0.1873139715753496,50,0.6947814060586921,0.2644542515406915,0.2547694092216337,0.43032715451800063,0.4400119968370584,0.050155032478560915,0.024130327263536422,0.3830317130814692,1.4694043397903442,1.453927612543106,0.015476727247238253,13.0,12.168000000000001,trapezoid_from_zero_normalized_by_max_fraction
ton_iot_binary,42,rid_1c007e515f8c424983946ad431efb604,mlp,occlusion,correlation_group_joint_donor,group_wise_dependency_preserving,deletion,0,BENIGN,True,0,BENIGN,0.9994844333268702,0.1873084590770304,50,0.24918927052494838,0.428583377367322,0.499940582328045,-0.1793941068423736,-0.2507513118030966,0.05516762194860614,0.02672375847593162,-0.23177267345519958,0.5780402421951294,0.8795380778908729,-0.3014978356957435,14.4,13.584,trapezoid_from_zero_normalized_by_max_fraction
ton_iot_binary,42,rid_24b36743723526135cc69620cd117e23,mlp,occlusion,correlation_group_joint_donor,group_wise_dependency_preserving,deletion,1,ATTACK,True,1,ATTACK,0.9996989965438844,0.8118749707937242,50,0.4515711462057879,0.5048022422719711,0.4178174451120167,-0.05323109606618323,0.03375370109377127,0.058171289124432576,0.027494468710235413,-0.10712025473824463,1.2368810176849365,1.3689697425365448,-0.13208872485160827,13.0,11.648,trapezoid_from_zero_normalized_by_max_fraction
ton_iot_binary,42,rid_f1d5bbcbb32162a53afde2d268aadebb,mlp,occlusion,correlation_group_joint_donor,group_wise_dependency_preserving,deletion,1,ATTACK,True,1,ATTACK,0.9983906149864196,0.8105665892362593,50,0.06288240253925322,0.36604264051992264,0.3351186730958798,-0.30316023798066943,-0.2722362705566266,0.05404647047745507,0.026149463526755058,-0.3544131864931093,1.036810040473938,0.8958973784595727,0.14091266201436525,14.0,12.772,trapezoid_from_zero_normalized_by_max_fraction
ton_iot_binary,42,rid_e4cc9122aaeae4b1c64e125cbf1f4bae,mlp,occlusion,correlation_group_joint_donor,group_wise_dependency_preserving,deletion,1,ATTACK,True,1,ATTACK,0.9995288848876952,0.811704859137535,50,0.501370844224263,0.3782777599699536,0.35442646831636704,0.12309308425430954,0.14694437590789608,0.05990627700273417,0.029209547828351175,0.06584237051074124,0.9533693194389343,0.8765195170640945,0.07684980237483985,14.6,14.163999999999998,trapezoid_from_zero_normalized_by_max_fraction
ton_iot_binary,42,rid_f836c721abe82ef8626b8d0828bf81a3,mlp,occlusion,correlation_group_joint_donor,group_wise_dependency_preserving,deletion,1,ATTACK,True,1,ATTACK,0.9982398748397828,0.8104158490896226,50,0.6305598075119752,0.4743143208577785,0.3527248274188478,0.15624548665419669,0.27783498009312735,0.0581818973279655,0.027818585518432026,0.10172105903806991,0.7879043221473694,0.8756087069511412,-0.08770438480377185,14.4,12.456,trapezoid_from_zero_normalized_by_max_fraction
ton_iot_binary,42,rid_ea42348fe63f562614533c2a240887de,mlp,occlusion,correlation_group_joint_donor,group_wise_dependency_preserving,deletion,1,ATTACK,True,1,ATTACK,0.999978482723236,0.8121544569730758,50,0.6602597217178409,0.419879027667333,0.4134831392673307,0.24038069405050785,0.24677658245051007,0.05561436501883886,0.026834958702318674,0.18778417499396324,1.4476388692855835,1.5950721209049226,-0.14743325161933907,13.6,12.496,trapezoid_from_zero_normalized_by_max_fraction
ton_iot_binary,42,rid_1bf21900e95747c105a7fd442abb6ec2,mlp,occlusion,correlation_group_joint_donor,group_wise_dependency_preserving,deletion,1,ATTACK,True,1,ATTACK,0.9999991059303284,0.8121750801801682,50,0.27066651284694676,0.3503354698748755,0.36003995997196303,-0.07966895702792877,-0.08937344712501631,0.04952355181394781,0.024928107060707028,-0.12852804686691455,1.2017656564712524,1.085193631350994,0.11657202512025844,14.6,14.008000000000001,trapezoid_from_zero_normalized_by_max_fraction
ton_iot_binary,42,rid_71adf7ccd4004e056d4214e84ac0076d,mlp,occlusion,correlation_group_joint_donor,group_wise_dependency_preserving,deletion,1,ATTACK,True,1,ATTACK,0.999999463558197,0.8121754378080368,50,0.3085399910807609,0.3139390852771629,0.3411484032933378,-0.005399094196401957,-0.032608412212576834,0.04658877145811144,0.022916880036303114,-0.05031617906755606,1.24393630027771,1.6931588788032532,-0.44922257852554326,14.0,11.687999999999999,trapezoid_from_zero_normalized_by_max_fraction
ton_iot_binary,42,rid_14018286121dd46713a133f9bdfc93a8,mlp,occlusion,correlation_group_joint_donor,group_wise_dependency_preserving,deletion,0,BENIGN,True,0,BENIGN,0.9999993221695148,0.1878233479196751,50,0.6253781006729547,0.3968356160870385,0.3462333812360203,0.22854248458591622,0.2791447194369344,0.05951723904511037,0.02829663531105299,0.17308107937625236,0.9347389340400696,0.9889555237293244,-0.0542165896892548,15.2,14.172,trapezoid_from_zero_normalized_by_max_fraction
ton_iot_binary,42,rid_8fdb1c9fcd903c2872e97a5c6111941b,mlp,occlusion,correlation_group_joint_donor,group_wise_dependency_preserving,insertion,0,BENIGN,True,0,BENIGN,0.9999999282200988,0.187823953970259,50,0.7489785196742972,0.6738674915196514,0.5684692109630671,0.07511102815464579,0.18050930871123,0.05039887351295611,0.02420600604961633,0.027667256297397788,0.5148715972900391,0.8098605391979218,-0.2949889419078827,13.2,13.3,trapezoid_from_zero_normalized_by_max_fraction
ton_iot_binary,42,rid_474d36f88a6911413398421460dc623d,mlp,occlusion,correlation_group_joint_donor,group_wise_dependency_preserving,insertion,1,ATTACK,True,1,ATTACK,0.9998021125793456,0.8119780868291854,50,-0.514919387549162,-0.5115253813312433,-0.4917019197308928,-0.003394006217918688,-0.023217467818269166,0.0617982262237044,0.029142986218367712,-0.0605142592059194,1.0161982774734497,1.349118922829628,-0.3329206453561784,13.6,11.48,trapezoid_from_zero_normalized_by_max_fraction
ton_iot_binary,42,rid_96cb1ffdfa676fe22cc2e8c7693863c1,mlp,occlusion,correlation_group_joint_donor,group_wise_dependency_preserving,insertion,0,BENIGN,True,0,BENIGN,0.999999991754982,0.1878240175051422,50,0.6505104900250347,0.712254736552326,0.6558788878824398,-0.06174424652729121,-0.005368397857405061,0.04904134336947225,0.02335633165564083,-0.10752265657234725,0.11104204505681992,0.12468883665651083,-0.013646791599690913,12.8,13.136000000000001,trapezoid_from_zero_normalized_by_max_fraction
ton_iot_binary,42,rid_b68c2581b0a71176c81c3e0638a60ef1,mlp,occlusion,correlation_group_joint_donor,group_wise_dependency_preserving,insertion,0,BENIGN,True,0,BENIGN,0.9995845762314276,0.1874086019815876,50,0.7418887627020012,0.6566830420589476,0.5211356133413994,0.08520572064305362,0.2207531493606018,0.04573561422349548,0.02109089330732008,0.04386756976070627,0.6570141911506653,0.7984007246494292,-0.14138653349876396,14.6,12.992,trapezoid_from_zero_normalized_by_max_fraction
ton_iot_binary,42,rid_06c5b18595653bc93680b98572b085db,mlp,occlusion,correlation_group_joint_donor,group_wise_dependency_preserving,insertion,0,BENIGN,True,0,BENIGN,0.9999470911352546,0.1877711168854147,50,-0.00027757843163271905,-0.049700603517348015,-0.2824299600203036,0.0494230250857153,0.2821523815886709,0.01238999785916036,0.008582727270899548,0.03260087963475218,1.3419198989868164,1.354368819117546,-0.012448920130729624,13.4,13.088,trapezoid_from_zero_normalized_by_max_fraction
ton_iot_binary,42,rid_c8f5ddfce5c296fae3fcfd14c8281db5,mlp,occlusion,correlation_group_joint_donor,group_wise_dependency_preserving,insertion,0,BENIGN,True,0,BENIGN,0.9999988437642742,0.1878228695144343,50,0.9350107337913696,0.9169956091538334,0.783353844281204,0.018015124637536045,0.1516568895101654,0.011382773589009909,0.00719969655101315,0.0039037193975502704,1.9937961101531982,1.814389585018158,0.1794065251350403,15.4,16.407999999999998,trapezoid_from_zero_normalized_by_max_fraction
ton_iot_binary,42,rid_b5f19856921bec80ab4d0ae802f70a22,mlp,occlusion,correlation_group_joint_donor,group_wise_dependency_preserving,insertion,0,BENIGN,True,0,BENIGN,0.9994899458251894,0.1873139715753496,50,0.010871671575205254,-0.1851179687775401,-0.2839218105874483,0.19598964035274535,0.2947934821626535,0.039631512047812095,0.02081566791771135,0.1551909312340311,1.4694043397903442,1.453927612543106,0.015476727247238253,13.0,12.168000000000001,trapezoid_from_zero_normalized_by_max_fraction
ton_iot_binary,42,rid_1c007e515f8c424983946ad431efb604,mlp,occlusion,correlation_group_joint_donor,group_wise_dependency_preserving,insertion,0,BENIGN,True,0,BENIGN,0.9994844333268702,0.1873084590770304,50,0.5789512044681941,0.6476789786928493,0.47459615411235667,-0.06872777422465515,0.10435505035583746,0.04593568945335992,0.021343794184563294,-0.1105616108263992,0.5780402421951294,0.8795380778908729,-0.3014978356957435,14.4,13.584,trapezoid_from_zero_normalized_by_max_fraction
ton_iot_binary,42,rid_24b36743723526135cc69620cd117e23,mlp,occlusion,correlation_group_joint_donor,group_wise_dependency_preserving,insertion,1,ATTACK,True,1,ATTACK,0.9996989965438844,0.8118749707937242,50,-0.1850790344178677,-0.3974216640260805,-0.4454477839856329,0.21234262960821282,0.2603687495677652,0.05435459397414637,0.025777752715646668,0.16181823428554534,1.2368810176849365,1.3689697425365448,-0.13208872485160827,13.0,11.648,trapezoid_from_zero_normalized_by_max_fraction
ton_iot_binary,42,rid_f1d5bbcbb32162a53afde2d268aadebb,mlp,occlusion,correlation_group_joint_donor,group_wise_dependency_preserving,insertion,1,ATTACK,True,1,ATTACK,0.9983906149864196,0.8105665892362593,50,0.6490458644465614,0.5751351579865209,0.6130079988090218,0.0739107064600405,0.03603786563753969,0.056553194627694856,0.02648124839517877,0.02200745960549011,1.036810040473938,0.8958973784595727,0.14091266201436525,14.0,12.772,trapezoid_from_zero_normalized_by_max_fraction
ton_iot_binary,42,rid_e4cc9122aaeae4b1c64e125cbf1f4bae,mlp,occlusion,correlation_group_joint_donor,group_wise_dependency_preserving,insertion,1,ATTACK,True,1,ATTACK,0.9995288848876952,0.811704859137535,50,-0.21574501260183757,-0.3404762067818517,-0.3976953428975635,0.12473119418001416,0.18195033029572602,0.05696527806093336,0.0267523086853225,0.07229666915678207,0.9533693194389343,0.8765195170640945,0.07684980237483985,14.6,14.163999999999998,trapezoid_from_zero_normalized_by_max_fraction
ton_iot_binary,42,rid_f836c721abe82ef8626b8d0828bf81a3,mlp,occlusion,correlation_group_joint_donor,group_wise_dependency_preserving,insertion,1,ATTACK,True,1,ATTACK,0.9982398748397828,0.8104158490896226,50,0.38796132645657055,0.6941847068139446,0.5579746112369479,-0.30622338035737406,-0.17001328478037742,0.05422778075686413,0.025434314263481892,-0.35607463631379854,0.7879043221473694,0.8756087069511412,-0.08770438480377185,14.4,12.456,trapezoid_from_zero_normalized_by_max_fraction
ton_iot_binary,42,rid_ea42348fe63f562614533c2a240887de,mlp,occlusion,correlation_group_joint_donor,group_wise_dependency_preserving,insertion,1,ATTACK,True,1,ATTACK,0.999978482723236,0.8121544569730758,50,-0.08803773674805235,-0.010971807363171146,0.015275085777324213,-0.07706592938488116,-0.10331282252537653,0.05116135166961874,0.024842552711598284,-0.1257573326996138,1.4476388692855835,1.5950721209049226,-0.14743325161933907,13.6,12.496,trapezoid_from_zero_normalized_by_max_fraction
ton_iot_binary,42,rid_1bf21900e95747c105a7fd442abb6ec2,mlp,occlusion,correlation_group_joint_donor,group_wise_dependency_preserving,insertion,1,ATTACK,True,1,ATTACK,0.9999991059303284,0.8121750801801682,50,-0.33484052437443157,-0.4130182049828339,-0.34499729562153086,0.07817768060840236,0.010156771247099294,0.056258909527949263,0.02646178105255002,0.02631258974540432,1.2017656564712524,1.085193631350994,0.11657202512025844,14.6,14.008000000000001,trapezoid_from_zero_normalized_by_max_fraction
ton_iot_binary,42,rid_71adf7ccd4004e056d4214e84ac0076d,mlp,occlusion,correlation_group_joint_donor,group_wise_dependency_preserving,insertion,1,ATTACK,True,1,ATTACK,0.999999463558197,0.8121754378080368,50,0.6011986490161689,0.5080771110362556,0.6132637282892284,0.09312153797991331,-0.012065079273059498,0.05212200966323928,0.024603745981625187,0.04489819585592794,1.24393630027771,1.6931588788032532,-0.44922257852554326,14.0,11.687999999999999,trapezoid_from_zero_normalized_by_max_fraction
ton_iot_binary,42,rid_14018286121dd46713a133f9bdfc93a8,mlp,occlusion,correlation_group_joint_donor,group_wise_dependency_preserving,insertion,0,BENIGN,True,0,BENIGN,0.9999993221695148,0.1878233479196751,50,0.32785515080512934,0.16437249632461887,0.016606695528734637,0.16348265448051041,0.31124845527639466,0.035802583461062104,0.0174514788955682,0.12927775584519674,0.9347389340400696,0.9889555237293244,-0.0542165896892548,15.2,14.172,trapezoid_from_zero_normalized_by_max_fraction
