task_id,seed,flow_id,model,method,operator,operator_family,functional_check,true_class_id,true_class,class_specific_inference_eligible,target_class_id,target_class,confidence,model_margin,random_feature_repetitions,attribution_effect_aopc,random_effect_mean_aopc,uniform_random_effect_mean_aopc,attribution_minus_random_aopc,attribution_minus_uniform_random_aopc,random_effect_standard_error_aopc,random_aopc_monte_carlo_standard_error,attribution_minus_random_aopc_mc_lower95,attribution_displacement_mean,matched_random_displacement_mean,attribution_minus_matched_displacement,coordinates_changed_mean,matched_random_coordinates_mean,aopc_definition
ton_iot_binary,42,rid_8fdb1c9fcd903c2872e97a5c6111941b,cnn,occlusion,training_median,baseline_marginal_constant,deletion,0,BENIGN,True,0,BENIGN,0.999997723710976,0.2641484922294239,50,0.18022180428569073,0.1534925148485172,0.01782893235070833,0.026729289437173526,0.1623928719349824,0.001474721032513135,0.0012814160586616928,0.02421771396219661,0.37598535418510437,0.21808452280797064,0.15790083137713373,9.2,9.2,trapezoid_from_zero_normalized_by_max_fraction
ton_iot_binary,42,rid_474d36f88a6911413398421460dc623d,cnn,occlusion,training_median,baseline_marginal_constant,deletion,1,ATTACK,True,1,ATTACK,0.9994267225265504,0.7352759540081025,50,0.7197401642799377,0.647238272446768,0.24012464397685834,0.0725018918331698,0.4796155203030794,0.014390793015094275,0.01059292872644329,0.05173975152934095,1.2246100902557373,0.9812221998497843,0.243387890405953,9.2,9.2,trapezoid_from_zero_normalized_by_max_fraction
ton_iot_binary,42,rid_96cb1ffdfa676fe22cc2e8c7693863c1,cnn,occlusion,training_median,baseline_marginal_constant,deletion,0,BENIGN,True,0,BENIGN,0.9999977755987856,0.2641485441172335,50,0.22164694535454146,0.15306337653760357,0.017337078417782693,0.06858356881693788,0.2043098669367588,0.0017418932618681795,0.0015678271149278968,0.0655106276716792,0.4951777458190918,0.3023684079255909,0.1928093378935009,9.2,9.2,trapezoid_from_zero_normalized_by_max_fraction
ton_iot_binary,42,rid_b68c2581b0a71176c81c3e0638a60ef1,cnn,occlusion,training_median,baseline_marginal_constant,deletion,0,BENIGN,True,0,BENIGN,0.9996025209547952,0.263753289473243,50,0.2740491707183537,0.17555023406742837,0.04359511524319896,0.09849893665092532,0.23045405547515477,0.006384759295078242,0.0054343295519214884,0.0878476507291592,0.6311022639274597,0.4123356735743582,0.21876659035310153,9.2,9.2,trapezoid_from_zero_normalized_by_max_fraction
ton_iot_binary,42,rid_06c5b18595653bc93680b98572b085db,cnn,occlusion,training_median,baseline_marginal_constant,deletion,0,BENIGN,True,0,BENIGN,0.9998280736035668,0.2639788421220146,50,0.3510319144144887,0.14154949887169013,0.07005373474308982,0.2094824155427986,0.28097817967139893,0.027540994896777152,0.017735878345143025,0.17472009398631827,2.566455841064453,1.6205143361091612,0.945941504955292,9.2,9.2,trapezoid_from_zero_normalized_by_max_fraction
ton_iot_binary,42,rid_c8f5ddfce5c296fae3fcfd14c8281db5,cnn,occlusion,training_median,baseline_marginal_constant,deletion,0,BENIGN,True,0,BENIGN,0.9999999976641308,0.2641507661825786,50,0.029634660344246246,0.215187590781515,0.03589396201713456,-0.18555293043726878,-0.006259301672888313,0.03600345859258582,0.01954789302845859,-0.2238668007730476,1.7869627475738525,1.9242791464328763,-0.1373163988590238,9.2,9.2,trapezoid_from_zero_normalized_by_max_fraction
ton_iot_binary,42,rid_b5f19856921bec80ab4d0ae802f70a22,cnn,occlusion,training_median,baseline_marginal_constant,deletion,0,BENIGN,True,0,BENIGN,0.9989248603815212,0.2630756288999691,50,0.49347229392151354,0.15548497348474644,0.1716463026178774,0.33798732043676705,0.32182599130363615,0.02707759760222974,0.01530091782693611,0.30799752149597226,2.0402956008911133,0.8936104005277157,1.1466852003633976,9.2,9.2,trapezoid_from_zero_normalized_by_max_fraction
ton_iot_binary,42,rid_1c007e515f8c424983946ad431efb604,cnn,occlusion,training_median,baseline_marginal_constant,deletion,0,BENIGN,True,0,BENIGN,0.9988169603748248,0.2629677288932727,50,0.331145808310248,0.1830334478173172,0.07602027149661444,0.14811236049293075,0.25512553681363354,0.0071404300073717245,0.005616442772824635,0.13710413265819446,0.6129403710365295,0.48793269800860434,0.1250076730279252,9.2,9.2,trapezoid_from_zero_normalized_by_max_fraction
ton_iot_binary,42,rid_24b36743723526135cc69620cd117e23,cnn,occlusion,training_median,baseline_marginal_constant,deletion,1,ATTACK,True,1,ATTACK,0.9972432255744934,0.7330924570560455,50,0.8046565217198804,0.6503612512952532,0.17245291405380703,0.1542952704246272,0.6322036076660734,0.029660510386040045,0.014784651643213121,0.1253173532039295,1.195646047592163,1.0162008813619614,0.17944516623020168,9.2,9.2,trapezoid_from_zero_normalized_by_max_fraction
ton_iot_binary,42,rid_f1d5bbcbb32162a53afde2d268aadebb,cnn,occlusion,training_median,baseline_marginal_constant,deletion,1,ATTACK,True,1,ATTACK,0.9984922409057616,0.7343414723873137,50,0.47639607042074206,0.3912626101144706,0.2187276186593808,0.08513346030627146,0.2576684517613612,0.029506529473151577,0.015830331914321476,0.054106009754201365,1.0769983530044556,1.0943721377849578,-0.01737378478050222,9.2,9.2,trapezoid_from_zero_normalized_by_max_fraction
ton_iot_binary,42,rid_e4cc9122aaeae4b1c64e125cbf1f4bae,cnn,occlusion,training_median,baseline_marginal_constant,deletion,1,ATTACK,True,1,ATTACK,0.9995049238204956,0.7353541553020477,50,0.5420978734269738,0.3267308347969665,0.20147973186080342,0.2153670386300073,0.3406181415661704,0.027420632660598576,0.01390065734896934,0.1881217502260274,1.3501231670379639,1.4855055673122408,-0.13538240027427695,9.2,9.2,trapezoid_from_zero_normalized_by_max_fraction
ton_iot_binary,42,rid_f836c721abe82ef8626b8d0828bf81a3,cnn,occlusion,training_median,baseline_marginal_constant,deletion,1,ATTACK,True,1,ATTACK,0.9901453852653505,0.7259946167469026,50,0.6916056241840125,0.5923345672842697,0.16032911753701046,0.0992710568997427,0.531276506647002,0.011030397059513388,0.00838683867728655,0.08283285309226106,0.7157469391822815,0.5093420314192771,0.20640490776300435,9.2,9.2,trapezoid_from_zero_normalized_by_max_fraction
ton_iot_binary,42,rid_ea42348fe63f562614533c2a240887de,cnn,occlusion,training_median,baseline_marginal_constant,deletion,1,ATTACK,True,1,ATTACK,0.9999868869781494,0.7358361184597015,50,0.6297989301383495,0.29505111219489477,0.2126245264206082,0.3347478179434547,0.4171744037177414,0.024438508459634824,0.012702106089570966,0.3098516900078956,1.714332938194275,1.4069035348892212,0.30742940330505375,9.2,9.2,trapezoid_from_zero_normalized_by_max_fraction
ton_iot_binary,42,rid_1bf21900e95747c105a7fd442abb6ec2,cnn,occlusion,training_median,baseline_marginal_constant,deletion,1,ATTACK,True,1,ATTACK,0.999991238117218,0.7358404695987701,50,0.7896185034216615,0.6024442032161244,0.25242302748656165,0.18717430020553713,0.5371954759350999,0.035939585389463416,0.01640169755303139,0.1550269730015956,1.9843380451202393,1.9261168079376219,0.0582212371826174,9.2,9.2,trapezoid_from_zero_normalized_by_max_fraction
ton_iot_binary,42,rid_71adf7ccd4004e056d4214e84ac0076d,cnn,occlusion,training_median,baseline_marginal_constant,deletion,1,ATTACK,True,1,ATTACK,0.999998152256012,0.7358473837375641,50,0.7743627849558834,0.30640488178178205,0.22122478054789824,0.46795790317410135,0.5531380044079851,0.025098897345854534,0.01243595596582114,0.4435834294810919,1.7552969455718994,1.4674527204036714,0.28784422516822805,9.2,9.2,trapezoid_from_zero_normalized_by_max_fraction
ton_iot_binary,42,rid_14018286121dd46713a133f9bdfc93a8,cnn,occlusion,training_median,baseline_marginal_constant,deletion,0,BENIGN,True,0,BENIGN,0.9999997247665816,0.2641504932850296,50,0.4238397695563436,0.19410973014417748,0.166932016992531,0.22973003941216605,0.2569077525638125,0.02918475781991625,0.015119294476312032,0.20009622223859447,0.6661027073860168,0.5744926359653473,0.09161007142066957,9.2,9.2,trapezoid_from_zero_normalized_by_max_fraction
ton_iot_binary,42,rid_8fdb1c9fcd903c2872e97a5c6111941b,cnn,occlusion,training_median,baseline_marginal_constant,insertion,0,BENIGN,True,0,BENIGN,0.999997723710976,0.2641484922294239,50,0.2012445081716237,0.18274983974789538,0.09139536123963943,0.018494668423728294,0.10984914693198425,0.004275521145602148,0.0030301592187976325,0.012555556354884935,0.37598535418510437,0.21808452280797064,0.15790083137713373,9.2,9.2,trapezoid_from_zero_normalized_by_max_fraction
ton_iot_binary,42,rid_474d36f88a6911413398421460dc623d,cnn,occlusion,training_median,baseline_marginal_constant,insertion,1,ATTACK,True,1,ATTACK,0.9994267225265504,0.7352759540081025,50,0.7483505055308342,0.6313592670189683,0.24508077676210085,0.11699123851186596,0.5032697287687333,0.015132914032741897,0.01107857786361257,0.09527722589918533,1.2246100902557373,0.9812221998497843,0.243387890405953,9.2,9.2,trapezoid_from_zero_normalized_by_max_fraction
ton_iot_binary,42,rid_96cb1ffdfa676fe22cc2e8c7693863c1,cnn,occlusion,training_median,baseline_marginal_constant,insertion,0,BENIGN,True,0,BENIGN,0.9999977755987856,0.2641485441172335,50,0.2012450726904774,0.18785270450859312,0.09651282470741193,0.01339236818188428,0.10473224798306546,0.0031839674784116803,0.0024275255960756244,0.008634418013576057,0.4951777458190918,0.3023684079255909,0.1928093378935009,9.2,9.2,trapezoid_from_zero_normalized_by_max_fraction
ton_iot_binary,42,rid_b68c2581b0a71176c81c3e0638a60ef1,cnn,occlusion,training_median,baseline_marginal_constant,insertion,0,BENIGN,True,0,BENIGN,0.9996025209547952,0.263753289473243,50,0.20082076956168748,0.17158246012304879,0.03788223860232757,0.029238309438638678,0.16293853095935992,0.007331234183317195,0.005205830211399272,0.019034882224296105,0.6311022639274597,0.4123356735743582,0.21876659035310153,9.2,9.2,trapezoid_from_zero_normalized_by_max_fraction
ton_iot_binary,42,rid_06c5b18595653bc93680b98572b085db,cnn,occlusion,training_median,baseline_marginal_constant,insertion,0,BENIGN,True,0,BENIGN,0.9998280736035668,0.2639788421220146,50,0.20109342510280775,0.07747652745327314,-0.05212936985672056,0.12361689764953461,0.2532227949595284,0.026928492406571303,0.013817705617920178,0.09653419463841106,2.566455841064453,1.6205143361091612,0.945941504955292,9.2,9.2,trapezoid_from_zero_normalized_by_max_fraction
ton_iot_binary,42,rid_c8f5ddfce5c296fae3fcfd14c8281db5,cnn,occlusion,training_median,baseline_marginal_constant,insertion,0,BENIGN,True,0,BENIGN,0.9999999976641308,0.2641507661825786,50,0.2012469119739835,0.1531937733549499,-0.04143254017900927,0.04805313861903359,0.24267945215299278,0.012621354207111798,0.007311227132466452,0.033723133439399346,1.7869627475738525,1.9242791464328763,-0.1373163988590238,9.2,9.2,trapezoid_from_zero_normalized_by_max_fraction
ton_iot_binary,42,rid_b5f19856921bec80ab4d0ae802f70a22,cnn,occlusion,training_median,baseline_marginal_constant,insertion,0,BENIGN,True,0,BENIGN,0.9989248603815212,0.2630756288999691,50,0.20052051461043446,0.017294134429098308,-0.0875008303112137,0.18322638018133616,0.28802134492164816,0.03610668944943914,0.018722348296785773,0.14653057751963605,2.0402956008911133,0.8936104005277157,1.1466852003633976,9.2,9.2,trapezoid_from_zero_normalized_by_max_fraction
ton_iot_binary,42,rid_1c007e515f8c424983946ad431efb604,cnn,occlusion,training_median,baseline_marginal_constant,insertion,0,BENIGN,True,0,BENIGN,0.9988169603748248,0.2629677288932727,50,0.20010094880708493,0.15744723184395115,0.0010754486481891947,0.042653716963133775,0.19902550015889575,0.007912057643862191,0.005628589261545956,0.0316216820105037,0.6129403710365295,0.48793269800860434,0.1250076730279252,9.2,9.2,trapezoid_from_zero_normalized_by_max_fraction
ton_iot_binary,42,rid_24b36743723526135cc69620cd117e23,cnn,occlusion,training_median,baseline_marginal_constant,insertion,1,ATTACK,True,1,ATTACK,0.9972432255744934,0.7330924570560455,50,0.746931867301464,0.6669239566549658,0.24908507793862372,0.08000791064649822,0.4978467893628403,0.016163487433153954,0.009474018807831395,0.06143883378314868,1.195646047592163,1.0162008813619614,0.17944516623020168,9.2,9.2,trapezoid_from_zero_normalized_by_max_fraction
ton_iot_binary,42,rid_f1d5bbcbb32162a53afde2d268aadebb,cnn,occlusion,training_median,baseline_marginal_constant,insertion,1,ATTACK,True,1,ATTACK,0.9984922409057616,0.7343414723873137,50,0.6063642097171396,0.5126197568952724,0.30681279613797596,0.09374445282186727,0.2995514135791637,0.03317901949103371,0.017014117151556447,0.06039678320481664,1.0769983530044556,1.0943721377849578,-0.01737378478050222,9.2,9.2,trapezoid_from_zero_normalized_by_max_fraction
ton_iot_binary,42,rid_e4cc9122aaeae4b1c64e125cbf1f4bae,cnn,occlusion,training_median,baseline_marginal_constant,insertion,1,ATTACK,True,1,ATTACK,0.9995049238204956,0.7353541553020477,50,0.6358820842180224,0.5319706555561198,0.32894280398495906,0.1039114286619026,0.30693928023306327,0.0253696162070225,0.014399850842973494,0.07568772100967455,1.3501231670379639,1.4855055673122408,-0.13538240027427695,9.2,9.2,trapezoid_from_zero_normalized_by_max_fraction
ton_iot_binary,42,rid_f836c721abe82ef8626b8d0828bf81a3,cnn,occlusion,training_median,baseline_marginal_constant,insertion,1,ATTACK,True,1,ATTACK,0.9901453852653505,0.7259946167469026,50,0.7409514769911767,0.6531655526337999,0.32433779908475113,0.08778592435737667,0.4166136779064254,0.013981807618305135,0.010100851403844122,0.0679882556058422,0.7157469391822815,0.5093420314192771,0.20640490776300435,9.2,9.2,trapezoid_from_zero_normalized_by_max_fraction
ton_iot_binary,42,rid_ea42348fe63f562614533c2a240887de,cnn,occlusion,training_median,baseline_marginal_constant,insertion,1,ATTACK,True,1,ATTACK,0.9999868869781494,0.7358361184597015,50,0.7414422169327736,0.4197478749856155,0.33508131516846107,0.3216943419471581,0.40636090176431255,0.037220838118706176,0.019809983048946312,0.2828667751712234,1.714332938194275,1.4069035348892212,0.30742940330505375,9.2,9.2,trapezoid_from_zero_normalized_by_max_fraction
ton_iot_binary,42,rid_1bf21900e95747c105a7fd442abb6ec2,cnn,occlusion,training_median,baseline_marginal_constant,insertion,1,ATTACK,True,1,ATTACK,0.999991238117218,0.7358404695987701,50,0.645617822082204,0.3246009574939635,0.23135956468638613,0.3210168645882404,0.4142582573958178,0.04023137842926564,0.018800393615248132,0.2841680931023541,1.9843380451202393,1.9261168079376219,0.0582212371826174,9.2,9.2,trapezoid_from_zero_normalized_by_max_fraction
ton_iot_binary,42,rid_71adf7ccd4004e056d4214e84ac0076d,cnn,occlusion,training_median,baseline_marginal_constant,insertion,1,ATTACK,True,1,ATTACK,0.999998152256012,0.7358473837375641,50,0.7474266454577446,0.40959612653768995,0.34331616367739753,0.33783051892005456,0.40411048178034703,0.04036960258565342,0.0220016993348417,0.29470718822376485,1.7552969455718994,1.4674527204036714,0.28784422516822805,9.2,9.2,trapezoid_from_zero_normalized_by_max_fraction
ton_iot_binary,42,rid_14018286121dd46713a133f9bdfc93a8,cnn,occlusion,training_median,baseline_marginal_constant,insertion,0,BENIGN,True,0,BENIGN,0.9999997247665816,0.2641504932850296,50,0.20124665114614204,0.08876576703759569,-0.04496846208513193,0.11248088410854634,0.24621511323127393,0.022424434092460727,0.01311312510336987,0.0867791589059414,0.6661027073860168,0.5744926359653473,0.09161007142066957,9.2,9.2,trapezoid_from_zero_normalized_by_max_fraction
ton_iot_binary,42,rid_8fdb1c9fcd903c2872e97a5c6111941b,cnn,occlusion,target_class_median,baseline_marginal_constant,deletion,0,BENIGN,True,0,BENIGN,0.999997723710976,0.2641484922294239,50,1.2330556955930662e-06,3.002985772582178e-07,3.064781021748786e-07,9.327571183348481e-07,9.265775934181875e-07,5.542697262210697e-08,2.744840867782235e-08,8.789582373263163e-07,0.02312317118048668,0.013829130875878035,0.009294040304608644,9.2,9.2,trapezoid_from_zero_normalized_by_max_fraction
ton_iot_binary,42,rid_474d36f88a6911413398421460dc623d,cnn,occlusion,target_class_median,baseline_marginal_constant,deletion,1,ATTACK,True,1,ATTACK,0.9994267225265504,0.7352759540081025,50,0.010723137855529787,0.00923419040441513,0.008119384109973909,0.0014889474511146552,0.0026037537455558778,0.002547001968338988,0.0012742855794336686,-0.0010086522845753352,0.8872073292732239,0.4781244674026966,0.4090828618705273,9.2,9.2,trapezoid_from_zero_normalized_by_max_fraction
ton_iot_binary,42,rid_96cb1ffdfa676fe22cc2e8c7693863c1,cnn,occlusion,target_class_median,baseline_marginal_constant,deletion,0,BENIGN,True,0,BENIGN,0.9999977755987856,0.2641485441172335,50,1.4399944689102996e-06,-7.849977038176803e-08,2.0439876476530114e-07,1.5184942392920677e-06,1.2355957041449982e-06,1.439850292952008e-07,6.995865646681883e-08,1.3813752726171028e-06,0.14249977469444275,0.04718213415145874,0.095317640542984,9.2,9.2,trapezoid_from_zero_normalized_by_max_fraction
ton_iot_binary,42,rid_b68c2581b0a71176c81c3e0638a60ef1,cnn,occlusion,target_class_median,baseline_marginal_constant,deletion,0,BENIGN,True,0,BENIGN,0.9996025209547952,0.263753289473243,50,0.029208158606343203,0.03848168695123627,0.029807826848877082,-0.009273528344893062,-0.0005996682425338795,0.010023719572521954,0.004921442764904311,-0.01891955616410551,0.5997496247291565,0.4998175522089004,0.0999320725202561,9.2,9.2,trapezoid_from_zero_normalized_by_max_fraction
ton_iot_binary,42,rid_06c5b18595653bc93680b98572b085db,cnn,occlusion,target_class_median,baseline_marginal_constant,deletion,0,BENIGN,True,0,BENIGN,0.9998280736035668,0.2639788421220146,50,0.2087077815377768,0.043912512277799166,0.037339345565798536,0.16479526925997762,0.17136843597197826,0.017272240040175198,0.009823666008140759,0.14554088388402173,2.657834529876709,1.8420966725349426,0.8157378573417664,9.2,9.2,trapezoid_from_zero_normalized_by_max_fraction
ton_iot_binary,42,rid_c8f5ddfce5c296fae3fcfd14c8281db5,cnn,occlusion,target_class_median,baseline_marginal_constant,deletion,0,BENIGN,True,0,BENIGN,0.9999999976641308,0.2641507661825786,50,0.032742406271720315,0.10501644697109574,0.03053894829452834,-0.07227404069937543,0.002203457977191979,0.02816942156196825,0.014703239531787525,-0.10109239018167898,1.6367595195770264,1.5337206876277922,0.10303883194923413,9.2,9.2,trapezoid_from_zero_normalized_by_max_fraction
ton_iot_binary,42,rid_b5f19856921bec80ab4d0ae802f70a22,cnn,occlusion,target_class_median,baseline_marginal_constant,deletion,0,BENIGN,True,0,BENIGN,0.9989248603815212,0.2630756288999691,50,0.31300561158245727,0.07869108516039693,0.11707607898518543,0.23431452642206038,0.19592953259727186,0.02034432056077417,0.01226645604280034,0.21027227257817172,2.100019693374634,1.1279020231068135,0.9721176702678203,9.2,9.2,trapezoid_from_zero_normalized_by_max_fraction
ton_iot_binary,42,rid_1c007e515f8c424983946ad431efb604,cnn,occlusion,target_class_median,baseline_marginal_constant,deletion,0,BENIGN,True,0,BENIGN,0.9988169603748248,0.2629677288932727,50,0.08569996886872104,0.06360033200077236,0.06271386814291259,0.022099636867948674,0.02298610072580845,0.01562237352116647,0.007988642285623066,0.006441897988127464,0.6115691065788269,0.5207159571349621,0.0908531494438648,9.2,9.2,trapezoid_from_zero_normalized_by_max_fraction
ton_iot_binary,42,rid_24b36743723526135cc69620cd117e23,cnn,occlusion,target_class_median,baseline_marginal_constant,deletion,1,ATTACK,True,1,ATTACK,0.9972432255744934,0.7330924570560455,50,0.2315005301963538,0.40775252712777,0.1138602323574014,-0.1762519969314162,0.1176402978389524,0.05203698617452632,0.02627995927436509,-0.22776071710917178,1.316671371459961,1.2219592442512512,0.0947121272087097,9.2,9.2,trapezoid_from_zero_normalized_by_max_fraction
ton_iot_binary,42,rid_f1d5bbcbb32162a53afde2d268aadebb,cnn,occlusion,target_class_median,baseline_marginal_constant,deletion,1,ATTACK,True,1,ATTACK,0.9984922409057616,0.7343414723873137,50,0.30701641291379933,0.19677284088730812,0.14631923864781857,0.11024357202649118,0.16069717426598074,0.03387040492630833,0.01898296343109901,0.07303696370153712,0.8529577255249023,0.7719786404967308,0.08097908502817153,9.2,9.2,trapezoid_from_zero_normalized_by_max_fraction
ton_iot_binary,42,rid_e4cc9122aaeae4b1c64e125cbf1f4bae,cnn,occlusion,target_class_median,baseline_marginal_constant,deletion,1,ATTACK,True,1,ATTACK,0.9995049238204956,0.7353541553020477,50,0.18939293622970582,0.09283099663257598,0.14002074259985237,0.09656193959712983,0.049372193629853456,0.017386241189557852,0.009363759593382235,0.07820897079410065,1.1307451725006104,1.1709228472709656,-0.040177674770355276,9.2,9.2,trapezoid_from_zero_normalized_by_max_fraction
ton_iot_binary,42,rid_f836c721abe82ef8626b8d0828bf81a3,cnn,occlusion,target_class_median,baseline_marginal_constant,deletion,1,ATTACK,True,1,ATTACK,0.9901453852653505,0.7259946167469026,50,0.0823296144604683,0.07875165047496557,0.14778017552942038,0.0035779639855027315,-0.06545056106895208,0.023942886124048685,0.012193147566128477,-0.020320605244109082,0.7167162299156189,0.7530606387853622,-0.03634440886974333,9.2,9.2,trapezoid_from_zero_normalized_by_max_fraction
ton_iot_binary,42,rid_ea42348fe63f562614533c2a240887de,cnn,occlusion,target_class_median,baseline_marginal_constant,deletion,1,ATTACK,True,1,ATTACK,0.9999868869781494,0.7358361184597015,50,0.14287086129188536,0.053988187909126274,0.10344810459017753,0.08888267338275908,0.03942275670170785,0.008190034371166097,0.005685206043465813,0.07773966953756609,1.3827792406082153,1.272117970466614,0.11066127014160143,9.2,9.2,trapezoid_from_zero_normalized_by_max_fraction
ton_iot_binary,42,rid_1bf21900e95747c105a7fd442abb6ec2,cnn,occlusion,target_class_median,baseline_marginal_constant,deletion,1,ATTACK,True,1,ATTACK,0.999991238117218,0.7358404695987701,50,0.2978391356766224,0.42056531963124866,0.16068954583015876,-0.12272618395462631,0.13714958984646364,0.035095349059403466,0.01766159514164751,-0.15734291043225543,1.586164951324463,1.4539262552261352,0.13223869609832772,9.2,9.2,trapezoid_from_zero_normalized_by_max_fraction
ton_iot_binary,42,rid_71adf7ccd4004e056d4214e84ac0076d,cnn,occlusion,target_class_median,baseline_marginal_constant,deletion,1,ATTACK,True,1,ATTACK,0.999998152256012,0.7358473837375641,50,0.014270994067192079,0.18419834715127945,0.1016565250807007,-0.16992735308408735,-0.08738553101350861,0.02052009179171342,0.01052942374641613,-0.19056502362706296,1.3629002571105957,1.2682848603725432,0.09461539673805253,9.2,9.2,trapezoid_from_zero_normalized_by_max_fraction
ton_iot_binary,42,rid_14018286121dd46713a133f9bdfc93a8,cnn,occlusion,target_class_median,baseline_marginal_constant,deletion,0,BENIGN,True,0,BENIGN,0.9999997247665816,0.2641504932850296,50,0.1259825880603785,0.006208793159360981,0.01001198448619369,0.1197737949010175,0.11597060357418477,0.002865355584478473,0.002267421855821771,0.11532964806360683,0.341153085231781,0.37669020685553556,-0.03553712162375455,9.2,9.2,trapezoid_from_zero_normalized_by_max_fraction
ton_iot_binary,42,rid_8fdb1c9fcd903c2872e97a5c6111941b,cnn,occlusion,target_class_median,baseline_marginal_constant,insertion,0,BENIGN,True,0,BENIGN,0.999997723710976,0.2641484922294239,50,1.2889784784420046e-06,3.839590604002296e-07,3.7201960367383436e-07,9.050194180417748e-07,9.169588747681701e-07,6.53342060183415e-08,3.1901201101871677e-08,8.424930638821063e-07,0.02312317118048668,0.013829130875878035,0.009294040304608644,9.2,9.2,trapezoid_from_zero_normalized_by_max_fraction
ton_iot_binary,42,rid_474d36f88a6911413398421460dc623d,cnn,occlusion,target_class_median,baseline_marginal_constant,insertion,1,ATTACK,True,1,ATTACK,0.9994267225265504,0.7352759540081025,50,0.0006854742765426637,-0.006800848662853241,-0.007841191947460175,0.007486322939395905,0.00852666622400284,0.002185691626437536,0.0010439102985836796,0.005440258754171893,0.8872073292732239,0.4781244674026966,0.4090828618705273,9.2,9.2,trapezoid_from_zero_normalized_by_max_fraction
ton_iot_binary,42,rid_96cb1ffdfa676fe22cc2e8c7693863c1,cnn,occlusion,target_class_median,baseline_marginal_constant,insertion,0,BENIGN,True,0,BENIGN,0.9999977755987856,0.2641485441172335,50,1.5862955422107914e-06,5.257236623492645e-07,7.559538111081565e-07,1.0605718798615272e-06,8.30341731102635e-07,1.5663436386381282e-07,7.493018869330919e-08,9.137087100226412e-07,0.14249977469444275,0.04718213415145874,0.095317640542984,9.2,9.2,trapezoid_from_zero_normalized_by_max_fraction
ton_iot_binary,42,rid_b68c2581b0a71176c81c3e0638a60ef1,cnn,occlusion,target_class_median,baseline_marginal_constant,insertion,0,BENIGN,True,0,BENIGN,0.9996025209547952,0.263753289473243,50,-0.0007237582144625776,-0.03971759665099751,-0.017921446384223372,0.03899383843653493,0.0171976881697608,0.00970923389243243,0.004925085725623193,0.02934067041431347,0.5997496247291565,0.4998175522089004,0.0999320725202561,9.2,9.2,trapezoid_from_zero_normalized_by_max_fraction
ton_iot_binary,42,rid_06c5b18595653bc93680b98572b085db,cnn,occlusion,target_class_median,baseline_marginal_constant,insertion,0,BENIGN,True,0,BENIGN,0.9998280736035668,0.2639788421220146,50,-0.0001924401041642376,-0.06447493581705435,-0.07480368344640323,0.06428249571289012,0.074611243342239,0.020581538562354885,0.010958948154395045,0.04280295733027583,2.657834529876709,1.8420966725349426,0.8157378573417664,9.2,9.2,trapezoid_from_zero_normalized_by_max_fraction
ton_iot_binary,42,rid_c8f5ddfce5c296fae3fcfd14c8281db5,cnn,occlusion,target_class_median,baseline_marginal_constant,insertion,0,BENIGN,True,0,BENIGN,0.9999999976641308,0.2641507661825786,50,3.5303169854894457e-06,-0.0422652185776363,-0.1094142064253991,0.04226874889462178,0.10941773674238459,0.011567425094571789,0.006901040662081694,0.028742709196941663,1.6367595195770264,1.5337206876277922,0.10303883194923413,9.2,9.2,trapezoid_from_zero_normalized_by_max_fraction
ton_iot_binary,42,rid_b5f19856921bec80ab4d0ae802f70a22,cnn,occlusion,target_class_median,baseline_marginal_constant,insertion,0,BENIGN,True,0,BENIGN,0.9989248603815212,0.2630756288999691,50,-0.0005450792907874203,-0.12142643584476995,-0.13230366118601788,0.12088135655398254,0.13175858189523046,0.030254091492171696,0.01798107998059231,0.08563843979202161,2.100019693374634,1.1279020231068135,0.9721176702678203,9.2,9.2,trapezoid_from_zero_normalized_by_max_fraction
ton_iot_binary,42,rid_1c007e515f8c424983946ad431efb604,cnn,occlusion,target_class_median,baseline_marginal_constant,insertion,0,BENIGN,True,0,BENIGN,0.9988169603748248,0.2629677288932727,50,-0.0011616805560151987,-0.056498924727798785,-0.04702819533985382,0.055337244171783595,0.045866514783838616,0.016196540166036142,0.008246471463143586,0.039174160104022165,0.6115691065788269,0.5207159571349621,0.0908531494438648,9.2,9.2,trapezoid_from_zero_normalized_by_max_fraction
ton_iot_binary,42,rid_24b36743723526135cc69620cd117e23,cnn,occlusion,target_class_median,baseline_marginal_constant,insertion,1,ATTACK,True,1,ATTACK,0.9972432255744934,0.7330924570560455,50,-0.009317278861999512,-0.015268822848796843,-0.20069687638353206,0.0059515439867973315,0.19137959752153255,0.00643087427806764,0.004579772218037992,-0.0030248095605571335,1.316671371459961,1.2219592442512512,0.0947121272087097,9.2,9.2,trapezoid_from_zero_normalized_by_max_fraction
ton_iot_binary,42,rid_f1d5bbcbb32162a53afde2d268aadebb,cnn,occlusion,target_class_median,baseline_marginal_constant,insertion,1,ATTACK,True,1,ATTACK,0.9984922409057616,0.7343414723873137,50,-0.012586325407028197,-0.1818367408243939,-0.2110653616404161,0.16925041541736574,0.1984790362333879,0.030992407228073157,0.01646196869518994,0.13698495677479344,0.8529577255249023,0.7719786404967308,0.08097908502817153,9.2,9.2,trapezoid_from_zero_normalized_by_max_fraction
ton_iot_binary,42,rid_e4cc9122aaeae4b1c64e125cbf1f4bae,cnn,occlusion,target_class_median,baseline_marginal_constant,insertion,1,ATTACK,True,1,ATTACK,0.9995049238204956,0.7353541553020477,50,-0.07982641458511354,-0.18375735140668986,-0.2176166747175157,0.10393093682157632,0.13779026013240217,0.023164549502239305,0.013769173104434679,0.07694335753688436,1.1307451725006104,1.1709228472709656,-0.040177674770355276,9.2,9.2,trapezoid_from_zero_normalized_by_max_fraction
ton_iot_binary,42,rid_f836c721abe82ef8626b8d0828bf81a3,cnn,occlusion,target_class_median,baseline_marginal_constant,insertion,1,ATTACK,True,1,ATTACK,0.9901453852653505,0.7259946167469026,50,-0.016266372799873353,-0.10833178325369952,-0.07391790315508842,0.09206541045382619,0.05765153035521507,0.02845337424682265,0.0162168628369718,0.06028035929336146,0.7167162299156189,0.7530606387853622,-0.03634440886974333,9.2,9.2,trapezoid_from_zero_normalized_by_max_fraction
ton_iot_binary,42,rid_ea42348fe63f562614533c2a240887de,cnn,occlusion,target_class_median,baseline_marginal_constant,insertion,1,ATTACK,True,1,ATTACK,0.9999868869781494,0.7358361184597015,50,-0.01864437460899353,-0.06469482993613929,-0.17354736272245647,0.04605045532714576,0.15490298811346292,0.008601350943691818,0.006488503606977936,0.033332988257469005,1.3827792406082153,1.272117970466614,0.11066127014160143,9.2,9.2,trapezoid_from_zero_normalized_by_max_fraction
ton_iot_binary,42,rid_1bf21900e95747c105a7fd442abb6ec2,cnn,occlusion,target_class_median,baseline_marginal_constant,insertion,1,ATTACK,True,1,ATTACK,0.999991238117218,0.7358404695987701,50,-0.10809862905880437,-0.1863069739988714,-0.30373076132088406,0.07820834494006702,0.1956321322620797,0.022547417494186706,0.012850658053916055,0.05302105515439155,1.586164951324463,1.4539262552261352,0.13223869609832772,9.2,9.2,trapezoid_from_zero_normalized_by_max_fraction
ton_iot_binary,42,rid_71adf7ccd4004e056d4214e84ac0076d,cnn,occlusion,target_class_median,baseline_marginal_constant,insertion,1,ATTACK,True,1,ATTACK,0.999998152256012,0.7358473837375641,50,-0.008912810683250429,-0.08001145961787551,-0.18874884867668154,0.07109864893462507,0.1798360379934311,0.014801991954357215,0.009463444309998233,0.05255029808702853,1.3629002571105957,1.2682848603725432,0.09461539673805253,9.2,9.2,trapezoid_from_zero_normalized_by_max_fraction
ton_iot_binary,42,rid_14018286121dd46713a133f9bdfc93a8,cnn,occlusion,target_class_median,baseline_marginal_constant,insertion,0,BENIGN,True,0,BENIGN,0.9999997247665816,0.2641504932850296,50,3.319679493801742e-06,-0.010024952635359425,-0.023602939349541902,0.010028272314853226,0.023606259029035705,0.004480627870833892,0.0038712415484924295,0.0024406388798080643,0.341153085231781,0.37669020685553556,-0.03553712162375455,9.2,9.2,trapezoid_from_zero_normalized_by_max_fraction
ton_iot_binary,42,rid_8fdb1c9fcd903c2872e97a5c6111941b,cnn,occlusion,joint_donor,dependency_preserving,deletion,0,BENIGN,True,0,BENIGN,0.999997723710976,0.2641484922294239,50,0.0006730742396436008,0.21745759903746975,0.11003799507983807,-0.21678452479782617,-0.10936492084019447,0.049015192580814215,0.0237847273930475,-0.26340259048819925,0.6131906509399414,0.7594848568439484,-0.146294205904007,9.2,9.2,trapezoid_from_zero_normalized_by_max_fraction
ton_iot_binary,42,rid_474d36f88a6911413398421460dc623d,cnn,occlusion,joint_donor,dependency_preserving,deletion,1,ATTACK,True,1,ATTACK,0.9994267225265504,0.7352759540081025,50,0.6280730700427285,0.41100848005710694,0.2940926539182718,0.21706458998562153,0.3339804161244566,0.05781713493763837,0.02743562163093454,0.16329077158898983,1.4347364902496338,1.3478216252326964,0.08691486501693735,9.2,9.2,trapezoid_from_zero_normalized_by_max_fraction
ton_iot_binary,42,rid_96cb1ffdfa676fe22cc2e8c7693863c1,cnn,occlusion,joint_donor,dependency_preserving,deletion,0,BENIGN,True,0,BENIGN,0.9999977755987856,0.2641485441172335,50,0.13505468623398545,0.12783613075181754,0.151208617617351,0.007218555482167877,-0.016153931383365593,0.03446273330725195,0.01904698913297021,-0.03011354321845374,0.1498689353466034,0.04563196935504675,0.10423696599155664,9.2,9.2,trapezoid_from_zero_normalized_by_max_fraction
ton_iot_binary,42,rid_b68c2581b0a71176c81c3e0638a60ef1,cnn,occlusion,joint_donor,dependency_preserving,deletion,0,BENIGN,True,0,BENIGN,0.9996025209547952,0.263753289473243,50,0.0140004078333277,0.14656068115750337,0.16417925183012533,-0.1325602733241757,-0.15017884399679762,0.0344683904377167,0.017238734398777104,-0.1663481927457788,0.029539477080106735,0.007858231443911791,0.021681245636194946,9.2,9.2,trapezoid_from_zero_normalized_by_max_fraction
ton_iot_binary,42,rid_06c5b18595653bc93680b98572b085db,cnn,occlusion,joint_donor,dependency_preserving,deletion,0,BENIGN,True,0,BENIGN,0.9998280736035668,0.2639788421220146,50,0.305181467572811,0.22875562738147326,0.07702403406968986,0.07642584019133777,0.22815743350312118,0.04101518330141078,0.02259531402853027,0.03213902469541845,2.497666358947754,1.4946073505878448,1.0030590083599091,9.2,9.2,trapezoid_from_zero_normalized_by_max_fraction
ton_iot_binary,42,rid_c8f5ddfce5c296fae3fcfd14c8281db5,cnn,occlusion,joint_donor,dependency_preserving,deletion,0,BENIGN,True,0,BENIGN,0.9999999976641308,0.2641507661825786,50,0.27941549943506383,0.1140209821084885,0.041268438407832723,0.16539451732657534,0.23814706102723115,0.027343404349693286,0.01717771799033514,0.13172619006551847,1.9911460876464844,1.9118646674156188,0.0792814202308656,9.2,9.2,trapezoid_from_zero_normalized_by_max_fraction
ton_iot_binary,42,rid_b5f19856921bec80ab4d0ae802f70a22,cnn,occlusion,joint_donor,dependency_preserving,deletion,0,BENIGN,True,0,BENIGN,0.9989248603815212,0.2630756288999691,50,0.9482870110950898,0.2999553221101601,0.16683920450070377,0.6483316889849298,0.7814478065943861,0.05484952943210883,0.02691532284731014,0.5955776562042019,2.147069215774536,1.1341675664186477,1.0129016493558884,9.2,9.2,trapezoid_from_zero_normalized_by_max_fraction
ton_iot_binary,42,rid_1c007e515f8c424983946ad431efb604,cnn,occlusion,joint_donor,dependency_preserving,deletion,0,BENIGN,True,0,BENIGN,0.9988169603748248,0.2629677288932727,50,0.39450440669897946,0.25672198035980925,0.2531409375953291,0.13778242633917018,0.14136346910365039,0.047264318442226116,0.022617524786785175,0.09345207775707123,0.5056303143501282,0.6393041287064553,-0.13367381435632708,9.2,9.2,trapezoid_from_zero_normalized_by_max_fraction
ton_iot_binary,42,rid_24b36743723526135cc69620cd117e23,cnn,occlusion,joint_donor,dependency_preserving,deletion,1,ATTACK,True,1,ATTACK,0.9972432255744934,0.7330924570560455,50,0.3332141533261165,0.4775197820598969,0.28741040237629323,-0.1443056287337804,0.04580375094982329,0.056527979173898665,0.02764145860961652,-0.19848288760862876,1.4472033977508545,1.3277212510108947,0.11948214673995983,9.2,9.2,trapezoid_from_zero_normalized_by_max_fraction
ton_iot_binary,42,rid_f1d5bbcbb32162a53afde2d268aadebb,cnn,occlusion,joint_donor,dependency_preserving,deletion,1,ATTACK,True,1,ATTACK,0.9984922409057616,0.7343414723873137,50,0.7283706468529999,0.29138823089286703,0.23434058411390968,0.4369824159601329,0.4940300627390902,0.0504634640744408,0.024862337926258263,0.38825223362466665,0.12200198322534561,0.08663600402697921,0.0353659791983664,9.2,9.2,trapezoid_from_zero_normalized_by_max_fraction
ton_iot_binary,42,rid_e4cc9122aaeae4b1c64e125cbf1f4bae,cnn,occlusion,joint_donor,dependency_preserving,deletion,1,ATTACK,True,1,ATTACK,0.9995049238204956,0.7353541553020477,50,0.25801059473305943,0.38574134673311794,0.24381571853252046,-0.1277307520000585,0.01419487620053897,0.05501200725272123,0.02655443561277891,-0.17977744580110516,1.3104150295257568,1.4682092769145965,-0.15779424738883963,9.2,9.2,trapezoid_from_zero_normalized_by_max_fraction
ton_iot_binary,42,rid_f836c721abe82ef8626b8d0828bf81a3,cnn,occlusion,joint_donor,dependency_preserving,deletion,1,ATTACK,True,1,ATTACK,0.9901453852653505,0.7259946167469026,50,0.3957835949016413,0.4243744855847871,0.2759802095449868,-0.02859089068314578,0.11980338535665452,0.059399855033400506,0.02852022397654513,-0.08449052967717423,0.9609678387641907,1.1200130755901339,-0.15904523682594318,9.2,9.2,trapezoid_from_zero_normalized_by_max_fraction
ton_iot_binary,42,rid_ea42348fe63f562614533c2a240887de,cnn,occlusion,joint_donor,dependency_preserving,deletion,1,ATTACK,True,1,ATTACK,0.9999868869781494,0.7358361184597015,50,0.5506614324636757,0.3508894287071137,0.21545477668877838,0.199772003756562,0.3352066557748973,0.04870094639567422,0.023704193414242288,0.15331178466464712,1.833988904953003,1.8002225780487062,0.033766326904296706,9.2,9.2,trapezoid_from_zero_normalized_by_max_fraction
ton_iot_binary,42,rid_1bf21900e95747c105a7fd442abb6ec2,cnn,occlusion,joint_donor,dependency_preserving,deletion,1,ATTACK,True,1,ATTACK,0.999991238117218,0.7358404695987701,50,0.2626645371317864,0.44386511817748864,0.25742727473210103,-0.1812005810457023,0.005237262399685298,0.0514130234132785,0.025754787789253684,-0.23167996511263952,1.9877830743789673,1.9325201063156126,0.055262968063354734,9.2,9.2,trapezoid_from_zero_normalized_by_max_fraction
ton_iot_binary,42,rid_71adf7ccd4004e056d4214e84ac0076d,cnn,occlusion,joint_donor,dependency_preserving,deletion,1,ATTACK,True,1,ATTACK,0.999998152256012,0.7358473837375641,50,0.4956088032748085,0.34368911693780857,0.19574540862953216,0.15191968633699987,0.2998633946452763,0.04754784992567774,0.022838228276778928,0.10715675891451318,1.8469969034194946,1.809406521320343,0.037590382099151665,9.2,9.2,trapezoid_from_zero_normalized_by_max_fraction
ton_iot_binary,42,rid_14018286121dd46713a133f9bdfc93a8,cnn,occlusion,joint_donor,dependency_preserving,deletion,0,BENIGN,True,0,BENIGN,0.9999997247665816,0.2641504932850296,50,0.48476505730968705,0.23672695746670175,0.12012048229328763,0.24803809984298536,0.3646445750163995,0.04889691436519872,0.023870123875830408,0.20125265704635775,1.4192968606948853,1.3909171584844588,0.028379702210426405,9.2,9.2,trapezoid_from_zero_normalized_by_max_fraction
ton_iot_binary,42,rid_8fdb1c9fcd903c2872e97a5c6111941b,cnn,occlusion,joint_donor,dependency_preserving,insertion,0,BENIGN,True,0,BENIGN,0.999997723710976,0.2641484922294239,50,0.8484231119821288,0.5843416604164612,0.5771046343062305,0.26408145156566765,0.27131847767589834,0.056847757216201084,0.026914420124067678,0.21132918812249502,0.6131906509399414,0.7594848568439484,-0.146294205904007,9.2,9.2,trapezoid_from_zero_normalized_by_max_fraction
ton_iot_binary,42,rid_474d36f88a6911413398421460dc623d,cnn,occlusion,joint_donor,dependency_preserving,insertion,1,ATTACK,True,1,ATTACK,0.9994267225265504,0.7352759540081025,50,-0.6470711757239769,-0.5270051983398565,-0.498022358756262,-0.12006597738412034,-0.1490488169677149,0.056440169765483106,0.02638419734487532,-0.17177900418007597,1.4347364902496338,1.3478216252326964,0.08691486501693735,9.2,9.2,trapezoid_from_zero_normalized_by_max_fraction
ton_iot_binary,42,rid_96cb1ffdfa676fe22cc2e8c7693863c1,cnn,occlusion,joint_donor,dependency_preserving,insertion,0,BENIGN,True,0,BENIGN,0.9999977755987856,0.2641485441172335,50,-0.226156626087072,-0.36107155445778694,-0.34539182016631553,0.13491492837071495,0.11923519407924357,0.05846672151395123,0.027456136956073098,0.08110089993681167,0.1498689353466034,0.04563196935504675,0.10423696599155664,9.2,9.2,trapezoid_from_zero_normalized_by_max_fraction
ton_iot_binary,42,rid_b68c2581b0a71176c81c3e0638a60ef1,cnn,occlusion,joint_donor,dependency_preserving,insertion,0,BENIGN,True,0,BENIGN,0.9996025209547952,0.263753289473243,50,-0.23276729433418952,-0.336857885588457,-0.3399399067046942,0.10409059125426748,0.10717261237050471,0.05661762776521335,0.026274556454484982,0.052592460603476915,0.029539477080106735,0.007858231443911791,0.021681245636194946,9.2,9.2,trapezoid_from_zero_normalized_by_max_fraction
ton_iot_binary,42,rid_06c5b18595653bc93680b98572b085db,cnn,occlusion,joint_donor,dependency_preserving,insertion,0,BENIGN,True,0,BENIGN,0.9998280736035668,0.2639788421220146,50,0.8176265734358182,0.7281392631736896,0.5826113242972528,0.08948731026212858,0.23501524913856547,0.04632172143137992,0.021438099178521502,0.04746863587222644,2.497666358947754,1.4946073505878448,1.0030590083599091,9.2,9.2,trapezoid_from_zero_normalized_by_max_fraction
ton_iot_binary,42,rid_c8f5ddfce5c296fae3fcfd14c8281db5,cnn,occlusion,joint_donor,dependency_preserving,insertion,0,BENIGN,True,0,BENIGN,0.9999999976641308,0.2641507661825786,50,0.9498329602370017,0.7972412481948805,0.6934152311707983,0.15259171204212107,0.25641772906620336,0.03669112869724459,0.01678724318031973,0.1196887154086944,1.9911460876464844,1.9118646674156188,0.0792814202308656,9.2,9.2,trapezoid_from_zero_normalized_by_max_fraction
ton_iot_binary,42,rid_b5f19856921bec80ab4d0ae802f70a22,cnn,occlusion,joint_donor,dependency_preserving,insertion,0,BENIGN,True,0,BENIGN,0.9989248603815212,0.2630756288999691,50,-0.004449517070562581,-0.2508846315718034,-0.3651883232253135,0.2464351145012408,0.36073880615475096,0.04443477981042829,0.021476491635267346,0.2043411908961168,2.147069215774536,1.1341675664186477,1.0129016493558884,9.2,9.2,trapezoid_from_zero_normalized_by_max_fraction
ton_iot_binary,42,rid_1c007e515f8c424983946ad431efb604,cnn,occlusion,joint_donor,dependency_preserving,insertion,0,BENIGN,True,0,BENIGN,0.9988169603748248,0.2629677288932727,50,0.45988775193691256,0.6290515458773287,0.5509066860116676,-0.16916379394041614,-0.09101893407475509,0.05380314575992793,0.025197632016144875,-0.2185511526920601,0.5056303143501282,0.6393041287064553,-0.13367381435632708,9.2,9.2,trapezoid_from_zero_normalized_by_max_fraction
ton_iot_binary,42,rid_24b36743723526135cc69620cd117e23,cnn,occlusion,joint_donor,dependency_preserving,insertion,1,ATTACK,True,1,ATTACK,0.9972432255744934,0.7330924570560455,50,0.5465534214890795,0.599354684913823,0.4683667210837281,-0.052801263424743616,0.07818670040535144,0.05575164610562086,0.026336180246816356,-0.10442017670850368,1.4472033977508545,1.3277212510108947,0.11948214673995983,9.2,9.2,trapezoid_from_zero_normalized_by_max_fraction
ton_iot_binary,42,rid_f1d5bbcbb32162a53afde2d268aadebb,cnn,occlusion,joint_donor,dependency_preserving,insertion,1,ATTACK,True,1,ATTACK,0.9984922409057616,0.7343414723873137,50,-0.43558718479122116,-0.455893428235969,-0.4030005874928916,0.020306243444747796,-0.03258659729832969,0.0564885310924247,0.026437967164228283,-0.031512172197139636,0.12200198322534561,0.08663600402697921,0.0353659791983664,9.2,9.2,trapezoid_from_zero_normalized_by_max_fraction
ton_iot_binary,42,rid_e4cc9122aaeae4b1c64e125cbf1f4bae,cnn,occlusion,joint_donor,dependency_preserving,insertion,1,ATTACK,True,1,ATTACK,0.9995049238204956,0.7353541553020477,50,-0.4119598488824522,-0.36450471143792756,-0.43892790408885474,-0.0474551374445246,0.02696805520640255,0.05689480702056517,0.02711645707670808,-0.10060339331487245,1.3104150295257568,1.4682092769145965,-0.15779424738883963,9.2,9.2,trapezoid_from_zero_normalized_by_max_fraction
ton_iot_binary,42,rid_f836c721abe82ef8626b8d0828bf81a3,cnn,occlusion,joint_donor,dependency_preserving,insertion,1,ATTACK,True,1,ATTACK,0.9901453852653505,0.7259946167469026,50,-0.06663641631603241,-0.35936233611077983,-0.41977763707262084,0.29272591979474744,0.3531412207565884,0.054092352805258176,0.02577624894696193,0.24220447185870206,0.9609678387641907,1.1200130755901339,-0.15904523682594318,9.2,9.2,trapezoid_from_zero_normalized_by_max_fraction
ton_iot_binary,42,rid_ea42348fe63f562614533c2a240887de,cnn,occlusion,joint_donor,dependency_preserving,insertion,1,ATTACK,True,1,ATTACK,0.9999868869781494,0.7358361184597015,50,0.8754330241470598,0.5945478155294093,0.49806770236884956,0.28088520861765043,0.37736532177821025,0.05147375174985982,0.02479190870979736,0.2322930675464476,1.833988904953003,1.8002225780487062,0.033766326904296706,9.2,9.2,trapezoid_from_zero_normalized_by_max_fraction
ton_iot_binary,42,rid_1bf21900e95747c105a7fd442abb6ec2,cnn,occlusion,joint_donor,dependency_preserving,insertion,1,ATTACK,True,1,ATTACK,0.999991238117218,0.7358404695987701,50,0.33015964713675106,0.4412233463246148,0.5300607941267773,-0.11106369918786375,-0.19990114699002623,0.056642864765319614,0.027201054869801428,-0.16437776673267457,1.9877830743789673,1.9325201063156126,0.055262968063354734,9.2,9.2,trapezoid_from_zero_normalized_by_max_fraction
ton_iot_binary,42,rid_71adf7ccd4004e056d4214e84ac0076d,cnn,occlusion,joint_donor,dependency_preserving,insertion,1,ATTACK,True,1,ATTACK,0.999998152256012,0.7358473837375641,50,0.7643698319792747,0.5726874652356186,0.4881490278274717,0.191682366743656,0.27622080415180306,0.0521792803271801,0.024806595059791655,0.14306144042646435,1.8469969034194946,1.809406521320343,0.037590382099151665,9.2,9.2,trapezoid_from_zero_normalized_by_max_fraction
ton_iot_binary,42,rid_14018286121dd46713a133f9bdfc93a8,cnn,occlusion,joint_donor,dependency_preserving,insertion,0,BENIGN,True,0,BENIGN,0.9999997247665816,0.2641504932850296,50,0.8433503258547177,0.7044002403459988,0.5757682873803642,0.13895008550871887,0.26758203847435336,0.04837578801097571,0.022442573571717115,0.09496264130815332,1.4192968606948853,1.3909171584844588,0.028379702210426405,9.2,9.2,trapezoid_from_zero_normalized_by_max_fraction
ton_iot_binary,42,rid_8fdb1c9fcd903c2872e97a5c6111941b,cnn,occlusion,target_class_donor,dependency_preserving_conditional_on_class,deletion,0,BENIGN,True,0,BENIGN,0.999997723710976,0.2641484922294239,50,6.719904084775408e-05,0.05203252389689175,0.06774190340587244,-0.051965324856044,-0.06767470436502468,0.02051841239668928,0.012600265732351311,-0.07666184569145257,0.07335535436868668,0.03652360103279352,0.036831753335893155,9.2,9.2,trapezoid_from_zero_normalized_by_max_fraction
ton_iot_binary,42,rid_474d36f88a6911413398421460dc623d,cnn,occlusion,target_class_donor,dependency_preserving_conditional_on_class,deletion,1,ATTACK,True,1,ATTACK,0.9994267225265504,0.7352759540081025,50,0.09650921970605851,0.20004905992005387,0.2865678334306941,-0.10353984021399537,-0.19005861372463553,0.03995580522057336,0.021191155919211384,-0.14507450581564968,0.7143420577049255,0.48911608441174026,0.22522597329318528,9.2,9.2,trapezoid_from_zero_normalized_by_max_fraction
ton_iot_binary,42,rid_96cb1ffdfa676fe22cc2e8c7693863c1,cnn,occlusion,target_class_donor,dependency_preserving_conditional_on_class,deletion,0,BENIGN,True,0,BENIGN,0.9999977755987856,0.2641485441172335,50,2.27964912483003e-05,0.0721856984007099,0.06631243035824605,-0.07216290190946162,-0.06628963386699774,0.025229633458558047,0.013418929101358345,-0.09846400294812398,0.11656210571527481,0.03743442295305431,0.0791276827622205,9.2,9.2,trapezoid_from_zero_normalized_by_max_fraction
ton_iot_binary,42,rid_b68c2581b0a71176c81c3e0638a60ef1,cnn,occlusion,target_class_donor,dependency_preserving_conditional_on_class,deletion,0,BENIGN,True,0,BENIGN,0.9996025209547952,0.263753289473243,50,0.11759777225815926,0.10924590968292211,0.08754427204383586,0.00835186257523713,0.030053500214323382,0.028097730610644862,0.015211132437311705,-0.021461957001893812,0.6363288164138794,0.8125104317069056,-0.17618161529302623,9.2,9.2,trapezoid_from_zero_normalized_by_max_fraction
ton_iot_binary,42,rid_06c5b18595653bc93680b98572b085db,cnn,occlusion,target_class_donor,dependency_preserving_conditional_on_class,deletion,0,BENIGN,True,0,BENIGN,0.9998280736035668,0.2639788421220146,50,0.26068581614600106,0.1747136817536227,0.06437460161939715,0.08597213439237837,0.19631121452660388,0.03949342738724421,0.02015737179143168,0.046463685681172276,2.426576614379883,3.463766411185264,-1.0371897968053814,9.2,9.2,trapezoid_from_zero_normalized_by_max_fraction
ton_iot_binary,42,rid_c8f5ddfce5c296fae3fcfd14c8281db5,cnn,occlusion,target_class_donor,dependency_preserving_conditional_on_class,deletion,0,BENIGN,True,0,BENIGN,0.9999999976641308,0.2641507661825786,50,0.03387279543912354,0.09261300306548659,0.02893108180353512,-0.05874020762636304,0.004941713635588416,0.027747318061106366,0.01448702574780166,-0.08713477809205429,1.6441328525543213,1.5303343613147733,0.113798491239548,9.2,9.2,trapezoid_from_zero_normalized_by_max_fraction
ton_iot_binary,42,rid_b5f19856921bec80ab4d0ae802f70a22,cnn,occlusion,target_class_donor,dependency_preserving_conditional_on_class,deletion,0,BENIGN,True,0,BENIGN,0.9989248603815212,0.2630756288999691,50,0.20686156550091256,0.22714035743377017,0.1331055073448121,-0.020278791932857643,0.07375605815610045,0.04680564471229363,0.022250947420873864,-0.0638906488777704,3.3736534118652344,3.3040904278755185,0.06956298398971583,9.2,9.2,trapezoid_from_zero_normalized_by_max_fraction
ton_iot_binary,42,rid_1c007e515f8c424983946ad431efb604,cnn,occlusion,target_class_donor,dependency_preserving_conditional_on_class,deletion,0,BENIGN,True,0,BENIGN,0.9988169603748248,0.2629677288932727,50,0.14127623073291032,0.1193917081345395,0.10904036661974398,0.021884522598370832,0.03223586411316633,0.030260211902195848,0.015516722624066453,-0.008528253744799416,0.7268474698066711,0.6523264904767274,0.07452097932994373,9.2,9.2,trapezoid_from_zero_normalized_by_max_fraction
ton_iot_binary,42,rid_24b36743723526135cc69620cd117e23,cnn,occlusion,target_class_donor,dependency_preserving_conditional_on_class,deletion,1,ATTACK,True,1,ATTACK,0.9972432255744934,0.7330924570560455,50,0.2844870099448599,0.30908627693275886,0.2607590534681918,-0.024599266987898966,0.023727956476668116,0.05338487814005499,0.025552405464250083,-0.07468198169782914,1.5097620487213135,1.3311697235107425,0.178592325210571,9.2,9.2,trapezoid_from_zero_normalized_by_max_fraction
ton_iot_binary,42,rid_f1d5bbcbb32162a53afde2d268aadebb,cnn,occlusion,target_class_donor,dependency_preserving_conditional_on_class,deletion,1,ATTACK,True,1,ATTACK,0.9984922409057616,0.7343414723873137,50,0.2787866726517677,0.2127582152673199,0.1648858873333811,0.06602845738444785,0.11390078531838663,0.04343409880426107,0.021727381491133128,0.023442789661826918,1.105333685874939,1.127288477897644,-0.021954792022705005,9.2,9.2,trapezoid_from_zero_normalized_by_max_fraction
ton_iot_binary,42,rid_e4cc9122aaeae4b1c64e125cbf1f4bae,cnn,occlusion,target_class_donor,dependency_preserving_conditional_on_class,deletion,1,ATTACK,True,1,ATTACK,0.9995049238204956,0.7353541553020477,50,0.4516664661001414,0.29804512742883793,0.2123615570529728,0.15362133867130348,0.2393049090471686,0.053238561636156645,0.026162963164967527,0.10234193086796714,0.47675570845603943,0.6191544542908669,-0.14239874583482748,9.2,9.2,trapezoid_from_zero_normalized_by_max_fraction
ton_iot_binary,42,rid_f836c721abe82ef8626b8d0828bf81a3,cnn,occlusion,target_class_donor,dependency_preserving_conditional_on_class,deletion,1,ATTACK,True,1,ATTACK,0.9901453852653505,0.7259946167469026,50,0.21740737259387968,0.2874519016809645,0.2792138705865218,-0.07004452908708482,-0.06180649799264212,0.04877257540937355,0.023891224377542934,-0.11687132886706897,0.6476520895957947,0.5178848445918411,0.12976724500395354,9.2,9.2,trapezoid_from_zero_normalized_by_max_fraction
ton_iot_binary,42,rid_ea42348fe63f562614533c2a240887de,cnn,occlusion,target_class_donor,dependency_preserving_conditional_on_class,deletion,1,ATTACK,True,1,ATTACK,0.9999868869781494,0.7358361184597015,50,0.3645646274089813,0.19552348911680745,0.19663149719573264,0.16904113829217388,0.16793313021324868,0.04232459887467519,0.020480907021182066,0.128898560530657,1.7852084636688232,1.5278599050045014,0.2573485586643218,9.2,9.2,trapezoid_from_zero_normalized_by_max_fraction
ton_iot_binary,42,rid_1bf21900e95747c105a7fd442abb6ec2,cnn,occlusion,target_class_donor,dependency_preserving_conditional_on_class,deletion,1,ATTACK,True,1,ATTACK,0.999991238117218,0.7358404695987701,50,0.5554991060566863,0.22146872955955735,0.17347148295583215,0.33403037649712897,0.38202762310085414,0.046503453368943674,0.02219862311800145,0.29052107518584613,2.04034161567688,1.9888714632987976,0.05147015237808228,9.2,9.2,trapezoid_from_zero_normalized_by_max_fraction
ton_iot_binary,42,rid_71adf7ccd4004e056d4214e84ac0076d,cnn,occlusion,target_class_donor,dependency_preserving_conditional_on_class,deletion,1,ATTACK,True,1,ATTACK,0.999998152256012,0.7358473837375641,50,0.3101986721158028,0.19913357578624846,0.12053332558088004,0.11106509632955434,0.18966534653492273,0.03995502111620508,0.020008469385790154,0.07184849633340565,1.7501823902130127,1.4440075127482415,0.30617487746477123,9.2,9.2,trapezoid_from_zero_normalized_by_max_fraction
ton_iot_binary,42,rid_14018286121dd46713a133f9bdfc93a8,cnn,occlusion,target_class_donor,dependency_preserving_conditional_on_class,deletion,0,BENIGN,True,0,BENIGN,0.9999997247665816,0.2641504932850296,50,0.10050718585393952,0.0863773335685357,0.0739109057548606,0.014129852285403817,0.02659628009907893,0.029187981834685607,0.01382090490639452,-0.012959121331129444,0.40056857466697693,0.5864004030823707,-0.1858318284153938,9.2,9.2,trapezoid_from_zero_normalized_by_max_fraction
ton_iot_binary,42,rid_8fdb1c9fcd903c2872e97a5c6111941b,cnn,occlusion,target_class_donor,dependency_preserving_conditional_on_class,insertion,0,BENIGN,True,0,BENIGN,0.999997723710976,0.2641484922294239,50,-0.00021359558053684057,-0.05672043226470154,-0.07970788561265016,0.0565068366841647,0.07949429003211331,0.023160324103486944,0.011947410274379639,0.033089912546380607,0.07335535436868668,0.03652360103279352,0.036831753335893155,9.2,9.2,trapezoid_from_zero_normalized_by_max_fraction
ton_iot_binary,42,rid_474d36f88a6911413398421460dc623d,cnn,occlusion,target_class_donor,dependency_preserving_conditional_on_class,insertion,1,ATTACK,True,1,ATTACK,0.9994267225265504,0.7352759540081025,50,-0.3304124982096254,-0.437621454882999,-0.2996742528796579,0.10720895667337349,-0.030738245329967606,0.05744748167246258,0.028370297989438,0.05160317261407501,0.7143420577049255,0.48911608441174026,0.22522597329318528,9.2,9.2,trapezoid_from_zero_normalized_by_max_fraction
ton_iot_binary,42,rid_96cb1ffdfa676fe22cc2e8c7693863c1,cnn,occlusion,target_class_donor,dependency_preserving_conditional_on_class,insertion,0,BENIGN,True,0,BENIGN,0.9999977755987856,0.2641485441172335,50,-0.004623713161533561,-0.0677317563523219,-0.06836654084534566,0.06310804319078833,0.06374282768381209,0.027826085600027597,0.01350581249150574,0.03663665070743709,0.11656210571527481,0.03743442295305431,0.0791276827622205,9.2,9.2,trapezoid_from_zero_normalized_by_max_fraction
ton_iot_binary,42,rid_b68c2581b0a71176c81c3e0638a60ef1,cnn,occlusion,target_class_donor,dependency_preserving_conditional_on_class,insertion,0,BENIGN,True,0,BENIGN,0.9996025209547952,0.263753289473243,50,-0.18621583611405867,-0.10986695866749918,-0.09678920448881495,-0.0763488774465595,-0.0894266316252437,0.030519599438657417,0.015359857534923343,-0.10645419821500925,0.6363288164138794,0.8125104317069056,-0.17618161529302623,9.2,9.2,trapezoid_from_zero_normalized_by_max_fraction
ton_iot_binary,42,rid_06c5b18595653bc93680b98572b085db,cnn,occlusion,target_class_donor,dependency_preserving_conditional_on_class,insertion,0,BENIGN,True,0,BENIGN,0.9998280736035668,0.2639788421220146,50,-0.006192868760655812,-0.041946321663300555,-0.128343577540056,0.03575345290264474,0.12215070877940015,0.020729934032920012,0.010113388328304064,0.01593121177916878,2.426576614379883,3.463766411185264,-1.0371897968053814,9.2,9.2,trapezoid_from_zero_normalized_by_max_fraction
ton_iot_binary,42,rid_c8f5ddfce5c296fae3fcfd14c8281db5,cnn,occlusion,target_class_donor,dependency_preserving_conditional_on_class,insertion,0,BENIGN,True,0,BENIGN,0.9999999976641308,0.2641507661825786,50,1.1234350204558652e-06,-0.07821650516059597,-0.12088852091379054,0.07821762859561641,0.120889644348811,0.024467379427555523,0.012453627028606569,0.05380851961954754,1.6441328525543213,1.5303343613147733,0.113798491239548,9.2,9.2,trapezoid_from_zero_normalized_by_max_fraction
ton_iot_binary,42,rid_b5f19856921bec80ab4d0ae802f70a22,cnn,occlusion,target_class_donor,dependency_preserving_conditional_on_class,insertion,0,BENIGN,True,0,BENIGN,0.9989248603815212,0.2630756288999691,50,-0.13942796689691733,-0.10049951340790944,-0.1260781693765506,-0.03892845348900788,-0.013349797520366719,0.031115457319788244,0.016049351065190436,-0.07038518157678114,3.3736534118652344,3.3040904278755185,0.06956298398971583,9.2,9.2,trapezoid_from_zero_normalized_by_max_fraction
ton_iot_binary,42,rid_1c007e515f8c424983946ad431efb604,cnn,occlusion,target_class_donor,dependency_preserving_conditional_on_class,insertion,0,BENIGN,True,0,BENIGN,0.9988169603748248,0.2629677288932727,50,-0.002874884308728937,-0.10015945536511522,-0.1315848532610491,0.0972845710563863,0.12870996895232018,0.028898546608051877,0.014395408593436054,0.06906957021325164,0.7268474698066711,0.6523264904767274,0.07452097932994373,9.2,9.2,trapezoid_from_zero_normalized_by_max_fraction
ton_iot_binary,42,rid_24b36743723526135cc69620cd117e23,cnn,occlusion,target_class_donor,dependency_preserving_conditional_on_class,insertion,1,ATTACK,True,1,ATTACK,0.9972432255744934,0.7330924570560455,50,-0.20096707642078399,-0.2872064074404514,-0.24759249040698555,0.08623933101966741,0.046625413986201555,0.049242693116903734,0.02395361319834454,0.03929024915091211,1.5097620487213135,1.3311697235107425,0.178592325210571,9.2,9.2,trapezoid_from_zero_normalized_by_max_fraction
ton_iot_binary,42,rid_f1d5bbcbb32162a53afde2d268aadebb,cnn,occlusion,target_class_donor,dependency_preserving_conditional_on_class,insertion,1,ATTACK,True,1,ATTACK,0.9984922409057616,0.7343414723873137,50,-0.8029793545603752,-0.22901282009505664,-0.1941578737357293,-0.5739665344653186,-0.6088214808246459,0.04791773711817368,0.02364464099193105,-0.6203100308095035,1.105333685874939,1.127288477897644,-0.021954792022705005,9.2,9.2,trapezoid_from_zero_normalized_by_max_fraction
ton_iot_binary,42,rid_e4cc9122aaeae4b1c64e125cbf1f4bae,cnn,occlusion,target_class_donor,dependency_preserving_conditional_on_class,insertion,1,ATTACK,True,1,ATTACK,0.9995049238204956,0.7353541553020477,50,-0.46472446531988676,-0.07362047285736478,-0.10680186861980474,-0.391103992462522,-0.3579225967000821,0.04073581549091466,0.01894644556047999,-0.42823902576106276,0.47675570845603943,0.6191544542908669,-0.14239874583482748,9.2,9.2,trapezoid_from_zero_normalized_by_max_fraction
ton_iot_binary,42,rid_f836c721abe82ef8626b8d0828bf81a3,cnn,occlusion,target_class_donor,dependency_preserving_conditional_on_class,insertion,1,ATTACK,True,1,ATTACK,0.9901453852653505,0.7259946167469026,50,-0.028364449739456177,-0.139172874906566,-0.2083662912246525,0.11080842516710981,0.18000184148519632,0.0359818175152188,0.017626267230038246,0.07626094139623485,0.6476520895957947,0.5178848445918411,0.12976724500395354,9.2,9.2,trapezoid_from_zero_normalized_by_max_fraction
ton_iot_binary,42,rid_ea42348fe63f562614533c2a240887de,cnn,occlusion,target_class_donor,dependency_preserving_conditional_on_class,insertion,1,ATTACK,True,1,ATTACK,0.9999868869781494,0.7358361184597015,50,-0.24160521153244188,-0.18571792579172505,-0.22653615405759772,-0.05588728574071683,-0.01506905747484416,0.03539191026963222,0.018180432509264505,-0.09152093345887527,1.7852084636688232,1.5278599050045014,0.2573485586643218,9.2,9.2,trapezoid_from_zero_normalized_by_max_fraction
ton_iot_binary,42,rid_1bf21900e95747c105a7fd442abb6ec2,cnn,occlusion,target_class_donor,dependency_preserving_conditional_on_class,insertion,1,ATTACK,True,1,ATTACK,0.999991238117218,0.7358404695987701,50,-0.19905531834810974,-0.3213085774416909,-0.2429628572697244,0.12225325909358116,0.04390753892161468,0.050598792248189764,0.02440572204541026,0.07441804388457705,2.04034161567688,1.9888714632987976,0.05147015237808228,9.2,9.2,trapezoid_from_zero_normalized_by_max_fraction
ton_iot_binary,42,rid_71adf7ccd4004e056d4214e84ac0076d,cnn,occlusion,target_class_donor,dependency_preserving_conditional_on_class,insertion,1,ATTACK,True,1,ATTACK,0.999998152256012,0.7358473837375641,50,-0.011923304200172425,-0.159910747760463,-0.237382479835127,0.14798744356029056,0.22545917563495457,0.03464806312342465,0.018648716142518285,0.11143595992095473,1.7501823902130127,1.4440075127482415,0.30617487746477123,9.2,9.2,trapezoid_from_zero_normalized_by_max_fraction
ton_iot_binary,42,rid_14018286121dd46713a133f9bdfc93a8,cnn,occlusion,target_class_donor,dependency_preserving_conditional_on_class,insertion,0,BENIGN,True,0,BENIGN,0.9999997247665816,0.2641504932850296,50,0.228737138060913,0.15784009786887057,0.1070242933665819,0.07089704019204243,0.12171284469433111,0.027703999407550837,0.01386162193199886,0.043728261205324664,0.40056857466697693,0.5864004030823707,-0.1858318284153938,9.2,9.2,trapezoid_from_zero_normalized_by_max_fraction
ton_iot_binary,42,rid_8fdb1c9fcd903c2872e97a5c6111941b,cnn,occlusion,conditional_gaussian_mean,conditional_on_retained_coordinates,deletion,0,BENIGN,True,0,BENIGN,0.999997723710976,0.2641484922294239,50,0.01774124322402031,0.04384405207708568,0.02044127055956382,-0.026102808853065373,-0.0027000273355435077,0.006696842116201314,0.003255262712576134,-0.03248312376971459,0.2726568579673767,0.18870385341346263,0.08395300455391408,9.2,9.2,trapezoid_from_zero_normalized_by_max_fraction
ton_iot_binary,42,rid_474d36f88a6911413398421460dc623d,cnn,occlusion,conditional_gaussian_mean,conditional_on_retained_coordinates,deletion,1,ATTACK,True,1,ATTACK,0.9994267225265504,0.7352759540081025,50,0.4173020899295807,0.3646077498197555,0.06249565595015883,0.05269434010982513,0.3548064339794219,0.029550054227393388,0.015518285262926684,0.022278500994488828,0.9380868673324585,0.8459549941420554,0.09213187319040306,9.2,9.2,trapezoid_from_zero_normalized_by_max_fraction
ton_iot_binary,42,rid_96cb1ffdfa676fe22cc2e8c7693863c1,cnn,occlusion,conditional_gaussian_mean,conditional_on_retained_coordinates,deletion,0,BENIGN,True,0,BENIGN,0.9999977755987856,0.2641485441172335,50,2.638106250683059e-05,0.03125443079563815,0.012979757687649241,-0.031228049733131313,-0.012953376625142411,0.004482051459462465,0.0021224572029901034,-0.03538806585099191,0.27836620807647705,0.2174421051591635,0.06092410291731354,9.2,9.2,trapezoid_from_zero_normalized_by_max_fraction
ton_iot_binary,42,rid_b68c2581b0a71176c81c3e0638a60ef1,cnn,occlusion,conditional_gaussian_mean,conditional_on_retained_coordinates,deletion,0,BENIGN,True,0,BENIGN,0.9996025209547952,0.263753289473243,50,0.11018694534432143,0.2430240054185058,0.11161078035146033,-0.13283706007418436,-0.0014238350071389058,0.02505649969637628,0.012090625059474759,-0.1565346851907549,0.4883785843849182,0.3791987527608872,0.109179831624031,9.2,9.2,trapezoid_from_zero_normalized_by_max_fraction
ton_iot_binary,42,rid_06c5b18595653bc93680b98572b085db,cnn,occlusion,conditional_gaussian_mean,conditional_on_retained_coordinates,deletion,0,BENIGN,True,0,BENIGN,0.9998280736035668,0.2639788421220146,50,0.36243243651406376,0.2084581550032854,0.06239533385067397,0.1539742815107783,0.3000371026633898,0.0425951720405723,0.022938867710014094,0.10901410079915066,2.629011869430542,1.8639914927482604,0.7650203766822816,9.2,9.2,trapezoid_from_zero_normalized_by_max_fraction
ton_iot_binary,42,rid_c8f5ddfce5c296fae3fcfd14c8281db5,cnn,occlusion,conditional_gaussian_mean,conditional_on_retained_coordinates,deletion,0,BENIGN,True,0,BENIGN,0.9999999976641308,0.2641507661825786,50,0.0010588747656722186,0.014162510392684367,4.518376689148894e-06,-0.01310363562701215,0.0010543563889830697,0.0063123815256381915,0.006312286247933295,-0.025475716672961408,1.6888173818588257,1.4933234946727751,0.19549388718605054,9.2,9.2,trapezoid_from_zero_normalized_by_max_fraction
ton_iot_binary,42,rid_b5f19856921bec80ab4d0ae802f70a22,cnn,occlusion,conditional_gaussian_mean,conditional_on_retained_coordinates,deletion,0,BENIGN,True,0,BENIGN,0.9989248603815212,0.2630756288999691,50,0.5497366258583497,0.1215221505663372,0.10141287034465543,0.4282144752920125,0.4483237555136943,0.033743719616336314,0.016847601136282295,0.3951931770648992,2.117115020751953,1.1253147414922715,0.9918002792596816,9.2,9.2,trapezoid_from_zero_normalized_by_max_fraction
ton_iot_binary,42,rid_1c007e515f8c424983946ad431efb604,cnn,occlusion,conditional_gaussian_mean,conditional_on_retained_coordinates,deletion,0,BENIGN,True,0,BENIGN,0.9988169603748248,0.2629677288932727,50,0.0045739506697827885,0.22585299588979157,0.07336419488043544,-0.2212790452200088,-0.06879024421065265,0.023827552366632053,0.01151831551534721,-0.24385494363008933,0.5812746286392212,0.5158376435637474,0.0654369850754738,9.2,9.2,trapezoid_from_zero_normalized_by_max_fraction
ton_iot_binary,42,rid_24b36743723526135cc69620cd117e23,cnn,occlusion,conditional_gaussian_mean,conditional_on_retained_coordinates,deletion,1,ATTACK,True,1,ATTACK,0.9972432255744934,0.7330924570560455,50,0.361442019790411,0.5804322547167581,0.329809580459387,-0.2189902349263471,0.031632439331024,0.03443182700194371,0.01725574771239153,-0.2528115004426345,1.3453752994537354,1.2866449918746947,0.05873030757904063,9.2,9.2,trapezoid_from_zero_normalized_by_max_fraction
ton_iot_binary,42,rid_f1d5bbcbb32162a53afde2d268aadebb,cnn,occlusion,conditional_gaussian_mean,conditional_on_retained_coordinates,deletion,1,ATTACK,True,1,ATTACK,0.9984922409057616,0.7343414723873137,50,0.7014336518594064,0.5728182574947331,0.25379867558983094,0.12861539436467317,0.4476349762695754,0.044593437961458524,0.021577436743968354,0.0863236183464952,1.020391583442688,0.9777859065532685,0.04260567688941952,9.2,9.2,trapezoid_from_zero_normalized_by_max_fraction
ton_iot_binary,42,rid_e4cc9122aaeae4b1c64e125cbf1f4bae,cnn,occlusion,conditional_gaussian_mean,conditional_on_retained_coordinates,deletion,1,ATTACK,True,1,ATTACK,0.9995049238204956,0.7353541553020477,50,0.4846272285096347,0.34260444331056716,0.24181010650115786,0.14202278519906755,0.24281712200847685,0.050343482828523134,0.02599976963521739,0.09106323671404146,1.2951955795288086,1.135273324251175,0.1599222552776336,9.2,9.2,trapezoid_from_zero_normalized_by_max_fraction
ton_iot_binary,42,rid_f836c721abe82ef8626b8d0828bf81a3,cnn,occlusion,conditional_gaussian_mean,conditional_on_retained_coordinates,deletion,1,ATTACK,True,1,ATTACK,0.9901453852653505,0.7259946167469026,50,0.6574710600078105,0.5675009984955,0.3360679780102104,0.08997006151231063,0.32140308199760026,0.03693207461915682,0.019244516830325954,0.05225080852487176,0.6666318774223328,0.49510794621706006,0.1715239312052727,9.2,9.2,trapezoid_from_zero_normalized_by_max_fraction
ton_iot_binary,42,rid_ea42348fe63f562614533c2a240887de,cnn,occlusion,conditional_gaussian_mean,conditional_on_retained_coordinates,deletion,1,ATTACK,True,1,ATTACK,0.9999868869781494,0.7358361184597015,50,0.491088205575943,0.36320805855604976,0.13948271979636592,0.12788014701989323,0.35160548577957706,0.032936124119370566,0.019381652643240217,0.0898921078391424,1.5718402862548828,1.385576780080795,0.18626350617408782,9.2,9.2,trapezoid_from_zero_normalized_by_max_fraction
ton_iot_binary,42,rid_1bf21900e95747c105a7fd442abb6ec2,cnn,occlusion,conditional_gaussian_mean,conditional_on_retained_coordinates,deletion,1,ATTACK,True,1,ATTACK,0.999991238117218,0.7358404695987701,50,0.5083953112363815,0.2147926867338774,0.092886200054465,0.2936026245025041,0.4155091111819165,0.03747664344808634,0.02061078522374425,0.2532054854639654,1.8347148895263672,1.584595012664795,0.2501198768615722,9.2,9.2,trapezoid_from_zero_normalized_by_max_fraction
ton_iot_binary,42,rid_71adf7ccd4004e056d4214e84ac0076d,cnn,occlusion,conditional_gaussian_mean,conditional_on_retained_coordinates,deletion,1,ATTACK,True,1,ATTACK,0.999998152256012,0.7358473837375641,50,0.16044133007526398,0.16531019481178374,0.10114777543675155,-0.0048688647365197485,0.05929355463851245,0.03318446839806606,0.019042460660477017,-0.042192087631054705,1.599591851234436,1.5066798601150513,0.09291199111938475,9.2,9.2,trapezoid_from_zero_normalized_by_max_fraction
ton_iot_binary,42,rid_14018286121dd46713a133f9bdfc93a8,cnn,occlusion,conditional_gaussian_mean,conditional_on_retained_coordinates,deletion,0,BENIGN,True,0,BENIGN,0.9999997247665816,0.2641504932850296,50,0.010821006002314814,0.05421371833917043,0.16261834342946566,-0.04339271233685561,-0.15179733742715085,0.017056871140041542,0.009409024843906773,-0.06183440103091289,0.3549511432647705,0.3999220969676972,-0.0449709537029267,9.2,9.2,trapezoid_from_zero_normalized_by_max_fraction
ton_iot_binary,42,rid_8fdb1c9fcd903c2872e97a5c6111941b,cnn,occlusion,conditional_gaussian_mean,conditional_on_retained_coordinates,insertion,0,BENIGN,True,0,BENIGN,0.999997723710976,0.2641484922294239,50,-0.0685724681490683,0.05507654126948006,0.004250159519106853,-0.12364900941854835,-0.07282262766817515,0.007464486975683882,0.0036926965658535932,-0.1308866946876214,0.2726568579673767,0.18870385341346263,0.08395300455391408,9.2,9.2,trapezoid_from_zero_normalized_by_max_fraction
ton_iot_binary,42,rid_474d36f88a6911413398421460dc623d,cnn,occlusion,conditional_gaussian_mean,conditional_on_retained_coordinates,insertion,1,ATTACK,True,1,ATTACK,0.9994267225265504,0.7352759540081025,50,0.8593711737543344,0.7551932246032665,0.39585571913549944,0.10417794915106793,0.46351545461883503,0.018216294990305828,0.010731339711747927,0.083144523316042,0.9380868673324585,0.8459549941420554,0.09213187319040306,9.2,9.2,trapezoid_from_zero_normalized_by_max_fraction
ton_iot_binary,42,rid_96cb1ffdfa676fe22cc2e8c7693863c1,cnn,occlusion,conditional_gaussian_mean,conditional_on_retained_coordinates,insertion,0,BENIGN,True,0,BENIGN,0.9999977755987856,0.2641485441172335,50,0.01580500434611167,0.06501505512145504,0.02629005638118503,-0.04921005077534337,-0.010485052035073356,0.004445031574425858,0.0021401425233763148,-0.05340473012116095,0.27836620807647705,0.2174421051591635,0.06092410291731354,9.2,9.2,trapezoid_from_zero_normalized_by_max_fraction
ton_iot_binary,42,rid_b68c2581b0a71176c81c3e0638a60ef1,cnn,occlusion,conditional_gaussian_mean,conditional_on_retained_coordinates,insertion,0,BENIGN,True,0,BENIGN,0.9996025209547952,0.263753289473243,50,-0.15055611208081246,-0.17168959976401243,-0.1266128321694251,0.02113348768319999,-0.02394327991138735,0.037043617615476795,0.017889552289765923,-0.013930034804741219,0.4883785843849182,0.3791987527608872,0.109179831624031,9.2,9.2,trapezoid_from_zero_normalized_by_max_fraction
ton_iot_binary,42,rid_06c5b18595653bc93680b98572b085db,cnn,occlusion,conditional_gaussian_mean,conditional_on_retained_coordinates,insertion,0,BENIGN,True,0,BENIGN,0.9998280736035668,0.2639788421220146,50,0.08908676819519315,0.035657976841151,-0.04836617485009116,0.05342879135404215,0.13745294304528433,0.012822272044354733,0.007896686064351078,0.03795128666791404,2.629011869430542,1.8639914927482604,0.7650203766822816,9.2,9.2,trapezoid_from_zero_normalized_by_max_fraction
ton_iot_binary,42,rid_c8f5ddfce5c296fae3fcfd14c8281db5,cnn,occlusion,conditional_gaussian_mean,conditional_on_retained_coordinates,insertion,0,BENIGN,True,0,BENIGN,0.9999999976641308,0.2641507661825786,50,0.08967309912639801,0.022999832119844233,0.0025711696003219257,0.06667326700655377,0.08710192952607607,0.01769003646475273,0.010501197673753342,0.046090919565997215,1.6888173818588257,1.4933234946727751,0.19549388718605054,9.2,9.2,trapezoid_from_zero_normalized_by_max_fraction
ton_iot_binary,42,rid_b5f19856921bec80ab4d0ae802f70a22,cnn,occlusion,conditional_gaussian_mean,conditional_on_retained_coordinates,insertion,0,BENIGN,True,0,BENIGN,0.9989248603815212,0.2630756288999691,50,0.08960042839492136,-0.052492969332290154,-0.06509063477776653,0.1420933977272115,0.15469106317268788,0.03774956083999484,0.01890683680390078,0.10503599759156597,2.117115020751953,1.1253147414922715,0.9918002792596816,9.2,9.2,trapezoid_from_zero_normalized_by_max_fraction
ton_iot_binary,42,rid_1c007e515f8c424983946ad431efb604,cnn,occlusion,conditional_gaussian_mean,conditional_on_retained_coordinates,insertion,0,BENIGN,True,0,BENIGN,0.9988169603748248,0.2629677288932727,50,0.016548483533551917,-0.15036785556110724,-0.1696936038642301,0.1669163390946592,0.18624208739778197,0.0333812209566644,0.017054155537126234,0.1334901942418918,0.5812746286392212,0.5158376435637474,0.0654369850754738,9.2,9.2,trapezoid_from_zero_normalized_by_max_fraction
ton_iot_binary,42,rid_24b36743723526135cc69620cd117e23,cnn,occlusion,conditional_gaussian_mean,conditional_on_retained_coordinates,insertion,1,ATTACK,True,1,ATTACK,0.9972432255744934,0.7330924570560455,50,0.019984840572578835,0.15843745269417037,0.09253014407163779,-0.13845261212159155,-0.07254530349905897,0.04079345166875724,0.021043667178629627,-0.17969819979170562,1.3453752994537354,1.2866449918746947,0.05873030757904063,9.2,9.2,trapezoid_from_zero_normalized_by_max_fraction
ton_iot_binary,42,rid_f1d5bbcbb32162a53afde2d268aadebb,cnn,occlusion,conditional_gaussian_mean,conditional_on_retained_coordinates,insertion,1,ATTACK,True,1,ATTACK,0.9984922409057616,0.7343414723873137,50,0.6365537660196423,0.5994204066256207,0.24308311534846141,0.03713335939402167,0.3934706506711809,0.027524905823774762,0.014644212645470589,0.008430702608899315,1.020391583442688,0.9777859065532685,0.04260567688941952,9.2,9.2,trapezoid_from_zero_normalized_by_max_fraction
ton_iot_binary,42,rid_e4cc9122aaeae4b1c64e125cbf1f4bae,cnn,occlusion,conditional_gaussian_mean,conditional_on_retained_coordinates,insertion,1,ATTACK,True,1,ATTACK,0.9995049238204956,0.7353541553020477,50,0.6549595475196839,0.4690961444236164,0.22988636696181858,0.18586340309606747,0.42507318055786525,0.04100111228563494,0.022775777025106185,0.14122288012685935,1.2951955795288086,1.135273324251175,0.1599222552776336,9.2,9.2,trapezoid_from_zero_normalized_by_max_fraction
ton_iot_binary,42,rid_f836c721abe82ef8626b8d0828bf81a3,cnn,occlusion,conditional_gaussian_mean,conditional_on_retained_coordinates,insertion,1,ATTACK,True,1,ATTACK,0.9901453852653505,0.7259946167469026,50,0.6101478745958957,0.411457627437574,0.22405675581985018,0.19869024715832162,0.3860911187760455,0.04678206733831885,0.02307922572711719,0.15345496473317194,0.6666318774223328,0.49510794621706006,0.1715239312052727,9.2,9.2,trapezoid_from_zero_normalized_by_max_fraction
ton_iot_binary,42,rid_ea42348fe63f562614533c2a240887de,cnn,occlusion,conditional_gaussian_mean,conditional_on_retained_coordinates,insertion,1,ATTACK,True,1,ATTACK,0.9999868869781494,0.7358361184597015,50,0.4844542916864157,0.5395377960840997,0.3362109096053054,-0.055083504397684,0.1482433820811102,0.03382978219035071,0.017648669237411718,-0.08967489610301096,1.5718402862548828,1.385576780080795,0.18626350617408782,9.2,9.2,trapezoid_from_zero_normalized_by_max_fraction
ton_iot_binary,42,rid_1bf21900e95747c105a7fd442abb6ec2,cnn,occlusion,conditional_gaussian_mean,conditional_on_retained_coordinates,insertion,1,ATTACK,True,1,ATTACK,0.999991238117218,0.7358404695987701,50,0.6319522637873888,0.6794589509810024,0.37595541852811315,-0.04750668719361365,0.2559968452592757,0.022786049189989853,0.01263532342356027,-0.07227192110379178,1.8347148895263672,1.584595012664795,0.2501198768615722,9.2,9.2,trapezoid_from_zero_normalized_by_max_fraction
ton_iot_binary,42,rid_71adf7ccd4004e056d4214e84ac0076d,cnn,occlusion,conditional_gaussian_mean,conditional_on_retained_coordinates,insertion,1,ATTACK,True,1,ATTACK,0.999998152256012,0.7358473837375641,50,0.4164085851138225,0.4793187763658061,0.3631819193506962,-0.06291019125198362,0.05322666576312622,0.039123077139713164,0.021086021554981602,-0.10423879349974756,1.599591851234436,1.5066798601150513,0.09291199111938475,9.2,9.2,trapezoid_from_zero_normalized_by_max_fraction
ton_iot_binary,42,rid_14018286121dd46713a133f9bdfc93a8,cnn,occlusion,conditional_gaussian_mean,conditional_on_retained_coordinates,insertion,0,BENIGN,True,0,BENIGN,0.9999997247665816,0.2641504932850296,50,-0.5167573692093357,-0.045014619671552986,-0.051159904126158125,-0.47174274953778256,-0.46559746508317745,0.033827203927373595,0.018006637076220616,-0.507035758207175,0.3549511432647705,0.3999220969676972,-0.0449709537029267,9.2,9.2,trapezoid_from_zero_normalized_by_max_fraction
ton_iot_binary,42,rid_8fdb1c9fcd903c2872e97a5c6111941b,cnn,occlusion,conditional_gaussian_draw,conditional_on_retained_coordinates,deletion,0,BENIGN,True,0,BENIGN,0.999997723710976,0.2641484922294239,10,0.1365649043545574,0.25179497453324495,0.2842025742737265,-0.11523007017868753,-0.1476376699191691,0.11093323856679377,0.052836735200535535,-0.21879007117173715,0.2726568579673767,0.19674188598990439,0.07591497197747232,9.2,9.2,trapezoid_from_zero_normalized_by_max_fraction
ton_iot_binary,42,rid_474d36f88a6911413398421460dc623d,cnn,occlusion,conditional_gaussian_draw,conditional_on_retained_coordinates,deletion,1,ATTACK,True,1,ATTACK,0.9994267225265504,0.7352759540081025,10,0.3718381762504578,0.33299848883487254,0.2953695151367226,0.038839687415585245,0.07646866111373513,0.12815425691688653,0.06068842054517324,-0.0801096168529543,0.9380868673324585,0.791450268626213,0.14663659870624546,9.2,9.2,trapezoid_from_zero_normalized_by_max_fraction
ton_iot_binary,42,rid_96cb1ffdfa676fe22cc2e8c7693863c1,cnn,occlusion,conditional_gaussian_draw,conditional_on_retained_coordinates,deletion,0,BENIGN,True,0,BENIGN,0.9999977755987856,0.2641485441172335,10,0.22528347219561057,0.3100383089382201,0.2621139535973632,-0.08475483674260954,-0.036830481401752685,0.11988557475506018,0.05943203829056579,-0.2012416317921185,0.27836620807647705,0.22130714848637584,0.05705905959010121,9.2,9.2,trapezoid_from_zero_normalized_by_max_fraction
ton_iot_binary,42,rid_b68c2581b0a71176c81c3e0638a60ef1,cnn,occlusion,conditional_gaussian_draw,conditional_on_retained_coordinates,deletion,0,BENIGN,True,0,BENIGN,0.9996025209547952,0.263753289473243,10,0.1718608569834032,0.44089686106302095,0.32958669797953066,-0.2690360040796178,-0.15772584099612746,0.13855773452296843,0.0651700589723721,-0.39676931966546714,0.4883785843849182,0.3434545379877091,0.14492404639720913,9.2,9.2,trapezoid_from_zero_normalized_by_max_fraction
ton_iot_binary,42,rid_06c5b18595653bc93680b98572b085db,cnn,occlusion,conditional_gaussian_draw,conditional_on_retained_coordinates,deletion,0,BENIGN,True,0,BENIGN,0.9998280736035668,0.2639788421220146,10,0.46657393311288614,0.382735842209035,0.09192885309367703,0.08383809090385116,0.37464508001920915,0.10195410217322778,0.05808860338598029,-0.030015571732670207,2.629011869430542,1.8547894740104673,0.7742223954200746,9.2,9.2,trapezoid_from_zero_normalized_by_max_fraction
ton_iot_binary,42,rid_c8f5ddfce5c296fae3fcfd14c8281db5,cnn,occlusion,conditional_gaussian_draw,conditional_on_retained_coordinates,deletion,0,BENIGN,True,0,BENIGN,0.9999999976641308,0.2641507661825786,10,8.283130103286519e-05,0.040061251564118834,0.034952993408624726,-0.03997842026308596,-0.03487016210759186,0.02629225719059293,0.026285165149003847,-0.09149734395513351,1.6888173818588257,1.5427373242378235,0.14608005762100218,9.2,9.2,trapezoid_from_zero_normalized_by_max_fraction
ton_iot_binary,42,rid_b5f19856921bec80ab4d0ae802f70a22,cnn,occlusion,conditional_gaussian_draw,conditional_on_retained_coordinates,deletion,0,BENIGN,True,0,BENIGN,0.9989248603815212,0.2630756288999691,10,0.18089234792576314,0.3801651881213811,0.13737188407561712,-0.19927284019561797,0.043520463850146004,0.10786430952365997,0.05497739342860801,-0.3070285313156897,2.117115020751953,1.150443417429924,0.9666716033220291,9.2,9.2,trapezoid_from_zero_normalized_by_max_fraction
ton_iot_binary,42,rid_1c007e515f8c424983946ad431efb604,cnn,occlusion,conditional_gaussian_draw,conditional_on_retained_coordinates,deletion,0,BENIGN,True,0,BENIGN,0.9988169603748248,0.2629677288932727,10,0.2912629545055097,0.3342975507721577,0.3397402554769402,-0.043034596266647976,-0.04847730097143049,0.08686205486164669,0.044495462318257434,-0.13024570241043254,0.5812746286392212,0.5545560216903687,0.02671860694885253,9.2,9.2,trapezoid_from_zero_normalized_by_max_fraction
ton_iot_binary,42,rid_24b36743723526135cc69620cd117e23,cnn,occlusion,conditional_gaussian_draw,conditional_on_retained_coordinates,deletion,1,ATTACK,True,1,ATTACK,0.9972432255744934,0.7330924570560455,10,0.20248255878686905,0.48684111222567084,0.37844795522352787,-0.2843585534388018,-0.17596539643665884,0.12565198287061638,0.06275830170295828,-0.4073648247766,1.3453752994537354,1.2996494805812837,0.04572581887245164,9.2,9.2,trapezoid_from_zero_normalized_by_max_fraction
ton_iot_binary,42,rid_f1d5bbcbb32162a53afde2d268aadebb,cnn,occlusion,conditional_gaussian_draw,conditional_on_retained_coordinates,deletion,1,ATTACK,True,1,ATTACK,0.9984922409057616,0.7343414723873137,10,0.2885060623520985,0.4611512633581972,0.4891828546707656,-0.1726452010060987,-0.20067679231866703,0.13418291813495836,0.06421955296465567,-0.29851552481682386,1.020391583442688,0.9514420020580291,0.0689495813846589,9.2,9.2,trapezoid_from_zero_normalized_by_max_fraction
ton_iot_binary,42,rid_e4cc9122aaeae4b1c64e125cbf1f4bae,cnn,occlusion,conditional_gaussian_draw,conditional_on_retained_coordinates,deletion,1,ATTACK,True,1,ATTACK,0.9995049238204956,0.7353541553020477,10,0.2516932518105022,0.3058503562787882,0.26892589561221936,-0.054157104468286005,-0.017232643801717157,0.12841290438089703,0.06486644422090919,-0.181295335141268,1.2951955795288086,1.1289889550209045,0.16620662450790413,9.2,9.2,trapezoid_from_zero_normalized_by_max_fraction
ton_iot_binary,42,rid_f836c721abe82ef8626b8d0828bf81a3,cnn,occlusion,conditional_gaussian_draw,conditional_on_retained_coordinates,deletion,1,ATTACK,True,1,ATTACK,0.9901453852653505,0.7259946167469026,10,0.6754376054739963,0.5400029206058361,0.4017824823216342,0.13543468486816013,0.27365512315236207,0.12973442277927907,0.0601953204852757,0.017451856717019765,0.6666318774223328,0.5017567533254623,0.16487512409687044,9.2,9.2,trapezoid_from_zero_normalized_by_max_fraction
ton_iot_binary,42,rid_ea42348fe63f562614533c2a240887de,cnn,occlusion,conditional_gaussian_draw,conditional_on_retained_coordinates,deletion,1,ATTACK,True,1,ATTACK,0.9999868869781494,0.7358361184597015,10,0.3505407124757767,0.23102293268902596,0.3252357716902544,0.11951777978675071,0.025304940785522312,0.09835001666269447,0.05638276840682334,0.009007553709376975,1.5718402862548828,1.3532377529144288,0.21860253334045399,9.2,9.2,trapezoid_from_zero_normalized_by_max_fraction
ton_iot_binary,42,rid_1bf21900e95747c105a7fd442abb6ec2,cnn,occlusion,conditional_gaussian_draw,conditional_on_retained_coordinates,deletion,1,ATTACK,True,1,ATTACK,0.999991238117218,0.7358404695987701,10,0.21654815822839737,0.10440942971763434,0.1751945757523366,0.11213872851076304,0.0413535824760608,0.05264340863777804,0.03416112448109423,0.045182924527818344,1.8347148895263672,1.6033481240272522,0.23136676549911495,9.2,9.2,trapezoid_from_zero_normalized_by_max_fraction
ton_iot_binary,42,rid_71adf7ccd4004e056d4214e84ac0076d,cnn,occlusion,conditional_gaussian_draw,conditional_on_retained_coordinates,deletion,1,ATTACK,True,1,ATTACK,0.999998152256012,0.7358473837375641,10,0.22332165030711623,0.1320575273688574,0.00940255284309387,0.09126412293825883,0.21391909746402235,0.08131993763302618,0.048174727269680875,-0.003158342510315673,1.599591851234436,1.5286800169944765,0.0709118342399595,9.2,9.2,trapezoid_from_zero_normalized_by_max_fraction
ton_iot_binary,42,rid_14018286121dd46713a133f9bdfc93a8,cnn,occlusion,conditional_gaussian_draw,conditional_on_retained_coordinates,deletion,0,BENIGN,True,0,BENIGN,0.9999997247665816,0.2641504932850296,10,0.6908628545378916,0.2784168162808195,0.1424456843606049,0.41244603825707205,0.5484171701772866,0.11442258093126319,0.060216988781245984,0.2944207402458299,0.3549511432647705,0.34669567734003065,0.008255465924739858,9.2,9.2,trapezoid_from_zero_normalized_by_max_fraction
ton_iot_binary,42,rid_8fdb1c9fcd903c2872e97a5c6111941b,cnn,occlusion,conditional_gaussian_draw,conditional_on_retained_coordinates,insertion,0,BENIGN,True,0,BENIGN,0.999997723710976,0.2641484922294239,10,-0.152250502520477,-0.4330569292202515,-0.18397637524778987,0.28080642669977457,0.03172587272731285,0.11288591791640488,0.05313302350506844,0.17666570062984044,0.2726568579673767,0.19674188598990439,0.07591497197747232,9.2,9.2,trapezoid_from_zero_normalized_by_max_fraction
ton_iot_binary,42,rid_474d36f88a6911413398421460dc623d,cnn,occlusion,conditional_gaussian_draw,conditional_on_retained_coordinates,insertion,1,ATTACK,True,1,ATTACK,0.9994267225265504,0.7352759540081025,10,0.4770281585806515,0.5518980773228632,0.39919970236197305,-0.07486991874221172,0.07782845621867845,0.128105435262809,0.06169835539003064,-0.19579869530667177,0.9380868673324585,0.791450268626213,0.14663659870624546,9.2,9.2,trapezoid_from_zero_normalized_by_max_fraction
ton_iot_binary,42,rid_96cb1ffdfa676fe22cc2e8c7693863c1,cnn,occlusion,conditional_gaussian_draw,conditional_on_retained_coordinates,insertion,0,BENIGN,True,0,BENIGN,0.9999977755987856,0.2641485441172335,10,0.04575589684974375,-0.41052691330777014,-0.35199904070436205,0.45628281015751393,0.3977549375541058,0.12937292734736672,0.06021620427750835,0.33825904977359755,0.27836620807647705,0.22130714848637584,0.05705905959010121,9.2,9.2,trapezoid_from_zero_normalized_by_max_fraction
ton_iot_binary,42,rid_b68c2581b0a71176c81c3e0638a60ef1,cnn,occlusion,conditional_gaussian_draw,conditional_on_retained_coordinates,insertion,0,BENIGN,True,0,BENIGN,0.9996025209547952,0.263753289473243,10,-0.40896333523286327,-0.39598751938834525,-0.4106235448136501,-0.012975815844518027,0.0016602095807868415,0.12219050688444545,0.06063218485259016,-0.13181489815559472,0.4883785843849182,0.3434545379877091,0.14492404639720913,9.2,9.2,trapezoid_from_zero_normalized_by_max_fraction
ton_iot_binary,42,rid_06c5b18595653bc93680b98572b085db,cnn,occlusion,conditional_gaussian_draw,conditional_on_retained_coordinates,insertion,0,BENIGN,True,0,BENIGN,0.9998280736035668,0.2639788421220146,10,-0.06143470542738214,0.01776665473088923,-0.16769565757533547,-0.0792013601582714,0.10626095214795334,0.05465682634804931,0.028319384746630996,-0.13470735426166813,2.629011869430542,1.8547894740104673,0.7742223954200746,9.2,9.2,trapezoid_from_zero_normalized_by_max_fraction
ton_iot_binary,42,rid_c8f5ddfce5c296fae3fcfd14c8281db5,cnn,occlusion,conditional_gaussian_draw,conditional_on_retained_coordinates,insertion,0,BENIGN,True,0,BENIGN,0.9999999976641308,0.2641507661825786,10,-0.18817756342245717,-0.03839575467293956,-0.1767534579889454,-0.14978180874951763,-0.011424105433511751,0.0836519133915475,0.03832172504182007,-0.22489238983148496,1.6888173818588257,1.5427373242378235,0.14608005762100218,9.2,9.2,trapezoid_from_zero_normalized_by_max_fraction
ton_iot_binary,42,rid_b5f19856921bec80ab4d0ae802f70a22,cnn,occlusion,conditional_gaussian_draw,conditional_on_retained_coordinates,insertion,0,BENIGN,True,0,BENIGN,0.9989248603815212,0.2630756288999691,10,-0.2794957456182601,-0.23515165272840327,-0.2559993118425334,-0.044344092889856836,-0.02349643377572673,0.13578653020832257,0.06495347595520048,-0.17165290576204978,2.117115020751953,1.150443417429924,0.9666716033220291,9.2,9.2,trapezoid_from_zero_normalized_by_max_fraction
ton_iot_binary,42,rid_1c007e515f8c424983946ad431efb604,cnn,occlusion,conditional_gaussian_draw,conditional_on_retained_coordinates,insertion,0,BENIGN,True,0,BENIGN,0.9988169603748248,0.2629677288932727,10,-0.33880291897845427,-0.5103674874045981,-0.4537666887629376,0.17156456842614384,0.11496376978448328,0.1201262087344673,0.055125120143455386,0.0635193329449713,0.5812746286392212,0.5545560216903687,0.02671860694885253,9.2,9.2,trapezoid_from_zero_normalized_by_max_fraction
ton_iot_binary,42,rid_24b36743723526135cc69620cd117e23,cnn,occlusion,conditional_gaussian_draw,conditional_on_retained_coordinates,insertion,1,ATTACK,True,1,ATTACK,0.9972432255744934,0.7330924570560455,10,0.12558193065493128,0.09900882135072359,0.2717095387366444,0.026573109304207705,-0.14612760808171305,0.08074167409914762,0.04185768229625985,-0.055467947996461604,1.3453752994537354,1.2996494805812837,0.04572581887245164,9.2,9.2,trapezoid_from_zero_normalized_by_max_fraction
ton_iot_binary,42,rid_f1d5bbcbb32162a53afde2d268aadebb,cnn,occlusion,conditional_gaussian_draw,conditional_on_retained_coordinates,insertion,1,ATTACK,True,1,ATTACK,0.9984922409057616,0.7343414723873137,10,0.4543559566140175,0.542755178716809,0.2962603080409422,-0.0883992221027915,0.1580956485730753,0.12944811035154474,0.06038768819958785,-0.20675909097398368,1.020391583442688,0.9514420020580291,0.0689495813846589,9.2,9.2,trapezoid_from_zero_normalized_by_max_fraction
ton_iot_binary,42,rid_e4cc9122aaeae4b1c64e125cbf1f4bae,cnn,occlusion,conditional_gaussian_draw,conditional_on_retained_coordinates,insertion,1,ATTACK,True,1,ATTACK,0.9995049238204956,0.7353541553020477,10,0.3123133371324911,0.4543573229285055,0.34424575872554164,-0.14204398579601435,-0.031932421593050465,0.1088948635664314,0.05787620359977967,-0.25548134485158247,1.2951955795288086,1.1289889550209045,0.16620662450790413,9.2,9.2,trapezoid_from_zero_normalized_by_max_fraction
ton_iot_binary,42,rid_f836c721abe82ef8626b8d0828bf81a3,cnn,occlusion,conditional_gaussian_draw,conditional_on_retained_coordinates,insertion,1,ATTACK,True,1,ATTACK,0.9901453852653505,0.7259946167469026,10,0.5104449043693468,0.3752062443102189,0.25195029082936804,0.135238660059128,0.25849461353997877,0.1345614844346858,0.06453800362533207,0.008744172953477125,0.6666318774223328,0.5017567533254623,0.16487512409687044,9.2,9.2,trapezoid_from_zero_normalized_by_max_fraction
ton_iot_binary,42,rid_ea42348fe63f562614533c2a240887de,cnn,occlusion,conditional_gaussian_draw,conditional_on_retained_coordinates,insertion,1,ATTACK,True,1,ATTACK,0.9999868869781494,0.7358361184597015,10,0.6613039393909276,0.5580775641604105,0.4813158386101061,0.10322637523051699,0.17998810078082159,0.12213924240094734,0.05993803805159532,-0.014252179350609837,1.5718402862548828,1.3532377529144288,0.21860253334045399,9.2,9.2,trapezoid_from_zero_normalized_by_max_fraction
ton_iot_binary,42,rid_1bf21900e95747c105a7fd442abb6ec2,cnn,occlusion,conditional_gaussian_draw,conditional_on_retained_coordinates,insertion,1,ATTACK,True,1,ATTACK,0.999991238117218,0.7358404695987701,10,0.7647718343883754,0.6990050903139423,0.3925854705684265,0.06576674407443292,0.37218636381994874,0.07738611688788345,0.03854881437188872,-0.009788932094468974,1.8347148895263672,1.6033481240272522,0.23136676549911495,9.2,9.2,trapezoid_from_zero_normalized_by_max_fraction
ton_iot_binary,42,rid_71adf7ccd4004e056d4214e84ac0076d,cnn,occlusion,conditional_gaussian_draw,conditional_on_retained_coordinates,insertion,1,ATTACK,True,1,ATTACK,0.999998152256012,0.7358473837375641,10,0.38725372787016565,0.5700297263349141,0.5283767832875881,-0.1827759984647484,-0.14112305541742243,0.10847257991267498,0.0587776400118184,-0.29798017288791245,1.599591851234436,1.5286800169944765,0.0709118342399595,9.2,9.2,trapezoid_from_zero_normalized_by_max_fraction
ton_iot_binary,42,rid_14018286121dd46713a133f9bdfc93a8,cnn,occlusion,conditional_gaussian_draw,conditional_on_retained_coordinates,insertion,0,BENIGN,True,0,BENIGN,0.9999997247665816,0.2641504932850296,10,0.006945521263683422,-0.26866104648387007,-0.28685141589593965,0.2756065677475535,0.2937969371596231,0.1363121114597475,0.06542051606774384,0.14738235625477558,0.3549511432647705,0.34669567734003065,0.008255465924739858,9.2,9.2,trapezoid_from_zero_normalized_by_max_fraction
ton_iot_binary,42,rid_8fdb1c9fcd903c2872e97a5c6111941b,cnn,occlusion,nearest_neighbour_donor,nonparametric_conditional,deletion,0,BENIGN,True,0,BENIGN,0.999997723710976,0.2641484922294239,10,0.00027918837193965376,0.0001362935007887245,8.236764081857471e-05,0.00014289487115092924,0.000196820731121079,3.910996517564899e-05,1.8867834316502364e-05,0.0001059139158905846,0.18596240878105164,0.13656686820089817,0.04939554058015347,9.2,9.2,trapezoid_from_zero_normalized_by_max_fraction
ton_iot_binary,42,rid_474d36f88a6911413398421460dc623d,cnn,occlusion,nearest_neighbour_donor,nonparametric_conditional,deletion,1,ATTACK,True,1,ATTACK,0.9994267225265504,0.7352759540081025,10,-0.0003546983003616333,-0.0003459635376930237,-0.00017493128776550294,-8.734762668609627e-06,-0.00017976701259613036,1.9235357117947818e-05,1.0375466318433244e-05,-2.9070676652738785e-05,1.0281240940093994,0.9042250174283982,0.12389907658100119,9.2,9.2,trapezoid_from_zero_normalized_by_max_fraction
ton_iot_binary,42,rid_96cb1ffdfa676fe22cc2e8c7693863c1,cnn,occlusion,nearest_neighbour_donor,nonparametric_conditional,deletion,0,BENIGN,True,0,BENIGN,0.9999977755987856,0.2641485441172335,10,0.00037208712888059376,0.00020808430446322745,0.0002162688834425808,0.00016400282441736636,0.00015581824543801302,0.00013271391793840241,6.242535179289145e-05,4.164913490329911e-05,0.18161770701408386,0.1640798544883728,0.01753785252571105,9.2,9.2,trapezoid_from_zero_normalized_by_max_fraction
ton_iot_binary,42,rid_b68c2581b0a71176c81c3e0638a60ef1,cnn,occlusion,nearest_neighbour_donor,nonparametric_conditional,deletion,0,BENIGN,True,0,BENIGN,0.9996025209547952,0.263753289473243,10,0.00013097866176394745,9.927537323619617e-05,0.040028429887752286,3.1703288527751276e-05,-0.03989745122598833,3.6324813955177266e-05,1.7799862521208204e-05,-3.184442013816799e-06,0.5144909620285034,0.41504618704318996,0.09944477498531346,9.2,9.2,trapezoid_from_zero_normalized_by_max_fraction
ton_iot_binary,42,rid_06c5b18595653bc93680b98572b085db,cnn,occlusion,nearest_neighbour_donor,nonparametric_conditional,deletion,0,BENIGN,True,0,BENIGN,0.9998280736035668,0.2639788421220146,10,-8.987494566099484e-05,-8.226081630709813e-05,-2.824920338753145e-05,-7.614129353896714e-06,-6.162574227346339e-05,2.063987272591948e-05,1.0019497530451738e-05,-2.725234451358212e-05,2.6329894065856934,1.770666184425354,0.8623232221603394,9.2,9.2,trapezoid_from_zero_normalized_by_max_fraction
ton_iot_binary,42,rid_c8f5ddfce5c296fae3fcfd14c8281db5,cnn,occlusion,nearest_neighbour_donor,nonparametric_conditional,deletion,0,BENIGN,True,0,BENIGN,0.9999999976641308,0.2641507661825786,10,-4.791347429922154e-10,0.018993579397988663,0.0006101351030977647,-0.018993579877123405,-0.0006101355822325078,0.018993579376871107,0.01899357905344655,-0.05622099482187864,1.7109133005142212,1.5927718555927277,0.11814144492149348,9.2,9.2,trapezoid_from_zero_normalized_by_max_fraction
ton_iot_binary,42,rid_b5f19856921bec80ab4d0ae802f70a22,cnn,occlusion,nearest_neighbour_donor,nonparametric_conditional,deletion,0,BENIGN,True,0,BENIGN,0.9989248603815212,0.2630756288999691,10,-5.454911151900885e-05,0.00023967493849340825,-0.0001518218380806502,-0.00029422405001241716,9.727272656164136e-05,4.748419519175193e-05,3.5992278343002323e-05,-0.0003647689155647017,2.1119513511657715,1.1906904476881028,0.9212609034776686,9.2,9.2,trapezoid_from_zero_normalized_by_max_fraction
ton_iot_binary,42,rid_1c007e515f8c424983946ad431efb604,cnn,occlusion,nearest_neighbour_donor,nonparametric_conditional,deletion,0,BENIGN,True,0,BENIGN,0.9988169603748248,0.2629677288932727,10,-0.0005063933844212442,0.10259775113212527,0.0663922146416735,-0.10310414451654651,-0.06689860802609475,0.05261195074280462,0.028685947496673997,-0.15932860161002754,0.5673167109489441,0.5131076520681381,0.05420905888080596,9.2,9.2,trapezoid_from_zero_normalized_by_max_fraction
ton_iot_binary,42,rid_24b36743723526135cc69620cd117e23,cnn,occlusion,nearest_neighbour_donor,nonparametric_conditional,deletion,1,ATTACK,True,1,ATTACK,0.9972432255744934,0.7330924570560455,10,0.09822270274162294,0.17877386362059042,0.21681048843624695,-0.08055116087896749,-0.11858778569462403,0.04703817436409581,0.02547171944432026,-0.1304757309898352,1.3281385898590088,1.2882624781131742,0.03987611174583461,9.2,9.2,trapezoid_from_zero_normalized_by_max_fraction
ton_iot_binary,42,rid_f1d5bbcbb32162a53afde2d268aadebb,cnn,occlusion,nearest_neighbour_donor,nonparametric_conditional,deletion,1,ATTACK,True,1,ATTACK,0.9984922409057616,0.7343414723873137,10,0.202209609746933,0.05002207458019257,0.06612130173512924,0.1521875351667404,0.13608830801180374,0.024706642178991038,0.01919400959667526,0.11456727635725691,1.0477503538131714,1.0901918911933899,-0.0424415373802185,9.2,9.2,trapezoid_from_zero_normalized_by_max_fraction
ton_iot_binary,42,rid_e4cc9122aaeae4b1c64e125cbf1f4bae,cnn,occlusion,nearest_neighbour_donor,nonparametric_conditional,deletion,1,ATTACK,True,1,ATTACK,0.9995049238204956,0.7353541553020477,10,0.01493757963180542,0.009908480644226073,0.005775660574436188,0.005029098987579346,0.009161919057369232,0.002757749451958447,0.0016856839901802738,0.0017251583668260089,1.323115587234497,1.2020533204078674,0.12106226682662968,9.2,9.2,trapezoid_from_zero_normalized_by_max_fraction
ton_iot_binary,42,rid_f836c721abe82ef8626b8d0828bf81a3,cnn,occlusion,nearest_neighbour_donor,nonparametric_conditional,deletion,1,ATTACK,True,1,ATTACK,0.9901453852653505,0.7259946167469026,10,0.7778310557827353,0.6424811879005028,0.40121378583862677,0.13534986788223252,0.3766172699441086,0.10426417833339544,0.05046953624181919,0.036429576848266906,0.6393321752548218,0.38128625512123115,0.2580459201335906,9.2,9.2,trapezoid_from_zero_normalized_by_max_fraction
ton_iot_binary,42,rid_ea42348fe63f562614533c2a240887de,cnn,occlusion,nearest_neighbour_donor,nonparametric_conditional,deletion,1,ATTACK,True,1,ATTACK,0.9999868869781494,0.7358361184597015,10,0.4905067980289459,0.4181854539288906,0.33393614697270096,0.07232134410005531,0.15657065105624496,0.08720150113784476,0.04156624816771495,-0.009148502308665998,1.6146602630615234,1.4332728922367095,0.18138737082481393,9.2,9.2,trapezoid_from_zero_normalized_by_max_fraction
ton_iot_binary,42,rid_1bf21900e95747c105a7fd442abb6ec2,cnn,occlusion,nearest_neighbour_donor,nonparametric_conditional,deletion,1,ATTACK,True,1,ATTACK,0.999991238117218,0.7358404695987701,10,0.7307772749286967,0.4553530165755167,0.3294304841666085,0.27542425835317996,0.40134679076208823,0.07465984400842335,0.04313337342237019,0.19088284644533438,1.8815170526504517,1.6936469101905822,0.18787014245986944,9.2,9.2,trapezoid_from_zero_normalized_by_max_fraction
ton_iot_binary,42,rid_71adf7ccd4004e056d4214e84ac0076d,cnn,occlusion,nearest_neighbour_donor,nonparametric_conditional,deletion,1,ATTACK,True,1,ATTACK,0.999998152256012,0.7358473837375641,10,0.530784436315298,0.3920049129240214,0.15371862366795538,0.1387795233912766,0.3770658126473426,0.05674847769978866,0.031002695531490765,0.07801424014955471,1.6545684337615967,1.5245399141311649,0.13002851963043183,9.2,9.2,trapezoid_from_zero_normalized_by_max_fraction
ton_iot_binary,42,rid_14018286121dd46713a133f9bdfc93a8,cnn,occlusion,nearest_neighbour_donor,nonparametric_conditional,deletion,0,BENIGN,True,0,BENIGN,0.9999997247665816,0.2641504932850296,10,0.6954717804185748,0.44548481769966025,0.26775714972346754,0.24998696271891446,0.42771463069510723,0.11706726832756204,0.060400160325686236,0.13160264848056946,0.34745198488235474,0.43772764533758163,-0.09027566045522689,9.2,9.2,trapezoid_from_zero_normalized_by_max_fraction
ton_iot_binary,42,rid_8fdb1c9fcd903c2872e97a5c6111941b,cnn,occlusion,nearest_neighbour_donor,nonparametric_conditional,insertion,0,BENIGN,True,0,BENIGN,0.999997723710976,0.2641484922294239,10,0.0471765720422809,0.047040587658580074,0.04700079068944376,0.00013598438370081742,0.00017578135283713507,4.174501049953504e-05,2.0408091346702238e-05,9.598452466128104e-05,0.18596240878105164,0.13656686820089817,0.04939554058015347,9.2,9.2,trapezoid_from_zero_normalized_by_max_fraction
ton_iot_binary,42,rid_474d36f88a6911413398421460dc623d,cnn,occlusion,nearest_neighbour_donor,nonparametric_conditional,insertion,1,ATTACK,True,1,ATTACK,0.9994267225265504,0.7352759540081025,10,0.9023928634822369,0.8385946650203551,0.6788672724328353,0.06379819846188184,0.22352559104940156,0.03135542683657414,0.022167166645944456,0.020350551835830705,1.0281240940093994,0.9042250174283982,0.12389907658100119,9.2,9.2,trapezoid_from_zero_normalized_by_max_fraction
ton_iot_binary,42,rid_96cb1ffdfa676fe22cc2e8c7693863c1,cnn,occlusion,nearest_neighbour_donor,nonparametric_conditional,insertion,0,BENIGN,True,0,BENIGN,0.9999977755987856,0.2641485441172335,10,0.04717667051525041,0.046558443130197136,0.046831867829933455,0.000618227385053275,0.00034480268531694833,0.00016178507815302107,7.646528367623724e-05,0.00046835542904785003,0.18161770701408386,0.1640798544883728,0.01753785252571105,9.2,9.2,trapezoid_from_zero_normalized_by_max_fraction
ton_iot_binary,42,rid_b68c2581b0a71176c81c3e0638a60ef1,cnn,occlusion,nearest_neighbour_donor,nonparametric_conditional,insertion,0,BENIGN,True,0,BENIGN,0.9996025209547952,0.263753289473243,10,-0.652607320662355,-0.17307005079773033,0.006769956477558026,-0.47953726986462475,-0.6593772771399131,0.1183710698180528,0.06291689021886492,-0.6028543746935999,0.5144909620285034,0.41504618704318996,0.09944477498531346,9.2,9.2,trapezoid_from_zero_normalized_by_max_fraction
ton_iot_binary,42,rid_06c5b18595653bc93680b98572b085db,cnn,occlusion,nearest_neighbour_donor,nonparametric_conditional,insertion,0,BENIGN,True,0,BENIGN,0.9998280736035668,0.2639788421220146,10,0.04703115467418684,0.047033367884178,0.047037955552935384,-2.2132099911701534e-06,-6.800878748549483e-06,6.279044449510542e-06,3.340351305680925e-06,-8.760298550304766e-06,2.6329894065856934,1.770666184425354,0.8623232221603394,9.2,9.2,trapezoid_from_zero_normalized_by_max_fraction
ton_iot_binary,42,rid_c8f5ddfce5c296fae3fcfd14c8281db5,cnn,occlusion,nearest_neighbour_donor,nonparametric_conditional,insertion,0,BENIGN,True,0,BENIGN,0.9999999976641308,0.2641507661825786,10,0.04717870637977806,0.04400977376266335,0.03162283929070284,0.0031689326171147106,0.015555867089075219,0.0016149322663599444,0.0016147006966239854,4.119251731699199e-06,1.7109133005142212,1.5927718555927277,0.11814144492149348,9.2,9.2,trapezoid_from_zero_normalized_by_max_fraction
ton_iot_binary,42,rid_b5f19856921bec80ab4d0ae802f70a22,cnn,occlusion,nearest_neighbour_donor,nonparametric_conditional,insertion,0,BENIGN,True,0,BENIGN,0.9989248603815212,0.2630756288999691,10,0.04699241763664759,0.045968090896712964,0.04083891708222381,0.0010243267399346226,0.006153500554423773,0.00031748190067496635,0.0002289126100321743,0.0005756580242715609,2.1119513511657715,1.1906904476881028,0.9212609034776686,9.2,9.2,trapezoid_from_zero_normalized_by_max_fraction
ton_iot_binary,42,rid_1c007e515f8c424983946ad431efb604,cnn,occlusion,nearest_neighbour_donor,nonparametric_conditional,insertion,0,BENIGN,True,0,BENIGN,0.9988169603748248,0.2629677288932727,10,0.04611439885338768,-0.1158119768416509,-0.014292739237002364,0.1619263756950386,0.060407138090390056,0.10402514707648297,0.05057895019943999,0.06279163330413622,0.5673167109489441,0.5131076520681381,0.05420905888080596,9.2,9.2,trapezoid_from_zero_normalized_by_max_fraction
ton_iot_binary,42,rid_24b36743723526135cc69620cd117e23,cnn,occlusion,nearest_neighbour_donor,nonparametric_conditional,insertion,1,ATTACK,True,1,ATTACK,0.9972432255744934,0.7330924570560455,10,0.6370125032771283,0.45375402627081834,0.3393973377277402,0.18325847700631,0.29761516554938816,0.07777773438910918,0.03542556302058286,0.1138243734859676,1.3281385898590088,1.2882624781131742,0.03987611174583461,9.2,9.2,trapezoid_from_zero_normalized_by_max_fraction
ton_iot_binary,42,rid_f1d5bbcbb32162a53afde2d268aadebb,cnn,occlusion,nearest_neighbour_donor,nonparametric_conditional,insertion,1,ATTACK,True,1,ATTACK,0.9984922409057616,0.7343414723873137,10,0.6730430908501148,0.6878170965241757,0.6403727681292142,-0.014774005674060876,0.032670322720900716,0.062060573563639615,0.03161291988508987,-0.07673532864883703,1.0477503538131714,1.0901918911933899,-0.0424415373802185,9.2,9.2,trapezoid_from_zero_normalized_by_max_fraction
ton_iot_binary,42,rid_e4cc9122aaeae4b1c64e125cbf1f4bae,cnn,occlusion,nearest_neighbour_donor,nonparametric_conditional,insertion,1,ATTACK,True,1,ATTACK,0.9995049238204956,0.7353541553020477,10,0.9006511740386485,0.8609781239926815,0.7320319203743042,0.0396730500459671,0.16861925366434427,0.02265157009892451,0.01273423121550509,0.014713956863577123,1.323115587234497,1.2020533204078674,0.12106226682662968,9.2,9.2,trapezoid_from_zero_normalized_by_max_fraction
ton_iot_binary,42,rid_f836c721abe82ef8626b8d0828bf81a3,cnn,occlusion,nearest_neighbour_donor,nonparametric_conditional,insertion,1,ATTACK,True,1,ATTACK,0.9901453852653505,0.7259946167469026,10,0.7493612018240924,0.3336663089397916,0.3408039070628814,0.4156948928843007,0.40855729476121105,0.10800627822321471,0.055159861451835344,0.30758156443870344,0.6393321752548218,0.38128625512123115,0.2580459201335906,9.2,9.2,trapezoid_from_zero_normalized_by_max_fraction
ton_iot_binary,42,rid_ea42348fe63f562614533c2a240887de,cnn,occlusion,nearest_neighbour_donor,nonparametric_conditional,insertion,1,ATTACK,True,1,ATTACK,0.9999868869781494,0.7358361184597015,10,0.5318520727567374,0.5203642812382423,0.3249664819212495,0.011487791518495091,0.20688559083548796,0.08776776232118344,0.04118044268208606,-0.06922587613839358,1.6146602630615234,1.4332728922367095,0.18138737082481393,9.2,9.2,trapezoid_from_zero_normalized_by_max_fraction
ton_iot_binary,42,rid_1bf21900e95747c105a7fd442abb6ec2,cnn,occlusion,nearest_neighbour_donor,nonparametric_conditional,insertion,1,ATTACK,True,1,ATTACK,0.999991238117218,0.7358404695987701,10,0.45227876264845435,0.3798204485787609,0.26890321971818143,0.07245831406969337,0.18337554293027292,0.07113721632663911,0.046192671695677257,-0.01807932245383405,1.8815170526504517,1.6936469101905822,0.18787014245986944,9.2,9.2,trapezoid_from_zero_normalized_by_max_fraction
ton_iot_binary,42,rid_71adf7ccd4004e056d4214e84ac0076d,cnn,occlusion,nearest_neighbour_donor,nonparametric_conditional,insertion,1,ATTACK,True,1,ATTACK,0.999998152256012,0.7358473837375641,10,0.49526797883960394,0.7140745606011478,0.3526024346807382,-0.21880658176154383,0.14266554415886576,0.04719667869539971,0.029477692676759284,-0.27658285940799204,1.6545684337615967,1.5245399141311649,0.13002851963043183,9.2,9.2,trapezoid_from_zero_normalized_by_max_fraction
ton_iot_binary,42,rid_14018286121dd46713a133f9bdfc93a8,cnn,occlusion,nearest_neighbour_donor,nonparametric_conditional,insertion,0,BENIGN,True,0,BENIGN,0.9999997247665816,0.2641504932850296,10,-0.052990812899059984,0.017712561560499884,-0.30461456322009123,-0.07070337445955988,0.2516237503210313,0.019826081871606577,0.01824518857566974,-0.10646394406787257,0.34745198488235474,0.43772764533758163,-0.09027566045522689,9.2,9.2,trapezoid_from_zero_normalized_by_max_fraction
ton_iot_binary,42,rid_8fdb1c9fcd903c2872e97a5c6111941b,cnn,occlusion,correlation_group_median,group_wise,deletion,0,BENIGN,True,0,BENIGN,0.999997723710976,0.2641484922294239,50,0.17884136220280877,0.21770605119601488,0.06074732901511869,-0.03886468899320607,0.1180940331876901,0.014166230642306623,0.007073836367349189,-0.05272940827321048,0.21645262837409973,0.2274654194712639,-0.01101279109716416,13.4,11.708,trapezoid_from_zero_normalized_by_max_fraction
ton_iot_binary,42,rid_474d36f88a6911413398421460dc623d,cnn,occlusion,correlation_group_median,group_wise,deletion,1,ATTACK,True,1,ATTACK,0.9994267225265504,0.7352759540081025,50,0.7346231073141098,0.601746083333448,0.43616745554304365,0.13287702398066176,0.2984556517710662,0.020601507422167216,0.011617208439403347,0.1101072954394312,1.4642908573150635,1.711715762615204,-0.2474249053001405,13.8,10.748,trapezoid_from_zero_normalized_by_max_fraction
ton_iot_binary,42,rid_96cb1ffdfa676fe22cc2e8c7693863c1,cnn,occlusion,correlation_group_median,group_wise,deletion,0,BENIGN,True,0,BENIGN,0.9999977755987856,0.2641485441172335,50,0.2192382577704393,0.2622814191877496,0.05345084631677685,-0.04304316141731032,0.16578741145366244,0.010717808391762328,0.006091788104162244,-0.05498306610146832,0.42196470499038696,0.468880268394947,-0.046915563404560046,13.0,11.459999999999999,trapezoid_from_zero_normalized_by_max_fraction
ton_iot_binary,42,rid_b68c2581b0a71176c81c3e0638a60ef1,cnn,occlusion,correlation_group_median,group_wise,deletion,0,BENIGN,True,0,BENIGN,0.9996025209547952,0.263753289473243,50,0.2311972048439202,0.21742980173855903,0.10336350310067427,0.013767403105361151,0.1278337017432459,0.014485176230493864,0.0071676279558242385,-0.0002811476880543555,0.44205909967422485,0.31605392938852306,0.1260051702857018,14.6,12.84,trapezoid_from_zero_normalized_by_max_fraction
ton_iot_binary,42,rid_06c5b18595653bc93680b98572b085db,cnn,occlusion,correlation_group_median,group_wise,deletion,0,BENIGN,True,0,BENIGN,0.9998280736035668,0.2639788421220146,50,0.43141425407084166,0.12915575637675789,0.15441937625923502,0.3022584976940838,0.27699487781160675,0.028049863424852894,0.013372919669719997,0.27604757514143263,1.183236002922058,1.1292499957084656,0.05398600721359248,14.8,13.584,trapezoid_from_zero_normalized_by_max_fraction
ton_iot_binary,42,rid_c8f5ddfce5c296fae3fcfd14c8281db5,cnn,occlusion,correlation_group_median,group_wise,deletion,0,BENIGN,True,0,BENIGN,0.9999999976641308,0.2641507661825786,50,0.051402357417183395,0.06520831575571921,0.14893154825313715,-0.013805958338535812,-0.09752919083595375,0.008656206796408746,0.005203039006801019,-0.02400391479186581,1.345400333404541,1.2850527259111406,0.0603476074934004,16.4,15.884,trapezoid_from_zero_normalized_by_max_fraction
ton_iot_binary,42,rid_b5f19856921bec80ab4d0ae802f70a22,cnn,occlusion,correlation_group_median,group_wise,deletion,0,BENIGN,True,0,BENIGN,0.9989248603815212,0.2630756288999691,50,0.49653628558735363,0.27793736834984883,0.25814233866187497,0.2185989172375048,0.2383939469254787,0.026168893398880268,0.015870535630154784,0.18749266740240142,0.9133456349372864,0.6824627760052682,0.2308828589320182,14.0,12.376,trapezoid_from_zero_normalized_by_max_fraction
ton_iot_binary,42,rid_1c007e515f8c424983946ad431efb604,cnn,occlusion,correlation_group_median,group_wise,deletion,0,BENIGN,True,0,BENIGN,0.9988169603748248,0.2629677288932727,50,0.2525065230438486,0.2688953081867657,0.1350432328711031,-0.016388785142917178,0.11746329017274548,0.01225871918006204,0.0065277611642720595,-0.029183197024890414,0.6009103059768677,0.5670735613107681,0.03383674466609954,14.8,13.256,trapezoid_from_zero_normalized_by_max_fraction
ton_iot_binary,42,rid_24b36743723526135cc69620cd117e23,cnn,occlusion,correlation_group_median,group_wise,deletion,1,ATTACK,True,1,ATTACK,0.9972432255744934,0.7330924570560455,50,0.7556900712195784,0.6137150374566845,0.29772154497308656,0.14197503376289386,0.4579685262464918,0.030627795463903325,0.01605595144797717,0.1105053689248586,1.257391333580017,0.887622846275568,0.3697684873044491,13.6,11.459999999999999,trapezoid_from_zero_normalized_by_max_fraction
ton_iot_binary,42,rid_f1d5bbcbb32162a53afde2d268aadebb,cnn,occlusion,correlation_group_median,group_wise,deletion,1,ATTACK,True,1,ATTACK,0.9984922409057616,0.7343414723873137,50,0.25386035740375523,0.3654268766005989,0.31457729904209564,-0.11156651919684374,-0.060716941638340474,0.03924202738985927,0.018989709806671088,-0.14878635041791907,0.776776134967804,0.6304930517673493,0.1462830832004547,13.6,11.472,trapezoid_from_zero_normalized_by_max_fraction
ton_iot_binary,42,rid_e4cc9122aaeae4b1c64e125cbf1f4bae,cnn,occlusion,correlation_group_median,group_wise,deletion,1,ATTACK,True,1,ATTACK,0.9995049238204956,0.7353541553020477,50,0.23906336724758148,0.3379359689384491,0.3309835750357758,-0.09887260169086767,-0.09192020778819429,0.020100667023380477,0.01164073152518859,-0.1216884354802373,0.8856444358825684,0.8203082176446914,0.06533621823787694,14.2,13.407999999999998,trapezoid_from_zero_normalized_by_max_fraction
ton_iot_binary,42,rid_f836c721abe82ef8626b8d0828bf81a3,cnn,occlusion,correlation_group_median,group_wise,deletion,1,ATTACK,True,1,ATTACK,0.9901453852653505,0.7259946167469026,50,0.6918891400098801,0.5804935342608951,0.2699244662956044,0.11139560574898497,0.42196467371427565,0.01588186366706982,0.009568788828756773,0.0926407796446217,0.3858618438243866,0.5154661526679993,-0.12960430884361274,14.4,12.475999999999999,trapezoid_from_zero_normalized_by_max_fraction
ton_iot_binary,42,rid_ea42348fe63f562614533c2a240887de,cnn,occlusion,correlation_group_median,group_wise,deletion,1,ATTACK,True,1,ATTACK,0.9999868869781494,0.7358361184597015,50,0.5981480278074741,0.562551752075553,0.32414304731533317,0.035596275731921194,0.27400498049214095,0.017917927165966824,0.00969035632753749,0.01660317732994771,1.5413708686828613,1.456658767938614,0.08471210074424729,12.6,13.104,trapezoid_from_zero_normalized_by_max_fraction
ton_iot_binary,42,rid_1bf21900e95747c105a7fd442abb6ec2,cnn,occlusion,correlation_group_median,group_wise,deletion,1,ATTACK,True,1,ATTACK,0.999991238117218,0.7358404695987701,50,0.7294336657621898,0.5662958237440221,0.3887974661961089,0.16313784201816764,0.3406361995660809,0.03820940387613537,0.017390595859127167,0.1290522741342784,1.1795226335525513,1.2249294600486755,-0.045406826496124264,13.8,14.056000000000001,trapezoid_from_zero_normalized_by_max_fraction
ton_iot_binary,42,rid_71adf7ccd4004e056d4214e84ac0076d,cnn,occlusion,correlation_group_median,group_wise,deletion,1,ATTACK,True,1,ATTACK,0.999998152256012,0.7358473837375641,50,0.6527058236300946,0.5559487161785364,0.33129456836777355,0.0967571074515581,0.32141125526232095,0.02201238401363374,0.011963390927663037,0.07330886123333855,1.7830759286880493,1.7323359005451202,0.050740028142929106,12.4,12.144,trapezoid_from_zero_normalized_by_max_fraction
ton_iot_binary,42,rid_14018286121dd46713a133f9bdfc93a8,cnn,occlusion,correlation_group_median,group_wise,deletion,0,BENIGN,True,0,BENIGN,0.9999997247665816,0.2641504932850296,50,0.4209547646782994,0.19155345775134208,0.23132205797231087,0.22940130692695732,0.1896327067059885,0.01754936191311981,0.010668451523194565,0.20849114194149598,0.4434890151023865,0.5357613577842713,-0.09227234268188478,15.0,13.028,trapezoid_from_zero_normalized_by_max_fraction
ton_iot_binary,42,rid_8fdb1c9fcd903c2872e97a5c6111941b,cnn,occlusion,correlation_group_median,group_wise,insertion,0,BENIGN,True,0,BENIGN,0.999997723710976,0.2641484922294239,50,0.2012445311589431,0.20030456364255939,0.15445268355174913,0.000939967516383712,0.04679184760719397,0.00016121813250450962,0.00013950013770336396,0.0006665472464851187,0.21645262837409973,0.2274654194712639,-0.01101279109716416,13.4,11.708,trapezoid_from_zero_normalized_by_max_fraction
ton_iot_binary,42,rid_474d36f88a6911413398421460dc623d,cnn,occlusion,correlation_group_median,group_wise,insertion,1,ATTACK,True,1,ATTACK,0.9994267225265504,0.7352759540081025,50,0.7483498558402062,0.6203649189111311,0.3982458172342449,0.12798493692907503,0.3501040386059613,0.016565113900904833,0.011980156918753286,0.10450382936831859,1.4642908573150635,1.711715762615204,-0.2474249053001405,13.8,10.748,trapezoid_from_zero_normalized_by_max_fraction
ton_iot_binary,42,rid_96cb1ffdfa676fe22cc2e8c7693863c1,cnn,occlusion,correlation_group_median,group_wise,insertion,0,BENIGN,True,0,BENIGN,0.9999977755987856,0.2641485441172335,50,0.20124507950835097,0.20086185413335306,0.1613907706808067,0.000383225374997892,0.03985430882754423,8.920530506928053e-05,8.916155987551805e-05,0.00020846871764187663,0.42196470499038696,0.468880268394947,-0.046915563404560046,13.0,11.459999999999999,trapezoid_from_zero_normalized_by_max_fraction
ton_iot_binary,42,rid_b68c2581b0a71176c81c3e0638a60ef1,cnn,occlusion,correlation_group_median,group_wise,insertion,0,BENIGN,True,0,BENIGN,0.9996025209547952,0.263753289473243,50,0.20084874643362127,0.20014578127037386,0.06797263930243753,0.0007029651632474279,0.13287610713118375,0.00013025108019705352,0.0001146342256926395,0.0004782820808898545,0.44205909967422485,0.31605392938852306,0.1260051702857018,14.6,12.84,trapezoid_from_zero_normalized_by_max_fraction
ton_iot_binary,42,rid_06c5b18595653bc93680b98572b085db,cnn,occlusion,correlation_group_median,group_wise,insertion,0,BENIGN,True,0,BENIGN,0.9998280736035668,0.2639788421220146,50,0.20103763881379566,0.10865114219853056,0.058492161200533486,0.09238649661526507,0.14254547761326217,0.016331935238310023,0.009437743721349036,0.07388851892142097,1.183236002922058,1.1292499957084656,0.05398600721359248,14.8,13.584,trapezoid_from_zero_normalized_by_max_fraction
ton_iot_binary,42,rid_c8f5ddfce5c296fae3fcfd14c8281db5,cnn,occlusion,correlation_group_median,group_wise,insertion,0,BENIGN,True,0,BENIGN,0.9999999976641308,0.2641507661825786,50,0.20124692254810161,0.15435234297810163,0.09048662258162768,0.04689457956999998,0.11076029996647391,0.010727722444802409,0.007824193662963969,0.031559159990590606,1.345400333404541,1.2850527259111406,0.0603476074934004,16.4,15.884,trapezoid_from_zero_normalized_by_max_fraction
ton_iot_binary,42,rid_b5f19856921bec80ab4d0ae802f70a22,cnn,occlusion,correlation_group_median,group_wise,insertion,0,BENIGN,True,0,BENIGN,0.9989248603815212,0.2630756288999691,50,0.20054880613129172,0.04618256259248596,-0.08839890363907144,0.1543662435388057,0.2889477097703631,0.02622699613260262,0.015611119424827348,0.1237684494661441,0.9133456349372864,0.6824627760052682,0.2308828589320182,14.0,12.376,trapezoid_from_zero_normalized_by_max_fraction
ton_iot_binary,42,rid_1c007e515f8c424983946ad431efb604,cnn,occlusion,correlation_group_median,group_wise,insertion,0,BENIGN,True,0,BENIGN,0.9988169603748248,0.2629677288932727,50,0.2001841459190473,0.1966214363533072,0.06207587883828091,0.0035627095657400796,0.13810826708076637,0.0008876098122055234,0.0008841360622294049,0.001829802883770446,0.6009103059768677,0.5670735613107681,0.03383674466609954,14.8,13.256,trapezoid_from_zero_normalized_by_max_fraction
ton_iot_binary,42,rid_24b36743723526135cc69620cd117e23,cnn,occlusion,correlation_group_median,group_wise,insertion,1,ATTACK,True,1,ATTACK,0.9972432255744934,0.7330924570560455,50,0.7467568650841714,0.6942281213728712,0.42974348367838683,0.052528743711300174,0.3170133814057845,0.01222971934667265,0.007616332093002898,0.03760073280901449,1.257391333580017,0.887622846275568,0.3697684873044491,13.6,11.459999999999999,trapezoid_from_zero_normalized_by_max_fraction
ton_iot_binary,42,rid_f1d5bbcbb32162a53afde2d268aadebb,cnn,occlusion,correlation_group_median,group_wise,insertion,1,ATTACK,True,1,ATTACK,0.9984922409057616,0.7343414723873137,50,0.6885179713368417,0.42233697395590974,0.4029878540979991,0.26618099738093176,0.2855301172388425,0.036307886092139634,0.019283504625093484,0.22838532831574854,0.776776134967804,0.6304930517673493,0.1462830832004547,13.6,11.472,trapezoid_from_zero_normalized_by_max_fraction
ton_iot_binary,42,rid_e4cc9122aaeae4b1c64e125cbf1f4bae,cnn,occlusion,correlation_group_median,group_wise,insertion,1,ATTACK,True,1,ATTACK,0.9995049238204956,0.7353541553020477,50,0.6472273416817189,0.5321889721817215,0.4851252747361342,0.1150383694999973,0.16210206694558463,0.02203456965982734,0.01261766925632565,0.09030773775759902,0.8856444358825684,0.8203082176446914,0.06533621823787694,14.2,13.407999999999998,trapezoid_from_zero_normalized_by_max_fraction
ton_iot_binary,42,rid_f836c721abe82ef8626b8d0828bf81a3,cnn,occlusion,correlation_group_median,group_wise,insertion,1,ATTACK,True,1,ATTACK,0.9901453852653505,0.7259946167469026,50,0.7409992888569832,0.7022102880816529,0.49436850135487476,0.038789000775330346,0.24663078750210843,0.012096849769329641,0.00847964716893371,0.022168892324220275,0.3858618438243866,0.5154661526679993,-0.12960430884361274,14.4,12.475999999999999,trapezoid_from_zero_normalized_by_max_fraction
ton_iot_binary,42,rid_ea42348fe63f562614533c2a240887de,cnn,occlusion,correlation_group_median,group_wise,insertion,1,ATTACK,True,1,ATTACK,0.9999868869781494,0.7358361184597015,50,0.7459712907671929,0.6808941628038883,0.4372677055285421,0.06507712796330453,0.3087035852386507,0.010486378499878277,0.007616545737873677,0.050148698317072124,1.5413708686828613,1.456658767938614,0.08471210074424729,12.6,13.104,trapezoid_from_zero_normalized_by_max_fraction
ton_iot_binary,42,rid_1bf21900e95747c105a7fd442abb6ec2,cnn,occlusion,correlation_group_median,group_wise,insertion,1,ATTACK,True,1,ATTACK,0.999991238117218,0.7358404695987701,50,0.7074749782681465,0.48377830377569725,0.3509403298340201,0.22369667449244932,0.3565346484341264,0.020929213941446697,0.010519529011472057,0.20307839762996407,1.1795226335525513,1.2249294600486755,-0.045406826496124264,13.8,14.056000000000001,trapezoid_from_zero_normalized_by_max_fraction
ton_iot_binary,42,rid_71adf7ccd4004e056d4214e84ac0076d,cnn,occlusion,correlation_group_median,group_wise,insertion,1,ATTACK,True,1,ATTACK,0.999998152256012,0.7358473837375641,50,0.7484704241156579,0.6679053221046924,0.43157215911828584,0.08056510201096537,0.31689826499737195,0.013665739105211716,0.009795576366106411,0.0613657723333968,1.7830759286880493,1.7323359005451202,0.050740028142929106,12.4,12.144,trapezoid_from_zero_normalized_by_max_fraction
ton_iot_binary,42,rid_14018286121dd46713a133f9bdfc93a8,cnn,occlusion,correlation_group_median,group_wise,insertion,0,BENIGN,True,0,BENIGN,0.9999997247665816,0.2641504932850296,50,0.20124665239012635,0.10340814187364177,-0.11125114115950312,0.09783851051648457,0.3124977935496295,0.015374336079823303,0.011068079500587419,0.07614507469533323,0.4434890151023865,0.5357613577842713,-0.09227234268188478,15.0,13.028,trapezoid_from_zero_normalized_by_max_fraction
ton_iot_binary,42,rid_8fdb1c9fcd903c2872e97a5c6111941b,cnn,occlusion,correlation_group_joint_donor,group_wise_dependency_preserving,deletion,0,BENIGN,True,0,BENIGN,0.999997723710976,0.2641484922294239,50,0.2360609542015368,0.29189651866561706,0.2446418619172267,-0.05583556446408025,-0.008580907715689895,0.0536407054935845,0.025693320247052277,-0.10619447214830272,0.4009656012058258,0.6735978757739067,-0.2726322745680809,13.4,13.063999999999998,trapezoid_from_zero_normalized_by_max_fraction
ton_iot_binary,42,rid_474d36f88a6911413398421460dc623d,cnn,occlusion,correlation_group_joint_donor,group_wise_dependency_preserving,deletion,1,ATTACK,True,1,ATTACK,0.9994267225265504,0.7352759540081025,50,0.8392084426555813,0.5549971979553852,0.4711022422946014,0.28421124470019604,0.36810620036097974,0.05885482063359767,0.027952521346632956,0.22942430286079546,1.1937099695205688,1.2559283050373196,-0.06221833551675071,13.8,11.924000000000001,trapezoid_from_zero_normalized_by_max_fraction
ton_iot_binary,42,rid_96cb1ffdfa676fe22cc2e8c7693863c1,cnn,occlusion,correlation_group_joint_donor,group_wise_dependency_preserving,deletion,0,BENIGN,True,0,BENIGN,0.9999977755987856,0.2641485441172335,50,0.48472723679092267,0.3214921090514067,0.24129530125701296,0.163235127739516,0.24343193553390974,0.056782967081405275,0.02747729632378097,0.10937962694490531,0.4086016118526459,0.4281348286867141,-0.019533216834068223,13.0,14.096,trapezoid_from_zero_normalized_by_max_fraction
ton_iot_binary,42,rid_b68c2581b0a71176c81c3e0638a60ef1,cnn,occlusion,correlation_group_joint_donor,group_wise_dependency_preserving,deletion,0,BENIGN,True,0,BENIGN,0.9996025209547952,0.263753289473243,50,0.1045091195557971,0.40993235890554447,0.2656565519226852,-0.30542323934974736,-0.1611474323668881,0.056199805657758374,0.02698720846140958,-0.35831816793411014,1.1625034809112549,1.218232365012169,-0.05572888410091403,14.6,14.864,trapezoid_from_zero_normalized_by_max_fraction
ton_iot_binary,42,rid_06c5b18595653bc93680b98572b085db,cnn,occlusion,correlation_group_joint_donor,group_wise_dependency_preserving,deletion,0,BENIGN,True,0,BENIGN,0.9998280736035668,0.2639788421220146,50,0.38357276354508946,0.2387022611375276,0.1884377258277264,0.14487050240756177,0.19513503771736304,0.044819022687003704,0.02266241354780074,0.10045217185387231,1.2858366966247559,1.0596545652151108,0.22618213140964505,14.8,13.327999999999998,trapezoid_from_zero_normalized_by_max_fraction
ton_iot_binary,42,rid_c8f5ddfce5c296fae3fcfd14c8281db5,cnn,occlusion,correlation_group_joint_donor,group_wise_dependency_preserving,deletion,0,BENIGN,True,0,BENIGN,0.9999999976641308,0.2641507661825786,50,0.06218640937740116,0.22256028658187993,0.13385998265901689,-0.16037387720447877,-0.07167357328161572,0.04335820875973237,0.022561262970939928,-0.20459395262752103,1.423513650894165,1.5646795268058775,-0.14116587591171248,16.4,15.372000000000003,trapezoid_from_zero_normalized_by_max_fraction
ton_iot_binary,42,rid_b5f19856921bec80ab4d0ae802f70a22,cnn,occlusion,correlation_group_joint_donor,group_wise_dependency_preserving,deletion,0,BENIGN,True,0,BENIGN,0.9989248603815212,0.2630756288999691,50,0.5054427233656043,0.3915279143368265,0.23088721726692568,0.1139148090287778,0.2745555060986785,0.058286127908696195,0.02788342183462161,0.05926330223291945,0.9436833262443542,0.7307749747037888,0.21290835154056542,14.0,12.74,trapezoid_from_zero_normalized_by_max_fraction
ton_iot_binary,42,rid_1c007e515f8c424983946ad431efb604,cnn,occlusion,correlation_group_joint_donor,group_wise_dependency_preserving,deletion,0,BENIGN,True,0,BENIGN,0.9988169603748248,0.2629677288932727,50,0.6550793645423255,0.3745868300824685,0.3361586235248803,0.280492534459857,0.31892074101744516,0.055867369944956,0.02716369927230636,0.22725168388613654,0.8525837063789368,0.9664007725715636,-0.11381706619262688,14.8,14.276,trapezoid_from_zero_normalized_by_max_fraction
ton_iot_binary,42,rid_24b36743723526135cc69620cd117e23,cnn,occlusion,correlation_group_joint_donor,group_wise_dependency_preserving,deletion,1,ATTACK,True,1,ATTACK,0.9972432255744934,0.7330924570560455,50,0.7961241784232242,0.4042819032256221,0.43341670114144404,0.3918422751976022,0.3627074772817802,0.054668552368049156,0.026656634349767117,0.3395952718720586,1.7437061071395874,1.463066048383713,0.2806400587558744,13.6,13.0,trapezoid_from_zero_normalized_by_max_fraction
ton_iot_binary,42,rid_f1d5bbcbb32162a53afde2d268aadebb,cnn,occlusion,correlation_group_joint_donor,group_wise_dependency_preserving,deletion,1,ATTACK,True,1,ATTACK,0.9984922409057616,0.7343414723873137,50,0.3191449111123802,0.45756168665952185,0.41985491107771394,-0.13841677554714168,-0.10070999996533375,0.05398597081603176,0.026130478482305326,-0.18963251337246012,1.2676575183868408,1.3663664894104006,-0.0987089710235598,13.6,12.063999999999998,trapezoid_from_zero_normalized_by_max_fraction
ton_iot_binary,42,rid_e4cc9122aaeae4b1c64e125cbf1f4bae,cnn,occlusion,correlation_group_joint_donor,group_wise_dependency_preserving,deletion,1,ATTACK,True,1,ATTACK,0.9995049238204956,0.7353541553020477,50,0.5295485452661524,0.35011006571329156,0.41411741121327894,0.1794384795528608,0.1154311340528734,0.053248804542675915,0.026386342131961397,0.12772124897421647,0.9155393838882446,0.8982269127368927,0.017312471151351927,14.2,13.916,trapezoid_from_zero_normalized_by_max_fraction
ton_iot_binary,42,rid_f836c721abe82ef8626b8d0828bf81a3,cnn,occlusion,correlation_group_joint_donor,group_wise_dependency_preserving,deletion,1,ATTACK,True,1,ATTACK,0.9901453852653505,0.7259946167469026,50,0.43029657020233575,0.3703130875476815,0.3327757139138138,0.059983482654654245,0.09752085628852195,0.05587972448270716,0.02669800027364545,0.007655402118309167,0.9198306798934937,0.830217235326767,0.08961344456672671,14.4,14.228,trapezoid_from_zero_normalized_by_max_fraction
ton_iot_binary,42,rid_ea42348fe63f562614533c2a240887de,cnn,occlusion,correlation_group_joint_donor,group_wise_dependency_preserving,deletion,1,ATTACK,True,1,ATTACK,0.9999868869781494,0.7358361184597015,50,0.3908582646827541,0.4378697567708467,0.3539347525938292,-0.04701149208809262,0.03692351208892486,0.052307819132130666,0.025784173296542253,-0.09754847174931544,1.4301245212554932,1.4183305823802947,0.011793938875198418,12.6,13.004,trapezoid_from_zero_normalized_by_max_fraction
ton_iot_binary,42,rid_1bf21900e95747c105a7fd442abb6ec2,cnn,occlusion,correlation_group_joint_donor,group_wise_dependency_preserving,deletion,1,ATTACK,True,1,ATTACK,0.999991238117218,0.7358404695987701,50,0.8098973077343544,0.41077155357799994,0.4192399081673329,0.39912575415635443,0.3906573995670215,0.05212103157444053,0.02495632073132954,0.3502113655229485,1.2211565971374512,1.2285179378986357,-0.007361340761184554,13.8,13.268,trapezoid_from_zero_normalized_by_max_fraction
ton_iot_binary,42,rid_71adf7ccd4004e056d4214e84ac0076d,cnn,occlusion,correlation_group_joint_donor,group_wise_dependency_preserving,deletion,1,ATTACK,True,1,ATTACK,0.999998152256012,0.7358473837375641,50,0.2294159535347717,0.43520626576727756,0.32176244790359215,-0.20579031223250588,-0.09234649436882043,0.05408384402419124,0.025941732773282766,-0.2566361084681401,1.8130983114242554,1.7385465202331543,0.07455179119110111,12.4,12.184000000000001,trapezoid_from_zero_normalized_by_max_fraction
ton_iot_binary,42,rid_14018286121dd46713a133f9bdfc93a8,cnn,occlusion,correlation_group_joint_donor,group_wise_dependency_preserving,deletion,0,BENIGN,True,0,BENIGN,0.9999997247665816,0.2641504932850296,50,0.15580110904620598,0.304890371218682,0.2402188369814347,-0.14908926217247606,-0.0844177279352287,0.051620197988617215,0.026270585608775755,-0.20057960996567653,0.2708354890346527,0.2587659718617797,0.012069517172873023,15.0,15.004,trapezoid_from_zero_normalized_by_max_fraction
ton_iot_binary,42,rid_8fdb1c9fcd903c2872e97a5c6111941b,cnn,occlusion,correlation_group_joint_donor,group_wise_dependency_preserving,insertion,0,BENIGN,True,0,BENIGN,0.999997723710976,0.2641484922294239,50,0.9426131013386566,0.7429931761488799,0.6982012215590446,0.19961992518977661,0.244411879779612,0.044014275920278755,0.02204304417099377,0.15641555861462883,0.4009656012058258,0.6735978757739067,-0.2726322745680809,13.4,13.063999999999998,trapezoid_from_zero_normalized_by_max_fraction
ton_iot_binary,42,rid_474d36f88a6911413398421460dc623d,cnn,occlusion,correlation_group_joint_donor,group_wise_dependency_preserving,insertion,1,ATTACK,True,1,ATTACK,0.9994267225265504,0.7352759540081025,50,0.5565406821900979,0.5917920337851564,0.4980756970033047,-0.03525135159505864,0.0584649851867932,0.060048090807912055,0.028506575345409835,-0.09112423927206192,1.1937099695205688,1.2559283050373196,-0.06221833551675071,13.8,11.924000000000001,trapezoid_from_zero_normalized_by_max_fraction
ton_iot_binary,42,rid_96cb1ffdfa676fe22cc2e8c7693863c1,cnn,occlusion,correlation_group_joint_donor,group_wise_dependency_preserving,insertion,0,BENIGN,True,0,BENIGN,0.9999977755987856,0.2641485441172335,50,-0.286746382391114,-0.18857325185719517,-0.28023645841356964,-0.09817313053391882,-0.006509923977544359,0.042532848931546484,0.01950719538710637,-0.1364072334926473,0.4086016118526459,0.4281348286867141,-0.019533216834068223,13.0,14.096,trapezoid_from_zero_normalized_by_max_fraction
ton_iot_binary,42,rid_b68c2581b0a71176c81c3e0638a60ef1,cnn,occlusion,correlation_group_joint_donor,group_wise_dependency_preserving,insertion,0,BENIGN,True,0,BENIGN,0.9996025209547952,0.263753289473243,50,-0.04115617266174922,-0.20340912321126245,-0.2890318736643939,0.16225295054951322,0.24787570100264472,0.0390208140313151,0.02018552042206227,0.12268933052227117,1.1625034809112549,1.218232365012169,-0.05572888410091403,14.6,14.864,trapezoid_from_zero_normalized_by_max_fraction
ton_iot_binary,42,rid_06c5b18595653bc93680b98572b085db,cnn,occlusion,correlation_group_joint_donor,group_wise_dependency_preserving,insertion,0,BENIGN,True,0,BENIGN,0.9998280736035668,0.2639788421220146,50,-0.008426394986362327,-0.12653444009848414,-0.17235068618149219,0.1181080451121218,0.16392429119512986,0.02563073390849951,0.01429330854917553,0.09009316035573776,1.2858366966247559,1.0596545652151108,0.22618213140964505,14.8,13.327999999999998,trapezoid_from_zero_normalized_by_max_fraction
ton_iot_binary,42,rid_c8f5ddfce5c296fae3fcfd14c8281db5,cnn,occlusion,correlation_group_joint_donor,group_wise_dependency_preserving,insertion,0,BENIGN,True,0,BENIGN,0.9999999976641308,0.2641507661825786,50,0.949580251221696,0.9288817093229181,0.8106661732148928,0.020698541898777865,0.1389140780068032,0.007516198223182977,0.005385406950701438,0.010143144275403047,1.423513650894165,1.5646795268058775,-0.14116587591171248,16.4,15.372000000000003,trapezoid_from_zero_normalized_by_max_fraction
ton_iot_binary,42,rid_b5f19856921bec80ab4d0ae802f70a22,cnn,occlusion,correlation_group_joint_donor,group_wise_dependency_preserving,insertion,0,BENIGN,True,0,BENIGN,0.9989248603815212,0.2630756288999691,50,-0.11551410537795163,-0.15444404556253458,-0.31105708181342584,0.03892994018458295,0.1955429764354742,0.02624924058208153,0.014534783512817217,0.010441764499461204,0.9436833262443542,0.7307749747037888,0.21290835154056542,14.0,12.74,trapezoid_from_zero_normalized_by_max_fraction
ton_iot_binary,42,rid_1c007e515f8c424983946ad431efb604,cnn,occlusion,correlation_group_joint_donor,group_wise_dependency_preserving,insertion,0,BENIGN,True,0,BENIGN,0.9988169603748248,0.2629677288932727,50,-0.05328976192395203,-0.2376317784657045,-0.3222458537563543,0.18434201654175242,0.2689560918324022,0.04543009079869152,0.021559199610875882,0.1420859853044357,0.8525837063789368,0.9664007725715636,-0.11381706619262688,14.8,14.276,trapezoid_from_zero_normalized_by_max_fraction
ton_iot_binary,42,rid_24b36743723526135cc69620cd117e23,cnn,occlusion,correlation_group_joint_donor,group_wise_dependency_preserving,insertion,1,ATTACK,True,1,ATTACK,0.9972432255744934,0.7330924570560455,50,-0.627016438627652,-0.39777005680424776,-0.4260177369022672,-0.22924638182340418,-0.20099870172538473,0.05360545460782856,0.025571630693056818,-0.27936677798179554,1.7437061071395874,1.463066048383713,0.2806400587558744,13.6,13.0,trapezoid_from_zero_normalized_by_max_fraction
ton_iot_binary,42,rid_f1d5bbcbb32162a53afde2d268aadebb,cnn,occlusion,correlation_group_joint_donor,group_wise_dependency_preserving,insertion,1,ATTACK,True,1,ATTACK,0.9984922409057616,0.7343414723873137,50,0.6895508487066733,0.5484036299557606,0.5165192861163368,0.14114721875091257,0.17303156259033642,0.051144914170523095,0.024430157807743408,0.0932641094477355,1.2676575183868408,1.3663664894104006,-0.0987089710235598,13.6,12.063999999999998,trapezoid_from_zero_normalized_by_max_fraction
ton_iot_binary,42,rid_e4cc9122aaeae4b1c64e125cbf1f4bae,cnn,occlusion,correlation_group_joint_donor,group_wise_dependency_preserving,insertion,1,ATTACK,True,1,ATTACK,0.9995049238204956,0.7353541553020477,50,0.9182847553249303,0.5261891245056516,0.5543886559184869,0.39209563081927873,0.3638960994064434,0.057483938460327205,0.02771577471788104,0.3377727123722319,0.9155393838882446,0.8982269127368927,0.017312471151351927,14.2,13.916,trapezoid_from_zero_normalized_by_max_fraction
ton_iot_binary,42,rid_f836c721abe82ef8626b8d0828bf81a3,cnn,occlusion,correlation_group_joint_donor,group_wise_dependency_preserving,insertion,1,ATTACK,True,1,ATTACK,0.9901453852653505,0.7259946167469026,50,-0.10756672732532024,-0.3098391820248464,-0.40364629257668205,0.2022724546995261,0.2960795652513618,0.05042080262279112,0.023940610713562148,0.15534885770094428,0.9198306798934937,0.830217235326767,0.08961344456672671,14.4,14.228,trapezoid_from_zero_normalized_by_max_fraction
ton_iot_binary,42,rid_ea42348fe63f562614533c2a240887de,cnn,occlusion,correlation_group_joint_donor,group_wise_dependency_preserving,insertion,1,ATTACK,True,1,ATTACK,0.9999868869781494,0.7358361184597015,50,0.771274198347237,0.6241245045913182,0.604601534205466,0.14714969375591874,0.16667266414177095,0.047997552167148926,0.023199874560686205,0.10167793961697377,1.4301245212554932,1.4183305823802947,0.011793938875198418,12.6,13.004,trapezoid_from_zero_normalized_by_max_fraction
ton_iot_binary,42,rid_1bf21900e95747c105a7fd442abb6ec2,cnn,occlusion,correlation_group_joint_donor,group_wise_dependency_preserving,insertion,1,ATTACK,True,1,ATTACK,0.999991238117218,0.7358404695987701,50,0.8403612409283084,0.44674242319204416,0.5183125809962099,0.3936188177362643,0.3220486599320985,0.05666401188519797,0.026914011184431624,0.3408673558147783,1.2211565971374512,1.2285179378986357,-0.007361340761184554,13.8,13.268,trapezoid_from_zero_normalized_by_max_fraction
ton_iot_binary,42,rid_71adf7ccd4004e056d4214e84ac0076d,cnn,occlusion,correlation_group_joint_donor,group_wise_dependency_preserving,insertion,1,ATTACK,True,1,ATTACK,0.999998152256012,0.7358473837375641,50,-0.08896811604499816,-0.23246177961328857,-0.3958377395818089,0.14349366356829038,0.30686962353681074,0.039461653746141426,0.01857267516373969,0.10709122024736059,1.8130983114242554,1.7385465202331543,0.07455179119110111,12.4,12.184000000000001,trapezoid_from_zero_normalized_by_max_fraction
ton_iot_binary,42,rid_14018286121dd46713a133f9bdfc93a8,cnn,occlusion,correlation_group_joint_donor,group_wise_dependency_preserving,insertion,0,BENIGN,True,0,BENIGN,0.9999997247665816,0.2641504932850296,50,-0.022543544264492964,-0.18852620091525624,-0.2269585666425522,0.16598265665076328,0.20441502237805925,0.034265000764208464,0.017644799879932893,0.13139884888609482,0.2708354890346527,0.2587659718617797,0.012069517172873023,15.0,15.004,trapezoid_from_zero_normalized_by_max_fraction
