task_id,seed,flow_id,model,method,operator,operator_family,functional_check,true_class_id,true_class,class_specific_inference_eligible,target_class_id,target_class,confidence,model_margin,random_feature_repetitions,attribution_effect_aopc,random_effect_mean_aopc,uniform_random_effect_mean_aopc,attribution_minus_random_aopc,attribution_minus_uniform_random_aopc,random_effect_standard_error_aopc,random_aopc_monte_carlo_standard_error,attribution_minus_random_aopc_mc_lower95,attribution_displacement_mean,matched_random_displacement_mean,attribution_minus_matched_displacement,coordinates_changed_mean,matched_random_coordinates_mean,aopc_definition
ton_iot_binary,46,rid_f0c76c1ef3adf56e3915b11c7d28c607,mlp,occlusion,training_median,baseline_marginal_constant,deletion,1,ATTACK,True,1,ATTACK,1.0,0.8422201126813889,50,0.06603016853332519,0.2800216439090374,0.18111530787868382,-0.21399147537571217,-0.11508513934535862,0.053349492813293285,0.025199003324989807,-0.2633815218926922,0.7200901508331299,0.4478606527317316,0.2722294981013983,9.2,9.2,trapezoid_from_zero_normalized_by_max_fraction
ton_iot_binary,46,rid_5654332763228cdbe941f6291bdfd98f,mlp,occlusion,training_median,baseline_marginal_constant,deletion,0,BENIGN,True,0,BENIGN,0.9989368952810764,0.1567167825996875,50,0.909888938628137,0.7748903941929883,0.2109725663370473,0.1349985444351487,0.6989163722910898,0.01618831948706404,0.01172158685276301,0.1120242342037332,0.36904361844062805,0.24545818043872716,0.12358543800190089,9.2,9.2,trapezoid_from_zero_normalized_by_max_fraction
ton_iot_binary,46,rid_5ac6083d52d9128cc0c7879c86271a52,mlp,occlusion,training_median,baseline_marginal_constant,deletion,0,BENIGN,True,0,BENIGN,0.9999998398981234,0.1577797272167344,50,0.8881441621923103,0.745217797403771,0.17382578389657702,0.14292636478853918,0.7143183782957332,0.01287242458469171,0.009520728451861346,0.12426573702289094,0.3627685308456421,0.21764934996888044,0.14511918087676165,9.2,9.2,trapezoid_from_zero_normalized_by_max_fraction
ton_iot_binary,46,rid_63700775accb259980416d6c21c2b49b,mlp,occlusion,training_median,baseline_marginal_constant,deletion,0,BENIGN,True,0,BENIGN,0.9846601188182832,0.1424400061368942,50,0.5069670997443609,0.4649133042575213,0.06884957728167365,0.04205379548683959,0.4381175224626872,0.03146770725144828,0.018291125303517067,0.006203189891946133,3.2276103496551514,3.7720003371238713,-0.5443899874687199,9.2,9.2,trapezoid_from_zero_normalized_by_max_fraction
ton_iot_binary,46,rid_7a46b2fad8b34e52ccbe406dfdd6c1b4,mlp,occlusion,training_median,baseline_marginal_constant,deletion,0,BENIGN,True,0,BENIGN,0.9999908878262432,0.1577707751448542,50,0.9080743620954763,0.7791536982480365,0.22666718844786649,0.12892066384743978,0.6814071736476098,0.014903846604471253,0.010780871948418516,0.10779015482853949,0.3527449369430542,0.22656729650311172,0.12617764043994248,9.2,9.2,trapezoid_from_zero_normalized_by_max_fraction
ton_iot_binary,46,rid_1a518cad6906e59db9ffc85d6011041a,mlp,occlusion,training_median,baseline_marginal_constant,deletion,0,BENIGN,True,0,BENIGN,0.999948257671349,0.15772814498996,50,0.9091559477083138,0.7647698908615311,0.26086939009466187,0.1443860568467826,0.6482865576136521,0.015441794506181803,0.01126864056332219,0.12229952134267111,0.3518480658531189,0.20695345971733334,0.14489460613578556,9.2,9.2,trapezoid_from_zero_normalized_by_max_fraction
ton_iot_binary,46,rid_3c11ba6c875c6b422b5beb6a9c1cf647,mlp,occlusion,training_median,baseline_marginal_constant,deletion,1,ATTACK,True,1,ATTACK,0.99996680021286,0.842186912894249,50,0.25628391653299293,0.21719663616704082,0.341494382916955,0.039087280365952125,-0.08521046638396208,0.023556704078641015,0.013743194342619183,0.012150619454418525,1.0362550020217896,0.8608897171020506,0.1753652849197389,9.2,9.2,trapezoid_from_zero_normalized_by_max_fraction
ton_iot_binary,46,rid_72bbb8e961a8c932da072f79827d67c4,mlp,occlusion,training_median,baseline_marginal_constant,deletion,0,BENIGN,True,0,BENIGN,0.9999999811045336,0.1577798684231445,50,0.8721759467624035,0.7161365073576704,0.10352830775859856,0.15603943940473303,0.7686476390038048,0.010350695768115547,0.008127853748776002,0.14010884605713206,0.3714138865470886,0.22475432751327756,0.14665955903381106,9.2,9.2,trapezoid_from_zero_normalized_by_max_fraction
ton_iot_binary,46,rid_be2af7863764ca8a412b678f54301a22,mlp,occlusion,training_median,baseline_marginal_constant,deletion,0,BENIGN,True,0,BENIGN,0.99967631616164,0.157456203480251,50,0.9102664448029828,0.781598052361528,0.24979095946861618,0.12866839244145467,0.6604754853343666,0.01492820659316959,0.010924744491980522,0.10725589323717286,0.35333895683288574,0.20917060526087877,0.14416835157200697,9.2,9.2,trapezoid_from_zero_normalized_by_max_fraction
ton_iot_binary,46,rid_505e152c3ef69a8f8e767b07816248d3,mlp,occlusion,training_median,baseline_marginal_constant,deletion,1,ATTACK,True,1,ATTACK,0.999967873096466,0.8421879857778549,50,0.31614702492952346,0.18261844868283922,0.16911519254371524,0.13352857624668424,0.14703183238580825,0.03588493060607786,0.02161598050991423,0.09116125444725234,1.6921402215957642,1.453902734041214,0.2382374875545501,9.2,9.2,trapezoid_from_zero_normalized_by_max_fraction
ton_iot_binary,46,rid_30bff1125cda1c3988a046944ca3efb3,mlp,occlusion,training_median,baseline_marginal_constant,deletion,1,ATTACK,True,1,ATTACK,0.9995391964912416,0.8417593091726305,50,0.1772299379110336,0.15394476702529936,0.11869473702460528,0.02328517088573427,0.058535200886428364,0.02858801532318584,0.014297911831860792,-0.00473873630471288,1.1897656917572021,0.9006469070911407,0.28911878466606145,9.2,9.2,trapezoid_from_zero_normalized_by_max_fraction
ton_iot_binary,46,rid_9c888da59f61f2c2540b876846e0e6bf,mlp,occlusion,training_median,baseline_marginal_constant,deletion,1,ATTACK,True,1,ATTACK,0.9832900762557985,0.8255101889371874,50,0.16623468101024624,0.19906735720200697,0.17491494460195417,-0.0328326761917607,-0.008680263591707885,0.03735552497046614,0.02139048692183133,-0.07475803055855011,1.6542270183563232,1.5414695181846618,0.11275750017166142,9.2,9.2,trapezoid_from_zero_normalized_by_max_fraction
ton_iot_binary,46,rid_9c33cb19da563a668f713cb01c8cdbf1,mlp,occlusion,training_median,baseline_marginal_constant,deletion,1,ATTACK,True,1,ATTACK,0.9999985098838806,0.8422186225652695,50,0.06314851939678193,0.056743271350860595,0.09413302382826805,0.006405248045921324,-0.030984504431486135,0.01222552573109949,0.006398888134143647,-0.006136572697000224,1.7764288187026978,1.5970889518260958,0.17933986687660197,9.2,9.2,trapezoid_from_zero_normalized_by_max_fraction
ton_iot_binary,46,rid_4bdac81e88e4e8c3a0632b0c9d67d421,mlp,occlusion,training_median,baseline_marginal_constant,deletion,1,ATTACK,True,1,ATTACK,0.9999990463256836,0.8422191590070724,50,0.19352474808692932,0.10127180641144515,0.09114526611566542,0.09225294167548419,0.10237948197126388,0.021204678912746286,0.012618036498226412,0.06752159013896042,1.586495280265808,1.558075575351715,0.02841970491409307,9.2,9.2,trapezoid_from_zero_normalized_by_max_fraction
ton_iot_binary,46,rid_435881a1379124d28c655ee245760977,mlp,occlusion,training_median,baseline_marginal_constant,deletion,0,BENIGN,True,0,BENIGN,0.9999950881128824,0.1577749754314936,50,0.7873043626605523,0.7232536837015016,0.11028571017559931,0.06405067895905077,0.6770186524849529,0.012557534915090585,0.008920086921500557,0.04656730859290968,1.5135422945022583,1.4970753018856047,0.01646699261665363,9.2,9.2,trapezoid_from_zero_normalized_by_max_fraction
ton_iot_binary,46,rid_485f8b3f726a9fbc91128993da261e64,mlp,occlusion,training_median,baseline_marginal_constant,deletion,1,ATTACK,True,1,ATTACK,0.9993459582328796,0.8415660709142685,50,0.31222005560994154,0.10731806242465973,0.2086627639532089,0.20490199318528174,0.10355729165673261,0.02049837473213251,0.010373175980758848,0.1845705682629944,1.108528733253479,1.228612510204315,-0.12008377695083605,9.2,9.2,trapezoid_from_zero_normalized_by_max_fraction
ton_iot_binary,46,rid_f0c76c1ef3adf56e3915b11c7d28c607,mlp,occlusion,training_median,baseline_marginal_constant,insertion,1,ATTACK,True,1,ATTACK,1.0,0.8422201126813889,50,0.042179960012435916,-0.24503978881831778,-0.21701503495083335,0.28721974883075374,0.25919499496326925,0.05132665658670196,0.026426085797260086,0.23542462066812397,0.7200901508331299,0.4478606527317316,0.2722294981013983,9.2,9.2,trapezoid_from_zero_normalized_by_max_fraction
ton_iot_binary,46,rid_5654332763228cdbe941f6291bdfd98f,mlp,occlusion,training_median,baseline_marginal_constant,insertion,0,BENIGN,True,0,BENIGN,0.9989368952810764,0.1567167825996875,50,0.9066803718940719,0.7798529137614687,0.22062185904069703,0.12682745813260318,0.6860585128533749,0.01615059840187506,0.011685463561568122,0.10392394955192966,0.36904361844062805,0.24545818043872716,0.12358543800190089,9.2,9.2,trapezoid_from_zero_normalized_by_max_fraction
ton_iot_binary,46,rid_5ac6083d52d9128cc0c7879c86271a52,mlp,occlusion,training_median,baseline_marginal_constant,insertion,0,BENIGN,True,0,BENIGN,0.9999998398981234,0.1577797272167344,50,0.9077901141914488,0.7982869762744995,0.33380782044231794,0.1095031379169493,0.5739822937491308,0.013778507156484493,0.00991208319587593,0.09007545485303248,0.3627685308456421,0.21764934996888044,0.14511918087676165,9.2,9.2,trapezoid_from_zero_normalized_by_max_fraction
ton_iot_binary,46,rid_63700775accb259980416d6c21c2b49b,mlp,occlusion,training_median,baseline_marginal_constant,insertion,0,BENIGN,True,0,BENIGN,0.9846601188182832,0.1424400061368942,50,0.876576801110059,0.8206751475263445,0.49740139243134396,0.0559016535837145,0.379175408678715,0.009409376751436473,0.006131356152999234,0.043884195523836,3.2276103496551514,3.7720003371238713,-0.5443899874687199,9.2,9.2,trapezoid_from_zero_normalized_by_max_fraction
ton_iot_binary,46,rid_7a46b2fad8b34e52ccbe406dfdd6c1b4,mlp,occlusion,training_median,baseline_marginal_constant,insertion,0,BENIGN,True,0,BENIGN,0.9999908878262432,0.1577707751448542,50,0.9077821260353631,0.7973005327445,0.2673692218368633,0.11048159329086324,0.6404129041984997,0.0153755682834918,0.011080237072152986,0.08876432862944339,0.3527449369430542,0.22656729650311172,0.12617764043994248,9.2,9.2,trapezoid_from_zero_normalized_by_max_fraction
ton_iot_binary,46,rid_1a518cad6906e59db9ffc85d6011041a,mlp,occlusion,training_median,baseline_marginal_constant,insertion,0,BENIGN,True,0,BENIGN,0.999948257671349,0.15772814498996,50,0.9077419923725756,0.7759694526439052,0.2876014608762962,0.13177253972867042,0.6201405314962795,0.015585229725808029,0.011311031099802998,0.10960291877305654,0.3518480658531189,0.20695345971733334,0.14489460613578556,9.2,9.2,trapezoid_from_zero_normalized_by_max_fraction
ton_iot_binary,46,rid_3c11ba6c875c6b422b5beb6a9c1cf647,mlp,occlusion,training_median,baseline_marginal_constant,insertion,1,ATTACK,True,1,ATTACK,0.99996680021286,0.842186912894249,50,0.036389172077178955,-0.14400872390358943,-0.2676205740464688,0.18039789598076836,0.30400974612364773,0.024560422761036756,0.014803565483689978,0.151382907632736,1.0362550020217896,0.8608897171020506,0.1753652849197389,9.2,9.2,trapezoid_from_zero_normalized_by_max_fraction
ton_iot_binary,46,rid_72bbb8e961a8c932da072f79827d67c4,mlp,occlusion,training_median,baseline_marginal_constant,insertion,0,BENIGN,True,0,BENIGN,0.9999999811045336,0.1577798684231445,50,0.9077902352880973,0.8071971453744764,0.30261018465984313,0.10059308991362097,0.6051800506282543,0.013711531586054307,0.009826763350385268,0.08133263374686583,0.3714138865470886,0.22475432751327756,0.14665955903381106,9.2,9.2,trapezoid_from_zero_normalized_by_max_fraction
ton_iot_binary,46,rid_be2af7863764ca8a412b678f54301a22,mlp,occlusion,training_median,baseline_marginal_constant,insertion,0,BENIGN,True,0,BENIGN,0.99967631616164,0.157456203480251,50,0.907468989444351,0.7877763744843924,0.26773763059693556,0.11969261495995849,0.6397313588474153,0.014913236422648357,0.010902006824552349,0.0983246815838359,0.35333895683288574,0.20917060526087877,0.14416835157200697,9.2,9.2,trapezoid_from_zero_normalized_by_max_fraction
ton_iot_binary,46,rid_505e152c3ef69a8f8e767b07816248d3,mlp,occlusion,training_median,baseline_marginal_constant,insertion,1,ATTACK,True,1,ATTACK,0.999967873096466,0.8421879857778549,50,-0.17809012132929639,-0.18827768268867112,-0.17285853594337378,0.010187561359374729,-0.00523158538592261,0.03746510559784717,0.02022121896176891,-0.029446027805692332,1.6921402215957642,1.453902734041214,0.2382374875545501,9.2,9.2,trapezoid_from_zero_normalized_by_max_fraction
ton_iot_binary,46,rid_30bff1125cda1c3988a046944ca3efb3,mlp,occlusion,training_median,baseline_marginal_constant,insertion,1,ATTACK,True,1,ATTACK,0.9995391964912416,0.8417593091726305,50,0.041418612003326416,-0.07358354802429676,-0.15588117251172662,0.11500216002762317,0.197299784515053,0.02998261996899486,0.016517786719395744,0.08262729805760752,1.1897656917572021,0.9006469070911407,0.28911878466606145,9.2,9.2,trapezoid_from_zero_normalized_by_max_fraction
ton_iot_binary,46,rid_9c888da59f61f2c2540b876846e0e6bf,mlp,occlusion,training_median,baseline_marginal_constant,insertion,1,ATTACK,True,1,ATTACK,0.9832900762557985,0.8255101889371874,50,-0.3768186458502897,-0.20894983801478137,-0.21414313356450104,-0.16786880783550823,-0.16267551228578858,0.03680609342484122,0.01936022773502161,-0.2058148541961506,1.6542270183563232,1.5414695181846618,0.11275750017166142,9.2,9.2,trapezoid_from_zero_normalized_by_max_fraction
ton_iot_binary,46,rid_9c33cb19da563a668f713cb01c8cdbf1,mlp,occlusion,training_median,baseline_marginal_constant,insertion,1,ATTACK,True,1,ATTACK,0.9999985098838806,0.8422186225652695,50,0.041938990354537964,-0.12061655609309671,-0.10507959592342378,0.16255554644763467,0.14701858627796172,0.022676829108411362,0.011828066420429094,0.13937253626359364,1.7764288187026978,1.5970889518260958,0.17933986687660197,9.2,9.2,trapezoid_from_zero_normalized_by_max_fraction
ton_iot_binary,46,rid_4bdac81e88e4e8c3a0632b0c9d67d421,mlp,occlusion,training_median,baseline_marginal_constant,insertion,1,ATTACK,True,1,ATTACK,0.9999990463256836,0.8422191590070724,50,-0.05911927223205568,-0.12702991400752217,-0.13859777880460022,0.06791064177546649,0.07947850657254456,0.02976266688202481,0.015121953670006603,0.03827161258225355,1.586495280265808,1.558075575351715,0.02841970491409307,9.2,9.2,trapezoid_from_zero_normalized_by_max_fraction
ton_iot_binary,46,rid_435881a1379124d28c655ee245760977,mlp,occlusion,training_median,baseline_marginal_constant,insertion,0,BENIGN,True,0,BENIGN,0.9999950881128824,0.1577749754314936,50,0.8510635501175897,0.7991750667246655,0.3553925604142978,0.05188848339292418,0.49567098970329204,0.0135852802831073,0.00990118675926846,0.032482157344758,1.5135422945022583,1.4970753018856047,0.01646699261665363,9.2,9.2,trapezoid_from_zero_normalized_by_max_fraction
ton_iot_binary,46,rid_485f8b3f726a9fbc91128993da261e64,mlp,occlusion,training_median,baseline_marginal_constant,insertion,1,ATTACK,True,1,ATTACK,0.9993459582328796,0.8415660709142685,50,0.029906627535820008,-0.1718420100957155,-0.1279085011407733,0.20174863763153553,0.1578151286765933,0.027568173229003786,0.01581023203087744,0.17076058285101575,1.108528733253479,1.228612510204315,-0.12008377695083605,9.2,9.2,trapezoid_from_zero_normalized_by_max_fraction
ton_iot_binary,46,rid_f0c76c1ef3adf56e3915b11c7d28c607,mlp,occlusion,target_class_median,baseline_marginal_constant,deletion,1,ATTACK,True,1,ATTACK,1.0,0.8422201126813889,50,0.14812736809253693,0.10713315296173095,0.04243331152200699,0.04099421513080598,0.10569405657052994,0.02042758987358735,0.011153043399365715,0.019134250068049176,0.8284843564033508,0.5045002274215221,0.3239841289818287,9.2,9.2,trapezoid_from_zero_normalized_by_max_fraction
ton_iot_binary,46,rid_5654332763228cdbe941f6291bdfd98f,mlp,occlusion,target_class_median,baseline_marginal_constant,deletion,0,BENIGN,True,0,BENIGN,0.9989368952810764,0.1567167825996875,50,-0.0009035491162034503,-0.00012478442497883434,-0.0001994320393774345,-0.000778764691224616,-0.0007041170768260158,6.156064481487458e-05,3.332186804145944e-05,-0.0008440755525858765,0.049001775681972504,0.015400596685707568,0.033601178996264934,9.2,9.2,trapezoid_from_zero_normalized_by_max_fraction
ton_iot_binary,46,rid_5ac6083d52d9128cc0c7879c86271a52,mlp,occlusion,target_class_median,baseline_marginal_constant,deletion,0,BENIGN,True,0,BENIGN,0.9999998398981234,0.1577797272167344,50,-4.960687718380541e-08,-9.84942852255699e-09,-1.585168853779351e-08,-3.975744866124842e-08,-3.37551886460119e-08,3.397210562547008e-09,1.7684488913737973e-09,-4.322360848834106e-08,0.01824742928147316,0.006787008016835898,0.011460421264637262,9.2,9.2,trapezoid_from_zero_normalized_by_max_fraction
ton_iot_binary,46,rid_63700775accb259980416d6c21c2b49b,mlp,occlusion,target_class_median,baseline_marginal_constant,deletion,0,BENIGN,True,0,BENIGN,0.9846601188182832,0.1424400061368942,50,0.19368799141375348,0.13110091333512433,0.06588912634526377,0.06258707807862915,0.1277988650684897,0.028116903264385807,0.015222371767125013,0.03275122941506413,3.215628147125244,2.873707575559616,0.34192057156562816,9.2,9.2,trapezoid_from_zero_normalized_by_max_fraction
ton_iot_binary,46,rid_7a46b2fad8b34e52ccbe406dfdd6c1b4,mlp,occlusion,target_class_median,baseline_marginal_constant,deletion,0,BENIGN,True,0,BENIGN,0.9999908878262432,0.1577707751448542,50,-6.306013720092096e-06,-1.8628397448878785e-06,-2.6379507948774973e-06,-4.443173975204217e-06,-3.668062925214599e-06,4.114447844559011e-07,2.419590190363418e-07,-4.917413652515447e-06,0.02571835182607174,0.006778558567166329,0.01893979325890541,9.2,9.2,trapezoid_from_zero_normalized_by_max_fraction
ton_iot_binary,46,rid_1a518cad6906e59db9ffc85d6011041a,mlp,occlusion,target_class_median,baseline_marginal_constant,deletion,0,BENIGN,True,0,BENIGN,0.999948257671349,0.15772814498996,50,-4.389449920907396e-05,-1.3515558312860775e-05,-1.3061628370678591e-05,-3.037894089621318e-05,-3.0832870838395365e-05,2.7032783348196784e-06,1.4325229706710838e-06,-3.3186685918728504e-05,0.033129747956991196,0.010219887118786571,0.022909860838204624,9.2,9.2,trapezoid_from_zero_normalized_by_max_fraction
ton_iot_binary,46,rid_3c11ba6c875c6b422b5beb6a9c1cf647,mlp,occlusion,target_class_median,baseline_marginal_constant,deletion,1,ATTACK,True,1,ATTACK,0.99996680021286,0.842186912894249,50,0.36795220801436557,0.3604147805501459,0.22930519483923517,0.007537427464219676,0.13864701317513042,0.039357349578820776,0.01867137356818873,-0.029058464729430238,0.8271066546440125,0.9546991024017334,-0.12759244775772094,9.2,9.2,trapezoid_from_zero_normalized_by_max_fraction
ton_iot_binary,46,rid_72bbb8e961a8c932da072f79827d67c4,mlp,occlusion,target_class_median,baseline_marginal_constant,deletion,0,BENIGN,True,0,BENIGN,0.9999999811045336,0.1577798684231445,50,7.13385555073387e-08,1.3113982980428316e-08,2.0715473358023928e-08,5.8224572526910374e-08,5.0623082149314765e-08,3.72833068234162e-09,1.9547402985132718e-09,5.439328154182436e-08,0.02064617909491062,0.004656887244433165,0.015989291850477455,9.2,9.2,trapezoid_from_zero_normalized_by_max_fraction
ton_iot_binary,46,rid_be2af7863764ca8a412b678f54301a22,mlp,occlusion,target_class_median,baseline_marginal_constant,deletion,0,BENIGN,True,0,BENIGN,0.99967631616164,0.157456203480251,50,-0.0002750427859638194,-4.9552316402596834e-05,-6.724444483307933e-05,-0.00022549046956122254,-0.00020779834113074003,1.7278977344179626e-05,8.96455596348293e-06,-0.00024306099924964908,0.033297114074230194,0.009418905042111873,0.02387820903211832,9.2,9.2,trapezoid_from_zero_normalized_by_max_fraction
ton_iot_binary,46,rid_505e152c3ef69a8f8e767b07816248d3,mlp,occlusion,target_class_median,baseline_marginal_constant,deletion,1,ATTACK,True,1,ATTACK,0.999967873096466,0.8421879857778549,50,0.46171992197632783,0.2652174013778567,0.12513934332318605,0.19650252059847118,0.3365805786531419,0.030763038178585014,0.01564670530866496,0.16583497819348786,1.2922840118408203,1.3216416037082674,-0.02935759186744713,9.2,9.2,trapezoid_from_zero_normalized_by_max_fraction
ton_iot_binary,46,rid_30bff1125cda1c3988a046944ca3efb3,mlp,occlusion,target_class_median,baseline_marginal_constant,deletion,1,ATTACK,True,1,ATTACK,0.9995391964912416,0.8417593091726305,50,0.3792835161089897,0.4244733010055497,0.25241991739720104,-0.045189784896560004,0.12686359871178865,0.03803052113065996,0.0200380124731612,-0.08446428934395595,1.2073228359222412,1.1728647067546845,0.03445812916755675,9.2,9.2,trapezoid_from_zero_normalized_by_max_fraction
ton_iot_binary,46,rid_9c888da59f61f2c2540b876846e0e6bf,mlp,occlusion,target_class_median,baseline_marginal_constant,deletion,1,ATTACK,True,1,ATTACK,0.9832900762557985,0.8255101889371874,50,0.5952417977154255,0.2605584910288453,0.16525869047641756,0.33468330668658014,0.429983107239008,0.026295566362316995,0.013719224820540702,0.3077936260383204,1.2140183448791504,1.230554174900055,-0.01653583002090464,9.2,9.2,trapezoid_from_zero_normalized_by_max_fraction
ton_iot_binary,46,rid_9c33cb19da563a668f713cb01c8cdbf1,mlp,occlusion,target_class_median,baseline_marginal_constant,deletion,1,ATTACK,True,1,ATTACK,0.9999985098838806,0.8422186225652695,50,0.3781612187623978,0.4697610992491245,0.1176729599237442,-0.09159988048672676,0.26048825883865356,0.02086382388302368,0.009831601693154847,-0.11086981980531027,1.5119988918304443,1.3779658591747286,0.13403303265571576,9.2,9.2,trapezoid_from_zero_normalized_by_max_fraction
ton_iot_binary,46,rid_4bdac81e88e4e8c3a0632b0c9d67d421,mlp,occlusion,target_class_median,baseline_marginal_constant,deletion,1,ATTACK,True,1,ATTACK,0.9999990463256836,0.8422191590070724,50,0.37017126232385633,0.2560716752409935,0.09755541801452636,0.11409958708286287,0.27261584430933006,0.023128040813294882,0.012221826203769773,0.09014480772347411,1.4427263736724854,1.3955584108829497,0.04716796278953561,9.2,9.2,trapezoid_from_zero_normalized_by_max_fraction
ton_iot_binary,46,rid_435881a1379124d28c655ee245760977,mlp,occlusion,target_class_median,baseline_marginal_constant,deletion,0,BENIGN,True,0,BENIGN,0.9999950881128824,0.1577749754314936,50,0.09537306439998759,0.11440471332539373,0.08256190350173112,-0.019031648925406135,0.012811160898256471,0.020500341824322168,0.013910224857076553,-0.04629568964527618,1.4361884593963623,1.320873055100441,0.11531540429592124,9.2,9.2,trapezoid_from_zero_normalized_by_max_fraction
ton_iot_binary,46,rid_485f8b3f726a9fbc91128993da261e64,mlp,occlusion,target_class_median,baseline_marginal_constant,deletion,1,ATTACK,True,1,ATTACK,0.9993459582328796,0.8415660709142685,50,0.47234975844621657,0.2993134566396475,0.20363026861660183,0.17303630180656912,0.2687194898296148,0.029762621880059178,0.0164515079238297,0.1407913462758629,0.8826738595962524,0.9608061634302139,-0.07813230383396141,9.2,9.2,trapezoid_from_zero_normalized_by_max_fraction
ton_iot_binary,46,rid_f0c76c1ef3adf56e3915b11c7d28c607,mlp,occlusion,target_class_median,baseline_marginal_constant,insertion,1,ATTACK,True,1,ATTACK,1.0,0.8422201126813889,50,0.6390416666865348,0.5598999013900757,0.41437827533483507,0.07914176529645917,0.22466339135169985,0.01734021041031667,0.008656766764879927,0.06217450243729451,0.8284843564033508,0.5045002274215221,0.3239841289818287,9.2,9.2,trapezoid_from_zero_normalized_by_max_fraction
ton_iot_binary,46,rid_5654332763228cdbe941f6291bdfd98f,mlp,occlusion,target_class_median,baseline_marginal_constant,insertion,0,BENIGN,True,0,BENIGN,0.9989368952810764,0.1567167825996875,50,-0.0009619225219903881,-0.0002808359964492482,-0.0003457547098833587,-0.00068108652554114,-0.0006161678121070296,7.044526203512173e-05,3.82090725457003e-05,-0.0007559763077307127,0.049001775681972504,0.015400596685707568,0.033601178996264934,9.2,9.2,trapezoid_from_zero_normalized_by_max_fraction
ton_iot_binary,46,rid_5ac6083d52d9128cc0c7879c86271a52,mlp,occlusion,target_class_median,baseline_marginal_constant,insertion,0,BENIGN,True,0,BENIGN,0.9999998398981234,0.1577797272167344,50,-4.98071745624884e-08,-1.0271388333649158e-08,-1.6285666191606652e-08,-3.953578622883925e-08,-3.352150837088174e-08,3.432016184564392e-09,1.787536042985949e-09,-4.3039356873091704e-08,0.01824742928147316,0.006787008016835898,0.011460421264637262,9.2,9.2,trapezoid_from_zero_normalized_by_max_fraction
ton_iot_binary,46,rid_63700775accb259980416d6c21c2b49b,mlp,occlusion,target_class_median,baseline_marginal_constant,insertion,0,BENIGN,True,0,BENIGN,0.9846601188182832,0.1424400061368942,50,-0.012459852676790107,-0.07447924847976697,-0.15641360068071164,0.06201939580297687,0.14395374800392152,0.011988272159139817,0.006429151836730471,0.04941825820298515,3.215628147125244,2.873707575559616,0.34192057156562816,9.2,9.2,trapezoid_from_zero_normalized_by_max_fraction
ton_iot_binary,46,rid_7a46b2fad8b34e52ccbe406dfdd6c1b4,mlp,occlusion,target_class_median,baseline_marginal_constant,insertion,0,BENIGN,True,0,BENIGN,0.9999908878262432,0.1577707751448542,50,-6.306013720092096e-06,-1.887014754657912e-06,-2.6658389597429274e-06,-4.418998965434184e-06,-3.6401747603491684e-06,4.1327159725200767e-07,2.430241547761751e-07,-4.895326308795487e-06,0.02571835182607174,0.006778558567166329,0.01893979325890541,9.2,9.2,trapezoid_from_zero_normalized_by_max_fraction
ton_iot_binary,46,rid_1a518cad6906e59db9ffc85d6011041a,mlp,occlusion,target_class_median,baseline_marginal_constant,insertion,0,BENIGN,True,0,BENIGN,0.999948257671349,0.15772814498996,50,-4.331808336068832e-05,-1.205530483028383e-05,-1.1839626772101042e-05,-3.126277853040449e-05,-3.147845658858728e-05,2.5873150934132168e-06,1.3771402842697505e-06,-3.39619734875732e-05,0.033129747956991196,0.010219887118786571,0.022909860838204624,9.2,9.2,trapezoid_from_zero_normalized_by_max_fraction
ton_iot_binary,46,rid_3c11ba6c875c6b422b5beb6a9c1cf647,mlp,occlusion,target_class_median,baseline_marginal_constant,insertion,1,ATTACK,True,1,ATTACK,0.99996680021286,0.842186912894249,50,0.6327961042523385,0.3907837104726708,0.32737452050958893,0.24201239377966766,0.3054215837427494,0.03954218485521579,0.02175492327402076,0.19937274416258696,0.8271066546440125,0.9546991024017334,-0.12759244775772094,9.2,9.2,trapezoid_from_zero_normalized_by_max_fraction
ton_iot_binary,46,rid_72bbb8e961a8c932da072f79827d67c4,mlp,occlusion,target_class_median,baseline_marginal_constant,insertion,0,BENIGN,True,0,BENIGN,0.9999999811045336,0.1577798684231445,50,7.186687263072145e-08,1.4128351857323197e-08,2.186720468699832e-08,5.773852077339825e-08,4.999966794372313e-08,3.827358868451173e-09,2.0048022265726422e-09,5.380910840931588e-08,0.02064617909491062,0.004656887244433165,0.015989291850477455,9.2,9.2,trapezoid_from_zero_normalized_by_max_fraction
ton_iot_binary,46,rid_be2af7863764ca8a412b678f54301a22,mlp,occlusion,target_class_median,baseline_marginal_constant,insertion,0,BENIGN,True,0,BENIGN,0.99967631616164,0.157456203480251,50,-0.00028286943956850057,-6.922330579569547e-05,-8.456743814477363e-05,-0.00021364613377280507,-0.0001983020014237269,1.862648993023048e-05,9.59813968506736e-06,-0.0002324584875555371,0.033297114074230194,0.009418905042111873,0.02387820903211832,9.2,9.2,trapezoid_from_zero_normalized_by_max_fraction
ton_iot_binary,46,rid_505e152c3ef69a8f8e767b07816248d3,mlp,occlusion,target_class_median,baseline_marginal_constant,insertion,1,ATTACK,True,1,ATTACK,0.999967873096466,0.8421879857778549,50,0.6097505107522011,0.47220207651099194,0.3168834190201014,0.13754843424120916,0.2928670917320997,0.02709278092311128,0.01373513904391562,0.11062756171513455,1.2922840118408203,1.3216416037082674,-0.02935759186744713,9.2,9.2,trapezoid_from_zero_normalized_by_max_fraction
ton_iot_binary,46,rid_30bff1125cda1c3988a046944ca3efb3,mlp,occlusion,target_class_median,baseline_marginal_constant,insertion,1,ATTACK,True,1,ATTACK,0.9995391964912416,0.8417593091726305,50,0.2947126403450966,0.4111333214528859,0.2292609405796975,-0.11642068110778926,0.0654516997653991,0.03672787178704903,0.019503060855977226,-0.1546466803855046,1.2073228359222412,1.1728647067546845,0.03445812916755675,9.2,9.2,trapezoid_from_zero_normalized_by_max_fraction
ton_iot_binary,46,rid_9c888da59f61f2c2540b876846e0e6bf,mlp,occlusion,target_class_median,baseline_marginal_constant,insertion,1,ATTACK,True,1,ATTACK,0.9832900762557985,0.8255101889371874,50,0.5194348618388176,0.36719901297986507,0.31589701679348947,0.1522358488589525,0.20353784504532813,0.03158656754133981,0.017505183573615836,0.11792568905466547,1.2140183448791504,1.230554174900055,-0.01653583002090464,9.2,9.2,trapezoid_from_zero_normalized_by_max_fraction
ton_iot_binary,46,rid_9c33cb19da563a668f713cb01c8cdbf1,mlp,occlusion,target_class_median,baseline_marginal_constant,insertion,1,ATTACK,True,1,ATTACK,0.9999985098838806,0.8422186225652695,50,0.6427109763026237,0.5880941285789012,0.3641647148728371,0.054616847723722495,0.27854626142978667,0.007378985829331114,0.004799245942741522,0.04521032567594911,1.5119988918304443,1.3779658591747286,0.13403303265571576,9.2,9.2,trapezoid_from_zero_normalized_by_max_fraction
ton_iot_binary,46,rid_4bdac81e88e4e8c3a0632b0c9d67d421,mlp,occlusion,target_class_median,baseline_marginal_constant,insertion,1,ATTACK,True,1,ATTACK,0.9999990463256836,0.8422191590070724,50,0.6162153020501138,0.44770468652248385,0.3051596650779247,0.16851061552762986,0.31105563697218896,0.026507920039665667,0.014768616658993237,0.13956412687600311,1.4427263736724854,1.3955584108829497,0.04716796278953561,9.2,9.2,trapezoid_from_zero_normalized_by_max_fraction
ton_iot_binary,46,rid_435881a1379124d28c655ee245760977,mlp,occlusion,target_class_median,baseline_marginal_constant,insertion,0,BENIGN,True,0,BENIGN,0.9999950881128824,0.1577749754314936,50,-0.0996759272226349,-0.08311528117623128,-0.29265070786360187,-0.016560646046403633,0.192974780640967,0.012647176511867394,0.00870068612392319,-0.03361399084929309,1.4361884593963623,1.320873055100441,0.11531540429592124,9.2,9.2,trapezoid_from_zero_normalized_by_max_fraction
ton_iot_binary,46,rid_485f8b3f726a9fbc91128993da261e64,mlp,occlusion,target_class_median,baseline_marginal_constant,insertion,1,ATTACK,True,1,ATTACK,0.9993459582328796,0.8415660709142685,50,0.641888926923275,0.401715468455106,0.33748222190141675,0.24017345846816895,0.30440670502185824,0.030712987471301422,0.016612364315552734,0.2076132244096856,0.8826738595962524,0.9608061634302139,-0.07813230383396141,9.2,9.2,trapezoid_from_zero_normalized_by_max_fraction
ton_iot_binary,46,rid_f0c76c1ef3adf56e3915b11c7d28c607,mlp,occlusion,joint_donor,dependency_preserving,deletion,1,ATTACK,True,1,ATTACK,1.0,0.8422201126813889,50,0.6068878371384926,0.426452085007568,0.35388001387828893,0.18043575213092464,0.25300782326020366,0.05612188719768391,0.02702126355615812,0.12747407556085472,0.8825098872184753,0.8316933964788913,0.05081649073958405,9.2,9.2,trapezoid_from_zero_normalized_by_max_fraction
ton_iot_binary,46,rid_5654332763228cdbe941f6291bdfd98f,mlp,occlusion,joint_donor,dependency_preserving,deletion,0,BENIGN,True,0,BENIGN,0.9989368952810764,0.1567167825996875,50,0.43419545127662784,0.23585339296080243,0.2809800792707543,0.1983420583158254,0.15321537200587362,0.049207375527257624,0.02460668562548987,0.15011295448986525,0.3690252900123596,0.22931728213932362,0.139708007873036,9.2,9.2,trapezoid_from_zero_normalized_by_max_fraction
ton_iot_binary,46,rid_5ac6083d52d9128cc0c7879c86271a52,mlp,occlusion,joint_donor,dependency_preserving,deletion,0,BENIGN,True,0,BENIGN,0.9999998398981234,0.1577797272167344,50,0.43203554565972696,0.23028828510063037,0.2980556860311011,0.2017472605590966,0.1339798596286258,0.04435235793742032,0.02215008484028107,0.1583330942721457,0.05510036274790764,0.02002409990504384,0.035076262842863803,9.2,9.2,trapezoid_from_zero_normalized_by_max_fraction
ton_iot_binary,46,rid_63700775accb259980416d6c21c2b49b,mlp,occlusion,joint_donor,dependency_preserving,deletion,0,BENIGN,True,0,BENIGN,0.9846601188182832,0.1424400061368942,50,0.3243030327484121,0.210928485939418,0.07480056390884232,0.11337454680899406,0.24950246883956978,0.03332271171917259,0.01773847229738648,0.07860714110611655,3.0049686431884766,2.4298648390769957,0.5751038041114809,9.2,9.2,trapezoid_from_zero_normalized_by_max_fraction
ton_iot_binary,46,rid_7a46b2fad8b34e52ccbe406dfdd6c1b4,mlp,occlusion,joint_donor,dependency_preserving,deletion,0,BENIGN,True,0,BENIGN,0.9999908878262432,0.1577707751448542,50,0.27308665804343946,0.2656604151351596,0.2851917680387016,0.007426242908279923,-0.012105109995262084,0.047741688554394104,0.023392709122311593,-0.0384234669714508,0.04706293344497681,0.012244070388376712,0.03481886305660009,9.2,9.2,trapezoid_from_zero_normalized_by_max_fraction
ton_iot_binary,46,rid_1a518cad6906e59db9ffc85d6011041a,mlp,occlusion,joint_donor,dependency_preserving,deletion,0,BENIGN,True,0,BENIGN,0.999948257671349,0.15772814498996,50,0.23742124387584396,0.28780494561367564,0.3032711191427262,-0.050383701737831646,-0.06584987526688221,0.05292664363665944,0.0256215261834587,-0.1006018930574107,0.8438514471054077,1.0524991486072541,-0.20864770150184642,9.2,9.2,trapezoid_from_zero_normalized_by_max_fraction
ton_iot_binary,46,rid_3c11ba6c875c6b422b5beb6a9c1cf647,mlp,occlusion,joint_donor,dependency_preserving,deletion,1,ATTACK,True,1,ATTACK,0.99996680021286,0.842186912894249,50,0.6563344852202991,0.578280107600856,0.4229160334203809,0.0780543776194431,0.23341845179991816,0.05527663482353326,0.02609621487488997,0.026905796464658766,1.265141487121582,1.5475496981143952,-0.2824082109928132,9.2,9.2,trapezoid_from_zero_normalized_by_max_fraction
ton_iot_binary,46,rid_72bbb8e961a8c932da072f79827d67c4,mlp,occlusion,joint_donor,dependency_preserving,deletion,0,BENIGN,True,0,BENIGN,0.9999999811045336,0.1577798684231445,50,0.22417346476186997,0.3131702860723987,0.25592745572863423,-0.0889968213105288,-0.031753990966764276,0.05288956621590765,0.025499194711952666,-0.13897524294595603,0.6445993185043335,0.759375332415104,-0.11477601391077052,9.2,9.2,trapezoid_from_zero_normalized_by_max_fraction
ton_iot_binary,46,rid_be2af7863764ca8a412b678f54301a22,mlp,occlusion,joint_donor,dependency_preserving,deletion,0,BENIGN,True,0,BENIGN,0.99967631616164,0.157456203480251,50,0.19466598544348743,0.32492685652749675,0.2733584818254826,-0.13026087108400933,-0.07869249638199519,0.05489720221641157,0.026299788320251073,-0.18180845619170144,0.4320197105407715,0.7025874589085579,-0.2705677483677864,9.2,9.2,trapezoid_from_zero_normalized_by_max_fraction
ton_iot_binary,46,rid_505e152c3ef69a8f8e767b07816248d3,mlp,occlusion,joint_donor,dependency_preserving,deletion,1,ATTACK,True,1,ATTACK,0.999967873096466,0.8421879857778549,50,0.17551284134387968,0.3645272506107067,0.2739539728747725,-0.189014409266827,-0.09844113153089284,0.05598430772597357,0.02741948885466065,-0.24275660742196187,1.8138065338134766,1.7074429168701173,0.10636361694335927,9.2,9.2,trapezoid_from_zero_normalized_by_max_fraction
ton_iot_binary,46,rid_30bff1125cda1c3988a046944ca3efb3,mlp,occlusion,joint_donor,dependency_preserving,deletion,1,ATTACK,True,1,ATTACK,0.9995391964912416,0.8417593091726305,50,0.6039283260318162,0.45303346950659273,0.36400920409370724,0.1508948565252234,0.23991912193810896,0.055371234475857706,0.026342326967556576,0.0992638956688125,1.3835580348968506,1.1863146142959595,0.19724342060089106,9.2,9.2,trapezoid_from_zero_normalized_by_max_fraction
ton_iot_binary,46,rid_9c888da59f61f2c2540b876846e0e6bf,mlp,occlusion,joint_donor,dependency_preserving,deletion,1,ATTACK,True,1,ATTACK,0.9832900762557985,0.8255101889371874,50,0.35324431508779525,0.3201790458604422,0.26668095745811704,0.033065269227353054,0.08656335762967823,0.05039295442207986,0.024450983357280902,-0.014858658152917516,1.704850196838379,1.7061436104774477,-0.0012934136390687634,9.2,9.2,trapezoid_from_zero_normalized_by_max_fraction
ton_iot_binary,46,rid_9c33cb19da563a668f713cb01c8cdbf1,mlp,occlusion,joint_donor,dependency_preserving,deletion,1,ATTACK,True,1,ATTACK,0.9999985098838806,0.8422186225652695,50,0.06673025190830231,0.3091181851845594,0.25810935870393464,-0.2423879332762571,-0.1913791067956323,0.04853094288677282,0.02401180064063927,-0.28945106253191005,0.020876139402389526,0.01800275681915355,0.0028733825832359776,9.2,9.2,trapezoid_from_zero_normalized_by_max_fraction
ton_iot_binary,46,rid_4bdac81e88e4e8c3a0632b0c9d67d421,mlp,occlusion,joint_donor,dependency_preserving,deletion,1,ATTACK,True,1,ATTACK,0.9999990463256836,0.8422191590070724,50,0.14599129557609558,0.23015151127645556,0.23839614582011306,-0.08416021570035997,-0.0924048502440175,0.04417063585096233,0.022479127458784033,-0.12821930551957667,1.6844902038574219,1.693241271495819,-0.008751067638397059,9.2,9.2,trapezoid_from_zero_normalized_by_max_fraction
ton_iot_binary,46,rid_435881a1379124d28c655ee245760977,mlp,occlusion,joint_donor,dependency_preserving,deletion,0,BENIGN,True,0,BENIGN,0.9999950881128824,0.1577749754314936,50,0.1665736308078758,0.2978136020406902,0.05637682733121955,-0.13123997123281433,0.11019680347665627,0.046775079887348636,0.023944884673413627,-0.17817194519270504,1.1779983043670654,1.2040762994289398,-0.02607799506187436,9.2,9.2,trapezoid_from_zero_normalized_by_max_fraction
ton_iot_binary,46,rid_485f8b3f726a9fbc91128993da261e64,mlp,occlusion,joint_donor,dependency_preserving,deletion,1,ATTACK,True,1,ATTACK,0.9993459582328796,0.8415660709142685,50,0.3929219969315455,0.3260406661057177,0.3020767433990595,0.06688133082582774,0.09084525353248593,0.05221406490105887,0.025295834659797626,0.0173014948926244,0.9208905100822449,0.9970341447591782,-0.0761436346769333,9.2,9.2,trapezoid_from_zero_normalized_by_max_fraction
ton_iot_binary,46,rid_f0c76c1ef3adf56e3915b11c7d28c607,mlp,occlusion,joint_donor,dependency_preserving,insertion,1,ATTACK,True,1,ATTACK,1.0,0.8422201126813889,50,0.3801886603861931,0.5270357259989678,0.4884962032634811,-0.14684706561277464,-0.10830754287728796,0.05823260355706347,0.027547253618656366,-0.2008396827053411,0.8825098872184753,0.8316933964788913,0.05081649073958405,9.2,9.2,trapezoid_from_zero_normalized_by_max_fraction
ton_iot_binary,46,rid_5654332763228cdbe941f6291bdfd98f,mlp,occlusion,joint_donor,dependency_preserving,insertion,0,BENIGN,True,0,BENIGN,0.9989368952810764,0.1567167825996875,50,0.8129247663878345,0.5628292334038232,0.538576562337858,0.25009553298401127,0.27434820404997656,0.05799300225958885,0.02726969136439217,0.19664693790980262,0.3690252900123596,0.22931728213932362,0.139708007873036,9.2,9.2,trapezoid_from_zero_normalized_by_max_fraction
ton_iot_binary,46,rid_5ac6083d52d9128cc0c7879c86271a52,mlp,occlusion,joint_donor,dependency_preserving,insertion,0,BENIGN,True,0,BENIGN,0.9999998398981234,0.1577797272167344,50,-0.0018834126502282444,-0.437876721527105,-0.4155160208986387,0.43599330887687676,0.4136326082484105,0.06107863604431002,0.0288904496643827,0.3793680275346867,0.05510036274790764,0.02002409990504384,0.035076262842863803,9.2,9.2,trapezoid_from_zero_normalized_by_max_fraction
ton_iot_binary,46,rid_63700775accb259980416d6c21c2b49b,mlp,occlusion,joint_donor,dependency_preserving,insertion,0,BENIGN,True,0,BENIGN,0.9846601188182832,0.1424400061368942,50,0.7245961005217396,0.8107180614901448,0.6087110463568692,-0.08612196096840533,0.11588505416487033,0.025334055083970984,0.011488246598714804,-0.10863892430188635,3.0049686431884766,2.4298648390769957,0.5751038041114809,9.2,9.2,trapezoid_from_zero_normalized_by_max_fraction
ton_iot_binary,46,rid_7a46b2fad8b34e52ccbe406dfdd6c1b4,mlp,occlusion,joint_donor,dependency_preserving,insertion,0,BENIGN,True,0,BENIGN,0.9999908878262432,0.1577707751448542,50,-0.29082185751463907,-0.37020307154252885,-0.4395049618691972,0.07938121402788972,0.1486831043545581,0.05888575266408659,0.027919998233307326,0.024658017490607365,0.04706293344497681,0.012244070388376712,0.03481886305660009,9.2,9.2,trapezoid_from_zero_normalized_by_max_fraction
ton_iot_binary,46,rid_1a518cad6906e59db9ffc85d6011041a,mlp,occlusion,joint_donor,dependency_preserving,insertion,0,BENIGN,True,0,BENIGN,0.999948257671349,0.15772814498996,50,0.773234054786792,0.5820961590527294,0.5297484369606033,0.19113789573406265,0.24348561782618877,0.05501853765247652,0.026145714634094444,0.13989229505123754,0.8438514471054077,1.0524991486072541,-0.20864770150184642,9.2,9.2,trapezoid_from_zero_normalized_by_max_fraction
ton_iot_binary,46,rid_3c11ba6c875c6b422b5beb6a9c1cf647,mlp,occlusion,joint_donor,dependency_preserving,insertion,1,ATTACK,True,1,ATTACK,0.99996680021286,0.842186912894249,50,-0.22545113563537597,-0.5963731500182436,-0.5095610912510296,0.3709220143828677,0.28410995561565355,0.057598975858407175,0.027281224541666548,0.31745081428120125,1.265141487121582,1.5475496981143952,-0.2824082109928132,9.2,9.2,trapezoid_from_zero_normalized_by_max_fraction
ton_iot_binary,46,rid_72bbb8e961a8c932da072f79827d67c4,mlp,occlusion,joint_donor,dependency_preserving,insertion,0,BENIGN,True,0,BENIGN,0.9999999811045336,0.1577798684231445,50,0.8045007306275369,0.4943054066538589,0.5514662701226425,0.310195323973678,0.25303446050489437,0.05857666936897338,0.027743993079234777,0.25581709753837784,0.6445993185043335,0.759375332415104,-0.11477601391077052,9.2,9.2,trapezoid_from_zero_normalized_by_max_fraction
ton_iot_binary,46,rid_be2af7863764ca8a412b678f54301a22,mlp,occlusion,joint_donor,dependency_preserving,insertion,0,BENIGN,True,0,BENIGN,0.99967631616164,0.157456203480251,50,0.37579749157903275,0.19636393633250518,0.16944947922806558,0.1794335552465276,0.20634801235096722,0.05241544969045885,0.025238604841197762,0.12996588975777998,0.4320197105407715,0.7025874589085579,-0.2705677483677864,9.2,9.2,trapezoid_from_zero_normalized_by_max_fraction
ton_iot_binary,46,rid_505e152c3ef69a8f8e767b07816248d3,mlp,occlusion,joint_donor,dependency_preserving,insertion,1,ATTACK,True,1,ATTACK,0.999967873096466,0.8421879857778549,50,-0.9478061097506377,-0.3311515688640109,-0.40018089122478384,-0.6166545408866269,-0.547625218525854,0.05449416963691127,0.0253482627982562,-0.666337135971209,1.8138065338134766,1.7074429168701173,0.10636361694335927,9.2,9.2,trapezoid_from_zero_normalized_by_max_fraction
ton_iot_binary,46,rid_30bff1125cda1c3988a046944ca3efb3,mlp,occlusion,joint_donor,dependency_preserving,insertion,1,ATTACK,True,1,ATTACK,0.9995391964912416,0.8417593091726305,50,0.6500011646526218,0.4996630805470842,0.45953354455806483,0.15033808410553764,0.19046762009455703,0.05831901214157846,0.027734287055867748,0.09597888147603686,1.3835580348968506,1.1863146142959595,0.19724342060089106,9.2,9.2,trapezoid_from_zero_normalized_by_max_fraction
ton_iot_binary,46,rid_9c888da59f61f2c2540b876846e0e6bf,mlp,occlusion,joint_donor,dependency_preserving,insertion,1,ATTACK,True,1,ATTACK,0.9832900762557985,0.8255101889371874,50,-0.4077100038528304,-0.45913093880357936,-0.4453844578956984,0.05142093495074887,0.03767445404286793,0.0593295459823694,0.028097305398527766,-0.003649783630365548,1.704850196838379,1.7061436104774477,-0.0012934136390687634,9.2,9.2,trapezoid_from_zero_normalized_by_max_fraction
ton_iot_binary,46,rid_9c33cb19da563a668f713cb01c8cdbf1,mlp,occlusion,joint_donor,dependency_preserving,insertion,1,ATTACK,True,1,ATTACK,0.9999985098838806,0.8422186225652695,50,-0.34231670540757475,-0.4207755405364194,-0.4241911661187401,0.07845883512884469,0.0818744607111653,0.05569446895254605,0.02618375742698088,0.02713867057196217,0.020876139402389526,0.01800275681915355,0.0028733825832359776,9.2,9.2,trapezoid_from_zero_normalized_by_max_fraction
ton_iot_binary,46,rid_4bdac81e88e4e8c3a0632b0c9d67d421,mlp,occlusion,joint_donor,dependency_preserving,insertion,1,ATTACK,True,1,ATTACK,0.9999990463256836,0.8422191590070724,50,0.7992746479373262,0.6259004059933709,0.5602534079623108,0.1733742419439552,0.23902123997501531,0.051371386126956325,0.024591724375777498,0.1251744621674313,1.6844902038574219,1.693241271495819,-0.008751067638397059,9.2,9.2,trapezoid_from_zero_normalized_by_max_fraction
ton_iot_binary,46,rid_435881a1379124d28c655ee245760977,mlp,occlusion,joint_donor,dependency_preserving,insertion,0,BENIGN,True,0,BENIGN,0.9999950881128824,0.1577749754314936,50,-0.0005920580426014287,-0.05997400070938017,-0.30200561489351285,0.059381942666778736,0.3014135568509114,0.011792101260669168,0.00791860937676128,0.04386146828832663,1.1779983043670654,1.2040762994289398,-0.02607799506187436,9.2,9.2,trapezoid_from_zero_normalized_by_max_fraction
ton_iot_binary,46,rid_485f8b3f726a9fbc91128993da261e64,mlp,occlusion,joint_donor,dependency_preserving,insertion,1,ATTACK,True,1,ATTACK,0.9993459582328796,0.8415660709142685,50,0.8495116399757672,0.5303732546819175,0.520986907498259,0.31913838529384964,0.32852473247750813,0.056452443745674916,0.026731960584963972,0.26674374254732025,0.9208905100822449,0.9970341447591782,-0.0761436346769333,9.2,9.2,trapezoid_from_zero_normalized_by_max_fraction
ton_iot_binary,46,rid_f0c76c1ef3adf56e3915b11c7d28c607,mlp,occlusion,target_class_donor,dependency_preserving_conditional_on_class,deletion,1,ATTACK,True,1,ATTACK,1.0,0.8422201126813889,50,0.28709165677428244,0.3668274087099559,0.2749118843249757,-0.0797357519356735,0.01217977244930677,0.05511537288044231,0.027015943480485725,-0.13268700115742552,1.3526297807693481,1.3608605720996856,-0.00823079133033744,9.2,9.2,trapezoid_from_zero_normalized_by_max_fraction
ton_iot_binary,46,rid_5654332763228cdbe941f6291bdfd98f,mlp,occlusion,target_class_donor,dependency_preserving_conditional_on_class,deletion,0,BENIGN,True,0,BENIGN,0.9989368952810764,0.1567167825996875,50,0.40587694226924215,0.21735612655744962,0.17043012114510386,0.18852081571179247,0.23544682112413828,0.048561290780533395,0.023061896714663806,0.1433194981510514,0.5284701585769653,0.6357688821852207,-0.10729872360825532,9.2,9.2,trapezoid_from_zero_normalized_by_max_fraction
ton_iot_binary,46,rid_5ac6083d52d9128cc0c7879c86271a52,mlp,occlusion,target_class_donor,dependency_preserving_conditional_on_class,deletion,0,BENIGN,True,0,BENIGN,0.9999998398981234,0.1577797272167344,50,0.09187594789296911,0.20559133818244962,0.1892860639611616,-0.11371539028948052,-0.09741011606819248,0.04629183540127525,0.022176941544382846,-0.1571821957164709,1.021357774734497,1.4111158461570739,-0.3897580714225768,9.2,9.2,trapezoid_from_zero_normalized_by_max_fraction
ton_iot_binary,46,rid_63700775accb259980416d6c21c2b49b,mlp,occlusion,target_class_donor,dependency_preserving_conditional_on_class,deletion,0,BENIGN,True,0,BENIGN,0.9846601188182832,0.1424400061368942,50,0.2368175101356428,0.16931393434527187,0.04750083723330975,0.06750357579037092,0.18931667290233306,0.03315550550980366,0.017474139781036,0.03325426181954036,3.2635388374328613,3.1011051402091985,0.16243369722366285,9.2,9.2,trapezoid_from_zero_normalized_by_max_fraction
ton_iot_binary,46,rid_7a46b2fad8b34e52ccbe406dfdd6c1b4,mlp,occlusion,target_class_donor,dependency_preserving_conditional_on_class,deletion,0,BENIGN,True,0,BENIGN,0.9999908878262432,0.1577707751448542,50,0.24464940953708061,0.15331241626585118,0.16057209911809264,0.09133699327122939,0.08407731041898792,0.04021684315554187,0.020314652977908246,0.05152027343452923,0.004108862951397896,0.0008926284522749484,0.0032162344991229475,9.2,9.2,trapezoid_from_zero_normalized_by_max_fraction
ton_iot_binary,46,rid_1a518cad6906e59db9ffc85d6011041a,mlp,occlusion,target_class_donor,dependency_preserving_conditional_on_class,deletion,0,BENIGN,True,0,BENIGN,0.999948257671349,0.15772814498996,50,0.18769124409500362,0.22439437173603652,0.1534315110846683,-0.036703127641032854,0.03425973301033536,0.050419004335245286,0.024256249203705896,-0.08424537608029642,0.7964309453964233,0.7933676952719688,0.0030632501244545196,9.2,9.2,trapezoid_from_zero_normalized_by_max_fraction
ton_iot_binary,46,rid_3c11ba6c875c6b422b5beb6a9c1cf647,mlp,occlusion,target_class_donor,dependency_preserving_conditional_on_class,deletion,1,ATTACK,True,1,ATTACK,0.99996680021286,0.842186912894249,50,0.6254459863011548,0.4978759355858293,0.4243406897775708,0.1275700507153255,0.20110529652358416,0.05496463368811956,0.025790336348093332,0.07702099147306257,1.3517849445343018,1.5215697169303892,-0.16978477239608747,9.2,9.2,trapezoid_from_zero_normalized_by_max_fraction
ton_iot_binary,46,rid_72bbb8e961a8c932da072f79827d67c4,mlp,occlusion,target_class_donor,dependency_preserving_conditional_on_class,deletion,0,BENIGN,True,0,BENIGN,0.9999999811045336,0.1577798684231445,50,0.04416167672983402,0.15416865711134686,0.1374038599135196,-0.11000698038151285,-0.0932421831836856,0.03993237432817163,0.019869553506304784,-0.14895130525387024,0.05671653896570206,0.017586249474436044,0.03913028949126601,9.2,9.2,trapezoid_from_zero_normalized_by_max_fraction
ton_iot_binary,46,rid_be2af7863764ca8a412b678f54301a22,mlp,occlusion,target_class_donor,dependency_preserving_conditional_on_class,deletion,0,BENIGN,True,0,BENIGN,0.99967631616164,0.157456203480251,50,0.331373064269848,0.13003578488167758,0.21005251129166952,0.20133727938817036,0.12132055297817843,0.036470552344739296,0.01914572933330942,0.1638116498948839,0.0698884129524231,0.022813423648476598,0.0470749893039465,9.2,9.2,trapezoid_from_zero_normalized_by_max_fraction
ton_iot_binary,46,rid_505e152c3ef69a8f8e767b07816248d3,mlp,occlusion,target_class_donor,dependency_preserving_conditional_on_class,deletion,1,ATTACK,True,1,ATTACK,0.999967873096466,0.8421879857778549,50,0.4973835213691927,0.19460919543065527,0.18748104591886744,0.3027743259385375,0.30990247545032534,0.04278239082048817,0.022693574016058135,0.2582949208670635,0.9347854852676392,0.6087302824258805,0.3260552028417587,9.2,9.2,trapezoid_from_zero_normalized_by_max_fraction
ton_iot_binary,46,rid_30bff1125cda1c3988a046944ca3efb3,mlp,occlusion,target_class_donor,dependency_preserving_conditional_on_class,deletion,1,ATTACK,True,1,ATTACK,0.9995391964912416,0.8417593091726305,50,0.3822762042284012,0.3893910505856586,0.401307761416565,-0.007114846357257381,-0.01903155718816381,0.05429507732662714,0.026169966804985092,-0.058407981295028166,1.3530536890029907,1.6491691508293151,-0.2961154618263244,9.2,9.2,trapezoid_from_zero_normalized_by_max_fraction
ton_iot_binary,46,rid_9c888da59f61f2c2540b876846e0e6bf,mlp,occlusion,target_class_donor,dependency_preserving_conditional_on_class,deletion,1,ATTACK,True,1,ATTACK,0.9832900762557985,0.8255101889371874,50,0.40014690235257144,0.28715131665956006,0.20189294776358627,0.11299558569301141,0.19825395458898526,0.05039679785800989,0.025482328505804255,0.06305022182163507,0.8847390413284302,0.8439006613492965,0.04083837997913364,9.2,9.2,trapezoid_from_zero_normalized_by_max_fraction
ton_iot_binary,46,rid_9c33cb19da563a668f713cb01c8cdbf1,mlp,occlusion,target_class_donor,dependency_preserving_conditional_on_class,deletion,1,ATTACK,True,1,ATTACK,0.9999985098838806,0.8422186225652695,50,0.010777130722999571,0.18093769455112488,0.19714708557375707,-0.17016056382812533,-0.1863699548507575,0.04027795023223063,0.019171664898462,-0.20773702702911084,1.8198754787445068,1.6687431631088259,0.15113231563568097,9.2,9.2,trapezoid_from_zero_normalized_by_max_fraction
ton_iot_binary,46,rid_4bdac81e88e4e8c3a0632b0c9d67d421,mlp,occlusion,target_class_donor,dependency_preserving_conditional_on_class,deletion,1,ATTACK,True,1,ATTACK,0.9999990463256836,0.8422191590070724,50,0.09569382667541504,0.1584167235677596,0.131315278174603,-0.06272289689234457,-0.03562145149918799,0.033011581962683514,0.01782422947648113,-0.09765838666624758,0.3125048875808716,0.1436512441299856,0.168853643450886,9.2,9.2,trapezoid_from_zero_normalized_by_max_fraction
ton_iot_binary,46,rid_435881a1379124d28c655ee245760977,mlp,occlusion,target_class_donor,dependency_preserving_conditional_on_class,deletion,0,BENIGN,True,0,BENIGN,0.9999950881128824,0.1577749754314936,50,0.13240983206019336,0.18503505479167823,0.07327033527440119,-0.05262522273148485,0.05913949678579219,0.041179542394054636,0.02220407728310985,-0.09614521420638016,1.525763750076294,1.400459453344345,0.12530429673194887,9.2,9.2,trapezoid_from_zero_normalized_by_max_fraction
ton_iot_binary,46,rid_485f8b3f726a9fbc91128993da261e64,mlp,occlusion,target_class_donor,dependency_preserving_conditional_on_class,deletion,1,ATTACK,True,1,ATTACK,0.9993459582328796,0.8415660709142685,50,0.34199409484863286,0.34398931064171495,0.24910960820026917,-0.001995215793082157,0.09288448664836366,0.054554587059523055,0.026083787125297575,-0.053119438558665404,0.3969460129737854,0.5008814678788185,-0.10393545490503309,9.2,9.2,trapezoid_from_zero_normalized_by_max_fraction
ton_iot_binary,46,rid_f0c76c1ef3adf56e3915b11c7d28c607,mlp,occlusion,target_class_donor,dependency_preserving_conditional_on_class,insertion,1,ATTACK,True,1,ATTACK,1.0,0.8422201126813889,50,-0.3668643507990055,-0.33156495756222254,-0.3169335014756695,-0.03529939323678294,-0.049930849323335996,0.051275814688266905,0.02515521978345162,-0.08460362401234811,1.3526297807693481,1.3608605720996856,-0.00823079133033744,9.2,9.2,trapezoid_from_zero_normalized_by_max_fraction
ton_iot_binary,46,rid_5654332763228cdbe941f6291bdfd98f,mlp,occlusion,target_class_donor,dependency_preserving_conditional_on_class,insertion,0,BENIGN,True,0,BENIGN,0.9989368952810764,0.1567167825996875,50,-0.31820414046378576,-0.17829082466237486,-0.14195371327827738,-0.13991331580141086,-0.17625042718550835,0.042240007266241,0.020653182111521024,-0.18039355273999208,0.5284701585769653,0.6357688821852207,-0.10729872360825532,9.2,9.2,trapezoid_from_zero_normalized_by_max_fraction
ton_iot_binary,46,rid_5ac6083d52d9128cc0c7879c86271a52,mlp,occlusion,target_class_donor,dependency_preserving_conditional_on_class,insertion,0,BENIGN,True,0,BENIGN,0.9999998398981234,0.1577797272167344,50,-0.3649537647670721,-0.10243450517910344,-0.12504246633370578,-0.2625192595879686,-0.23991129843336637,0.035127685883651755,0.017215216033116678,-0.2962610830128773,1.021357774734497,1.4111158461570739,-0.3897580714225768,9.2,9.2,trapezoid_from_zero_normalized_by_max_fraction
ton_iot_binary,46,rid_63700775accb259980416d6c21c2b49b,mlp,occlusion,target_class_donor,dependency_preserving_conditional_on_class,insertion,0,BENIGN,True,0,BENIGN,0.9846601188182832,0.1424400061368942,50,-0.08797130395751863,-0.10660721639452382,-0.16704013314234187,0.018635912437005218,0.07906882918482325,0.022680793328080786,0.010662201963991045,-0.002262003412417231,3.2635388374328613,3.1011051402091985,0.16243369722366285,9.2,9.2,trapezoid_from_zero_normalized_by_max_fraction
ton_iot_binary,46,rid_7a46b2fad8b34e52ccbe406dfdd6c1b4,mlp,occlusion,target_class_donor,dependency_preserving_conditional_on_class,insertion,0,BENIGN,True,0,BENIGN,0.9999908878262432,0.1577707751448542,50,-0.07315770780733387,-0.1699787633858046,-0.12517639185747514,0.09682105557847072,0.052018684050141276,0.040252108564658454,0.019940780776816592,0.057737125255910196,0.004108862951397896,0.0008926284522749484,0.0032162344991229475,9.2,9.2,trapezoid_from_zero_normalized_by_max_fraction
ton_iot_binary,46,rid_1a518cad6906e59db9ffc85d6011041a,mlp,occlusion,target_class_donor,dependency_preserving_conditional_on_class,insertion,0,BENIGN,True,0,BENIGN,0.999948257671349,0.15772814498996,50,-0.21699954933256577,-0.11837766541613437,-0.09328706191514548,-0.09862188391643142,-0.12371248741742029,0.03449780209858367,0.017196101631205975,-0.13232624311359514,0.7964309453964233,0.7933676952719688,0.0030632501244545196,9.2,9.2,trapezoid_from_zero_normalized_by_max_fraction
ton_iot_binary,46,rid_3c11ba6c875c6b422b5beb6a9c1cf647,mlp,occlusion,target_class_donor,dependency_preserving_conditional_on_class,insertion,1,ATTACK,True,1,ATTACK,0.99996680021286,0.842186912894249,50,-0.4466020945459604,-0.4728930544097407,-0.3554253796945356,0.02629095986378028,-0.09117671485142477,0.058588071578859924,0.027926136518151075,-0.028444267711795826,1.3517849445343018,1.5215697169303892,-0.16978477239608747,9.2,9.2,trapezoid_from_zero_normalized_by_max_fraction
ton_iot_binary,46,rid_72bbb8e961a8c932da072f79827d67c4,mlp,occlusion,target_class_donor,dependency_preserving_conditional_on_class,insertion,0,BENIGN,True,0,BENIGN,0.9999999811045336,0.1577798684231445,50,-0.02029198115783268,-0.12114051992769227,-0.11733756666564989,0.10084853876985958,0.09704558550781721,0.03530663805396457,0.019248059273014383,0.06312234259475138,0.05671653896570206,0.017586249474436044,0.03913028949126601,9.2,9.2,trapezoid_from_zero_normalized_by_max_fraction
ton_iot_binary,46,rid_be2af7863764ca8a412b678f54301a22,mlp,occlusion,target_class_donor,dependency_preserving_conditional_on_class,insertion,0,BENIGN,True,0,BENIGN,0.99967631616164,0.157456203480251,50,-0.02128928537256496,-0.12481223477307615,-0.1422803438536282,0.10352294940051121,0.12099105848106323,0.0375332062914598,0.01862409340658741,0.06701972632359988,0.0698884129524231,0.022813423648476598,0.0470749893039465,9.2,9.2,trapezoid_from_zero_normalized_by_max_fraction
ton_iot_binary,46,rid_505e152c3ef69a8f8e767b07816248d3,mlp,occlusion,target_class_donor,dependency_preserving_conditional_on_class,insertion,1,ATTACK,True,1,ATTACK,0.999967873096466,0.8421879857778549,50,-0.1995926238596439,-0.3620135798286872,-0.23786853987620837,0.16242095596904327,0.03827591601656445,0.05623126788267933,0.027423050997944395,0.10867177601307226,0.9347854852676392,0.6087302824258805,0.3260552028417587,9.2,9.2,trapezoid_from_zero_normalized_by_max_fraction
ton_iot_binary,46,rid_30bff1125cda1c3988a046944ca3efb3,mlp,occlusion,target_class_donor,dependency_preserving_conditional_on_class,insertion,1,ATTACK,True,1,ATTACK,0.9995391964912416,0.8417593091726305,50,-0.6284900297272997,-0.39656649166254565,-0.29981805303040576,-0.23192353806475413,-0.32867197669689396,0.054580126875762094,0.026419086405839485,-0.2837049474201995,1.3530536890029907,1.6491691508293151,-0.2961154618263244,9.2,9.2,trapezoid_from_zero_normalized_by_max_fraction
ton_iot_binary,46,rid_9c888da59f61f2c2540b876846e0e6bf,mlp,occlusion,target_class_donor,dependency_preserving_conditional_on_class,insertion,1,ATTACK,True,1,ATTACK,0.9832900762557985,0.8255101889371874,50,-0.5517026293994125,-0.2651793870491206,-0.26924177210139766,-0.286523242350292,-0.28246085729801496,0.05186100550642977,0.02441064563511586,-0.33436810779511905,0.8847390413284302,0.8439006613492965,0.04083837997913364,9.2,9.2,trapezoid_from_zero_normalized_by_max_fraction
ton_iot_binary,46,rid_9c33cb19da563a668f713cb01c8cdbf1,mlp,occlusion,target_class_donor,dependency_preserving_conditional_on_class,insertion,1,ATTACK,True,1,ATTACK,0.9999985098838806,0.8422186225652695,50,-0.30658769119809226,-0.28981998129867526,-0.2528628179482221,-0.01676770989941695,-0.05372487324987013,0.05262457384299055,0.02556518506457254,-0.06687547262597912,1.8198754787445068,1.6687431631088259,0.15113231563568097,9.2,9.2,trapezoid_from_zero_normalized_by_max_fraction
ton_iot_binary,46,rid_4bdac81e88e4e8c3a0632b0c9d67d421,mlp,occlusion,target_class_donor,dependency_preserving_conditional_on_class,insertion,1,ATTACK,True,1,ATTACK,0.9999990463256836,0.8422191590070724,50,-0.006742772459983826,-0.21429002065001987,-0.2332473625303337,0.20754724819003606,0.22650459007034987,0.04389389075689341,0.021432227646935687,0.16554008200204212,0.3125048875808716,0.1436512441299856,0.168853643450886,9.2,9.2,trapezoid_from_zero_normalized_by_max_fraction
ton_iot_binary,46,rid_435881a1379124d28c655ee245760977,mlp,occlusion,target_class_donor,dependency_preserving_conditional_on_class,insertion,0,BENIGN,True,0,BENIGN,0.9999950881128824,0.1577749754314936,50,0.0011388247768232551,-0.09573503084415914,-0.17389947019711915,0.09687385562098239,0.1750382949739424,0.02584654640338784,0.011962907953811813,0.07342655603151123,1.525763750076294,1.400459453344345,0.12530429673194887,9.2,9.2,trapezoid_from_zero_normalized_by_max_fraction
ton_iot_binary,46,rid_485f8b3f726a9fbc91128993da261e64,mlp,occlusion,target_class_donor,dependency_preserving_conditional_on_class,insertion,1,ATTACK,True,1,ATTACK,0.9993459582328796,0.8415660709142685,50,-0.35609548698899396,-0.24025417510212513,-0.23728446097872713,-0.11584131188686893,-0.11881102601026686,0.04867385107773686,0.023558490909307502,-0.16201595406911162,0.3969460129737854,0.5008814678788185,-0.10393545490503309,9.2,9.2,trapezoid_from_zero_normalized_by_max_fraction
ton_iot_binary,46,rid_f0c76c1ef3adf56e3915b11c7d28c607,mlp,occlusion,conditional_gaussian_mean,conditional_on_retained_coordinates,deletion,1,ATTACK,True,1,ATTACK,1.0,0.8422201126813889,50,0.6885135343298316,0.3674478989329796,0.03394410202921245,0.321065635396852,0.654569432300619,0.034170800933605076,0.021980324783930562,0.2779841988203481,0.4330922067165375,0.4322154663801193,0.0008767403364181581,9.2,9.2,trapezoid_from_zero_normalized_by_max_fraction
ton_iot_binary,46,rid_5654332763228cdbe941f6291bdfd98f,mlp,occlusion,conditional_gaussian_mean,conditional_on_retained_coordinates,deletion,0,BENIGN,True,0,BENIGN,0.9989368952810764,0.1567167825996875,50,-0.0001729405487003843,0.1880151344263779,0.20269889292430804,-0.18818807497507828,-0.20287183347300844,0.05176332011774392,0.024989730914544518,-0.23716794756758552,0.24876897037029266,0.1770931945294142,0.07167577584087848,9.2,9.2,trapezoid_from_zero_normalized_by_max_fraction
ton_iot_binary,46,rid_5ac6083d52d9128cc0c7879c86271a52,mlp,occlusion,conditional_gaussian_mean,conditional_on_retained_coordinates,deletion,0,BENIGN,True,0,BENIGN,0.9999998398981234,0.1577797272167344,50,2.192750266574173e-05,0.12522265675487232,0.09808457932587972,-0.1252007292522066,-0.09806265182321397,0.03527740794033996,0.017932296382577376,-0.16034803016205826,0.2018318921327591,0.1405437866896391,0.061288105443119995,9.2,9.2,trapezoid_from_zero_normalized_by_max_fraction
ton_iot_binary,46,rid_63700775accb259980416d6c21c2b49b,mlp,occlusion,conditional_gaussian_mean,conditional_on_retained_coordinates,deletion,0,BENIGN,True,0,BENIGN,0.9846601188182832,0.1424400061368942,50,0.2434469373896718,0.3171292455561925,0.05441473532048985,-0.07368230816652069,0.18903220206918195,0.02740635566093391,0.013437983593795265,-0.10002075601035941,3.0923798084259033,3.5293903207778934,-0.43701051235199007,9.2,9.2,trapezoid_from_zero_normalized_by_max_fraction
ton_iot_binary,46,rid_7a46b2fad8b34e52ccbe406dfdd6c1b4,mlp,occlusion,conditional_gaussian_mean,conditional_on_retained_coordinates,deletion,0,BENIGN,True,0,BENIGN,0.9999908878262432,0.1577707751448542,50,-3.563530976335993e-06,0.17419928873082444,0.19036160368561256,-0.17420285226180077,-0.1903651672165889,0.04827154307720158,0.02392718001573165,-0.2211001250926348,0.17516520619392395,0.13976279601454736,0.03540241017937659,9.2,9.2,trapezoid_from_zero_normalized_by_max_fraction
ton_iot_binary,46,rid_1a518cad6906e59db9ffc85d6011041a,mlp,occlusion,conditional_gaussian_mean,conditional_on_retained_coordinates,deletion,0,BENIGN,True,0,BENIGN,0.999948257671349,0.15772814498996,50,-2.002180794368202e-05,0.22229702896979048,0.0991061982954089,-0.22231705077773417,-0.09912622010335258,0.05376211533331118,0.02603437640008742,-0.2733444285219055,0.21671421825885773,0.1362869377732277,0.08042728048563003,9.2,9.2,trapezoid_from_zero_normalized_by_max_fraction
ton_iot_binary,46,rid_3c11ba6c875c6b422b5beb6a9c1cf647,mlp,occlusion,conditional_gaussian_mean,conditional_on_retained_coordinates,deletion,1,ATTACK,True,1,ATTACK,0.99996680021286,0.842186912894249,50,0.9489907490411968,0.5335066121643026,0.20875023740362547,0.41548413687689423,0.7402405116375714,0.043220871665122965,0.024213241352806444,0.3680261838253936,0.7627184987068176,0.660878685951233,0.10183981275558462,9.2,9.2,trapezoid_from_zero_normalized_by_max_fraction
ton_iot_binary,46,rid_72bbb8e961a8c932da072f79827d67c4,mlp,occlusion,conditional_gaussian_mean,conditional_on_retained_coordinates,deletion,0,BENIGN,True,0,BENIGN,0.9999999811045336,0.1577798684231445,50,2.5048806290983718e-05,0.030200628550544187,0.033304696314497464,-0.0301755797442532,-0.03327964750820647,0.009907323692877038,0.004874905383516256,-0.03973039429594506,0.18237796425819397,0.1161648902222514,0.06621307403594257,9.2,9.2,trapezoid_from_zero_normalized_by_max_fraction
ton_iot_binary,46,rid_be2af7863764ca8a412b678f54301a22,mlp,occlusion,conditional_gaussian_mean,conditional_on_retained_coordinates,deletion,0,BENIGN,True,0,BENIGN,0.99967631616164,0.157456203480251,50,0.0004513844557254566,0.1629486811346983,0.15069083777233672,-0.16249729667897284,-0.15023945331661126,0.04917512056963795,0.023565252873717902,-0.20868519231145993,0.23212674260139465,0.1692692812234163,0.06285746137797835,9.2,9.2,trapezoid_from_zero_normalized_by_max_fraction
ton_iot_binary,46,rid_505e152c3ef69a8f8e767b07816248d3,mlp,occlusion,conditional_gaussian_mean,conditional_on_retained_coordinates,deletion,1,ATTACK,True,1,ATTACK,0.999967873096466,0.8421879857778549,50,0.4961724842898548,0.36794470681624447,0.16718830402267212,0.1282277774736103,0.3289841802671826,0.035774126654727775,0.02011252025625662,0.08880723777134733,1.5998960733413696,1.365164931297302,0.23473114204406764,9.2,9.2,trapezoid_from_zero_normalized_by_max_fraction
ton_iot_binary,46,rid_30bff1125cda1c3988a046944ca3efb3,mlp,occlusion,conditional_gaussian_mean,conditional_on_retained_coordinates,deletion,1,ATTACK,True,1,ATTACK,0.9995391964912416,0.8417593091726305,50,0.7715614536814733,0.5641886458556191,0.297743314919062,0.20737280782585416,0.4738181387624113,0.03230251427696755,0.017537484224715117,0.1729993387454125,1.3771531581878662,1.2172286276817321,0.1599245305061341,9.2,9.2,trapezoid_from_zero_normalized_by_max_fraction
ton_iot_binary,46,rid_9c888da59f61f2c2540b876846e0e6bf,mlp,occlusion,conditional_gaussian_mean,conditional_on_retained_coordinates,deletion,1,ATTACK,True,1,ATTACK,0.9832900762557985,0.8255101889371874,50,0.5819887682963326,0.4685444353172297,0.20462177381794755,0.1134443329791029,0.37736699447838506,0.03699135360878446,0.019517902617753605,0.07518924384830583,1.5671356916427612,1.4643985471725465,0.10273714447021476,9.2,9.2,trapezoid_from_zero_normalized_by_max_fraction
ton_iot_binary,46,rid_9c33cb19da563a668f713cb01c8cdbf1,mlp,occlusion,conditional_gaussian_mean,conditional_on_retained_coordinates,deletion,1,ATTACK,True,1,ATTACK,0.9999985098838806,0.8422186225652695,50,0.43304061591625215,0.403131271562248,0.22685289057387853,0.02990934435400415,0.2061877253423736,0.030396139593946252,0.015188228410419202,0.00014041666958251528,1.6800367832183838,1.5002806313037875,0.17975615191459626,9.2,9.2,trapezoid_from_zero_normalized_by_max_fraction
ton_iot_binary,46,rid_4bdac81e88e4e8c3a0632b0c9d67d421,mlp,occlusion,conditional_gaussian_mean,conditional_on_retained_coordinates,deletion,1,ATTACK,True,1,ATTACK,0.9999990463256836,0.8422191590070724,50,0.3648270022124052,0.27857693424118957,0.2261460635828251,0.08625006797121569,0.13868093862958014,0.020516514762242213,0.014881420195946918,0.05708248438715974,1.5673202276229858,1.492424595594406,0.07489563202857985,9.2,9.2,trapezoid_from_zero_normalized_by_max_fraction
ton_iot_binary,46,rid_435881a1379124d28c655ee245760977,mlp,occlusion,conditional_gaussian_mean,conditional_on_retained_coordinates,deletion,0,BENIGN,True,0,BENIGN,0.9999950881128824,0.1577749754314936,50,0.015912132564744753,0.0839868652806446,0.03608581993991777,-0.06807473271589985,-0.02017368737517302,0.02551156980910433,0.01468763365704042,-0.09686249468369908,1.2697784900665283,1.1919339234828947,0.07784456658363359,9.2,9.2,trapezoid_from_zero_normalized_by_max_fraction
ton_iot_binary,46,rid_485f8b3f726a9fbc91128993da261e64,mlp,occlusion,conditional_gaussian_mean,conditional_on_retained_coordinates,deletion,1,ATTACK,True,1,ATTACK,0.9993459582328796,0.8415660709142685,50,0.3944677945226431,0.37579543082760847,0.27729412052750196,0.018672363695034624,0.11717367399514114,0.0423033179381362,0.022441915668506895,-0.02531379101523889,1.0772662162780762,0.9463146648555995,0.13095155142247672,9.2,9.2,trapezoid_from_zero_normalized_by_max_fraction
ton_iot_binary,46,rid_f0c76c1ef3adf56e3915b11c7d28c607,mlp,occlusion,conditional_gaussian_mean,conditional_on_retained_coordinates,insertion,1,ATTACK,True,1,ATTACK,1.0,0.8422201126813889,50,0.9384661276824773,0.840602416580717,0.4616117698684058,0.09786371110176019,0.4768543578140715,0.019324645153602205,0.01134222106493434,0.07563295781448888,0.4330922067165375,0.4322154663801193,0.0008767403364181581,9.2,9.2,trapezoid_from_zero_normalized_by_max_fraction
ton_iot_binary,46,rid_5654332763228cdbe941f6291bdfd98f,mlp,occlusion,conditional_gaussian_mean,conditional_on_retained_coordinates,insertion,0,BENIGN,True,0,BENIGN,0.9989368952810764,0.1567167825996875,50,-0.6304997750325128,-0.16281659523421646,-0.16968435601853804,-0.46768317979829643,-0.46081541901397477,0.04761346344876726,0.024072654998976484,-0.5148655835962903,0.24876897037029266,0.1770931945294142,0.07167577584087848,9.2,9.2,trapezoid_from_zero_normalized_by_max_fraction
ton_iot_binary,46,rid_5ac6083d52d9128cc0c7879c86271a52,mlp,occlusion,conditional_gaussian_mean,conditional_on_retained_coordinates,insertion,0,BENIGN,True,0,BENIGN,0.9999998398981234,0.1577797272167344,50,-0.49947110722537214,-0.1102935472462448,-0.11934202604879043,-0.3891775599791274,-0.38012908117658173,0.03329387070152483,0.01709022365062934,-0.4226743983343609,0.2018318921327591,0.1405437866896391,0.061288105443119995,9.2,9.2,trapezoid_from_zero_normalized_by_max_fraction
ton_iot_binary,46,rid_63700775accb259980416d6c21c2b49b,mlp,occlusion,conditional_gaussian_mean,conditional_on_retained_coordinates,insertion,0,BENIGN,True,0,BENIGN,0.9846601188182832,0.1424400061368942,50,-0.05812098297756165,-0.04811926649896851,-0.19697642346355132,-0.010001716478593152,0.1388554404859897,0.008800451408963746,0.005038255226992408,-0.01987669672349827,3.0923798084259033,3.5293903207778934,-0.43701051235199007,9.2,9.2,trapezoid_from_zero_normalized_by_max_fraction
ton_iot_binary,46,rid_7a46b2fad8b34e52ccbe406dfdd6c1b4,mlp,occlusion,conditional_gaussian_mean,conditional_on_retained_coordinates,insertion,0,BENIGN,True,0,BENIGN,0.9999908878262432,0.1577707751448542,50,-0.4638964304242108,-0.18554344519066884,-0.14126673848834015,-0.278352985233542,-0.3226296919358707,0.04540720466218545,0.024217346228261293,-0.32581898384093416,0.17516520619392395,0.13976279601454736,0.03540241017937659,9.2,9.2,trapezoid_from_zero_normalized_by_max_fraction
ton_iot_binary,46,rid_1a518cad6906e59db9ffc85d6011041a,mlp,occlusion,conditional_gaussian_mean,conditional_on_retained_coordinates,insertion,0,BENIGN,True,0,BENIGN,0.999948257671349,0.15772814498996,50,-0.6140134409113671,-0.14907673007528455,-0.14986392286236805,-0.46493671083608246,-0.46414951804899895,0.0442669514381294,0.02314851892792351,-0.5103078079348126,0.21671421825885773,0.1362869377732277,0.08042728048563003,9.2,9.2,trapezoid_from_zero_normalized_by_max_fraction
ton_iot_binary,46,rid_3c11ba6c875c6b422b5beb6a9c1cf647,mlp,occlusion,conditional_gaussian_mean,conditional_on_retained_coordinates,insertion,1,ATTACK,True,1,ATTACK,0.99996680021286,0.842186912894249,50,0.3602207166142762,0.43184752340849164,0.3053314401381507,-0.07162680679421554,0.05488927647612551,0.035487142123502805,0.015955705185084233,-0.10289998895698063,0.7627184987068176,0.660878685951233,0.10183981275558462,9.2,9.2,trapezoid_from_zero_normalized_by_max_fraction
ton_iot_binary,46,rid_72bbb8e961a8c932da072f79827d67c4,mlp,occlusion,conditional_gaussian_mean,conditional_on_retained_coordinates,insertion,0,BENIGN,True,0,BENIGN,0.9999999811045336,0.1577798684231445,50,-0.20837626476420607,-0.050769454452432076,-0.045533387601777026,-0.157606810311774,-0.16284287716242907,0.01591689619564835,0.007850616394120104,-0.17299401844424941,0.18237796425819397,0.1161648902222514,0.06621307403594257,9.2,9.2,trapezoid_from_zero_normalized_by_max_fraction
ton_iot_binary,46,rid_be2af7863764ca8a412b678f54301a22,mlp,occlusion,conditional_gaussian_mean,conditional_on_retained_coordinates,insertion,0,BENIGN,True,0,BENIGN,0.99967631616164,0.157456203480251,50,-0.625561094720615,-0.20325189364996543,-0.16727734377469625,-0.4223092010706496,-0.4582837509459189,0.05075118819190895,0.025526437943973274,-0.47234101944083723,0.23212674260139465,0.1692692812234163,0.06285746137797835,9.2,9.2,trapezoid_from_zero_normalized_by_max_fraction
ton_iot_binary,46,rid_505e152c3ef69a8f8e767b07816248d3,mlp,occlusion,conditional_gaussian_mean,conditional_on_retained_coordinates,insertion,1,ATTACK,True,1,ATTACK,0.999967873096466,0.8421879857778549,50,0.26821969079144287,0.42093145979937313,0.2618977461756515,-0.15271176900793032,0.006321944615791358,0.047476780697176854,0.024864072381027297,-0.20144535087474383,1.5998960733413696,1.365164931297302,0.23473114204406764,9.2,9.2,trapezoid_from_zero_normalized_by_max_fraction
ton_iot_binary,46,rid_30bff1125cda1c3988a046944ca3efb3,mlp,occlusion,conditional_gaussian_mean,conditional_on_retained_coordinates,insertion,1,ATTACK,True,1,ATTACK,0.9995391964912416,0.8417593091726305,50,0.1574612100608647,0.22587702171981436,0.24620128806823094,-0.06841581165894968,-0.08874007800736625,0.02725967256234115,0.013634448841358041,-0.09513933138801144,1.3771531581878662,1.2172286276817321,0.1599245305061341,9.2,9.2,trapezoid_from_zero_normalized_by_max_fraction
ton_iot_binary,46,rid_9c888da59f61f2c2540b876846e0e6bf,mlp,occlusion,conditional_gaussian_mean,conditional_on_retained_coordinates,insertion,1,ATTACK,True,1,ATTACK,0.9832900762557985,0.8255101889371874,50,0.2002338929695284,0.28935503977826277,0.24441753971610836,-0.0891211468087344,-0.04418364674657997,0.03888589415710013,0.019950598692349428,-0.12822432024573927,1.5671356916427612,1.4643985471725465,0.10273714447021476,9.2,9.2,trapezoid_from_zero_normalized_by_max_fraction
ton_iot_binary,46,rid_9c33cb19da563a668f713cb01c8cdbf1,mlp,occlusion,conditional_gaussian_mean,conditional_on_retained_coordinates,insertion,1,ATTACK,True,1,ATTACK,0.9999985098838806,0.8422186225652695,50,0.1960866960584099,0.38240804503593145,0.31986906614580224,-0.1863213489775216,-0.12378237008739232,0.04236343289066824,0.02185769061382283,-0.22916242258061434,1.6800367832183838,1.5002806313037875,0.17975615191459626,9.2,9.2,trapezoid_from_zero_normalized_by_max_fraction
ton_iot_binary,46,rid_4bdac81e88e4e8c3a0632b0c9d67d421,mlp,occlusion,conditional_gaussian_mean,conditional_on_retained_coordinates,insertion,1,ATTACK,True,1,ATTACK,0.9999990463256836,0.8422191590070724,50,0.34263995556539156,0.38035236965302716,0.3534278669613923,-0.03771241408763558,-0.01078791139600073,0.031436356034002584,0.01870148919187342,-0.07436733290370748,1.5673202276229858,1.492424595594406,0.07489563202857985,9.2,9.2,trapezoid_from_zero_normalized_by_max_fraction
ton_iot_binary,46,rid_435881a1379124d28c655ee245760977,mlp,occlusion,conditional_gaussian_mean,conditional_on_retained_coordinates,insertion,0,BENIGN,True,0,BENIGN,0.9999950881128824,0.1577749754314936,50,0.004300044173712792,-0.04808773213892858,-0.17188664077307078,0.05238777631264136,0.17618668494678358,0.01184612088276448,0.006748318872789425,0.03916107132197409,1.2697784900665283,1.1919339234828947,0.07784456658363359,9.2,9.2,trapezoid_from_zero_normalized_by_max_fraction
ton_iot_binary,46,rid_485f8b3f726a9fbc91128993da261e64,mlp,occlusion,conditional_gaussian_mean,conditional_on_retained_coordinates,insertion,1,ATTACK,True,1,ATTACK,0.9993459582328796,0.8415660709142685,50,0.40521267085005097,0.4905750606429698,0.3130010128447561,-0.08536238979291885,0.09221165800529481,0.038341992034437694,0.02175151742343126,-0.1279953639428441,1.0772662162780762,0.9463146648555995,0.13095155142247672,9.2,9.2,trapezoid_from_zero_normalized_by_max_fraction
ton_iot_binary,46,rid_f0c76c1ef3adf56e3915b11c7d28c607,mlp,occlusion,conditional_gaussian_draw,conditional_on_retained_coordinates,deletion,1,ATTACK,True,1,ATTACK,1.0,0.8422201126813889,10,0.03214395046234131,0.407662931780592,0.20172728333533116,-0.3755189813182507,-0.16958333287298982,0.14314530280933013,0.0689653552279202,-0.5106910775649742,0.4330922067165375,0.47149477362632747,-0.03840256690978999,9.2,9.2,trapezoid_from_zero_normalized_by_max_fraction
ton_iot_binary,46,rid_5654332763228cdbe941f6291bdfd98f,mlp,occlusion,conditional_gaussian_draw,conditional_on_retained_coordinates,deletion,0,BENIGN,True,0,BENIGN,0.9989368952810764,0.1567167825996875,10,0.685283517021162,0.31318079105421137,0.290802300950981,0.3721027259669505,0.39448121607018094,0.1109514444109477,0.05564640735895556,0.2630357675433976,0.24876897037029266,0.17129564464092253,0.07747332572937013,9.2,9.2,trapezoid_from_zero_normalized_by_max_fraction
ton_iot_binary,46,rid_5ac6083d52d9128cc0c7879c86271a52,mlp,occlusion,conditional_gaussian_draw,conditional_on_retained_coordinates,deletion,0,BENIGN,True,0,BENIGN,0.9999998398981234,0.1577797272167344,10,0.4500301764306812,0.31722634295405694,0.20094899606318922,0.13280383347662425,0.24908118036749197,0.12730706460827412,0.06115862129508583,0.012932935738256032,0.2018318921327591,0.13099121250212192,0.07084067963063717,9.2,9.2,trapezoid_from_zero_normalized_by_max_fraction
ton_iot_binary,46,rid_63700775accb259980416d6c21c2b49b,mlp,occlusion,conditional_gaussian_draw,conditional_on_retained_coordinates,deletion,0,BENIGN,True,0,BENIGN,0.9846601188182832,0.1424400061368942,10,0.3809096806216985,0.3944769894228618,0.081228117486462,-0.01356730880116331,0.29968156313523653,0.10666613155673554,0.05769328414910205,-0.12664614573340333,3.0923798084259033,3.7860156297683716,-0.6936358213424683,9.2,9.2,trapezoid_from_zero_normalized_by_max_fraction
ton_iot_binary,46,rid_7a46b2fad8b34e52ccbe406dfdd6c1b4,mlp,occlusion,conditional_gaussian_draw,conditional_on_retained_coordinates,deletion,0,BENIGN,True,0,BENIGN,0.9999908878262432,0.1577707751448542,10,0.14848135895333855,0.24310442550496847,0.26518245543142693,-0.09462306655162993,-0.1167010964780884,0.1050137629539088,0.04878686296335213,-0.1902453179598001,0.17516520619392395,0.1600849663466215,0.015080239847302446,9.2,9.2,trapezoid_from_zero_normalized_by_max_fraction
ton_iot_binary,46,rid_1a518cad6906e59db9ffc85d6011041a,mlp,occlusion,conditional_gaussian_draw,conditional_on_retained_coordinates,deletion,0,BENIGN,True,0,BENIGN,0.999948257671349,0.15772814498996,10,0.17716448249945457,0.3851587537819065,0.21823996864603903,-0.2079942712824519,-0.041075486146584426,0.1139358445634084,0.057012985632202806,-0.3197397231215694,0.21671421825885773,0.14752115651965142,0.06919306173920631,9.2,9.2,trapezoid_from_zero_normalized_by_max_fraction
ton_iot_binary,46,rid_3c11ba6c875c6b422b5beb6a9c1cf647,mlp,occlusion,conditional_gaussian_draw,conditional_on_retained_coordinates,deletion,1,ATTACK,True,1,ATTACK,0.99996680021286,0.842186912894249,10,0.250177755926147,0.44797704525510973,0.2504366040939931,-0.1977992893289628,-0.00025884816784613185,0.13907004257257755,0.06703045752104823,-0.32917898607021734,0.7627184987068176,0.6008929884433746,0.16182551026344305,9.2,9.2,trapezoid_from_zero_normalized_by_max_fraction
ton_iot_binary,46,rid_72bbb8e961a8c932da072f79827d67c4,mlp,occlusion,conditional_gaussian_draw,conditional_on_retained_coordinates,deletion,0,BENIGN,True,0,BENIGN,0.9999999811045336,0.1577798684231445,10,0.20000021206628668,0.3512310466508927,0.3195326352236599,-0.151230834584606,-0.1195324231573732,0.13606878760054683,0.06375903960113898,-0.2761985522028384,0.18237796425819397,0.10097041875123977,0.0814075455069542,9.2,9.2,trapezoid_from_zero_normalized_by_max_fraction
ton_iot_binary,46,rid_be2af7863764ca8a412b678f54301a22,mlp,occlusion,conditional_gaussian_draw,conditional_on_retained_coordinates,deletion,0,BENIGN,True,0,BENIGN,0.99967631616164,0.157456203480251,10,0.29533234777045436,0.3012365105483114,0.2566861772292031,-0.005904162777857103,0.038646170541251204,0.1005707573927814,0.05035543025183579,-0.10460080607145525,0.23212674260139465,0.16182097628712655,0.0703057663142681,9.2,9.2,trapezoid_from_zero_normalized_by_max_fraction
ton_iot_binary,46,rid_505e152c3ef69a8f8e767b07816248d3,mlp,occlusion,conditional_gaussian_draw,conditional_on_retained_coordinates,deletion,1,ATTACK,True,1,ATTACK,0.999967873096466,0.8421879857778549,10,0.4964460235089064,0.3954389357238688,0.3263808720264504,0.10100708778503759,0.17006515148245602,0.09330217216817897,0.0539150690123517,-0.004666447479171748,1.5998960733413696,1.3505317878723144,0.2493642854690552,9.2,9.2,trapezoid_from_zero_normalized_by_max_fraction
ton_iot_binary,46,rid_30bff1125cda1c3988a046944ca3efb3,mlp,occlusion,conditional_gaussian_draw,conditional_on_retained_coordinates,deletion,1,ATTACK,True,1,ATTACK,0.9995391964912416,0.8417593091726305,10,0.5451307125389576,0.48711859874818114,0.3221136761352493,0.058012113790776434,0.22301703640370832,0.11239045157865238,0.05359435653737257,-0.0470328250224738,1.3771531581878662,1.1583729588985443,0.2187801992893219,9.2,9.2,trapezoid_from_zero_normalized_by_max_fraction
ton_iot_binary,46,rid_9c888da59f61f2c2540b876846e0e6bf,mlp,occlusion,conditional_gaussian_draw,conditional_on_retained_coordinates,deletion,1,ATTACK,True,1,ATTACK,0.9832900762557985,0.8255101889371874,10,0.7443835488076729,0.429100802731318,0.18593544918420457,0.315282746076355,0.5584480996234683,0.09145677921874634,0.047281358419558744,0.22261128357401982,1.5671356916427612,1.467427166700363,0.09970852494239812,9.2,9.2,trapezoid_from_zero_normalized_by_max_fraction
ton_iot_binary,46,rid_9c33cb19da563a668f713cb01c8cdbf1,mlp,occlusion,conditional_gaussian_draw,conditional_on_retained_coordinates,deletion,1,ATTACK,True,1,ATTACK,0.9999985098838806,0.8422186225652695,10,0.046912723779678346,0.3210805411543697,0.28878376268925426,-0.2741678173746913,-0.2418710389095759,0.10918046243307294,0.05399502953772026,-0.379998075268623,1.6800367832183838,1.4849232459068298,0.195113537311554,9.2,9.2,trapezoid_from_zero_normalized_by_max_fraction
ton_iot_binary,46,rid_4bdac81e88e4e8c3a0632b0c9d67d421,mlp,occlusion,conditional_gaussian_draw,conditional_on_retained_coordinates,deletion,1,ATTACK,True,1,ATTACK,0.9999990463256836,0.8422191590070724,10,0.20127340257167817,0.29919669005787,0.17225290275368302,-0.09792328748619183,0.029020499817995156,0.06773785674819449,0.041434506711459235,-0.17913492064065195,1.5673202276229858,1.4972087335586548,0.07011149406433104,9.2,9.2,trapezoid_from_zero_normalized_by_max_fraction
ton_iot_binary,46,rid_435881a1379124d28c655ee245760977,mlp,occlusion,conditional_gaussian_draw,conditional_on_retained_coordinates,deletion,0,BENIGN,True,0,BENIGN,0.9999950881128824,0.1577749754314936,10,0.26620856200466053,0.24099781085510041,0.06667099505720347,0.02521075114956013,0.19953756694745706,0.09183853482549156,0.05041993172708751,-0.07361231503553138,1.2697784900665283,1.183510273694992,0.08626821637153625,9.2,9.2,trapezoid_from_zero_normalized_by_max_fraction
ton_iot_binary,46,rid_485f8b3f726a9fbc91128993da261e64,mlp,occlusion,conditional_gaussian_draw,conditional_on_retained_coordinates,deletion,1,ATTACK,True,1,ATTACK,0.9993459582328796,0.8415660709142685,10,0.4724671274423599,0.31151218961707056,0.33883443887731113,0.16095493782528933,0.13363268856504873,0.12388592033013121,0.05968297427816406,0.043976308240087775,1.0772662162780762,0.9419104498624803,0.13535576641559588,9.2,9.2,trapezoid_from_zero_normalized_by_max_fraction
ton_iot_binary,46,rid_f0c76c1ef3adf56e3915b11c7d28c607,mlp,occlusion,conditional_gaussian_draw,conditional_on_retained_coordinates,insertion,1,ATTACK,True,1,ATTACK,1.0,0.8422201126813889,10,0.7427433301694691,0.6581213842981247,0.5960965911252101,0.08462194587134447,0.14664673904425912,0.10565921948038143,0.04960067705760252,-0.012595381161556465,0.4330922067165375,0.47149477362632747,-0.03840256690978999,9.2,9.2,trapezoid_from_zero_normalized_by_max_fraction
ton_iot_binary,46,rid_5654332763228cdbe941f6291bdfd98f,mlp,occlusion,conditional_gaussian_draw,conditional_on_retained_coordinates,insertion,0,BENIGN,True,0,BENIGN,0.9989368952810764,0.1567167825996875,10,-0.5643551160581409,-0.46273383574040505,-0.5072986493121671,-0.1016212803177359,-0.05705646674597396,0.12572598047683645,0.05890981448712681,-0.21708451671250445,0.24876897037029266,0.17129564464092253,0.07747332572937013,9.2,9.2,trapezoid_from_zero_normalized_by_max_fraction
ton_iot_binary,46,rid_5ac6083d52d9128cc0c7879c86271a52,mlp,occlusion,conditional_gaussian_draw,conditional_on_retained_coordinates,insertion,0,BENIGN,True,0,BENIGN,0.9999998398981234,0.1577797272167344,10,-0.868434162903577,-0.3399731138827976,-0.45605530793384785,-0.5284610490207795,-0.41237885496972926,0.10724419134334666,0.05016000151929858,-0.6267746519986047,0.2018318921327591,0.13099121250212192,0.07084067963063717,9.2,9.2,trapezoid_from_zero_normalized_by_max_fraction
ton_iot_binary,46,rid_63700775accb259980416d6c21c2b49b,mlp,occlusion,conditional_gaussian_draw,conditional_on_retained_coordinates,insertion,0,BENIGN,True,0,BENIGN,0.9846601188182832,0.1424400061368942,10,-0.0225118871909217,-0.04191620508752749,-0.25459154064459155,0.01940431789660579,0.23207965345366988,0.01987123766547803,0.01235479622340462,-0.004811082701267264,3.0923798084259033,3.7860156297683716,-0.6936358213424683,9.2,9.2,trapezoid_from_zero_normalized_by_max_fraction
ton_iot_binary,46,rid_7a46b2fad8b34e52ccbe406dfdd6c1b4,mlp,occlusion,conditional_gaussian_draw,conditional_on_retained_coordinates,insertion,0,BENIGN,True,0,BENIGN,0.9999908878262432,0.1577707751448542,10,-0.39973836047586675,-0.4290992705394945,-0.5114430542482539,0.029360910063627725,0.11170469377238716,0.1269501849330954,0.061698276636616485,-0.09156771214414058,0.17516520619392395,0.1600849663466215,0.015080239847302446,9.2,9.2,trapezoid_from_zero_normalized_by_max_fraction
ton_iot_binary,46,rid_1a518cad6906e59db9ffc85d6011041a,mlp,occlusion,conditional_gaussian_draw,conditional_on_retained_coordinates,insertion,0,BENIGN,True,0,BENIGN,0.999948257671349,0.15772814498996,10,-0.8277111073024571,-0.4024899002277087,-0.44882736172587234,-0.4252212070747484,-0.3788837455765848,0.1294165422697892,0.06046388605168686,-0.5437304237360546,0.21671421825885773,0.14752115651965142,0.06919306173920631,9.2,9.2,trapezoid_from_zero_normalized_by_max_fraction
ton_iot_binary,46,rid_3c11ba6c875c6b422b5beb6a9c1cf647,mlp,occlusion,conditional_gaussian_draw,conditional_on_retained_coordinates,insertion,1,ATTACK,True,1,ATTACK,0.99996680021286,0.842186912894249,10,0.7261744697578252,0.5465934571810738,0.3985545968215708,0.1795810125767513,0.3276198729362544,0.12090707108473422,0.05685415758785608,0.06814686370455339,0.7627184987068176,0.6008929884433746,0.16182551026344305,9.2,9.2,trapezoid_from_zero_normalized_by_max_fraction
ton_iot_binary,46,rid_72bbb8e961a8c932da072f79827d67c4,mlp,occlusion,conditional_gaussian_draw,conditional_on_retained_coordinates,insertion,0,BENIGN,True,0,BENIGN,0.9999999811045336,0.1577798684231445,10,-0.34807415689372506,-0.4026294263118574,-0.4822425520454551,0.054555269418132296,0.13416839515172993,0.13064530986220196,0.06229509991024319,-0.06754312640594436,0.18237796425819397,0.10097041875123977,0.0814075455069542,9.2,9.2,trapezoid_from_zero_normalized_by_max_fraction
ton_iot_binary,46,rid_be2af7863764ca8a412b678f54301a22,mlp,occlusion,conditional_gaussian_draw,conditional_on_retained_coordinates,insertion,0,BENIGN,True,0,BENIGN,0.99967631616164,0.157456203480251,10,-0.5219125297851861,-0.45667586035166363,-0.38167182772726604,-0.06523666943352238,-0.14024070205792,0.12607852284030524,0.05875353175352327,-0.18039359167042798,0.23212674260139465,0.16182097628712655,0.0703057663142681,9.2,9.2,trapezoid_from_zero_normalized_by_max_fraction
ton_iot_binary,46,rid_505e152c3ef69a8f8e767b07816248d3,mlp,occlusion,conditional_gaussian_draw,conditional_on_retained_coordinates,insertion,1,ATTACK,True,1,ATTACK,0.999967873096466,0.8421879857778549,10,0.4544340504343316,0.4161437402089324,0.354724976214235,0.03829031022539914,0.09970907422009659,0.12489400498649944,0.059258447124730045,-0.07785624613907174,1.5998960733413696,1.3505317878723144,0.2493642854690552,9.2,9.2,trapezoid_from_zero_normalized_by_max_fraction
ton_iot_binary,46,rid_30bff1125cda1c3988a046944ca3efb3,mlp,occlusion,conditional_gaussian_draw,conditional_on_retained_coordinates,insertion,1,ATTACK,True,1,ATTACK,0.9995391964912416,0.8417593091726305,10,0.031121204346572992,0.13859438914817107,0.4145074377537088,-0.10747318480159809,-0.38338623340713585,0.06955004657517522,0.0358614128125713,-0.17776155391423784,1.3771531581878662,1.1583729588985443,0.2187801992893219,9.2,9.2,trapezoid_from_zero_normalized_by_max_fraction
ton_iot_binary,46,rid_9c888da59f61f2c2540b876846e0e6bf,mlp,occlusion,conditional_gaussian_draw,conditional_on_retained_coordinates,insertion,1,ATTACK,True,1,ATTACK,0.9832900762557985,0.8255101889371874,10,0.20078802545007904,0.4107447284379503,0.436945103285237,-0.20995670298787125,-0.23615707783515794,0.10327218585700254,0.05243516748232956,-0.31272963125323716,1.5671356916427612,1.467427166700363,0.09970852494239812,9.2,9.2,trapezoid_from_zero_normalized_by_max_fraction
ton_iot_binary,46,rid_9c33cb19da563a668f713cb01c8cdbf1,mlp,occlusion,conditional_gaussian_draw,conditional_on_retained_coordinates,insertion,1,ATTACK,True,1,ATTACK,0.9999985098838806,0.8422186225652695,10,0.37619333300390284,0.40205944537604177,0.4037848181370015,-0.025866112372138927,-0.02759148513309867,0.1005899827995788,0.05147739046978926,-0.1267617976929259,1.6800367832183838,1.4849232459068298,0.195113537311554,9.2,9.2,trapezoid_from_zero_normalized_by_max_fraction
ton_iot_binary,46,rid_4bdac81e88e4e8c3a0632b0c9d67d421,mlp,occlusion,conditional_gaussian_draw,conditional_on_retained_coordinates,insertion,1,ATTACK,True,1,ATTACK,0.9999990463256836,0.8422191590070724,10,0.34326754427755946,0.40865923121851416,0.37248651537731214,-0.06539168694095479,-0.029218971099752793,0.0902357688161616,0.04853665950352002,-0.16052353956785403,1.5673202276229858,1.4972087335586548,0.07011149406433104,9.2,9.2,trapezoid_from_zero_normalized_by_max_fraction
ton_iot_binary,46,rid_435881a1379124d28c655ee245760977,mlp,occlusion,conditional_gaussian_draw,conditional_on_retained_coordinates,insertion,0,BENIGN,True,0,BENIGN,0.9999950881128824,0.1577749754314936,10,0.004186576007600706,-0.0874512902426425,-0.4225367926493634,0.0916378662502432,0.42672336865696403,0.04101583942145584,0.02313374852005427,0.04629571915093683,1.2697784900665283,1.183510273694992,0.08626821637153625,9.2,9.2,trapezoid_from_zero_normalized_by_max_fraction
ton_iot_binary,46,rid_485f8b3f726a9fbc91128993da261e64,mlp,occlusion,conditional_gaussian_draw,conditional_on_retained_coordinates,insertion,1,ATTACK,True,1,ATTACK,0.9993459582328796,0.8415660709142685,10,0.1772825903055491,0.47738235558997855,0.5228112920161985,-0.3000997652844295,-0.34552870171064937,0.13795365311067437,0.06693438600408878,-0.43129116185244354,1.0772662162780762,0.9419104498624803,0.13535576641559588,9.2,9.2,trapezoid_from_zero_normalized_by_max_fraction
ton_iot_binary,46,rid_f0c76c1ef3adf56e3915b11c7d28c607,mlp,occlusion,nearest_neighbour_donor,nonparametric_conditional,deletion,1,ATTACK,True,1,ATTACK,1.0,0.8422201126813889,10,0.6684133864939212,0.3246624009311199,4.066228866577148e-06,0.3437509855628013,0.6684093202650547,0.0658774349085361,0.050527206866093834,0.24471766010525742,0.4513838291168213,0.4148211631178856,0.036562665998935706,9.2,9.2,trapezoid_from_zero_normalized_by_max_fraction
ton_iot_binary,46,rid_5654332763228cdbe941f6291bdfd98f,mlp,occlusion,nearest_neighbour_donor,nonparametric_conditional,deletion,0,BENIGN,True,0,BENIGN,0.9989368952810764,0.1567167825996875,10,-0.0007696219398894754,-0.00018973301911046292,-7.21156750478258e-05,-0.0005798889207790125,-0.0006975062648416496,0.00010680481468373225,5.421020069405651e-05,-0.0006861409141393632,0.1826537549495697,0.1236025271192193,0.0590512278303504,9.2,9.2,trapezoid_from_zero_normalized_by_max_fraction
ton_iot_binary,46,rid_5ac6083d52d9128cc0c7879c86271a52,mlp,occlusion,nearest_neighbour_donor,nonparametric_conditional,deletion,0,BENIGN,True,0,BENIGN,0.9999998398981234,0.1577797272167344,10,1.0506720801117807e-05,1.5167601088705849e-06,1.446255794235185e-06,8.989960692247223e-06,9.060465006882624e-06,1.1393660685129538e-06,6.573647837948139e-07,7.701525716009387e-06,0.1574653834104538,0.1142914494127035,0.0431739339977503,9.2,9.2,trapezoid_from_zero_normalized_by_max_fraction
ton_iot_binary,46,rid_63700775accb259980416d6c21c2b49b,mlp,occlusion,nearest_neighbour_donor,nonparametric_conditional,deletion,0,BENIGN,True,0,BENIGN,0.9846601188182832,0.1424400061368942,10,0.0008896672166883946,-0.0003914666033233516,0.00030357947573065756,0.001281133820011746,0.0005860877409577369,0.0008465649492741222,0.0005632921688546509,0.00017708116905663018,3.1323037147521973,2.7581332838535313,0.374170430898666,9.2,9.2,trapezoid_from_zero_normalized_by_max_fraction
ton_iot_binary,46,rid_7a46b2fad8b34e52ccbe406dfdd6c1b4,mlp,occlusion,nearest_neighbour_donor,nonparametric_conditional,deletion,0,BENIGN,True,0,BENIGN,0.9999908878262432,0.1577707751448542,10,4.160831122135278e-06,-9.517941475678528e-07,-5.671209419233492e-07,5.11262526970313e-06,4.727952064058627e-06,1.301717238498408e-06,6.630510827876214e-07,3.8130451474393917e-06,0.14150795340538025,0.11132690403610468,0.03018104936927557,9.2,9.2,trapezoid_from_zero_normalized_by_max_fraction
ton_iot_binary,46,rid_1a518cad6906e59db9ffc85d6011041a,mlp,occlusion,nearest_neighbour_donor,nonparametric_conditional,deletion,0,BENIGN,True,0,BENIGN,0.999948257671349,0.15772814498996,10,-3.3338168614704954e-05,0.019983368737261743,-1.2380714883590826e-05,-0.02001670690587645,-2.0957453731114132e-05,0.02000432420210084,0.019999463511784898,-0.059215655388974844,0.17234772443771362,0.13390511833131313,0.03844260610640049,9.2,9.2,trapezoid_from_zero_normalized_by_max_fraction
ton_iot_binary,46,rid_3c11ba6c875c6b422b5beb6a9c1cf647,mlp,occlusion,nearest_neighbour_donor,nonparametric_conditional,deletion,1,ATTACK,True,1,ATTACK,0.99996680021286,0.842186912894249,10,0.44999227104870837,0.13000719269855698,4.546642303466797e-06,0.31998507835015133,0.4499877244064049,0.09999271404719233,0.05291072213344909,0.2162800629685911,0.8082444071769714,0.6666425740718842,0.14160183310508723,9.2,9.2,trapezoid_from_zero_normalized_by_max_fraction
ton_iot_binary,46,rid_72bbb8e961a8c932da072f79827d67c4,mlp,occlusion,nearest_neighbour_donor,nonparametric_conditional,deletion,0,BENIGN,True,0,BENIGN,0.9999999811045336,0.1577798684231445,10,1.0532262604279197e-05,2.5681314292480553e-06,1.0624348285848128e-06,7.964131175031141e-06,9.469827775694385e-06,9.114710589708709e-07,6.426752975290178e-07,6.704487591874266e-06,0.1378547102212906,0.10838208951056003,0.029472620710730563,9.2,9.2,trapezoid_from_zero_normalized_by_max_fraction
ton_iot_binary,46,rid_be2af7863764ca8a412b678f54301a22,mlp,occlusion,nearest_neighbour_donor,nonparametric_conditional,deletion,0,BENIGN,True,0,BENIGN,0.99967631616164,0.157456203480251,10,-0.00026459184842100305,-0.00011215230351296234,-4.650763076386566e-05,-0.00015243954490804068,-0.00021808421765713738,5.015115505560827e-05,2.4327034742297556e-05,-0.0002001205330029439,0.1660902202129364,0.1278107786923647,0.038279441520571694,9.2,9.2,trapezoid_from_zero_normalized_by_max_fraction
ton_iot_binary,46,rid_505e152c3ef69a8f8e767b07816248d3,mlp,occlusion,nearest_neighbour_donor,nonparametric_conditional,deletion,1,ATTACK,True,1,ATTACK,0.999967873096466,0.8421879857778549,10,0.5938251569867135,0.42502203006826145,0.20637564398824199,0.16880312691845198,0.3874495129984714,0.11576810605917223,0.05671868616005907,0.057634502044736205,1.6335865259170532,1.399899954795837,0.23368657112121616,9.2,9.2,trapezoid_from_zero_normalized_by_max_fraction
ton_iot_binary,46,rid_30bff1125cda1c3988a046944ca3efb3,mlp,occlusion,nearest_neighbour_donor,nonparametric_conditional,deletion,1,ATTACK,True,1,ATTACK,0.9995391964912416,0.8417593091726305,10,0.17279479652643204,0.377625035612291,0.27813644453010056,-0.2048302390858589,-0.10534164800366852,0.08079165870021632,0.04874674990655457,-0.30037386890270584,1.3775341510772705,1.2289170920848846,0.14861705899238586,9.2,9.2,trapezoid_from_zero_normalized_by_max_fraction
ton_iot_binary,46,rid_9c888da59f61f2c2540b876846e0e6bf,mlp,occlusion,nearest_neighbour_donor,nonparametric_conditional,deletion,1,ATTACK,True,1,ATTACK,0.9832900762557985,0.8255101889371874,10,0.5840841866884148,0.3217852434353621,0.3426818536193097,0.26229894325305275,0.24140233306910505,0.12121526561855403,0.05885670574038908,0.14693980000189016,1.6082826852798462,1.4817185425758361,0.12656414270401006,9.2,9.2,trapezoid_from_zero_normalized_by_max_fraction
ton_iot_binary,46,rid_9c33cb19da563a668f713cb01c8cdbf1,mlp,occlusion,nearest_neighbour_donor,nonparametric_conditional,deletion,1,ATTACK,True,1,ATTACK,0.9999985098838806,0.8422186225652695,10,0.18610938340425492,0.45683801487088205,0.28930974517017605,-0.27072863146662707,-0.10320036176592111,0.06860770114006035,0.03406280790249615,-0.33749173495551954,1.715850591659546,1.5284850406646728,0.18736555099487306,9.2,9.2,trapezoid_from_zero_normalized_by_max_fraction
ton_iot_binary,46,rid_4bdac81e88e4e8c3a0632b0c9d67d421,mlp,occlusion,nearest_neighbour_donor,nonparametric_conditional,deletion,1,ATTACK,True,1,ATTACK,0.9999990463256836,0.8422191590070724,10,0.3941667288541794,0.47041734400263524,0.14299077466130258,-0.07625061514845582,0.25117595419287686,0.047705610742149754,0.02603371562987708,-0.1272766977830149,1.6022131443023682,1.562804458141327,0.039408686161041206,9.2,9.2,trapezoid_from_zero_normalized_by_max_fraction
ton_iot_binary,46,rid_435881a1379124d28c655ee245760977,mlp,occlusion,nearest_neighbour_donor,nonparametric_conditional,deletion,0,BENIGN,True,0,BENIGN,0.9999950881128824,0.1577749754314936,10,0.35572542027225607,0.3595303060556549,0.032540655949156304,-0.003804885783398826,0.3231847643230998,0.12898393263878144,0.06567837296023718,-0.1325344967854637,1.3403761386871338,1.1483600372076035,0.1920161014795303,9.2,9.2,trapezoid_from_zero_normalized_by_max_fraction
ton_iot_binary,46,rid_485f8b3f726a9fbc91128993da261e64,mlp,occlusion,nearest_neighbour_donor,nonparametric_conditional,deletion,1,ATTACK,True,1,ATTACK,0.9993459582328796,0.8415660709142685,10,0.5630119178444147,0.2039053139090538,0.042529462575912474,0.3591066039353609,0.5204824552685022,0.06455676631294027,0.04401482502782419,0.2728375468808255,1.1026102304458618,0.9589807903021574,0.14362944014370438,9.2,9.2,trapezoid_from_zero_normalized_by_max_fraction
ton_iot_binary,46,rid_f0c76c1ef3adf56e3915b11c7d28c607,mlp,occlusion,nearest_neighbour_donor,nonparametric_conditional,insertion,1,ATTACK,True,1,ATTACK,1.0,0.8422201126813889,10,0.8496678779367357,0.8619548783409163,0.4559473417665868,-0.012287000404180615,0.3937205361701489,0.038383409164829255,0.027478226063513547,-0.06614432348866717,0.4513838291168213,0.4148211631178856,0.036562665998935706,9.2,9.2,trapezoid_from_zero_normalized_by_max_fraction
ton_iot_binary,46,rid_5654332763228cdbe941f6291bdfd98f,mlp,occlusion,nearest_neighbour_donor,nonparametric_conditional,insertion,0,BENIGN,True,0,BENIGN,0.9989368952810764,0.1567167825996875,10,0.00392811118008467,0.004305819087221607,0.004439903146349024,-0.00037770790713693704,-0.0005117919662643544,0.00012288326005226646,6.416841422321205e-05,-0.0005034779990144326,0.1826537549495697,0.1236025271192193,0.0590512278303504,9.2,9.2,trapezoid_from_zero_normalized_by_max_fraction
ton_iot_binary,46,rid_5ac6083d52d9128cc0c7879c86271a52,mlp,occlusion,nearest_neighbour_donor,nonparametric_conditional,insertion,0,BENIGN,True,0,BENIGN,0.9999998398981234,0.1577797272167344,10,0.004842844643957278,0.004839805972922875,0.004836441505961488,3.038671034403303e-06,6.403137995789803e-06,1.7939596312585368e-06,9.191953216831539e-07,1.2370482039043212e-06,0.1574653834104538,0.1142914494127035,0.0431739339977503,9.2,9.2,trapezoid_from_zero_normalized_by_max_fraction
ton_iot_binary,46,rid_63700775accb259980416d6c21c2b49b,mlp,occlusion,nearest_neighbour_donor,nonparametric_conditional,insertion,0,BENIGN,True,0,BENIGN,0.9846601188182832,0.1424400061368942,10,-0.00839076194097288,-0.009663064437954744,-0.009964128660503774,0.001272302496981865,0.0015733667195308952,0.00040519695510739826,0.00027116938665807847,0.0007408104991320312,3.1323037147521973,2.7581332838535313,0.374170430898666,9.2,9.2,trapezoid_from_zero_normalized_by_max_fraction
ton_iot_binary,46,rid_7a46b2fad8b34e52ccbe406dfdd6c1b4,mlp,occlusion,nearest_neighbour_donor,nonparametric_conditional,insertion,0,BENIGN,True,0,BENIGN,0.9999908878262432,0.1577707751448542,10,0.004834352845091417,0.0048355249501241815,0.004833510229300373,-1.1721050327653197e-06,8.426157910434475e-07,1.4066379564453748e-06,6.741931329030893e-07,-2.4935235732553747e-06,0.14150795340538025,0.11132690403610468,0.03018104936927557,9.2,9.2,trapezoid_from_zero_normalized_by_max_fraction
ton_iot_binary,46,rid_1a518cad6906e59db9ffc85d6011041a,mlp,occlusion,nearest_neighbour_donor,nonparametric_conditional,insertion,0,BENIGN,True,0,BENIGN,0.999948257671349,0.15772814498996,10,0.004799997993268334,-0.055180476081849006,-0.030175660930406144,0.059980474075117335,0.03497565892367447,0.05000178063926758,0.036054381643974995,-0.010686113947073653,0.17234772443771362,0.13390511833131313,0.03844260610640049,9.2,9.2,trapezoid_from_zero_normalized_by_max_fraction
ton_iot_binary,46,rid_3c11ba6c875c6b422b5beb6a9c1cf647,mlp,occlusion,nearest_neighbour_donor,nonparametric_conditional,insertion,1,ATTACK,True,1,ATTACK,0.99996680021286,0.842186912894249,10,0.9451188536826521,0.9351246848779555,0.7551382512975715,0.009994168804696538,0.18998060238508058,0.010002125503518377,0.009999721396508066,-0.009605285132459269,0.8082444071769714,0.6666425740718842,0.14160183310508723,9.2,9.2,trapezoid_from_zero_normalized_by_max_fraction
ton_iot_binary,46,rid_72bbb8e961a8c932da072f79827d67c4,mlp,occlusion,nearest_neighbour_donor,nonparametric_conditional,insertion,0,BENIGN,True,0,BENIGN,0.9999999811045336,0.1577798684231445,10,0.004842973507078607,0.004839978720827105,0.004836496722853197,2.9947862515021867e-06,6.47678422541105e-06,1.8357616908175204e-06,9.608612578962336e-07,1.1114981860255688e-06,0.1378547102212906,0.10838208951056003,0.029472620710730563,9.2,9.2,trapezoid_from_zero_normalized_by_max_fraction
ton_iot_binary,46,rid_be2af7863764ca8a412b678f54301a22,mlp,occlusion,nearest_neighbour_donor,nonparametric_conditional,insertion,0,BENIGN,True,0,BENIGN,0.99967631616164,0.157456203480251,10,0.004561031965658912,-0.12029505702589682,-0.03522535133876995,0.12485608899155572,0.039786383304428866,0.08957555413386731,0.04727974995999576,0.032187779069964034,0.1660902202129364,0.1278107786923647,0.038279441520571694,9.2,9.2,trapezoid_from_zero_normalized_by_max_fraction
ton_iot_binary,46,rid_505e152c3ef69a8f8e767b07816248d3,mlp,occlusion,nearest_neighbour_donor,nonparametric_conditional,insertion,1,ATTACK,True,1,ATTACK,0.999967873096466,0.8421879857778549,10,0.4779327424708754,0.6541629600409781,0.3726740753683022,-0.17623021757010263,0.10525866710257319,0.0929488632289235,0.04839777882424992,-0.27108986406563246,1.6335865259170532,1.399899954795837,0.23368657112121616,9.2,9.2,trapezoid_from_zero_normalized_by_max_fraction
ton_iot_binary,46,rid_30bff1125cda1c3988a046944ca3efb3,mlp,occlusion,nearest_neighbour_donor,nonparametric_conditional,insertion,1,ATTACK,True,1,ATTACK,0.9995391964912416,0.8417593091726305,10,0.6887529511761386,0.43268926475694114,0.20434279261231908,0.2560636864191974,0.48441015856381947,0.09462037906919024,0.04454333673352643,0.1687587464214856,1.3775341510772705,1.2289170920848846,0.14861705899238586,9.2,9.2,trapezoid_from_zero_normalized_by_max_fraction
ton_iot_binary,46,rid_9c888da59f61f2c2540b876846e0e6bf,mlp,occlusion,nearest_neighbour_donor,nonparametric_conditional,insertion,1,ATTACK,True,1,ATTACK,0.9832900762557985,0.8255101889371874,10,0.5175332223891858,0.45139272303552314,0.3878544126771962,0.06614049935366255,0.12967880971198953,0.1078999301207842,0.05392110961494177,-0.03954487549162332,1.6082826852798462,1.4817185425758361,0.12656414270401006,9.2,9.2,trapezoid_from_zero_normalized_by_max_fraction
ton_iot_binary,46,rid_9c33cb19da563a668f713cb01c8cdbf1,mlp,occlusion,nearest_neighbour_donor,nonparametric_conditional,insertion,1,ATTACK,True,1,ATTACK,0.9999985098838806,0.8422186225652695,10,0.30654354593716565,0.5975344246193338,0.31879249503396295,-0.29099087868216816,-0.012248949096797329,0.09042969227516535,0.04704907848829818,-0.3832070725192326,1.715850591659546,1.5284850406646728,0.18736555099487306,9.2,9.2,trapezoid_from_zero_normalized_by_max_fraction
ton_iot_binary,46,rid_4bdac81e88e4e8c3a0632b0c9d67d421,mlp,occlusion,nearest_neighbour_donor,nonparametric_conditional,insertion,1,ATTACK,True,1,ATTACK,0.9999990463256836,0.8422191590070724,10,0.7692031184677035,0.7468480447401655,0.33104302597766616,0.022355073727537915,0.4381600924900373,0.059767685305986855,0.03239544899301786,-0.0411400062987771,1.6022131443023682,1.562804458141327,0.039408686161041206,9.2,9.2,trapezoid_from_zero_normalized_by_max_fraction
ton_iot_binary,46,rid_435881a1379124d28c655ee245760977,mlp,occlusion,nearest_neighbour_donor,nonparametric_conditional,insertion,0,BENIGN,True,0,BENIGN,0.9999950881128824,0.1577749754314936,10,0.00481569682775671,-0.036422480504409584,-0.3046809765077978,0.04123817733216629,0.30949667333555453,0.028077830958587922,0.0198231733501642,0.002384757565844456,1.3403761386871338,1.1483600372076035,0.1920161014795303,9.2,9.2,trapezoid_from_zero_normalized_by_max_fraction
ton_iot_binary,46,rid_485f8b3f726a9fbc91128993da261e64,mlp,occlusion,nearest_neighbour_donor,nonparametric_conditional,insertion,1,ATTACK,True,1,ATTACK,0.9993459582328796,0.8415660709142685,10,0.9200444760266692,0.7185541841936356,0.6229705270412341,0.20149029183303357,0.29707394898543493,0.07836322687650833,0.040231603738171015,0.12263634850621839,1.1026102304458618,0.9589807903021574,0.14362944014370438,9.2,9.2,trapezoid_from_zero_normalized_by_max_fraction
ton_iot_binary,46,rid_f0c76c1ef3adf56e3915b11c7d28c607,mlp,occlusion,correlation_group_median,group_wise,deletion,1,ATTACK,True,1,ATTACK,1.0,0.8422201126813889,50,0.07110260725021363,0.0760074844208466,0.27213521001340113,-0.004904877170632973,-0.20103260276318752,0.006345731898926562,0.00611409892933351,-0.016888511072126654,0.34163540601730347,0.6337823216319084,-0.29214691561460493,16.6,13.52,trapezoid_from_zero_normalized_by_max_fraction
ton_iot_binary,46,rid_5654332763228cdbe941f6291bdfd98f,mlp,occlusion,correlation_group_median,group_wise,deletion,0,BENIGN,True,0,BENIGN,0.9989368952810764,0.1567167825996875,50,0.909836140833795,0.8276704706567253,0.47466113446450614,0.08216567017706984,0.43517500636928885,0.015157327825319944,0.010601033603186738,0.06138764431482384,0.2280757874250412,0.33051431027054784,-0.10243852284550664,12.8,11.392,trapezoid_from_zero_normalized_by_max_fraction
ton_iot_binary,46,rid_5ac6083d52d9128cc0c7879c86271a52,mlp,occlusion,correlation_group_median,group_wise,deletion,0,BENIGN,True,0,BENIGN,0.9999998398981234,0.1577797272167344,50,0.88700286437508,0.8013991080403328,0.3449526958116168,0.08560375633474723,0.5420501685634632,0.013605205375646112,0.009589634383287849,0.06680807294350305,0.20147886872291565,0.2207494569718838,-0.019270588248968157,12.8,11.276,trapezoid_from_zero_normalized_by_max_fraction
ton_iot_binary,46,rid_63700775accb259980416d6c21c2b49b,mlp,occlusion,correlation_group_median,group_wise,deletion,0,BENIGN,True,0,BENIGN,0.9846601188182832,0.1424400061368942,50,0.6678658217191696,0.5955322891076211,0.16509159402467388,0.07233353261154843,0.5027742276944958,0.019397364243681825,0.012112041940510073,0.04859393040814869,2.7495083808898926,1.8935031238794326,0.8560052570104599,15.0,12.952000000000002,trapezoid_from_zero_normalized_by_max_fraction
ton_iot_binary,46,rid_7a46b2fad8b34e52ccbe406dfdd6c1b4,mlp,occlusion,correlation_group_median,group_wise,deletion,0,BENIGN,True,0,BENIGN,0.9999908878262432,0.1577707751448542,50,0.9078453163467657,0.7981222675970876,0.4518513300834129,0.10972304874967814,0.45599398626335275,0.015440636373973794,0.011085702360147085,0.08799507212378986,0.18671786785125732,0.19354874495044352,-0.0068308770991862,13.4,12.212,trapezoid_from_zero_normalized_by_max_fraction
ton_iot_binary,46,rid_1a518cad6906e59db9ffc85d6011041a,mlp,occlusion,correlation_group_median,group_wise,deletion,0,BENIGN,True,0,BENIGN,0.999948257671349,0.15772814498996,50,0.9089878208867959,0.812260557865704,0.4171922943780837,0.09672726302109187,0.49179552650871206,0.014857277380147959,0.010401754560355645,0.07633982408279481,0.1825311779975891,0.20109870237112046,-0.018567524373531347,12.8,11.331999999999999,trapezoid_from_zero_normalized_by_max_fraction
ton_iot_binary,46,rid_3c11ba6c875c6b422b5beb6a9c1cf647,mlp,occlusion,correlation_group_median,group_wise,deletion,1,ATTACK,True,1,ATTACK,0.99996680021286,0.842186912894249,50,0.16915010511856,0.1771439886912809,0.4100953648640533,-0.007993883572720887,-0.24094525974549325,0.018974535822278604,0.011104401911892743,-0.029758511320030663,0.8165115118026733,0.9394439672231675,-0.12293245542049414,13.4,12.396,trapezoid_from_zero_normalized_by_max_fraction
ton_iot_binary,46,rid_72bbb8e961a8c932da072f79827d67c4,mlp,occlusion,correlation_group_median,group_wise,deletion,0,BENIGN,True,0,BENIGN,0.9999999811045336,0.1577798684231445,50,0.8709283440612163,0.7707983556580555,0.33816588467928904,0.10012998840316073,0.5327624593819273,0.01304734378477472,0.009386970253431458,0.08173152670643508,0.1965845823287964,0.18636844161152838,0.010216140717268007,13.4,11.672,trapezoid_from_zero_normalized_by_max_fraction
ton_iot_binary,46,rid_be2af7863764ca8a412b678f54301a22,mlp,occlusion,correlation_group_median,group_wise,deletion,0,BENIGN,True,0,BENIGN,0.99967631616164,0.157456203480251,50,0.9101608670956921,0.8344590385568262,0.42900239074583624,0.07570182853886581,0.48115847634985587,0.015129220061846558,0.01067665743960041,0.05477557995724901,0.19105961918830872,0.22048827674984933,-0.029428657561540617,12.2,10.724,trapezoid_from_zero_normalized_by_max_fraction
ton_iot_binary,46,rid_505e152c3ef69a8f8e767b07816248d3,mlp,occlusion,correlation_group_median,group_wise,deletion,1,ATTACK,True,1,ATTACK,0.999967873096466,0.8421879857778549,50,0.030510008335113525,0.1328997181141836,0.2941868028464294,-0.10238970977907008,-0.2636767945113159,0.016472950553338882,0.011236752479992188,-0.12441374463985477,1.1172831058502197,1.0576453278064728,0.059637778043746925,14.2,14.3,trapezoid_from_zero_normalized_by_max_fraction
ton_iot_binary,46,rid_30bff1125cda1c3988a046944ca3efb3,mlp,occlusion,correlation_group_median,group_wise,deletion,1,ATTACK,True,1,ATTACK,0.9995391964912416,0.8417593091726305,50,0.03868594169616699,0.0761974424123764,0.1793680567983538,-0.03751150071620941,-0.1406821151021868,0.006764089942220053,0.003430761586860738,-0.044235793426456456,1.1441041231155396,0.6937534201145172,0.4503507030010223,13.4,12.059999999999999,trapezoid_from_zero_normalized_by_max_fraction
ton_iot_binary,46,rid_9c888da59f61f2c2540b876846e0e6bf,mlp,occlusion,correlation_group_median,group_wise,deletion,1,ATTACK,True,1,ATTACK,0.9832900762557985,0.8255101889371874,50,0.34830884337425233,0.2969279844903358,0.2791952956897412,0.051380858883916504,0.06911354768451107,0.026469282614697973,0.015209689897358098,0.021569866685094634,1.1056078672409058,0.9483605711460115,0.1572472960948943,16.0,16.604,trapezoid_from_zero_normalized_by_max_fraction
ton_iot_binary,46,rid_9c33cb19da563a668f713cb01c8cdbf1,mlp,occlusion,correlation_group_median,group_wise,deletion,1,ATTACK,True,1,ATTACK,0.9999985098838806,0.8422186225652695,50,0.11568453013896943,0.07330757978558541,0.19340551783144475,0.04237695035338401,-0.07772098769247532,0.008972050444023804,0.0061381348396288855,0.0303462060677114,1.7623014450073242,1.549729830741882,0.21257161426544213,13.6,13.395999999999997,trapezoid_from_zero_normalized_by_max_fraction
ton_iot_binary,46,rid_4bdac81e88e4e8c3a0632b0c9d67d421,mlp,occlusion,correlation_group_median,group_wise,deletion,1,ATTACK,True,1,ATTACK,0.9999990463256836,0.8422191590070724,50,0.022134608030319212,0.14637585338950157,0.17652612354885786,-0.12424124535918235,-0.15439151551853866,0.027374519900061126,0.015434318581425367,-0.15449250977877607,1.246823787689209,1.0369762096405029,0.20984757804870613,15.2,13.443999999999999,trapezoid_from_zero_normalized_by_max_fraction
ton_iot_binary,46,rid_435881a1379124d28c655ee245760977,mlp,occlusion,correlation_group_median,group_wise,deletion,0,BENIGN,True,0,BENIGN,0.9999950881128824,0.1577749754314936,50,0.7038382634579192,0.7006502513125298,0.28473545446207327,0.003188012145389556,0.41910280899584607,0.015846619812527715,0.009706052959123143,-0.015835851654491806,1.4328981637954712,1.7388857698440554,-0.3059876060485842,13.6,11.52,trapezoid_from_zero_normalized_by_max_fraction
ton_iot_binary,46,rid_485f8b3f726a9fbc91128993da261e64,mlp,occlusion,correlation_group_median,group_wise,deletion,1,ATTACK,True,1,ATTACK,0.9993459582328796,0.8415660709142685,50,0.1286112390458584,0.21361791472882033,0.20202280980348586,-0.08500667568296194,-0.07341157075762748,0.033014272818042034,0.017836444302237006,-0.11996610651534648,0.7837982177734375,0.7216751959323883,0.06212302184104923,14.0,12.272,trapezoid_from_zero_normalized_by_max_fraction
ton_iot_binary,46,rid_f0c76c1ef3adf56e3915b11c7d28c607,mlp,occlusion,correlation_group_median,group_wise,insertion,1,ATTACK,True,1,ATTACK,1.0,0.8422201126813889,50,0.042185282707214354,-0.003999058891427699,-0.24053466663465484,0.04618434159864205,0.28271994934186917,0.006484573246524543,0.006484573246524543,0.03347457803545394,0.34163540601730347,0.6337823216319084,-0.29214691561460493,16.6,13.52,trapezoid_from_zero_normalized_by_max_fraction
ton_iot_binary,46,rid_5654332763228cdbe941f6291bdfd98f,mlp,occlusion,correlation_group_median,group_wise,insertion,0,BENIGN,True,0,BENIGN,0.9989368952810764,0.1567167825996875,50,0.9066803909980081,0.8319899013066987,0.48343205342970397,0.0746904896913093,0.42324833756830416,0.014792754956228437,0.010524793113046372,0.05406189518973841,0.2280757874250412,0.33051431027054784,-0.10243852284550664,12.8,11.392,trapezoid_from_zero_normalized_by_max_fraction
ton_iot_binary,46,rid_5ac6083d52d9128cc0c7879c86271a52,mlp,occlusion,correlation_group_median,group_wise,insertion,0,BENIGN,True,0,BENIGN,0.9999998398981234,0.1577797272167344,50,0.9077906908383688,0.8586242710523447,0.5233590522981586,0.04916641978602411,0.38443163854021034,0.008660937263255107,0.0062248222877867064,0.036965768101962164,0.20147886872291565,0.2207494569718838,-0.019270588248968157,12.8,11.276,trapezoid_from_zero_normalized_by_max_fraction
ton_iot_binary,46,rid_63700775accb259980416d6c21c2b49b,mlp,occlusion,correlation_group_median,group_wise,insertion,0,BENIGN,True,0,BENIGN,0.9846601188182832,0.1424400061368942,50,0.8760010626167059,0.772459778128221,0.7149800661521868,0.10354128448848494,0.16102099646451912,0.01742901021597221,0.010113983153912176,0.08371787750681708,2.7495083808898926,1.8935031238794326,0.8560052570104599,15.0,12.952000000000002,trapezoid_from_zero_normalized_by_max_fraction
ton_iot_binary,46,rid_7a46b2fad8b34e52ccbe406dfdd6c1b4,mlp,occlusion,correlation_group_median,group_wise,insertion,0,BENIGN,True,0,BENIGN,0.9999908878262432,0.1577707751448542,50,0.9077826930689752,0.8177454155059576,0.5012303627885231,0.0900372775630176,0.40655233028045223,0.01559926484648734,0.011271573921690214,0.06794499267650478,0.18671786785125732,0.19354874495044352,-0.0068308770991862,13.4,12.212,trapezoid_from_zero_normalized_by_max_fraction
ton_iot_binary,46,rid_1a518cad6906e59db9ffc85d6011041a,mlp,occlusion,correlation_group_median,group_wise,insertion,0,BENIGN,True,0,BENIGN,0.999948257671349,0.15772814498996,50,0.9077425310679246,0.8219691370030269,0.4548989430714155,0.08577339406489773,0.4528435879965091,0.014130107676838715,0.01004147854158433,0.06609209612339244,0.1825311779975891,0.20109870237112046,-0.018567524373531347,12.8,11.331999999999999,trapezoid_from_zero_normalized_by_max_fraction
ton_iot_binary,46,rid_3c11ba6c875c6b422b5beb6a9c1cf647,mlp,occlusion,correlation_group_median,group_wise,insertion,1,ATTACK,True,1,ATTACK,0.99996680021286,0.842186912894249,50,0.03891250193119049,-0.09932546148721075,-0.39520065479315325,0.13823796341840122,0.43411315672434375,0.015569822986073276,0.010140791084329286,0.11836201289311582,0.8165115118026733,0.9394439672231675,-0.12293245542049414,13.4,12.396,trapezoid_from_zero_normalized_by_max_fraction
ton_iot_binary,46,rid_72bbb8e961a8c932da072f79827d67c4,mlp,occlusion,correlation_group_median,group_wise,insertion,0,BENIGN,True,0,BENIGN,0.9999999811045336,0.1577798684231445,50,0.9077908127013599,0.8794917368713177,0.6186914819552745,0.028299075830042205,0.2890993307460855,0.005509159262612171,0.004427105604972513,0.019621948844296078,0.1965845823287964,0.18636844161152838,0.010216140717268007,13.4,11.672,trapezoid_from_zero_normalized_by_max_fraction
ton_iot_binary,46,rid_be2af7863764ca8a412b678f54301a22,mlp,occlusion,correlation_group_median,group_wise,insertion,0,BENIGN,True,0,BENIGN,0.99967631616164,0.157456203480251,50,0.9074693874044897,0.8420229824997169,0.4549131925248703,0.06544640490477284,0.4525561948796193,0.014630853081900961,0.010508921581881618,0.04484891860428487,0.19105961918830872,0.22048827674984933,-0.029428657561540617,12.2,10.724,trapezoid_from_zero_normalized_by_max_fraction
ton_iot_binary,46,rid_505e152c3ef69a8f8e767b07816248d3,mlp,occlusion,correlation_group_median,group_wise,insertion,1,ATTACK,True,1,ATTACK,0.999967873096466,0.8421879857778549,50,-0.025046643614768983,-0.16288828905285913,-0.18549040087433205,0.13784164543809016,0.1604437572595631,0.023313804561285748,0.011778871211013368,0.11475505786450396,1.1172831058502197,1.0576453278064728,0.059637778043746925,14.2,14.3,trapezoid_from_zero_normalized_by_max_fraction
ton_iot_binary,46,rid_30bff1125cda1c3988a046944ca3efb3,mlp,occlusion,correlation_group_median,group_wise,insertion,1,ATTACK,True,1,ATTACK,0.9995391964912416,0.8417593091726305,50,0.04173712134361267,-0.003543344795703886,-0.15620153862982988,0.04528046613931656,0.19793865997344257,0.0069127396048359845,0.004238487861005777,0.036973029931745234,1.1441041231155396,0.6937534201145172,0.4503507030010223,13.4,12.059999999999999,trapezoid_from_zero_normalized_by_max_fraction
ton_iot_binary,46,rid_9c888da59f61f2c2540b876846e0e6bf,mlp,occlusion,correlation_group_median,group_wise,insertion,1,ATTACK,True,1,ATTACK,0.9832900762557985,0.8255101889371874,50,-0.08502359092235566,-0.29139516852663117,-0.1993039674476596,0.20637157760427552,0.11428037652530396,0.016914574292190742,0.01014122955903678,0.18649476766856343,1.1056078672409058,0.9483605711460115,0.1572472960948943,16.0,16.604,trapezoid_from_zero_normalized_by_max_fraction
ton_iot_binary,46,rid_9c33cb19da563a668f713cb01c8cdbf1,mlp,occlusion,correlation_group_median,group_wise,insertion,1,ATTACK,True,1,ATTACK,0.9999985098838806,0.8422186225652695,50,-0.022817054390907303,-0.0765512616634369,-0.12781609563529492,0.053734207272529616,0.10499904124438762,0.008897536870526624,0.007018575644407553,0.03997779900949081,1.7623014450073242,1.549729830741882,0.21257161426544213,13.6,13.395999999999997,trapezoid_from_zero_normalized_by_max_fraction
ton_iot_binary,46,rid_4bdac81e88e4e8c3a0632b0c9d67d421,mlp,occlusion,correlation_group_median,group_wise,insertion,1,ATTACK,True,1,ATTACK,0.9999990463256836,0.8422191590070724,50,-0.002779588103294369,-0.15870969024300577,-0.1416412446424365,0.15593010213971137,0.13886165653914212,0.024618377039772266,0.012530348463300225,0.13137061915164294,1.246823787689209,1.0369762096405029,0.20984757804870613,15.2,13.443999999999999,trapezoid_from_zero_normalized_by_max_fraction
ton_iot_binary,46,rid_435881a1379124d28c655ee245760977,mlp,occlusion,correlation_group_median,group_wise,insertion,0,BENIGN,True,0,BENIGN,0.9999950881128824,0.1577749754314936,50,0.851061510380714,0.8403069614257856,0.5938658942964707,0.010754548954928379,0.25719561608424324,0.007577330734271917,0.0053588940840648275,0.0002511165501613167,1.4328981637954712,1.7388857698440554,-0.3059876060485842,13.6,11.52,trapezoid_from_zero_normalized_by_max_fraction
ton_iot_binary,46,rid_485f8b3f726a9fbc91128993da261e64,mlp,occlusion,correlation_group_median,group_wise,insertion,1,ATTACK,True,1,ATTACK,0.9993459582328796,0.8415660709142685,50,-0.023817762732505802,-0.277576892260462,-0.1747638324536383,0.25375912952795626,0.1509460697211325,0.03342578501649458,0.019655598803247704,0.21523415587359077,0.7837982177734375,0.7216751959323883,0.06212302184104923,14.0,12.272,trapezoid_from_zero_normalized_by_max_fraction
ton_iot_binary,46,rid_f0c76c1ef3adf56e3915b11c7d28c607,mlp,occlusion,correlation_group_joint_donor,group_wise_dependency_preserving,deletion,1,ATTACK,True,1,ATTACK,1.0,0.8422201126813889,50,0.3512153007788584,0.5321931358681082,0.4401225160862348,-0.1809778350892499,-0.08890721530737646,0.05538802328824088,0.026400274561533366,-0.23272237322985528,0.06374624371528625,0.1170806650146842,-0.053334421299397944,16.6,13.656,trapezoid_from_zero_normalized_by_max_fraction
ton_iot_binary,46,rid_5654332763228cdbe941f6291bdfd98f,mlp,occlusion,correlation_group_joint_donor,group_wise_dependency_preserving,deletion,0,BENIGN,True,0,BENIGN,0.9989368952810764,0.1567167825996875,50,0.3987088265973957,0.3430700800000248,0.3750102308144665,0.05563874659737093,0.023698595782929228,0.05288972676700188,0.024808435735760297,0.007014212555280751,0.28802281618118286,0.29394498062133784,-0.0059221644401549756,12.8,14.836000000000002,trapezoid_from_zero_normalized_by_max_fraction
ton_iot_binary,46,rid_5ac6083d52d9128cc0c7879c86271a52,mlp,occlusion,correlation_group_joint_donor,group_wise_dependency_preserving,deletion,0,BENIGN,True,0,BENIGN,0.9999998398981234,0.1577797272167344,50,0.19048336106559896,0.3443913806280462,0.2946982361170146,-0.1539080195624472,-0.10421487505141572,0.05458073506712441,0.025879294900232344,-0.2046314375669026,0.5243723392486572,0.7348007138371468,-0.21042837458848962,12.8,12.8,trapezoid_from_zero_normalized_by_max_fraction
ton_iot_binary,46,rid_63700775accb259980416d6c21c2b49b,mlp,occlusion,correlation_group_joint_donor,group_wise_dependency_preserving,deletion,0,BENIGN,True,0,BENIGN,0.9846601188182832,0.1424400061368942,50,0.42627938764635476,0.33821506936835743,0.1859502757817951,0.0880643182779973,0.24032911186455963,0.04390975470718293,0.023150063815617412,0.04269019319938717,2.835914373397827,2.1221224122047424,0.7137919611930847,15.0,12.504,trapezoid_from_zero_normalized_by_max_fraction
ton_iot_binary,46,rid_7a46b2fad8b34e52ccbe406dfdd6c1b4,mlp,occlusion,correlation_group_joint_donor,group_wise_dependency_preserving,deletion,0,BENIGN,True,0,BENIGN,0.9999908878262432,0.1577707751448542,50,0.23550675212066496,0.3597845995700636,0.36635550042666715,-0.12427784744939858,-0.13084874830600218,0.05772351703126772,0.02725460178722844,-0.17769686695236633,0.3590855002403259,0.7042023118138314,-0.3451168115735055,13.4,13.132,trapezoid_from_zero_normalized_by_max_fraction
ton_iot_binary,46,rid_1a518cad6906e59db9ffc85d6011041a,mlp,occlusion,correlation_group_joint_donor,group_wise_dependency_preserving,deletion,0,BENIGN,True,0,BENIGN,0.999948257671349,0.15772814498996,50,-4.3871220391777935e-05,0.3949206682524686,0.2961266177789594,-0.39496453947286037,-0.29617048899935117,0.05907997439931086,0.02814488624902551,-0.4501285165209504,0.5846518874168396,0.8413545529842377,-0.25670266556739807,12.8,12.564,trapezoid_from_zero_normalized_by_max_fraction
ton_iot_binary,46,rid_3c11ba6c875c6b422b5beb6a9c1cf647,mlp,occlusion,correlation_group_joint_donor,group_wise_dependency_preserving,deletion,1,ATTACK,True,1,ATTACK,0.99996680021286,0.842186912894249,50,0.6871748971238778,0.5027120274354906,0.5337778192830507,0.1844628696883872,0.15339707784082707,0.058210649591725165,0.027614875336725714,0.13033771402840483,0.9527341723442078,1.2310083825588227,-0.27827421021461496,13.4,12.352,trapezoid_from_zero_normalized_by_max_fraction
ton_iot_binary,46,rid_72bbb8e961a8c932da072f79827d67c4,mlp,occlusion,correlation_group_joint_donor,group_wise_dependency_preserving,deletion,0,BENIGN,True,0,BENIGN,0.9999999811045336,0.1577798684231445,50,0.0831599145390233,0.3559235004030547,0.3231189758677968,-0.27276358586403143,-0.23995906132877348,0.05697249617465284,0.027274119936062338,-0.3262208609387136,0.42395034432411194,0.5836739981174468,-0.15972365379333486,13.4,13.168000000000001,trapezoid_from_zero_normalized_by_max_fraction
ton_iot_binary,46,rid_be2af7863764ca8a412b678f54301a22,mlp,occlusion,correlation_group_joint_donor,group_wise_dependency_preserving,deletion,0,BENIGN,True,0,BENIGN,0.99967631616164,0.157456203480251,50,0.29393571393316426,0.3382553587773481,0.3638144118434725,-0.04431964484418382,-0.06987869791030826,0.059918144237342694,0.028825219890360826,-0.10081707582929103,0.11874258518218994,0.1489870249927044,-0.030244439810514445,12.2,11.943999999999999,trapezoid_from_zero_normalized_by_max_fraction
ton_iot_binary,46,rid_505e152c3ef69a8f8e767b07816248d3,mlp,occlusion,correlation_group_joint_donor,group_wise_dependency_preserving,deletion,1,ATTACK,True,1,ATTACK,0.999967873096466,0.8421879857778549,50,0.2040938832331449,0.28416080945009875,0.3367583910566318,-0.08006692621695385,-0.13266450782348693,0.05220632188005707,0.024464261760074754,-0.12801687926670036,0.8681507110595703,0.8734233522415161,-0.005272641181945814,14.2,14.336000000000002,trapezoid_from_zero_normalized_by_max_fraction
ton_iot_binary,46,rid_30bff1125cda1c3988a046944ca3efb3,mlp,occlusion,correlation_group_joint_donor,group_wise_dependency_preserving,deletion,1,ATTACK,True,1,ATTACK,0.9995391964912416,0.8417593091726305,50,0.6450259491582067,0.4326130481674174,0.5117197218832491,0.21241290099078922,0.1333062272749575,0.05751743286102054,0.027158722144551752,0.15918180558746778,1.3637988567352295,0.9664885649681091,0.3973102917671204,13.4,13.916000000000002,trapezoid_from_zero_normalized_by_max_fraction
ton_iot_binary,46,rid_9c888da59f61f2c2540b876846e0e6bf,mlp,occlusion,correlation_group_joint_donor,group_wise_dependency_preserving,deletion,1,ATTACK,True,1,ATTACK,0.9832900762557985,0.8255101889371874,50,0.2833676420156506,0.44487328397174597,0.4118442934396447,-0.16150564195609535,-0.12847665142399403,0.05851403523860001,0.028740366782234825,-0.2178367608492756,1.3040833473205566,1.3567173722982406,-0.05263402497768399,16.0,15.475999999999999,trapezoid_from_zero_normalized_by_max_fraction
ton_iot_binary,46,rid_9c33cb19da563a668f713cb01c8cdbf1,mlp,occlusion,correlation_group_joint_donor,group_wise_dependency_preserving,deletion,1,ATTACK,True,1,ATTACK,0.9999985098838806,0.8422186225652695,50,0.15350018441677094,0.40182035340983346,0.3489867661119308,-0.24832016899306253,-0.19548658169515992,0.052462587351148116,0.0253632178523504,-0.2980320759836693,1.6302917003631592,1.6357493827342986,-0.005457682371139416,13.6,11.328,trapezoid_from_zero_normalized_by_max_fraction
ton_iot_binary,46,rid_4bdac81e88e4e8c3a0632b0c9d67d421,mlp,occlusion,correlation_group_joint_donor,group_wise_dependency_preserving,deletion,1,ATTACK,True,1,ATTACK,0.9999990463256836,0.8422191590070724,50,0.15860171874123807,0.300392368048636,0.28218901253425366,-0.14179064930739793,-0.12358729379301558,0.04579442577356025,0.02288858483939552,-0.18665227559261316,0.3411487638950348,0.4913470031023025,-0.15019823920726771,15.2,13.012,trapezoid_from_zero_normalized_by_max_fraction
ton_iot_binary,46,rid_435881a1379124d28c655ee245760977,mlp,occlusion,correlation_group_joint_donor,group_wise_dependency_preserving,deletion,0,BENIGN,True,0,BENIGN,0.9999950881128824,0.1577749754314936,50,0.37716155523081485,0.413688499200934,0.18441363300136376,-0.036526943970119144,0.19274792222945109,0.05260340105203207,0.026443412544072988,-0.0883560325565022,1.5654441118240356,1.587788227558136,-0.022344115734100445,13.6,13.575999999999999,trapezoid_from_zero_normalized_by_max_fraction
ton_iot_binary,46,rid_485f8b3f726a9fbc91128993da261e64,mlp,occlusion,correlation_group_joint_donor,group_wise_dependency_preserving,deletion,1,ATTACK,True,1,ATTACK,0.9993459582328796,0.8415660709142685,50,0.42936881966888907,0.38516626129916576,0.3596995151977129,0.04420255836972328,0.06966930447117609,0.05487164614186231,0.026566331945597047,-0.007867452243646926,0.8225305676460266,0.7552399885058404,0.06729057914018621,14.0,12.2,trapezoid_from_zero_normalized_by_max_fraction
ton_iot_binary,46,rid_f0c76c1ef3adf56e3915b11c7d28c607,mlp,occlusion,correlation_group_joint_donor,group_wise_dependency_preserving,insertion,1,ATTACK,True,1,ATTACK,1.0,0.8422201126813889,50,0.7860015739552695,0.48930830049245516,0.4533930488857531,0.29669327346281427,0.3326085250695163,0.05924465333272293,0.028224002057150765,0.24137422943079878,0.06374624371528625,0.1170806650146842,-0.053334421299397944,16.6,13.656,trapezoid_from_zero_normalized_by_max_fraction
ton_iot_binary,46,rid_5654332763228cdbe941f6291bdfd98f,mlp,occlusion,correlation_group_joint_donor,group_wise_dependency_preserving,insertion,0,BENIGN,True,0,BENIGN,0.9989368952810764,0.1567167825996875,50,0.4439089460925387,0.4285010645415822,0.30973307813322815,0.015407881550956532,0.13417586795931058,0.050249957002427195,0.024553502702603154,-0.03271698374614565,0.28802281618118286,0.29394498062133784,-0.0059221644401549756,12.8,14.836000000000002,trapezoid_from_zero_normalized_by_max_fraction
ton_iot_binary,46,rid_5ac6083d52d9128cc0c7879c86271a52,mlp,occlusion,correlation_group_joint_donor,group_wise_dependency_preserving,insertion,0,BENIGN,True,0,BENIGN,0.9999998398981234,0.1577797272167344,50,0.7233556625469646,0.7138823342140291,0.6085007176734869,0.009473328332935446,0.11485494487347767,0.04243681098975008,0.021617799715777746,-0.032897559109988934,0.5243723392486572,0.7348007138371468,-0.21042837458848962,12.8,12.8,trapezoid_from_zero_normalized_by_max_fraction
ton_iot_binary,46,rid_63700775accb259980416d6c21c2b49b,mlp,occlusion,correlation_group_joint_donor,group_wise_dependency_preserving,insertion,0,BENIGN,True,0,BENIGN,0.9846601188182832,0.1424400061368942,50,0.8757548123724064,0.7905030204680832,0.7417830958823024,0.0852517919043232,0.13397171649010398,0.03141212696123355,0.01493128136695056,0.0559864804251001,2.835914373397827,2.1221224122047424,0.7137919611930847,15.0,12.504,trapezoid_from_zero_normalized_by_max_fraction
ton_iot_binary,46,rid_7a46b2fad8b34e52ccbe406dfdd6c1b4,mlp,occlusion,correlation_group_joint_donor,group_wise_dependency_preserving,insertion,0,BENIGN,True,0,BENIGN,0.9999908878262432,0.1577707751448542,50,0.7597038040607004,0.7045278301307033,0.5318217370344189,0.055175973929997055,0.22788206702628144,0.044691166446571534,0.021362936706728383,0.013304617984809426,0.3590855002403259,0.7042023118138314,-0.3451168115735055,13.4,13.132,trapezoid_from_zero_normalized_by_max_fraction
ton_iot_binary,46,rid_1a518cad6906e59db9ffc85d6011041a,mlp,occlusion,correlation_group_joint_donor,group_wise_dependency_preserving,insertion,0,BENIGN,True,0,BENIGN,0.999948257671349,0.15772814498996,50,0.7349074301399015,0.6994609015001813,0.6129726007277252,0.035446528639720164,0.12193482941217618,0.050338595029019204,0.02348812363026341,-0.010590193675596118,0.5846518874168396,0.8413545529842377,-0.25670266556739807,12.8,12.564,trapezoid_from_zero_normalized_by_max_fraction
ton_iot_binary,46,rid_3c11ba6c875c6b422b5beb6a9c1cf647,mlp,occlusion,correlation_group_joint_donor,group_wise_dependency_preserving,insertion,1,ATTACK,True,1,ATTACK,0.99996680021286,0.842186912894249,50,-0.5001634897487748,-0.4672919368764553,-0.6029442095536548,-0.032871552872319465,0.1027807198048802,0.05864716614138622,0.02783594745208021,-0.08743000987839668,0.9527341723442078,1.2310083825588227,-0.27827421021461496,13.4,12.352,trapezoid_from_zero_normalized_by_max_fraction
ton_iot_binary,46,rid_72bbb8e961a8c932da072f79827d67c4,mlp,occlusion,correlation_group_joint_donor,group_wise_dependency_preserving,insertion,0,BENIGN,True,0,BENIGN,0.9999999811045336,0.1577798684231445,50,0.822392713887163,0.5918479639507916,0.4976165018994847,0.23054474993637114,0.32477621198767803,0.044225775954109085,0.02158240311013908,0.18824323984049854,0.42395034432411194,0.5836739981174468,-0.15972365379333486,13.4,13.168000000000001,trapezoid_from_zero_normalized_by_max_fraction
ton_iot_binary,46,rid_be2af7863764ca8a412b678f54301a22,mlp,occlusion,correlation_group_joint_donor,group_wise_dependency_preserving,insertion,0,BENIGN,True,0,BENIGN,0.99967631616164,0.157456203480251,50,-0.10467032442898017,-0.34379711132600654,-0.35100806504040066,0.23912678689702638,0.2463377406114205,0.05202243370755559,0.02404900815117526,0.19199073092072289,0.11874258518218994,0.1489870249927044,-0.030244439810514445,12.2,11.943999999999999,trapezoid_from_zero_normalized_by_max_fraction
ton_iot_binary,46,rid_505e152c3ef69a8f8e767b07816248d3,mlp,occlusion,correlation_group_joint_donor,group_wise_dependency_preserving,insertion,1,ATTACK,True,1,ATTACK,0.999967873096466,0.8421879857778549,50,0.5661271617413148,0.419520916521654,0.5142636804943428,0.14660624521966095,0.05186348124697207,0.05588753462846049,0.026634777166516195,0.09440208197328921,0.8681507110595703,0.8734233522415161,-0.005272641181945814,14.2,14.336000000000002,trapezoid_from_zero_normalized_by_max_fraction
ton_iot_binary,46,rid_30bff1125cda1c3988a046944ca3efb3,mlp,occlusion,correlation_group_joint_donor,group_wise_dependency_preserving,insertion,1,ATTACK,True,1,ATTACK,0.9995391964912416,0.8417593091726305,50,-0.4040377315742446,-0.4144906696607757,-0.5095830779527608,0.010452938086531069,0.10554534637851619,0.04726896684328083,0.024995654821068337,-0.03853854536276287,1.3637988567352295,0.9664885649681091,0.3973102917671204,13.4,13.916000000000002,trapezoid_from_zero_normalized_by_max_fraction
ton_iot_binary,46,rid_9c888da59f61f2c2540b876846e0e6bf,mlp,occlusion,correlation_group_joint_donor,group_wise_dependency_preserving,insertion,1,ATTACK,True,1,ATTACK,0.9832900762557985,0.8255101889371874,50,0.40978897863824393,0.47007608464307316,0.4812861479480753,-0.0602871060048293,-0.07149716930983138,0.055727444402671994,0.02674493179773589,-0.11270717232839164,1.3040833473205566,1.3567173722982406,-0.05263402497768399,16.0,15.475999999999999,trapezoid_from_zero_normalized_by_max_fraction
ton_iot_binary,46,rid_9c33cb19da563a668f713cb01c8cdbf1,mlp,occlusion,correlation_group_joint_donor,group_wise_dependency_preserving,insertion,1,ATTACK,True,1,ATTACK,0.9999985098838806,0.8422186225652695,50,-0.3497646728719701,-0.41985653919319094,-0.3956566282665839,0.07009186632122084,0.045891955394613757,0.05308998257021696,0.024922617098714007,0.021243536807741395,1.6302917003631592,1.6357493827342986,-0.005457682371139416,13.6,11.328,trapezoid_from_zero_normalized_by_max_fraction
ton_iot_binary,46,rid_4bdac81e88e4e8c3a0632b0c9d67d421,mlp,occlusion,correlation_group_joint_donor,group_wise_dependency_preserving,insertion,1,ATTACK,True,1,ATTACK,0.9999990463256836,0.8422191590070724,50,-0.42602393558481705,-0.379532351918349,-0.3808287334820588,-0.04649158366646802,-0.04519520210275828,0.05468185123736315,0.026063820430079754,-0.09757667170942434,0.3411487638950348,0.4913470031023025,-0.15019823920726771,15.2,13.012,trapezoid_from_zero_normalized_by_max_fraction
ton_iot_binary,46,rid_435881a1379124d28c655ee245760977,mlp,occlusion,correlation_group_joint_donor,group_wise_dependency_preserving,insertion,0,BENIGN,True,0,BENIGN,0.9999950881128824,0.1577749754314936,50,-0.09998352331886054,-0.03540943567324029,-0.1604159404312784,-0.06457408764562025,0.06043241711241787,0.009256126049728726,0.005904611965405513,-0.07614712709781506,1.5654441118240356,1.587788227558136,-0.022344115734100445,13.6,13.575999999999999,trapezoid_from_zero_normalized_by_max_fraction
ton_iot_binary,46,rid_485f8b3f726a9fbc91128993da261e64,mlp,occlusion,correlation_group_joint_donor,group_wise_dependency_preserving,insertion,1,ATTACK,True,1,ATTACK,0.9993459582328796,0.8415660709142685,50,-0.20642707428014548,-0.4821521086624257,-0.38904395850569773,0.27572503438228024,0.18261688422555222,0.054141688859989684,0.02605793479300125,0.2246514821879978,0.8225305676460266,0.7552399885058404,0.06729057914018621,14.0,12.2,trapezoid_from_zero_normalized_by_max_fraction
