task_id,seed,flow_id,model,method,operator,operator_family,functional_check,true_class_id,true_class,class_specific_inference_eligible,target_class_id,target_class,confidence,model_margin,random_feature_repetitions,attribution_effect_aopc,random_effect_mean_aopc,uniform_random_effect_mean_aopc,attribution_minus_random_aopc,attribution_minus_uniform_random_aopc,random_effect_standard_error_aopc,random_aopc_monte_carlo_standard_error,attribution_minus_random_aopc_mc_lower95,attribution_displacement_mean,matched_random_displacement_mean,attribution_minus_matched_displacement,coordinates_changed_mean,matched_random_coordinates_mean,aopc_definition
ton_iot_binary,45,rid_0f10c3d89b68fbe7fa9ad016fc3f75fb,cnn,shap,training_median,baseline_marginal_constant,deletion,1,ATTACK,True,1,ATTACK,0.9999850988388062,0.7303453683853149,50,0.9019159690658853,0.7117714144267538,0.18023561165901997,0.19014455463913146,0.7216803574068653,0.021364696636217644,0.01262258589085975,0.16540428629304635,0.5857585072517395,0.4124778995141387,0.1732806077376008,9.2,9.2,trapezoid_from_zero_normalized_by_max_fraction
ton_iot_binary,45,rid_4faa43b45b0feb9ed282cb62c680ce79,cnn,shap,training_median,baseline_marginal_constant,deletion,0,BENIGN,True,0,BENIGN,0.9999365728945122,0.2695763033480034,50,0.043263532520722944,0.06030229250049933,0.04440812234505165,-0.01703875997977639,-0.0011445898243287022,0.009136614354840237,0.0042343247731368135,-0.025338036535124543,0.4701021611690521,0.2574474593792111,0.21265470178984103,9.2,9.2,trapezoid_from_zero_normalized_by_max_fraction
ton_iot_binary,45,rid_5a33d161d8d10faa00b275ac9696f995,cnn,shap,training_median,baseline_marginal_constant,deletion,0,BENIGN,True,0,BENIGN,0.9999943967886792,0.2696341272421705,50,0.04560165694040279,0.04048872126322431,0.010435797879732263,0.005112935677178484,0.035165859060670525,0.004965081619182935,0.002350356922267195,0.0005062361095347825,0.36755841970443726,0.2314612727034837,0.13609714700095354,9.2,9.2,trapezoid_from_zero_normalized_by_max_fraction
ton_iot_binary,45,rid_0301c030c34c248a59d1f5dbe56e333d,cnn,shap,training_median,baseline_marginal_constant,deletion,0,BENIGN,True,0,BENIGN,0.9998127672588452,0.2694524977123365,50,0.04816514924823423,0.04568700408554287,0.02123266730547766,0.002478145162691365,0.02693248194275657,0.005294893609982563,0.0024264616496398814,-0.0022777196706028026,0.34583523869514465,0.207729661533609,0.13810557716153565,9.2,9.2,trapezoid_from_zero_normalized_by_max_fraction
ton_iot_binary,45,rid_98596a0ff3e4526af3c7124ba788cb29,cnn,shap,training_median,baseline_marginal_constant,deletion,1,ATTACK,True,1,ATTACK,0.9999735951423644,0.7303338646888732,50,0.9019027495298361,0.6954514302661736,0.2426238248363697,0.20645131926366234,0.6592789246934663,0.02496535368262783,0.015042644649681702,0.1769677357502862,0.6504088640213013,0.5146022785063833,0.13580658551491798,9.2,9.2,trapezoid_from_zero_normalized_by_max_fraction
ton_iot_binary,45,rid_590cc55c691016a6ef7a0e5cb9e9b91f,cnn,shap,training_median,baseline_marginal_constant,deletion,0,BENIGN,True,0,BENIGN,0.9999799844354128,0.2696197148889041,50,0.04175163454247013,0.04452933666844592,0.012553724055789644,-0.0027777021259757935,0.02919791048668048,0.0053781728446278,0.0024824654970587107,-0.007643334500210866,0.3651685118675232,0.22200480443052947,0.14316370743699372,9.2,9.2,trapezoid_from_zero_normalized_by_max_fraction
ton_iot_binary,45,rid_3788d66e0af8adb806de603d5e5bc5ae,cnn,shap,training_median,baseline_marginal_constant,deletion,0,BENIGN,True,0,BENIGN,0.9999745750155852,0.2696143054690765,50,0.04583033833287117,0.03923873776188157,0.013266631760878228,0.006591600570989612,0.03256370657199295,0.004666825527704506,0.0022135151762186552,0.0022531108256010476,0.34710317850112915,0.20867787346988917,0.13842530503123998,9.2,9.2,trapezoid_from_zero_normalized_by_max_fraction
ton_iot_binary,45,rid_25acb94433ea6154566bae082cbd458f,cnn,shap,training_median,baseline_marginal_constant,deletion,1,ATTACK,True,1,ATTACK,0.9981740713119508,0.7285343408584596,50,0.9198543092366891,0.6201527932192903,0.16609416682500933,0.2997015160173987,0.7537601424116798,0.02677350223154831,0.014059721711527645,0.2721444614628045,0.966422438621521,0.8095642585158348,0.1568581801056862,9.2,9.2,trapezoid_from_zero_normalized_by_max_fraction
ton_iot_binary,45,rid_32173e5cffef88e090444250c06e9ee0,cnn,shap,training_median,baseline_marginal_constant,deletion,1,ATTACK,True,1,ATTACK,0.9996188879013062,0.7299791574478149,50,0.8810745859600921,0.3064140421475011,0.17179538438153397,0.5746605438125909,0.7092792015785581,0.04747876931194879,0.023018918517194682,0.5295434635188894,1.231820821762085,1.3374069309234617,-0.10558610916137678,9.2,9.2,trapezoid_from_zero_normalized_by_max_fraction
ton_iot_binary,45,rid_c6e5ec8a4c2d0d638ba916a0400a760b,cnn,shap,training_median,baseline_marginal_constant,deletion,1,ATTACK,True,1,ATTACK,0.9961732029914856,0.7265334725379944,50,0.8950978677960165,0.3349900360132733,0.26988813235244014,0.5601078317827433,0.6252097354435764,0.04804191169978954,0.022864004040688612,0.5152943838629935,1.200805902481079,1.1657433879375458,0.03506251454353326,9.2,9.2,trapezoid_from_zero_normalized_by_max_fraction
ton_iot_binary,45,rid_5ea40f633786dad901bf847b0c6c65bd,cnn,shap,training_median,baseline_marginal_constant,deletion,0,BENIGN,True,0,BENIGN,0.9998172532505124,0.2694569837040035,50,0.20248794717190322,0.11436087298125494,0.21092365605487978,0.0881270741906483,-0.00843570888297654,0.015202915763096915,0.009929015925505017,0.06866620297665847,1.4579190015792847,1.2641671662330627,0.19375183534622198,9.2,9.2,trapezoid_from_zero_normalized_by_max_fraction
ton_iot_binary,45,rid_ed91b9dad9a880f137c1a1cc5ca0bab3,cnn,shap,training_median,baseline_marginal_constant,deletion,1,ATTACK,True,1,ATTACK,0.999950647354126,0.7303109169006348,50,0.6822678637647186,0.3897873479379159,0.18212424375949196,0.2924805158268027,0.5001436200052267,0.041394764361314285,0.020463658182367943,0.2523717457893615,1.5076560974121094,1.5105690593719483,-0.0029129619598389223,9.2,9.2,trapezoid_from_zero_normalized_by_max_fraction
ton_iot_binary,45,rid_38e3c4472579dd1e721c4a5b11da6a05,cnn,shap,training_median,baseline_marginal_constant,deletion,1,ATTACK,True,1,ATTACK,0.9995190501213074,0.7298793196678162,50,0.8897812260635831,0.2606605443488138,0.21350423921504988,0.6291206817147694,0.6762769868485332,0.044124861688479323,0.021000379084779162,0.5879599387086023,1.2073230743408203,1.342535314321518,-0.13521223998069765,9.2,9.2,trapezoid_from_zero_normalized_by_max_fraction
ton_iot_binary,45,rid_6a1d87d1ef5b9c1c597008251c5fc0de,cnn,shap,training_median,baseline_marginal_constant,deletion,1,ATTACK,True,1,ATTACK,0.9980720281600952,0.728432297706604,50,0.7242103524513368,0.3133932473607638,0.20020764884799147,0.410817105090573,0.5240027036033452,0.042488930811819224,0.020991601108315914,0.3696735669182738,0.9880673289299011,0.8536304669976236,0.13443686193227755,9.2,9.2,trapezoid_from_zero_normalized_by_max_fraction
ton_iot_binary,45,rid_79e31292c8ecdafc38b6f891deedd741,cnn,shap,training_median,baseline_marginal_constant,deletion,0,BENIGN,True,0,BENIGN,0.9999995714524346,0.2696393019059258,50,0.042018067769979205,0.07283177605406684,0.018814578297250372,-0.030813708284087624,0.023203489472728836,0.019453751648364413,0.011887033573768533,-0.05411229408867395,3.1744492053985596,2.0992688245773317,1.075180380821228,9.2,9.2,trapezoid_from_zero_normalized_by_max_fraction
ton_iot_binary,45,rid_70c64531b38d7bcd15e3f26a52579812,cnn,shap,training_median,baseline_marginal_constant,deletion,0,BENIGN,True,0,BENIGN,0.9999999999932282,0.2696397304467194,50,0.3576245007972163,0.16322643200269724,0.06596818444923679,0.1943980687945191,0.29165631634797956,0.030568294411044576,0.014521630025099212,0.16593567394532466,2.1402668952941895,2.1411006622314455,-0.0008337669372560086,9.2,9.2,trapezoid_from_zero_normalized_by_max_fraction
ton_iot_binary,45,rid_0f10c3d89b68fbe7fa9ad016fc3f75fb,cnn,shap,training_median,baseline_marginal_constant,insertion,1,ATTACK,True,1,ATTACK,0.9999850988388062,0.7303453683853149,50,0.9008700242266059,0.7675754041346226,0.29932729959625975,0.13329462009198326,0.6015427246303462,0.021051726036586678,0.01246778504137272,0.10885776141089273,0.5857585072517395,0.4124778995141387,0.1732806077376008,9.2,9.2,trapezoid_from_zero_normalized_by_max_fraction
ton_iot_binary,45,rid_4faa43b45b0feb9ed282cb62c680ce79,cnn,shap,training_median,baseline_marginal_constant,insertion,0,BENIGN,True,0,BENIGN,0.9999365728945122,0.2695763033480034,50,0.04881826247874414,-0.0015677775726092025,-0.011096864536707472,0.050386040051353345,0.05991512701545161,0.015349105063190444,0.007372822201580191,0.03593530853625617,0.4701021611690521,0.2574474593792111,0.21265470178984103,9.2,9.2,trapezoid_from_zero_normalized_by_max_fraction
ton_iot_binary,45,rid_5a33d161d8d10faa00b275ac9696f995,cnn,shap,training_median,baseline_marginal_constant,insertion,0,BENIGN,True,0,BENIGN,0.9999943967886792,0.2696341272421705,50,0.049019152979235515,0.03739420573749999,0.013521976120828186,0.01162494724173553,0.03549717685840733,0.0024316252981428357,0.0011840369373751932,0.00930423484448015,0.36755841970443726,0.2314612727034837,0.13609714700095354,9.2,9.2,trapezoid_from_zero_normalized_by_max_fraction
ton_iot_binary,45,rid_0301c030c34c248a59d1f5dbe56e333d,cnn,shap,training_median,baseline_marginal_constant,insertion,0,BENIGN,True,0,BENIGN,0.9998127672588452,0.2694524977123365,50,0.04885384748777142,0.02645624535945899,0.006911787000361073,0.02239760212831243,0.041942060487410344,0.005349772701049705,0.002503796489617429,0.01749016100866227,0.34583523869514465,0.207729661533609,0.13810557716153565,9.2,9.2,trapezoid_from_zero_normalized_by_max_fraction
ton_iot_binary,45,rid_98596a0ff3e4526af3c7124ba788cb29,cnn,shap,training_median,baseline_marginal_constant,insertion,1,ATTACK,True,1,ATTACK,0.9999735951423644,0.7303338646888732,50,0.9008596828207374,0.743610359369537,0.3173992466952004,0.15724932345120035,0.5834604361255369,0.025568192264473436,0.01530265032429588,0.12725612881558043,0.6504088640213013,0.5146022785063833,0.13580658551491798,9.2,9.2,trapezoid_from_zero_normalized_by_max_fraction
ton_iot_binary,45,rid_590cc55c691016a6ef7a0e5cb9e9b91f,cnn,shap,training_median,baseline_marginal_constant,insertion,0,BENIGN,True,0,BENIGN,0.9999799844354128,0.2696197148889041,50,0.048975538671220425,0.03441934379891882,0.010261615149531281,0.014556194872301602,0.03871392352168914,0.003786978045652912,0.0017771284533063692,0.01107302310382112,0.3651685118675232,0.22200480443052947,0.14316370743699372,9.2,9.2,trapezoid_from_zero_normalized_by_max_fraction
ton_iot_binary,45,rid_3788d66e0af8adb806de603d5e5bc5ae,cnn,shap,training_median,baseline_marginal_constant,insertion,0,BENIGN,True,0,BENIGN,0.9999745750155852,0.2696143054690765,50,0.04900169313350489,0.037028623756086745,0.010461462905033843,0.011973069377418145,0.03854023022847104,0.0026649795927195814,0.0012023063260781616,0.009616548978304948,0.34710317850112915,0.20867787346988917,0.13842530503123998,9.2,9.2,trapezoid_from_zero_normalized_by_max_fraction
ton_iot_binary,45,rid_25acb94433ea6154566bae082cbd458f,cnn,shap,training_median,baseline_marginal_constant,insertion,1,ATTACK,True,1,ATTACK,0.9981740713119508,0.7285343408584596,50,0.8982904037460684,0.775047315822168,0.4283246219843022,0.12324308792390049,0.46996578176176623,0.02375952476507553,0.013850717637326171,0.0960956813547412,0.966422438621521,0.8095642585158348,0.1568581801056862,9.2,9.2,trapezoid_from_zero_normalized_by_max_fraction
ton_iot_binary,45,rid_32173e5cffef88e090444250c06e9ee0,cnn,shap,training_median,baseline_marginal_constant,insertion,1,ATTACK,True,1,ATTACK,0.9996188879013062,0.7299791574478149,50,0.7497850483283401,0.5739654082445289,0.4682139100938228,0.17581964008381107,0.2815711382345173,0.05257279594997277,0.02477915463675408,0.12725249699577307,1.231820821762085,1.3374069309234617,-0.10558610916137678,9.2,9.2,trapezoid_from_zero_normalized_by_max_fraction
ton_iot_binary,45,rid_c6e5ec8a4c2d0d638ba916a0400a760b,cnn,shap,training_median,baseline_marginal_constant,insertion,1,ATTACK,True,1,ATTACK,0.9961732029914856,0.7265334725379944,50,0.8491024991497398,0.49629784571881425,0.4626387984721435,0.3528046534309255,0.38646370067759617,0.05142594548273495,0.024665499065522494,0.3044602752625014,1.200805902481079,1.1657433879375458,0.03506251454353326,9.2,9.2,trapezoid_from_zero_normalized_by_max_fraction
ton_iot_binary,45,rid_5ea40f633786dad901bf847b0c6c65bd,cnn,shap,training_median,baseline_marginal_constant,insertion,0,BENIGN,True,0,BENIGN,0.9998172532505124,0.2694569837040035,50,0.02468479218368884,-0.08169064448159044,-0.33595092128537973,0.10637543666527928,0.36063571346906864,0.012852025148490463,0.009379216659175378,0.08799217201329554,1.4579190015792847,1.2641671662330627,0.19375183534622198,9.2,9.2,trapezoid_from_zero_normalized_by_max_fraction
ton_iot_binary,45,rid_ed91b9dad9a880f137c1a1cc5ca0bab3,cnn,shap,training_median,baseline_marginal_constant,insertion,1,ATTACK,True,1,ATTACK,0.999950647354126,0.7303109169006348,50,0.8798179885372519,0.6756577379030009,0.5222148517890146,0.20416025063425106,0.35760313674823735,0.03208874008993889,0.016323555765687833,0.17216608133350292,1.5076560974121094,1.5105690593719483,-0.0029129619598389223,9.2,9.2,trapezoid_from_zero_normalized_by_max_fraction
ton_iot_binary,45,rid_38e3c4472579dd1e721c4a5b11da6a05,cnn,shap,training_median,baseline_marginal_constant,insertion,1,ATTACK,True,1,ATTACK,0.9995190501213074,0.7298793196678162,50,0.7733886664733292,0.5602424680660261,0.43357773005554945,0.21314619840730292,0.3398109364177796,0.05223868218277191,0.024857168809120728,0.1644261475414263,1.2073230743408203,1.342535314321518,-0.13521223998069765,9.2,9.2,trapezoid_from_zero_normalized_by_max_fraction
ton_iot_binary,45,rid_6a1d87d1ef5b9c1c597008251c5fc0de,cnn,shap,training_median,baseline_marginal_constant,insertion,1,ATTACK,True,1,ATTACK,0.9980720281600952,0.728432297706604,50,0.8214622279629111,0.5505100210260758,0.45543861842461875,0.27095220693683525,0.36602360953829244,0.04205502555825219,0.019330405694840642,0.23306461177494758,0.9880673289299011,0.8536304669976236,0.13443686193227755,9.2,9.2,trapezoid_from_zero_normalized_by_max_fraction
ton_iot_binary,45,rid_79e31292c8ecdafc38b6f891deedd741,cnn,shap,training_median,baseline_marginal_constant,insertion,0,BENIGN,True,0,BENIGN,0.9999995714524346,0.2696393019059258,50,-0.04757210825004279,0.0011583683956570279,-0.1392378481114891,-0.048730476645699815,0.0916657398614463,0.010670365489593955,0.007530943580503265,-0.06349112606348621,3.1744492053985596,2.0992688245773317,1.075180380821228,9.2,9.2,trapezoid_from_zero_normalized_by_max_fraction
ton_iot_binary,45,rid_70c64531b38d7bcd15e3f26a52579812,cnn,shap,training_median,baseline_marginal_constant,insertion,0,BENIGN,True,0,BENIGN,0.9999999999932282,0.2696397304467194,50,0.04911496973966893,-0.020096752146859957,-0.1332789629281429,0.06921172188652888,0.18239393266781184,0.019030500390257336,0.01122216270567039,0.04721628298341492,2.1402668952941895,2.1411006622314455,-0.0008337669372560086,9.2,9.2,trapezoid_from_zero_normalized_by_max_fraction
ton_iot_binary,45,rid_0f10c3d89b68fbe7fa9ad016fc3f75fb,cnn,shap,target_class_median,baseline_marginal_constant,deletion,1,ATTACK,True,1,ATTACK,0.9999850988388062,0.7303453683853149,50,0.004781150817871094,0.09845074556767941,0.03959618026018143,-0.09366959474980832,-0.03481502944231034,0.022438769347266907,0.011987374020344818,-0.11716484782968417,0.6229405999183655,0.5231996022462845,0.099740997672081,9.2,9.2,trapezoid_from_zero_normalized_by_max_fraction
ton_iot_binary,45,rid_4faa43b45b0feb9ed282cb62c680ce79,cnn,shap,target_class_median,baseline_marginal_constant,deletion,0,BENIGN,True,0,BENIGN,0.9999365728945122,0.2695763033480034,50,-5.552042501903998e-05,-1.104211097162988e-05,-1.301399905105427e-05,-4.4478314047410097e-05,-4.250642596798571e-05,3.711661027880081e-06,1.8351027388658004e-06,-4.8075115415587064e-05,0.14427053928375244,0.02846448519453406,0.11580605408921837,9.2,9.2,trapezoid_from_zero_normalized_by_max_fraction
ton_iot_binary,45,rid_5a33d161d8d10faa00b275ac9696f995,cnn,shap,target_class_median,baseline_marginal_constant,deletion,0,BENIGN,True,0,BENIGN,0.9999943967886792,0.2696341272421705,50,4.851566927754903e-07,1.0050029641206493e-07,1.706822940832353e-07,3.846563963634253e-07,3.1447439869225494e-07,1.9708607829376716e-08,1.039530242273194e-08,3.642816036148707e-07,0.02897755242884159,0.008320240941597149,0.020657311487244444,9.2,9.2,trapezoid_from_zero_normalized_by_max_fraction
ton_iot_binary,45,rid_0301c030c34c248a59d1f5dbe56e333d,cnn,shap,target_class_median,baseline_marginal_constant,deletion,0,BENIGN,True,0,BENIGN,0.9998127672588452,0.2694524977123365,50,-0.00015398934276618094,-1.9610339327300606e-05,-3.322573800778628e-05,-0.00013437900343888032,-0.00012076360475839466,1.0436155578307205e-05,5.394698337227467e-06,-0.00014495261217984615,0.03919961303472519,0.010744000345468522,0.028455612689256667,9.2,9.2,trapezoid_from_zero_normalized_by_max_fraction
ton_iot_binary,45,rid_98596a0ff3e4526af3c7124ba788cb29,cnn,shap,target_class_median,baseline_marginal_constant,deletion,1,ATTACK,True,1,ATTACK,0.9999735951423644,0.7303338646888732,50,0.004768678545951844,0.08783715751767159,0.045752144008874895,-0.08306847897171975,-0.04098346546292305,0.01975238456644112,0.010627036839348073,-0.10389747117684198,0.687591016292572,0.5625437197685241,0.1250472965240479,9.2,9.2,trapezoid_from_zero_normalized_by_max_fraction
ton_iot_binary,45,rid_590cc55c691016a6ef7a0e5cb9e9b91f,cnn,shap,target_class_median,baseline_marginal_constant,deletion,0,BENIGN,True,0,BENIGN,0.9999799844354128,0.2696197148889041,50,-1.1457991331553784e-05,-3.1067882900970286e-06,-3.954425816118601e-06,-8.351203041456756e-06,-7.503565515435184e-06,5.905568874791696e-07,3.168846804609674e-07,-8.972297015160252e-06,0.0395285002887249,0.00773530176654458,0.03179319852218032,9.2,9.2,trapezoid_from_zero_normalized_by_max_fraction
ton_iot_binary,45,rid_3788d66e0af8adb806de603d5e5bc5ae,cnn,shap,target_class_median,baseline_marginal_constant,deletion,0,BENIGN,True,0,BENIGN,0.9999745750155852,0.2696143054690765,50,-1.645205418299156e-05,-3.7242295425130577e-06,-3.7734357847512004e-06,-1.27278246404785e-05,-1.267861839824036e-05,1.1242950456948303e-06,5.893531146362898e-07,-1.3882956745165628e-05,0.02996484562754631,0.009525847412645817,0.020438998214900493,9.2,9.2,trapezoid_from_zero_normalized_by_max_fraction
ton_iot_binary,45,rid_25acb94433ea6154566bae082cbd458f,cnn,shap,target_class_median,baseline_marginal_constant,deletion,1,ATTACK,True,1,ATTACK,0.9981740713119508,0.7285343408584596,50,0.13516937978565693,0.3717424857304586,0.13782866469700822,-0.23657310594480166,-0.0026592849113512562,0.05750133096144556,0.028288150741152155,-0.2920178813974599,1.0012314319610596,1.0370752069950102,-0.03584377503395064,9.2,9.2,trapezoid_from_zero_normalized_by_max_fraction
ton_iot_binary,45,rid_32173e5cffef88e090444250c06e9ee0,cnn,shap,target_class_median,baseline_marginal_constant,deletion,1,ATTACK,True,1,ATTACK,0.9996188879013062,0.7299791574478149,50,0.7602233050391078,0.19861124220117926,0.16552361443638802,0.5616120628379285,0.5946996906027198,0.03255135525950771,0.015282769821801554,0.5316578339871975,1.0193856954574585,0.977655600309372,0.041730095148086455,9.2,9.2,trapezoid_from_zero_normalized_by_max_fraction
ton_iot_binary,45,rid_c6e5ec8a4c2d0d638ba916a0400a760b,cnn,shap,target_class_median,baseline_marginal_constant,deletion,1,ATTACK,True,1,ATTACK,0.9961732029914856,0.7265334725379944,50,0.2681413680315018,0.18309093798696996,0.20397372124902907,0.08505043004453183,0.06416764678247272,0.028444685436750078,0.013165996599754634,0.05924507670901275,0.9954897165298462,0.8952222136259078,0.10026750290393838,9.2,9.2,trapezoid_from_zero_normalized_by_max_fraction
ton_iot_binary,45,rid_5ea40f633786dad901bf847b0c6c65bd,cnn,shap,target_class_median,baseline_marginal_constant,deletion,0,BENIGN,True,0,BENIGN,0.9998172532505124,0.2694569837040035,50,0.17658947508990508,0.08162656697235537,0.2121722140776094,0.09496290811754972,-0.03558273898770434,0.012275042977777964,0.008823354982089493,0.07766913235265431,1.5376653671264648,1.3930428750514987,0.14462249207496614,9.2,9.2,trapezoid_from_zero_normalized_by_max_fraction
ton_iot_binary,45,rid_ed91b9dad9a880f137c1a1cc5ca0bab3,cnn,shap,target_class_median,baseline_marginal_constant,deletion,1,ATTACK,True,1,ATTACK,0.999950647354126,0.7303109169006348,50,0.41819997578859325,0.20035563559830188,0.12403370700776577,0.2178443401902914,0.2941662687808275,0.02561483344491248,0.015214575419167393,0.1880237723687233,0.9530580639839172,0.9431064739227295,0.009951590061187732,9.2,9.2,trapezoid_from_zero_normalized_by_max_fraction
ton_iot_binary,45,rid_38e3c4472579dd1e721c4a5b11da6a05,cnn,shap,target_class_median,baseline_marginal_constant,deletion,1,ATTACK,True,1,ATTACK,0.9995190501213074,0.7298793196678162,50,0.7432875126600265,0.21469661000231277,0.16727186254411935,0.5285909026577138,0.5760156501159073,0.03908835496452397,0.01848339702608067,0.4923634444865957,0.9903009533882141,0.9340848670005799,0.0562160863876342,9.2,9.2,trapezoid_from_zero_normalized_by_max_fraction
ton_iot_binary,45,rid_6a1d87d1ef5b9c1c597008251c5fc0de,cnn,shap,target_class_median,baseline_marginal_constant,deletion,1,ATTACK,True,1,ATTACK,0.9980720281600952,0.728432297706604,50,0.2132817894220352,0.10744929057359695,0.0962335746884346,0.10583249884843828,0.11704821473360062,0.017165954588343236,0.008923989399401972,0.08834147962561041,0.6338861584663391,0.6978113393783569,-0.06392518091201782,9.2,9.2,trapezoid_from_zero_normalized_by_max_fraction
ton_iot_binary,45,rid_79e31292c8ecdafc38b6f891deedd741,cnn,shap,target_class_median,baseline_marginal_constant,deletion,0,BENIGN,True,0,BENIGN,0.9999995714524346,0.2696393019059258,50,4.037396732448073e-06,0.0021869413828451223,0.0025204883945578378,-0.002182903986112674,-0.00251645099782539,0.0012668013007734534,0.0006771012580165133,-0.00351002245182504,3.0365376472473145,1.8249214248657228,1.2116162223815916,9.2,9.2,trapezoid_from_zero_normalized_by_max_fraction
ton_iot_binary,45,rid_70c64531b38d7bcd15e3f26a52579812,cnn,shap,target_class_median,baseline_marginal_constant,deletion,0,BENIGN,True,0,BENIGN,0.9999999999932282,0.2696397304467194,50,0.2523660568456096,0.08264114583135698,0.03773063603850542,0.16972491101425258,0.21463542080710413,0.02780410178934326,0.012988108818411543,0.14426821773016596,2.131211519241333,2.0285356233119964,0.10267589592933657,9.2,9.2,trapezoid_from_zero_normalized_by_max_fraction
ton_iot_binary,45,rid_0f10c3d89b68fbe7fa9ad016fc3f75fb,cnn,shap,target_class_median,baseline_marginal_constant,insertion,1,ATTACK,True,1,ATTACK,0.9999850988388062,0.7303453683853149,50,0.005504110455513,-0.0465118359029293,-0.06366294737160205,0.052015946358442304,0.06916705782711506,0.016560369847492172,0.0088880717352086,0.034595325757433446,0.6229405999183655,0.5231996022462845,0.099740997672081,9.2,9.2,trapezoid_from_zero_normalized_by_max_fraction
ton_iot_binary,45,rid_4faa43b45b0feb9ed282cb62c680ce79,cnn,shap,target_class_median,baseline_marginal_constant,insertion,0,BENIGN,True,0,BENIGN,0.9999365728945122,0.2695763033480034,50,-5.787315712950658e-05,-1.4552387280446055e-05,-1.643016607545178e-05,-4.332076984906052e-05,-4.14429910540548e-05,4.006979809741635e-06,1.9699239722127507e-06,-4.718182083459751e-05,0.14427053928375244,0.02846448519453406,0.11580605408921837,9.2,9.2,trapezoid_from_zero_normalized_by_max_fraction
ton_iot_binary,45,rid_5a33d161d8d10faa00b275ac9696f995,cnn,shap,target_class_median,baseline_marginal_constant,insertion,0,BENIGN,True,0,BENIGN,0.9999943967886792,0.2696341272421705,50,4.931066769131576e-07,1.1682426384140853e-07,1.8912625728262356e-07,3.7628241307174903e-07,3.0398041963053406e-07,2.224114662133793e-08,1.1727025649112044e-08,3.532974427994894e-07,0.02897755242884159,0.008320240941597149,0.020657311487244444,9.2,9.2,trapezoid_from_zero_normalized_by_max_fraction
ton_iot_binary,45,rid_0301c030c34c248a59d1f5dbe56e333d,cnn,shap,target_class_median,baseline_marginal_constant,insertion,0,BENIGN,True,0,BENIGN,0.9998127672588452,0.2694524977123365,50,-0.00016469725633214694,-4.238250217758832e-05,-5.357077378312169e-05,-0.00012231475415455862,-0.00011112648254902525,1.1749830154886867e-05,5.972947567720855e-06,-0.0001340217313872915,0.03919961303472519,0.010744000345468522,0.028455612689256667,9.2,9.2,trapezoid_from_zero_normalized_by_max_fraction
ton_iot_binary,45,rid_98596a0ff3e4526af3c7124ba788cb29,cnn,shap,target_class_median,baseline_marginal_constant,insertion,1,ATTACK,True,1,ATTACK,0.9999735951423644,0.7303338646888732,50,0.003941568732261657,-0.046907194137573244,-0.04170871283113957,0.0508487628698349,0.04565028156340122,0.016094529955112263,0.009099596442126594,0.03301355384326678,0.687591016292572,0.5625437197685241,0.1250472965240479,9.2,9.2,trapezoid_from_zero_normalized_by_max_fraction
ton_iot_binary,45,rid_590cc55c691016a6ef7a0e5cb9e9b91f,cnn,shap,target_class_median,baseline_marginal_constant,insertion,0,BENIGN,True,0,BENIGN,0.9999799844354128,0.2696197148889041,50,-1.1203849953744794e-05,-2.5070146384678085e-06,-3.2987410613714015e-06,-8.696835315276986e-06,-7.90510889237339e-06,5.33399754929909e-07,2.8904910799389676e-07,-9.263371566945024e-06,0.0395285002887249,0.00773530176654458,0.03179319852218032,9.2,9.2,trapezoid_from_zero_normalized_by_max_fraction
ton_iot_binary,45,rid_3788d66e0af8adb806de603d5e5bc5ae,cnn,shap,target_class_median,baseline_marginal_constant,insertion,0,BENIGN,True,0,BENIGN,0.9999745750155852,0.2696143054690765,50,-1.688109541646554e-05,-4.756788777740439e-06,-4.688723749495693e-06,-1.21243066387251e-05,-1.219237166696985e-05,1.2032423797380489e-06,6.274122452104916e-07,-1.3354034639337664e-05,0.02996484562754631,0.009525847412645817,0.020438998214900493,9.2,9.2,trapezoid_from_zero_normalized_by_max_fraction
ton_iot_binary,45,rid_25acb94433ea6154566bae082cbd458f,cnn,shap,target_class_median,baseline_marginal_constant,insertion,1,ATTACK,True,1,ATTACK,0.9981740713119508,0.7285343408584596,50,-0.029716074466705322,-0.05058240683970508,-0.17860987713023133,0.02086633237299975,0.148893802663526,0.02127429999321838,0.012916240488502689,-0.004449498984465519,1.0012314319610596,1.0370752069950102,-0.03584377503395064,9.2,9.2,trapezoid_from_zero_normalized_by_max_fraction
ton_iot_binary,45,rid_32173e5cffef88e090444250c06e9ee0,cnn,shap,target_class_median,baseline_marginal_constant,insertion,1,ATTACK,True,1,ATTACK,0.9996188879013062,0.7299791574478149,50,-0.14338017404079437,-0.18080432624928652,-0.19968568594660607,0.03742415220849217,0.05630551190581172,0.036624073276367144,0.016903323773225596,0.004293637612970004,1.0193856954574585,0.977655600309372,0.041730095148086455,9.2,9.2,trapezoid_from_zero_normalized_by_max_fraction
ton_iot_binary,45,rid_c6e5ec8a4c2d0d638ba916a0400a760b,cnn,shap,target_class_median,baseline_marginal_constant,insertion,1,ATTACK,True,1,ATTACK,0.9961732029914856,0.7265334725379944,50,-0.17603617310523986,-0.36372765686921776,-0.178749638073612,0.1876914837639779,0.00271346496837214,0.04135405001156955,0.02062964453003902,0.14725738048510142,0.9954897165298462,0.8952222136259078,0.10026750290393838,9.2,9.2,trapezoid_from_zero_normalized_by_max_fraction
ton_iot_binary,45,rid_5ea40f633786dad901bf847b0c6c65bd,cnn,shap,target_class_median,baseline_marginal_constant,insertion,0,BENIGN,True,0,BENIGN,0.9998172532505124,0.2694569837040035,50,-0.0067339587159949595,-0.09088093600740699,-0.22928168840820165,0.08414697729141203,0.22254772969220668,0.012790786977631915,0.009247862182362367,0.06602116741398179,1.5376653671264648,1.3930428750514987,0.14462249207496614,9.2,9.2,trapezoid_from_zero_normalized_by_max_fraction
ton_iot_binary,45,rid_ed91b9dad9a880f137c1a1cc5ca0bab3,cnn,shap,target_class_median,baseline_marginal_constant,insertion,1,ATTACK,True,1,ATTACK,0.999950647354126,0.7303109169006348,50,-0.007344910502433776,-0.1335765742957592,-0.19290101423859596,0.12623166379332543,0.18555610373616216,0.022176600109818256,0.01143735420508742,0.10381444955135408,0.9530580639839172,0.9431064739227295,0.009951590061187732,9.2,9.2,trapezoid_from_zero_normalized_by_max_fraction
ton_iot_binary,45,rid_38e3c4472579dd1e721c4a5b11da6a05,cnn,shap,target_class_median,baseline_marginal_constant,insertion,1,ATTACK,True,1,ATTACK,0.9995190501213074,0.7298793196678162,50,-0.16408533751964569,-0.23265476810280233,-0.18261529145669192,0.06856943058315665,0.018529953937046227,0.042917635647405195,0.020352362147174966,0.028678800774693716,0.9903009533882141,0.9340848670005799,0.0562160863876342,9.2,9.2,trapezoid_from_zero_normalized_by_max_fraction
ton_iot_binary,45,rid_6a1d87d1ef5b9c1c597008251c5fc0de,cnn,shap,target_class_median,baseline_marginal_constant,insertion,1,ATTACK,True,1,ATTACK,0.9980720281600952,0.728432297706604,50,-0.046358683705329896,-0.09212866093218326,-0.11149637773633003,0.045769977226853366,0.06513769403100014,0.018270600722948012,0.009290880312431653,0.027559851814487325,0.6338861584663391,0.6978113393783569,-0.06392518091201782,9.2,9.2,trapezoid_from_zero_normalized_by_max_fraction
ton_iot_binary,45,rid_79e31292c8ecdafc38b6f891deedd741,cnn,shap,target_class_median,baseline_marginal_constant,insertion,0,BENIGN,True,0,BENIGN,0.9999995714524346,0.2696393019059258,50,-0.00013960586667280953,-0.007675327149816121,-0.009477103057973762,0.007535721283143312,0.009337497191300951,0.004412727484360186,0.0030410717906598555,0.0015752205734499954,3.0365376472473145,1.8249214248657228,1.2116162223815916,9.2,9.2,trapezoid_from_zero_normalized_by_max_fraction
ton_iot_binary,45,rid_70c64531b38d7bcd15e3f26a52579812,cnn,shap,target_class_median,baseline_marginal_constant,insertion,0,BENIGN,True,0,BENIGN,0.9999999999932282,0.2696397304467194,50,5.941422390903783e-06,-0.07761473610748008,-0.09311083423020239,0.077620677529871,0.09311677565259328,0.022717432850038133,0.011241569923026214,0.05558720048073962,2.131211519241333,2.0285356233119964,0.10267589592933657,9.2,9.2,trapezoid_from_zero_normalized_by_max_fraction
ton_iot_binary,45,rid_0f10c3d89b68fbe7fa9ad016fc3f75fb,cnn,shap,joint_donor,dependency_preserving,deletion,1,ATTACK,True,1,ATTACK,0.9999850988388062,0.7303453683853149,50,0.39652626621464154,0.3226692017005498,0.30328345670653567,0.07385706451409177,0.09324280950810586,0.05657199273285604,0.02691067674622255,0.02111213809149557,0.8136469125747681,0.8794160386323927,-0.06576912605762464,9.2,9.2,trapezoid_from_zero_normalized_by_max_fraction
ton_iot_binary,45,rid_4faa43b45b0feb9ed282cb62c680ce79,cnn,shap,joint_donor,dependency_preserving,deletion,0,BENIGN,True,0,BENIGN,0.9999365728945122,0.2695763033480034,50,0.37478519895714724,0.31127972558914635,0.21040223017230697,0.06350547336800093,0.16438296878484027,0.05474405667437596,0.025612705694420625,0.013304570206936504,0.9514808654785156,1.2505251109004019,-0.29904424542188623,9.2,9.2,trapezoid_from_zero_normalized_by_max_fraction
ton_iot_binary,45,rid_5a33d161d8d10faa00b275ac9696f995,cnn,shap,joint_donor,dependency_preserving,deletion,0,BENIGN,True,0,BENIGN,0.9999943967886792,0.2696341272421705,50,0.22269197080793218,0.1725255210883509,0.16582673856041366,0.05016644971958131,0.05686523224751851,0.03770920908972197,0.019380512168924835,0.012180645868488639,0.023810600861907005,0.006560365982353687,0.01725023487955332,9.2,9.2,trapezoid_from_zero_normalized_by_max_fraction
ton_iot_binary,45,rid_0301c030c34c248a59d1f5dbe56e333d,cnn,shap,joint_donor,dependency_preserving,deletion,0,BENIGN,True,0,BENIGN,0.9998127672588452,0.2694524977123365,50,0.0008887231782864545,0.2817698541284042,0.2105805578683687,-0.2808811309501178,-0.20969183469008226,0.048652323636437,0.024785625751229855,-0.3294609574225283,0.4097335934638977,0.4275378996375948,-0.017804306173697104,9.2,9.2,trapezoid_from_zero_normalized_by_max_fraction
ton_iot_binary,45,rid_98596a0ff3e4526af3c7124ba788cb29,cnn,shap,joint_donor,dependency_preserving,deletion,1,ATTACK,True,1,ATTACK,0.9999735951423644,0.7303338646888732,50,0.552957416474355,0.27489668594643646,0.2558939130100739,0.2780607305279186,0.2970635034642811,0.05108197532494102,0.02571388966413813,0.22766150678620783,0.3864203989505768,0.09905104708671571,0.2873693518638611,9.2,9.2,trapezoid_from_zero_normalized_by_max_fraction
ton_iot_binary,45,rid_590cc55c691016a6ef7a0e5cb9e9b91f,cnn,shap,joint_donor,dependency_preserving,deletion,0,BENIGN,True,0,BENIGN,0.9999799844354128,0.2696197148889041,50,0.33159810696129166,0.29312186140545216,0.2032181465459656,0.038476245555839506,0.12837996041532612,0.05181510694815365,0.02484426778127783,-0.010218519295465044,0.8518832921981812,1.1917491852045061,-0.33986589300632497,9.2,9.2,trapezoid_from_zero_normalized_by_max_fraction
ton_iot_binary,45,rid_3788d66e0af8adb806de603d5e5bc5ae,cnn,shap,joint_donor,dependency_preserving,deletion,0,BENIGN,True,0,BENIGN,0.9999745750155852,0.2696143054690765,50,0.3504022335275091,0.16791847823186848,0.19951161464336337,0.18248375529564062,0.1508906188841457,0.040232455950528566,0.020106625485343286,0.14307476934436777,0.0854019969701767,0.022289461582899094,0.0631125353872776,9.2,9.2,trapezoid_from_zero_normalized_by_max_fraction
ton_iot_binary,45,rid_25acb94433ea6154566bae082cbd458f,cnn,shap,joint_donor,dependency_preserving,deletion,1,ATTACK,True,1,ATTACK,0.9981740713119508,0.7285343408584596,50,0.2898435349521606,0.4276524972516499,0.32011303748064524,-0.1378089622994893,-0.030269502528484704,0.05583559197759509,0.02671925808807985,-0.1901787081521258,1.1753907203674316,1.1898040390014648,-0.014413318634033168,9.2,9.2,trapezoid_from_zero_normalized_by_max_fraction
ton_iot_binary,45,rid_32173e5cffef88e090444250c06e9ee0,cnn,shap,joint_donor,dependency_preserving,deletion,1,ATTACK,True,1,ATTACK,0.9996188879013062,0.7299791574478149,50,0.7731828284799122,0.3769180095114444,0.25338212170436253,0.39626481896846777,0.5198007067755496,0.05471971436439804,0.026253449589755885,0.34480805777254625,1.3281261920928955,1.1516556601524353,0.17647053194046025,9.2,9.2,trapezoid_from_zero_normalized_by_max_fraction
ton_iot_binary,45,rid_c6e5ec8a4c2d0d638ba916a0400a760b,cnn,shap,joint_donor,dependency_preserving,deletion,1,ATTACK,True,1,ATTACK,0.9961732029914856,0.7265334725379944,50,0.43333747098363345,0.37238035448715034,0.2768912583496334,0.06095711649648315,0.15644621263400005,0.05555257975881192,0.02685029408681964,0.00833054008631666,1.1109440326690674,1.137649199604988,-0.02670516693592062,9.2,9.2,trapezoid_from_zero_normalized_by_max_fraction
ton_iot_binary,45,rid_5ea40f633786dad901bf847b0c6c65bd,cnn,shap,joint_donor,dependency_preserving,deletion,0,BENIGN,True,0,BENIGN,0.9998172532505124,0.2694569837040035,50,0.8813756718154764,0.32931703367350884,0.14462156925870345,0.5520586381419675,0.736754102556773,0.047932421984676926,0.02390458912017508,0.5052056434664244,1.0541728734970093,1.285599986553192,-0.2314271130561827,9.2,9.2,trapezoid_from_zero_normalized_by_max_fraction
ton_iot_binary,45,rid_ed91b9dad9a880f137c1a1cc5ca0bab3,cnn,shap,joint_donor,dependency_preserving,deletion,1,ATTACK,True,1,ATTACK,0.999950647354126,0.7303109169006348,50,0.40284200696721656,0.3011795925527835,0.2221520261315243,0.10166241441443308,0.18068998083569227,0.05036375287016056,0.02407873553488843,0.05446809276605176,1.6208417415618896,1.5746912522315977,0.04615048933029198,9.2,9.2,trapezoid_from_zero_normalized_by_max_fraction
ton_iot_binary,45,rid_38e3c4472579dd1e721c4a5b11da6a05,cnn,shap,joint_donor,dependency_preserving,deletion,1,ATTACK,True,1,ATTACK,0.9995190501213074,0.7298793196678162,50,0.5730428115948598,0.34464995713842383,0.26355097406382244,0.22839285445643598,0.3094918375310374,0.05173355519296162,0.0253868450573016,0.17863463814412484,1.295015573501587,1.4260137388706204,-0.13099816536903353,9.2,9.2,trapezoid_from_zero_normalized_by_max_fraction
ton_iot_binary,45,rid_6a1d87d1ef5b9c1c597008251c5fc0de,cnn,shap,joint_donor,dependency_preserving,deletion,1,ATTACK,True,1,ATTACK,0.9980720281600952,0.728432297706604,50,0.6289885773732009,0.34682667184337157,0.2514273188657109,0.2821619055298294,0.3775612585074901,0.05009356267038892,0.024442254991602314,0.23425508574628887,1.0482382774353027,1.0071369287967682,0.04110134863853454,9.2,9.2,trapezoid_from_zero_normalized_by_max_fraction
ton_iot_binary,45,rid_79e31292c8ecdafc38b6f891deedd741,cnn,shap,joint_donor,dependency_preserving,deletion,0,BENIGN,True,0,BENIGN,0.9999995714524346,0.2696393019059258,50,0.48782564205839807,0.1574474664624671,0.04927528935840175,0.33037817559593097,0.43855035269999637,0.0388196561349412,0.021166483050634795,0.28889186881668677,3.31195330619812,2.3844592995643614,0.9274940066337587,9.2,9.2,trapezoid_from_zero_normalized_by_max_fraction
ton_iot_binary,45,rid_70c64531b38d7bcd15e3f26a52579812,cnn,shap,joint_donor,dependency_preserving,deletion,0,BENIGN,True,0,BENIGN,0.9999999999932282,0.2696397304467194,50,0.28601061011543305,0.32237656690736505,0.05451091857972672,-0.03636595679193201,0.23149969153570632,0.04422284404158644,0.02216961451014148,-0.0798184012318093,1.8589093685150146,1.77863445186615,0.08027491664886455,9.2,9.2,trapezoid_from_zero_normalized_by_max_fraction
ton_iot_binary,45,rid_0f10c3d89b68fbe7fa9ad016fc3f75fb,cnn,shap,joint_donor,dependency_preserving,insertion,1,ATTACK,True,1,ATTACK,0.9999850988388062,0.7303453683853149,50,-0.18995508551597595,-0.42771417259783767,-0.5384878320939405,0.23775908708186172,0.3485327465779645,0.05841695295296876,0.027808641820829896,0.18325414911303511,0.8136469125747681,0.8794160386323927,-0.06576912605762464,9.2,9.2,trapezoid_from_zero_normalized_by_max_fraction
ton_iot_binary,45,rid_4faa43b45b0feb9ed282cb62c680ce79,cnn,shap,joint_donor,dependency_preserving,insertion,0,BENIGN,True,0,BENIGN,0.9999365728945122,0.2695763033480034,50,-0.2345119742458337,-0.28220198618601566,-0.3713194003203761,0.047690011940182006,0.13680742607454235,0.05450959289943742,0.02530070528726395,-0.0018993704228553315,0.9514808654785156,1.2505251109004019,-0.29904424542188623,9.2,9.2,trapezoid_from_zero_normalized_by_max_fraction
ton_iot_binary,45,rid_5a33d161d8d10faa00b275ac9696f995,cnn,shap,joint_donor,dependency_preserving,insertion,0,BENIGN,True,0,BENIGN,0.9999943967886792,0.2696341272421705,50,-0.0001423124476332305,-0.402062685899996,-0.38628264859432393,0.4019203734523627,0.38614033614669074,0.060140814670495035,0.028139700004144765,0.34676656144423895,0.023810600861907005,0.006560365982353687,0.01725023487955332,9.2,9.2,trapezoid_from_zero_normalized_by_max_fraction
ton_iot_binary,45,rid_0301c030c34c248a59d1f5dbe56e333d,cnn,shap,joint_donor,dependency_preserving,insertion,0,BENIGN,True,0,BENIGN,0.9998127672588452,0.2694524977123365,50,-0.2021528934354137,-0.2923186368034217,-0.3800401915244137,0.09016574336800798,0.177887298089,0.05468511500908829,0.025933844042933592,0.03933540904385814,0.4097335934638977,0.4275378996375948,-0.017804306173697104,9.2,9.2,trapezoid_from_zero_normalized_by_max_fraction
ton_iot_binary,45,rid_98596a0ff3e4526af3c7124ba788cb29,cnn,shap,joint_donor,dependency_preserving,insertion,1,ATTACK,True,1,ATTACK,0.9999735951423644,0.7303338646888732,50,0.00022241175174713134,-0.47472360520225776,-0.513404127187578,0.4749460169540049,0.5136265389393251,0.06196014674916925,0.029173442254260683,0.417766070135654,0.3864203989505768,0.09905104708671571,0.2873693518638611,9.2,9.2,trapezoid_from_zero_normalized_by_max_fraction
ton_iot_binary,45,rid_590cc55c691016a6ef7a0e5cb9e9b91f,cnn,shap,joint_donor,dependency_preserving,insertion,0,BENIGN,True,0,BENIGN,0.9999799844354128,0.2696197148889041,50,0.7888075482615478,0.6047871770180345,0.6237999437434708,0.18402037124351317,0.1650076045180769,0.05321754041949443,0.025683063787800973,0.13368156621942326,0.8518832921981812,1.1917491852045061,-0.33986589300632497,9.2,9.2,trapezoid_from_zero_normalized_by_max_fraction
ton_iot_binary,45,rid_3788d66e0af8adb806de603d5e5bc5ae,cnn,shap,joint_donor,dependency_preserving,insertion,0,BENIGN,True,0,BENIGN,0.9999745750155852,0.2696143054690765,50,-0.29057715172666576,-0.3749289728321866,-0.41780004453417807,0.08435182110552086,0.12722289280751237,0.05998045811284527,0.028055128217583814,0.02936376979905659,0.0854019969701767,0.022289461582899094,0.0631125353872776,9.2,9.2,trapezoid_from_zero_normalized_by_max_fraction
ton_iot_binary,45,rid_25acb94433ea6154566bae082cbd458f,cnn,shap,joint_donor,dependency_preserving,insertion,1,ATTACK,True,1,ATTACK,0.9981740713119508,0.7285343408584596,50,-0.5533366765368739,-0.3040820622722171,-0.4576519620877723,-0.2492546142646569,-0.09568471444910165,0.05139623479485825,0.024492297149500266,-0.2972595166776774,1.1753907203674316,1.1898040390014648,-0.014413318634033168,9.2,9.2,trapezoid_from_zero_normalized_by_max_fraction
ton_iot_binary,45,rid_32173e5cffef88e090444250c06e9ee0,cnn,shap,joint_donor,dependency_preserving,insertion,1,ATTACK,True,1,ATTACK,0.9996188879013062,0.7299791574478149,50,-0.49441248654620723,-0.4251356390640153,-0.47504701667096927,-0.0692768474821919,-0.019365469875237934,0.056142783624297365,0.026290028632702002,-0.12080530360228782,1.3281261920928955,1.1516556601524353,0.17647053194046025,9.2,9.2,trapezoid_from_zero_normalized_by_max_fraction
ton_iot_binary,45,rid_c6e5ec8a4c2d0d638ba916a0400a760b,cnn,shap,joint_donor,dependency_preserving,insertion,1,ATTACK,True,1,ATTACK,0.9961732029914856,0.7265334725379944,50,0.09194119694812412,0.07808524144416301,0.06300802187583443,0.013855955503961126,0.02893317507228968,0.05780749927783348,0.027188632032703386,-0.03943376328013751,1.1109440326690674,1.137649199604988,-0.02670516693592062,9.2,9.2,trapezoid_from_zero_normalized_by_max_fraction
ton_iot_binary,45,rid_5ea40f633786dad901bf847b0c6c65bd,cnn,shap,joint_donor,dependency_preserving,insertion,0,BENIGN,True,0,BENIGN,0.9998172532505124,0.2694569837040035,50,0.9415643697221028,0.6761332000145476,0.5661155590303328,0.2654311697075553,0.37544881069177005,0.040426162507941045,0.021128108092876238,0.2240200778455179,1.0541728734970093,1.285599986553192,-0.2314271130561827,9.2,9.2,trapezoid_from_zero_normalized_by_max_fraction
ton_iot_binary,45,rid_ed91b9dad9a880f137c1a1cc5ca0bab3,cnn,shap,joint_donor,dependency_preserving,insertion,1,ATTACK,True,1,ATTACK,0.999950647354126,0.7303109169006348,50,0.8772114061996262,0.6282630474925666,0.527673345711493,0.2489483587070597,0.3495380604881333,0.04454235570628957,0.02105076903773307,0.2076888513931029,1.6208417415618896,1.5746912522315977,0.04615048933029198,9.2,9.2,trapezoid_from_zero_normalized_by_max_fraction
ton_iot_binary,45,rid_38e3c4472579dd1e721c4a5b11da6a05,cnn,shap,joint_donor,dependency_preserving,insertion,1,ATTACK,True,1,ATTACK,0.9995190501213074,0.7298793196678162,50,0.9067408248952233,0.5099412308865465,0.5321833334745705,0.3967995940086768,0.37455749142065287,0.05984271817385636,0.028302125430922444,0.3413274281640688,1.295015573501587,1.4260137388706204,-0.13099816536903353,9.2,9.2,trapezoid_from_zero_normalized_by_max_fraction
ton_iot_binary,45,rid_6a1d87d1ef5b9c1c597008251c5fc0de,cnn,shap,joint_donor,dependency_preserving,insertion,1,ATTACK,True,1,ATTACK,0.9980720281600952,0.728432297706604,50,-0.343167458102107,-0.3526941948834593,-0.4309335490176248,0.009526736781352282,0.08776609091551779,0.05328085528785965,0.02483368506134002,-0.039147285938874156,1.0482382774353027,1.0071369287967682,0.04110134863853454,9.2,9.2,trapezoid_from_zero_normalized_by_max_fraction
ton_iot_binary,45,rid_79e31292c8ecdafc38b6f891deedd741,cnn,shap,joint_donor,dependency_preserving,insertion,0,BENIGN,True,0,BENIGN,0.9999995714524346,0.2696393019059258,50,0.949565883207923,0.7988998252995305,0.7420049253098515,0.1506660579083924,0.2075609578980714,0.0379945025740651,0.017829654301328286,0.11571993547778897,3.31195330619812,2.3844592995643614,0.9274940066337587,9.2,9.2,trapezoid_from_zero_normalized_by_max_fraction
ton_iot_binary,45,rid_70c64531b38d7bcd15e3f26a52579812,cnn,shap,joint_donor,dependency_preserving,insertion,0,BENIGN,True,0,BENIGN,0.9999999999932282,0.2696397304467194,50,-0.0379941950703228,-0.046558184331731096,-0.22370485844901436,0.008563989261408304,0.18571066337869158,0.014595724137269664,0.008539090429048322,-0.008172627979526408,1.8589093685150146,1.77863445186615,0.08027491664886455,9.2,9.2,trapezoid_from_zero_normalized_by_max_fraction
ton_iot_binary,45,rid_0f10c3d89b68fbe7fa9ad016fc3f75fb,cnn,shap,target_class_donor,dependency_preserving_conditional_on_class,deletion,1,ATTACK,True,1,ATTACK,0.9999850988388062,0.7303453683853149,50,0.02888493239879608,0.1772587818384036,0.2346736244842033,-0.14837384943960752,-0.20578869208540723,0.04039222954504296,0.020825978102683006,-0.1891927665208662,0.2856365144252777,0.36997252389229834,-0.08433600946702063,9.2,9.2,trapezoid_from_zero_normalized_by_max_fraction
ton_iot_binary,45,rid_4faa43b45b0feb9ed282cb62c680ce79,cnn,shap,target_class_donor,dependency_preserving_conditional_on_class,deletion,0,BENIGN,True,0,BENIGN,0.9999365728945122,0.2695763033480034,50,0.21297457037767342,0.08833954349546541,0.07901352977298651,0.12463502688220804,0.13396104060468694,0.030299299028707094,0.015040101370444621,0.09515642819613658,0.2082848995923996,0.04906034161895513,0.15922455797344448,9.2,9.2,trapezoid_from_zero_normalized_by_max_fraction
ton_iot_binary,45,rid_5a33d161d8d10faa00b275ac9696f995,cnn,shap,target_class_donor,dependency_preserving_conditional_on_class,deletion,0,BENIGN,True,0,BENIGN,0.9999943967886792,0.2696341272421705,50,0.12071858072565646,0.10729993193318793,0.05407207673777289,0.013418648792468534,0.06664650398788358,0.031427799132268106,0.015551479757609506,-0.017062251532446098,0.055355656892061234,0.01864189885556698,0.03671375803649425,9.2,9.2,trapezoid_from_zero_normalized_by_max_fraction
ton_iot_binary,45,rid_0301c030c34c248a59d1f5dbe56e333d,cnn,shap,target_class_donor,dependency_preserving_conditional_on_class,deletion,0,BENIGN,True,0,BENIGN,0.9998127672588452,0.2694524977123365,50,0.14174192840400793,0.12667926481392106,0.10659766187800855,0.015062663590086886,0.03514426652599937,0.03264741303476719,0.016349551272217145,-0.016982456903458718,0.02284049428999424,0.0064117172639817,0.016428777026012538,9.2,9.2,trapezoid_from_zero_normalized_by_max_fraction
ton_iot_binary,45,rid_98596a0ff3e4526af3c7124ba788cb29,cnn,shap,target_class_donor,dependency_preserving_conditional_on_class,deletion,1,ATTACK,True,1,ATTACK,0.9999735951423644,0.7303338646888732,50,0.011897757649421692,0.2963856165426145,0.16157883443717957,-0.28448785889319284,-0.14968107678775788,0.048378176590211985,0.024491837430469798,-0.33249186025691363,1.1193987131118774,1.2562865321636199,-0.1368878190517424,9.2,9.2,trapezoid_from_zero_normalized_by_max_fraction
ton_iot_binary,45,rid_590cc55c691016a6ef7a0e5cb9e9b91f,cnn,shap,target_class_donor,dependency_preserving_conditional_on_class,deletion,0,BENIGN,True,0,BENIGN,0.9999799844354128,0.2696197148889041,50,0.009797743320700646,0.1282965255789025,0.08456406542946074,-0.11849878225820185,-0.0747663221087601,0.03378103332431881,0.017652128862517782,-0.1530969548287367,0.14779366552829742,0.02557904586941004,0.12221461965888739,9.2,9.2,trapezoid_from_zero_normalized_by_max_fraction
ton_iot_binary,45,rid_3788d66e0af8adb806de603d5e5bc5ae,cnn,shap,target_class_donor,dependency_preserving_conditional_on_class,deletion,0,BENIGN,True,0,BENIGN,0.9999745750155852,0.2696143054690765,50,0.10644086483471255,0.11958419764760814,0.1103042624927241,-0.013143332812895599,-0.0038633976580115387,0.035678124326418745,0.017859704554034773,-0.04814835373880375,0.4301559031009674,0.45296167323365805,-0.02280577013269064,9.2,9.2,trapezoid_from_zero_normalized_by_max_fraction
ton_iot_binary,45,rid_25acb94433ea6154566bae082cbd458f,cnn,shap,target_class_donor,dependency_preserving_conditional_on_class,deletion,1,ATTACK,True,1,ATTACK,0.9981740713119508,0.7285343408584596,50,0.1331759317778051,0.238952144388546,0.2570231949171278,-0.10577621261074091,-0.12384726313932265,0.048701735704091455,0.023192071913049794,-0.1512326735603185,1.3655387163162231,1.4325797457695006,-0.0670410294532775,9.2,9.2,trapezoid_from_zero_normalized_by_max_fraction
ton_iot_binary,45,rid_32173e5cffef88e090444250c06e9ee0,cnn,shap,target_class_donor,dependency_preserving_conditional_on_class,deletion,1,ATTACK,True,1,ATTACK,0.9996188879013062,0.7299791574478149,50,0.3656147807938396,0.2823584480151294,0.18285385386112465,0.0832563327787102,0.18276092693271492,0.050984433058583835,0.025927224616206897,0.03243897253094468,0.03160461410880089,0.03637175880023279,-0.004767144691431899,9.2,9.2,trapezoid_from_zero_normalized_by_max_fraction
ton_iot_binary,45,rid_c6e5ec8a4c2d0d638ba916a0400a760b,cnn,shap,target_class_donor,dependency_preserving_conditional_on_class,deletion,1,ATTACK,True,1,ATTACK,0.9961732029914856,0.7265334725379944,50,0.23202372044324873,0.28518254891605166,0.23281860315272207,-0.05315882847280296,-0.0007948827094733379,0.05131379626975167,0.024573872246958867,-0.10132361807684234,1.3025712966918945,1.356021612405777,-0.05345031571388237,9.2,9.2,trapezoid_from_zero_normalized_by_max_fraction
ton_iot_binary,45,rid_5ea40f633786dad901bf847b0c6c65bd,cnn,shap,target_class_donor,dependency_preserving_conditional_on_class,deletion,0,BENIGN,True,0,BENIGN,0.9998172532505124,0.2694569837040035,50,0.3599447133456124,0.1593030621972678,0.16159131191147622,0.2006416511483446,0.1983534014341362,0.03704457879358128,0.018171989745660012,0.16502455124685098,1.7082891464233398,1.4414416630268099,0.26684748339652997,9.2,9.2,trapezoid_from_zero_normalized_by_max_fraction
ton_iot_binary,45,rid_ed91b9dad9a880f137c1a1cc5ca0bab3,cnn,shap,target_class_donor,dependency_preserving_conditional_on_class,deletion,1,ATTACK,True,1,ATTACK,0.999950647354126,0.7303109169006348,50,0.33392263388959686,0.168848836086574,0.15584475708479475,0.16507379780302286,0.17807787680480214,0.03379870416996561,0.017058968620599455,0.13163821930664793,1.6214758157730103,1.61403649187088,0.0074393239021302016,9.2,9.2,trapezoid_from_zero_normalized_by_max_fraction
ton_iot_binary,45,rid_38e3c4472579dd1e721c4a5b11da6a05,cnn,shap,target_class_donor,dependency_preserving_conditional_on_class,deletion,1,ATTACK,True,1,ATTACK,0.9995190501213074,0.7298793196678162,50,0.49392596138095546,0.2586797503464633,0.14430610329587945,0.23524621103449211,0.34961985808507595,0.049265959147468924,0.02473009996058933,0.18677521511173703,0.20908057689666748,0.18863361099362372,0.020446965903043762,9.2,9.2,trapezoid_from_zero_normalized_by_max_fraction
ton_iot_binary,45,rid_6a1d87d1ef5b9c1c597008251c5fc0de,cnn,shap,target_class_donor,dependency_preserving_conditional_on_class,deletion,1,ATTACK,True,1,ATTACK,0.9980720281600952,0.728432297706604,50,0.5535162014188245,0.19128968701946725,0.24679423314062296,0.3622265143993572,0.30672196827820153,0.04186707953635127,0.02075381100280401,0.3215490448338614,0.3028638958930969,0.23861660441756252,0.0642472914755344,9.2,9.2,trapezoid_from_zero_normalized_by_max_fraction
ton_iot_binary,45,rid_79e31292c8ecdafc38b6f891deedd741,cnn,shap,target_class_donor,dependency_preserving_conditional_on_class,deletion,0,BENIGN,True,0,BENIGN,0.9999995714524346,0.2696393019059258,50,0.010628114538982507,0.04122864441380579,0.03060210445118331,-0.030600529874823285,-0.019973989912200805,0.01878078639233864,0.010313896763941826,-0.05081576753214927,3.0442733764648438,1.7595197483301164,1.2847536281347274,9.2,9.2,trapezoid_from_zero_normalized_by_max_fraction
ton_iot_binary,45,rid_70c64531b38d7bcd15e3f26a52579812,cnn,shap,target_class_donor,dependency_preserving_conditional_on_class,deletion,0,BENIGN,True,0,BENIGN,0.9999999999932282,0.2696397304467194,50,0.18132707969573558,0.17084610503471448,0.0383187106247994,0.01048097466102113,0.14300836907093623,0.03712592910466844,0.0182221555683709,-0.025234450252985832,2.24824595451355,2.23238165140152,0.0158643031120298,9.2,9.2,trapezoid_from_zero_normalized_by_max_fraction
ton_iot_binary,45,rid_0f10c3d89b68fbe7fa9ad016fc3f75fb,cnn,shap,target_class_donor,dependency_preserving_conditional_on_class,insertion,1,ATTACK,True,1,ATTACK,0.9999850988388062,0.7303453683853149,50,6.926953792572022e-05,-0.4774194200020978,-0.24928268340065468,0.4774886895400235,0.24935195293858042,0.054002013440852065,0.02667485502453117,0.4252059736919424,0.2856365144252777,0.36997252389229834,-0.08433600946702063,9.2,9.2,trapezoid_from_zero_normalized_by_max_fraction
ton_iot_binary,45,rid_4faa43b45b0feb9ed282cb62c680ce79,cnn,shap,target_class_donor,dependency_preserving_conditional_on_class,insertion,0,BENIGN,True,0,BENIGN,0.9999365728945122,0.2695763033480034,50,-3.607862236094662e-05,-0.1051350916571253,-0.10554126962210425,0.10509901303476435,0.1055051909997433,0.03241753629653539,0.017426040973023624,0.07094397272763805,0.2082848995923996,0.04906034161895513,0.15922455797344448,9.2,9.2,trapezoid_from_zero_normalized_by_max_fraction
ton_iot_binary,45,rid_5a33d161d8d10faa00b275ac9696f995,cnn,shap,target_class_donor,dependency_preserving_conditional_on_class,insertion,0,BENIGN,True,0,BENIGN,0.9999943967886792,0.2696341272421705,50,-0.002597433897296353,-0.11517372928477015,-0.07924122271972303,0.1125762953874738,0.07664378882242667,0.03514515287373473,0.018191307249687563,0.07692133317808617,0.055355656892061234,0.01864189885556698,0.03671375803649425,9.2,9.2,trapezoid_from_zero_normalized_by_max_fraction
ton_iot_binary,45,rid_0301c030c34c248a59d1f5dbe56e333d,cnn,shap,target_class_donor,dependency_preserving_conditional_on_class,insertion,0,BENIGN,True,0,BENIGN,0.9998127672588452,0.2694524977123365,50,6.76807102413245e-05,-0.11430284020082304,-0.09699566900687634,0.11437052091106437,0.09706334971711766,0.03669674002074101,0.018256653780715528,0.07858747950086192,0.02284049428999424,0.0064117172639817,0.016428777026012538,9.2,9.2,trapezoid_from_zero_normalized_by_max_fraction
ton_iot_binary,45,rid_98596a0ff3e4526af3c7124ba788cb29,cnn,shap,target_class_donor,dependency_preserving_conditional_on_class,insertion,1,ATTACK,True,1,ATTACK,0.9999735951423644,0.7303338646888732,50,-0.3841208901256323,-0.365722867333233,-0.28440864513268505,-0.018398022792399278,-0.09971224499294726,0.05324954664223746,0.025510403978283754,-0.06839841458983544,1.1193987131118774,1.2562865321636199,-0.1368878190517424,9.2,9.2,trapezoid_from_zero_normalized_by_max_fraction
ton_iot_binary,45,rid_590cc55c691016a6ef7a0e5cb9e9b91f,cnn,shap,target_class_donor,dependency_preserving_conditional_on_class,insertion,0,BENIGN,True,0,BENIGN,0.9999799844354128,0.2696197148889041,50,-0.0007561578426020787,-0.10804462430249623,-0.07003395159720728,0.10728846645989415,0.0692777937546052,0.03498246012472975,0.01799987478831893,0.07200871187478905,0.14779366552829742,0.02557904586941004,0.12221461965888739,9.2,9.2,trapezoid_from_zero_normalized_by_max_fraction
ton_iot_binary,45,rid_3788d66e0af8adb806de603d5e5bc5ae,cnn,shap,target_class_donor,dependency_preserving_conditional_on_class,insertion,0,BENIGN,True,0,BENIGN,0.9999745750155852,0.2696143054690765,50,0.0015271977832981066,-0.04899830839901803,-0.09006722525054264,0.05052550618231613,0.09159442303384076,0.020411813405918054,0.009854485137758565,0.031210715312309345,0.4301559031009674,0.45296167323365805,-0.02280577013269064,9.2,9.2,trapezoid_from_zero_normalized_by_max_fraction
ton_iot_binary,45,rid_25acb94433ea6154566bae082cbd458f,cnn,shap,target_class_donor,dependency_preserving_conditional_on_class,insertion,1,ATTACK,True,1,ATTACK,0.9981740713119508,0.7285343408584596,50,-0.7008607678115368,-0.41508321774605506,-0.2653081746822593,-0.28577755006548167,-0.4355525931292775,0.05563502874669779,0.026779251510671096,-0.338264883026397,1.3655387163162231,1.4325797457695006,-0.0670410294532775,9.2,9.2,trapezoid_from_zero_normalized_by_max_fraction
ton_iot_binary,45,rid_32173e5cffef88e090444250c06e9ee0,cnn,shap,target_class_donor,dependency_preserving_conditional_on_class,insertion,1,ATTACK,True,1,ATTACK,0.9996188879013062,0.7299791574478149,50,-0.2655290204565972,-0.23560320655094116,-0.28279852643532555,-0.029925813905656046,0.017269505978728367,0.04622927899950463,0.02268386935388815,-0.07438619783927683,0.03160461410880089,0.03637175880023279,-0.004767144691431899,9.2,9.2,trapezoid_from_zero_normalized_by_max_fraction
ton_iot_binary,45,rid_c6e5ec8a4c2d0d638ba916a0400a760b,cnn,shap,target_class_donor,dependency_preserving_conditional_on_class,insertion,1,ATTACK,True,1,ATTACK,0.9961732029914856,0.7265334725379944,50,-0.17094335186993703,-0.32362624055470224,-0.2188319715059574,0.15268288868476518,0.047888619636020376,0.05377892361575776,0.026003842571527404,0.10171535724457147,1.3025712966918945,1.356021612405777,-0.05345031571388237,9.2,9.2,trapezoid_from_zero_normalized_by_max_fraction
ton_iot_binary,45,rid_5ea40f633786dad901bf847b0c6c65bd,cnn,shap,target_class_donor,dependency_preserving_conditional_on_class,insertion,0,BENIGN,True,0,BENIGN,0.9998172532505124,0.2694569837040035,50,-0.006761612026620157,-0.20515498668503668,-0.2159752857607774,0.19839337465841653,0.20921367373415722,0.042984733279794185,0.020191327745402023,0.15881837227742857,1.7082891464233398,1.4414416630268099,0.26684748339652997,9.2,9.2,trapezoid_from_zero_normalized_by_max_fraction
ton_iot_binary,45,rid_ed91b9dad9a880f137c1a1cc5ca0bab3,cnn,shap,target_class_donor,dependency_preserving_conditional_on_class,insertion,1,ATTACK,True,1,ATTACK,0.999950647354126,0.7303109169006348,50,-0.2344789355993271,-0.2545532609704624,-0.2265475411457311,0.0200743253711353,-0.007931394453595962,0.04412713068983336,0.021432401801803634,-0.02193318216039982,1.6214758157730103,1.61403649187088,0.0074393239021302016,9.2,9.2,trapezoid_from_zero_normalized_by_max_fraction
ton_iot_binary,45,rid_38e3c4472579dd1e721c4a5b11da6a05,cnn,shap,target_class_donor,dependency_preserving_conditional_on_class,insertion,1,ATTACK,True,1,ATTACK,0.9995190501213074,0.7298793196678162,50,-0.3118322376161814,-0.24474349566236198,-0.24261870303845626,-0.0670887419538194,-0.06921353457772508,0.04625835092045452,0.02276352716916084,-0.11170525520537465,0.20908057689666748,0.18863361099362372,0.020446965903043762,9.2,9.2,trapezoid_from_zero_normalized_by_max_fraction
ton_iot_binary,45,rid_6a1d87d1ef5b9c1c597008251c5fc0de,cnn,shap,target_class_donor,dependency_preserving_conditional_on_class,insertion,1,ATTACK,True,1,ATTACK,0.9980720281600952,0.728432297706604,50,-0.2301345553249121,-0.19354974611988293,-0.15882408742485374,-0.03658480920502917,-0.07131046790005835,0.04602753339366595,0.02237787255890864,-0.08044543942049011,0.3028638958930969,0.23861660441756252,0.0642472914755344,9.2,9.2,trapezoid_from_zero_normalized_by_max_fraction
ton_iot_binary,45,rid_79e31292c8ecdafc38b6f891deedd741,cnn,shap,target_class_donor,dependency_preserving_conditional_on_class,insertion,0,BENIGN,True,0,BENIGN,0.9999995714524346,0.2696393019059258,50,-0.005673840906513305,-0.054997504389997696,-0.07318030294249508,0.049323663483484395,0.06750646203598179,0.0232642286253875,0.011780179784163389,0.026234511106524153,3.0442733764648438,1.7595197483301164,1.2847536281347274,9.2,9.2,trapezoid_from_zero_normalized_by_max_fraction
ton_iot_binary,45,rid_70c64531b38d7bcd15e3f26a52579812,cnn,shap,target_class_donor,dependency_preserving_conditional_on_class,insertion,0,BENIGN,True,0,BENIGN,0.9999999999932282,0.2696397304467194,50,-0.003946266252136211,-0.021858256504968816,-0.08802141658839194,0.017911990252832608,0.08407515033625573,0.0083617152708661,0.0049727245889699834,0.008165450058451441,2.24824595451355,2.23238165140152,0.0158643031120298,9.2,9.2,trapezoid_from_zero_normalized_by_max_fraction
ton_iot_binary,45,rid_0f10c3d89b68fbe7fa9ad016fc3f75fb,cnn,shap,conditional_gaussian_mean,conditional_on_retained_coordinates,deletion,1,ATTACK,True,1,ATTACK,0.9999850988388062,0.7303453683853149,50,0.7022845529019832,0.2126731622880907,0.052641353268583775,0.4896113906138925,0.6496431996333994,0.03194085607229326,0.01753760354988925,0.4552376876561096,0.3706740438938141,0.3002412910461426,0.07043275284767148,9.2,9.2,trapezoid_from_zero_normalized_by_max_fraction
ton_iot_binary,45,rid_4faa43b45b0feb9ed282cb62c680ce79,cnn,shap,conditional_gaussian_mean,conditional_on_retained_coordinates,deletion,0,BENIGN,True,0,BENIGN,0.9999365728945122,0.2695763033480034,50,0.05319995481411297,0.1585562157608857,0.11201785117806162,-0.10535626094677271,-0.058817896363948644,0.02579735845617674,0.01299112305466081,-0.1308188621339079,0.2571811378002167,0.2009239664077759,0.05625717139244077,9.2,9.2,trapezoid_from_zero_normalized_by_max_fraction
ton_iot_binary,45,rid_5a33d161d8d10faa00b275ac9696f995,cnn,shap,conditional_gaussian_mean,conditional_on_retained_coordinates,deletion,0,BENIGN,True,0,BENIGN,0.9999943967886792,0.2696341272421705,50,0.0017439776185653954,0.10093650972593325,0.03825766967926562,-0.09919253210736786,-0.03651369206070022,0.01578258949162128,0.008048439986029223,-0.11496747447998515,0.23690755665302277,0.18878412802517414,0.04812342862784863,9.2,9.2,trapezoid_from_zero_normalized_by_max_fraction
ton_iot_binary,45,rid_0301c030c34c248a59d1f5dbe56e333d,cnn,shap,conditional_gaussian_mean,conditional_on_retained_coordinates,deletion,0,BENIGN,True,0,BENIGN,0.9998127672588452,0.2694524977123365,50,0.0037120871167587665,0.15361925091604905,0.13202651615964295,-0.14990716379929028,-0.1283144290428842,0.035678039650398785,0.01760462357984545,-0.18441222601578736,0.24802632629871368,0.18487303103506564,0.06315329526364805,9.2,9.2,trapezoid_from_zero_normalized_by_max_fraction
ton_iot_binary,45,rid_98596a0ff3e4526af3c7124ba788cb29,cnn,shap,conditional_gaussian_mean,conditional_on_retained_coordinates,deletion,1,ATTACK,True,1,ATTACK,0.9999735951423644,0.7303338646888732,50,0.6974118880927562,0.19978838620140454,0.04124344731005839,0.4976235018913517,0.6561684407826978,0.03862132240831452,0.01921363621166352,0.4599647749164912,0.435324490070343,0.3758286058008671,0.05949588426947594,9.2,9.2,trapezoid_from_zero_normalized_by_max_fraction
ton_iot_binary,45,rid_590cc55c691016a6ef7a0e5cb9e9b91f,cnn,shap,conditional_gaussian_mean,conditional_on_retained_coordinates,deletion,0,BENIGN,True,0,BENIGN,0.9999799844354128,0.2696197148889041,50,0.0033816055786751067,0.1469211806844006,0.08822319952043892,-0.14353957510572551,-0.08484159394176383,0.02213456242691767,0.010906342743938351,-0.16491600688384467,0.19011290371418,0.16621925419569017,0.023893649518489823,9.2,9.2,trapezoid_from_zero_normalized_by_max_fraction
ton_iot_binary,45,rid_3788d66e0af8adb806de603d5e5bc5ae,cnn,shap,conditional_gaussian_mean,conditional_on_retained_coordinates,deletion,0,BENIGN,True,0,BENIGN,0.9999745750155852,0.2696143054690765,50,0.001727372653220982,0.14593024406471816,0.10283725804455349,-0.14420287141149718,-0.1011098853913325,0.029802029327996478,0.014427000453879247,-0.1724797923011005,0.2387915551662445,0.18515319353342055,0.053638361632823955,9.2,9.2,trapezoid_from_zero_normalized_by_max_fraction
ton_iot_binary,45,rid_25acb94433ea6154566bae082cbd458f,cnn,shap,conditional_gaussian_mean,conditional_on_retained_coordinates,deletion,1,ATTACK,True,1,ATTACK,0.9981740713119508,0.7285343408584596,50,0.38078726539060875,0.5867503714451321,0.35022887900856536,-0.20596310605452328,0.03055838638204343,0.036661049378407154,0.019559868489057927,-0.24430044829307682,1.1739137172698975,1.097717197179794,0.07619652009010336,9.2,9.2,trapezoid_from_zero_normalized_by_max_fraction
ton_iot_binary,45,rid_32173e5cffef88e090444250c06e9ee0,cnn,shap,conditional_gaussian_mean,conditional_on_retained_coordinates,deletion,1,ATTACK,True,1,ATTACK,0.9996188879013062,0.7299791574478149,50,0.6863798984243658,0.4232270247318825,0.1336073479258872,0.2631528736924833,0.5527725504984786,0.03873437054717159,0.0213322117784115,0.22134173860679676,1.188999891281128,1.2212109909057618,-0.032211099624633865,9.2,9.2,trapezoid_from_zero_normalized_by_max_fraction
ton_iot_binary,45,rid_c6e5ec8a4c2d0d638ba916a0400a760b,cnn,shap,conditional_gaussian_mean,conditional_on_retained_coordinates,deletion,1,ATTACK,True,1,ATTACK,0.9961732029914856,0.7265334725379944,50,0.6368606921947504,0.38034553286049955,0.28513094061498123,0.25651515933425073,0.3517297515797691,0.05045043041259037,0.024593093200185667,0.20831269666188684,1.1625269651412964,1.1508437588214873,0.011683206319809125,9.2,9.2,trapezoid_from_zero_normalized_by_max_fraction
ton_iot_binary,45,rid_5ea40f633786dad901bf847b0c6c65bd,cnn,shap,conditional_gaussian_mean,conditional_on_retained_coordinates,deletion,0,BENIGN,True,0,BENIGN,0.9998172532505124,0.2694569837040035,50,0.38476355632492415,0.21307229374997128,0.24826136341206503,0.17169126257495287,0.1365021929128591,0.027782389550445222,0.014476578873689886,0.1433171679825207,1.3033407926559448,1.1238107607364654,0.17953003191947947,9.2,9.2,trapezoid_from_zero_normalized_by_max_fraction
ton_iot_binary,45,rid_ed91b9dad9a880f137c1a1cc5ca0bab3,cnn,shap,conditional_gaussian_mean,conditional_on_retained_coordinates,deletion,1,ATTACK,True,1,ATTACK,0.999950647354126,0.7303109169006348,50,0.5267828434705734,0.4545393833383969,0.22047050517052413,0.07224346013217645,0.3063123383000492,0.03246720733125819,0.01653118321968286,0.03984234102159804,1.3854161500930786,1.307954913854599,0.07746123623847967,9.2,9.2,trapezoid_from_zero_normalized_by_max_fraction
ton_iot_binary,45,rid_38e3c4472579dd1e721c4a5b11da6a05,cnn,shap,conditional_gaussian_mean,conditional_on_retained_coordinates,deletion,1,ATTACK,True,1,ATTACK,0.9995190501213074,0.7298793196678162,50,0.5217299766653013,0.37992948148864414,0.15404332117857553,0.14180049517665724,0.3676866554867258,0.041125107410139285,0.022867197504219866,0.09698078806838631,1.1602709293365479,1.2233199634552,-0.06304903411865226,9.2,9.2,trapezoid_from_zero_normalized_by_max_fraction
ton_iot_binary,45,rid_6a1d87d1ef5b9c1c597008251c5fc0de,cnn,shap,conditional_gaussian_mean,conditional_on_retained_coordinates,deletion,1,ATTACK,True,1,ATTACK,0.9980720281600952,0.728432297706604,50,0.8022457846440375,0.6166850339828678,0.318517684934096,0.1855607506611698,0.48372809970994146,0.04058645209316741,0.018679273522238728,0.1489493745575819,0.90907222032547,0.8892808386087416,0.01979138171672834,9.2,9.2,trapezoid_from_zero_normalized_by_max_fraction
ton_iot_binary,45,rid_79e31292c8ecdafc38b6f891deedd741,cnn,shap,conditional_gaussian_mean,conditional_on_retained_coordinates,deletion,0,BENIGN,True,0,BENIGN,0.9999995714524346,0.2696393019059258,50,0.10749680421742604,0.06050105127349238,0.06629197812607995,0.04699575294393365,0.04120482609134608,0.020930353409731976,0.011091206374905379,0.025256988449119108,3.022538661956787,1.9411333847045895,1.0814052772521976,9.2,9.2,trapezoid_from_zero_normalized_by_max_fraction
ton_iot_binary,45,rid_70c64531b38d7bcd15e3f26a52579812,cnn,shap,conditional_gaussian_mean,conditional_on_retained_coordinates,deletion,0,BENIGN,True,0,BENIGN,0.9999999999932282,0.2696397304467194,50,0.15837632319310316,0.18394531958152321,0.033287054259624804,-0.025568996388420057,0.12508926893347835,0.027194276589521997,0.017064764872453817,-0.059015935538429536,2.0181684494018555,1.974054301261902,0.0441141481399534,9.2,9.2,trapezoid_from_zero_normalized_by_max_fraction
ton_iot_binary,45,rid_0f10c3d89b68fbe7fa9ad016fc3f75fb,cnn,shap,conditional_gaussian_mean,conditional_on_retained_coordinates,insertion,1,ATTACK,True,1,ATTACK,0.9999850988388062,0.7303453683853149,50,0.7906781621277332,0.6868160096535667,0.38795807528670345,0.10386215247416658,0.4027200868410298,0.030268169956086163,0.01598444565646792,0.07253263898748946,0.3706740438938141,0.3002412910461426,0.07043275284767148,9.2,9.2,trapezoid_from_zero_normalized_by_max_fraction
ton_iot_binary,45,rid_4faa43b45b0feb9ed282cb62c680ce79,cnn,shap,conditional_gaussian_mean,conditional_on_retained_coordinates,insertion,0,BENIGN,True,0,BENIGN,0.9999365728945122,0.2695763033480034,50,-0.13662448562681676,-0.032692855765478326,-0.08133062570322125,-0.10393162986133844,-0.05529385992359552,0.027700935998918652,0.013865439046425402,-0.13110789039233223,0.2571811378002167,0.2009239664077759,0.05625717139244077,9.2,9.2,trapezoid_from_zero_normalized_by_max_fraction
ton_iot_binary,45,rid_5a33d161d8d10faa00b275ac9696f995,cnn,shap,conditional_gaussian_mean,conditional_on_retained_coordinates,insertion,0,BENIGN,True,0,BENIGN,0.9999943967886792,0.2696341272421705,50,-0.013481820193192107,0.02606255651553489,-0.037618748172676984,-0.03954437670872701,0.02413692797948487,0.0148599259210054,0.006906119823661928,-0.053080371563104384,0.23690755665302277,0.18878412802517414,0.04812342862784863,9.2,9.2,trapezoid_from_zero_normalized_by_max_fraction
ton_iot_binary,45,rid_0301c030c34c248a59d1f5dbe56e333d,cnn,shap,conditional_gaussian_mean,conditional_on_retained_coordinates,insertion,0,BENIGN,True,0,BENIGN,0.9998127672588452,0.2694524977123365,50,-0.06986422068148387,-0.08856035947595245,-0.11766969908931431,0.018696138794468617,0.047805478407830455,0.040287455395085076,0.01949422487192001,-0.019512541954494603,0.24802632629871368,0.18487303103506564,0.06315329526364805,9.2,9.2,trapezoid_from_zero_normalized_by_max_fraction
ton_iot_binary,45,rid_98596a0ff3e4526af3c7124ba788cb29,cnn,shap,conditional_gaussian_mean,conditional_on_retained_coordinates,insertion,1,ATTACK,True,1,ATTACK,0.9999735951423644,0.7303338646888732,50,0.8023011542856694,0.7564899587921394,0.4183025401986282,0.045811195493529897,0.3839986140870411,0.021559708900894856,0.012159629674956877,0.02197832133061442,0.435324490070343,0.3758286058008671,0.05949588426947594,9.2,9.2,trapezoid_from_zero_normalized_by_max_fraction
ton_iot_binary,45,rid_590cc55c691016a6ef7a0e5cb9e9b91f,cnn,shap,conditional_gaussian_mean,conditional_on_retained_coordinates,insertion,0,BENIGN,True,0,BENIGN,0.9999799844354128,0.2696197148889041,50,-0.059948743163840856,-0.032871889834354934,-0.0679730434941122,-0.027076853329485895,0.008024300330271364,0.024831526122401096,0.011892608718177976,-0.05038636641711473,0.19011290371418,0.16621925419569017,0.023893649518489823,9.2,9.2,trapezoid_from_zero_normalized_by_max_fraction
ton_iot_binary,45,rid_3788d66e0af8adb806de603d5e5bc5ae,cnn,shap,conditional_gaussian_mean,conditional_on_retained_coordinates,insertion,0,BENIGN,True,0,BENIGN,0.9999745750155852,0.2696143054690765,50,-0.05333112972293747,-0.04572497558851373,-0.08533000700202399,-0.007606154134423754,0.03199887727908651,0.031103860294990966,0.014628552629964455,-0.03627811728915409,0.2387915551662445,0.18515319353342055,0.053638361632823955,9.2,9.2,trapezoid_from_zero_normalized_by_max_fraction
ton_iot_binary,45,rid_25acb94433ea6154566bae082cbd458f,cnn,shap,conditional_gaussian_mean,conditional_on_retained_coordinates,insertion,1,ATTACK,True,1,ATTACK,0.9981740713119508,0.7285343408584596,50,-0.03472752005327493,0.10360581260364628,0.025548296808485887,-0.13833333265692122,-0.06027581686176081,0.039334867854534675,0.019760180057380946,-0.17706328556938788,1.1739137172698975,1.097717197179794,0.07619652009010336,9.2,9.2,trapezoid_from_zero_normalized_by_max_fraction
ton_iot_binary,45,rid_32173e5cffef88e090444250c06e9ee0,cnn,shap,conditional_gaussian_mean,conditional_on_retained_coordinates,insertion,1,ATTACK,True,1,ATTACK,0.9996188879013062,0.7299791574478149,50,0.39992197907995436,0.4647508874446177,0.16366306561184316,-0.06482890836466339,0.23625891346811118,0.04468387101953284,0.02285080796631984,-0.10961649197865028,1.188999891281128,1.2212109909057618,-0.032211099624633865,9.2,9.2,trapezoid_from_zero_normalized_by_max_fraction
ton_iot_binary,45,rid_c6e5ec8a4c2d0d638ba916a0400a760b,cnn,shap,conditional_gaussian_mean,conditional_on_retained_coordinates,insertion,1,ATTACK,True,1,ATTACK,0.9961732029914856,0.7265334725379944,50,0.39207444039639083,0.42921593727856133,0.08871342756711101,-0.03714149688217047,0.3033610128292799,0.043227700069031455,0.02427458098235826,-0.08471967560759266,1.1625269651412964,1.1508437588214873,0.011683206319809125,9.2,9.2,trapezoid_from_zero_normalized_by_max_fraction
ton_iot_binary,45,rid_5ea40f633786dad901bf847b0c6c65bd,cnn,shap,conditional_gaussian_mean,conditional_on_retained_coordinates,insertion,0,BENIGN,True,0,BENIGN,0.9998172532505124,0.2694569837040035,50,0.0982098600647483,0.03461283724745905,-0.16095444015484223,0.06359702281728925,0.2591643002195905,0.010819112796369657,0.008322212508570109,0.04728548630049184,1.3033407926559448,1.1238107607364654,0.17953003191947947,9.2,9.2,trapezoid_from_zero_normalized_by_max_fraction
ton_iot_binary,45,rid_ed91b9dad9a880f137c1a1cc5ca0bab3,cnn,shap,conditional_gaussian_mean,conditional_on_retained_coordinates,insertion,1,ATTACK,True,1,ATTACK,0.999950647354126,0.7303109169006348,50,0.35012544573983173,0.29450666764070044,0.16197568658422096,0.055618778099131294,0.1881497591556108,0.03239141221610373,0.017332194199270106,0.021647677468561888,1.3854161500930786,1.307954913854599,0.07746123623847967,9.2,9.2,trapezoid_from_zero_normalized_by_max_fraction
ton_iot_binary,45,rid_38e3c4472579dd1e721c4a5b11da6a05,cnn,shap,conditional_gaussian_mean,conditional_on_retained_coordinates,insertion,1,ATTACK,True,1,ATTACK,0.9995190501213074,0.7298793196678162,50,0.3865701452596113,0.4005093462022384,0.18029800353111158,-0.013939200942627072,0.20627214172849972,0.0472231188750048,0.024905365924763143,-0.06275371815516284,1.1602709293365479,1.2233199634552,-0.06304903411865226,9.2,9.2,trapezoid_from_zero_normalized_by_max_fraction
ton_iot_binary,45,rid_6a1d87d1ef5b9c1c597008251c5fc0de,cnn,shap,conditional_gaussian_mean,conditional_on_retained_coordinates,insertion,1,ATTACK,True,1,ATTACK,0.9980720281600952,0.728432297706604,50,0.40153006855398415,0.5089345234017069,0.11734295827504139,-0.10740445484772271,0.2841871102789428,0.04519336645102487,0.02231326165936714,-0.1511384477000823,0.90907222032547,0.8892808386087416,0.01979138171672834,9.2,9.2,trapezoid_from_zero_normalized_by_max_fraction
ton_iot_binary,45,rid_79e31292c8ecdafc38b6f891deedd741,cnn,shap,conditional_gaussian_mean,conditional_on_retained_coordinates,insertion,0,BENIGN,True,0,BENIGN,0.9999995714524346,0.2696393019059258,50,-0.15179262224365192,-0.07804753532982707,-0.14081606922229012,-0.07374508691382486,-0.010976553021361801,0.04082652472636085,0.02004145594904134,-0.1130263405739459,3.022538661956787,1.9411333847045895,1.0814052772521976,9.2,9.2,trapezoid_from_zero_normalized_by_max_fraction
ton_iot_binary,45,rid_70c64531b38d7bcd15e3f26a52579812,cnn,shap,conditional_gaussian_mean,conditional_on_retained_coordinates,insertion,0,BENIGN,True,0,BENIGN,0.9999999999932282,0.2696397304467194,50,0.09822833693397198,0.01801103524964842,-0.06336712878635324,0.08021730168432355,0.16159546572032524,0.019068250027989262,0.01165422295786823,0.05737502468690182,2.0181684494018555,1.974054301261902,0.0441141481399534,9.2,9.2,trapezoid_from_zero_normalized_by_max_fraction
ton_iot_binary,45,rid_0f10c3d89b68fbe7fa9ad016fc3f75fb,cnn,shap,conditional_gaussian_draw,conditional_on_retained_coordinates,deletion,1,ATTACK,True,1,ATTACK,0.9999850988388062,0.7303453683853149,10,0.6538324827632133,0.41701245349787497,0.2314012803146171,0.23682002926533832,0.4224312024485962,0.12663665728562518,0.06150807789844538,0.11626419658438537,0.3706740438938141,0.31072462528944017,0.059949418604373916,9.2,9.2,trapezoid_from_zero_normalized_by_max_fraction
ton_iot_binary,45,rid_4faa43b45b0feb9ed282cb62c680ce79,cnn,shap,conditional_gaussian_draw,conditional_on_retained_coordinates,deletion,0,BENIGN,True,0,BENIGN,0.9999365728945122,0.2695763033480034,10,0.008134828947030947,0.31197639691366763,0.23714682396261333,-0.30384156796663675,-0.2290119950155824,0.12312122126214811,0.060217924448496996,-0.42186869988569087,0.2571811378002167,0.1945910435914993,0.06259009420871736,9.2,9.2,trapezoid_from_zero_normalized_by_max_fraction
ton_iot_binary,45,rid_5a33d161d8d10faa00b275ac9696f995,cnn,shap,conditional_gaussian_draw,conditional_on_retained_coordinates,deletion,0,BENIGN,True,0,BENIGN,0.9999943967886792,0.2696341272421705,10,0.0029079265378868513,0.21814082577098592,0.20737594265034093,-0.21523289923309907,-0.20446801611245405,0.09739808493238378,0.056160303132710504,-0.3253070933732117,0.23690755665302277,0.17725426331162453,0.05965329334139824,9.2,9.2,trapezoid_from_zero_normalized_by_max_fraction
ton_iot_binary,45,rid_0301c030c34c248a59d1f5dbe56e333d,cnn,shap,conditional_gaussian_draw,conditional_on_retained_coordinates,deletion,0,BENIGN,True,0,BENIGN,0.9998127672588452,0.2694524977123365,10,0.028070772834296244,0.27661325406463655,0.22462341447384448,-0.2485424812303403,-0.19655264163954822,0.10799148392438215,0.05224298030256413,-0.350938722623366,0.24802632629871368,0.1707684963196516,0.07725782997906208,9.2,9.2,trapezoid_from_zero_normalized_by_max_fraction
ton_iot_binary,45,rid_98596a0ff3e4526af3c7124ba788cb29,cnn,shap,conditional_gaussian_draw,conditional_on_retained_coordinates,deletion,1,ATTACK,True,1,ATTACK,0.9999735951423644,0.7303338646888732,10,0.43810773236722295,0.4761710903929806,0.31861074114632626,-0.038063358025757596,0.11949699122089671,0.12729401410624583,0.061713741958684565,-0.15902229226477935,0.435324490070343,0.37096638888120653,0.06435810118913649,9.2,9.2,trapezoid_from_zero_normalized_by_max_fraction
ton_iot_binary,45,rid_590cc55c691016a6ef7a0e5cb9e9b91f,cnn,shap,conditional_gaussian_draw,conditional_on_retained_coordinates,deletion,0,BENIGN,True,0,BENIGN,0.9999799844354128,0.2696197148889041,10,0.08195240200921033,0.3297220925569648,0.20712579055633548,-0.2477696905477544,-0.12517338854712512,0.11926833745197718,0.057091082414986886,-0.3596682120811287,0.19011290371418,0.16466952845454214,0.025443375259637857,9.2,9.2,trapezoid_from_zero_normalized_by_max_fraction
ton_iot_binary,45,rid_3788d66e0af8adb806de603d5e5bc5ae,cnn,shap,conditional_gaussian_draw,conditional_on_retained_coordinates,deletion,0,BENIGN,True,0,BENIGN,0.9999745750155852,0.2696143054690765,10,0.061782592617873895,0.2422598801882407,0.2082291863602621,-0.1804772875703668,-0.14644659374238825,0.11149949139689451,0.05242633756241999,-0.28323290919271,0.2387915551662445,0.1755682997405529,0.0632232554256916,9.2,9.2,trapezoid_from_zero_normalized_by_max_fraction
ton_iot_binary,45,rid_25acb94433ea6154566bae082cbd458f,cnn,shap,conditional_gaussian_draw,conditional_on_retained_coordinates,deletion,1,ATTACK,True,1,ATTACK,0.9981740713119508,0.7285343408584596,10,0.3117831157054752,0.4650479833390967,0.4799066278821173,-0.15326486763362152,-0.16812351217664218,0.13245626456645124,0.06415008685279937,-0.27899903786510827,1.1739137172698975,1.09113924741745,0.08277446985244752,9.2,9.2,trapezoid_from_zero_normalized_by_max_fraction
ton_iot_binary,45,rid_32173e5cffef88e090444250c06e9ee0,cnn,shap,conditional_gaussian_draw,conditional_on_retained_coordinates,deletion,1,ATTACK,True,1,ATTACK,0.9996188879013062,0.7299791574478149,10,0.5228001147508621,0.43061009373050185,0.23514399964701627,0.09219002102036027,0.28765611510384587,0.1163715369799273,0.05941551728831468,-0.0242643928647365,1.188999891281128,1.2267252838611602,-0.03772539258003227,9.2,9.2,trapezoid_from_zero_normalized_by_max_fraction
ton_iot_binary,45,rid_c6e5ec8a4c2d0d638ba916a0400a760b,cnn,shap,conditional_gaussian_draw,conditional_on_retained_coordinates,deletion,1,ATTACK,True,1,ATTACK,0.9961732029914856,0.7265334725379944,10,0.42299717850983143,0.359258274200838,0.2947306584639591,0.06373890430899339,0.12826652004587233,0.10540719428211415,0.05234005976124615,-0.03884761282304906,1.1625269651412964,1.14504030585289,0.017486659288406425,9.2,9.2,trapezoid_from_zero_normalized_by_max_fraction
ton_iot_binary,45,rid_5ea40f633786dad901bf847b0c6c65bd,cnn,shap,conditional_gaussian_draw,conditional_on_retained_coordinates,deletion,0,BENIGN,True,0,BENIGN,0.9998172532505124,0.2694569837040035,10,0.5918124808784342,0.2461932006723665,0.19966531390217807,0.3456192802060677,0.39214716697625607,0.10916804404408353,0.05242926670624019,0.24285791746183694,1.3033407926559448,1.1779353594779969,0.12540543317794794,9.2,9.2,trapezoid_from_zero_normalized_by_max_fraction
ton_iot_binary,45,rid_ed91b9dad9a880f137c1a1cc5ca0bab3,cnn,shap,conditional_gaussian_draw,conditional_on_retained_coordinates,deletion,1,ATTACK,True,1,ATTACK,0.999950647354126,0.7303109169006348,10,0.36435758136212826,0.3899795615370337,0.32832942695324085,-0.02562198017490547,0.03602815440888746,0.09146096079821148,0.04652489017724173,-0.11681076492229925,1.3854161500930786,1.311712348461151,0.07370380163192758,9.2,9.2,trapezoid_from_zero_normalized_by_max_fraction
ton_iot_binary,45,rid_38e3c4472579dd1e721c4a5b11da6a05,cnn,shap,conditional_gaussian_draw,conditional_on_retained_coordinates,deletion,1,ATTACK,True,1,ATTACK,0.9995190501213074,0.7298793196678162,10,0.48739597699604925,0.39233206420205535,0.3067083428815386,0.09506391279399394,0.18068763411451072,0.08265108988635209,0.0519739024590903,-0.00680493602582305,1.1602709293365479,1.2129206526279448,-0.052649723291396944,9.2,9.2,trapezoid_from_zero_normalized_by_max_fraction
ton_iot_binary,45,rid_6a1d87d1ef5b9c1c597008251c5fc0de,cnn,shap,conditional_gaussian_draw,conditional_on_retained_coordinates,deletion,1,ATTACK,True,1,ATTACK,0.9980720281600952,0.728432297706604,10,0.7875300791114569,0.4768431746491114,0.3271659618596966,0.31068690446234537,0.4603641172517603,0.12086618876926825,0.05787290405964253,0.197256012505446,0.90907222032547,0.9027838814258574,0.0062883388996125555,9.2,9.2,trapezoid_from_zero_normalized_by_max_fraction
ton_iot_binary,45,rid_79e31292c8ecdafc38b6f891deedd741,cnn,shap,conditional_gaussian_draw,conditional_on_retained_coordinates,deletion,0,BENIGN,True,0,BENIGN,0.9999995714524346,0.2696393019059258,10,0.5000485595872034,0.21984401838270426,0.07937478396752486,0.28020454120449917,0.42067377561967856,0.09153291042590324,0.05554768744937708,0.1713310738037201,3.022538661956787,1.8571023035049437,1.1654363584518435,9.2,9.2,trapezoid_from_zero_normalized_by_max_fraction
ton_iot_binary,45,rid_70c64531b38d7bcd15e3f26a52579812,cnn,shap,conditional_gaussian_draw,conditional_on_retained_coordinates,deletion,0,BENIGN,True,0,BENIGN,0.9999999999932282,0.2696397304467194,10,0.0709359426932467,0.3020594663086066,0.038397884192622876,-0.23112352361535993,0.03253805850062381,0.09151441485126172,0.05508480731703802,-0.33908974595675445,2.0181684494018555,2.0024242973327633,0.015744152069092188,9.2,9.2,trapezoid_from_zero_normalized_by_max_fraction
ton_iot_binary,45,rid_0f10c3d89b68fbe7fa9ad016fc3f75fb,cnn,shap,conditional_gaussian_draw,conditional_on_retained_coordinates,insertion,1,ATTACK,True,1,ATTACK,0.9999850988388062,0.7303453683853149,10,0.2682658683974296,0.30067274931188903,0.27594728580689204,-0.032406880914459424,-0.007681417409462462,0.12379738160471132,0.06454662099459992,-0.15891825806387525,0.3706740438938141,0.31072462528944017,0.059949418604373916,9.2,9.2,trapezoid_from_zero_normalized_by_max_fraction
ton_iot_binary,45,rid_4faa43b45b0feb9ed282cb62c680ce79,cnn,shap,conditional_gaussian_draw,conditional_on_retained_coordinates,insertion,0,BENIGN,True,0,BENIGN,0.9999365728945122,0.2695763033480034,10,-0.06900815105473156,-0.23708889695736252,-0.29035609191384637,0.16808074590263092,0.2213479408591148,0.13684776896838333,0.06490737685546262,0.040862287265924196,0.2571811378002167,0.1945910435914993,0.06259009420871736,9.2,9.2,trapezoid_from_zero_normalized_by_max_fraction
ton_iot_binary,45,rid_5a33d161d8d10faa00b275ac9696f995,cnn,shap,conditional_gaussian_draw,conditional_on_retained_coordinates,insertion,0,BENIGN,True,0,BENIGN,0.9999943967886792,0.2696341272421705,10,-0.1459183215025231,-0.15959464403454443,-0.12297902684217246,0.013676322532021362,-0.022939294660350634,0.12320269897599616,0.05848575718140529,-0.10095576154353302,0.23690755665302277,0.17725426331162453,0.05965329334139824,9.2,9.2,trapezoid_from_zero_normalized_by_max_fraction
ton_iot_binary,45,rid_0301c030c34c248a59d1f5dbe56e333d,cnn,shap,conditional_gaussian_draw,conditional_on_retained_coordinates,insertion,0,BENIGN,True,0,BENIGN,0.9998127672588452,0.2694524977123365,10,-0.270178486162331,-0.2649207232777685,-0.26381109992524393,-0.00525776288456245,-0.006367386237087033,0.13060402223440626,0.06247388013709677,-0.12770656795327212,0.24802632629871368,0.1707684963196516,0.07725782997906208,9.2,9.2,trapezoid_from_zero_normalized_by_max_fraction
ton_iot_binary,45,rid_98596a0ff3e4526af3c7124ba788cb29,cnn,shap,conditional_gaussian_draw,conditional_on_retained_coordinates,insertion,1,ATTACK,True,1,ATTACK,0.9999735951423644,0.7303338646888732,10,0.5190747390966862,0.28717071736585853,0.2716575260527735,0.23190402173082766,0.24741721304391276,0.13587578582758586,0.06468719131757582,0.10511712674837906,0.435324490070343,0.37096638888120653,0.06435810118913649,9.2,9.2,trapezoid_from_zero_normalized_by_max_fraction
ton_iot_binary,45,rid_590cc55c691016a6ef7a0e5cb9e9b91f,cnn,shap,conditional_gaussian_draw,conditional_on_retained_coordinates,insertion,0,BENIGN,True,0,BENIGN,0.9999799844354128,0.2696197148889041,10,-0.8224740751087667,-0.3746613954834449,-0.3171116663133628,-0.4478126796253217,-0.5053624087954037,0.13990462570589995,0.066567189132083,-0.5782843703242043,0.19011290371418,0.16466952845454214,0.025443375259637857,9.2,9.2,trapezoid_from_zero_normalized_by_max_fraction
ton_iot_binary,45,rid_3788d66e0af8adb806de603d5e5bc5ae,cnn,shap,conditional_gaussian_draw,conditional_on_retained_coordinates,insertion,0,BENIGN,True,0,BENIGN,0.9999745750155852,0.2696143054690765,10,-0.18560857680628548,-0.21370243118768253,-0.25863469272246953,0.028093854381397068,0.07302611591618402,0.1085444728856004,0.0575388189856807,-0.08468223083053711,0.2387915551662445,0.1755682997405529,0.0632232554256916,9.2,9.2,trapezoid_from_zero_normalized_by_max_fraction
ton_iot_binary,45,rid_25acb94433ea6154566bae082cbd458f,cnn,shap,conditional_gaussian_draw,conditional_on_retained_coordinates,insertion,1,ATTACK,True,1,ATTACK,0.9981740713119508,0.7285343408584596,10,-0.09806500307925034,0.004596827530802509,0.15123586835512462,-0.10266183061005285,-0.24930087143437496,0.05078162108140678,0.03010482073040672,-0.16166727924165003,1.1739137172698975,1.09113924741745,0.08277446985244752,9.2,9.2,trapezoid_from_zero_normalized_by_max_fraction
ton_iot_binary,45,rid_32173e5cffef88e090444250c06e9ee0,cnn,shap,conditional_gaussian_draw,conditional_on_retained_coordinates,insertion,1,ATTACK,True,1,ATTACK,0.9996188879013062,0.7299791574478149,10,0.39658669278786207,0.24381609017346192,0.18893857206803838,0.15277060261440017,0.20764812071982375,0.13192264432894596,0.062411496374393326,0.03044406972058926,1.188999891281128,1.2267252838611602,-0.03772539258003227,9.2,9.2,trapezoid_from_zero_normalized_by_max_fraction
ton_iot_binary,45,rid_c6e5ec8a4c2d0d638ba916a0400a760b,cnn,shap,conditional_gaussian_draw,conditional_on_retained_coordinates,insertion,1,ATTACK,True,1,ATTACK,0.9961732029914856,0.7265334725379944,10,0.13810977725443083,0.27551553082026625,0.19588600973099515,-0.13740575356583543,-0.05777623247656431,0.1196660504944774,0.06484910433827051,-0.2645099980688456,1.1625269651412964,1.14504030585289,0.017486659288406425,9.2,9.2,trapezoid_from_zero_normalized_by_max_fraction
ton_iot_binary,45,rid_5ea40f633786dad901bf847b0c6c65bd,cnn,shap,conditional_gaussian_draw,conditional_on_retained_coordinates,insertion,0,BENIGN,True,0,BENIGN,0.9998172532505124,0.2694569837040035,10,0.09514833013075794,0.06966450439722499,-0.21660754520485306,0.025483825733532965,0.311755875335611,0.016479971390642435,0.013593586103413323,-0.0011596030291571476,1.3033407926559448,1.1779353594779969,0.12540543317794794,9.2,9.2,trapezoid_from_zero_normalized_by_max_fraction
ton_iot_binary,45,rid_ed91b9dad9a880f137c1a1cc5ca0bab3,cnn,shap,conditional_gaussian_draw,conditional_on_retained_coordinates,insertion,1,ATTACK,True,1,ATTACK,0.999950647354126,0.7303109169006348,10,0.5384410028292677,0.38179211943056035,0.24173326979022003,0.15664888339870742,0.2967077330390477,0.111659487033624,0.053595536471815974,0.05160163191394811,1.3854161500930786,1.311712348461151,0.07370380163192758,9.2,9.2,trapezoid_from_zero_normalized_by_max_fraction
ton_iot_binary,45,rid_38e3c4472579dd1e721c4a5b11da6a05,cnn,shap,conditional_gaussian_draw,conditional_on_retained_coordinates,insertion,1,ATTACK,True,1,ATTACK,0.9995190501213074,0.7298793196678162,10,0.3353007394004635,0.2371168617175764,0.2463084942335032,0.09818387768288711,0.0889922451669603,0.12724012494639456,0.06007329171990247,-0.019559774088121734,1.1602709293365479,1.2129206526279448,-0.052649723291396944,9.2,9.2,trapezoid_from_zero_normalized_by_max_fraction
ton_iot_binary,45,rid_6a1d87d1ef5b9c1c597008251c5fc0de,cnn,shap,conditional_gaussian_draw,conditional_on_retained_coordinates,insertion,1,ATTACK,True,1,ATTACK,0.9980720281600952,0.728432297706604,10,0.23504641606577933,0.4014811691199249,0.17492555491529432,-0.16643475305414554,0.06012086115048504,0.11484738393351529,0.0588999972520669,-0.28187874766819665,0.90907222032547,0.9027838814258574,0.0062883388996125555,9.2,9.2,trapezoid_from_zero_normalized_by_max_fraction
ton_iot_binary,45,rid_79e31292c8ecdafc38b6f891deedd741,cnn,shap,conditional_gaussian_draw,conditional_on_retained_coordinates,insertion,0,BENIGN,True,0,BENIGN,0.9999995714524346,0.2696393019059258,10,-0.14921355028839278,-0.14621722247780558,-0.14353896701611057,-0.00299632781058716,-0.005674583272282194,0.10959935415028857,0.05814098175961555,-0.11695265205943364,3.022538661956787,1.8571023035049437,1.1654363584518435,9.2,9.2,trapezoid_from_zero_normalized_by_max_fraction
ton_iot_binary,45,rid_70c64531b38d7bcd15e3f26a52579812,cnn,shap,conditional_gaussian_draw,conditional_on_retained_coordinates,insertion,0,BENIGN,True,0,BENIGN,0.9999999999932282,0.2696397304467194,10,0.09822850756535612,0.04313569109804807,-0.19203693752290477,0.055092816467308035,0.29026544508826085,0.03084091166172276,0.022022700363132006,0.011928323755569306,2.0181684494018555,2.0024242973327633,0.015744152069092188,9.2,9.2,trapezoid_from_zero_normalized_by_max_fraction
ton_iot_binary,45,rid_0f10c3d89b68fbe7fa9ad016fc3f75fb,cnn,shap,nearest_neighbour_donor,nonparametric_conditional,deletion,1,ATTACK,True,1,ATTACK,0.9999850988388062,0.7303453683853149,10,0.4832532927393913,0.1450017710030079,0.03867391228675843,0.33825152173638345,0.4445793804526329,0.06055843112566328,0.042856090098122315,0.2542535851440637,0.425081342458725,0.3139239527285099,0.11115738973021505,9.2,9.2,trapezoid_from_zero_normalized_by_max_fraction
ton_iot_binary,45,rid_4faa43b45b0feb9ed282cb62c680ce79,cnn,shap,nearest_neighbour_donor,nonparametric_conditional,deletion,0,BENIGN,True,0,BENIGN,0.9999365728945122,0.2695763033480034,10,0.0003289329596441348,0.00022203507282370083,9.697789816073055e-05,0.00010689788682043397,0.00023195506148340428,5.753840562293809e-05,3.0364555868788637e-05,4.7383357317608244e-05,0.2552318871021271,0.1560729779303074,0.09915890917181969,9.2,9.2,trapezoid_from_zero_normalized_by_max_fraction
ton_iot_binary,45,rid_5a33d161d8d10faa00b275ac9696f995,cnn,shap,nearest_neighbour_donor,nonparametric_conditional,deletion,0,BENIGN,True,0,BENIGN,0.9999943967886792,0.2696341272421705,10,0.0003861565357738073,8.664303212299273e-05,5.9103717319430864e-05,0.00029951350365081447,0.0003270528184543764,5.296178502262635e-05,2.7493606087398794e-05,0.00024562603571951283,0.1699484884738922,0.1327633125334978,0.037185175940394416,9.2,9.2,trapezoid_from_zero_normalized_by_max_fraction
ton_iot_binary,45,rid_0301c030c34c248a59d1f5dbe56e333d,cnn,shap,nearest_neighbour_donor,nonparametric_conditional,deletion,0,BENIGN,True,0,BENIGN,0.9998127672588452,0.2694524977123365,10,0.0002305515172338346,0.020089734746652536,6.6921093821292735e-06,-0.019859183229418702,0.00022385940785170534,0.02002201275193245,0.019987520959446843,-0.05903472430993451,0.18106724321842194,0.12770230155438184,0.0533649416640401,9.2,9.2,trapezoid_from_zero_normalized_by_max_fraction
ton_iot_binary,45,rid_98596a0ff3e4526af3c7124ba788cb29,cnn,shap,nearest_neighbour_donor,nonparametric_conditional,deletion,1,ATTACK,True,1,ATTACK,0.9999735951423644,0.7303338646888732,10,0.4832386031746864,0.1401455267518759,0.019337329268455508,0.34309307642281056,0.4639012739062309,0.09437888643094985,0.04919797159673825,0.2466650520932036,0.4897317886352539,0.3188203647732734,0.1709114238619805,9.2,9.2,trapezoid_from_zero_normalized_by_max_fraction
ton_iot_binary,45,rid_590cc55c691016a6ef7a0e5cb9e9b91f,cnn,shap,nearest_neighbour_donor,nonparametric_conditional,deletion,0,BENIGN,True,0,BENIGN,0.9999799844354128,0.2696197148889041,10,0.00037307052725736866,0.00012031214801481837,6.13201567057331e-05,0.0002527583792425503,0.00031175037055163556,5.760060473893743e-05,3.057764043409601e-05,0.00019282620399172211,0.16617752611637115,0.13823025733232497,0.027947268784046186,9.2,9.2,trapezoid_from_zero_normalized_by_max_fraction
ton_iot_binary,45,rid_3788d66e0af8adb806de603d5e5bc5ae,cnn,shap,nearest_neighbour_donor,nonparametric_conditional,deletion,0,BENIGN,True,0,BENIGN,0.9999745750155852,0.2696143054690765,10,0.0005255008168205677,0.00020039264419210667,0.00021360991219808057,0.000325108172628461,0.00031189090462248716,9.56772655206838e-05,4.644168716909341e-05,0.00023408246577703794,0.17183247208595276,0.13085359074175357,0.04097888134419919,9.2,9.2,trapezoid_from_zero_normalized_by_max_fraction
ton_iot_binary,45,rid_25acb94433ea6154566bae082cbd458f,cnn,shap,nearest_neighbour_donor,nonparametric_conditional,deletion,1,ATTACK,True,1,ATTACK,0.9981740713119508,0.7285343408584596,10,0.24615769684314726,0.3338373137835879,0.15492150841047989,-0.08767961694044064,0.09123618843266737,0.07681543679588812,0.041353249201021146,-0.1687319853744421,1.16141939163208,1.072951910495758,0.08846748113632197,9.2,9.2,trapezoid_from_zero_normalized_by_max_fraction
ton_iot_binary,45,rid_32173e5cffef88e090444250c06e9ee0,cnn,shap,nearest_neighbour_donor,nonparametric_conditional,deletion,1,ATTACK,True,1,ATTACK,0.9996188879013062,0.7299791574478149,10,0.8496697559933011,0.23126595491476293,0.4198490988416459,0.6184038010785382,0.4298206571516552,0.11421912385241223,0.05602058295194635,0.5086034584927234,1.216204285621643,1.2280265939235686,-0.011822308301925544,9.2,9.2,trapezoid_from_zero_normalized_by_max_fraction
ton_iot_binary,45,rid_c6e5ec8a4c2d0d638ba916a0400a760b,cnn,shap,nearest_neighbour_donor,nonparametric_conditional,deletion,1,ATTACK,True,1,ATTACK,0.9961732029914856,0.7265334725379944,10,0.5371926209889353,0.19619500018423425,0.068019839823246,0.340997620804701,0.4691727811656892,0.07022752259943245,0.04171285486658434,0.2592404252661957,1.1888413429260254,1.1846054446697236,0.004235898256301773,9.2,9.2,trapezoid_from_zero_normalized_by_max_fraction
ton_iot_binary,45,rid_5ea40f633786dad901bf847b0c6c65bd,cnn,shap,nearest_neighbour_donor,nonparametric_conditional,deletion,0,BENIGN,True,0,BENIGN,0.9998172532505124,0.2694569837040035,10,0.4529839873051969,0.6692338956067396,0.028212917060373002,-0.21624990830154275,0.4247710702448239,0.022742788211469057,0.016794144310823475,-0.24916643115075676,1.398544430732727,1.2377968788146974,0.1607475519180297,9.2,9.2,trapezoid_from_zero_normalized_by_max_fraction
ton_iot_binary,45,rid_ed91b9dad9a880f137c1a1cc5ca0bab3,cnn,shap,nearest_neighbour_donor,nonparametric_conditional,deletion,1,ATTACK,True,1,ATTACK,0.999950647354126,0.7303109169006348,10,0.5256146151572465,0.5159294915600913,0.27657067574647953,0.009685123597155329,0.24904393941076708,0.09106746037841164,0.043652272003672325,-0.07587332953004243,1.4522826671600342,1.3213218557834625,0.13096081137657167,9.2,9.2,trapezoid_from_zero_normalized_by_max_fraction
ton_iot_binary,45,rid_38e3c4472579dd1e721c4a5b11da6a05,cnn,shap,nearest_neighbour_donor,nonparametric_conditional,deletion,1,ATTACK,True,1,ATTACK,0.9995190501213074,0.7298793196678162,10,0.8525357883055691,0.1576146990007328,0.25614904909175323,0.6949210893048363,0.5963867392138159,0.0909070191052065,0.04815112351737415,0.600544887210783,1.1988710165023804,1.2383401107788086,-0.039469094276428196,9.2,9.2,trapezoid_from_zero_normalized_by_max_fraction
ton_iot_binary,45,rid_6a1d87d1ef5b9c1c597008251c5fc0de,cnn,shap,nearest_neighbour_donor,nonparametric_conditional,deletion,1,ATTACK,True,1,ATTACK,0.9980720281600952,0.728432297706604,10,0.6420381277799606,0.35996891584480184,0.214310077726841,0.2820692119351588,0.4277280500531197,0.12584223432437305,0.061100697101937475,0.16231184561536138,0.9466449618339539,0.8955223912000656,0.051122570633888254,9.2,9.2,trapezoid_from_zero_normalized_by_max_fraction
ton_iot_binary,45,rid_79e31292c8ecdafc38b6f891deedd741,cnn,shap,nearest_neighbour_donor,nonparametric_conditional,deletion,0,BENIGN,True,0,BENIGN,0.9999995714524346,0.2696393019059258,10,0.3944805019572527,0.23469001734436906,5.949935702343145e-05,0.15979048461288367,0.3944210026002293,0.0753363524455196,0.04477258827098342,0.07203621160175618,3.0270018577575684,1.9062043499946597,1.1207975077629087,9.2,9.2,trapezoid_from_zero_normalized_by_max_fraction
ton_iot_binary,45,rid_70c64531b38d7bcd15e3f26a52579812,cnn,shap,nearest_neighbour_donor,nonparametric_conditional,deletion,0,BENIGN,True,0,BENIGN,0.9999999999932282,0.2696397304467194,10,0.1265042075806321,0.06011812574458601,0.0023849212042012457,0.06638608183604609,0.12411928637643085,0.04066634899779473,0.029190587913903724,0.009172529524794797,2.0422418117523193,2.066986811161041,-0.024744999408721657,9.2,9.2,trapezoid_from_zero_normalized_by_max_fraction
ton_iot_binary,45,rid_0f10c3d89b68fbe7fa9ad016fc3f75fb,cnn,shap,nearest_neighbour_donor,nonparametric_conditional,insertion,1,ATTACK,True,1,ATTACK,0.9999850988388062,0.7303453683853149,10,0.8944939894601702,0.816151850131655,0.4161173881107197,0.07834213932851525,0.4783766013494506,0.0454425612135463,0.033331251846506704,0.013012885709362113,0.425081342458725,0.3139239527285099,0.11115738973021505,9.2,9.2,trapezoid_from_zero_normalized_by_max_fraction
ton_iot_binary,45,rid_4faa43b45b0feb9ed282cb62c680ce79,cnn,shap,nearest_neighbour_donor,nonparametric_conditional,insertion,0,BENIGN,True,0,BENIGN,0.9999365728945122,0.2695763033480034,10,0.055327928625774805,0.0552329535758463,0.05509274427429886,9.497504992850707e-05,0.00023518435147593697,7.441932791043499e-05,3.916439673249964e-05,1.8212832332807773e-05,0.2552318871021271,0.1560729779303074,0.09915890917181969,9.2,9.2,trapezoid_from_zero_normalized_by_max_fraction
ton_iot_binary,45,rid_5a33d161d8d10faa00b275ac9696f995,cnn,shap,nearest_neighbour_donor,nonparametric_conditional,insertion,0,BENIGN,True,0,BENIGN,0.9999943967886792,0.2696341272421705,10,0.055426842316728654,-0.04465639738019263,-0.044801074868466906,0.10008323969692128,0.10022791718519555,0.06999068467367815,0.04581116514571656,0.010293356011316826,0.1699484884738922,0.1327633125334978,0.037185175940394416,9.2,9.2,trapezoid_from_zero_normalized_by_max_fraction
ton_iot_binary,45,rid_0301c030c34c248a59d1f5dbe56e333d,cnn,shap,nearest_neighbour_donor,nonparametric_conditional,insertion,0,BENIGN,True,0,BENIGN,0.9998127672588452,0.2694524977123365,10,0.05527470600864035,-0.06474361623299842,-0.03486519781459492,0.12001832224163878,0.09013990382323528,0.07580839772078218,0.05097030129451172,0.0201165317043958,0.18106724321842194,0.12770230155438184,0.0533649416640401,9.2,9.2,trapezoid_from_zero_normalized_by_max_fraction
ton_iot_binary,45,rid_98596a0ff3e4526af3c7124ba788cb29,cnn,shap,nearest_neighbour_donor,nonparametric_conditional,insertion,1,ATTACK,True,1,ATTACK,0.9999735951423644,0.7303338646888732,10,0.8944858742877841,0.7723401372152967,0.4465658733692726,0.12214573707248749,0.44792000091851153,0.035264799374421535,0.02573627242909772,0.07170264311145597,0.4897317886352539,0.3188203647732734,0.1709114238619805,9.2,9.2,trapezoid_from_zero_normalized_by_max_fraction
ton_iot_binary,45,rid_590cc55c691016a6ef7a0e5cb9e9b91f,cnn,shap,nearest_neighbour_donor,nonparametric_conditional,insertion,0,BENIGN,True,0,BENIGN,0.9999799844354128,0.2696197148889041,10,0.055418718202190576,-0.07961675713445403,-0.004808718754457,0.1350354753366446,0.06022743695664757,0.09289205019254348,0.04809183026981384,0.04077548800780946,0.16617752611637115,0.13823025733232497,0.027947268784046186,9.2,9.2,trapezoid_from_zero_normalized_by_max_fraction
ton_iot_binary,45,rid_3788d66e0af8adb806de603d5e5bc5ae,cnn,shap,nearest_neighbour_donor,nonparametric_conditional,insertion,0,BENIGN,True,0,BENIGN,0.9999745750155852,0.2696143054690765,10,0.055412232567323375,0.05494202222184867,0.05505754321181712,0.0004702103454746993,0.00035468935550625295,0.00011571210219397257,5.453045046205774e-05,0.0003633306625690661,0.17183247208595276,0.13085359074175357,0.04097888134419919,9.2,9.2,trapezoid_from_zero_normalized_by_max_fraction
ton_iot_binary,45,rid_25acb94433ea6154566bae082cbd458f,cnn,shap,nearest_neighbour_donor,nonparametric_conditional,insertion,1,ATTACK,True,1,ATTACK,0.9981740713119508,0.7285343408584596,10,0.6272742420887716,0.5320535419833576,0.20172611846721972,0.09522070010541403,0.4255481236215519,0.06916535305425513,0.035625188052830735,0.025395331521865794,1.16141939163208,1.072951910495758,0.08846748113632197,9.2,9.2,trapezoid_from_zero_normalized_by_max_fraction
ton_iot_binary,45,rid_32173e5cffef88e090444250c06e9ee0,cnn,shap,nearest_neighbour_donor,nonparametric_conditional,insertion,1,ATTACK,True,1,ATTACK,0.9996188879013062,0.7299791574478149,10,0.8283747656270861,0.3081744614466271,0.5706729219967156,0.5202003041804591,0.2577018436303705,0.12942515281983036,0.06329426651144794,0.3961435418180212,1.216204285621643,1.2280265939235686,-0.011822308301925544,9.2,9.2,trapezoid_from_zero_normalized_by_max_fraction
ton_iot_binary,45,rid_c6e5ec8a4c2d0d638ba916a0400a760b,cnn,shap,nearest_neighbour_donor,nonparametric_conditional,insertion,1,ATTACK,True,1,ATTACK,0.9961732029914856,0.7265334725379944,10,0.8579928411170841,0.7240915940510995,0.5908762297968011,0.1339012470659845,0.26711661132028297,0.06201901695585333,0.02925680253098948,0.07655791410524512,1.1888413429260254,1.1846054446697236,0.004235898256301773,9.2,9.2,trapezoid_from_zero_normalized_by_max_fraction
ton_iot_binary,45,rid_5ea40f633786dad901bf847b0c6c65bd,cnn,shap,nearest_neighbour_donor,nonparametric_conditional,insertion,0,BENIGN,True,0,BENIGN,0.9998172532505124,0.2694569837040035,10,0.05506781628259319,0.02320138605661825,-0.20553593014583385,0.03186643022597495,0.260603746428427,0.025516093294437894,0.018573860550118747,-0.004538336452257798,1.398544430732727,1.2377968788146974,0.1607475519180297,9.2,9.2,trapezoid_from_zero_normalized_by_max_fraction
ton_iot_binary,45,rid_ed91b9dad9a880f137c1a1cc5ca0bab3,cnn,shap,nearest_neighbour_donor,nonparametric_conditional,insertion,1,ATTACK,True,1,ATTACK,0.999950647354126,0.7303109169006348,10,0.6413420293349958,0.6163607029772651,0.258645931931282,0.024981326357730614,0.3826960974037138,0.06310623726966454,0.03646799202053746,-0.04649593800252281,1.4522826671600342,1.3213218557834625,0.13096081137657167,9.2,9.2,trapezoid_from_zero_normalized_by_max_fraction
ton_iot_binary,45,rid_38e3c4472579dd1e721c4a5b11da6a05,cnn,shap,nearest_neighbour_donor,nonparametric_conditional,insertion,1,ATTACK,True,1,ATTACK,0.9995190501213074,0.7298793196678162,10,0.8291842622682453,0.41286302216035553,0.6136140825540863,0.41632124010788973,0.21557017971415887,0.1272923025448109,0.060508188787917756,0.2977251900835709,1.1988710165023804,1.2383401107788086,-0.039469094276428196,9.2,9.2,trapezoid_from_zero_normalized_by_max_fraction
ton_iot_binary,45,rid_6a1d87d1ef5b9c1c597008251c5fc0de,cnn,shap,nearest_neighbour_donor,nonparametric_conditional,insertion,1,ATTACK,True,1,ATTACK,0.9980720281600952,0.728432297706604,10,0.5424633948105161,0.35036399964499465,0.2615497335188739,0.19209939516552146,0.2809136612916422,0.12680965990221546,0.061948905372902374,0.07067954063463282,0.9466449618339539,0.8955223912000656,0.051122570633888254,9.2,9.2,trapezoid_from_zero_normalized_by_max_fraction
ton_iot_binary,45,rid_79e31292c8ecdafc38b6f891deedd741,cnn,shap,nearest_neighbour_donor,nonparametric_conditional,insertion,0,BENIGN,True,0,BENIGN,0.9999995714524346,0.2696393019059258,10,0.055477709987050615,0.03713693206030891,-0.05900585284268273,0.01834077792674171,0.11448356282973335,0.012179800355004452,0.012143912557186668,-0.0054612906853441605,3.0270018577575684,1.9062043499946597,1.1207975077629087,9.2,9.2,trapezoid_from_zero_normalized_by_max_fraction
ton_iot_binary,45,rid_70c64531b38d7bcd15e3f26a52579812,cnn,shap,nearest_neighbour_donor,nonparametric_conditional,insertion,0,BENIGN,True,0,BENIGN,0.9999999999932282,0.2696397304467194,10,0.05548995297996064,0.05548572257360679,-0.10412860615990356,4.230406353859795e-06,0.15961855913986422,3.5157665122377227e-06,2.056597681595137e-06,1.994748979333264e-07,2.0422418117523193,2.066986811161041,-0.024744999408721657,9.2,9.2,trapezoid_from_zero_normalized_by_max_fraction
ton_iot_binary,45,rid_0f10c3d89b68fbe7fa9ad016fc3f75fb,cnn,shap,correlation_group_median,group_wise,deletion,1,ATTACK,True,1,ATTACK,0.9999850988388062,0.7303453683853149,50,0.902032419032912,0.8287360778629081,0.3219264121174711,0.07329634117000387,0.5801060069154409,0.007875237547873165,0.006595530758427869,0.06036910088348525,0.3816136419773102,0.5872639421224595,-0.2056503001451493,16.0,13.095999999999998,trapezoid_from_zero_normalized_by_max_fraction
ton_iot_binary,45,rid_4faa43b45b0feb9ed282cb62c680ce79,cnn,shap,correlation_group_median,group_wise,deletion,0,BENIGN,True,0,BENIGN,0.9999365728945122,0.2695763033480034,50,0.0429918037927564,0.0919364119633974,0.07851296720897187,-0.04894460817064101,-0.03552116341621547,0.008740181964038862,0.004300115986258027,-0.05737283550370674,0.35534512996673584,0.37071933698654175,-0.015374207019805908,13.8,11.468,trapezoid_from_zero_normalized_by_max_fraction
ton_iot_binary,45,rid_5a33d161d8d10faa00b275ac9696f995,cnn,shap,correlation_group_median,group_wise,deletion,0,BENIGN,True,0,BENIGN,0.9999943967886792,0.2696341272421705,50,0.04559387797546606,0.07096870019786639,0.02267843600903416,-0.025374822222400326,0.0229154419664319,0.004457738705982034,0.0022149005237711242,-0.02971602724899173,0.20280814170837402,0.3034396960660815,-0.10063155435770749,14.2,11.732,trapezoid_from_zero_normalized_by_max_fraction
ton_iot_binary,45,rid_0301c030c34c248a59d1f5dbe56e333d,cnn,shap,correlation_group_median,group_wise,deletion,0,BENIGN,True,0,BENIGN,0.9998127672588452,0.2694524977123365,50,0.048099114566139176,0.07584872727948824,0.03313784131821012,-0.02774961271334905,0.014961273247929056,0.0050504614354856155,0.0024093352510914426,-0.03247190980548828,0.17072203755378723,0.2282345333434641,-0.057512495789676876,14.2,11.724,trapezoid_from_zero_normalized_by_max_fraction
ton_iot_binary,45,rid_98596a0ff3e4526af3c7124ba788cb29,cnn,shap,correlation_group_median,group_wise,deletion,1,ATTACK,True,1,ATTACK,0.9999735951423644,0.7303338646888732,50,0.9020191994968627,0.8298679889842315,0.41457219926614197,0.07215121051263122,0.48744700023072074,0.007637392349864418,0.006368683229252794,0.05966859138329575,0.4097197949886322,0.6219152712225913,-0.21219547623395907,16.0,13.088,trapezoid_from_zero_normalized_by_max_fraction
ton_iot_binary,45,rid_590cc55c691016a6ef7a0e5cb9e9b91f,cnn,shap,correlation_group_median,group_wise,deletion,0,BENIGN,True,0,BENIGN,0.9999799844354128,0.2696197148889041,50,0.041538739603583966,0.07298883394465155,0.033690962726188906,-0.031450094341067596,0.007847776877395064,0.004812438063888579,0.0023146614731891857,-0.0359868308285184,0.19328182935714722,0.24417674975097178,-0.050894920393824566,14.2,11.652,trapezoid_from_zero_normalized_by_max_fraction
ton_iot_binary,45,rid_3788d66e0af8adb806de603d5e5bc5ae,cnn,shap,correlation_group_median,group_wise,deletion,0,BENIGN,True,0,BENIGN,0.9999745750155852,0.2696143054690765,50,0.0458442331068909,0.07328744572036885,0.02426171671035536,-0.027443212613477957,0.021582516396535537,0.004430039008973818,0.0021916985070258416,-0.031738941687248605,0.1694682091474533,0.22460258921235804,-0.05513438006490473,14.2,11.488,trapezoid_from_zero_normalized_by_max_fraction
ton_iot_binary,45,rid_25acb94433ea6154566bae082cbd458f,cnn,shap,correlation_group_median,group_wise,deletion,1,ATTACK,True,1,ATTACK,0.9981740713119508,0.7285343408584596,50,0.8771386926993728,0.7090729830979081,0.3217816899779182,0.1680657096014647,0.5553570027214546,0.027540029197042796,0.014535382034532656,0.1395763608137807,0.9339946508407593,0.7350058736801148,0.19898877716064445,14.2,12.232,trapezoid_from_zero_normalized_by_max_fraction
ton_iot_binary,45,rid_32173e5cffef88e090444250c06e9ee0,cnn,shap,correlation_group_median,group_wise,deletion,1,ATTACK,True,1,ATTACK,0.9996188879013062,0.7299791574478149,50,0.8034125852245304,0.28200361813369773,0.2653922584740446,0.5214089670908326,0.5380203267504857,0.03705431108556682,0.0200303800022818,0.48214942228636026,0.958442211151123,0.8364318490028382,0.12201036214828487,13.8,11.92,trapezoid_from_zero_normalized_by_max_fraction
ton_iot_binary,45,rid_c6e5ec8a4c2d0d638ba916a0400a760b,cnn,shap,correlation_group_median,group_wise,deletion,1,ATTACK,True,1,ATTACK,0.9961732029914856,0.7265334725379944,50,0.8682143656311382,0.24862414386065576,0.3754692901400853,0.6195902217704825,0.49274507549105284,0.037446987224443395,0.020077806940627625,0.5802377201668524,0.9213007092475891,0.7148959700167178,0.20640473923087133,13.8,11.464,trapezoid_from_zero_normalized_by_max_fraction
ton_iot_binary,45,rid_5ea40f633786dad901bf847b0c6c65bd,cnn,shap,correlation_group_median,group_wise,deletion,0,BENIGN,True,0,BENIGN,0.9998172532505124,0.2694569837040035,50,0.24186409440299034,0.36897677057643885,0.35260425611384205,-0.12711267617344854,-0.1107401617108517,0.03524762412007142,0.016576942641239413,-0.15960348375027777,1.4073474407196045,1.6477852797508241,-0.24043783903121962,13.6,11.64,trapezoid_from_zero_normalized_by_max_fraction
ton_iot_binary,45,rid_ed91b9dad9a880f137c1a1cc5ca0bab3,cnn,shap,correlation_group_median,group_wise,deletion,1,ATTACK,True,1,ATTACK,0.999950647354126,0.7303109169006348,50,0.5456740794703364,0.5113915955722332,0.23206605351206144,0.03428248389810323,0.31360802595827497,0.003950684816292877,0.003504994900879948,0.027412693892378534,1.3722045421600342,1.3642553012371064,0.007949240922927814,12.6,11.488,trapezoid_from_zero_normalized_by_max_fraction
ton_iot_binary,45,rid_38e3c4472579dd1e721c4a5b11da6a05,cnn,shap,correlation_group_median,group_wise,deletion,1,ATTACK,True,1,ATTACK,0.9995190501213074,0.7298793196678162,50,0.826903213380993,0.2612065899435484,0.33907277179622575,0.5656966234374445,0.4878304415847671,0.03630365790529254,0.019028535403120155,0.528400694047329,0.9728900194168091,0.8734936008453369,0.09939641857147219,13.8,12.644000000000002,trapezoid_from_zero_normalized_by_max_fraction
ton_iot_binary,45,rid_6a1d87d1ef5b9c1c597008251c5fc0de,cnn,shap,correlation_group_median,group_wise,deletion,1,ATTACK,True,1,ATTACK,0.9980720281600952,0.728432297706604,50,0.6157182635739445,0.4111068948209286,0.28061429242509983,0.204611368753016,0.3351039711488447,0.029352698192986994,0.01596373619113006,0.1733224458184011,0.6795307397842407,0.5410803125202654,0.13845042726397527,13.0,11.276,trapezoid_from_zero_normalized_by_max_fraction
ton_iot_binary,45,rid_79e31292c8ecdafc38b6f891deedd741,cnn,shap,correlation_group_median,group_wise,deletion,0,BENIGN,True,0,BENIGN,0.9999995714524346,0.2696393019059258,50,0.05974486020474807,0.017941594290011062,0.10672851490744167,0.04180326591473701,-0.0469836547026936,0.006695123516325847,0.0037221952297488447,0.034507763264429274,1.6735360622406006,1.480864657640457,0.19267140460014365,15.2,13.851999999999999,trapezoid_from_zero_normalized_by_max_fraction
ton_iot_binary,45,rid_70c64531b38d7bcd15e3f26a52579812,cnn,shap,correlation_group_median,group_wise,deletion,0,BENIGN,True,0,BENIGN,0.9999999999932282,0.2696397304467194,50,0.0938534492562455,0.19912285312976669,0.12717514425249205,-0.10526940387352118,-0.03332169499624653,0.04025445191905311,0.01882146323322489,-0.14215947181064198,1.6209605932235718,1.3665750608444214,0.2543855323791504,14.2,11.436,trapezoid_from_zero_normalized_by_max_fraction
ton_iot_binary,45,rid_0f10c3d89b68fbe7fa9ad016fc3f75fb,cnn,shap,correlation_group_median,group_wise,insertion,1,ATTACK,True,1,ATTACK,0.9999850988388062,0.7303453683853149,50,0.9008701583370566,0.8652619064759274,0.44813031451513863,0.035608251861129266,0.45273984382191795,0.006045982392334623,0.006045750921684923,0.02375858005462682,0.3816136419773102,0.5872639421224595,-0.2056503001451493,16.0,13.095999999999998,trapezoid_from_zero_normalized_by_max_fraction
ton_iot_binary,45,rid_4faa43b45b0feb9ed282cb62c680ce79,cnn,shap,correlation_group_median,group_wise,insertion,0,BENIGN,True,0,BENIGN,0.9999365728945122,0.2695763033480034,50,0.04882750662509352,0.03646918691317552,-0.00986523675293631,0.012358319711918,0.058692743378029835,0.0032760571540482774,0.00237057236187307,0.007711997882646782,0.35534512996673584,0.37071933698654175,-0.015374207019805908,13.8,11.468,trapezoid_from_zero_normalized_by_max_fraction
ton_iot_binary,45,rid_5a33d161d8d10faa00b275ac9696f995,cnn,shap,correlation_group_median,group_wise,insertion,0,BENIGN,True,0,BENIGN,0.9999943967886792,0.2696341272421705,50,0.049022724325254785,0.044366866466741844,0.02188244867135836,0.004655857858512947,0.027140275653896425,0.0007565570257699694,0.0006382177535519868,0.0034049510615510523,0.20280814170837402,0.3034396960660815,-0.10063155435770749,14.2,11.732,trapezoid_from_zero_normalized_by_max_fraction
ton_iot_binary,45,rid_0301c030c34c248a59d1f5dbe56e333d,cnn,shap,correlation_group_median,group_wise,insertion,0,BENIGN,True,0,BENIGN,0.9998127672588452,0.2694524977123365,50,0.04885896529594902,0.041069445821485716,0.010034222007299832,0.0077895194744633045,0.03882474328864919,0.001174129627115752,0.0008573601117007219,0.00610909365552989,0.17072203755378723,0.2282345333434641,-0.057512495789676876,14.2,11.724,trapezoid_from_zero_normalized_by_max_fraction
ton_iot_binary,45,rid_98596a0ff3e4526af3c7124ba788cb29,cnn,shap,correlation_group_median,group_wise,insertion,1,ATTACK,True,1,ATTACK,0.9999735951423644,0.7303338646888732,50,0.9008597752079368,0.8684548233738424,0.5439973138004115,0.03240495183409439,0.3568624614075252,0.006029055253278311,0.006028622100425505,0.020588852517260402,0.4097197949886322,0.6219152712225913,-0.21219547623395907,16.0,13.088,trapezoid_from_zero_normalized_by_max_fraction
ton_iot_binary,45,rid_590cc55c691016a6ef7a0e5cb9e9b91f,cnn,shap,correlation_group_median,group_wise,insertion,0,BENIGN,True,0,BENIGN,0.9999799844354128,0.2696197148889041,50,0.048980023071271715,0.04453665898690724,0.020898053589956816,0.004443364084364474,0.0280819694813149,0.0008618101744598869,0.0006387594145192308,0.0031913956319067813,0.19328182935714722,0.24417674975097178,-0.050894920393824566,14.2,11.652,trapezoid_from_zero_normalized_by_max_fraction
ton_iot_binary,45,rid_3788d66e0af8adb806de603d5e5bc5ae,cnn,shap,correlation_group_median,group_wise,insertion,0,BENIGN,True,0,BENIGN,0.9999745750155852,0.2696143054690765,50,0.049005445428792885,0.04357171314121296,0.022265479938512727,0.005433732287579916,0.026739965490280158,0.0007710957876442196,0.0006031766601923894,0.004251506033602833,0.1694682091474533,0.22460258921235804,-0.05513438006490473,14.2,11.488,trapezoid_from_zero_normalized_by_max_fraction
ton_iot_binary,45,rid_25acb94433ea6154566bae082cbd458f,cnn,shap,correlation_group_median,group_wise,insertion,1,ATTACK,True,1,ATTACK,0.9981740713119508,0.7285343408584596,50,0.8993630340322852,0.8885005321130157,0.6142067459152749,0.010862501919269556,0.28515628811701027,0.0022938145217513183,0.001704532777206329,0.007521617675945152,0.9339946508407593,0.7350058736801148,0.19898877716064445,14.2,12.232,trapezoid_from_zero_normalized_by_max_fraction
ton_iot_binary,45,rid_32173e5cffef88e090444250c06e9ee0,cnn,shap,correlation_group_median,group_wise,insertion,1,ATTACK,True,1,ATTACK,0.9996188879013062,0.7299791574478149,50,0.5528284912928939,0.651895602145763,0.6047433504965843,-0.0990671108528691,-0.051914859203690454,0.03473711918024258,0.017824101619432764,-0.13400235002695732,0.958442211151123,0.8364318490028382,0.12201036214828487,13.8,11.92,trapezoid_from_zero_normalized_by_max_fraction
ton_iot_binary,45,rid_c6e5ec8a4c2d0d638ba916a0400a760b,cnn,shap,correlation_group_median,group_wise,insertion,1,ATTACK,True,1,ATTACK,0.9961732029914856,0.7265334725379944,50,0.5547220399603248,0.6768390245014853,0.5272953325966478,-0.12211698454116046,0.02742670736367693,0.033346506526311825,0.016090960870924816,-0.1536552678481731,0.9213007092475891,0.7148959700167178,0.20640473923087133,13.8,11.464,trapezoid_from_zero_normalized_by_max_fraction
ton_iot_binary,45,rid_5ea40f633786dad901bf847b0c6c65bd,cnn,shap,correlation_group_median,group_wise,insertion,0,BENIGN,True,0,BENIGN,0.9998172532505124,0.2694569837040035,50,0.021693525914452033,-0.026550350160003296,-0.2910551770926557,0.048243876074455336,0.31274870300710766,0.010845884975414348,0.007810629640927074,0.03293504197823827,1.4073474407196045,1.6477852797508241,-0.24043783903121962,13.6,11.64,trapezoid_from_zero_normalized_by_max_fraction
ton_iot_binary,45,rid_ed91b9dad9a880f137c1a1cc5ca0bab3,cnn,shap,correlation_group_median,group_wise,insertion,1,ATTACK,True,1,ATTACK,0.999950647354126,0.7303109169006348,50,0.8982205649837851,0.8384809263572097,0.5994498289232526,0.059739638626575456,0.2987707360605326,0.009805856944556835,0.006701452027352797,0.046604792652963974,1.3722045421600342,1.3642553012371064,0.007949240922927814,12.6,11.488,trapezoid_from_zero_normalized_by_max_fraction
ton_iot_binary,45,rid_38e3c4472579dd1e721c4a5b11da6a05,cnn,shap,correlation_group_median,group_wise,insertion,1,ATTACK,True,1,ATTACK,0.9995190501213074,0.7298793196678162,50,0.543810640834272,0.6507260950788041,0.6319535861014365,-0.10691545424453223,-0.08814294526716453,0.03736592739126626,0.0197508818203497,-0.14562718261241764,0.9728900194168091,0.8734936008453369,0.09939641857147219,13.8,12.644000000000002,trapezoid_from_zero_normalized_by_max_fraction
ton_iot_binary,45,rid_6a1d87d1ef5b9c1c597008251c5fc0de,cnn,shap,correlation_group_median,group_wise,insertion,1,ATTACK,True,1,ATTACK,0.9980720281600952,0.728432297706604,50,0.8965906223282218,0.7583958087563516,0.5878396227691978,0.13819481357187033,0.308750999559024,0.029763642168642617,0.013693767456766858,0.1113550293566073,0.6795307397842407,0.5410803125202654,0.13845042726397527,13.0,11.276,trapezoid_from_zero_normalized_by_max_fraction
ton_iot_binary,45,rid_79e31292c8ecdafc38b6f891deedd741,cnn,shap,correlation_group_median,group_wise,insertion,0,BENIGN,True,0,BENIGN,0.9999995714524346,0.2696393019059258,50,-0.0475726398526547,-0.01977912044910672,-0.027248651061957323,-0.027793519403547965,-0.02032398879069735,0.011545786194401515,0.008103347674178564,-0.043676080844937945,1.6735360622406006,1.480864657640457,0.19267140460014365,15.2,13.851999999999999,trapezoid_from_zero_normalized_by_max_fraction
ton_iot_binary,45,rid_70c64531b38d7bcd15e3f26a52579812,cnn,shap,correlation_group_median,group_wise,insertion,0,BENIGN,True,0,BENIGN,0.9999999999932282,0.2696397304467194,50,0.049114948559521254,0.028363640540836402,-0.14014317817211325,0.020751308018684852,0.18925812673163453,0.008036514915718466,0.005405700888709612,0.010156134276814012,1.6209605932235718,1.3665750608444214,0.2543855323791504,14.2,11.436,trapezoid_from_zero_normalized_by_max_fraction
ton_iot_binary,45,rid_0f10c3d89b68fbe7fa9ad016fc3f75fb,cnn,shap,correlation_group_joint_donor,group_wise_dependency_preserving,deletion,1,ATTACK,True,1,ATTACK,0.9999850988388062,0.7303453683853149,50,0.3970034236185711,0.4860552555638476,0.4111878105325886,-0.08905183194527648,-0.014184386914017522,0.060771028617305184,0.028642725228677796,-0.14519157339348496,1.105625033378601,1.0608630180358887,0.0447620153427124,16.0,15.107999999999999,trapezoid_from_zero_normalized_by_max_fraction
ton_iot_binary,45,rid_4faa43b45b0feb9ed282cb62c680ce79,cnn,shap,correlation_group_joint_donor,group_wise_dependency_preserving,deletion,0,BENIGN,True,0,BENIGN,0.9999365728945122,0.2695763033480034,50,0.15432962041578546,0.40700410134889475,0.25329856043320653,-0.25267448093310924,-0.0989689400174211,0.054345958029592356,0.027455650620771238,-0.3064875561498209,0.39164191484451294,0.4314085634350776,-0.03976664859056467,13.8,12.632,trapezoid_from_zero_normalized_by_max_fraction
ton_iot_binary,45,rid_5a33d161d8d10faa00b275ac9696f995,cnn,shap,correlation_group_joint_donor,group_wise_dependency_preserving,deletion,0,BENIGN,True,0,BENIGN,0.9999943967886792,0.2696341272421705,50,0.32283886413323726,0.2850243609293218,0.2673244996219758,0.037814503203915426,0.055514364511261474,0.052744322076676814,0.02640059433875913,-0.013930661700052471,0.3196560740470886,0.24492199426656586,0.07473407978052277,14.2,13.440000000000001,trapezoid_from_zero_normalized_by_max_fraction
ton_iot_binary,45,rid_0301c030c34c248a59d1f5dbe56e333d,cnn,shap,correlation_group_joint_donor,group_wise_dependency_preserving,deletion,0,BENIGN,True,0,BENIGN,0.9998127672588452,0.2694524977123365,50,0.5001937267918664,0.2631246399154744,0.2912633854442218,0.23706908687639183,0.20893034134764446,0.05077373389730733,0.02481779099158539,0.18842621653288447,0.049731943756341934,0.06389281235076485,-0.01416086859442292,14.2,14.288,trapezoid_from_zero_normalized_by_max_fraction
ton_iot_binary,45,rid_98596a0ff3e4526af3c7124ba788cb29,cnn,shap,correlation_group_joint_donor,group_wise_dependency_preserving,deletion,1,ATTACK,True,1,ATTACK,0.9999735951423644,0.7303338646888732,50,0.2715420003232794,0.5909878776916176,0.40721868548330725,-0.3194458773683383,-0.13567668516002787,0.0587828777112546,0.027684123875858432,-0.3737067601650208,0.2857085168361664,0.5242558724731208,-0.2385473556369544,16.0,13.148000000000001,trapezoid_from_zero_normalized_by_max_fraction
ton_iot_binary,45,rid_590cc55c691016a6ef7a0e5cb9e9b91f,cnn,shap,correlation_group_joint_donor,group_wise_dependency_preserving,deletion,0,BENIGN,True,0,BENIGN,0.9999799844354128,0.2696197148889041,50,0.5144052432759962,0.330306551705448,0.3185066827818731,0.18409869157054828,0.1958985604941232,0.05502925137660425,0.0276262212151485,0.12995129798885724,0.442832887172699,0.4846265497505665,-0.04179366257786754,14.2,12.752,trapezoid_from_zero_normalized_by_max_fraction
ton_iot_binary,45,rid_3788d66e0af8adb806de603d5e5bc5ae,cnn,shap,correlation_group_joint_donor,group_wise_dependency_preserving,deletion,0,BENIGN,True,0,BENIGN,0.9999745750155852,0.2696143054690765,50,0.8234328436422402,0.31507562819220486,0.19480699813678543,0.5083572154500353,0.6286258455054548,0.05126320929409538,0.025998064461227446,0.45740100910602954,0.34745344519615173,0.5950103519558907,-0.24755690675973896,14.2,13.272,trapezoid_from_zero_normalized_by_max_fraction
ton_iot_binary,45,rid_25acb94433ea6154566bae082cbd458f,cnn,shap,correlation_group_joint_donor,group_wise_dependency_preserving,deletion,1,ATTACK,True,1,ATTACK,0.9981740713119508,0.7285343408584596,50,0.07482791841030122,0.39006996484245393,0.4624379686527581,-0.3152420464321527,-0.3876100502424569,0.05597410353858062,0.026684630835892485,-0.36754392287050197,1.553288221359253,1.6530802738666535,-0.09979205250740053,14.2,12.836000000000002,trapezoid_from_zero_normalized_by_max_fraction
ton_iot_binary,45,rid_32173e5cffef88e090444250c06e9ee0,cnn,shap,correlation_group_joint_donor,group_wise_dependency_preserving,deletion,1,ATTACK,True,1,ATTACK,0.9996188879013062,0.7299791574478149,50,0.6534336883674422,0.39028081663945857,0.3572161300446171,0.26315287172798363,0.2962175583228251,0.05467736781345946,0.026801149511256728,0.21062261868592044,0.9698807597160339,0.8572471474409102,0.1126336122751237,13.8,12.464,trapezoid_from_zero_normalized_by_max_fraction
ton_iot_binary,45,rid_c6e5ec8a4c2d0d638ba916a0400a760b,cnn,shap,correlation_group_joint_donor,group_wise_dependency_preserving,deletion,1,ATTACK,True,1,ATTACK,0.9961732029914856,0.7265334725379944,50,0.4701070762705058,0.33103030809812867,0.44816453642813675,0.13907676817237713,0.02194253984236904,0.04272041614379396,0.021776121998831527,0.09639556905466734,0.3910883069038391,0.4445084886848926,-0.05342018178105351,13.8,11.072,trapezoid_from_zero_normalized_by_max_fraction
ton_iot_binary,45,rid_5ea40f633786dad901bf847b0c6c65bd,cnn,shap,correlation_group_joint_donor,group_wise_dependency_preserving,deletion,0,BENIGN,True,0,BENIGN,0.9998172532505124,0.2694569837040035,50,0.8621806337352609,0.36851220105427673,0.27211847071222384,0.49366843268098415,0.590062163023037,0.05668611506190328,0.02741964953196891,0.43992591959832505,1.5459702014923096,1.5969567761421204,-0.05098657464981082,13.6,12.584,trapezoid_from_zero_normalized_by_max_fraction
ton_iot_binary,45,rid_ed91b9dad9a880f137c1a1cc5ca0bab3,cnn,shap,correlation_group_joint_donor,group_wise_dependency_preserving,deletion,1,ATTACK,True,1,ATTACK,0.999950647354126,0.7303109169006348,50,0.4289528627297841,0.3406623539059779,0.3690307817616518,0.08829050882380617,0.05992208096813231,0.04876226281154471,0.026156933677062316,0.037022918816764026,1.4567365646362305,1.697224873304367,-0.24048830866813664,12.6,10.836,trapezoid_from_zero_normalized_by_max_fraction
ton_iot_binary,45,rid_38e3c4472579dd1e721c4a5b11da6a05,cnn,shap,correlation_group_joint_donor,group_wise_dependency_preserving,deletion,1,ATTACK,True,1,ATTACK,0.9995190501213074,0.7298793196678162,50,0.6628537012866801,0.3070080289073184,0.3993263117788923,0.35584567237936177,0.2635273895077878,0.04813597538115191,0.024434669462287607,0.30795372023327805,1.0159697532653809,0.8775974094867707,0.13837234377861019,13.8,13.288,trapezoid_from_zero_normalized_by_max_fraction
ton_iot_binary,45,rid_6a1d87d1ef5b9c1c597008251c5fc0de,cnn,shap,correlation_group_joint_donor,group_wise_dependency_preserving,deletion,1,ATTACK,True,1,ATTACK,0.9980720281600952,0.728432297706604,50,0.3598361909452933,0.403989542323068,0.36170748005297304,-0.04415335137777474,-0.0018712891076797453,0.05294830071684415,0.02610667648132831,-0.09532243728117823,1.5288652181625366,1.340086301803589,0.18877891635894772,13.0,12.196000000000002,trapezoid_from_zero_normalized_by_max_fraction
ton_iot_binary,45,rid_79e31292c8ecdafc38b6f891deedd741,cnn,shap,correlation_group_joint_donor,group_wise_dependency_preserving,deletion,0,BENIGN,True,0,BENIGN,0.9999995714524346,0.2696393019059258,50,0.5009825668159252,0.20011734253635388,0.11888364046915828,0.30086522427957135,0.38209892634676695,0.041862081354588784,0.022034177120797582,0.2576782371228081,1.879953384399414,1.8489694664478304,0.030983917951583617,15.2,14.232,trapezoid_from_zero_normalized_by_max_fraction
ton_iot_binary,45,rid_70c64531b38d7bcd15e3f26a52579812,cnn,shap,correlation_group_joint_donor,group_wise_dependency_preserving,deletion,0,BENIGN,True,0,BENIGN,0.9999999999932282,0.2696397304467194,50,0.06750976538107963,0.15166931893856578,0.10879333601705035,-0.08415955355748614,-0.04128357063597071,0.0373475649254659,0.01894038958559755,-0.12128271714525735,1.6758499145507812,1.4259240717887878,0.24992584276199348,14.2,11.92,trapezoid_from_zero_normalized_by_max_fraction
ton_iot_binary,45,rid_0f10c3d89b68fbe7fa9ad016fc3f75fb,cnn,shap,correlation_group_joint_donor,group_wise_dependency_preserving,insertion,1,ATTACK,True,1,ATTACK,0.9999850988388062,0.7303453683853149,50,0.007089602947235107,-0.22551125159464358,-0.47343973428932684,0.23260085454187868,0.48052933723656194,0.0397855327667518,0.020438957201234,0.19254049842746004,1.105625033378601,1.0608630180358887,0.0447620153427124,16.0,15.107999999999999,trapezoid_from_zero_normalized_by_max_fraction
ton_iot_binary,45,rid_4faa43b45b0feb9ed282cb62c680ce79,cnn,shap,correlation_group_joint_donor,group_wise_dependency_preserving,insertion,0,BENIGN,True,0,BENIGN,0.9999365728945122,0.2695763033480034,50,0.7600374675332433,0.7292424011027976,0.5498240887593293,0.03079506643044564,0.21021337877391383,0.037058310297250874,0.01779536583070495,-0.004083850597736062,0.39164191484451294,0.4314085634350776,-0.03976664859056467,13.8,12.632,trapezoid_from_zero_normalized_by_max_fraction
ton_iot_binary,45,rid_5a33d161d8d10faa00b275ac9696f995,cnn,shap,correlation_group_joint_donor,group_wise_dependency_preserving,insertion,0,BENIGN,True,0,BENIGN,0.9999943967886792,0.2696341272421705,50,0.6501470464439989,0.6961060862719972,0.6699632306311729,-0.045959039827998295,-0.019816184187173888,0.04794132564048143,0.023265895486568627,-0.09156019498167281,0.3196560740470886,0.24492199426656586,0.07473407978052277,14.2,13.440000000000001,trapezoid_from_zero_normalized_by_max_fraction
ton_iot_binary,45,rid_0301c030c34c248a59d1f5dbe56e333d,cnn,shap,correlation_group_joint_donor,group_wise_dependency_preserving,insertion,0,BENIGN,True,0,BENIGN,0.9998127672588452,0.2694524977123365,50,-0.08336062377836768,-0.35463157958042424,-0.33886332820895615,0.2712709558020565,0.2555027044305885,0.056993705677349515,0.0268939065709887,0.21855889892291866,0.049731943756341934,0.06389281235076485,-0.01416086859442292,14.2,14.288,trapezoid_from_zero_normalized_by_max_fraction
ton_iot_binary,45,rid_98596a0ff3e4526af3c7124ba788cb29,cnn,shap,correlation_group_joint_donor,group_wise_dependency_preserving,insertion,1,ATTACK,True,1,ATTACK,0.9999735951423644,0.7303338646888732,50,0.9496116662106941,0.6232363098842171,0.49304035478632235,0.3263753563264772,0.45657131142437185,0.05620544162779387,0.02600430133069063,0.27540692571832354,0.2857085168361664,0.5242558724731208,-0.2385473556369544,16.0,13.148000000000001,trapezoid_from_zero_normalized_by_max_fraction
ton_iot_binary,45,rid_590cc55c691016a6ef7a0e5cb9e9b91f,cnn,shap,correlation_group_joint_donor,group_wise_dependency_preserving,insertion,0,BENIGN,True,0,BENIGN,0.9999799844354128,0.2696197148889041,50,0.9499112544539456,0.7874069481277154,0.6577144202923402,0.1625043063262303,0.29219683416160563,0.03682195064099381,0.018218042406531944,0.1267969432094277,0.442832887172699,0.4846265497505665,-0.04179366257786754,14.2,12.752,trapezoid_from_zero_normalized_by_max_fraction
ton_iot_binary,45,rid_3788d66e0af8adb806de603d5e5bc5ae,cnn,shap,correlation_group_joint_donor,group_wise_dependency_preserving,insertion,0,BENIGN,True,0,BENIGN,0.9999745750155852,0.2696143054690765,50,-0.2664865634044627,-0.20225221261051918,-0.26172010619906616,-0.06423435079394352,-0.004766457205396549,0.04317444298782124,0.02120898662698446,-0.10580396458283306,0.34745344519615173,0.5950103519558907,-0.24755690675973896,14.2,13.272,trapezoid_from_zero_normalized_by_max_fraction
ton_iot_binary,45,rid_25acb94433ea6154566bae082cbd458f,cnn,shap,correlation_group_joint_donor,group_wise_dependency_preserving,insertion,1,ATTACK,True,1,ATTACK,0.9981740713119508,0.7285343408584596,50,-0.2405455627478659,-0.36098060591736664,-0.4351536072299266,0.12043504316950072,0.1946080444820606,0.055610581067597656,0.026092428712570576,0.0692938828928624,1.553288221359253,1.6530802738666535,-0.09979205250740053,14.2,12.836000000000002,trapezoid_from_zero_normalized_by_max_fraction
ton_iot_binary,45,rid_32173e5cffef88e090444250c06e9ee0,cnn,shap,correlation_group_joint_donor,group_wise_dependency_preserving,insertion,1,ATTACK,True,1,ATTACK,0.9996188879013062,0.7299791574478149,50,0.9266465263815007,0.5846934143669806,0.5459010174238965,0.3419531120145201,0.38074550895760423,0.0526540671860985,0.024908659827278832,0.2931321387530536,0.9698807597160339,0.8572471474409102,0.1126336122751237,13.8,12.464,trapezoid_from_zero_normalized_by_max_fraction
ton_iot_binary,45,rid_c6e5ec8a4c2d0d638ba916a0400a760b,cnn,shap,correlation_group_joint_donor,group_wise_dependency_preserving,insertion,1,ATTACK,True,1,ATTACK,0.9961732029914856,0.7265334725379944,50,0.42756650336086754,0.10979206034926317,0.16013600759466062,0.31777444301160435,0.26743049576620687,0.055271844341966796,0.0264327552166584,0.2659662427869539,0.3910883069038391,0.4445084886848926,-0.05342018178105351,13.8,11.072,trapezoid_from_zero_normalized_by_max_fraction
ton_iot_binary,45,rid_5ea40f633786dad901bf847b0c6c65bd,cnn,shap,correlation_group_joint_donor,group_wise_dependency_preserving,insertion,0,BENIGN,True,0,BENIGN,0.9998172532505124,0.2694569837040035,50,0.895899181434652,0.7865334099627318,0.6609197248765134,0.10936577147192003,0.2349794565581384,0.021548410342049348,0.012531675882740123,0.08480368674174939,1.5459702014923096,1.5969567761421204,-0.05098657464981082,13.6,12.584,trapezoid_from_zero_normalized_by_max_fraction
ton_iot_binary,45,rid_ed91b9dad9a880f137c1a1cc5ca0bab3,cnn,shap,correlation_group_joint_donor,group_wise_dependency_preserving,insertion,1,ATTACK,True,1,ATTACK,0.999950647354126,0.7303109169006348,50,0.349744091707354,0.7151587041353025,0.586337070409223,-0.3654146124279485,-0.23659297870186904,0.041216476093237336,0.01888888050022862,-0.40243681820839655,1.4567365646362305,1.697224873304367,-0.24048830866813664,12.6,10.836,trapezoid_from_zero_normalized_by_max_fraction
ton_iot_binary,45,rid_38e3c4472579dd1e721c4a5b11da6a05,cnn,shap,correlation_group_joint_donor,group_wise_dependency_preserving,insertion,1,ATTACK,True,1,ATTACK,0.9995190501213074,0.7298793196678162,50,0.5105760516994678,0.5104936302768104,0.5730343852900246,8.242142265743602e-05,-0.06245833359055672,0.05769505262631263,0.027142951240061827,-0.05311776300786374,1.0159697532653809,0.8775974094867707,0.13837234377861019,13.8,13.288,trapezoid_from_zero_normalized_by_max_fraction
ton_iot_binary,45,rid_6a1d87d1ef5b9c1c597008251c5fc0de,cnn,shap,correlation_group_joint_donor,group_wise_dependency_preserving,insertion,1,ATTACK,True,1,ATTACK,0.9980720281600952,0.728432297706604,50,0.1505825400352478,0.08667456263751097,0.020142464274081034,0.06390797739773682,0.13044007576116676,0.056221242925885484,0.02639173960091514,0.012180167779943143,1.5288652181625366,1.340086301803589,0.18877891635894772,13.0,12.196000000000002,trapezoid_from_zero_normalized_by_max_fraction
ton_iot_binary,45,rid_79e31292c8ecdafc38b6f891deedd741,cnn,shap,correlation_group_joint_donor,group_wise_dependency_preserving,insertion,0,BENIGN,True,0,BENIGN,0.9999995714524346,0.2696393019059258,50,2.1580006210797366e-05,-0.059427679302417685,-0.16472321196903236,0.05944925930862848,0.16474479197524317,0.015530937417509166,0.009556675851677434,0.040718174639340715,1.879953384399414,1.8489694664478304,0.030983917951583617,15.2,14.232,trapezoid_from_zero_normalized_by_max_fraction
ton_iot_binary,45,rid_70c64531b38d7bcd15e3f26a52579812,cnn,shap,correlation_group_joint_donor,group_wise_dependency_preserving,insertion,0,BENIGN,True,0,BENIGN,0.9999999999932282,0.2696397304467194,50,0.9025265667127784,0.8294636034135449,0.7582311516564995,0.0730629632992335,0.14429541505627885,0.021040435228831478,0.01124012735789225,0.05103231367776469,1.6758499145507812,1.4259240717887878,0.24992584276199348,14.2,11.92,trapezoid_from_zero_normalized_by_max_fraction
