task_id,seed,flow_id,model,method,operator,operator_family,functional_check,true_class_id,true_class,class_specific_inference_eligible,target_class_id,target_class,confidence,model_margin,random_feature_repetitions,attribution_effect_aopc,random_effect_mean_aopc,uniform_random_effect_mean_aopc,attribution_minus_random_aopc,attribution_minus_uniform_random_aopc,random_effect_standard_error_aopc,random_aopc_monte_carlo_standard_error,attribution_minus_random_aopc_mc_lower95,attribution_displacement_mean,matched_random_displacement_mean,attribution_minus_matched_displacement,coordinates_changed_mean,matched_random_coordinates_mean,aopc_definition
cicids2017_binary,46,rid_c37e7f18a6e72502c51b38a935c05fe1,cnn,integrated_gradients,training_median,baseline_marginal_constant,deletion,1,ATTACK,True,1,ATTACK,1.0,0.9999587075144518,50,0.7873887434601783,0.6952936738125635,0.12242479080980231,0.092095069647615,0.6649639526503761,0.02445576667347505,0.013726116116210722,0.065191882059842,2.2602591514587402,1.9959229664802554,0.2643361849784849,18.4,18.4,trapezoid_from_zero_normalized_by_max_fraction
cicids2017_binary,46,rid_37cd12f48d67404f18703652ce8ca9d9,cnn,integrated_gradients,training_median,baseline_marginal_constant,deletion,0,BENIGN,True,0,BENIGN,0.9999995249014262,4.081738697436776e-05,50,0.0002959839104860862,0.0005681106524856774,0.0003141873027988069,-0.00027212674199959125,-1.8203392312720723e-05,0.00014627513181655124,0.00011050506843966449,-0.0004887166761413336,0.7986797094345093,0.5056503269374371,0.2930293824970722,18.4,18.4,trapezoid_from_zero_normalized_by_max_fraction
cicids2017_binary,46,rid_8bf0913a12626463db1174068a238121,cnn,integrated_gradients,training_median,baseline_marginal_constant,deletion,1,ATTACK,True,1,ATTACK,1.0,0.9999587075144518,50,0.917934846562821,0.6224863928237139,0.19496139582415775,0.29544845373910694,0.722973450738663,0.03419446986759008,0.017987462383378346,0.26019302746768536,1.2975093126296997,1.3545840785503387,-0.05707476592063898,18.4,18.4,trapezoid_from_zero_normalized_by_max_fraction
cicids2017_binary,46,rid_413d94fc3f4d023fcbb5025f54532935,cnn,integrated_gradients,training_median,baseline_marginal_constant,deletion,0,BENIGN,True,0,BENIGN,0.9999999998892256,4.1292374773703455e-05,50,0.00033951805916516693,0.002183253488146276,0.00016907181966485606,-0.0018437354289811093,0.00017044623950031087,0.0007754303689629746,0.0005683672616990171,-0.002957735261911183,0.9299702644348145,0.6234028337597847,0.3065674306750298,18.4,18.4,trapezoid_from_zero_normalized_by_max_fraction
cicids2017_binary,46,rid_2d7e85ed2cdb8a5f02ad124caeebe429,cnn,integrated_gradients,training_median,baseline_marginal_constant,deletion,0,BENIGN,True,0,BENIGN,0.999999999671218,4.129215676632048e-05,50,0.0002741983938312042,0.002466713624297254,0.0002668379690278635,-0.00219251523046605,7.360424803340722e-06,0.0009151061939142133,0.0005356275508623648,-0.003242345230156285,0.9824233055114746,0.6877393985390663,0.2946839069724083,18.4,18.4,trapezoid_from_zero_normalized_by_max_fraction
cicids2017_binary,46,rid_830a74fc8667b1a2e2af223c9d2a2c10,cnn,integrated_gradients,training_median,baseline_marginal_constant,deletion,0,BENIGN,True,0,BENIGN,0.9999999829213236,4.127540687193232e-05,50,0.0002554423902421221,0.0005229468091515099,2.7608510646843553e-05,-0.0002675044189093878,0.00022783387959527854,0.000197933366138257,0.000120785787320563,-0.0005042445620576912,0.745278000831604,0.4612464657127858,0.2840315351188182,18.4,18.4,trapezoid_from_zero_normalized_by_max_fraction
cicids2017_binary,46,rid_246eaf0c1fac248deb765083c270bbcc,cnn,integrated_gradients,training_median,baseline_marginal_constant,deletion,0,BENIGN,True,0,BENIGN,0.9999984819983184,3.977448386649485e-05,50,0.0002596307936130415,0.00039075561313232937,3.721008349270427e-05,-0.00013112481951928787,0.00022242071012033726,0.0001598214906826087,0.00010496353779493897,-0.00033685335359736826,0.6737525463104248,0.5265991888940335,0.14715335741639135,18.4,18.4,trapezoid_from_zero_normalized_by_max_fraction
cicids2017_binary,46,rid_1326d7841b59c92665d871af5511e3f8,cnn,integrated_gradients,training_median,baseline_marginal_constant,deletion,1,ATTACK,True,1,ATTACK,1.0,0.9999587075144518,50,0.8953904846624937,0.8304858163508146,0.2661511893374403,0.06490466831167908,0.6292392953250534,0.015482931524859632,0.008939030468134317,0.04738416859413583,2.0013463497161865,1.9253080239295959,0.07603832578659064,18.4,18.4,trapezoid_from_zero_normalized_by_max_fraction
cicids2017_binary,46,rid_f4e85fd27b14cf91010e12816d23de82,cnn,integrated_gradients,training_median,baseline_marginal_constant,deletion,1,ATTACK,True,1,ATTACK,1.0,0.9999587075144518,50,0.9480146997271631,0.7539979252221023,0.21853197714690442,0.19401677450506086,0.7294827225802587,0.02542223450605202,0.013392803537067722,0.16776687957240813,1.8554556369781494,1.9137905898094179,-0.05833495283126844,18.4,18.4,trapezoid_from_zero_normalized_by_max_fraction
cicids2017_binary,46,rid_5852990d34963aaadad7e90ef9bf633d,cnn,integrated_gradients,training_median,baseline_marginal_constant,deletion,1,ATTACK,True,1,ATTACK,1.0,0.9999587075144518,50,0.8117527565860655,0.7452860297956903,0.22921820093127745,0.06646672679037524,0.5825345556547881,0.027004204768429112,0.01367600608470223,0.03966175486435887,1.8152662515640259,1.8170755743980407,-0.0018093228340148038,18.4,18.4,trapezoid_from_zero_normalized_by_max_fraction
cicids2017_binary,46,rid_91629040875b5b88fe453003d3c24213,cnn,integrated_gradients,training_median,baseline_marginal_constant,deletion,1,ATTACK,True,1,ATTACK,1.0,0.9999587075144518,50,0.9150610909966417,0.7948458744238533,0.27976198371889316,0.12021521657278843,0.6352991072777485,0.024737711575106045,0.012746369130854756,0.0952323330763131,1.585868239402771,1.611448438167572,-0.025580198764801,18.4,18.4,trapezoid_from_zero_normalized_by_max_fraction
cicids2017_binary,46,rid_ef9fb628d94de42604b08b84713e8ae5,cnn,integrated_gradients,training_median,baseline_marginal_constant,deletion,1,ATTACK,True,1,ATTACK,1.0,0.9999587075144518,50,0.8495987395504926,0.8001854537135453,0.21945440168902283,0.04941328583694725,0.6301443378614697,0.011062035384967929,0.008775102835478962,0.032214084279408486,2.258951425552368,2.153787312030792,0.10516411352157595,18.4,18.4,trapezoid_from_zero_normalized_by_max_fraction
cicids2017_binary,46,rid_74105010942e741d7107c797b640545a,cnn,integrated_gradients,training_median,baseline_marginal_constant,deletion,1,ATTACK,True,1,ATTACK,1.0,0.9999587075144518,50,0.8425249550027729,0.7086910519498111,0.2534801355780912,0.13383390305296183,0.5890448194246818,0.027309335263251508,0.014401001070177747,0.10560794095541345,1.7636969089508057,1.7024905567169188,0.06120635223388682,18.4,18.4,trapezoid_from_zero_normalized_by_max_fraction
cicids2017_binary,46,rid_2db54221168e8f586f9c78bb4918b5d4,cnn,integrated_gradients,training_median,baseline_marginal_constant,deletion,0,BENIGN,True,0,BENIGN,0.9999999382816896,4.123076723772101e-05,50,0.0002571528699935044,0.00042839225688432283,1.738416181710289e-05,-0.00017123938689081838,0.00023976870817640154,0.00010769263448256031,8.75249226414486e-05,-0.00034278823526805765,0.6661003828048706,0.45270329914987084,0.21339708365499976,18.4,18.4,trapezoid_from_zero_normalized_by_max_fraction
cicids2017_binary,46,rid_c11a696fc62e305df7821a36403017a4,cnn,integrated_gradients,training_median,baseline_marginal_constant,deletion,0,BENIGN,True,0,BENIGN,0.9999999999822142,4.129246776238271e-05,50,0.005329044127904803,0.0061938379253647065,0.0005968299548983878,-0.0008647937974599034,0.004732214173006415,0.0035493194043306367,0.00326086985026096,-0.007256098703971385,1.1045970916748047,1.025251315355301,0.07934577631950379,18.4,18.4,trapezoid_from_zero_normalized_by_max_fraction
cicids2017_binary,46,rid_591657dbc51fa5cba6110e4a2bc0389d,cnn,integrated_gradients,training_median,baseline_marginal_constant,deletion,0,BENIGN,True,0,BENIGN,0.9999999998311224,4.129231667050759e-05,50,9.9268298353683e-05,0.030704994698263613,0.035610279623632536,-0.03060572639990993,-0.035511011325278855,0.012460193973088816,0.007947964620041572,-0.04618373705519141,2.2151763439178467,2.2195204610824586,-0.004344117164611916,18.4,18.4,trapezoid_from_zero_normalized_by_max_fraction
cicids2017_binary,46,rid_c37e7f18a6e72502c51b38a935c05fe1,cnn,integrated_gradients,training_median,baseline_marginal_constant,insertion,1,ATTACK,True,1,ATTACK,1.0,0.9999587075144518,50,0.94522069049126,0.781371971801792,0.22452056329918263,0.1638487186894681,0.7207001271920774,0.013250673421238028,0.009070313707333634,0.14607090382309418,2.2602591514587402,1.9959229664802554,0.2643361849784849,18.4,18.4,trapezoid_from_zero_normalized_by_max_fraction
cicids2017_binary,46,rid_37cd12f48d67404f18703652ce8ca9d9,cnn,integrated_gradients,training_median,baseline_marginal_constant,insertion,0,BENIGN,True,0,BENIGN,0.9999995249014262,4.081738697436776e-05,50,0.00030724277460194573,-0.0003538522144135188,-0.0009651312823095975,0.0006610949890154645,0.0012723740569115431,0.00027870365713582654,0.00019805901359706664,0.00027289932236521385,0.7986797094345093,0.5056503269374371,0.2930293824970722,18.4,18.4,trapezoid_from_zero_normalized_by_max_fraction
cicids2017_binary,46,rid_8bf0913a12626463db1174068a238121,cnn,integrated_gradients,training_median,baseline_marginal_constant,insertion,1,ATTACK,True,1,ATTACK,1.0,0.9999587075144518,50,0.6182265452449429,0.6111151194996387,0.18938529310119973,0.0071114257453040765,0.42884125214374313,0.0339615853374388,0.018850291650592703,-0.029835145889857622,1.2975093126296997,1.3545840785503387,-0.05707476592063898,18.4,18.4,trapezoid_from_zero_normalized_by_max_fraction
cicids2017_binary,46,rid_413d94fc3f4d023fcbb5025f54532935,cnn,integrated_gradients,training_median,baseline_marginal_constant,insertion,0,BENIGN,True,0,BENIGN,0.9999999998892256,4.1292374773703455e-05,50,0.00030752101991195495,-0.0006394916090623557,-0.002986266762026184,0.0009470126289743106,0.0032937877819381386,0.0005691524184575279,0.00045439994894416215,5.6388729043752766e-05,0.9299702644348145,0.6234028337597847,0.3065674306750298,18.4,18.4,trapezoid_from_zero_normalized_by_max_fraction
cicids2017_binary,46,rid_2d7e85ed2cdb8a5f02ad124caeebe429,cnn,integrated_gradients,training_median,baseline_marginal_constant,insertion,0,BENIGN,True,0,BENIGN,0.999999999671218,4.129215676632048e-05,50,0.0003062686309809326,-0.00028296232772393,-0.0023432460141505516,0.0005892309587048625,0.002649514645131484,0.0002637127102401736,0.00018634471747258434,0.0002239953124585972,0.9824233055114746,0.6877393985390663,0.2946839069724083,18.4,18.4,trapezoid_from_zero_normalized_by_max_fraction
cicids2017_binary,46,rid_830a74fc8667b1a2e2af223c9d2a2c10,cnn,integrated_gradients,training_median,baseline_marginal_constant,insertion,0,BENIGN,True,0,BENIGN,0.9999999829213236,4.127540687193232e-05,50,0.0003016714107997309,0.0001535769611166764,-0.000782395738834629,0.00014809444968305453,0.00108406714963436,9.540076513430502e-05,6.630416607900632e-05,1.8138284168202134e-05,0.745278000831604,0.4612464657127858,0.2840315351188182,18.4,18.4,trapezoid_from_zero_normalized_by_max_fraction
cicids2017_binary,46,rid_246eaf0c1fac248deb765083c270bbcc,cnn,integrated_gradients,training_median,baseline_marginal_constant,insertion,0,BENIGN,True,0,BENIGN,0.9999984819983184,3.977448386649485e-05,50,0.00030170245487610715,0.0001118575607357034,-0.0007995387120377083,0.00018984489414040375,0.0011012411669138154,9.334104473488957e-05,8.579384793148089e-05,2.168895219470122e-05,0.6737525463104248,0.5265991888940335,0.14715335741639135,18.4,18.4,trapezoid_from_zero_normalized_by_max_fraction
cicids2017_binary,46,rid_1326d7841b59c92665d871af5511e3f8,cnn,integrated_gradients,training_median,baseline_marginal_constant,insertion,1,ATTACK,True,1,ATTACK,1.0,0.9999587075144518,50,0.7004977639589924,0.739236564239886,0.11854225863149927,-0.03873880028089358,0.5819555053274932,0.011137428751728868,0.008089862640334783,-0.05459493105594976,2.0013463497161865,1.9253080239295959,0.07603832578659064,18.4,18.4,trapezoid_from_zero_normalized_by_max_fraction
cicids2017_binary,46,rid_f4e85fd27b14cf91010e12816d23de82,cnn,integrated_gradients,training_median,baseline_marginal_constant,insertion,1,ATTACK,True,1,ATTACK,1.0,0.9999587075144518,50,0.845087655162206,0.7258870620835454,0.18939202253855603,0.11920059307866059,0.6556956326236499,0.021538805316816925,0.01351506526515468,0.09271106515895741,1.8554556369781494,1.9137905898094179,-0.05833495283126844,18.4,18.4,trapezoid_from_zero_normalized_by_max_fraction
cicids2017_binary,46,rid_5852990d34963aaadad7e90ef9bf633d,cnn,integrated_gradients,training_median,baseline_marginal_constant,insertion,1,ATTACK,True,1,ATTACK,1.0,0.9999587075144518,50,0.8494129648111994,0.7275832095930594,0.12162020610233264,0.12182975521813993,0.7277927587088668,0.015618370718264583,0.009519980806274368,0.10317059283784218,1.8152662515640259,1.8170755743980407,-0.0018093228340148038,18.4,18.4,trapezoid_from_zero_normalized_by_max_fraction
cicids2017_binary,46,rid_91629040875b5b88fe453003d3c24213,cnn,integrated_gradients,training_median,baseline_marginal_constant,insertion,1,ATTACK,True,1,ATTACK,1.0,0.9999587075144518,50,0.8014205129118637,0.687199699686981,0.14967083228131486,0.11422081322488255,0.6517496806305487,0.023862407074915243,0.01492236326348912,0.08497298122844388,1.585868239402771,1.611448438167572,-0.025580198764801,18.4,18.4,trapezoid_from_zero_normalized_by_max_fraction
cicids2017_binary,46,rid_ef9fb628d94de42604b08b84713e8ae5,cnn,integrated_gradients,training_median,baseline_marginal_constant,insertion,1,ATTACK,True,1,ATTACK,1.0,0.9999587075144518,50,0.8891244436526904,0.755238613296746,0.15362954336669066,0.1338858303559443,0.7354949002859998,0.010519198166542378,0.008370995069782979,0.11747868001916967,2.258951425552368,2.153787312030792,0.10516411352157595,18.4,18.4,trapezoid_from_zero_normalized_by_max_fraction
cicids2017_binary,46,rid_74105010942e741d7107c797b640545a,cnn,integrated_gradients,training_median,baseline_marginal_constant,insertion,1,ATTACK,True,1,ATTACK,1.0,0.9999587075144518,50,0.6996951609781035,0.6073371589022661,0.17713252819100128,0.09235800207583737,0.5225626327871022,0.029520023043509105,0.017368254678480816,0.05831622290601497,1.7636969089508057,1.7024905567169188,0.06120635223388682,18.4,18.4,trapezoid_from_zero_normalized_by_max_fraction
cicids2017_binary,46,rid_2db54221168e8f586f9c78bb4918b5d4,cnn,integrated_gradients,training_median,baseline_marginal_constant,insertion,0,BENIGN,True,0,BENIGN,0.9999999382816896,4.123076723772101e-05,50,0.00030758361982590187,0.00019328280243453166,-0.00027978491759496316,0.00011430081739137022,0.000587368537420865,4.600687839514168e-05,4.324538357773773e-05,2.9539865579004268e-05,0.6661003828048706,0.45270329914987084,0.21339708365499976,18.4,18.4,trapezoid_from_zero_normalized_by_max_fraction
cicids2017_binary,46,rid_c11a696fc62e305df7821a36403017a4,cnn,integrated_gradients,training_median,baseline_marginal_constant,insertion,0,BENIGN,True,0,BENIGN,0.9999999999822142,4.129246776238271e-05,50,-0.0005745039315508073,-0.003654990035997467,-0.011842027057249089,0.00308048610444666,0.011267523125698281,0.0025440345042106248,0.001868587156872591,-0.0005819447230236184,1.1045970916748047,1.025251315355301,0.07934577631950379,18.4,18.4,trapezoid_from_zero_normalized_by_max_fraction
cicids2017_binary,46,rid_591657dbc51fa5cba6110e4a2bc0389d,cnn,integrated_gradients,training_median,baseline_marginal_constant,insertion,0,BENIGN,True,0,BENIGN,0.9999999998311224,4.129231667050759e-05,50,-0.010780965152623523,-0.06642896025290188,-0.06909569347668888,0.05564799510027836,0.05831472832406536,0.023799935701427202,0.012164817872539866,0.03180495207010022,2.2151763439178467,2.2195204610824586,-0.004344117164611916,18.4,18.4,trapezoid_from_zero_normalized_by_max_fraction
cicids2017_binary,46,rid_c37e7f18a6e72502c51b38a935c05fe1,cnn,integrated_gradients,target_class_median,baseline_marginal_constant,deletion,1,ATTACK,True,1,ATTACK,1.0,0.9999587075144518,50,0.26522669196128845,0.3027183944821433,0.08628287612111309,-0.037491702520854896,0.17894381584017538,0.04841425887143845,0.02440934300695439,-0.08533401481448549,2.20426607131958,1.8316582615375516,0.37260780978202845,18.4,18.4,trapezoid_from_zero_normalized_by_max_fraction
cicids2017_binary,46,rid_37cd12f48d67404f18703652ce8ca9d9,cnn,integrated_gradients,target_class_median,baseline_marginal_constant,deletion,0,BENIGN,True,0,BENIGN,0.9999995249014262,4.081738697436776e-05,50,-3.844150969101179e-07,-2.9095168694937e-07,-1.3084978159128012e-07,-9.346340996074787e-08,-2.5356531531883777e-07,1.2962713167727763e-08,6.786502452898354e-09,-1.0676495476842864e-07,0.17425420880317688,0.07518074238300324,0.09907346642017364,18.4,18.4,trapezoid_from_zero_normalized_by_max_fraction
cicids2017_binary,46,rid_8bf0913a12626463db1174068a238121,cnn,integrated_gradients,target_class_median,baseline_marginal_constant,deletion,1,ATTACK,True,1,ATTACK,1.0,0.9999587075144518,50,0.48894070237874987,0.41448569904958554,0.17179008579190305,0.07445500332916438,0.31715061658684685,0.04665232530211498,0.023793541258907317,0.027819662461706043,1.118508219718933,1.1585649445056916,-0.04005672478675848,18.4,18.4,trapezoid_from_zero_normalized_by_max_fraction
cicids2017_binary,46,rid_413d94fc3f4d023fcbb5025f54532935,cnn,integrated_gradients,target_class_median,baseline_marginal_constant,deletion,0,BENIGN,True,0,BENIGN,0.9999999998892256,4.1292374773703455e-05,50,1.6342802799940158e-08,1.556153327719745e-08,3.092751366562396e-09,7.812695227427122e-10,1.3250051433377763e-08,2.119747155514547e-09,1.2334827508619836e-09,-1.6363566689467755e-09,0.45794495940208435,0.21265117049217225,0.2452937889099121,18.4,18.4,trapezoid_from_zero_normalized_by_max_fraction
cicids2017_binary,46,rid_2d7e85ed2cdb8a5f02ad124caeebe429,cnn,integrated_gradients,target_class_median,baseline_marginal_constant,deletion,0,BENIGN,True,0,BENIGN,0.999999999671218,4.129215676632048e-05,50,4.940310298628958e-08,3.443922567802904e-08,7.90642768377925e-09,1.496387730826054e-08,4.149667530251033e-08,6.363881917571209e-09,3.742076837765747e-09,7.629406706239675e-09,0.44532155990600586,0.23423159273713828,0.21108996716886758,18.4,18.4,trapezoid_from_zero_normalized_by_max_fraction
cicids2017_binary,46,rid_830a74fc8667b1a2e2af223c9d2a2c10,cnn,integrated_gradients,target_class_median,baseline_marginal_constant,deletion,0,BENIGN,True,0,BENIGN,0.9999999829213236,4.127540687193232e-05,50,1.719240336761629e-08,2.4693924558061296e-08,1.1411218782342304e-08,-7.501521190445003e-09,5.7811845852739905e-09,4.147513882322635e-09,2.2198402643721715e-09,-1.185240810861446e-08,0.10110323131084442,0.04598106458038091,0.05512216673046351,18.4,18.4,trapezoid_from_zero_normalized_by_max_fraction
cicids2017_binary,46,rid_246eaf0c1fac248deb765083c270bbcc,cnn,integrated_gradients,target_class_median,baseline_marginal_constant,deletion,0,BENIGN,True,0,BENIGN,0.9999984819983184,3.977448386649485e-05,50,-1.2906016404912181e-06,-9.91145179884967e-07,-4.24590933519653e-07,-2.9945646060625116e-07,-8.660107069715651e-07,4.6081059291648727e-08,2.3709304376670273e-08,-3.4592669718452487e-07,0.10410016775131226,0.07137149819731711,0.03272866955399514,18.4,18.4,trapezoid_from_zero_normalized_by_max_fraction
cicids2017_binary,46,rid_1326d7841b59c92665d871af5511e3f8,cnn,integrated_gradients,target_class_median,baseline_marginal_constant,deletion,1,ATTACK,True,1,ATTACK,1.0,0.9999587075144518,50,0.877949208242353,0.7512623141790267,0.26750972573287496,0.12668689406332645,0.6104394825094781,0.03735481966423987,0.018589456369651314,0.09025155957880987,1.9259179830551147,1.9226348805427556,0.003283102512359193,18.4,18.4,trapezoid_from_zero_normalized_by_max_fraction
cicids2017_binary,46,rid_f4e85fd27b14cf91010e12816d23de82,cnn,integrated_gradients,target_class_median,baseline_marginal_constant,deletion,1,ATTACK,True,1,ATTACK,1.0,0.9999587075144518,50,0.9092523620696737,0.564221725556034,0.23824193857577458,0.34503063651363985,0.6710104234938993,0.05242288486201292,0.025399976711376344,0.29524668215934224,1.8113915920257568,1.900855199813843,-0.08946360778808615,18.4,18.4,trapezoid_from_zero_normalized_by_max_fraction
cicids2017_binary,46,rid_5852990d34963aaadad7e90ef9bf633d,cnn,integrated_gradients,target_class_median,baseline_marginal_constant,deletion,1,ATTACK,True,1,ATTACK,1.0,0.9999587075144518,50,0.6306641541712452,0.6676694400464573,0.24145000424680443,-0.03700528587521222,0.38921414992444076,0.034369429716442926,0.01692354322783317,-0.07017543060176523,1.7030131816864014,1.6096122314929964,0.093400950193405,18.4,18.4,trapezoid_from_zero_normalized_by_max_fraction
cicids2017_binary,46,rid_91629040875b5b88fe453003d3c24213,cnn,integrated_gradients,target_class_median,baseline_marginal_constant,deletion,1,ATTACK,True,1,ATTACK,1.0,0.9999587075144518,50,0.5659692637749686,0.5898477056365877,0.3760018441942296,-0.023878441861619144,0.18996741958073898,0.04027143670223676,0.018671660647140795,-0.060474896730015104,1.531296730041504,1.619369653224945,-0.08807292318344118,18.4,18.4,trapezoid_from_zero_normalized_by_max_fraction
cicids2017_binary,46,rid_ef9fb628d94de42604b08b84713e8ae5,cnn,integrated_gradients,target_class_median,baseline_marginal_constant,deletion,1,ATTACK,True,1,ATTACK,1.0,0.9999587075144518,50,0.8162126192823052,0.613110386009594,0.21520300559323133,0.20310223327271126,0.6010096136890739,0.0352535368511285,0.01822009745827006,0.16739084225450196,2.2288639545440674,2.1412876524925233,0.0875763020515441,18.4,18.4,trapezoid_from_zero_normalized_by_max_fraction
cicids2017_binary,46,rid_74105010942e741d7107c797b640545a,cnn,integrated_gradients,target_class_median,baseline_marginal_constant,deletion,1,ATTACK,True,1,ATTACK,1.0,0.9999587075144518,50,0.7738906112499535,0.5706744026037758,0.24150415461912572,0.20321620864617768,0.5323864566308278,0.0414899602563996,0.02059454132290726,0.16285090765327945,1.7394096851348877,1.6078363099098205,0.13157337522506718,18.4,18.4,trapezoid_from_zero_normalized_by_max_fraction
cicids2017_binary,46,rid_2db54221168e8f586f9c78bb4918b5d4,cnn,integrated_gradients,target_class_median,baseline_marginal_constant,deletion,0,BENIGN,True,0,BENIGN,0.9999999382816896,4.123076723772101e-05,50,-7.093638565436322e-09,6.338478231948662e-08,2.4880139916749757e-08,-7.047842088492295e-08,-3.197377848218608e-08,2.0577596235888238e-08,1.1135953778888433e-08,-9.230489029154427e-08,0.059762559831142426,0.037661395438015464,0.02210116439312696,18.4,18.4,trapezoid_from_zero_normalized_by_max_fraction
cicids2017_binary,46,rid_c11a696fc62e305df7821a36403017a4,cnn,integrated_gradients,target_class_median,baseline_marginal_constant,deletion,0,BENIGN,True,0,BENIGN,0.9999999999822142,4.129246776238271e-05,50,0.013005589116650862,0.0031630771506270055,0.007787999907428797,0.009842511966023855,0.005217589209222064,0.002268096225389464,0.0015618322661432567,0.006781320724383071,1.195261001586914,1.114146749973297,0.08111425161361696,18.4,18.4,trapezoid_from_zero_normalized_by_max_fraction
cicids2017_binary,46,rid_591657dbc51fa5cba6110e4a2bc0389d,cnn,integrated_gradients,target_class_median,baseline_marginal_constant,deletion,0,BENIGN,True,0,BENIGN,0.9999999998311224,4.129231667050759e-05,50,0.00011921842309091659,0.03682873270358418,0.015368239577685992,-0.036709514280493266,-0.015249021154595073,0.01360344554732142,0.008659891432420325,-0.0536829014880371,2.256377696990967,2.1983654522895812,0.05801224470138555,18.4,18.4,trapezoid_from_zero_normalized_by_max_fraction
cicids2017_binary,46,rid_c37e7f18a6e72502c51b38a935c05fe1,cnn,integrated_gradients,target_class_median,baseline_marginal_constant,insertion,1,ATTACK,True,1,ATTACK,1.0,0.9999587075144518,50,-2.4363398551940918e-05,-0.09706405564401574,-0.23087662837770767,0.0970396922454638,0.23085226497915573,0.027616740136977423,0.013882677945119182,0.0698296434730302,2.20426607131958,1.8316582615375516,0.37260780978202845,18.4,18.4,trapezoid_from_zero_normalized_by_max_fraction
cicids2017_binary,46,rid_37cd12f48d67404f18703652ce8ca9d9,cnn,integrated_gradients,target_class_median,baseline_marginal_constant,insertion,0,BENIGN,True,0,BENIGN,0.9999995249014262,4.081738697436776e-05,50,-3.8295083371053806e-07,-2.5280050607356944e-07,-1.0031011220767993e-07,-1.3015032763696868e-07,-2.826407215028581e-07,1.7622973135546126e-08,9.905057668125897e-09,-1.4956424066649544e-07,0.17425420880317688,0.07518074238300324,0.09907346642017364,18.4,18.4,trapezoid_from_zero_normalized_by_max_fraction
cicids2017_binary,46,rid_8bf0913a12626463db1174068a238121,cnn,integrated_gradients,target_class_median,baseline_marginal_constant,insertion,1,ATTACK,True,1,ATTACK,1.0,0.9999587075144518,50,-0.21108667850494386,-0.1421433921331918,-0.37502257573576303,-0.06894328637175204,0.16393589723081914,0.0347307765846386,0.018272577003595598,-0.10475753729879941,1.118508219718933,1.1585649445056916,-0.04005672478675848,18.4,18.4,trapezoid_from_zero_normalized_by_max_fraction
cicids2017_binary,46,rid_413d94fc3f4d023fcbb5025f54532935,cnn,integrated_gradients,target_class_median,baseline_marginal_constant,insertion,0,BENIGN,True,0,BENIGN,0.9999999998892256,4.1292374773703455e-05,50,4.4189320264065296e-08,4.070635706843184e-08,2.5045766305575867e-08,3.48296319563346e-09,1.9143553958489433e-08,8.840721715616562e-10,4.42774765346554e-10,2.615124655554214e-09,0.45794495940208435,0.21265117049217225,0.2452937889099121,18.4,18.4,trapezoid_from_zero_normalized_by_max_fraction
cicids2017_binary,46,rid_2d7e85ed2cdb8a5f02ad124caeebe429,cnn,integrated_gradients,target_class_median,baseline_marginal_constant,insertion,0,BENIGN,True,0,BENIGN,0.999999999671218,4.129215676632048e-05,50,3.9728817635698024e-08,3.605168207287957e-08,1.2325624758835474e-08,3.6771355628184546e-09,2.7403192876862548e-08,2.569341477683469e-09,1.3618644797423963e-09,1.0078811825233578e-09,0.44532155990600586,0.23423159273713828,0.21108996716886758,18.4,18.4,trapezoid_from_zero_normalized_by_max_fraction
cicids2017_binary,46,rid_830a74fc8667b1a2e2af223c9d2a2c10,cnn,integrated_gradients,target_class_median,baseline_marginal_constant,insertion,0,BENIGN,True,0,BENIGN,0.9999999829213236,4.127540687193232e-05,50,1.9746551060961776e-09,1.2155292023585673e-08,-3.1442773096301833e-09,-1.0180636917489492e-08,5.1189324157263605e-09,3.78865397530201e-09,1.9932564545974123e-09,-1.408741956850042e-08,0.10110323131084442,0.04598106458038091,0.05512216673046351,18.4,18.4,trapezoid_from_zero_normalized_by_max_fraction
cicids2017_binary,46,rid_246eaf0c1fac248deb765083c270bbcc,cnn,integrated_gradients,target_class_median,baseline_marginal_constant,insertion,0,BENIGN,True,0,BENIGN,0.9999984819983184,3.977448386649485e-05,50,-1.2920486035739032e-06,-8.170837505758754e-07,-2.376777766208704e-07,-4.749648529980276e-07,-1.0543708269530326e-06,5.4312534013466045e-08,3.337834005416196e-08,-5.403863995041851e-07,0.10410016775131226,0.07137149819731711,0.03272866955399514,18.4,18.4,trapezoid_from_zero_normalized_by_max_fraction
cicids2017_binary,46,rid_1326d7841b59c92665d871af5511e3f8,cnn,integrated_gradients,target_class_median,baseline_marginal_constant,insertion,1,ATTACK,True,1,ATTACK,1.0,0.9999587075144518,50,-0.2493443568586372,-0.10295886760432223,-0.5462428096927012,-0.14638548925431497,0.296898452834064,0.015226848092510977,0.010961919959339756,-0.16787085237462088,1.9259179830551147,1.9226348805427556,0.003283102512359193,18.4,18.4,trapezoid_from_zero_normalized_by_max_fraction
cicids2017_binary,46,rid_f4e85fd27b14cf91010e12816d23de82,cnn,integrated_gradients,target_class_median,baseline_marginal_constant,insertion,1,ATTACK,True,1,ATTACK,1.0,0.9999587075144518,50,-0.11764735491015019,-0.16999401706806,-0.3784381614707982,0.0523466621579098,0.260790806560648,0.028494929800579417,0.01443859383285816,0.024047018245507805,1.8113915920257568,1.900855199813843,-0.08946360778808615,18.4,18.4,trapezoid_from_zero_normalized_by_max_fraction
cicids2017_binary,46,rid_5852990d34963aaadad7e90ef9bf633d,cnn,integrated_gradients,target_class_median,baseline_marginal_constant,insertion,1,ATTACK,True,1,ATTACK,1.0,0.9999587075144518,50,-0.10193964464124293,-0.1851804299445917,-0.5954200865620504,0.08324078530334877,0.4934804419208074,0.025305953844841935,0.01493782104620016,0.05396265605279646,1.7030131816864014,1.6096122314929964,0.093400950193405,18.4,18.4,trapezoid_from_zero_normalized_by_max_fraction
cicids2017_binary,46,rid_91629040875b5b88fe453003d3c24213,cnn,integrated_gradients,target_class_median,baseline_marginal_constant,insertion,1,ATTACK,True,1,ATTACK,1.0,0.9999587075144518,50,-0.2448165327019524,-0.22332551629873096,-0.4547761196025973,-0.021491016403221465,0.2099595869006449,0.02950132895186814,0.017288042973999322,-0.055375580632260134,1.531296730041504,1.619369653224945,-0.08807292318344118,18.4,18.4,trapezoid_from_zero_normalized_by_max_fraction
cicids2017_binary,46,rid_ef9fb628d94de42604b08b84713e8ae5,cnn,integrated_gradients,target_class_median,baseline_marginal_constant,insertion,1,ATTACK,True,1,ATTACK,1.0,0.9999587075144518,50,-0.009449356794357301,-0.08862788560793354,-0.5141940135906593,0.07917852881357626,0.5047446567963021,0.014304435228891643,0.010555645781192011,0.05848946308243992,2.2288639545440674,2.1412876524925233,0.0875763020515441,18.4,18.4,trapezoid_from_zero_normalized_by_max_fraction
cicids2017_binary,46,rid_74105010942e741d7107c797b640545a,cnn,integrated_gradients,target_class_median,baseline_marginal_constant,insertion,1,ATTACK,True,1,ATTACK,1.0,0.9999587075144518,50,-0.2489190665422939,-0.1604203180843806,-0.4227618820734351,-0.08849874845791332,0.17384281553114123,0.03487326452834809,0.01775722243901274,-0.1233029044383783,1.7394096851348877,1.6078363099098205,0.13157337522506718,18.4,18.4,trapezoid_from_zero_normalized_by_max_fraction
cicids2017_binary,46,rid_2db54221168e8f586f9c78bb4918b5d4,cnn,integrated_gradients,target_class_median,baseline_marginal_constant,insertion,0,BENIGN,True,0,BENIGN,0.9999999382816896,4.123076723772101e-05,50,-4.4672705890036473e-08,-4.5245785105674224e-08,-5.8972297888537633e-08,5.730792156377614e-10,1.4299591998501165e-08,1.3439812760197071e-08,6.247115096805009e-09,-1.1671266374100055e-08,0.059762559831142426,0.037661395438015464,0.02210116439312696,18.4,18.4,trapezoid_from_zero_normalized_by_max_fraction
cicids2017_binary,46,rid_c11a696fc62e305df7821a36403017a4,cnn,integrated_gradients,target_class_median,baseline_marginal_constant,insertion,0,BENIGN,True,0,BENIGN,0.9999999999822142,4.129246776238271e-05,50,-9.260491240254963e-05,-0.011146676048409309,-0.004181149849239887,0.01105407113600676,0.004088544936837338,0.005086695833587485,0.004345567090388261,0.0025367596388457692,1.195261001586914,1.114146749973297,0.08111425161361696,18.4,18.4,trapezoid_from_zero_normalized_by_max_fraction
cicids2017_binary,46,rid_591657dbc51fa5cba6110e4a2bc0389d,cnn,integrated_gradients,target_class_median,baseline_marginal_constant,insertion,0,BENIGN,True,0,BENIGN,0.9999999998311224,4.129231667050759e-05,50,-0.0039252454203492,-0.030882267453124616,-0.03828596590117827,0.02695702203277542,0.03436072048082907,0.010860778873778891,0.00809431083351631,0.01109217279908345,2.256377696990967,2.1983654522895812,0.05801224470138555,18.4,18.4,trapezoid_from_zero_normalized_by_max_fraction
cicids2017_binary,46,rid_c37e7f18a6e72502c51b38a935c05fe1,cnn,integrated_gradients,joint_donor,dependency_preserving,deletion,1,ATTACK,True,1,ATTACK,1.0,0.9999587075144518,50,0.6285567410290241,0.4507369223466714,0.08988123786101641,0.1778198186823527,0.5386755031680077,0.04822858068896854,0.02569636943975881,0.12745493458042542,1.924202561378479,1.6361977350711823,0.28800482630729674,18.4,18.4,trapezoid_from_zero_normalized_by_max_fraction
cicids2017_binary,46,rid_37cd12f48d67404f18703652ce8ca9d9,cnn,integrated_gradients,joint_donor,dependency_preserving,deletion,0,BENIGN,True,0,BENIGN,0.9999995249014262,4.081738697436776e-05,50,0.2801810252332089,0.05978185883048749,0.03868537891017452,0.22039916640272147,0.24149564632303444,0.021812347435592176,0.014009692560804624,0.1929401689835444,0.23431596159934998,0.12504675781726837,0.1092692037820816,18.4,18.4,trapezoid_from_zero_normalized_by_max_fraction
cicids2017_binary,46,rid_8bf0913a12626463db1174068a238121,cnn,integrated_gradients,joint_donor,dependency_preserving,deletion,1,ATTACK,True,1,ATTACK,1.0,0.9999587075144518,50,0.6003255984425777,0.3188008389629277,0.20502848848292987,0.28152475947965006,0.39529710995964784,0.04506219172607784,0.02466779559851314,0.23317588010656431,1.1771519184112549,1.1437132632732392,0.033438655138015694,18.4,18.4,trapezoid_from_zero_normalized_by_max_fraction
cicids2017_binary,46,rid_413d94fc3f4d023fcbb5025f54532935,cnn,integrated_gradients,joint_donor,dependency_preserving,deletion,0,BENIGN,True,0,BENIGN,0.9999999998892256,4.1292374773703455e-05,50,0.24649315554508308,0.09215203828102102,0.033602271435780005,0.15434111726406208,0.2128908841093031,0.029523504536539673,0.01764508291172084,0.11975675475708923,1.0287096500396729,0.7871857933998108,0.2415238566398621,18.4,18.4,trapezoid_from_zero_normalized_by_max_fraction
cicids2017_binary,46,rid_2d7e85ed2cdb8a5f02ad124caeebe429,cnn,integrated_gradients,joint_donor,dependency_preserving,deletion,0,BENIGN,True,0,BENIGN,0.999999999671218,4.129215676632048e-05,50,0.5519507578934203,0.033231816784105,0.021024697996704922,0.5187189411093153,0.5309260598967154,0.016928626015689223,0.009720164249949263,0.4996674191794147,0.4856870770454407,0.26492384248971945,0.22076323455572122,18.4,18.4,trapezoid_from_zero_normalized_by_max_fraction
cicids2017_binary,46,rid_830a74fc8667b1a2e2af223c9d2a2c10,cnn,integrated_gradients,joint_donor,dependency_preserving,deletion,0,BENIGN,True,0,BENIGN,0.9999999829213236,4.127540687193232e-05,50,0.2969514725394749,0.18742572853313477,0.03135050234725136,0.10952574400634014,0.26560097019222356,0.04179058972682015,0.024830428484611065,0.06085810417650246,1.0312730073928833,0.7753503729104995,0.25592263448238384,18.4,18.4,trapezoid_from_zero_normalized_by_max_fraction
cicids2017_binary,46,rid_246eaf0c1fac248deb765083c270bbcc,cnn,integrated_gradients,joint_donor,dependency_preserving,deletion,0,BENIGN,True,0,BENIGN,0.9999984819983184,3.977448386649485e-05,50,0.7000678375717371,0.27695251616864003,0.07792645185303637,0.42311532140309693,0.6221413857187006,0.052892700154152164,0.027795743209985912,0.36863566471152454,0.8249209523200989,0.7451921541690827,0.07972879815101619,18.4,18.4,trapezoid_from_zero_normalized_by_max_fraction
cicids2017_binary,46,rid_1326d7841b59c92665d871af5511e3f8,cnn,integrated_gradients,joint_donor,dependency_preserving,deletion,1,ATTACK,True,1,ATTACK,1.0,0.9999587075144518,50,0.9461103280554062,0.6293725181709249,0.18548832899530274,0.3167378098844813,0.7606219990601034,0.0522052060895033,0.0252131087342623,0.2673201167653272,1.9887216091156006,1.9415155916213986,0.047206017494201946,18.4,18.4,trapezoid_from_zero_normalized_by_max_fraction
cicids2017_binary,46,rid_f4e85fd27b14cf91010e12816d23de82,cnn,integrated_gradients,joint_donor,dependency_preserving,deletion,1,ATTACK,True,1,ATTACK,1.0,0.9999587075144518,50,0.5696985993148701,0.4189478063861163,0.20734084955647214,0.1507507929287538,0.36235774975839796,0.055832357559470816,0.02779053138844627,0.0962813514073991,1.6524803638458252,1.715341959476471,-0.06286159563064575,18.4,18.4,trapezoid_from_zero_normalized_by_max_fraction
cicids2017_binary,46,rid_5852990d34963aaadad7e90ef9bf633d,cnn,integrated_gradients,joint_donor,dependency_preserving,deletion,1,ATTACK,True,1,ATTACK,1.0,0.9999587075144518,50,0.2780931144952774,0.549230759671308,0.15594489764506025,-0.27113764517603056,0.12214821685021715,0.047258184362745405,0.024549677733358977,-0.3192550135334142,1.8223819732666016,1.6823717160224916,0.14001025724410998,18.4,18.4,trapezoid_from_zero_normalized_by_max_fraction
cicids2017_binary,46,rid_91629040875b5b88fe453003d3c24213,cnn,integrated_gradients,joint_donor,dependency_preserving,deletion,1,ATTACK,True,1,ATTACK,1.0,0.9999587075144518,50,0.7571956390356263,0.6155605107662341,0.22572322297410513,0.14163512826939223,0.5314724160615212,0.05666985269614968,0.02696902152307297,0.08877584608416922,1.6112022399902344,1.670121404647827,-0.058919164657592615,18.4,18.4,trapezoid_from_zero_normalized_by_max_fraction
cicids2017_binary,46,rid_ef9fb628d94de42604b08b84713e8ae5,cnn,integrated_gradients,joint_donor,dependency_preserving,deletion,1,ATTACK,True,1,ATTACK,1.0,0.9999587075144518,50,0.8316616049663026,0.5748075350434949,0.18549946635886316,0.2568540699228077,0.6461621386074394,0.05257356665853921,0.025735336583588297,0.20641281021897462,2.298643112182617,2.1701501722335816,0.12849293994903555,18.4,18.4,trapezoid_from_zero_normalized_by_max_fraction
cicids2017_binary,46,rid_74105010942e741d7107c797b640545a,cnn,integrated_gradients,joint_donor,dependency_preserving,deletion,1,ATTACK,True,1,ATTACK,1.0,0.9999587075144518,50,0.8440414482379204,0.5195298063334436,0.1507935737410817,0.3245116419044768,0.6932478744968387,0.04579915280391646,0.02448018752429105,0.27653047435686634,1.830105185508728,1.7119421625137332,0.11816302299499482,18.4,18.4,trapezoid_from_zero_normalized_by_max_fraction
cicids2017_binary,46,rid_2db54221168e8f586f9c78bb4918b5d4,cnn,integrated_gradients,joint_donor,dependency_preserving,deletion,0,BENIGN,True,0,BENIGN,0.9999999382816896,4.123076723772101e-05,50,0.6441241942685441,0.19886023924851065,0.053659644404159844,0.44526395502003335,0.5904645498643842,0.04457040049610802,0.024266537091845893,0.3977015423200154,1.0849387645721436,0.970710995197296,0.11422776937484758,18.4,18.4,trapezoid_from_zero_normalized_by_max_fraction
cicids2017_binary,46,rid_c11a696fc62e305df7821a36403017a4,cnn,integrated_gradients,joint_donor,dependency_preserving,deletion,0,BENIGN,True,0,BENIGN,0.9999999999822142,4.129246776238271e-05,50,0.19954145793805392,0.11578722968075295,0.03521460885858692,0.08375422825730094,0.16432684907946696,0.031298013705625696,0.019581652052693188,0.045374190234022296,1.0071523189544678,1.1611349111795426,-0.15398259222507482,18.4,18.4,trapezoid_from_zero_normalized_by_max_fraction
cicids2017_binary,46,rid_591657dbc51fa5cba6110e4a2bc0389d,cnn,integrated_gradients,joint_donor,dependency_preserving,deletion,0,BENIGN,True,0,BENIGN,0.9999999998311224,4.129231667050759e-05,50,0.0020318772412140414,0.05617889093265396,0.020767642309957302,-0.05414701369143993,-0.01873576506874326,0.021073569289102673,0.011609405118096192,-0.07690144772290847,2.2541885375976562,2.3232502555847168,-0.06906171798706051,18.4,18.4,trapezoid_from_zero_normalized_by_max_fraction
cicids2017_binary,46,rid_c37e7f18a6e72502c51b38a935c05fe1,cnn,integrated_gradients,joint_donor,dependency_preserving,insertion,1,ATTACK,True,1,ATTACK,1.0,0.9999587075144518,50,0.9499720811764146,0.8053439232072428,0.4724922157944522,0.1446281579691718,0.4774798653819624,0.035379300171519884,0.01778177628367944,0.1097758764531601,1.924202561378479,1.6361977350711823,0.28800482630729674,18.4,18.4,trapezoid_from_zero_normalized_by_max_fraction
cicids2017_binary,46,rid_37cd12f48d67404f18703652ce8ca9d9,cnn,integrated_gradients,joint_donor,dependency_preserving,insertion,0,BENIGN,True,0,BENIGN,0.9999995249014262,4.081738697436776e-05,50,-0.0011669343564946644,-0.18727756051525452,-0.29060001376973504,0.18611062615875984,0.2894330794132404,0.04593495668818996,0.021421087230548422,0.14412529518688494,0.23431596159934998,0.12504675781726837,0.1092692037820816,18.4,18.4,trapezoid_from_zero_normalized_by_max_fraction
cicids2017_binary,46,rid_8bf0913a12626463db1174068a238121,cnn,integrated_gradients,joint_donor,dependency_preserving,insertion,1,ATTACK,True,1,ATTACK,1.0,0.9999587075144518,50,-0.2664044376501824,-0.46621237502419244,-0.5056515796449648,0.19980793737401004,0.2392471419947823,0.058179180914632464,0.027761301553437465,0.1453957863292726,1.1771519184112549,1.1437132632732392,0.033438655138015694,18.4,18.4,trapezoid_from_zero_normalized_by_max_fraction
cicids2017_binary,46,rid_413d94fc3f4d023fcbb5025f54532935,cnn,integrated_gradients,joint_donor,dependency_preserving,insertion,0,BENIGN,True,0,BENIGN,0.9999999998892256,4.1292374773703455e-05,50,0.862692439315971,0.709722795072601,0.5868788551906579,0.15296964424336976,0.275813584125313,0.05043920794442719,0.023662198303818962,0.1065917355678846,1.0287096500396729,0.7871857933998108,0.2415238566398621,18.4,18.4,trapezoid_from_zero_normalized_by_max_fraction
cicids2017_binary,46,rid_2d7e85ed2cdb8a5f02ad124caeebe429,cnn,integrated_gradients,joint_donor,dependency_preserving,insertion,0,BENIGN,True,0,BENIGN,0.999999999671218,4.129215676632048e-05,50,-0.0004339166852706022,-0.18618413564445563,-0.3347546312563825,0.18575021895918503,0.33432071457111184,0.045762740666909336,0.02165154991035259,0.14331318113489394,0.4856870770454407,0.26492384248971945,0.22076323455572122,18.4,18.4,trapezoid_from_zero_normalized_by_max_fraction
cicids2017_binary,46,rid_830a74fc8667b1a2e2af223c9d2a2c10,cnn,integrated_gradients,joint_donor,dependency_preserving,insertion,0,BENIGN,True,0,BENIGN,0.9999999829213236,4.127540687193232e-05,50,0.6999995620561279,0.7419395538520384,0.6583469557163323,-0.04193999179591052,0.04165260633979566,0.044979149090572955,0.02347430962059872,-0.08794963865228402,1.0312730073928833,0.7753503729104995,0.25592263448238384,18.4,18.4,trapezoid_from_zero_normalized_by_max_fraction
cicids2017_binary,46,rid_246eaf0c1fac248deb765083c270bbcc,cnn,integrated_gradients,joint_donor,dependency_preserving,insertion,0,BENIGN,True,0,BENIGN,0.9999984819983184,3.977448386649485e-05,50,0.9487173886099831,0.7942878849359625,0.6074843837837163,0.1544295036740206,0.34123300482626684,0.04454490141474972,0.020604186415756533,0.11404529829913782,0.8249209523200989,0.7451921541690827,0.07972879815101619,18.4,18.4,trapezoid_from_zero_normalized_by_max_fraction
cicids2017_binary,46,rid_1326d7841b59c92665d871af5511e3f8,cnn,integrated_gradients,joint_donor,dependency_preserving,insertion,1,ATTACK,True,1,ATTACK,1.0,0.9999587075144518,50,-0.1558088857772418,-0.1827090695966594,-0.5412299177054959,0.026900183819417577,0.38542103192825405,0.03732097599363915,0.018890481906593388,-0.010125160717505466,1.9887216091156006,1.9415155916213986,0.047206017494201946,18.4,18.4,trapezoid_from_zero_normalized_by_max_fraction
cicids2017_binary,46,rid_f4e85fd27b14cf91010e12816d23de82,cnn,integrated_gradients,joint_donor,dependency_preserving,insertion,1,ATTACK,True,1,ATTACK,1.0,0.9999587075144518,50,0.7000000347069715,0.5412286975160303,0.42824097221942187,0.15877133719094128,0.27175906248754966,0.06003071147224142,0.028355283158541335,0.10319498220020026,1.6524803638458252,1.715341959476471,-0.06286159563064575,18.4,18.4,trapezoid_from_zero_normalized_by_max_fraction
cicids2017_binary,46,rid_5852990d34963aaadad7e90ef9bf633d,cnn,integrated_gradients,joint_donor,dependency_preserving,insertion,1,ATTACK,True,1,ATTACK,1.0,0.9999587075144518,50,0.7918689388261825,0.7053440113045742,0.36977642139964595,0.08652492752160823,0.4220925174265366,0.04579264387031302,0.022346252683643708,0.042726272261666566,1.8223819732666016,1.6823717160224916,0.14001025724410998,18.4,18.4,trapezoid_from_zero_normalized_by_max_fraction
cicids2017_binary,46,rid_91629040875b5b88fe453003d3c24213,cnn,integrated_gradients,joint_donor,dependency_preserving,insertion,1,ATTACK,True,1,ATTACK,1.0,0.9999587075144518,50,-0.3126488260924816,-0.17605905915292389,-0.5394665448398961,-0.13658976693955768,0.2268177187474144,0.02908358006387259,0.016442154113399554,-0.1688163890018208,1.6112022399902344,1.670121404647827,-0.058919164657592615,18.4,18.4,trapezoid_from_zero_normalized_by_max_fraction
cicids2017_binary,46,rid_ef9fb628d94de42604b08b84713e8ae5,cnn,integrated_gradients,joint_donor,dependency_preserving,insertion,1,ATTACK,True,1,ATTACK,1.0,0.9999587075144518,50,-0.25919941961015863,-0.17955584449897785,-0.5826007704963276,-0.07964357511118081,0.3234013508861689,0.03274156963475724,0.016897978161600425,-0.11276361230791765,2.298643112182617,2.1701501722335816,0.12849293994903555,18.4,18.4,trapezoid_from_zero_normalized_by_max_fraction
cicids2017_binary,46,rid_74105010942e741d7107c797b640545a,cnn,integrated_gradients,joint_donor,dependency_preserving,insertion,1,ATTACK,True,1,ATTACK,1.0,0.9999587075144518,50,0.8500000051427531,0.6936125497642316,0.44037597601065465,0.15638745537852144,0.40962402913209844,0.044453621001100584,0.020865443015167334,0.11549118706879347,1.830105185508728,1.7119421625137332,0.11816302299499482,18.4,18.4,trapezoid_from_zero_normalized_by_max_fraction
cicids2017_binary,46,rid_2db54221168e8f586f9c78bb4918b5d4,cnn,integrated_gradients,joint_donor,dependency_preserving,insertion,0,BENIGN,True,0,BENIGN,0.9999999382816896,4.123076723772101e-05,50,0.949998648927635,0.7491196822329483,0.5390224439987596,0.20087896669468655,0.4109762049288752,0.04647113216177773,0.021194212591435658,0.15933831001547266,1.0849387645721436,0.970710995197296,0.11422776937484758,18.4,18.4,trapezoid_from_zero_normalized_by_max_fraction
cicids2017_binary,46,rid_c11a696fc62e305df7821a36403017a4,cnn,integrated_gradients,joint_donor,dependency_preserving,insertion,0,BENIGN,True,0,BENIGN,0.9999999999822142,4.129246776238271e-05,50,0.8500222648249487,0.7782831304411688,0.6625729988991504,0.07173913438377993,0.1874492659257984,0.036951194821671404,0.018617993001646797,0.035247868100552214,1.0071523189544678,1.1611349111795426,-0.15398259222507482,18.4,18.4,trapezoid_from_zero_normalized_by_max_fraction
cicids2017_binary,46,rid_591657dbc51fa5cba6110e4a2bc0389d,cnn,integrated_gradients,joint_donor,dependency_preserving,insertion,0,BENIGN,True,0,BENIGN,0.9999999998311224,4.129231667050759e-05,50,0.6791279825563166,0.7833441605898048,0.6922612902363503,-0.1042161780334883,-0.01313330768003377,0.03745089576367458,0.018910441645739615,-0.14128064365913795,2.2541885375976562,2.3232502555847168,-0.06906171798706051,18.4,18.4,trapezoid_from_zero_normalized_by_max_fraction
cicids2017_binary,46,rid_c37e7f18a6e72502c51b38a935c05fe1,cnn,integrated_gradients,target_class_donor,dependency_preserving_conditional_on_class,deletion,1,ATTACK,True,1,ATTACK,1.0,0.9999587075144518,50,0.44219558122567837,0.2391410581378004,0.07067539208504606,0.20305452308787791,0.3715201891406323,0.0453784388865752,0.024432986781762107,0.15516586899562418,2.238964080810547,2.0979757232666016,0.14098835754394523,18.4,18.4,trapezoid_from_zero_normalized_by_max_fraction
cicids2017_binary,46,rid_37cd12f48d67404f18703652ce8ca9d9,cnn,integrated_gradients,target_class_donor,dependency_preserving_conditional_on_class,deletion,0,BENIGN,True,0,BENIGN,0.9999995249014262,4.081738697436776e-05,50,0.01672601840354133,0.009928321980201986,0.003973423747004278,0.006797696423339343,0.012752594656537053,0.0063768659979846305,0.005336476510467557,-0.003661797537177068,0.07240849733352661,0.03970329528674483,0.03270520204678178,18.4,18.4,trapezoid_from_zero_normalized_by_max_fraction
cicids2017_binary,46,rid_8bf0913a12626463db1174068a238121,cnn,integrated_gradients,target_class_donor,dependency_preserving_conditional_on_class,deletion,1,ATTACK,True,1,ATTACK,1.0,0.9999587075144518,50,0.32858389473985883,0.291694555488506,0.11709681491083757,0.03688933925135281,0.21148707982902124,0.04818285082793301,0.025940663239552204,-0.013954360698169514,0.6379346251487732,0.5508529947996139,0.08708163034915928,18.4,18.4,trapezoid_from_zero_normalized_by_max_fraction
cicids2017_binary,46,rid_413d94fc3f4d023fcbb5025f54532935,cnn,integrated_gradients,target_class_donor,dependency_preserving_conditional_on_class,deletion,0,BENIGN,True,0,BENIGN,0.9999999998892256,4.1292374773703455e-05,50,3.4864017612767914e-06,0.0075117855012014085,0.0072891481505365455,-0.007508299099440132,-0.007285661748775269,0.005175074234433014,0.0027508030057859655,-0.012899872990780624,0.45399460196495056,0.2162690242230892,0.23772557774186137,18.4,18.4,trapezoid_from_zero_normalized_by_max_fraction
cicids2017_binary,46,rid_2d7e85ed2cdb8a5f02ad124caeebe429,cnn,integrated_gradients,target_class_donor,dependency_preserving_conditional_on_class,deletion,0,BENIGN,True,0,BENIGN,0.999999999671218,4.129215676632048e-05,50,2.893735594150515e-05,0.010850701582897382,0.010860371840630451,-0.010821764226955877,-0.010831434484688946,0.006847389688082739,0.0064011770625790505,-0.023368071269610817,0.5218081474304199,0.3259057123661041,0.19590243506431582,18.4,18.4,trapezoid_from_zero_normalized_by_max_fraction
cicids2017_binary,46,rid_830a74fc8667b1a2e2af223c9d2a2c10,cnn,integrated_gradients,target_class_donor,dependency_preserving_conditional_on_class,deletion,0,BENIGN,True,0,BENIGN,0.9999999829213236,4.127540687193232e-05,50,0.007757095407018855,0.010603819670422154,0.009796663611306046,-0.0028467242634032984,-0.0020395682042871916,0.009429807573749234,0.005524888363200331,-0.013675505455275946,1.2255876064300537,1.0847161910533905,0.14087141537666326,18.4,18.4,trapezoid_from_zero_normalized_by_max_fraction
cicids2017_binary,46,rid_246eaf0c1fac248deb765083c270bbcc,cnn,integrated_gradients,target_class_donor,dependency_preserving_conditional_on_class,deletion,0,BENIGN,True,0,BENIGN,0.9999984819983184,3.977448386649485e-05,50,0.02015577346617814,0.008572356782751634,0.009133789030913211,0.011583416683426506,0.011021984435264925,0.005287905159351193,0.005158430563771789,0.0014728927784337983,0.13602326810359955,0.11060789950191977,0.025415368601679783,18.4,18.4,trapezoid_from_zero_normalized_by_max_fraction
cicids2017_binary,46,rid_1326d7841b59c92665d871af5511e3f8,cnn,integrated_gradients,target_class_donor,dependency_preserving_conditional_on_class,deletion,1,ATTACK,True,1,ATTACK,1.0,0.9999587075144518,50,0.5187609309126855,0.4015154788116645,0.15109024811121813,0.11724545210102105,0.3676706828014674,0.05995839484881213,0.03001064588556013,0.05842458616532319,1.7968190908432007,1.7016862609386443,0.0951328299045564,18.4,18.4,trapezoid_from_zero_normalized_by_max_fraction
cicids2017_binary,46,rid_f4e85fd27b14cf91010e12816d23de82,cnn,integrated_gradients,target_class_donor,dependency_preserving_conditional_on_class,deletion,1,ATTACK,True,1,ATTACK,1.0,0.9999587075144518,50,0.9465183863612765,0.20931208718956623,0.19725906849438615,0.7372062991717103,0.7492593178668905,0.0446049148107651,0.0226477670459427,0.6928166757616626,0.8507547378540039,0.6955938028097153,0.15516093504428863,18.4,18.4,trapezoid_from_zero_normalized_by_max_fraction
cicids2017_binary,46,rid_5852990d34963aaadad7e90ef9bf633d,cnn,integrated_gradients,target_class_donor,dependency_preserving_conditional_on_class,deletion,1,ATTACK,True,1,ATTACK,1.0,0.9999587075144518,50,0.6530850644747261,0.35552503409050973,0.21108084449079206,0.2975600303842163,0.44200421998393397,0.052081512042435524,0.02812613877861532,0.24243279837813028,1.757014513015747,1.6500459342002867,0.1069685788154604,18.4,18.4,trapezoid_from_zero_normalized_by_max_fraction
cicids2017_binary,46,rid_91629040875b5b88fe453003d3c24213,cnn,integrated_gradients,target_class_donor,dependency_preserving_conditional_on_class,deletion,1,ATTACK,True,1,ATTACK,1.0,0.9999587075144518,50,0.6398499051574618,0.4348396595708419,0.20159528431952756,0.2050102455866198,0.4382546208379342,0.05574591946913458,0.027460169963651953,0.15118831245786196,1.607855200767517,1.6716196339130398,-0.06376443314552271,18.4,18.4,trapezoid_from_zero_normalized_by_max_fraction
cicids2017_binary,46,rid_ef9fb628d94de42604b08b84713e8ae5,cnn,integrated_gradients,target_class_donor,dependency_preserving_conditional_on_class,deletion,1,ATTACK,True,1,ATTACK,1.0,0.9999587075144518,50,0.649855697982457,0.41699487230587107,0.16153731908417973,0.23286082567658606,0.48831837889827734,0.05315423104506256,0.028053690364804314,0.1778755925615696,0.7298750877380371,0.8469832209348679,-0.11710813319683078,18.4,18.4,trapezoid_from_zero_normalized_by_max_fraction
cicids2017_binary,46,rid_74105010942e741d7107c797b640545a,cnn,integrated_gradients,target_class_donor,dependency_preserving_conditional_on_class,deletion,1,ATTACK,True,1,ATTACK,1.0,0.9999587075144518,50,0.3423063422284258,0.3323123837870885,0.16252569095818648,0.009993958441337325,0.17978065127023932,0.05116906572986249,0.02624921872820016,-0.04145451026593499,1.8034007549285889,1.858090208530426,-0.05468945360183719,18.4,18.4,trapezoid_from_zero_normalized_by_max_fraction
cicids2017_binary,46,rid_2db54221168e8f586f9c78bb4918b5d4,cnn,integrated_gradients,target_class_donor,dependency_preserving_conditional_on_class,deletion,0,BENIGN,True,0,BENIGN,0.9999999382816896,4.123076723772101e-05,50,0.13822408462466457,0.01229222604782062,0.002789823830231381,0.12593185857684394,0.1354342607944332,0.007318489838992364,0.004566902934571282,0.11698072882508423,0.09637017548084259,0.05687073799967766,0.03949943748116493,18.4,18.4,trapezoid_from_zero_normalized_by_max_fraction
cicids2017_binary,46,rid_c11a696fc62e305df7821a36403017a4,cnn,integrated_gradients,target_class_donor,dependency_preserving_conditional_on_class,deletion,0,BENIGN,True,0,BENIGN,0.9999999999822142,4.129246776238271e-05,50,0.018958999924481867,0.004693778697928478,0.005333320636439016,0.014265221226553389,0.013625679288042852,0.0036790249200695044,0.0026041759753934863,0.009161036314782156,1.2023900747299194,1.1134767098426819,0.08891336488723756,18.4,18.4,trapezoid_from_zero_normalized_by_max_fraction
cicids2017_binary,46,rid_591657dbc51fa5cba6110e4a2bc0389d,cnn,integrated_gradients,target_class_donor,dependency_preserving_conditional_on_class,deletion,0,BENIGN,True,0,BENIGN,0.9999999998311224,4.129231667050759e-05,50,0.00023734278259656126,0.02357933880020645,0.02649155218650563,-0.02334199601760989,-0.02625420940390907,0.011342219881778168,0.006578651953675593,-0.03623615384681405,2.2687268257141113,2.2490536360740663,0.019673189640045052,18.4,18.4,trapezoid_from_zero_normalized_by_max_fraction
cicids2017_binary,46,rid_c37e7f18a6e72502c51b38a935c05fe1,cnn,integrated_gradients,target_class_donor,dependency_preserving_conditional_on_class,insertion,1,ATTACK,True,1,ATTACK,1.0,0.9999587075144518,50,-1.0725855827331546e-05,-0.05750888083432801,-0.1480381400961487,0.05749815497850067,0.14802741424032137,0.023150409721027533,0.012028601951472177,0.0339220951536152,2.238964080810547,2.0979757232666016,0.14098835754394523,18.4,18.4,trapezoid_from_zero_normalized_by_max_fraction
cicids2017_binary,46,rid_37cd12f48d67404f18703652ce8ca9d9,cnn,integrated_gradients,target_class_donor,dependency_preserving_conditional_on_class,insertion,0,BENIGN,True,0,BENIGN,0.9999995249014262,4.081738697436776e-05,50,-3.440505948482109e-05,-0.0004827278759152872,-0.013082429685202642,0.0004483228164304661,0.013048024625717821,0.00041153000512443935,0.00031258291727453047,-0.00016433970142761358,0.07240849733352661,0.03970329528674483,0.03270520204678178,18.4,18.4,trapezoid_from_zero_normalized_by_max_fraction
cicids2017_binary,46,rid_8bf0913a12626463db1174068a238121,cnn,integrated_gradients,target_class_donor,dependency_preserving_conditional_on_class,insertion,1,ATTACK,True,1,ATTACK,1.0,0.9999587075144518,50,-0.20552246407605707,-0.11991211295200627,-0.25909749505800433,-0.0856103511240508,0.0535750309819473,0.039090797600342946,0.018713071197063114,-0.12228797067029451,0.6379346251487732,0.5508529947996139,0.08708163034915928,18.4,18.4,trapezoid_from_zero_normalized_by_max_fraction
cicids2017_binary,46,rid_413d94fc3f4d023fcbb5025f54532935,cnn,integrated_gradients,target_class_donor,dependency_preserving_conditional_on_class,insertion,0,BENIGN,True,0,BENIGN,0.9999999998892256,4.1292374773703455e-05,50,-2.5969840961037612e-08,-0.006419948059056114,-0.016993507694899337,0.006419922089215153,0.01699348172505838,0.006397090329884267,0.004746589297238241,-0.0028833929333717994,0.45399460196495056,0.2162690242230892,0.23772557774186137,18.4,18.4,trapezoid_from_zero_normalized_by_max_fraction
cicids2017_binary,46,rid_2d7e85ed2cdb8a5f02ad124caeebe429,cnn,integrated_gradients,target_class_donor,dependency_preserving_conditional_on_class,insertion,0,BENIGN,True,0,BENIGN,0.999999999671218,4.129215676632048e-05,50,-2.2827542102143993e-07,-0.0007088353766726693,-0.0066609696740838106,0.0007086071012516478,0.006660741398662789,0.000575642463420806,0.00033592944463149384,5.0185389773919854e-05,0.5218081474304199,0.3259057123661041,0.19590243506431582,18.4,18.4,trapezoid_from_zero_normalized_by_max_fraction
cicids2017_binary,46,rid_830a74fc8667b1a2e2af223c9d2a2c10,cnn,integrated_gradients,target_class_donor,dependency_preserving_conditional_on_class,insertion,0,BENIGN,True,0,BENIGN,0.9999999829213236,4.127540687193232e-05,50,-8.252128806951475e-08,-0.0019364003860859558,-0.0037949349111304725,0.0019363178647978864,0.0037948523898424028,0.0014862461693162109,0.001428271442753183,-0.0008630941629983522,1.2255876064300537,1.0847161910533905,0.14087141537666326,18.4,18.4,trapezoid_from_zero_normalized_by_max_fraction
cicids2017_binary,46,rid_246eaf0c1fac248deb765083c270bbcc,cnn,integrated_gradients,target_class_donor,dependency_preserving_conditional_on_class,insertion,0,BENIGN,True,0,BENIGN,0.9999984819983184,3.977448386649485e-05,50,-8.737368603579654e-05,-2.055510071442246e-05,-0.006622310231299621,-6.681858532137409e-05,0.006534936545263825,1.3587005190958974e-05,8.4476157270587e-06,-8.337591214640914e-05,0.13602326810359955,0.11060789950191977,0.025415368601679783,18.4,18.4,trapezoid_from_zero_normalized_by_max_fraction
cicids2017_binary,46,rid_1326d7841b59c92665d871af5511e3f8,cnn,integrated_gradients,target_class_donor,dependency_preserving_conditional_on_class,insertion,1,ATTACK,True,1,ATTACK,1.0,0.9999587075144518,50,-0.14956204271875323,-0.08383983007582903,-0.2874849529723188,-0.06572221264292422,0.13792291025356557,0.02550678980890207,0.013253711592693453,-0.09169948736460339,1.7968190908432007,1.7016862609386443,0.0951328299045564,18.4,18.4,trapezoid_from_zero_normalized_by_max_fraction
cicids2017_binary,46,rid_f4e85fd27b14cf91010e12816d23de82,cnn,integrated_gradients,target_class_donor,dependency_preserving_conditional_on_class,insertion,1,ATTACK,True,1,ATTACK,1.0,0.9999587075144518,50,-1.7350912094116212e-05,-0.2503199622406161,-0.2775292350943256,0.25030261132852194,0.27751188418223144,0.04802465531861469,0.024405959568050778,0.20246693057514242,0.8507547378540039,0.6955938028097153,0.15516093504428863,18.4,18.4,trapezoid_from_zero_normalized_by_max_fraction
cicids2017_binary,46,rid_5852990d34963aaadad7e90ef9bf633d,cnn,integrated_gradients,target_class_donor,dependency_preserving_conditional_on_class,insertion,1,ATTACK,True,1,ATTACK,1.0,0.9999587075144518,50,-0.0018153309822082518,-0.13077596636415748,-0.31475417255233273,0.1289606353819492,0.3129388415701244,0.031656716269383885,0.015331253934252302,0.0989113776708147,1.757014513015747,1.6500459342002867,0.1069685788154604,18.4,18.4,trapezoid_from_zero_normalized_by_max_fraction
cicids2017_binary,46,rid_91629040875b5b88fe453003d3c24213,cnn,integrated_gradients,target_class_donor,dependency_preserving_conditional_on_class,insertion,1,ATTACK,True,1,ATTACK,1.0,0.9999587075144518,50,-0.24589343778789044,-0.1061868332846982,-0.18258084581588674,-0.13970660450319225,-0.06331259197200372,0.02803869699741198,0.015144901248563113,-0.16939061095037594,1.607855200767517,1.6716196339130398,-0.06376443314552271,18.4,18.4,trapezoid_from_zero_normalized_by_max_fraction
cicids2017_binary,46,rid_ef9fb628d94de42604b08b84713e8ae5,cnn,integrated_gradients,target_class_donor,dependency_preserving_conditional_on_class,insertion,1,ATTACK,True,1,ATTACK,1.0,0.9999587075144518,50,-0.02613608241081238,-0.08839844511950104,-0.19810444654072293,0.06226236270868867,0.17196836412991057,0.032058550912973355,0.014727384401500185,0.03339668928174831,0.7298750877380371,0.8469832209348679,-0.11710813319683078,18.4,18.4,trapezoid_from_zero_normalized_by_max_fraction
cicids2017_binary,46,rid_74105010942e741d7107c797b640545a,cnn,integrated_gradients,target_class_donor,dependency_preserving_conditional_on_class,insertion,1,ATTACK,True,1,ATTACK,1.0,0.9999587075144518,50,0.0,-0.1237601470041582,-0.2826868082139031,0.1237601470041582,0.2826868082139031,0.03286012179235556,0.016722696851561764,0.09098366117509715,1.8034007549285889,1.858090208530426,-0.05468945360183719,18.4,18.4,trapezoid_from_zero_normalized_by_max_fraction
cicids2017_binary,46,rid_2db54221168e8f586f9c78bb4918b5d4,cnn,integrated_gradients,target_class_donor,dependency_preserving_conditional_on_class,insertion,0,BENIGN,True,0,BENIGN,0.9999999382816896,4.123076723772101e-05,50,2.873410078541028e-07,-0.0005329138760121917,-0.004973025329715609,0.0005332012170200458,0.0049733126707234634,0.00043950773876076324,0.00033415519293289155,-0.00012174296112842163,0.09637017548084259,0.05687073799967766,0.03949943748116493,18.4,18.4,trapezoid_from_zero_normalized_by_max_fraction
cicids2017_binary,46,rid_c11a696fc62e305df7821a36403017a4,cnn,integrated_gradients,target_class_donor,dependency_preserving_conditional_on_class,insertion,0,BENIGN,True,0,BENIGN,0.9999999999822142,4.129246776238271e-05,50,-0.015289309837320943,-0.0034135289538520393,-0.005006380268468827,-0.011875780883468903,-0.010282929568852114,0.0019249184918113467,0.0015865429339313908,-0.01498540503397443,1.2023900747299194,1.1134767098426819,0.08891336488723756,18.4,18.4,trapezoid_from_zero_normalized_by_max_fraction
cicids2017_binary,46,rid_591657dbc51fa5cba6110e4a2bc0389d,cnn,integrated_gradients,target_class_donor,dependency_preserving_conditional_on_class,insertion,0,BENIGN,True,0,BENIGN,0.9999999998311224,4.129231667050759e-05,50,-0.01720646091654885,-0.026121523754683525,-0.04469282643499898,0.008915062838134674,0.027486365518450132,0.012243679687046434,0.008055358003830879,-0.006873438849373848,2.2687268257141113,2.2490536360740663,0.019673189640045052,18.4,18.4,trapezoid_from_zero_normalized_by_max_fraction
cicids2017_binary,46,rid_c37e7f18a6e72502c51b38a935c05fe1,cnn,integrated_gradients,conditional_gaussian_mean,conditional_on_retained_coordinates,deletion,1,ATTACK,True,1,ATTACK,1.0,0.9999587075144518,50,0.0,4.1246414184570316e-08,0.0,-4.1246414184570316e-08,0.0,4.124641418457031e-08,4.124641418457031e-08,-1.2208938598632812e-07,1.893357515335083,1.6467659070491791,0.24659160828590387,18.4,18.4,trapezoid_from_zero_normalized_by_max_fraction
cicids2017_binary,46,rid_37cd12f48d67404f18703652ce8ca9d9,cnn,integrated_gradients,conditional_gaussian_mean,conditional_on_retained_coordinates,deletion,0,BENIGN,True,0,BENIGN,0.9999995249014262,4.081738697436776e-05,50,-1.5254987317803165e-07,1.410020341573226e-06,2.0760060792213153e-07,-1.562570214751258e-06,-3.601504811001632e-07,7.070463406581875e-07,4.947827986434818e-07,-2.532344500092482e-06,0.8799821138381958,0.6389758940935135,0.24100621974468228,18.4,18.4,trapezoid_from_zero_normalized_by_max_fraction
cicids2017_binary,46,rid_8bf0913a12626463db1174068a238121,cnn,integrated_gradients,conditional_gaussian_mean,conditional_on_retained_coordinates,deletion,1,ATTACK,True,1,ATTACK,1.0,0.9999587075144518,50,0.0,0.0,2.384185791015625e-10,0.0,-2.384185791015625e-10,0.0,0.0,0.0,0.9245777130126953,0.9362865812778474,-0.01170886826515205,18.4,18.4,trapezoid_from_zero_normalized_by_max_fraction
cicids2017_binary,46,rid_413d94fc3f4d023fcbb5025f54532935,cnn,integrated_gradients,conditional_gaussian_mean,conditional_on_retained_coordinates,deletion,0,BENIGN,True,0,BENIGN,0.9999999998892256,4.1292374773703455e-05,50,5.277911950818393e-08,2.8675132432137707e-06,1.741029623170132e-08,-2.814734123705587e-06,3.53688232764826e-08,2.7200388960094942e-06,2.7176113574105438e-06,-8.141252384230254e-06,0.9882424473762512,0.760083781480789,0.2281586658954622,18.4,18.4,trapezoid_from_zero_normalized_by_max_fraction
cicids2017_binary,46,rid_2d7e85ed2cdb8a5f02ad124caeebe429,cnn,integrated_gradients,conditional_gaussian_mean,conditional_on_retained_coordinates,deletion,0,BENIGN,True,0,BENIGN,0.999999999671218,4.129215676632048e-05,50,0.0004754712648654791,1.1873667502174444e-05,3.568950488230804e-08,0.0004635975973633047,0.00047543557536059686,1.1759899409575842e-05,1.1756417046143758e-05,0.00044055501995286296,1.0223801136016846,0.8004027360677719,0.22197737753391267,18.4,18.4,trapezoid_from_zero_normalized_by_max_fraction
cicids2017_binary,46,rid_830a74fc8667b1a2e2af223c9d2a2c10,cnn,integrated_gradients,conditional_gaussian_mean,conditional_on_retained_coordinates,deletion,0,BENIGN,True,0,BENIGN,0.9999999829213236,4.127540687193232e-05,50,5.022400243692716e-07,0.0002340015429369904,5.038409092716911e-08,-0.00023349930291262112,4.518559334421024e-07,0.00023391786801232008,0.0002339075219762038,-0.0006919580459859805,0.811418354511261,0.6006906107664107,0.21072774374485026,18.4,18.4,trapezoid_from_zero_normalized_by_max_fraction
cicids2017_binary,46,rid_246eaf0c1fac248deb765083c270bbcc,cnn,integrated_gradients,conditional_gaussian_mean,conditional_on_retained_coordinates,deletion,0,BENIGN,True,0,BENIGN,0.9999984819983184,3.977448386649485e-05,50,-2.349104136101232e-07,2.3686231952613212e-07,6.597846821421171e-08,-4.717727331362553e-07,-3.008888818243349e-07,2.2112622643575045e-07,1.3584019986574826e-07,-7.380195248731218e-07,0.7341232895851135,0.5597030764818192,0.17442021310329436,18.4,18.4,trapezoid_from_zero_normalized_by_max_fraction
cicids2017_binary,46,rid_1326d7841b59c92665d871af5511e3f8,cnn,integrated_gradients,conditional_gaussian_mean,conditional_on_retained_coordinates,deletion,1,ATTACK,True,1,ATTACK,1.0,0.9999587075144518,50,1.4901161193847656e-07,0.11366628994379806,3.743171691894532e-08,-0.1136661409321861,1.1157989501953124e-07,0.034119965144790584,0.021133518598071263,-0.1550878373844058,1.5903351306915283,1.5580142333507538,0.03232089734077448,18.4,18.4,trapezoid_from_zero_normalized_by_max_fraction
cicids2017_binary,46,rid_f4e85fd27b14cf91010e12816d23de82,cnn,integrated_gradients,conditional_gaussian_mean,conditional_on_retained_coordinates,deletion,1,ATTACK,True,1,ATTACK,1.0,0.9999587075144518,50,0.0,0.15836797811554776,1.6498565673828126e-07,-0.15836797811554776,-1.6498565673828126e-07,0.03781219921494548,0.023192240818997237,-0.20382477012078234,1.483060598373413,1.5589554800987244,-0.07589488172531134,18.4,18.4,trapezoid_from_zero_normalized_by_max_fraction
cicids2017_binary,46,rid_5852990d34963aaadad7e90ef9bf633d,cnn,integrated_gradients,conditional_gaussian_mean,conditional_on_retained_coordinates,deletion,1,ATTACK,True,1,ATTACK,1.0,0.9999587075144518,50,1.0728836059570312e-06,0.07600050039884264,4.062652587890625e-07,-0.07599942751523668,6.666183471679687e-07,0.023911383124817692,0.01716989833662465,-0.109652428255021,1.4435069561004639,1.4241409356594086,0.019366020441055287,18.4,18.4,trapezoid_from_zero_normalized_by_max_fraction
cicids2017_binary,46,rid_91629040875b5b88fe453003d3c24213,cnn,integrated_gradients,conditional_gaussian_mean,conditional_on_retained_coordinates,deletion,1,ATTACK,True,1,ATTACK,1.0,0.9999587075144518,50,0.001319754123687744,0.1633082635707767,8.910059928894044e-06,-0.16198850944708895,0.00131084406375885,0.031366714726366304,0.0220584376177658,-0.20522304717790993,1.2215856313705444,1.1929048447608948,0.028680786609649678,18.4,18.4,trapezoid_from_zero_normalized_by_max_fraction
cicids2017_binary,46,rid_ef9fb628d94de42604b08b84713e8ae5,cnn,integrated_gradients,conditional_gaussian_mean,conditional_on_retained_coordinates,deletion,1,ATTACK,True,1,ATTACK,1.0,0.9999587075144518,50,0.0,0.10724416308814129,6.437301635742188e-09,-0.10724416308814129,-6.437301635742188e-09,0.028638453193568197,0.020715611431232715,-0.1478467614933574,1.8691476583480835,1.7600404739379882,0.10910718441009526,18.4,18.4,trapezoid_from_zero_normalized_by_max_fraction
cicids2017_binary,46,rid_74105010942e741d7107c797b640545a,cnn,integrated_gradients,conditional_gaussian_mean,conditional_on_retained_coordinates,deletion,1,ATTACK,True,1,ATTACK,1.0,0.9999587075144518,50,0.00013402104377746582,0.11853799079518683,6.1988830566406255e-09,-0.11840396975140936,0.00013401484489440916,0.015000001873744536,0.013307874656363964,-0.14448740407788274,1.460076928138733,1.3795961902141571,0.08048073792457577,18.4,18.4,trapezoid_from_zero_normalized_by_max_fraction
cicids2017_binary,46,rid_2db54221168e8f586f9c78bb4918b5d4,cnn,integrated_gradients,conditional_gaussian_mean,conditional_on_retained_coordinates,deletion,0,BENIGN,True,0,BENIGN,0.9999999382816896,4.123076723772101e-05,50,1.6860743606272875e-05,4.880871412704657e-08,6.135218498126704e-09,1.681193489214583e-05,1.685460838777475e-05,1.7237993552691132e-08,1.1244214430970175e-08,1.678989623186113e-05,0.7243691682815552,0.5610802367925645,0.1632889314889907,18.4,18.4,trapezoid_from_zero_normalized_by_max_fraction
cicids2017_binary,46,rid_c11a696fc62e305df7821a36403017a4,cnn,integrated_gradients,conditional_gaussian_mean,conditional_on_retained_coordinates,deletion,0,BENIGN,True,0,BENIGN,0.9999999999822142,4.129246776238271e-05,50,0.0001701891456535487,0.006476667863592079,0.00027315962424203185,-0.00630647871793853,-0.00010297047858848321,0.004071951278073378,0.004071887129305299,-0.014287377491376915,0.865506649017334,0.7923596382141114,0.07314701080322261,18.4,18.4,trapezoid_from_zero_normalized_by_max_fraction
cicids2017_binary,46,rid_591657dbc51fa5cba6110e4a2bc0389d,cnn,integrated_gradients,conditional_gaussian_mean,conditional_on_retained_coordinates,deletion,0,BENIGN,True,0,BENIGN,0.9999999998311224,4.129231667050759e-05,50,-1.4438826800855508e-10,-1.1458507598316458e-10,9.502926773564235e-06,-2.98031920253905e-11,-9.503071161832242e-06,2.8611716227455993e-11,2.315430327771838e-11,-7.518562644971853e-11,2.095409393310547,2.1399908151626588,-0.04458142185211189,18.4,18.4,trapezoid_from_zero_normalized_by_max_fraction
cicids2017_binary,46,rid_c37e7f18a6e72502c51b38a935c05fe1,cnn,integrated_gradients,conditional_gaussian_mean,conditional_on_retained_coordinates,insertion,1,ATTACK,True,1,ATTACK,1.0,0.9999587075144518,50,0.9488074841210619,0.9488074838826432,0.8957633891093792,2.38418573772492e-10,0.053044095011682654,2.3841857910156245e-10,2.3841857910156245e-10,-2.288818412665704e-10,1.893357515335083,1.6467659070491791,0.24659160828590387,18.4,18.4,trapezoid_from_zero_normalized_by_max_fraction
cicids2017_binary,46,rid_37cd12f48d67404f18703652ce8ca9d9,cnn,integrated_gradients,conditional_gaussian_mean,conditional_on_retained_coordinates,insertion,0,BENIGN,True,0,BENIGN,0.9999995249014262,4.081738697436776e-05,50,0.0011918980757783968,0.001190617143815949,-0.04000278746798247,1.280931962448044e-06,0.041194685543760864,5.8369101221484e-07,3.17909352231761e-07,6.578296320737924e-07,0.8799821138381958,0.6389758940935135,0.24100621974468228,18.4,18.4,trapezoid_from_zero_normalized_by_max_fraction
cicids2017_binary,46,rid_8bf0913a12626463db1174068a238121,cnn,integrated_gradients,conditional_gaussian_mean,conditional_on_retained_coordinates,insertion,1,ATTACK,True,1,ATTACK,1.0,0.9999587075144518,50,0.9488068850943818,0.900710656456067,0.8742091305298805,0.04809622863831487,0.07459775456450143,0.015222193282884926,0.009334237194436799,0.029801123737218747,0.9245777130126953,0.9362865812778474,-0.01170886826515205,18.4,18.4,trapezoid_from_zero_normalized_by_max_fraction
cicids2017_binary,46,rid_413d94fc3f4d023fcbb5025f54532935,cnn,integrated_gradients,conditional_gaussian_mean,conditional_on_retained_coordinates,insertion,0,BENIGN,True,0,BENIGN,0.9999999998892256,4.1292374773703455e-05,50,-0.04642030839238957,-0.007299624785650033,-0.04706882382671837,-0.039120683606739544,0.0006485154343287905,0.0038681837931819735,0.0038680633999110575,-0.04670208787056522,0.9882424473762512,0.760083781480789,0.2281586658954622,18.4,18.4,trapezoid_from_zero_normalized_by_max_fraction
cicids2017_binary,46,rid_2d7e85ed2cdb8a5f02ad124caeebe429,cnn,integrated_gradients,conditional_gaussian_mean,conditional_on_retained_coordinates,insertion,0,BENIGN,True,0,BENIGN,0.999999999671218,4.129215676632048e-05,50,0.0010912929123298109,-0.004187342094280656,-0.03584632571832532,0.005278635006610468,0.03693761863065513,0.005026565695979873,0.003620291884247819,-0.0018171370865152576,1.0223801136016846,0.8004027360677719,0.22197737753391267,18.4,18.4,trapezoid_from_zero_normalized_by_max_fraction
cicids2017_binary,46,rid_830a74fc8667b1a2e2af223c9d2a2c10,cnn,integrated_gradients,conditional_gaussian_mean,conditional_on_retained_coordinates,insertion,0,BENIGN,True,0,BENIGN,0.9999999829213236,4.127540687193232e-05,50,0.001191725718763781,0.001191932845766483,-0.03320167496941063,-2.0712700270222005e-07,0.03439340068817442,1.5597728727639736e-07,7.715901940283207e-08,-3.583586807317709e-07,0.811418354511261,0.6006906107664107,0.21072774374485026,18.4,18.4,trapezoid_from_zero_normalized_by_max_fraction
cicids2017_binary,46,rid_246eaf0c1fac248deb765083c270bbcc,cnn,integrated_gradients,conditional_gaussian_mean,conditional_on_retained_coordinates,insertion,0,BENIGN,True,0,BENIGN,0.9999984819983184,3.977448386649485e-05,50,0.0011920706587922325,-0.0007892261004833163,-0.055965248614343766,0.0019812967592755487,0.057157319273136,0.0019714877490101495,0.0019495154928012464,-0.0018397536066148941,0.7341232895851135,0.5597030764818192,0.17442021310329436,18.4,18.4,trapezoid_from_zero_normalized_by_max_fraction
cicids2017_binary,46,rid_1326d7841b59c92665d871af5511e3f8,cnn,integrated_gradients,conditional_gaussian_mean,conditional_on_retained_coordinates,insertion,1,ATTACK,True,1,ATTACK,1.0,0.9999587075144518,50,0.9486047210404649,0.8437409450696203,0.872801648559464,0.10486377597084462,0.07580307248100096,0.023730177817296857,0.01472913468165399,0.0759946719948028,1.5903351306915283,1.5580142333507538,0.03232089734077448,18.4,18.4,trapezoid_from_zero_normalized_by_max_fraction
cicids2017_binary,46,rid_f4e85fd27b14cf91010e12816d23de82,cnn,integrated_gradients,conditional_gaussian_mean,conditional_on_retained_coordinates,insertion,1,ATTACK,True,1,ATTACK,1.0,0.9999587075144518,50,0.8123696925351396,0.8218824140712095,0.8694722494052378,-0.00951272153606986,-0.05710255687009817,0.03179539763354765,0.017005029755635233,-0.04284257985711491,1.483060598373413,1.5589554800987244,-0.07589488172531134,18.4,18.4,trapezoid_from_zero_normalized_by_max_fraction
cicids2017_binary,46,rid_5852990d34963aaadad7e90ef9bf633d,cnn,integrated_gradients,conditional_gaussian_mean,conditional_on_retained_coordinates,insertion,1,ATTACK,True,1,ATTACK,1.0,0.9999587075144518,50,0.9488074841210619,0.9061244271836462,0.8571763195378893,0.04268305693741559,0.0916311645831726,0.016531209220144193,0.009859597515046491,0.023358245807924463,1.4435069561004639,1.4241409356594086,0.019366020441055287,18.4,18.4,trapezoid_from_zero_normalized_by_max_fraction
cicids2017_binary,46,rid_91629040875b5b88fe453003d3c24213,cnn,integrated_gradients,conditional_gaussian_mean,conditional_on_retained_coordinates,insertion,1,ATTACK,True,1,ATTACK,1.0,0.9999587075144518,50,0.7988341060932725,0.7162320996977729,0.8466957324045521,0.08260200639549964,-0.04786162631127956,0.043465060013312073,0.023498713819351057,0.03654452730957157,1.2215856313705444,1.1929048447608948,0.028680786609649678,18.4,18.4,trapezoid_from_zero_normalized_by_max_fraction
cicids2017_binary,46,rid_ef9fb628d94de42604b08b84713e8ae5,cnn,integrated_gradients,conditional_gaussian_mean,conditional_on_retained_coordinates,insertion,1,ATTACK,True,1,ATTACK,1.0,0.9999587075144518,50,0.948802155465819,0.9482320695826785,0.8767778717476848,0.0005700858831405697,0.07202428371813403,0.00048006747122789105,0.0003502830651559398,-0.00011646892456507229,1.8691476583480835,1.7600404739379882,0.10910718441009526,18.4,18.4,trapezoid_from_zero_normalized_by_max_fraction
cicids2017_binary,46,rid_74105010942e741d7107c797b640545a,cnn,integrated_gradients,conditional_gaussian_mean,conditional_on_retained_coordinates,insertion,1,ATTACK,True,1,ATTACK,1.0,0.9999587075144518,50,0.8508273225510493,0.8922139539696408,0.8500219421693649,-0.04138663141859142,0.0008053803816845488,0.021978633621429582,0.011455539065206568,-0.0638394879863963,1.460076928138733,1.3795961902141571,0.08048073792457577,18.4,18.4,trapezoid_from_zero_normalized_by_max_fraction
cicids2017_binary,46,rid_2db54221168e8f586f9c78bb4918b5d4,cnn,integrated_gradients,conditional_gaussian_mean,conditional_on_retained_coordinates,insertion,0,BENIGN,True,0,BENIGN,0.9999999382816896,4.123076723772101e-05,50,0.001192468890265097,0.0011923183663762231,-0.06428023976331462,1.5052388887381708e-07,0.06547270865357972,5.631810847467392e-08,3.032859998013867e-08,9.107983291274528e-08,0.7243691682815552,0.5610802367925645,0.1632889314889907,18.4,18.4,trapezoid_from_zero_normalized_by_max_fraction
cicids2017_binary,46,rid_c11a696fc62e305df7821a36403017a4,cnn,integrated_gradients,conditional_gaussian_mean,conditional_on_retained_coordinates,insertion,0,BENIGN,True,0,BENIGN,0.9999999999822142,4.129246776238271e-05,50,-0.06397079353570802,-0.06470495463621284,-0.12867579270097626,0.0007341611005048342,0.06470499916526826,0.023367208689862806,0.013196548387762335,-0.025131073739509343,0.865506649017334,0.7923596382141114,0.07314701080322261,18.4,18.4,trapezoid_from_zero_normalized_by_max_fraction
cicids2017_binary,46,rid_591657dbc51fa5cba6110e4a2bc0389d,cnn,integrated_gradients,conditional_gaussian_mean,conditional_on_retained_coordinates,insertion,0,BENIGN,True,0,BENIGN,0.9999999998311224,4.129231667050759e-05,50,-0.2654130121263236,-0.07972263177278775,-0.007971692148783979,-0.1856903803535358,-0.2574413199775396,0.02131563379844865,0.012459113268577043,-0.2101102423599468,2.095409393310547,2.1399908151626588,-0.04458142185211189,18.4,18.4,trapezoid_from_zero_normalized_by_max_fraction
cicids2017_binary,46,rid_c37e7f18a6e72502c51b38a935c05fe1,cnn,integrated_gradients,conditional_gaussian_draw,conditional_on_retained_coordinates,deletion,1,ATTACK,True,1,ATTACK,1.0,0.9999587075144518,10,0.0,5.006790161132813e-07,3.5762786865234378e-09,-5.006790161132813e-07,-3.5762786865234378e-09,3.9440506982029874e-07,3.3910287906611566e-07,-1.165320659082868e-06,1.893357515335083,1.6314517259597778,0.2619057893753052,18.4,18.4,trapezoid_from_zero_normalized_by_max_fraction
cicids2017_binary,46,rid_37cd12f48d67404f18703652ce8ca9d9,cnn,integrated_gradients,conditional_gaussian_draw,conditional_on_retained_coordinates,deletion,0,BENIGN,True,0,BENIGN,0.9999995249014262,4.081738697436776e-05,10,8.409495058203654e-07,7.723805456003707e-05,3.567910975009303e-05,-7.63971050542167e-05,-3.4838160244272666e-05,7.089671033855339e-05,5.0534549193630095e-05,-0.00017544482147373167,0.8799821138381958,0.6515230524539948,0.22845906138420102,18.4,18.4,trapezoid_from_zero_normalized_by_max_fraction
cicids2017_binary,46,rid_8bf0913a12626463db1174068a238121,cnn,integrated_gradients,conditional_gaussian_draw,conditional_on_retained_coordinates,deletion,1,ATTACK,True,1,ATTACK,1.0,0.9999587075144518,10,0.0,8.631229400634765e-05,0.018388297259807587,-8.631229400634765e-05,-0.018388297259807587,8.630699604684472e-05,6.150839847053228e-05,-0.00020686875500859094,0.9245777130126953,0.9160674130916595,0.008510299921035802,18.4,18.4,trapezoid_from_zero_normalized_by_max_fraction
cicids2017_binary,46,rid_413d94fc3f4d023fcbb5025f54532935,cnn,integrated_gradients,conditional_gaussian_draw,conditional_on_retained_coordinates,deletion,0,BENIGN,True,0,BENIGN,0.9999999998892256,4.1292374773703455e-05,10,3.04628302283394e-07,3.7720677153441073e-06,1.5663035070734302e-06,-3.4674394130607134e-06,-1.261675204790036e-06,3.3158224192170113e-06,2.5340543948877557e-06,-8.434186027040713e-06,0.9882424473762512,0.7898016798496246,0.19844076752662665,18.4,18.4,trapezoid_from_zero_normalized_by_max_fraction
cicids2017_binary,46,rid_2d7e85ed2cdb8a5f02ad124caeebe429,cnn,integrated_gradients,conditional_gaussian_draw,conditional_on_retained_coordinates,deletion,0,BENIGN,True,0,BENIGN,0.999999999671218,4.129215676632048e-05,10,0.0010720220756709532,1.4365812090261777e-05,6.512417060056119e-07,0.0010576562635806913,0.0010713708339649475,9.01733179729474e-06,7.81436184515193e-06,0.0010423401143641936,1.0223801136016846,0.7890872365236283,0.23329287707805624,18.4,18.4,trapezoid_from_zero_normalized_by_max_fraction
cicids2017_binary,46,rid_830a74fc8667b1a2e2af223c9d2a2c10,cnn,integrated_gradients,conditional_gaussian_draw,conditional_on_retained_coordinates,deletion,0,BENIGN,True,0,BENIGN,0.9999999829213236,4.127540687193232e-05,10,2.596681811795065e-07,3.353435059919585e-06,6.384875814635649e-06,-3.0937668787400788e-06,-6.125207633456142e-06,1.1475517221306383e-06,9.90530340244233e-07,-5.0352063456187755e-06,0.811418354511261,0.6175058299303056,0.19391252458095543,18.4,18.4,trapezoid_from_zero_normalized_by_max_fraction
cicids2017_binary,46,rid_246eaf0c1fac248deb765083c270bbcc,cnn,integrated_gradients,conditional_gaussian_draw,conditional_on_retained_coordinates,deletion,0,BENIGN,True,0,BENIGN,0.9999984819983184,3.977448386649485e-05,10,1.902608378507864e-05,0.0026277406144307493,6.90044111119592e-05,-0.002608714530645671,-4.997832732688056e-05,0.0025137807051290725,0.0025119936936842543,-0.007532222170266809,0.7341232895851135,0.5423963284492493,0.19172696113586418,18.4,18.4,trapezoid_from_zero_normalized_by_max_fraction
cicids2017_binary,46,rid_1326d7841b59c92665d871af5511e3f8,cnn,integrated_gradients,conditional_gaussian_draw,conditional_on_retained_coordinates,deletion,1,ATTACK,True,1,ATTACK,1.0,0.9999587075144518,10,0.0,0.1332323229366574,6.198883056640625e-08,-0.1332323229366574,-6.198883056640625e-08,0.06885379851792268,0.049668571076414786,-0.2305827222464304,1.5903351306915283,1.5463447260856629,0.04399040460586545,18.4,18.4,trapezoid_from_zero_normalized_by_max_fraction
cicids2017_binary,46,rid_f4e85fd27b14cf91010e12816d23de82,cnn,integrated_gradients,conditional_gaussian_draw,conditional_on_retained_coordinates,deletion,1,ATTACK,True,1,ATTACK,1.0,0.9999587075144518,10,0.015047508478164672,0.12242988053480056,4.410743713378907e-08,-0.1073823720566359,0.015047464370727539,0.07923783939613518,0.04658234411072821,-0.19868376651366318,1.483060598373413,1.5430779826641081,-0.06001738429069503,18.4,18.4,trapezoid_from_zero_normalized_by_max_fraction
cicids2017_binary,46,rid_5852990d34963aaadad7e90ef9bf633d,cnn,integrated_gradients,conditional_gaussian_draw,conditional_on_retained_coordinates,deletion,1,ATTACK,True,1,ATTACK,1.0,0.9999587075144518,10,8.940696716308594e-08,0.13209775539764596,6.139278411865235e-07,-0.1320976659906788,-5.245208740234375e-07,0.0720691765857216,0.052765774178725564,-0.2355185833809809,1.4435069561004639,1.438317655324936,0.0051893007755279275,18.4,18.4,trapezoid_from_zero_normalized_by_max_fraction
cicids2017_binary,46,rid_91629040875b5b88fe453003d3c24213,cnn,integrated_gradients,conditional_gaussian_draw,conditional_on_retained_coordinates,deletion,1,ATTACK,True,1,ATTACK,1.0,0.9999587075144518,10,0.49961067675056936,0.08832925545051695,0.00032385170459747314,0.4112814213000525,0.4992868250459719,0.051123095814113104,0.03715076303428326,0.33846592575285733,1.2215856313705444,1.1818798184394836,0.03970581293106079,18.4,18.4,trapezoid_from_zero_normalized_by_max_fraction
cicids2017_binary,46,rid_ef9fb628d94de42604b08b84713e8ae5,cnn,integrated_gradients,conditional_gaussian_draw,conditional_on_retained_coordinates,deletion,1,ATTACK,True,1,ATTACK,1.0,0.9999587075144518,10,0.3000152824905227,0.12004932104696558,2.1219253540039063e-06,0.17996596144355706,0.30001316056516864,0.07053636583937578,0.050323259545958406,0.08133237273347858,1.8691476583480835,1.7197860181331635,0.14936164021492004,18.4,18.4,trapezoid_from_zero_normalized_by_max_fraction
cicids2017_binary,46,rid_74105010942e741d7107c797b640545a,cnn,integrated_gradients,conditional_gaussian_draw,conditional_on_retained_coordinates,deletion,1,ATTACK,True,1,ATTACK,1.0,0.9999587075144518,10,0.0001861214637756348,0.12515437111593428,2.377629280090332e-06,-0.12496824965215866,0.00018374383449554446,0.03567344064476026,0.03227053617418859,-0.1882185005535683,1.460076928138733,1.3924384450912475,0.06763848304748543,18.4,18.4,trapezoid_from_zero_normalized_by_max_fraction
cicids2017_binary,46,rid_2db54221168e8f586f9c78bb4918b5d4,cnn,integrated_gradients,conditional_gaussian_draw,conditional_on_retained_coordinates,deletion,0,BENIGN,True,0,BENIGN,0.9999999382816896,4.123076723772101e-05,10,2.6444051040885873e-05,0.0003144067968980702,3.5655904877240905e-06,-0.0002879627458571843,2.2878460553161787e-05,0.00030460992129839755,0.0003039681057729206,-0.0008837402331721086,0.7243691682815552,0.5409501767158508,0.1834189915657044,18.4,18.4,trapezoid_from_zero_normalized_by_max_fraction
cicids2017_binary,46,rid_c11a696fc62e305df7821a36403017a4,cnn,integrated_gradients,conditional_gaussian_draw,conditional_on_retained_coordinates,deletion,0,BENIGN,True,0,BENIGN,0.9999999999822142,4.129246776238271e-05,10,0.0602577746401886,0.04829558822134355,0.0007265181876559179,0.011962186418845059,0.05953125645253268,0.02521522492934354,0.025203053729290426,-0.03743579889056417,0.865506649017334,0.806907593011856,0.05859905600547799,18.4,18.4,trapezoid_from_zero_normalized_by_max_fraction
cicids2017_binary,46,rid_591657dbc51fa5cba6110e4a2bc0389d,cnn,integrated_gradients,conditional_gaussian_draw,conditional_on_retained_coordinates,deletion,0,BENIGN,True,0,BENIGN,0.9999999998311224,4.129231667050759e-05,10,-1.4387037672314306e-10,1.2193225984447055e-10,9.478282516964975e-05,-2.658026365676136e-10,-9.478296904002646e-05,1.8237829949528786e-10,1.657381361873255e-10,-5.906493834947716e-10,2.095409393310547,2.133132634162903,-0.03772324085235601,18.4,18.4,trapezoid_from_zero_normalized_by_max_fraction
cicids2017_binary,46,rid_c37e7f18a6e72502c51b38a935c05fe1,cnn,integrated_gradients,conditional_gaussian_draw,conditional_on_retained_coordinates,insertion,1,ATTACK,True,1,ATTACK,1.0,0.9999587075144518,10,0.9488074841210619,0.9486642091581599,0.9358948981174035,0.0001432749629020624,0.012912586003658367,0.00014081457261627418,0.00011344323216603396,-7.907377214336415e-05,1.893357515335083,1.6314517259597778,0.2619057893753052,18.4,18.4,trapezoid_from_zero_normalized_by_max_fraction
cicids2017_binary,46,rid_37cd12f48d67404f18703652ce8ca9d9,cnn,integrated_gradients,conditional_gaussian_draw,conditional_on_retained_coordinates,insertion,0,BENIGN,True,0,BENIGN,0.9999995249014262,4.081738697436776e-05,10,-0.08364185347572857,-0.010376296844278892,-0.10318900578879373,-0.07326555663144968,0.019547152313065138,0.010265689726112337,0.006855835408186139,-0.0867029940314945,0.8799821138381958,0.6515230524539948,0.22845906138420102,18.4,18.4,trapezoid_from_zero_normalized_by_max_fraction
cicids2017_binary,46,rid_8bf0913a12626463db1174068a238121,cnn,integrated_gradients,conditional_gaussian_draw,conditional_on_retained_coordinates,insertion,1,ATTACK,True,1,ATTACK,1.0,0.9999587075144518,10,0.7483842302000085,0.8751123829970896,0.782414388229318,-0.1267281527970811,-0.03403015802930943,0.053221850661731386,0.03205149221657172,-0.1895490775415617,0.9245777130126953,0.9160674130916595,0.008510299921035802,18.4,18.4,trapezoid_from_zero_normalized_by_max_fraction
cicids2017_binary,46,rid_413d94fc3f4d023fcbb5025f54532935,cnn,integrated_gradients,conditional_gaussian_draw,conditional_on_retained_coordinates,insertion,0,BENIGN,True,0,BENIGN,0.9999999998892256,4.1292374773703455e-05,10,-0.1488299347920845,-0.04801397363678773,-0.12319733574821908,-0.10081596115529677,-0.025632599043865424,0.02679281303397376,0.019273474287132945,-0.13859197075807733,0.9882424473762512,0.7898016798496246,0.19844076752662665,18.4,18.4,trapezoid_from_zero_normalized_by_max_fraction
cicids2017_binary,46,rid_2d7e85ed2cdb8a5f02ad124caeebe429,cnn,integrated_gradients,conditional_gaussian_draw,conditional_on_retained_coordinates,insertion,0,BENIGN,True,0,BENIGN,0.999999999671218,4.129215676632048e-05,10,-0.14899463739642874,-0.024622685144406204,-0.049079368253259405,-0.12437195225202252,-0.09991526914316932,0.015749076385671835,0.013114415557495509,-0.15007620674471372,1.0223801136016846,0.7890872365236283,0.23329287707805624,18.4,18.4,trapezoid_from_zero_normalized_by_max_fraction
cicids2017_binary,46,rid_830a74fc8667b1a2e2af223c9d2a2c10,cnn,integrated_gradients,conditional_gaussian_draw,conditional_on_retained_coordinates,insertion,0,BENIGN,True,0,BENIGN,0.9999999829213236,4.127540687193232e-05,10,0.0011427248398581114,-0.027258100568716335,-0.0762638843527383,0.028400825408574443,0.07740660919259641,0.018164969960932628,0.011913723432598746,0.0050499274806809005,0.811418354511261,0.6175058299303056,0.19391252458095543,18.4,18.4,trapezoid_from_zero_normalized_by_max_fraction
cicids2017_binary,46,rid_246eaf0c1fac248deb765083c270bbcc,cnn,integrated_gradients,conditional_gaussian_draw,conditional_on_retained_coordinates,insertion,0,BENIGN,True,0,BENIGN,0.9999984819983184,3.977448386649485e-05,10,-0.026014911209227876,-0.06708589184172782,-0.10923256233530224,0.041070980632499934,0.08321765112607436,0.037528676011497536,0.02364579463976332,-0.005274776861436174,0.7341232895851135,0.5423963284492493,0.19172696113586418,18.4,18.4,trapezoid_from_zero_normalized_by_max_fraction
cicids2017_binary,46,rid_1326d7841b59c92665d871af5511e3f8,cnn,integrated_gradients,conditional_gaussian_draw,conditional_on_retained_coordinates,insertion,1,ATTACK,True,1,ATTACK,1.0,0.9999587075144518,10,0.9484530629822985,0.8637318508652971,0.9158923549471365,0.08472121211700143,0.03256070803516197,0.05623019634940009,0.02909132194276571,0.027702221109180636,1.5903351306915283,1.5463447260856629,0.04399040460586545,18.4,18.4,trapezoid_from_zero_normalized_by_max_fraction
cicids2017_binary,46,rid_f4e85fd27b14cf91010e12816d23de82,cnn,integrated_gradients,conditional_gaussian_draw,conditional_on_retained_coordinates,insertion,1,ATTACK,True,1,ATTACK,1.0,0.9999587075144518,10,0.9455483617493883,0.8128776522128783,0.8791010848544898,0.13267070953651,0.06644727689489857,0.06405568823430685,0.03856397178320641,0.057085324841425436,1.483060598373413,1.5430779826641081,-0.06001738429069503,18.4,18.4,trapezoid_from_zero_normalized_by_max_fraction
cicids2017_binary,46,rid_5852990d34963aaadad7e90ef9bf633d,cnn,integrated_gradients,conditional_gaussian_draw,conditional_on_retained_coordinates,insertion,1,ATTACK,True,1,ATTACK,1.0,0.9999587075144518,10,0.9487496199319139,0.8892382591581804,0.8708692579710623,0.05951136077373348,0.07788036196085159,0.040451407101898755,0.0288758585982032,0.0029146779212552085,1.4435069561004639,1.438317655324936,0.0051893007755279275,18.4,18.4,trapezoid_from_zero_normalized_by_max_fraction
cicids2017_binary,46,rid_91629040875b5b88fe453003d3c24213,cnn,integrated_gradients,conditional_gaussian_draw,conditional_on_retained_coordinates,insertion,1,ATTACK,True,1,ATTACK,1.0,0.9999587075144518,10,0.45808128866606235,0.7265865194258868,0.8628368020797925,-0.26850523075982435,-0.4047555134137302,0.11354832380985769,0.056987860965770125,-0.3802014382527338,1.2215856313705444,1.1818798184394836,0.03970581293106079,18.4,18.4,trapezoid_from_zero_normalized_by_max_fraction
cicids2017_binary,46,rid_ef9fb628d94de42604b08b84713e8ae5,cnn,integrated_gradients,conditional_gaussian_draw,conditional_on_retained_coordinates,insertion,1,ATTACK,True,1,ATTACK,1.0,0.9999587075144518,10,0.7988559239325695,0.9294342165300623,0.901330460581512,-0.13057829259749273,-0.10247453664894259,0.019231212899223596,0.011148294013098754,-0.1524289488631663,1.8691476583480835,1.7197860181331635,0.14936164021492004,18.4,18.4,trapezoid_from_zero_normalized_by_max_fraction
cicids2017_binary,46,rid_74105010942e741d7107c797b640545a,cnn,integrated_gradients,conditional_gaussian_draw,conditional_on_retained_coordinates,insertion,1,ATTACK,True,1,ATTACK,1.0,0.9999587075144518,10,0.9402805479476228,0.9214479533024131,0.8084886377206344,0.018832594645209644,0.1317919102269885,0.021569189883492188,0.014717826120596904,-0.010014344551160285,1.460076928138733,1.3924384450912475,0.06763848304748543,18.4,18.4,trapezoid_from_zero_normalized_by_max_fraction
cicids2017_binary,46,rid_2db54221168e8f586f9c78bb4918b5d4,cnn,integrated_gradients,conditional_gaussian_draw,conditional_on_retained_coordinates,insertion,0,BENIGN,True,0,BENIGN,0.9999999382816896,4.123076723772101e-05,10,0.0008572879319217463,-0.02997633426494724,-0.0808173753930527,0.030833622196868984,0.08167466332497444,0.020151802077650088,0.013990021024793058,0.0034131809882745924,0.7243691682815552,0.5409501767158508,0.1834189915657044,18.4,18.4,trapezoid_from_zero_normalized_by_max_fraction
cicids2017_binary,46,rid_c11a696fc62e305df7821a36403017a4,cnn,integrated_gradients,conditional_gaussian_draw,conditional_on_retained_coordinates,insertion,0,BENIGN,True,0,BENIGN,0.9999999999822142,4.129246776238271e-05,10,-0.12535955825715064,-0.2664340942664002,-0.2989656082603937,0.14107453600924952,0.17360605000324303,0.0988666056637312,0.05201377737394554,0.03912753235631626,0.865506649017334,0.806907593011856,0.05859905600547799,18.4,18.4,trapezoid_from_zero_normalized_by_max_fraction
cicids2017_binary,46,rid_591657dbc51fa5cba6110e4a2bc0389d,cnn,integrated_gradients,conditional_gaussian_draw,conditional_on_retained_coordinates,insertion,0,BENIGN,True,0,BENIGN,0.9999999998311224,4.129231667050759e-05,10,-0.24547527446017628,-0.1446744791964134,-0.03053099687980773,-0.10080079526376289,-0.21494427758036855,0.08682402534752476,0.045115604793049484,-0.18922738065813988,2.095409393310547,2.133132634162903,-0.03772324085235601,18.4,18.4,trapezoid_from_zero_normalized_by_max_fraction
cicids2017_binary,46,rid_c37e7f18a6e72502c51b38a935c05fe1,cnn,integrated_gradients,nearest_neighbour_donor,nonparametric_conditional,deletion,1,ATTACK,True,1,ATTACK,1.0,0.9999587075144518,10,0.0,0.0,0.0,0.0,0.0,0.0,0.0,0.0,1.6206121444702148,1.4031791877746582,0.21743295669555662,18.4,18.4,trapezoid_from_zero_normalized_by_max_fraction
cicids2017_binary,46,rid_37cd12f48d67404f18703652ce8ca9d9,cnn,integrated_gradients,nearest_neighbour_donor,nonparametric_conditional,deletion,0,BENIGN,True,0,BENIGN,0.9999995249014262,4.081738697436776e-05,10,3.0114866333974515e-08,-1.437973981488483e-07,-5.4976844978682494e-08,1.7391226448282282e-07,8.509171131265703e-08,4.5276359701387524e-08,2.435868259308537e-08,1.2616924660037549e-07,0.8615226745605469,0.8185687482357025,0.042953926324844405,18.4,18.4,trapezoid_from_zero_normalized_by_max_fraction
cicids2017_binary,46,rid_8bf0913a12626463db1174068a238121,cnn,integrated_gradients,nearest_neighbour_donor,nonparametric_conditional,deletion,1,ATTACK,True,1,ATTACK,1.0,0.9999587075144518,10,0.0,0.0,0.0,0.0,0.0,0.0,0.0,0.0,0.7187694907188416,0.7222901427745818,-0.0035206520557402587,18.4,18.4,trapezoid_from_zero_normalized_by_max_fraction
cicids2017_binary,46,rid_413d94fc3f4d023fcbb5025f54532935,cnn,integrated_gradients,nearest_neighbour_donor,nonparametric_conditional,deletion,0,BENIGN,True,0,BENIGN,0.9999999998892256,4.1292374773703455e-05,10,5.5067062021407764e-14,-6.372680161348409e-16,3.719136110191812e-14,5.5704330037542605e-14,1.7875700919489644e-14,1.5553824472354354e-14,8.26222216425895e-15,3.9510374595595066e-14,0.9157382845878601,0.7891782224178314,0.1265600621700287,18.4,18.4,trapezoid_from_zero_normalized_by_max_fraction
cicids2017_binary,46,rid_2d7e85ed2cdb8a5f02ad124caeebe429,cnn,integrated_gradients,nearest_neighbour_donor,nonparametric_conditional,deletion,0,BENIGN,True,0,BENIGN,0.999999999671218,4.129215676632048e-05,10,1.1908422026252195e-10,2.9684090468995453e-09,2.4014032984354113e-11,-2.8493248266370232e-09,9.507018727816785e-11,1.9308878232497585e-09,1.6241003593267775e-09,-6.032561530917508e-09,0.9273442029953003,0.8224143075942993,0.10492989540100095,18.4,18.4,trapezoid_from_zero_normalized_by_max_fraction
cicids2017_binary,46,rid_830a74fc8667b1a2e2af223c9d2a2c10,cnn,integrated_gradients,nearest_neighbour_donor,nonparametric_conditional,deletion,0,BENIGN,True,0,BENIGN,0.9999999829213236,4.127540687193232e-05,10,2.955522759862106e-08,1.5343737693740426e-08,2.346116891871475e-09,1.4211489904880637e-08,2.7209110706749585e-08,5.7909722021047005e-09,5.439818247956438e-09,3.549446138886018e-09,0.7333475947380066,0.7012166082859039,0.03213098645210266,18.4,18.4,trapezoid_from_zero_normalized_by_max_fraction
cicids2017_binary,46,rid_246eaf0c1fac248deb765083c270bbcc,cnn,integrated_gradients,nearest_neighbour_donor,nonparametric_conditional,deletion,0,BENIGN,True,0,BENIGN,0.9999984819983184,3.977448386649485e-05,10,-4.4586048311145985e-07,9.713571387237606e-08,2.675742035762596e-07,-5.42996196983836e-07,-7.134346866877195e-07,1.6111367225338882e-07,8.283842753407364e-08,-7.053595149506204e-07,0.6547470092773438,0.61797119140625,0.03677581787109374,18.4,18.4,trapezoid_from_zero_normalized_by_max_fraction
cicids2017_binary,46,rid_1326d7841b59c92665d871af5511e3f8,cnn,integrated_gradients,nearest_neighbour_donor,nonparametric_conditional,deletion,1,ATTACK,True,1,ATTACK,1.0,0.9999587075144518,10,0.0,0.4627198016860809,0.0,-0.4627198016860809,0.0,0.03224368142899478,0.024366756849783153,-0.5104786451116559,1.3736947774887085,1.325728073120117,0.047966704368591406,18.4,18.4,trapezoid_from_zero_normalized_by_max_fraction
cicids2017_binary,46,rid_f4e85fd27b14cf91010e12816d23de82,cnn,integrated_gradients,nearest_neighbour_donor,nonparametric_conditional,deletion,1,ATTACK,True,1,ATTACK,1.0,0.9999587075144518,10,0.2999999996213928,0.03997308815693616,0.0,0.26002691146445667,0.2999999996213928,0.026648732987025876,0.026648732987025876,0.20779539480988596,1.274550437927246,1.2567949306964876,0.01775550723075847,18.4,18.4,trapezoid_from_zero_normalized_by_max_fraction
cicids2017_binary,46,rid_5852990d34963aaadad7e90ef9bf633d,cnn,integrated_gradients,nearest_neighbour_donor,nonparametric_conditional,deletion,1,ATTACK,True,1,ATTACK,1.0,0.9999587075144518,10,0.0,0.23431182524130995,0.009063371419906615,-0.23431182524130995,-0.009063371419906615,0.056459160265637964,0.041584874113756505,-0.3158181785042727,1.2876719236373901,1.2340439653396607,0.05362795829772948,18.4,18.4,trapezoid_from_zero_normalized_by_max_fraction
cicids2017_binary,46,rid_91629040875b5b88fe453003d3c24213,cnn,integrated_gradients,nearest_neighbour_donor,nonparametric_conditional,deletion,1,ATTACK,True,1,ATTACK,1.0,0.9999587075144518,10,0.5000000656864576,0.13000001057897337,6.735324859619141e-08,0.3700000551074842,0.49999999833320896,0.07249243068381007,0.05301990870279187,0.2660810340500121,1.0249518156051636,1.0238099455833436,0.0011418700218199795,18.4,18.4,trapezoid_from_zero_normalized_by_max_fraction
cicids2017_binary,46,rid_ef9fb628d94de42604b08b84713e8ae5,cnn,integrated_gradients,nearest_neighbour_donor,nonparametric_conditional,deletion,1,ATTACK,True,1,ATTACK,1.0,0.9999587075144518,10,0.39534668578626225,0.08869096569542308,0.0,0.3066557200908392,0.39534668578626225,0.05826285037216332,0.041216023266662793,0.22587231448818013,1.6206849813461304,1.6197374069690706,0.0009475743770597234,18.4,18.4,trapezoid_from_zero_normalized_by_max_fraction
cicids2017_binary,46,rid_74105010942e741d7107c797b640545a,cnn,integrated_gradients,nearest_neighbour_donor,nonparametric_conditional,deletion,1,ATTACK,True,1,ATTACK,1.0,0.9999587075144518,10,0.0,0.23399166193667276,0.01606629192829132,-0.23399166193667276,-0.01606629192829132,0.09350945973056907,0.054487508796727556,-0.34078717917825874,1.293226718902588,1.2707351636886597,0.022491555213928205,18.4,18.4,trapezoid_from_zero_normalized_by_max_fraction
cicids2017_binary,46,rid_2db54221168e8f586f9c78bb4918b5d4,cnn,integrated_gradients,nearest_neighbour_donor,nonparametric_conditional,deletion,0,BENIGN,True,0,BENIGN,0.9999999382816896,4.123076723772101e-05,10,7.838589155539922e-09,3.534996729115391e-08,9.179154147886948e-09,-2.7511378135613994e-08,-1.3405649923470268e-09,1.6757652853085426e-08,1.1887481995802137e-08,-5.081084284738618e-08,0.6332255601882935,0.599591618180275,0.0336339420080185,18.4,18.4,trapezoid_from_zero_normalized_by_max_fraction
cicids2017_binary,46,rid_c11a696fc62e305df7821a36403017a4,cnn,integrated_gradients,nearest_neighbour_donor,nonparametric_conditional,deletion,0,BENIGN,True,0,BENIGN,0.9999999999822142,4.129246776238271e-05,10,1.5090699800879291e-10,0.03534202687396483,0.00014973880181369469,-0.035342026723057834,-0.0001497386509066967,0.02381577358240589,0.023815766682367005,-0.08202092942049716,0.6939529180526733,0.6496026295423507,0.04435028851032263,18.4,18.4,trapezoid_from_zero_normalized_by_max_fraction
cicids2017_binary,46,rid_591657dbc51fa5cba6110e4a2bc0389d,cnn,integrated_gradients,nearest_neighbour_donor,nonparametric_conditional,deletion,0,BENIGN,True,0,BENIGN,0.9999999998311224,4.129231667050759e-05,10,5.818753706643421e-09,2.1934461183969466e-05,8.16603034914376e-09,-2.1928642430262824e-05,-2.3472766425003396e-09,2.138351165098813e-05,1.7843250137477576e-05,-5.690141269971887e-05,2.015716314315796,2.0742624115943906,-0.05854609727859472,18.4,18.4,trapezoid_from_zero_normalized_by_max_fraction
cicids2017_binary,46,rid_c37e7f18a6e72502c51b38a935c05fe1,cnn,integrated_gradients,nearest_neighbour_donor,nonparametric_conditional,insertion,1,ATTACK,True,1,ATTACK,1.0,0.9999587075144518,10,0.9496227960335091,0.9496227960335091,0.9396227960335091,0.0,0.009999999999999988,0.0,0.0,0.0,1.6206121444702148,1.4031791877746582,0.21743295669555662,18.4,18.4,trapezoid_from_zero_normalized_by_max_fraction
cicids2017_binary,46,rid_37cd12f48d67404f18703652ce8ca9d9,cnn,integrated_gradients,nearest_neighbour_donor,nonparametric_conditional,insertion,0,BENIGN,True,0,BENIGN,0.9999995249014262,4.081738697436776e-05,10,0.00036968069465075364,0.0003710054028813836,0.0003759187832432509,-1.3247082306300233e-06,-6.23808859249731e-06,2.175608179479092e-06,1.0573897682589375e-06,-3.397192176417541e-06,0.8615226745605469,0.8185687482357025,0.042953926324844405,18.4,18.4,trapezoid_from_zero_normalized_by_max_fraction
cicids2017_binary,46,rid_8bf0913a12626463db1174068a238121,cnn,integrated_gradients,nearest_neighbour_donor,nonparametric_conditional,insertion,1,ATTACK,True,1,ATTACK,1.0,0.9999587075144518,10,0.9496227960335091,0.9496227960335091,0.9496227960335091,0.0,0.0,0.0,0.0,0.0,0.7187694907188416,0.7222901427745818,-0.0035206520557402587,18.4,18.4,trapezoid_from_zero_normalized_by_max_fraction
cicids2017_binary,46,rid_413d94fc3f4d023fcbb5025f54532935,cnn,integrated_gradients,nearest_neighbour_donor,nonparametric_conditional,insertion,0,BENIGN,True,0,BENIGN,0.9999999998892256,4.1292374773703455e-05,10,0.0003772036680407376,0.0003771904248283092,0.0003771583322314798,1.3243212428339588e-08,4.533580925780007e-08,1.3351112915397445e-08,1.3321714870638042e-08,-1.2867348718110973e-08,0.9157382845878601,0.7891782224178314,0.1265600621700287,18.4,18.4,trapezoid_from_zero_normalized_by_max_fraction
cicids2017_binary,46,rid_2d7e85ed2cdb8a5f02ad124caeebe429,cnn,integrated_gradients,nearest_neighbour_donor,nonparametric_conditional,insertion,0,BENIGN,True,0,BENIGN,0.999999999671218,4.129215676632048e-05,10,0.000377203619048494,0.0003769548545024048,0.0003769921516815239,2.48764546089127e-07,2.1146736697009162e-07,1.9804270153759373e-07,1.718965397084171e-07,-8.815267173937051e-08,0.9273442029953003,0.8224143075942993,0.10492989540100095,18.4,18.4,trapezoid_from_zero_normalized_by_max_fraction
cicids2017_binary,46,rid_830a74fc8667b1a2e2af223c9d2a2c10,cnn,integrated_gradients,nearest_neighbour_donor,nonparametric_conditional,insertion,0,BENIGN,True,0,BENIGN,0.9999999829213236,4.127540687193232e-05,10,0.0003771854514598161,0.0003771819820349265,0.00037714625509787324,3.4694248895940796e-09,3.9196361942831416e-08,6.169066751572391e-10,3.1974562485736476e-10,2.8427234648736448e-09,0.7333475947380066,0.7012166082859039,0.03213098645210266,18.4,18.4,trapezoid_from_zero_normalized_by_max_fraction
cicids2017_binary,46,rid_246eaf0c1fac248deb765083c270bbcc,cnn,integrated_gradients,nearest_neighbour_donor,nonparametric_conditional,insertion,0,BENIGN,True,0,BENIGN,0.9999984819983184,3.977448386649485e-05,10,0.0003752012853169617,0.00037574394900325103,0.00037570983987627926,-5.426636862893041e-07,-5.085545593175344e-07,1.739008998376275e-07,8.058174472751809e-08,-7.006039059552395e-07,0.6547470092773438,0.61797119140625,0.03677581787109374,18.4,18.4,trapezoid_from_zero_normalized_by_max_fraction
cicids2017_binary,46,rid_1326d7841b59c92665d871af5511e3f8,cnn,integrated_gradients,nearest_neighbour_donor,nonparametric_conditional,insertion,1,ATTACK,True,1,ATTACK,1.0,0.9999587075144518,10,0.9496227960335091,0.8696227987163512,0.7546229429770359,0.07999999731715782,0.19499985305647322,0.03666666577238445,0.026034165013849576,0.02897303389001265,1.3736947774887085,1.325728073120117,0.047966704368591406,18.4,18.4,trapezoid_from_zero_normalized_by_max_fraction
cicids2017_binary,46,rid_f4e85fd27b14cf91010e12816d23de82,cnn,integrated_gradients,nearest_neighbour_donor,nonparametric_conditional,insertion,1,ATTACK,True,1,ATTACK,1.0,0.9999587075144518,10,0.9496227960335091,0.9496227960335091,0.7996230475903775,0.0,0.14999974844313158,0.0,0.0,0.0,1.274550437927246,1.2567949306964876,0.01775550723075847,18.4,18.4,trapezoid_from_zero_normalized_by_max_fraction
cicids2017_binary,46,rid_5852990d34963aaadad7e90ef9bf633d,cnn,integrated_gradients,nearest_neighbour_donor,nonparametric_conditional,insertion,1,ATTACK,True,1,ATTACK,1.0,0.9999587075144518,10,0.9496227960335091,0.8746227933814431,0.6296228379957893,0.07500000265206591,0.31999995803771975,0.03818812823962531,0.027537850613311217,0.021025815449975928,1.2876719236373901,1.2340439653396607,0.05362795829772948,18.4,18.4,trapezoid_from_zero_normalized_by_max_fraction
cicids2017_binary,46,rid_91629040875b5b88fe453003d3c24213,cnn,integrated_gradients,nearest_neighbour_donor,nonparametric_conditional,insertion,1,ATTACK,True,1,ATTACK,1.0,0.9999587075144518,10,0.9496227960335091,0.8046222673508885,0.7796220954350397,0.14500052868262062,0.1700007005984695,0.061667148593566576,0.03609401289984666,0.07425626339892116,1.0249518156051636,1.0238099455833436,0.0011418700218199795,18.4,18.4,trapezoid_from_zero_normalized_by_max_fraction
cicids2017_binary,46,rid_ef9fb628d94de42604b08b84713e8ae5,cnn,integrated_gradients,nearest_neighbour_donor,nonparametric_conditional,insertion,1,ATTACK,True,1,ATTACK,1.0,0.9999587075144518,10,0.9496227960335091,0.9296227961075028,0.8923370091322922,0.019999999926006363,0.05728578690121685,0.013333333284004243,0.013333333284004243,-0.006133333310641954,1.6206849813461304,1.6197374069690706,0.0009475743770597234,18.4,18.4,trapezoid_from_zero_normalized_by_max_fraction
cicids2017_binary,46,rid_74105010942e741d7107c797b640545a,cnn,integrated_gradients,nearest_neighbour_donor,nonparametric_conditional,insertion,1,ATTACK,True,1,ATTACK,1.0,0.9999587075144518,10,0.8496227960516034,0.7896228032715261,0.714611571573238,0.05999999278007725,0.1350112244783654,0.03977014816369832,0.028867512621163466,0.0034196680425968573,1.293226718902588,1.2707351636886597,0.022491555213928205,18.4,18.4,trapezoid_from_zero_normalized_by_max_fraction
cicids2017_binary,46,rid_2db54221168e8f586f9c78bb4918b5d4,cnn,integrated_gradients,nearest_neighbour_donor,nonparametric_conditional,insertion,0,BENIGN,True,0,BENIGN,0.9999999382816896,4.123076723772101e-05,10,0.000377147646354159,0.00037707984095555703,0.00037619393359757174,6.780539860195081e-08,9.537127565872797e-07,6.700171676858942e-08,4.5796988036195345e-08,-2.1956697948992065e-08,0.6332255601882935,0.599591618180275,0.0336339420080185,18.4,18.4,trapezoid_from_zero_normalized_by_max_fraction
cicids2017_binary,46,rid_c11a696fc62e305df7821a36403017a4,cnn,integrated_gradients,nearest_neighbour_donor,nonparametric_conditional,insertion,0,BENIGN,True,0,BENIGN,0.9999999999822142,4.129246776238271e-05,10,0.00037720386095643765,-0.04462858679534918,-0.10193248750781825,0.04500579065630561,0.1023096913687747,0.04500567996421597,0.026925818988669043,-0.007768814561485711,0.6939529180526733,0.6496026295423507,0.04435028851032263,18.4,18.4,trapezoid_from_zero_normalized_by_max_fraction
cicids2017_binary,46,rid_591657dbc51fa5cba6110e4a2bc0389d,cnn,integrated_gradients,nearest_neighbour_donor,nonparametric_conditional,insertion,0,BENIGN,True,0,BENIGN,0.9999999998311224,4.129231667050759e-05,10,0.00037720352959024763,0.0003712314538011286,-0.00966340837789749,5.972075789119064e-06,0.010040611907487737,5.972438130219299e-06,5.471650232065104e-06,-4.75235866572854e-06,2.015716314315796,2.0742624115943906,-0.05854609727859472,18.4,18.4,trapezoid_from_zero_normalized_by_max_fraction
cicids2017_binary,46,rid_c37e7f18a6e72502c51b38a935c05fe1,cnn,integrated_gradients,correlation_group_median,group_wise,deletion,1,ATTACK,True,1,ATTACK,1.0,0.9999587075144518,50,0.9497397235040694,0.7371542150852708,0.7145209008839305,0.2125855084187986,0.23521882262013893,0.024369027199880523,0.014296728952138314,0.18456391967260752,0.8220071792602539,0.5403736237287522,0.2816335555315017,44.4,37.872,trapezoid_from_zero_normalized_by_max_fraction
cicids2017_binary,46,rid_37cd12f48d67404f18703652ce8ca9d9,cnn,integrated_gradients,correlation_group_median,group_wise,deletion,0,BENIGN,True,0,BENIGN,0.9999995249014262,4.081738697436776e-05,50,0.0003500707534968228,0.0003454424048221938,0.0021260841100797585,4.628348674629025e-06,-0.0017760133565829356,2.771433207995091e-05,1.657311369094574e-05,-2.785495415962462e-05,1.059228777885437,0.7331871879640967,0.32604158992134036,34.4,30.856,trapezoid_from_zero_normalized_by_max_fraction
cicids2017_binary,46,rid_8bf0913a12626463db1174068a238121,cnn,integrated_gradients,correlation_group_median,group_wise,deletion,1,ATTACK,True,1,ATTACK,1.0,0.9999587075144518,50,0.9191572929070391,0.8313529409221567,0.7685425760259786,0.08780435198488212,0.15061471688106032,0.023032773917308128,0.013601426405952202,0.0611455562292158,0.6838889122009277,0.6072613837718963,0.07662752842903142,49.8,40.972,trapezoid_from_zero_normalized_by_max_fraction
cicids2017_binary,46,rid_413d94fc3f4d023fcbb5025f54532935,cnn,integrated_gradients,correlation_group_median,group_wise,deletion,0,BENIGN,True,0,BENIGN,0.9999999998892256,4.1292374773703455e-05,50,0.0009326493435692473,0.0006828677163535576,0.0035018948185379355,0.0002497816272156897,-0.002569245474968688,8.807793022033394e-05,8.55418324034715e-05,8.211963570488556e-05,0.8804693222045898,0.8943527324795724,-0.013883410274982522,40.2,36.896,trapezoid_from_zero_normalized_by_max_fraction
cicids2017_binary,46,rid_2d7e85ed2cdb8a5f02ad124caeebe429,cnn,integrated_gradients,correlation_group_median,group_wise,deletion,0,BENIGN,True,0,BENIGN,0.999999999671218,4.129215676632048e-05,50,0.000302071432431017,0.005633022660285145,0.004158656646717858,-0.0053309512278541275,-0.003856585214286842,0.0009819701186944082,0.0005316044367285323,-0.0063728959238420506,0.9383646845817566,0.7924456154108047,0.14591906917095188,39.0,37.284000000000006,trapezoid_from_zero_normalized_by_max_fraction
cicids2017_binary,46,rid_830a74fc8667b1a2e2af223c9d2a2c10,cnn,integrated_gradients,correlation_group_median,group_wise,deletion,0,BENIGN,True,0,BENIGN,0.9999999829213236,4.127540687193232e-05,50,0.0002470148753129564,0.00018568413739976288,0.001139897260808354,6.133073791319353e-05,-0.0008928823854953977,6.534357279332483e-06,3.210482822538845e-06,5.50381915810174e-05,0.8293352127075195,0.7278631921000779,0.10147202060744165,40.0,34.128,trapezoid_from_zero_normalized_by_max_fraction
cicids2017_binary,46,rid_246eaf0c1fac248deb765083c270bbcc,cnn,integrated_gradients,correlation_group_median,group_wise,deletion,0,BENIGN,True,0,BENIGN,0.9999984819983184,3.977448386649485e-05,50,0.00026137147917779655,0.0002069939592643806,0.0007754643792845309,5.4377519913415994e-05,-0.0005140929001067343,4.580143679581587e-06,2.3553314723629557e-06,4.97610702275846e-05,1.0751765966415405,0.8087592680305242,0.2664173286110163,33.0,31.651999999999997,trapezoid_from_zero_normalized_by_max_fraction
cicids2017_binary,46,rid_1326d7841b59c92665d871af5511e3f8,cnn,integrated_gradients,correlation_group_median,group_wise,deletion,1,ATTACK,True,1,ATTACK,1.0,0.9999587075144518,50,0.9461994015960955,0.7887899841776861,0.8314875943027042,0.15740941741840936,0.11471180729339109,0.02342785052579805,0.011898740641849438,0.13408788576038447,0.7754654884338379,0.7117660071253776,0.06369948130846026,40.2,33.604,trapezoid_from_zero_normalized_by_max_fraction
cicids2017_binary,46,rid_f4e85fd27b14cf91010e12816d23de82,cnn,integrated_gradients,correlation_group_median,group_wise,deletion,1,ATTACK,True,1,ATTACK,1.0,0.9999587075144518,50,0.9449255710816942,0.8017805245766421,0.7362132198893057,0.14314504650505216,0.20871235119238865,0.02486520622380941,0.014644352515346062,0.11444211557497388,0.6402394771575928,0.6300151973962784,0.010224279761314348,37.4,31.351999999999997,trapezoid_from_zero_normalized_by_max_fraction
cicids2017_binary,46,rid_5852990d34963aaadad7e90ef9bf633d,cnn,integrated_gradients,correlation_group_median,group_wise,deletion,1,ATTACK,True,1,ATTACK,1.0,0.9999587075144518,50,0.9413174108834937,0.8517722985410672,0.822865404861693,0.08954511234242661,0.11845200602180064,0.019815345870999757,0.010599240126235638,0.06877060169500476,0.6661950349807739,0.6691335529685021,-0.002938517987728151,40.4,38.232,trapezoid_from_zero_normalized_by_max_fraction
cicids2017_binary,46,rid_91629040875b5b88fe453003d3c24213,cnn,integrated_gradients,correlation_group_median,group_wise,deletion,1,ATTACK,True,1,ATTACK,1.0,0.9999587075144518,50,0.9497053705847065,0.7072188235852959,0.8063040713063023,0.24248654699941066,0.14340129927840412,0.04089527642390498,0.021428434797125875,0.20048681479704394,0.5787098407745361,0.46714118925482034,0.11156865151971579,37.6,35.308,trapezoid_from_zero_normalized_by_max_fraction
cicids2017_binary,46,rid_ef9fb628d94de42604b08b84713e8ae5,cnn,integrated_gradients,correlation_group_median,group_wise,deletion,1,ATTACK,True,1,ATTACK,1.0,0.9999587075144518,50,0.9497384547535603,0.7724254065131316,0.8403497293609798,0.17731304824042865,0.10938872539258035,0.024967246916508642,0.013384284707953487,0.15107985021283982,0.8782581090927124,0.6543419588059187,0.22391615028679368,40.6,30.74,trapezoid_from_zero_normalized_by_max_fraction
cicids2017_binary,46,rid_74105010942e741d7107c797b640545a,cnn,integrated_gradients,correlation_group_median,group_wise,deletion,1,ATTACK,True,1,ATTACK,1.0,0.9999587075144518,50,0.7917538489564322,0.8169992319885953,0.7613977240536216,-0.02524538303216301,0.030356124902810644,0.018112091231809315,0.010946932684596842,-0.04670137109397282,0.725420355796814,0.6550975096225738,0.07032284617424012,39.2,36.728,trapezoid_from_zero_normalized_by_max_fraction
cicids2017_binary,46,rid_2db54221168e8f586f9c78bb4918b5d4,cnn,integrated_gradients,correlation_group_median,group_wise,deletion,0,BENIGN,True,0,BENIGN,0.9999999382816896,4.123076723772101e-05,50,0.0002634484819498795,0.00020055576593373304,0.0004950433735838811,6.289271601614643e-05,-0.0002315948916340016,5.496661533355291e-06,2.8378868511147097e-06,5.73304577879616e-05,1.133415699005127,0.8488215334564447,0.2845941655486822,31.6,27.992,trapezoid_from_zero_normalized_by_max_fraction
cicids2017_binary,46,rid_c11a696fc62e305df7821a36403017a4,cnn,integrated_gradients,correlation_group_median,group_wise,deletion,0,BENIGN,True,0,BENIGN,0.9999999999822142,4.129246776238271e-05,50,0.00033502769276503306,0.03163902968918589,0.02704486875246885,-0.031304001996420854,-0.026709841059703816,0.005981194959395027,0.005892542710795471,-0.04285338570957997,0.586548924446106,0.5489737395048142,0.03757518494129175,50.0,43.952000000000005,trapezoid_from_zero_normalized_by_max_fraction
cicids2017_binary,46,rid_591657dbc51fa5cba6110e4a2bc0389d,cnn,integrated_gradients,correlation_group_median,group_wise,deletion,0,BENIGN,True,0,BENIGN,0.9999999998311224,4.129231667050759e-05,50,0.01212668345215281,0.32163270835847796,0.10310528278901848,-0.3095060249063251,-0.09097859933686568,0.04036878384355257,0.018929619034631077,-0.34660807821420203,1.0806478261947632,1.0910910472869872,-0.010443221092224064,51.4,48.767999999999994,trapezoid_from_zero_normalized_by_max_fraction
cicids2017_binary,46,rid_c37e7f18a6e72502c51b38a935c05fe1,cnn,integrated_gradients,correlation_group_median,group_wise,insertion,1,ATTACK,True,1,ATTACK,1.0,0.9999587075144518,50,0.9496917511249193,0.7199332864761837,0.8326617177421867,0.2297584646487357,0.1170300333827327,0.027208224881062268,0.016841596922660438,0.19674893468032123,0.8220071792602539,0.5403736237287522,0.2816335555315017,44.4,37.872,trapezoid_from_zero_normalized_by_max_fraction
cicids2017_binary,46,rid_37cd12f48d67404f18703652ce8ca9d9,cnn,integrated_gradients,correlation_group_median,group_wise,insertion,0,BENIGN,True,0,BENIGN,0.9999995249014262,4.081738697436776e-05,50,0.00030721558070752054,0.0001910652556806838,0.000117689601347706,0.00011615032502683675,0.0001895259793598145,2.4255323118154046e-05,1.433374296803984e-05,8.805618880947867e-05,1.059228777885437,0.7331871879640967,0.32604158992134036,34.4,30.856,trapezoid_from_zero_normalized_by_max_fraction
cicids2017_binary,46,rid_8bf0913a12626463db1174068a238121,cnn,integrated_gradients,correlation_group_median,group_wise,insertion,1,ATTACK,True,1,ATTACK,1.0,0.9999587075144518,50,0.9496923710132251,0.7866480523873338,0.696474771657302,0.1630443186258913,0.25321759935592303,0.030100442950139996,0.018043522057481227,0.1276790153932281,0.6838889122009277,0.6072613837718963,0.07662752842903142,49.8,40.972,trapezoid_from_zero_normalized_by_max_fraction
cicids2017_binary,46,rid_413d94fc3f4d023fcbb5025f54532935,cnn,integrated_gradients,correlation_group_median,group_wise,insertion,0,BENIGN,True,0,BENIGN,0.9999999998892256,4.1292374773703455e-05,50,0.0003076282057112856,-0.0008437971604855253,-0.0003316268961638737,0.0011514253661968111,0.0006392551018751593,0.0002989716253983493,0.0002989716249167295,0.0005654409813600213,0.8804693222045898,0.8943527324795724,-0.013883410274982522,40.2,36.896,trapezoid_from_zero_normalized_by_max_fraction
cicids2017_binary,46,rid_2d7e85ed2cdb8a5f02ad124caeebe429,cnn,integrated_gradients,correlation_group_median,group_wise,insertion,0,BENIGN,True,0,BENIGN,0.999999999671218,4.129215676632048e-05,50,0.0003076272989420648,0.000201393055652721,-0.0001982313853692015,0.00010623424328934372,0.0005058586843112663,5.189878232688532e-05,4.653493623334973e-05,1.5025768271978248e-05,0.9383646845817566,0.7924456154108047,0.14591906917095188,39.0,37.284000000000006,trapezoid_from_zero_normalized_by_max_fraction
cicids2017_binary,46,rid_830a74fc8667b1a2e2af223c9d2a2c10,cnn,integrated_gradients,correlation_group_median,group_wise,insertion,0,BENIGN,True,0,BENIGN,0.9999999829213236,4.127540687193232e-05,50,0.0003076045366362301,0.00028965818733629864,0.00017920573474674147,1.794634929993144e-05,0.00012839880188948862,2.8312668072323774e-06,2.3223020139233207e-06,1.3394637352641734e-05,0.8293352127075195,0.7278631921000779,0.10147202060744165,40.0,34.128,trapezoid_from_zero_normalized_by_max_fraction
cicids2017_binary,46,rid_246eaf0c1fac248deb765083c270bbcc,cnn,integrated_gradients,correlation_group_median,group_wise,insertion,0,BENIGN,True,0,BENIGN,0.9999984819983184,3.977448386649485e-05,50,0.0003065152185556031,0.0002994279886251263,0.00019888241980743848,7.087229930476721e-06,0.00010763279874816456,2.3497687209673874e-06,1.7031324091459084e-06,3.7490904085507406e-06,1.0751765966415405,0.8087592680305242,0.2664173286110163,33.0,31.651999999999997,trapezoid_from_zero_normalized_by_max_fraction
cicids2017_binary,46,rid_1326d7841b59c92665d871af5511e3f8,cnn,integrated_gradients,correlation_group_median,group_wise,insertion,1,ATTACK,True,1,ATTACK,1.0,0.9999587075144518,50,0.9496650393033633,0.839445534078443,0.6526819408738156,0.11021950522492023,0.29698309842954773,0.013313576783105806,0.009786739836941363,0.09103749514451516,0.7754654884338379,0.7117660071253776,0.06369948130846026,40.2,33.604,trapezoid_from_zero_normalized_by_max_fraction
cicids2017_binary,46,rid_f4e85fd27b14cf91010e12816d23de82,cnn,integrated_gradients,correlation_group_median,group_wise,insertion,1,ATTACK,True,1,ATTACK,1.0,0.9999587075144518,50,0.8593625190580496,0.7648818438697054,0.6997779808641476,0.09448067518834435,0.1595845381939021,0.02902060301907284,0.016523677007225082,0.062094268254183196,0.6402394771575928,0.6300151973962784,0.010224279761314348,37.4,31.351999999999997,trapezoid_from_zero_normalized_by_max_fraction
cicids2017_binary,46,rid_5852990d34963aaadad7e90ef9bf633d,cnn,integrated_gradients,correlation_group_median,group_wise,insertion,1,ATTACK,True,1,ATTACK,1.0,0.9999587075144518,50,0.8497310623031809,0.8514631767501819,0.6836204465012132,-0.001732114447001179,0.16611061580196756,0.014817482173182841,0.010561419417996367,-0.022432496506274057,0.6661950349807739,0.6691335529685021,-0.002938517987728151,40.4,38.232,trapezoid_from_zero_normalized_by_max_fraction
cicids2017_binary,46,rid_91629040875b5b88fe453003d3c24213,cnn,integrated_gradients,correlation_group_median,group_wise,insertion,1,ATTACK,True,1,ATTACK,1.0,0.9999587075144518,50,0.8514559232542525,0.6911172066405368,0.6351136794971692,0.16033871661371563,0.2163422437570831,0.02867959514774517,0.014894113976391394,0.1311462532199885,0.5787098407745361,0.46714118925482034,0.11156865151971579,37.6,35.308,trapezoid_from_zero_normalized_by_max_fraction
cicids2017_binary,46,rid_ef9fb628d94de42604b08b84713e8ae5,cnn,integrated_gradients,correlation_group_median,group_wise,insertion,1,ATTACK,True,1,ATTACK,1.0,0.9999587075144518,50,0.9496921445155749,0.8075645254809551,0.7356771260938051,0.14212761903461982,0.21401501842176976,0.015654490386561706,0.011447741893655395,0.11969004492305524,0.8782581090927124,0.6543419588059187,0.22391615028679368,40.6,30.74,trapezoid_from_zero_normalized_by_max_fraction
cicids2017_binary,46,rid_74105010942e741d7107c797b640545a,cnn,integrated_gradients,correlation_group_median,group_wise,insertion,1,ATTACK,True,1,ATTACK,1.0,0.9999587075144518,50,0.8497876620298483,0.6913427695042376,0.6875411035924479,0.15844489252561078,0.16224655843740052,0.026651397607218796,0.01664401944701617,0.12582261440945908,0.725420355796814,0.6550975096225738,0.07032284617424012,39.2,36.728,trapezoid_from_zero_normalized_by_max_fraction
cicids2017_binary,46,rid_2db54221168e8f586f9c78bb4918b5d4,cnn,integrated_gradients,correlation_group_median,group_wise,insertion,0,BENIGN,True,0,BENIGN,0.9999999382816896,4.123076723772101e-05,50,0.00030758184250877506,0.0002888681630109464,0.00028416457768361324,1.8713679497828645e-05,2.3417264825161827e-05,4.326083749395361e-06,3.060134330197755e-06,1.2715816210641046e-05,1.133415699005127,0.8488215334564447,0.2845941655486822,31.6,27.992,trapezoid_from_zero_normalized_by_max_fraction
cicids2017_binary,46,rid_c11a696fc62e305df7821a36403017a4,cnn,integrated_gradients,correlation_group_median,group_wise,insertion,0,BENIGN,True,0,BENIGN,0.9999999999822142,4.129246776238271e-05,50,0.00030762858534950644,0.00030762408078484414,-0.0004361492769642407,4.5045646622932785e-09,0.0007437778623137471,1.078879994526744e-09,1.0708688080739967e-09,2.405661798468245e-09,0.586548924446106,0.5489737395048142,0.03757518494129175,50.0,43.952000000000005,trapezoid_from_zero_normalized_by_max_fraction
cicids2017_binary,46,rid_591657dbc51fa5cba6110e4a2bc0389d,cnn,integrated_gradients,correlation_group_median,group_wise,insertion,0,BENIGN,True,0,BENIGN,0.9999999998311224,4.129231667050759e-05,50,0.0003076271597291069,0.00030168935480268794,-0.02880003082217359,5.9378049264189285e-06,0.029107657981902697,1.182264616798994e-06,1.1819898667289317e-06,3.621104787630222e-06,1.0806478261947632,1.0910910472869872,-0.010443221092224064,51.4,48.767999999999994,trapezoid_from_zero_normalized_by_max_fraction
cicids2017_binary,46,rid_c37e7f18a6e72502c51b38a935c05fe1,cnn,integrated_gradients,correlation_group_joint_donor,group_wise_dependency_preserving,deletion,1,ATTACK,True,1,ATTACK,1.0,0.9999587075144518,50,0.2032105789087055,0.4513124401008018,0.5009464388229834,-0.24810186119209626,-0.297735859914278,0.06380941556597065,0.03050504232391955,-0.30789174414697856,0.8168745040893555,0.5427531750202179,0.27412132906913755,44.4,37.668,trapezoid_from_zero_normalized_by_max_fraction
cicids2017_binary,46,rid_37cd12f48d67404f18703652ce8ca9d9,cnn,integrated_gradients,correlation_group_joint_donor,group_wise_dependency_preserving,deletion,0,BENIGN,True,0,BENIGN,0.9999995249014262,4.081738697436776e-05,50,0.20024169045751933,0.20568822872175438,0.2551025726985643,-0.005446538264235037,-0.054860882241044934,0.04236839529271036,0.024133178879637018,-0.05274756886832359,0.11108072102069855,0.07137401060387491,0.03970671041682364,34.4,29.008,trapezoid_from_zero_normalized_by_max_fraction
cicids2017_binary,46,rid_8bf0913a12626463db1174068a238121,cnn,integrated_gradients,correlation_group_joint_donor,group_wise_dependency_preserving,deletion,1,ATTACK,True,1,ATTACK,1.0,0.9999587075144518,50,0.5994744685877673,0.5500368994264851,0.5754103787674609,0.04943756916128225,0.024064089820306486,0.061491650404097306,0.029172384997881527,-0.007740305434565539,0.6723965406417847,0.5465587311089039,0.12583780953288082,49.8,38.760000000000005,trapezoid_from_zero_normalized_by_max_fraction
cicids2017_binary,46,rid_413d94fc3f4d023fcbb5025f54532935,cnn,integrated_gradients,correlation_group_joint_donor,group_wise_dependency_preserving,deletion,0,BENIGN,True,0,BENIGN,0.9999999998892256,4.1292374773703455e-05,50,0.26016308071782523,0.32893965678844017,0.3033230090022839,-0.06877657607061494,-0.04315992828445869,0.05704204017372563,0.02835610820565127,-0.12435454815369143,0.9568890333175659,0.826931261062622,0.12995777225494387,40.2,38.356,trapezoid_from_zero_normalized_by_max_fraction
cicids2017_binary,46,rid_2d7e85ed2cdb8a5f02ad124caeebe429,cnn,integrated_gradients,correlation_group_joint_donor,group_wise_dependency_preserving,deletion,0,BENIGN,True,0,BENIGN,0.999999999671218,4.129215676632048e-05,50,0.5011711145092879,0.3089824686562728,0.29564417899023954,0.192188645853015,0.20552693551904833,0.05619858491118543,0.028253651267256638,0.13681148936919202,0.10402891784906387,0.1898686188906431,-0.08583970104157923,39.0,35.808,trapezoid_from_zero_normalized_by_max_fraction
cicids2017_binary,46,rid_830a74fc8667b1a2e2af223c9d2a2c10,cnn,integrated_gradients,correlation_group_joint_donor,group_wise_dependency_preserving,deletion,0,BENIGN,True,0,BENIGN,0.9999999829213236,4.127540687193232e-05,50,0.6993216266083937,0.23303883322145416,0.28614499324859444,0.46628279338693956,0.4131766333597993,0.049939755726105095,0.026425933123427142,0.41448796446502234,1.0501453876495361,0.8813442734479905,0.16880111420154564,40.0,32.024,trapezoid_from_zero_normalized_by_max_fraction
cicids2017_binary,46,rid_246eaf0c1fac248deb765083c270bbcc,cnn,integrated_gradients,correlation_group_joint_donor,group_wise_dependency_preserving,deletion,0,BENIGN,True,0,BENIGN,0.9999984819983184,3.977448386649485e-05,50,0.6462613760571433,0.29323505495095026,0.3534452897306182,0.3530263211061931,0.2928160863265251,0.05899352570187287,0.02833742434487193,0.2974849693902441,0.025463083758950233,0.024747630432248115,0.0007154533267021181,33.0,31.344,trapezoid_from_zero_normalized_by_max_fraction
cicids2017_binary,46,rid_1326d7841b59c92665d871af5511e3f8,cnn,integrated_gradients,correlation_group_joint_donor,group_wise_dependency_preserving,deletion,1,ATTACK,True,1,ATTACK,1.0,0.9999587075144518,50,0.43321331271363306,0.6255948362956517,0.5823934762058228,-0.19238152358201865,-0.14918016349218974,0.060395751237155446,0.028084663104365068,-0.2474274632665742,0.8844176530838013,1.0605857407152652,-0.17616808763146397,40.2,29.932,trapezoid_from_zero_normalized_by_max_fraction
cicids2017_binary,46,rid_f4e85fd27b14cf91010e12816d23de82,cnn,integrated_gradients,correlation_group_joint_donor,group_wise_dependency_preserving,deletion,1,ATTACK,True,1,ATTACK,1.0,0.9999587075144518,50,0.7993834645321348,0.46761036782375975,0.5305596717195075,0.33177309670837496,0.2688237928126273,0.06153928035737974,0.029353700950824874,0.2742398428447582,0.6223164796829224,0.459411255210638,0.16290522447228434,37.4,33.304,trapezoid_from_zero_normalized_by_max_fraction
cicids2017_binary,46,rid_5852990d34963aaadad7e90ef9bf633d,cnn,integrated_gradients,correlation_group_joint_donor,group_wise_dependency_preserving,deletion,1,ATTACK,True,1,ATTACK,1.0,0.9999587075144518,50,0.6500164896113553,0.5683662415705291,0.6290690027446628,0.08165024804082617,0.02094748686669251,0.06174878487169151,0.02913096968561227,0.02455354745702612,0.1293606013059616,0.1427910362929106,-0.013430434986948986,40.4,33.176,trapezoid_from_zero_normalized_by_max_fraction
cicids2017_binary,46,rid_91629040875b5b88fe453003d3c24213,cnn,integrated_gradients,correlation_group_joint_donor,group_wise_dependency_preserving,deletion,1,ATTACK,True,1,ATTACK,1.0,0.9999587075144518,50,0.5498938977979577,0.5214918350216756,0.5451213207154895,0.028402062776282138,0.004772577082468185,0.061603652752238024,0.029146975943978512,-0.02872601007391574,0.5961607694625854,0.4333898993432522,0.16277087011933322,37.6,34.352,trapezoid_from_zero_normalized_by_max_fraction
cicids2017_binary,46,rid_ef9fb628d94de42604b08b84713e8ae5,cnn,integrated_gradients,correlation_group_joint_donor,group_wise_dependency_preserving,deletion,1,ATTACK,True,1,ATTACK,1.0,0.9999587075144518,50,0.9492537984875673,0.4777031629482176,0.5709909399023622,0.4715506355393496,0.37826285858520503,0.06149115097100159,0.029185322268129022,0.41434740389381675,0.8917714357376099,0.6026956517398357,0.2890757839977741,40.6,29.008,trapezoid_from_zero_normalized_by_max_fraction
cicids2017_binary,46,rid_74105010942e741d7107c797b640545a,cnn,integrated_gradients,correlation_group_joint_donor,group_wise_dependency_preserving,deletion,1,ATTACK,True,1,ATTACK,1.0,0.9999587075144518,50,0.7516619887707952,0.6459220319673842,0.5303730924281942,0.10573995680341089,0.2212888963426008,0.058061590038609556,0.027551813044908734,0.05173840323538977,0.28370171785354614,0.32531989330053335,-0.041618175446987205,39.2,39.924,trapezoid_from_zero_normalized_by_max_fraction
cicids2017_binary,46,rid_2db54221168e8f586f9c78bb4918b5d4,cnn,integrated_gradients,correlation_group_joint_donor,group_wise_dependency_preserving,deletion,0,BENIGN,True,0,BENIGN,0.9999999382816896,4.123076723772101e-05,50,0.32899996587554453,0.19163423528043688,0.3726577940788578,0.1373657305951076,-0.04365782820331332,0.048456613832773804,0.0255012779465778,0.08738322581981511,1.185973882675171,0.86517002084665,0.32080386182852094,31.6,28.776,trapezoid_from_zero_normalized_by_max_fraction
cicids2017_binary,46,rid_c11a696fc62e305df7821a36403017a4,cnn,integrated_gradients,correlation_group_joint_donor,group_wise_dependency_preserving,deletion,0,BENIGN,True,0,BENIGN,0.9999999999822142,4.129246776238271e-05,50,0.39999201868500844,0.37827805179798313,0.2250458683187469,0.021713966887025333,0.17494615036626154,0.06230210966038252,0.029805028303225664,-0.036703888587296965,0.8869826197624207,1.082769457101822,-0.1957868373394014,50.0,43.588,trapezoid_from_zero_normalized_by_max_fraction
cicids2017_binary,46,rid_591657dbc51fa5cba6110e4a2bc0389d,cnn,integrated_gradients,correlation_group_joint_donor,group_wise_dependency_preserving,deletion,0,BENIGN,True,0,BENIGN,0.9999999998311224,4.129231667050759e-05,50,0.19999265684641962,0.21268546673767375,0.2845892274281734,-0.012692809891254098,-0.0845965705817538,0.04688575154197562,0.022634500229362593,-0.05705643034080478,1.2066709995269775,1.1154893099069596,0.09118168962001794,51.4,34.056,trapezoid_from_zero_normalized_by_max_fraction
cicids2017_binary,46,rid_c37e7f18a6e72502c51b38a935c05fe1,cnn,integrated_gradients,correlation_group_joint_donor,group_wise_dependency_preserving,insertion,1,ATTACK,True,1,ATTACK,1.0,0.9999587075144518,50,0.0015306025743484497,-0.22628586986294416,-0.10012385354771834,0.2278164724372926,0.10165445612206679,0.05425725666942454,0.024972663916321743,0.178870051161302,0.8168745040893555,0.5427531750202179,0.27412132906913755,44.4,37.668,trapezoid_from_zero_normalized_by_max_fraction
cicids2017_binary,46,rid_37cd12f48d67404f18703652ce8ca9d9,cnn,integrated_gradients,correlation_group_joint_donor,group_wise_dependency_preserving,insertion,0,BENIGN,True,0,BENIGN,0.9999995249014262,4.081738697436776e-05,50,-1.6628759971326624e-06,-0.1281845717702076,-0.0342194379109732,0.12818290889421044,0.03421777503497606,0.035858212461664485,0.01832361438531888,0.09226862469898545,0.11108072102069855,0.07137401060387491,0.03970671041682364,34.4,29.008,trapezoid_from_zero_normalized_by_max_fraction
cicids2017_binary,46,rid_8bf0913a12626463db1174068a238121,cnn,integrated_gradients,correlation_group_joint_donor,group_wise_dependency_preserving,insertion,1,ATTACK,True,1,ATTACK,1.0,0.9999587075144518,50,-7.702112197875975e-05,-0.29880245374564296,-0.23080055283962517,0.2987254326236642,0.23072353171764642,0.05759029782827961,0.02655461141076976,0.24667839425855545,0.6723965406417847,0.5465587311089039,0.12583780953288082,49.8,38.760000000000005,trapezoid_from_zero_normalized_by_max_fraction
cicids2017_binary,46,rid_413d94fc3f4d023fcbb5025f54532935,cnn,integrated_gradients,correlation_group_joint_donor,group_wise_dependency_preserving,insertion,0,BENIGN,True,0,BENIGN,0.9999999998892256,4.1292374773703455e-05,50,-0.1500019783238277,-0.08410607301898473,-0.04740724496659333,-0.06589590530484295,-0.10259473335723439,0.029184830232360248,0.014794155413846339,-0.09489244991598177,0.9568890333175659,0.826931261062622,0.12995777225494387,40.2,38.356,trapezoid_from_zero_normalized_by_max_fraction
cicids2017_binary,46,rid_2d7e85ed2cdb8a5f02ad124caeebe429,cnn,integrated_gradients,correlation_group_joint_donor,group_wise_dependency_preserving,insertion,0,BENIGN,True,0,BENIGN,0.999999999671218,4.129215676632048e-05,50,-0.09997169291785007,-0.08056673700186302,-0.03766752905879764,-0.019404955915987045,-0.062304163859052436,0.028559546531859704,0.014373575890342858,-0.047577164661059046,0.10402891784906387,0.1898686188906431,-0.08583970104157923,39.0,35.808,trapezoid_from_zero_normalized_by_max_fraction
cicids2017_binary,46,rid_830a74fc8667b1a2e2af223c9d2a2c10,cnn,integrated_gradients,correlation_group_joint_donor,group_wise_dependency_preserving,insertion,0,BENIGN,True,0,BENIGN,0.9999999829213236,4.127540687193232e-05,50,1.8591250043986654e-05,-0.11967823253815965,-0.047494786838658466,0.11969682378820365,0.04751337808870244,0.0363370745413104,0.016753175945248992,0.08686059893551562,1.0501453876495361,0.8813442734479905,0.16880111420154564,40.0,32.024,trapezoid_from_zero_normalized_by_max_fraction
cicids2017_binary,46,rid_246eaf0c1fac248deb765083c270bbcc,cnn,integrated_gradients,correlation_group_joint_donor,group_wise_dependency_preserving,insertion,0,BENIGN,True,0,BENIGN,0.9999984819983184,3.977448386649485e-05,50,-2.3822053663025144e-06,-0.06492504617189036,-0.057516455674979504,0.06492266396652407,0.05751407346961321,0.01634194189587039,0.01081157426363739,0.043731978409794786,0.025463083758950233,0.024747630432248115,0.0007154533267021181,33.0,31.344,trapezoid_from_zero_normalized_by_max_fraction
cicids2017_binary,46,rid_1326d7841b59c92665d871af5511e3f8,cnn,integrated_gradients,correlation_group_joint_donor,group_wise_dependency_preserving,insertion,1,ATTACK,True,1,ATTACK,1.0,0.9999587075144518,50,0.9499994456760128,0.6752954306970409,0.7064300846027634,0.274704014978972,0.2435693610732495,0.0550911882344871,0.025701887377720476,0.22432831571863987,0.8844176530838013,1.0605857407152652,-0.17616808763146397,40.2,29.932,trapezoid_from_zero_normalized_by_max_fraction
cicids2017_binary,46,rid_f4e85fd27b14cf91010e12816d23de82,cnn,integrated_gradients,correlation_group_joint_donor,group_wise_dependency_preserving,insertion,1,ATTACK,True,1,ATTACK,1.0,0.9999587075144518,50,-0.09998376162839122,-0.29185227833475214,-0.2019331117704999,0.19186851670636085,0.10194935014210871,0.05070516997696038,0.025499444431567674,0.14188960562048822,0.6223164796829224,0.459411255210638,0.16290522447228434,37.4,33.304,trapezoid_from_zero_normalized_by_max_fraction
cicids2017_binary,46,rid_5852990d34963aaadad7e90ef9bf633d,cnn,integrated_gradients,correlation_group_joint_donor,group_wise_dependency_preserving,insertion,1,ATTACK,True,1,ATTACK,1.0,0.9999587075144518,50,-0.10044564737181647,-0.1738485897330833,-0.17260540041100816,0.07340294236126685,0.07215975303919173,0.03389482362900244,0.017575252585232102,0.03895544729421193,0.1293606013059616,0.1427910362929106,-0.013430434986948986,40.4,33.176,trapezoid_from_zero_normalized_by_max_fraction
cicids2017_binary,46,rid_91629040875b5b88fe453003d3c24213,cnn,integrated_gradients,correlation_group_joint_donor,group_wise_dependency_preserving,insertion,1,ATTACK,True,1,ATTACK,1.0,0.9999587075144518,50,-0.019614636898040775,-0.3265810686945978,-0.32912499977470067,0.306966431796557,0.30951036287665984,0.05610095052530575,0.026724162873812247,0.254587072563885,0.5961607694625854,0.4333898993432522,0.16277087011933322,37.6,34.352,trapezoid_from_zero_normalized_by_max_fraction
cicids2017_binary,46,rid_ef9fb628d94de42604b08b84713e8ae5,cnn,integrated_gradients,correlation_group_joint_donor,group_wise_dependency_preserving,insertion,1,ATTACK,True,1,ATTACK,1.0,0.9999587075144518,50,-2.2351741790771484e-07,-0.2838338606860012,-0.19176117631603457,0.2838336371685833,0.19176095279861666,0.053058859700237174,0.024366113982778864,0.2360760537623367,0.8917714357376099,0.6026956517398357,0.2890757839977741,40.6,29.008,trapezoid_from_zero_normalized_by_max_fraction
cicids2017_binary,46,rid_74105010942e741d7107c797b640545a,cnn,integrated_gradients,correlation_group_joint_donor,group_wise_dependency_preserving,insertion,1,ATTACK,True,1,ATTACK,1.0,0.9999587075144518,50,-0.10000009899960106,-0.02831924782902934,-0.19576069558123382,-0.07168085117057171,0.09576059658163275,0.005183771177116713,0.005171080698462822,-0.08181616933955885,0.28370171785354614,0.32531989330053335,-0.041618175446987205,39.2,39.924,trapezoid_from_zero_normalized_by_max_fraction
cicids2017_binary,46,rid_2db54221168e8f586f9c78bb4918b5d4,cnn,integrated_gradients,correlation_group_joint_donor,group_wise_dependency_preserving,insertion,0,BENIGN,True,0,BENIGN,0.9999999382816896,4.123076723772101e-05,50,0.9499902761061121,0.7035344648928765,0.8772912105354416,0.24645581121323543,0.07269906557067052,0.0556021447731523,0.026191798996661735,0.19511988517977844,1.185973882675171,0.86517002084665,0.32080386182852094,31.6,28.776,trapezoid_from_zero_normalized_by_max_fraction
cicids2017_binary,46,rid_c11a696fc62e305df7821a36403017a4,cnn,integrated_gradients,correlation_group_joint_donor,group_wise_dependency_preserving,insertion,0,BENIGN,True,0,BENIGN,0.9999999999822142,4.129246776238271e-05,50,2.221441156391446e-06,-0.012336544523987289,-0.03438186196697099,0.012338765965143682,0.03438408340812738,0.004177766649767668,0.004080363809867285,0.004341252897803802,0.8869826197624207,1.082769457101822,-0.1957868373394014,50.0,43.588,trapezoid_from_zero_normalized_by_max_fraction
cicids2017_binary,46,rid_591657dbc51fa5cba6110e4a2bc0389d,cnn,integrated_gradients,correlation_group_joint_donor,group_wise_dependency_preserving,insertion,0,BENIGN,True,0,BENIGN,0.9999999998311224,4.129231667050759e-05,50,0.9499938147483425,0.9009815078781077,0.9282955516431282,0.049012306870234744,0.021698263105214357,0.020504165559143774,0.010338761938614315,0.028748333470550686,1.2066709995269775,1.1154893099069596,0.09118168962001794,51.4,34.056,trapezoid_from_zero_normalized_by_max_fraction
