task_id,seed,flow_id,model,method,operator,operator_family,functional_check,true_class_id,true_class,class_specific_inference_eligible,target_class_id,target_class,confidence,model_margin,random_feature_repetitions,attribution_effect_aopc,random_effect_mean_aopc,uniform_random_effect_mean_aopc,attribution_minus_random_aopc,attribution_minus_uniform_random_aopc,random_effect_standard_error_aopc,random_aopc_monte_carlo_standard_error,attribution_minus_random_aopc_mc_lower95,attribution_displacement_mean,matched_random_displacement_mean,attribution_minus_matched_displacement,coordinates_changed_mean,matched_random_coordinates_mean,aopc_definition
cicids2017_binary,43,rid_299f5020f6c0ee5585f68ea51b3a909c,cnn,gradient_x_input,training_median,baseline_marginal_constant,deletion,1,ATTACK,True,1,ATTACK,1.0,0.9990125139011072,50,9.722709655761719e-05,0.045916887670755385,0.099908749758848,-0.04581966057419777,-0.09981152266229038,0.013071937949223041,0.009170835728616664,-0.06379449860228643,0.3750980794429779,0.37678675770759584,-0.0016886782646179377,18.4,18.4,trapezoid_from_zero_normalized_by_max_fraction
cicids2017_binary,43,rid_b63ceef3b9d6d5e5d52f011e88a99d75,cnn,gradient_x_input,training_median,baseline_marginal_constant,deletion,0,BENIGN,True,0,BENIGN,0.9999991862612204,0.0009866723601134,50,0.001033746334405805,0.03138915444138626,0.019460466681241864,-0.03035540810698046,-0.01842672034683606,0.010689036978700646,0.006820462298663515,-0.04372351421236095,0.2799765467643738,0.2487157377898693,0.03126080897450448,18.4,18.4,trapezoid_from_zero_normalized_by_max_fraction
cicids2017_binary,43,rid_0d5718fa79fb7894e09279dc893a803e,cnn,gradient_x_input,training_median,baseline_marginal_constant,deletion,1,ATTACK,True,1,ATTACK,1.0,0.9990125139011072,50,5.2833557128906255e-05,0.09992751692794263,0.10538400321546942,-0.09987468337081373,-0.10533116965834051,0.02370539240029906,0.016508453694491085,-0.13223125261201626,0.3549228310585022,0.3406625630557537,0.014260268002748488,18.4,18.4,trapezoid_from_zero_normalized_by_max_fraction
cicids2017_binary,43,rid_0fbdd24c1b1636c31eb464c10c4cd767,cnn,gradient_x_input,training_median,baseline_marginal_constant,deletion,0,BENIGN,True,0,BENIGN,0.999965887680446,0.0009533737793389,50,0.005465102183734416,0.005952410844090764,0.0021826073630049903,-0.0004873086603563476,0.0032824948207294253,0.0014685096350770764,0.0010998701865995444,-0.0026430542260914543,0.30800822377204895,0.19452622844558207,0.11348199532646688,18.4,18.4,trapezoid_from_zero_normalized_by_max_fraction
cicids2017_binary,43,rid_d4ee17856ce1b46d6111b2ca82a08247,cnn,gradient_x_input,training_median,baseline_marginal_constant,deletion,0,BENIGN,True,0,BENIGN,0.9999999996777164,0.0009874857766092,50,0.004408814555012186,0.024244483384529402,0.0036436904583009573,-0.019835668829517216,0.000765124096711229,0.010234378342896264,0.007049489969658878,-0.03365266917004862,0.7444643378257751,0.6625438721179961,0.081920465707779,18.4,18.4,trapezoid_from_zero_normalized_by_max_fraction
cicids2017_binary,43,rid_a30282f714de912382c8a683d9075cb2,cnn,gradient_x_input,training_median,baseline_marginal_constant,deletion,0,BENIGN,True,0,BENIGN,0.999994920053723,0.0009824061526159,50,0.008955753714909065,0.004457461403908952,0.0023633865071677747,0.004498292311000114,0.00659236720774129,0.001129976769855979,0.0007357695325569694,0.0030561840271884537,0.19258305430412292,0.16553235296020283,0.027050701343920097,18.4,18.4,trapezoid_from_zero_normalized_by_max_fraction
cicids2017_binary,43,rid_d0761508812c12c771adea5e80b3733e,cnn,gradient_x_input,training_median,baseline_marginal_constant,deletion,0,BENIGN,True,0,BENIGN,0.9999982846898092,0.0009857707887021,50,0.006513068365076436,0.004018189791633375,0.002068032230096776,0.0024948785734430603,0.00444503613497966,0.001083183993203473,0.0007776642692720113,0.0009706566056699182,0.19301076233386993,0.13301745559461414,0.05999330673925579,18.4,18.4,trapezoid_from_zero_normalized_by_max_fraction
cicids2017_binary,43,rid_a1ed68623ba0430e56f4ee82b60cb189,cnn,gradient_x_input,training_median,baseline_marginal_constant,deletion,0,BENIGN,True,0,BENIGN,0.9999999976535074,0.0009874837524003,50,0.0013765095248466585,0.002858002006239027,0.0006338995319725194,-0.001481492481392368,0.0007426099928741392,0.0008319871067352721,0.0007937688918544447,-0.00303727950942708,2.6527161598205566,2.9273286371231078,-0.2746124773025511,18.4,18.4,trapezoid_from_zero_normalized_by_max_fraction
cicids2017_binary,43,rid_dba24fc6ab50ddfc1c7e2883730920f1,cnn,gradient_x_input,training_median,baseline_marginal_constant,deletion,0,BENIGN,True,0,BENIGN,0.9999978442522206,0.0009853303511135,50,8.843812184977651e-06,0.004403817942085624,0.0013255526803760632,-0.004394974129900646,-0.0013167088681910854,0.0011543840986969756,0.0007206544329631344,-0.0058074568185083894,0.15194515883922577,0.1485369679480791,0.003408190891146662,18.4,18.4,trapezoid_from_zero_normalized_by_max_fraction
cicids2017_binary,43,rid_06ab8b94dacdf1e99c27598d627fd5e7,cnn,gradient_x_input,training_median,baseline_marginal_constant,deletion,1,ATTACK,True,1,ATTACK,0.9999985098838806,0.9990110237849876,50,0.21925586803117766,0.27198832380502425,0.19932676162269491,-0.05273245577384658,0.019929106408482777,0.034655297800608865,0.02126045663667383,-0.09440295078172728,0.5547521114349365,0.35250811141729355,0.20224400001764298,18.4,18.4,trapezoid_from_zero_normalized_by_max_fraction
cicids2017_binary,43,rid_e3dd721c6ead4c5beb8c97214764fe93,cnn,gradient_x_input,training_median,baseline_marginal_constant,deletion,1,ATTACK,True,1,ATTACK,1.0,0.9990125139011072,50,2.8336048126220705e-05,0.05296981858462095,0.18450931057559866,-0.05294148253649473,-0.18448097452747242,0.02002019370581623,0.01170785695633715,-0.07588888217091554,0.2569204866886139,0.23604855174757539,0.020871934941038506,18.4,18.4,trapezoid_from_zero_normalized_by_max_fraction
cicids2017_binary,43,rid_4549d0f84e4654e49b146ef9247a3cad,cnn,gradient_x_input,training_median,baseline_marginal_constant,deletion,1,ATTACK,True,1,ATTACK,1.0,0.9990125139011072,50,7.755756378173828e-05,0.021541160292923446,0.1471909581394866,-0.02146360272914171,-0.14711340057570488,0.012752689611527725,0.007594844946917253,-0.036349498825099524,0.33274388313293457,0.26491989564243706,0.0678239874904975,18.4,18.4,trapezoid_from_zero_normalized_by_max_fraction
cicids2017_binary,43,rid_94b322d0c9af6a93a1587e589cac48ea,cnn,gradient_x_input,training_median,baseline_marginal_constant,deletion,1,ATTACK,True,1,ATTACK,1.0,0.9990125139011072,50,0.0,0.03827587818575558,0.18527371410629714,-0.03827587818575558,-0.18527371410629714,0.017647844519005557,0.010488881467783677,-0.05883408586261159,0.2354961633682251,0.2299996706037782,0.005496492764446886,18.4,18.4,trapezoid_from_zero_normalized_by_max_fraction
cicids2017_binary,43,rid_dc6b295865e7aabc28fd5e1b8a0b5b30,cnn,gradient_x_input,training_median,baseline_marginal_constant,deletion,1,ATTACK,True,1,ATTACK,1.0,0.9990125139011072,50,0.0015160560607910157,0.12354727876931429,0.16824860836833247,-0.12203122270852328,-0.16673255230754147,0.029569931443426775,0.01750658865302089,-0.15634413646844422,0.377892404794693,0.3514165047453716,0.026475900049321377,18.4,18.4,trapezoid_from_zero_normalized_by_max_fraction
cicids2017_binary,43,rid_a736dce9f3e61ea8d8876c86d0ac0751,cnn,gradient_x_input,training_median,baseline_marginal_constant,deletion,1,ATTACK,True,1,ATTACK,1.0,0.9990125139011072,50,4.76837158203125e-07,0.03862765931617468,0.1527715831939313,-0.038627182479016475,-0.1527711063567731,0.013847181711504954,0.009588882284810264,-0.05742139175724459,0.23733603954315186,0.21648001558193938,0.020856023961212472,18.4,18.4,trapezoid_from_zero_normalized_by_max_fraction
cicids2017_binary,43,rid_40e563444b684608e6d176b713ea43e7,cnn,gradient_x_input,training_median,baseline_marginal_constant,deletion,0,BENIGN,True,0,BENIGN,0.9999994095625198,0.0009868956614126,50,0.0006253299717229766,0.020886318185603058,0.010541316810755178,-0.02026098821388008,-0.009915986839032201,0.008389558998561268,0.0058435628962643016,-0.03171437149055811,0.3022923469543457,0.2436669794917107,0.058625367462635,18.4,18.4,trapezoid_from_zero_normalized_by_max_fraction
cicids2017_binary,43,rid_299f5020f6c0ee5585f68ea51b3a909c,cnn,gradient_x_input,training_median,baseline_marginal_constant,insertion,1,ATTACK,True,1,ATTACK,1.0,0.9990125139011072,50,0.09345427379012107,0.2743428433063527,0.3260812549593102,-0.18088856951623167,-0.2326269811691891,0.03976742989940475,0.020059218368461727,-0.22020463751841665,0.3750980794429779,0.37678675770759584,-0.0016886782646179377,18.4,18.4,trapezoid_from_zero_normalized_by_max_fraction
cicids2017_binary,43,rid_b63ceef3b9d6d5e5d52f011e88a99d75,cnn,gradient_x_input,training_median,baseline_marginal_constant,insertion,0,BENIGN,True,0,BENIGN,0.9999991862612204,0.0009866723601134,50,0.05653600770747289,-0.02936554092722756,-0.033521833354916486,0.08590154863470045,0.09005784106238937,0.025522009097909908,0.012695420841614178,0.06101852378513667,0.2799765467643738,0.2487157377898693,0.03126080897450448,18.4,18.4,trapezoid_from_zero_normalized_by_max_fraction
cicids2017_binary,43,rid_0d5718fa79fb7894e09279dc893a803e,cnn,gradient_x_input,training_median,baseline_marginal_constant,insertion,1,ATTACK,True,1,ATTACK,1.0,0.9990125139011072,50,0.03858432695269585,0.2424598528726347,0.25197494468762305,-0.20387552591993885,-0.21339061773492723,0.03846215299558314,0.02013849803007282,-0.24334698205888158,0.3549228310585022,0.3406625630557537,0.014260268002748488,18.4,18.4,trapezoid_from_zero_normalized_by_max_fraction
cicids2017_binary,43,rid_0fbdd24c1b1636c31eb464c10c4cd767,cnn,gradient_x_input,training_median,baseline_marginal_constant,insertion,0,BENIGN,True,0,BENIGN,0.999965887680446,0.0009533737793389,50,0.0573970411085611,0.041036817216148394,0.03779649325551873,0.016360223892412706,0.019600547853042376,0.004496040326112864,0.0023317822530548146,0.01178993067642527,0.30800822377204895,0.19452622844558207,0.11348199532646688,18.4,18.4,trapezoid_from_zero_normalized_by_max_fraction
cicids2017_binary,43,rid_d4ee17856ce1b46d6111b2ca82a08247,cnn,gradient_x_input,training_median,baseline_marginal_constant,insertion,0,BENIGN,True,0,BENIGN,0.9999999996777164,0.0009874857766092,50,-0.058588713600102,0.029014948806472783,-0.009026822848872573,-0.08760366240657476,-0.04956189075122942,0.010235864726688224,0.005418691922244079,-0.09822429857417316,0.7444643378257751,0.6625438721179961,0.081920465707779,18.4,18.4,trapezoid_from_zero_normalized_by_max_fraction
cicids2017_binary,43,rid_a30282f714de912382c8a683d9075cb2,cnn,gradient_x_input,training_median,baseline_marginal_constant,insertion,0,BENIGN,True,0,BENIGN,0.999994920053723,0.0009824061526159,50,0.04084672499411681,0.048454580854813564,0.04143911858199545,-0.007607855860696755,-0.0005923935878786321,0.001923560067387517,0.0010603642104505195,-0.009686169713179774,0.19258305430412292,0.16553235296020283,0.027050701343920097,18.4,18.4,trapezoid_from_zero_normalized_by_max_fraction
cicids2017_binary,43,rid_d0761508812c12c771adea5e80b3733e,cnn,gradient_x_input,training_median,baseline_marginal_constant,insertion,0,BENIGN,True,0,BENIGN,0.9999982846898092,0.0009857707887021,50,0.03586534025762375,0.04187078954724814,0.03753949725806137,-0.006005449289624383,-0.0016741570004376195,0.0032773175890540435,0.0016363374901120758,-0.009212670770244052,0.19301076233386993,0.13301745559461414,0.05999330673925579,18.4,18.4,trapezoid_from_zero_normalized_by_max_fraction
cicids2017_binary,43,rid_a1ed68623ba0430e56f4ee82b60cb189,cnn,gradient_x_input,training_median,baseline_marginal_constant,insertion,0,BENIGN,True,0,BENIGN,0.9999999976535074,0.0009874837524003,50,0.059636521970724665,0.04936654101028723,0.0383874372045606,0.010269980960437441,0.021249084766164068,0.004708718420334745,0.002891505569926595,0.004602630043381315,2.6527161598205566,2.9273286371231078,-0.2746124773025511,18.4,18.4,trapezoid_from_zero_normalized_by_max_fraction
cicids2017_binary,43,rid_dba24fc6ab50ddfc1c7e2883730920f1,cnn,gradient_x_input,training_median,baseline_marginal_constant,insertion,0,BENIGN,True,0,BENIGN,0.9999978442522206,0.0009853303511135,50,0.03684037473285571,0.0473212239149475,0.03987767717711267,-0.010480849182091792,-0.003037302444256966,0.0019294680656321132,0.0011009729233144114,-0.012638756111788038,0.15194515883922577,0.1485369679480791,0.003408190891146662,18.4,18.4,trapezoid_from_zero_normalized_by_max_fraction
cicids2017_binary,43,rid_06ab8b94dacdf1e99c27598d627fd5e7,cnn,gradient_x_input,training_median,baseline_marginal_constant,insertion,1,ATTACK,True,1,ATTACK,0.9999985098838806,0.9990110237849876,50,-0.0355783743201755,0.26779858815034097,0.19346214741428047,-0.30337696247051643,-0.229040521734456,0.04626281510972882,0.023308282660956362,-0.3490611964859909,0.5547521114349365,0.35250811141729355,0.20224400001764298,18.4,18.4,trapezoid_from_zero_normalized_by_max_fraction
cicids2017_binary,43,rid_e3dd721c6ead4c5beb8c97214764fe93,cnn,gradient_x_input,training_median,baseline_marginal_constant,insertion,1,ATTACK,True,1,ATTACK,1.0,0.9990125139011072,50,-0.025228733196854588,0.18117716474230475,0.24902232687691137,-0.20640589793915934,-0.274251060073766,0.03584583605707569,0.019709397583594555,-0.24503631720300467,0.2569204866886139,0.23604855174757539,0.020871934941038506,18.4,18.4,trapezoid_from_zero_normalized_by_max_fraction
cicids2017_binary,43,rid_4549d0f84e4654e49b146ef9247a3cad,cnn,gradient_x_input,training_median,baseline_marginal_constant,insertion,1,ATTACK,True,1,ATTACK,1.0,0.9990125139011072,50,-0.012840641476213933,0.13739431367872748,0.2502775756767951,-0.1502349551549414,-0.263118217153009,0.03464441619724962,0.01864232321735847,-0.186773908660964,0.33274388313293457,0.26491989564243706,0.0678239874904975,18.4,18.4,trapezoid_from_zero_normalized_by_max_fraction
cicids2017_binary,43,rid_94b322d0c9af6a93a1587e589cac48ea,cnn,gradient_x_input,training_median,baseline_marginal_constant,insertion,1,ATTACK,True,1,ATTACK,1.0,0.9990125139011072,50,-0.04010842149145901,0.21053810968003017,0.2577384356076654,-0.25064653117148916,-0.2978468570991245,0.040480451331907044,0.021440723735505533,-0.29267034969308003,0.2354961633682251,0.2299996706037782,0.005496492764446886,18.4,18.4,trapezoid_from_zero_normalized_by_max_fraction
cicids2017_binary,43,rid_dc6b295865e7aabc28fd5e1b8a0b5b30,cnn,gradient_x_input,training_median,baseline_marginal_constant,insertion,1,ATTACK,True,1,ATTACK,1.0,0.9990125139011072,50,-0.019805580191314218,0.2468832380783688,0.20866001375435733,-0.266688818269683,-0.22846559394567156,0.03908420944766773,0.020952790302215668,-0.3077562872620257,0.377892404794693,0.3514165047453716,0.026475900049321377,18.4,18.4,trapezoid_from_zero_normalized_by_max_fraction
cicids2017_binary,43,rid_a736dce9f3e61ea8d8876c86d0ac0751,cnn,gradient_x_input,training_median,baseline_marginal_constant,insertion,1,ATTACK,True,1,ATTACK,1.0,0.9990125139011072,50,-0.03289809580892324,0.20328985863924753,0.23069319007714328,-0.2361879544481708,-0.2635912858860665,0.03886612952757795,0.021408166503041216,-0.2781479607941316,0.23733603954315186,0.21648001558193938,0.020856023961212472,18.4,18.4,trapezoid_from_zero_normalized_by_max_fraction
cicids2017_binary,43,rid_40e563444b684608e6d176b713ea43e7,cnn,gradient_x_input,training_median,baseline_marginal_constant,insertion,0,BENIGN,True,0,BENIGN,0.9999994095625198,0.0009868956614126,50,-0.35060270977264735,-0.07068748865549798,-0.047939219293953554,-0.2799152211171494,-0.3026634904786938,0.0272701891942432,0.013332288901193508,-0.30604650736348865,0.3022923469543457,0.2436669794917107,0.058625367462635,18.4,18.4,trapezoid_from_zero_normalized_by_max_fraction
cicids2017_binary,43,rid_299f5020f6c0ee5585f68ea51b3a909c,cnn,gradient_x_input,target_class_median,baseline_marginal_constant,deletion,1,ATTACK,True,1,ATTACK,1.0,0.9990125139011072,50,0.0,0.03898668974637985,0.09048384843580426,-0.03898668974637985,-0.09048384843580426,0.008643318245842828,0.0065342236419682715,-0.05179376808463766,0.3868318200111389,0.39085795977711674,-0.004026139765977821,18.4,18.4,trapezoid_from_zero_normalized_by_max_fraction
cicids2017_binary,43,rid_b63ceef3b9d6d5e5d52f011e88a99d75,cnn,gradient_x_input,target_class_median,baseline_marginal_constant,deletion,0,BENIGN,True,0,BENIGN,0.9999991862612204,0.0009866723601134,50,-3.4593153728224026e-07,0.0015684370131753096,0.0020294215850606406,-0.001568782944712592,-0.002029767516597923,0.0009297912609477714,0.0004404274164336936,-0.0024320206809226312,0.5659995675086975,0.6021064202785491,-0.036106852769851594,18.4,18.4,trapezoid_from_zero_normalized_by_max_fraction
cicids2017_binary,43,rid_0d5718fa79fb7894e09279dc893a803e,cnn,gradient_x_input,target_class_median,baseline_marginal_constant,deletion,1,ATTACK,True,1,ATTACK,1.0,0.9990125139011072,50,1.1920928955078126e-08,0.06388721011439338,0.12917636273236713,-0.06388719819346443,-0.12917635081143816,0.017628899426997094,0.012291141266060882,-0.08797783507494376,0.3666577637195587,0.35207651603966955,0.014581247679889164,18.4,18.4,trapezoid_from_zero_normalized_by_max_fraction
cicids2017_binary,43,rid_0fbdd24c1b1636c31eb464c10c4cd767,cnn,gradient_x_input,target_class_median,baseline_marginal_constant,deletion,0,BENIGN,True,0,BENIGN,0.999965887680446,0.0009533737793389,50,2.5159212964354086e-05,1.6518521223730433e-05,3.7108851255908344e-05,8.640691740623651e-06,-1.1949638291554255e-05,1.0848456616176837e-05,6.233740029030449e-06,-3.5774387162760286e-06,0.1540721207857132,0.08931686819391324,0.06475525259179996,18.4,18.4,trapezoid_from_zero_normalized_by_max_fraction
cicids2017_binary,43,rid_d4ee17856ce1b46d6111b2ca82a08247,cnn,gradient_x_input,target_class_median,baseline_marginal_constant,deletion,0,BENIGN,True,0,BENIGN,0.9999999996777164,0.0009874857766092,50,0.00014604116051949445,0.004045548163499906,0.00017660042365971618,-0.003899507002980411,-3.055926314022174e-05,0.0019293307081271922,0.001331752159077253,-0.006509741234771826,0.8650415539741516,0.7582596311569214,0.1067819228172302,18.4,18.4,trapezoid_from_zero_normalized_by_max_fraction
cicids2017_binary,43,rid_a30282f714de912382c8a683d9075cb2,cnn,gradient_x_input,target_class_median,baseline_marginal_constant,deletion,0,BENIGN,True,0,BENIGN,0.999994920053723,0.0009824061526159,50,-1.8400656699668617e-06,-6.956593042559688e-07,-5.681597554030305e-07,-1.1444063657108926e-06,-1.2719059145638312e-06,2.4801068850874447e-07,1.183457846447925e-07,-1.3763641036146859e-06,0.04241008684039116,0.05040638058260083,-0.00799629374220967,18.4,18.4,trapezoid_from_zero_normalized_by_max_fraction
cicids2017_binary,43,rid_d0761508812c12c771adea5e80b3733e,cnn,gradient_x_input,target_class_median,baseline_marginal_constant,deletion,0,BENIGN,True,0,BENIGN,0.9999982846898092,0.0009857707887021,50,2.7143372562932203e-07,3.192091724031343e-07,2.7677696607497637e-07,-4.7775446773812275e-08,-5.3432404456543355e-09,1.16161748190942e-07,6.33733591611851e-08,-1.719872307297351e-07,0.007215303368866444,0.01091455646045506,-0.0036992530915886165,18.4,18.4,trapezoid_from_zero_normalized_by_max_fraction
cicids2017_binary,43,rid_a1ed68623ba0430e56f4ee82b60cb189,cnn,gradient_x_input,target_class_median,baseline_marginal_constant,deletion,0,BENIGN,True,0,BENIGN,0.9999999976535074,0.0009874837524003,50,2.7109676615899583e-06,4.456074269602928e-06,3.5367664951020402e-06,-1.7451066080129692e-06,-8.257988335120813e-07,1.3877868309956414e-06,8.106475697239516e-07,-3.3339758446719146e-06,2.445192575454712,2.4523956334590915,-0.007203058004379592,18.4,18.4,trapezoid_from_zero_normalized_by_max_fraction
cicids2017_binary,43,rid_dba24fc6ab50ddfc1c7e2883730920f1,cnn,gradient_x_input,target_class_median,baseline_marginal_constant,deletion,0,BENIGN,True,0,BENIGN,0.9999978442522206,0.0009853303511135,50,-7.432849201904901e-07,7.96545085222533e-07,5.838211042146213e-07,-1.5398300054130232e-06,-1.3271060244051113e-06,2.056225558731708e-07,1.0144204731227316e-07,-1.7386564181450786e-06,0.016083169728517532,0.029459338718559592,-0.01337616899004206,18.4,18.4,trapezoid_from_zero_normalized_by_max_fraction
cicids2017_binary,43,rid_06ab8b94dacdf1e99c27598d627fd5e7,cnn,gradient_x_input,target_class_median,baseline_marginal_constant,deletion,1,ATTACK,True,1,ATTACK,0.9999985098838806,0.9990110237849876,50,0.00016974210739135743,0.08193767339829355,0.07347809878003318,-0.08176793129090221,-0.07330835667264182,0.021619045486576137,0.013844582154904814,-0.10890331231451564,0.3220829963684082,0.2458784514963627,0.0762045448720455,18.4,18.4,trapezoid_from_zero_normalized_by_max_fraction
cicids2017_binary,43,rid_e3dd721c6ead4c5beb8c97214764fe93,cnn,gradient_x_input,target_class_median,baseline_marginal_constant,deletion,1,ATTACK,True,1,ATTACK,1.0,0.9990125139011072,50,0.0,0.11709285872822511,0.186528775943465,-0.11709285872822511,-0.186528775943465,0.0310092028287089,0.018546360260199835,-0.15344372483821678,0.2938554883003235,0.31724810761213307,-0.02339261931180958,18.4,18.4,trapezoid_from_zero_normalized_by_max_fraction
cicids2017_binary,43,rid_4549d0f84e4654e49b146ef9247a3cad,cnn,gradient_x_input,target_class_median,baseline_marginal_constant,deletion,1,ATTACK,True,1,ATTACK,1.0,0.9990125139011072,50,0.0,0.08737286823615431,0.1607604438565322,-0.08737286823615431,-0.1607604438565322,0.02410109739061649,0.014148505581250703,-0.11510393917540569,0.36967891454696655,0.3433009348707274,0.02637797967623917,18.4,18.4,trapezoid_from_zero_normalized_by_max_fraction
cicids2017_binary,43,rid_94b322d0c9af6a93a1587e589cac48ea,cnn,gradient_x_input,target_class_median,baseline_marginal_constant,deletion,1,ATTACK,True,1,ATTACK,1.0,0.9990125139011072,50,0.0,0.03141256515542045,0.16927805049647213,-0.03141256515542045,-0.16927805049647213,0.009336590844973448,0.007642971455000929,-0.04639278920722227,0.27224603295326233,0.26576639647874983,0.006479636474512496,18.4,18.4,trapezoid_from_zero_normalized_by_max_fraction
cicids2017_binary,43,rid_dc6b295865e7aabc28fd5e1b8a0b5b30,cnn,gradient_x_input,target_class_median,baseline_marginal_constant,deletion,1,ATTACK,True,1,ATTACK,1.0,0.9990125139011072,50,1.6689300537109377e-07,0.20186427196324802,0.21439788805466378,-0.20186410507024266,-0.2143977211616584,0.03389916232347905,0.019868189427357064,-0.2408057563478625,0.41482749581336975,0.5153421300258487,-0.10051463421247897,18.4,18.4,trapezoid_from_zero_normalized_by_max_fraction
cicids2017_binary,43,rid_a736dce9f3e61ea8d8876c86d0ac0751,cnn,gradient_x_input,target_class_median,baseline_marginal_constant,deletion,1,ATTACK,True,1,ATTACK,1.0,0.9990125139011072,50,0.0,0.10268441487091332,0.20138422542721504,-0.10268441487091332,-0.20138422542721504,0.02975385295330949,0.017225821915198773,-0.13644702582470292,0.2733953893184662,0.30133302458235994,-0.027937635263893756,18.4,18.4,trapezoid_from_zero_normalized_by_max_fraction
cicids2017_binary,43,rid_40e563444b684608e6d176b713ea43e7,cnn,gradient_x_input,target_class_median,baseline_marginal_constant,deletion,0,BENIGN,True,0,BENIGN,0.9999994095625198,0.0009868956614126,50,4.0441641021971006e-05,0.0029839780914714745,0.004165995995391147,-0.0029435364504495033,-0.004125554354369175,0.0014869737859789676,0.0008584352001849535,-0.004626069442812012,0.662763774394989,0.5262268567085265,0.13653691768646248,18.4,18.4,trapezoid_from_zero_normalized_by_max_fraction
cicids2017_binary,43,rid_299f5020f6c0ee5585f68ea51b3a909c,cnn,gradient_x_input,target_class_median,baseline_marginal_constant,insertion,1,ATTACK,True,1,ATTACK,1.0,0.9990125139011072,50,-2.657175064086914e-05,-0.2900828805831988,-0.21199481871258466,0.29005630883255795,0.21196824696194377,0.03680548422338511,0.01955625448323396,0.25172605004541937,0.3868318200111389,0.39085795977711674,-0.004026139765977821,18.4,18.4,trapezoid_from_zero_normalized_by_max_fraction
cicids2017_binary,43,rid_b63ceef3b9d6d5e5d52f011e88a99d75,cnn,gradient_x_input,target_class_median,baseline_marginal_constant,insertion,0,BENIGN,True,0,BENIGN,0.9999991862612204,0.0009866723601134,50,-0.0003155774782840126,-0.006839290173711575,-0.0057942880786445265,0.006523712695427562,0.005478710600360513,0.0031559541003480193,0.0020115862880836326,0.002581003570783642,0.5659995675086975,0.6021064202785491,-0.036106852769851594,18.4,18.4,trapezoid_from_zero_normalized_by_max_fraction
cicids2017_binary,43,rid_0d5718fa79fb7894e09279dc893a803e,cnn,gradient_x_input,target_class_median,baseline_marginal_constant,insertion,1,ATTACK,True,1,ATTACK,1.0,0.9990125139011072,50,-9.276866912841797e-05,-0.27167380621770276,-0.2059665081504572,0.2715810375485744,0.20587373948132878,0.04337298619070425,0.02175785301985835,0.22893564562965202,0.3666577637195587,0.35207651603966955,0.014581247679889164,18.4,18.4,trapezoid_from_zero_normalized_by_max_fraction
cicids2017_binary,43,rid_0fbdd24c1b1636c31eb464c10c4cd767,cnn,gradient_x_input,target_class_median,baseline_marginal_constant,insertion,0,BENIGN,True,0,BENIGN,0.999965887680446,0.0009533737793389,50,-9.271080938333397e-06,-3.818061608299672e-05,-2.480230445348752e-05,2.890953514466332e-05,1.5531223515154123e-05,8.926410638880822e-06,5.870547422973756e-06,1.740326219563476e-05,0.1540721207857132,0.08931686819391324,0.06475525259179996,18.4,18.4,trapezoid_from_zero_normalized_by_max_fraction
cicids2017_binary,43,rid_d4ee17856ce1b46d6111b2ca82a08247,cnn,gradient_x_input,target_class_median,baseline_marginal_constant,insertion,0,BENIGN,True,0,BENIGN,0.9999999996777164,0.0009874857766092,50,-0.00012451345031649907,-0.0014149019003478732,-0.0037435903111543945,0.0012903884500313743,0.0036190768608378955,0.0007009924706396222,0.00034942355141019747,0.0006055182892673873,0.8650415539741516,0.7582596311569214,0.1067819228172302,18.4,18.4,trapezoid_from_zero_normalized_by_max_fraction
cicids2017_binary,43,rid_a30282f714de912382c8a683d9075cb2,cnn,gradient_x_input,target_class_median,baseline_marginal_constant,insertion,0,BENIGN,True,0,BENIGN,0.999994920053723,0.0009824061526159,50,-1.5472472455257956e-06,-9.9975200089375e-07,-9.009172578089419e-07,-5.474952446320458e-07,-6.463299877168538e-07,2.1713690295683566e-07,1.0961618052766347e-07,-7.623429584662662e-07,0.04241008684039116,0.05040638058260083,-0.00799629374220967,18.4,18.4,trapezoid_from_zero_normalized_by_max_fraction
cicids2017_binary,43,rid_d0761508812c12c771adea5e80b3733e,cnn,gradient_x_input,target_class_median,baseline_marginal_constant,insertion,0,BENIGN,True,0,BENIGN,0.9999982846898092,0.0009857707887021,50,1.5285014569599302e-07,1.917555482577882e-08,-4.403676359743258e-08,1.3367459087021415e-07,1.9688690929342555e-07,1.151700786955448e-07,6.365761953096262e-08,8.905656589527424e-09,0.007215303368866444,0.01091455646045506,-0.0036992530915886165,18.4,18.4,trapezoid_from_zero_normalized_by_max_fraction
cicids2017_binary,43,rid_a1ed68623ba0430e56f4ee82b60cb189,cnn,gradient_x_input,target_class_median,baseline_marginal_constant,insertion,0,BENIGN,True,0,BENIGN,0.9999999976535074,0.0009874837524003,50,2.392504662629413e-06,-7.242749172796658e-06,-1.3144911383925483e-05,9.63525383542607e-06,1.5537416046554894e-05,3.0772254248649327e-06,1.602806831120699e-06,6.4937524464295e-06,2.445192575454712,2.4523956334590915,-0.007203058004379592,18.4,18.4,trapezoid_from_zero_normalized_by_max_fraction
cicids2017_binary,43,rid_dba24fc6ab50ddfc1c7e2883730920f1,cnn,gradient_x_input,target_class_median,baseline_marginal_constant,insertion,0,BENIGN,True,0,BENIGN,0.9999978442522206,0.0009853303511135,50,-2.02983320605199e-06,-5.42170039352642e-09,-8.727410670417158e-08,-2.0244115056584633e-06,-1.942559099347818e-06,1.7344520289612769e-07,8.664582620039002e-08,-2.1942373250112277e-06,0.016083169728517532,0.029459338718559592,-0.01337616899004206,18.4,18.4,trapezoid_from_zero_normalized_by_max_fraction
cicids2017_binary,43,rid_06ab8b94dacdf1e99c27598d627fd5e7,cnn,gradient_x_input,target_class_median,baseline_marginal_constant,insertion,1,ATTACK,True,1,ATTACK,0.9999985098838806,0.9990110237849876,50,-0.6839885942928958,-0.11135734278225573,-0.10858814775518841,-0.5726312515106402,-0.5754004465377075,0.03005192764868648,0.017664262174296202,-0.6072532053722608,0.3220829963684082,0.2458784514963627,0.0762045448720455,18.4,18.4,trapezoid_from_zero_normalized_by_max_fraction
cicids2017_binary,43,rid_e3dd721c6ead4c5beb8c97214764fe93,cnn,gradient_x_input,target_class_median,baseline_marginal_constant,insertion,1,ATTACK,True,1,ATTACK,1.0,0.9990125139011072,50,-0.0014449506998062134,-0.20273872327586287,-0.15192873396012146,0.20129377257605666,0.15048378326031525,0.03343546840905008,0.019845779761312854,0.16239604424388346,0.2938554883003235,0.31724810761213307,-0.02339261931180958,18.4,18.4,trapezoid_from_zero_normalized_by_max_fraction
cicids2017_binary,43,rid_4549d0f84e4654e49b146ef9247a3cad,cnn,gradient_x_input,target_class_median,baseline_marginal_constant,insertion,1,ATTACK,True,1,ATTACK,1.0,0.9990125139011072,50,-0.00017980039119720457,-0.17972018122836014,-0.15781673328205942,0.17954038083716295,0.15763693289086222,0.03474607767522258,0.02096821755453436,0.1384426744302756,0.36967891454696655,0.3433009348707274,0.02637797967623917,18.4,18.4,trapezoid_from_zero_normalized_by_max_fraction
cicids2017_binary,43,rid_94b322d0c9af6a93a1587e589cac48ea,cnn,gradient_x_input,target_class_median,baseline_marginal_constant,insertion,1,ATTACK,True,1,ATTACK,1.0,0.9990125139011072,50,-0.0014089643955230713,-0.2253379060440784,-0.1573608478049282,0.22392894164855534,0.15595188340940513,0.03250290205450661,0.01921301651313468,0.18627142928281137,0.27224603295326233,0.26576639647874983,0.006479636474512496,18.4,18.4,trapezoid_from_zero_normalized_by_max_fraction
cicids2017_binary,43,rid_dc6b295865e7aabc28fd5e1b8a0b5b30,cnn,gradient_x_input,target_class_median,baseline_marginal_constant,insertion,1,ATTACK,True,1,ATTACK,1.0,0.9990125139011072,50,-0.00028775930404663087,-0.17293301981908737,-0.14321315484208752,0.1726452605150407,0.1429253955380409,0.03428707732080487,0.020029212808104765,0.13338800341115536,0.41482749581336975,0.5153421300258487,-0.10051463421247897,18.4,18.4,trapezoid_from_zero_normalized_by_max_fraction
cicids2017_binary,43,rid_a736dce9f3e61ea8d8876c86d0ac0751,cnn,gradient_x_input,target_class_median,baseline_marginal_constant,insertion,1,ATTACK,True,1,ATTACK,1.0,0.9990125139011072,50,-0.00036717653274536137,-0.19309740621323374,-0.1782394524172996,0.19273022968048842,0.1778722758845543,0.03314577161279579,0.019258000935506257,0.15498454784689616,0.2733953893184662,0.30133302458235994,-0.027937635263893756,18.4,18.4,trapezoid_from_zero_normalized_by_max_fraction
cicids2017_binary,43,rid_40e563444b684608e6d176b713ea43e7,cnn,gradient_x_input,target_class_median,baseline_marginal_constant,insertion,0,BENIGN,True,0,BENIGN,0.9999994095625198,0.0009868956614126,50,-0.03391867591475375,-0.010700809971043484,-0.011237604845944365,-0.02321786594371026,-0.022681071068809382,0.004543836134276776,0.0028338730771468156,-0.02877225717491802,0.662763774394989,0.5262268567085265,0.13653691768646248,18.4,18.4,trapezoid_from_zero_normalized_by_max_fraction
cicids2017_binary,43,rid_299f5020f6c0ee5585f68ea51b3a909c,cnn,gradient_x_input,joint_donor,dependency_preserving,deletion,1,ATTACK,True,1,ATTACK,1.0,0.9990125139011072,50,0.016688400506973268,0.13767169456164086,0.098117019051424,-0.12098329405466758,-0.08142861854445073,0.030132474168527663,0.01834299330883486,-0.1569355609399839,0.724229633808136,0.774875329375267,-0.050645695567131055,18.4,18.4,trapezoid_from_zero_normalized_by_max_fraction
cicids2017_binary,43,rid_b63ceef3b9d6d5e5d52f011e88a99d75,cnn,gradient_x_input,joint_donor,dependency_preserving,deletion,0,BENIGN,True,0,BENIGN,0.9999991862612204,0.0009866723601134,50,0.10240831655985616,0.04802775852271686,0.023934973313080744,0.054380558037139315,0.0784733432467754,0.01211562341338962,0.009231138834433838,0.036287525921648994,0.4989401400089264,0.484061159491539,0.014878980517387397,18.4,18.4,trapezoid_from_zero_normalized_by_max_fraction
cicids2017_binary,43,rid_0d5718fa79fb7894e09279dc893a803e,cnn,gradient_x_input,joint_donor,dependency_preserving,deletion,1,ATTACK,True,1,ATTACK,1.0,0.9990125139011072,50,1.1920928955078126e-08,0.07990670902709826,0.1121832817933755,-0.0799066971061693,-0.11218326987244655,0.022256856758798682,0.013570493062013411,-0.10650486350771558,0.36440950632095337,0.37894657675921917,-0.014537070438265798,18.4,18.4,trapezoid_from_zero_normalized_by_max_fraction
cicids2017_binary,43,rid_0fbdd24c1b1636c31eb464c10c4cd767,cnn,gradient_x_input,joint_donor,dependency_preserving,deletion,0,BENIGN,True,0,BENIGN,0.999965887680446,0.0009533737793389,50,0.16119178699951975,0.05615894327741523,0.0491393229959981,0.10503284372210453,0.11205246400352166,0.01867386717334378,0.012049776178914657,0.0814152824114318,0.1715589463710785,0.13982396056503058,0.031734985806047916,18.4,18.4,trapezoid_from_zero_normalized_by_max_fraction
cicids2017_binary,43,rid_d4ee17856ce1b46d6111b2ca82a08247,cnn,gradient_x_input,joint_donor,dependency_preserving,deletion,0,BENIGN,True,0,BENIGN,0.9999999996777164,0.0009874857766092,50,0.027964262465310873,0.057542899697457246,0.0220812025632242,-0.029578637232146376,0.005883059902086674,0.017741471468034307,0.011786728052633876,-0.05268062421530877,0.9325140118598938,0.9177608957290649,0.014753116130828858,18.4,18.4,trapezoid_from_zero_normalized_by_max_fraction
cicids2017_binary,43,rid_a30282f714de912382c8a683d9075cb2,cnn,gradient_x_input,joint_donor,dependency_preserving,deletion,0,BENIGN,True,0,BENIGN,0.999994920053723,0.0009824061526159,50,0.054906478493103344,0.10370140320693,0.04653975160897911,-0.04879492471382664,0.008366726884124242,0.027692708191094664,0.01672527682225539,-0.08157646728544721,0.32941895723342896,0.2925254674851894,0.03689348974823953,18.4,18.4,trapezoid_from_zero_normalized_by_max_fraction
cicids2017_binary,43,rid_d0761508812c12c771adea5e80b3733e,cnn,gradient_x_input,joint_donor,dependency_preserving,deletion,0,BENIGN,True,0,BENIGN,0.9999982846898092,0.0009857707887021,50,0.013409860960422293,0.06434339279342631,0.05247142374631756,-0.05093353183300402,-0.03906156278589527,0.02101210737216342,0.013693824909878801,-0.07777342865636647,0.028096448630094528,0.02486640938743949,0.003230039242655039,18.4,18.4,trapezoid_from_zero_normalized_by_max_fraction
cicids2017_binary,43,rid_a1ed68623ba0430e56f4ee82b60cb189,cnn,gradient_x_input,joint_donor,dependency_preserving,deletion,0,BENIGN,True,0,BENIGN,0.9999999976535074,0.0009874837524003,50,0.0028430564735068106,0.04398249637348277,0.05243886680806137,-0.041139439899975955,-0.049595810334554555,0.015482738058168966,0.00975259738754523,-0.06025453077956461,2.454367160797119,2.449694686412811,0.004672474384308067,18.4,18.4,trapezoid_from_zero_normalized_by_max_fraction
cicids2017_binary,43,rid_dba24fc6ab50ddfc1c7e2883730920f1,cnn,gradient_x_input,joint_donor,dependency_preserving,deletion,0,BENIGN,True,0,BENIGN,0.9999978442522206,0.0009853303511135,50,0.08304152175960552,0.09676210070139976,0.056003440641197604,-0.013720578941794234,0.02703808111840794,0.02477424012496912,0.016994642771587642,-0.047030078774106004,0.3109987676143646,0.3938659544289112,-0.08286718681454658,18.4,18.4,trapezoid_from_zero_normalized_by_max_fraction
cicids2017_binary,43,rid_06ab8b94dacdf1e99c27598d627fd5e7,cnn,gradient_x_input,joint_donor,dependency_preserving,deletion,1,ATTACK,True,1,ATTACK,0.9999985098838806,0.9990110237849876,50,0.20618427917663334,0.21210810220636256,0.22390034573259618,-0.0059238230297292,-0.017716066555962834,0.0343616783582205,0.021217135578692505,-0.04750940876396651,0.6639070510864258,0.5145414354801179,0.1493656156063079,18.4,18.4,trapezoid_from_zero_normalized_by_max_fraction
cicids2017_binary,43,rid_e3dd721c6ead4c5beb8c97214764fe93,cnn,gradient_x_input,joint_donor,dependency_preserving,deletion,1,ATTACK,True,1,ATTACK,1.0,0.9990125139011072,50,0.0,0.08834821999882116,0.14743740868437455,-0.08834821999882116,-0.14743740868437455,0.025413479082885833,0.015629905124939527,-0.11898283404370263,0.29619476199150085,0.2847115948339924,0.011483167157508467,18.4,18.4,trapezoid_from_zero_normalized_by_max_fraction
cicids2017_binary,43,rid_4549d0f84e4654e49b146ef9247a3cad,cnn,gradient_x_input,joint_donor,dependency_preserving,deletion,1,ATTACK,True,1,ATTACK,1.0,0.9990125139011072,50,0.00032439231872558597,0.17718756986303924,0.13971430851504557,-0.17686317754431363,-0.13938991619631996,0.0347540474302845,0.02087898599203745,-0.21778599008870703,0.05532689020037651,0.06282641644030809,-0.007499526239931581,18.4,18.4,trapezoid_from_zero_normalized_by_max_fraction
cicids2017_binary,43,rid_94b322d0c9af6a93a1587e589cac48ea,cnn,gradient_x_input,joint_donor,dependency_preserving,deletion,1,ATTACK,True,1,ATTACK,1.0,0.9990125139011072,50,0.0,0.1380569614110282,0.13162405743342695,-0.1380569614110282,-0.13162405743342695,0.03419909228314991,0.0202452530115938,-0.17773765731375205,0.5557647943496704,0.6245044921636582,-0.06873969781398781,18.4,18.4,trapezoid_from_zero_normalized_by_max_fraction
cicids2017_binary,43,rid_dc6b295865e7aabc28fd5e1b8a0b5b30,cnn,gradient_x_input,joint_donor,dependency_preserving,deletion,1,ATTACK,True,1,ATTACK,1.0,0.9990125139011072,50,4.529953002929688e-07,0.16122995082169655,0.1566770681309407,-0.16122949782639626,-0.1566766151356404,0.03182816154531025,0.01841523546415543,-0.1973233593361409,0.7179114818572998,0.7583953174352647,-0.040483835577964866,18.4,18.4,trapezoid_from_zero_normalized_by_max_fraction
cicids2017_binary,43,rid_a736dce9f3e61ea8d8876c86d0ac0751,cnn,gradient_x_input,joint_donor,dependency_preserving,deletion,1,ATTACK,True,1,ATTACK,1.0,0.9990125139011072,50,0.00011540651321411133,0.18802465351301362,0.14336675247029984,-0.1879092469997995,-0.14325134595708572,0.03693820599217998,0.02166249497981128,-0.2303677371602296,0.9457896947860718,0.8860880583524704,0.05970163643360138,18.4,18.4,trapezoid_from_zero_normalized_by_max_fraction
cicids2017_binary,43,rid_40e563444b684608e6d176b713ea43e7,cnn,gradient_x_input,joint_donor,dependency_preserving,deletion,0,BENIGN,True,0,BENIGN,0.9999994095625198,0.0009868956614126,50,0.00028931201170649955,0.0633257060624928,0.050388781727670875,-0.06303639405078629,-0.05009946971596438,0.01940465736676634,0.011767391759002733,-0.08610048189843164,0.565633237361908,0.5068615462779998,0.05877169108390812,18.4,18.4,trapezoid_from_zero_normalized_by_max_fraction
cicids2017_binary,43,rid_299f5020f6c0ee5585f68ea51b3a909c,cnn,gradient_x_input,joint_donor,dependency_preserving,insertion,1,ATTACK,True,1,ATTACK,1.0,0.9990125139011072,50,0.519226267173508,0.5250361043276721,0.5243385869461206,-0.005809837154164124,-0.005112319772612665,0.05790896316674842,0.026934763451189284,-0.058601973518495123,0.724229633808136,0.774875329375267,-0.050645695567131055,18.4,18.4,trapezoid_from_zero_normalized_by_max_fraction
cicids2017_binary,43,rid_b63ceef3b9d6d5e5d52f011e88a99d75,cnn,gradient_x_input,joint_donor,dependency_preserving,insertion,0,BENIGN,True,0,BENIGN,0.9999991862612204,0.0009866723601134,50,0.8495378702981611,0.7448690832286662,0.6381992137956312,0.10466878706949492,0.21133865650252998,0.044533013889307596,0.02151868443422296,0.06249216557841792,0.4989401400089264,0.484061159491539,0.014878980517387397,18.4,18.4,trapezoid_from_zero_normalized_by_max_fraction
cicids2017_binary,43,rid_0d5718fa79fb7894e09279dc893a803e,cnn,gradient_x_input,joint_donor,dependency_preserving,insertion,1,ATTACK,True,1,ATTACK,1.0,0.9990125139011072,50,-0.7059787097285153,-0.45838587398357095,-0.5095411513681213,-0.24759283574494428,-0.19643755836039392,0.06398700281550146,0.030103324145812214,-0.3065953510707362,0.36440950632095337,0.37894657675921917,-0.014537070438265798,18.4,18.4,trapezoid_from_zero_normalized_by_max_fraction
cicids2017_binary,43,rid_0fbdd24c1b1636c31eb464c10c4cd767,cnn,gradient_x_input,joint_donor,dependency_preserving,insertion,0,BENIGN,True,0,BENIGN,0.999965887680446,0.0009533737793389,50,-0.2942216252760773,-0.36188292993408055,-0.3443859077989899,0.06766130465800331,0.05016428252291266,0.0589435339285018,0.0279387639911555,0.01290132723533853,0.1715589463710785,0.13982396056503058,0.031734985806047916,18.4,18.4,trapezoid_from_zero_normalized_by_max_fraction
cicids2017_binary,43,rid_d4ee17856ce1b46d6111b2ca82a08247,cnn,gradient_x_input,joint_donor,dependency_preserving,insertion,0,BENIGN,True,0,BENIGN,0.9999999996777164,0.0009874857766092,50,0.719811943408024,0.7408334784692062,0.6553033226951459,-0.021021535061182258,0.06450862071287808,0.04246510940181676,0.02043763903877631,-0.06107930757718383,0.9325140118598938,0.9177608957290649,0.014753116130828858,18.4,18.4,trapezoid_from_zero_normalized_by_max_fraction
cicids2017_binary,43,rid_a30282f714de912382c8a683d9075cb2,cnn,gradient_x_input,joint_donor,dependency_preserving,insertion,0,BENIGN,True,0,BENIGN,0.999994920053723,0.0009824061526159,50,0.9489413677351195,0.6108437851615416,0.6252428435816424,0.3380975825735778,0.323698524153477,0.05469391730871191,0.026840986622286813,0.28548924879389564,0.32941895723342896,0.2925254674851894,0.03689348974823953,18.4,18.4,trapezoid_from_zero_normalized_by_max_fraction
cicids2017_binary,43,rid_d0761508812c12c771adea5e80b3733e,cnn,gradient_x_input,joint_donor,dependency_preserving,insertion,0,BENIGN,True,0,BENIGN,0.9999982846898092,0.0009857707887021,50,-0.1919631639547477,-0.3455041910278457,-0.34785069305683863,0.15354102707309797,0.15588752910209097,0.060034436321578954,0.02838150890238779,0.0979132696244179,0.028096448630094528,0.02486640938743949,0.003230039242655039,18.4,18.4,trapezoid_from_zero_normalized_by_max_fraction
cicids2017_binary,43,rid_a1ed68623ba0430e56f4ee82b60cb189,cnn,gradient_x_input,joint_donor,dependency_preserving,insertion,0,BENIGN,True,0,BENIGN,0.9999999976535074,0.0009874837524003,50,-0.2581052552577576,-0.34122460500006185,-0.3085086703768771,0.08311934974230423,0.0504034151191195,0.05736099701790829,0.027414564443107303,0.02938680343381391,2.454367160797119,2.449694686412811,0.004672474384308067,18.4,18.4,trapezoid_from_zero_normalized_by_max_fraction
cicids2017_binary,43,rid_dba24fc6ab50ddfc1c7e2883730920f1,cnn,gradient_x_input,joint_donor,dependency_preserving,insertion,0,BENIGN,True,0,BENIGN,0.9999978442522206,0.0009853303511135,50,0.6793484868102496,0.6532043433961706,0.5614014268522863,0.026144143414078946,0.11794705995796323,0.05585293068026825,0.026650745402773426,-0.026091317575356966,0.3109987676143646,0.3938659544289112,-0.08286718681454658,18.4,18.4,trapezoid_from_zero_normalized_by_max_fraction
cicids2017_binary,43,rid_06ab8b94dacdf1e99c27598d627fd5e7,cnn,gradient_x_input,joint_donor,dependency_preserving,insertion,1,ATTACK,True,1,ATTACK,0.9999985098838806,0.9990110237849876,50,0.2955918881393473,0.4086659874320246,0.42220039406327414,-0.11307409929267728,-0.12660850592392686,0.06300179588271548,0.02962401501780234,-0.17113716872756987,0.6639070510864258,0.5145414354801179,0.1493656156063079,18.4,18.4,trapezoid_from_zero_normalized_by_max_fraction
cicids2017_binary,43,rid_e3dd721c6ead4c5beb8c97214764fe93,cnn,gradient_x_input,joint_donor,dependency_preserving,insertion,1,ATTACK,True,1,ATTACK,1.0,0.9990125139011072,50,-0.12488254219060765,-0.47871431447352697,-0.43523750303117004,0.35383177228291934,0.31035496084056235,0.06425018939292387,0.0303474266888168,0.2943508159728384,0.29619476199150085,0.2847115948339924,0.011483167157508467,18.4,18.4,trapezoid_from_zero_normalized_by_max_fraction
cicids2017_binary,43,rid_4549d0f84e4654e49b146ef9247a3cad,cnn,gradient_x_input,joint_donor,dependency_preserving,insertion,1,ATTACK,True,1,ATTACK,1.0,0.9990125139011072,50,-0.5031686271222497,-0.49767353160496525,-0.4454045278560973,-0.005495095517284471,-0.057764099266152474,0.061421388283573755,0.028962894387215665,-0.06226236851622717,0.05532689020037651,0.06282641644030809,-0.007499526239931581,18.4,18.4,trapezoid_from_zero_normalized_by_max_fraction
cicids2017_binary,43,rid_94b322d0c9af6a93a1587e589cac48ea,cnn,gradient_x_input,joint_donor,dependency_preserving,insertion,1,ATTACK,True,1,ATTACK,1.0,0.9990125139011072,50,0.4999281272431744,0.4772698507805653,0.5056336373328161,0.02265827646260919,-0.0057055100896416105,0.06195897514537916,0.029286626350915397,-0.03474351118518498,0.5557647943496704,0.6245044921636582,-0.06873969781398781,18.4,18.4,trapezoid_from_zero_normalized_by_max_fraction
cicids2017_binary,43,rid_dc6b295865e7aabc28fd5e1b8a0b5b30,cnn,gradient_x_input,joint_donor,dependency_preserving,insertion,1,ATTACK,True,1,ATTACK,1.0,0.9990125139011072,50,0.37290216281806465,0.49593768794613713,0.4735681955434598,-0.12303552512807248,-0.10066603272539516,0.0610993727130283,0.028751014833300597,-0.17938751420134164,0.7179114818572998,0.7583953174352647,-0.040483835577964866,18.4,18.4,trapezoid_from_zero_normalized_by_max_fraction
cicids2017_binary,43,rid_a736dce9f3e61ea8d8876c86d0ac0751,cnn,gradient_x_input,joint_donor,dependency_preserving,insertion,1,ATTACK,True,1,ATTACK,1.0,0.9990125139011072,50,0.20772878088027893,0.5004208979601578,0.5000319781246605,-0.29269211707987886,-0.2923031972443815,0.06345314176445185,0.029695422179846852,-0.3508951445523787,0.9457896947860718,0.8860880583524704,0.05970163643360138,18.4,18.4,trapezoid_from_zero_normalized_by_max_fraction
cicids2017_binary,43,rid_40e563444b684608e6d176b713ea43e7,cnn,gradient_x_input,joint_donor,dependency_preserving,insertion,0,BENIGN,True,0,BENIGN,0.9999994095625198,0.0009868956614126,50,0.8492260742477487,0.6641804455859637,0.5848722082535676,0.18504562866178506,0.26435386599418115,0.052320589579624016,0.024946581298957896,0.1361503293158276,0.565633237361908,0.5068615462779998,0.05877169108390812,18.4,18.4,trapezoid_from_zero_normalized_by_max_fraction
cicids2017_binary,43,rid_299f5020f6c0ee5585f68ea51b3a909c,cnn,gradient_x_input,target_class_donor,dependency_preserving_conditional_on_class,deletion,1,ATTACK,True,1,ATTACK,1.0,0.9990125139011072,50,9.775161743164064e-07,0.04776296969596297,0.06872487033324433,-0.04776199217978865,-0.06872389281707002,0.016385243832903143,0.011464812039592645,-0.07023302377739024,0.38694146275520325,0.3929723348766566,-0.006030872121453368,18.4,18.4,trapezoid_from_zero_normalized_by_max_fraction
cicids2017_binary,43,rid_b63ceef3b9d6d5e5d52f011e88a99d75,cnn,gradient_x_input,target_class_donor,dependency_preserving_conditional_on_class,deletion,0,BENIGN,True,0,BENIGN,0.9999991862612204,0.0009866723601134,50,4.3525332671379147e-07,0.01097119939241322,0.011996080337977364,-0.010970764139086507,-0.01199564508465065,0.006884686906515924,0.005914459013219484,-0.022563103804996695,0.7315136194229126,0.667821917772293,0.06369170165061955,18.4,18.4,trapezoid_from_zero_normalized_by_max_fraction
cicids2017_binary,43,rid_0d5718fa79fb7894e09279dc893a803e,cnn,gradient_x_input,target_class_donor,dependency_preserving_conditional_on_class,deletion,1,ATTACK,True,1,ATTACK,1.0,0.9990125139011072,50,1.1920928955078126e-08,0.0512500984929502,0.09007665685682151,-0.05125008657202125,-0.09007664493589254,0.01603522597747662,0.011124809120367202,-0.07305471244794097,0.38067084550857544,0.38451272614300247,-0.0038418806344270306,18.4,18.4,trapezoid_from_zero_normalized_by_max_fraction
cicids2017_binary,43,rid_0fbdd24c1b1636c31eb464c10c4cd767,cnn,gradient_x_input,target_class_donor,dependency_preserving_conditional_on_class,deletion,0,BENIGN,True,0,BENIGN,0.999965887680446,0.0009533737793389,50,0.0005380982423901059,0.007642498901299317,0.00899701023478028,-0.0071044006589092105,-0.008458911992390173,0.006520530296777301,0.0054238380860208634,-0.017735123307510103,0.13088175654411316,0.11175969073176384,0.01912206581234932,18.4,18.4,trapezoid_from_zero_normalized_by_max_fraction
cicids2017_binary,43,rid_d4ee17856ce1b46d6111b2ca82a08247,cnn,gradient_x_input,target_class_donor,dependency_preserving_conditional_on_class,deletion,0,BENIGN,True,0,BENIGN,0.9999999996777164,0.0009874857766092,50,0.0001747475879136151,0.004066877388339283,0.00020970867639602222,-0.003892129800425668,-3.496108848240709e-05,0.0027411772978466263,0.0015373372074622689,-0.006905310727051715,0.8533909916877747,0.8132531723976136,0.040137819290161025,18.4,18.4,trapezoid_from_zero_normalized_by_max_fraction
cicids2017_binary,43,rid_a30282f714de912382c8a683d9075cb2,cnn,gradient_x_input,target_class_donor,dependency_preserving_conditional_on_class,deletion,0,BENIGN,True,0,BENIGN,0.999994920053723,0.0009824061526159,50,0.02263513700790689,0.005592960710596244,0.01082883753970355,0.017042176297310644,0.011806299468203342,0.0035104721488115713,0.002721070314201902,0.011708878481474916,0.45617079734802246,0.4945508939027786,-0.03838009655475616,18.4,18.4,trapezoid_from_zero_normalized_by_max_fraction
cicids2017_binary,43,rid_d0761508812c12c771adea5e80b3733e,cnn,gradient_x_input,target_class_donor,dependency_preserving_conditional_on_class,deletion,0,BENIGN,True,0,BENIGN,0.9999982846898092,0.0009857707887021,50,4.824325719710032e-06,0.016615907960206837,0.00218582265958068,-0.016611083634487128,-0.00218099833386097,0.010504868191009712,0.008457684457457046,-0.03318814517110294,0.5883442163467407,0.6270118737220765,-0.03866765737533573,18.4,18.4,trapezoid_from_zero_normalized_by_max_fraction
cicids2017_binary,43,rid_a1ed68623ba0430e56f4ee82b60cb189,cnn,gradient_x_input,target_class_donor,dependency_preserving_conditional_on_class,deletion,0,BENIGN,True,0,BENIGN,0.9999999976535074,0.0009874837524003,50,2.1597263212702614e-05,0.025288825178133606,0.0019377545834692992,-0.025267227914920903,-0.0019161573202565968,0.013400409298160436,0.00976445403598805,-0.04440555782545748,2.974322557449341,3.1725232443809515,-0.19820068693161064,18.4,18.4,trapezoid_from_zero_normalized_by_max_fraction
cicids2017_binary,43,rid_dba24fc6ab50ddfc1c7e2883730920f1,cnn,gradient_x_input,target_class_donor,dependency_preserving_conditional_on_class,deletion,0,BENIGN,True,0,BENIGN,0.9999978442522206,0.0009853303511135,50,1.0459618999902889e-05,0.007606095187435244,0.004297425049143926,-0.007595635568435342,-0.004286965430144022,0.0038977335918824294,0.0026873039645138965,-0.01286275133888258,0.04206102341413498,0.047469591184519225,-0.0054085677703842455,18.4,18.4,trapezoid_from_zero_normalized_by_max_fraction
cicids2017_binary,43,rid_06ab8b94dacdf1e99c27598d627fd5e7,cnn,gradient_x_input,target_class_donor,dependency_preserving_conditional_on_class,deletion,1,ATTACK,True,1,ATTACK,0.9999985098838806,0.9990110237849876,50,0.006035080552101135,0.09361947935761418,0.1045379115246178,-0.08758439880551305,-0.09850283097251668,0.027050888937599833,0.01552326525410575,-0.11800999870356033,0.372257262468338,0.30771231085062023,0.06454495161771778,18.4,18.4,trapezoid_from_zero_normalized_by_max_fraction
cicids2017_binary,43,rid_e3dd721c6ead4c5beb8c97214764fe93,cnn,gradient_x_input,target_class_donor,dependency_preserving_conditional_on_class,deletion,1,ATTACK,True,1,ATTACK,1.0,0.9990125139011072,50,0.0,0.06610905124060809,0.10313418271751654,-0.06610905124060809,-0.10313418271751654,0.024162076305623597,0.01453839773437378,-0.0946043107999807,0.31350165605545044,0.30420144851040093,0.00930020754504951,18.4,18.4,trapezoid_from_zero_normalized_by_max_fraction
cicids2017_binary,43,rid_4549d0f84e4654e49b146ef9247a3cad,cnn,gradient_x_input,target_class_donor,dependency_preserving_conditional_on_class,deletion,1,ATTACK,True,1,ATTACK,1.0,0.9990125139011072,50,0.0,0.03698339435458183,0.09362324282946066,-0.03698339435458183,-0.09362324282946066,0.017452507298228642,0.010529867803082007,-0.057621935248622566,0.37082916498184204,0.3030077388789505,0.06782142610289155,18.4,18.4,trapezoid_from_zero_normalized_by_max_fraction
cicids2017_binary,43,rid_94b322d0c9af6a93a1587e589cac48ea,cnn,gradient_x_input,target_class_donor,dependency_preserving_conditional_on_class,deletion,1,ATTACK,True,1,ATTACK,1.0,0.9990125139011072,50,0.0,0.11286990393931046,0.10237924305886918,-0.11286990393931046,-0.10237924305886918,0.030628556372102735,0.01846377036004653,-0.14905889384500165,0.7443056106567383,0.7163761288225651,0.02792948183417321,18.4,18.4,trapezoid_from_zero_normalized_by_max_fraction
cicids2017_binary,43,rid_dc6b295865e7aabc28fd5e1b8a0b5b30,cnn,gradient_x_input,target_class_donor,dependency_preserving_conditional_on_class,deletion,1,ATTACK,True,1,ATTACK,1.0,0.9990125139011072,50,0.0,0.06190301583259134,0.11100144647085108,-0.06190301583259134,-0.11100144647085108,0.02137522188330434,0.012345434190099733,-0.08610006684518681,0.41542282700538635,0.3967488020434976,0.018674024961888747,18.4,18.4,trapezoid_from_zero_normalized_by_max_fraction
cicids2017_binary,43,rid_a736dce9f3e61ea8d8876c86d0ac0751,cnn,gradient_x_input,target_class_donor,dependency_preserving_conditional_on_class,deletion,1,ATTACK,True,1,ATTACK,1.0,0.9990125139011072,50,0.0,0.03206354087012005,0.12357079158180567,-0.03206354087012005,-0.12357079158180567,0.01646588971408195,0.009802219805302615,-0.051275891688513174,0.2770618796348572,0.2605579054290429,0.016503974205814287,18.4,18.4,trapezoid_from_zero_normalized_by_max_fraction
cicids2017_binary,43,rid_40e563444b684608e6d176b713ea43e7,cnn,gradient_x_input,target_class_donor,dependency_preserving_conditional_on_class,deletion,0,BENIGN,True,0,BENIGN,0.9999994095625198,0.0009868956614126,50,0.00016186257025090355,0.010986635897518516,0.0031221547755247176,-0.010824773327267612,-0.002960292205273814,0.006363807538271029,0.004349093859072478,-0.01934899729104967,0.6545900702476501,0.5136511427164077,0.14093892753124249,18.4,18.4,trapezoid_from_zero_normalized_by_max_fraction
cicids2017_binary,43,rid_299f5020f6c0ee5585f68ea51b3a909c,cnn,gradient_x_input,target_class_donor,dependency_preserving_conditional_on_class,insertion,1,ATTACK,True,1,ATTACK,1.0,0.9990125139011072,50,0.0,-0.13776652729263877,-0.12263397568685468,0.13776652729263877,0.12263397568685468,0.032276697203548026,0.01899482027171777,0.10053667956007195,0.38694146275520325,0.3929723348766566,-0.006030872121453368,18.4,18.4,trapezoid_from_zero_normalized_by_max_fraction
cicids2017_binary,43,rid_b63ceef3b9d6d5e5d52f011e88a99d75,cnn,gradient_x_input,target_class_donor,dependency_preserving_conditional_on_class,insertion,0,BENIGN,True,0,BENIGN,0.9999991862612204,0.0009866723601134,50,-0.00018885272209667736,-0.01829950965000473,-0.008887407272768131,0.018110656927908052,0.008698554550671454,0.009854712955424803,0.006131031292435097,0.006093835594735262,0.7315136194229126,0.667821917772293,0.06369170165061955,18.4,18.4,trapezoid_from_zero_normalized_by_max_fraction
cicids2017_binary,43,rid_0d5718fa79fb7894e09279dc893a803e,cnn,gradient_x_input,target_class_donor,dependency_preserving_conditional_on_class,insertion,1,ATTACK,True,1,ATTACK,1.0,0.9990125139011072,50,-8.49694013595581e-05,-0.16798958550103726,-0.12686914731079013,0.1679046160996777,0.12678417790943058,0.04156737653867045,0.020628279614287783,0.12747318805567365,0.38067084550857544,0.38451272614300247,-0.0038418806344270306,18.4,18.4,trapezoid_from_zero_normalized_by_max_fraction
cicids2017_binary,43,rid_0fbdd24c1b1636c31eb464c10c4cd767,cnn,gradient_x_input,target_class_donor,dependency_preserving_conditional_on_class,insertion,0,BENIGN,True,0,BENIGN,0.999965887680446,0.0009533737793389,50,-0.007738998423391763,-0.009704483212673903,-0.012353754379015647,0.00196548478928214,0.004614755955623884,0.0061250262106164206,0.0045274034265206,-0.006908225926698236,0.13088175654411316,0.11175969073176384,0.01912206581234932,18.4,18.4,trapezoid_from_zero_normalized_by_max_fraction
cicids2017_binary,43,rid_d4ee17856ce1b46d6111b2ca82a08247,cnn,gradient_x_input,target_class_donor,dependency_preserving_conditional_on_class,insertion,0,BENIGN,True,0,BENIGN,0.9999999996777164,0.0009874857766092,50,-0.06852843477371637,-0.01055264679423536,-0.013661611011853196,-0.05797578797948101,-0.054866823761863186,0.008234927961287133,0.006270272671985469,-0.07026552241657252,0.8533909916877747,0.8132531723976136,0.040137819290161025,18.4,18.4,trapezoid_from_zero_normalized_by_max_fraction
cicids2017_binary,43,rid_a30282f714de912382c8a683d9075cb2,cnn,gradient_x_input,target_class_donor,dependency_preserving_conditional_on_class,insertion,0,BENIGN,True,0,BENIGN,0.999994920053723,0.0009824061526159,50,-2.8045932855969012e-05,-0.004268977101180469,-0.008000233850616765,0.0042409311683245,0.007972187917760797,0.003520489369765592,0.0031485037242811277,-0.0019301361312665105,0.45617079734802246,0.4945508939027786,-0.03838009655475616,18.4,18.4,trapezoid_from_zero_normalized_by_max_fraction
cicids2017_binary,43,rid_d0761508812c12c771adea5e80b3733e,cnn,gradient_x_input,target_class_donor,dependency_preserving_conditional_on_class,insertion,0,BENIGN,True,0,BENIGN,0.9999982846898092,0.0009857707887021,50,0.004377130420893138,-0.0016484144532123066,-0.008217173688163352,0.006025544874105445,0.01259430410905649,0.0038380499878473365,0.0027355075444547737,0.0006639500869740885,0.5883442163467407,0.6270118737220765,-0.03866765737533573,18.4,18.4,trapezoid_from_zero_normalized_by_max_fraction
cicids2017_binary,43,rid_a1ed68623ba0430e56f4ee82b60cb189,cnn,gradient_x_input,target_class_donor,dependency_preserving_conditional_on_class,insertion,0,BENIGN,True,0,BENIGN,0.9999999976535074,0.0009874837524003,50,-0.00010036500343084674,-0.014644286547120664,-0.01765420524945569,0.014543921543689817,0.01755384024602484,0.009266017035003665,0.006330213516592137,0.002136703051169229,2.974322557449341,3.1725232443809515,-0.19820068693161064,18.4,18.4,trapezoid_from_zero_normalized_by_max_fraction
cicids2017_binary,43,rid_dba24fc6ab50ddfc1c7e2883730920f1,cnn,gradient_x_input,target_class_donor,dependency_preserving_conditional_on_class,insertion,0,BENIGN,True,0,BENIGN,0.9999978442522206,0.0009853303511135,50,-0.004243683828622125,-0.004975831040080596,-0.010907063636727903,0.0007321472114584707,0.006663379808105777,0.003786676706556579,0.0022566418468781507,-0.003690870808422705,0.04206102341413498,0.047469591184519225,-0.0054085677703842455,18.4,18.4,trapezoid_from_zero_normalized_by_max_fraction
cicids2017_binary,43,rid_06ab8b94dacdf1e99c27598d627fd5e7,cnn,gradient_x_input,target_class_donor,dependency_preserving_conditional_on_class,insertion,1,ATTACK,True,1,ATTACK,0.9999985098838806,0.9990110237849876,50,-0.6806924757896923,-0.18477035904353267,-0.1429295023853847,-0.4959221167461596,-0.5377629734043075,0.037661842124468325,0.021218055911478413,-0.5375095063326573,0.372257262468338,0.30771231085062023,0.06454495161771778,18.4,18.4,trapezoid_from_zero_normalized_by_max_fraction
cicids2017_binary,43,rid_e3dd721c6ead4c5beb8c97214764fe93,cnn,gradient_x_input,target_class_donor,dependency_preserving_conditional_on_class,insertion,1,ATTACK,True,1,ATTACK,1.0,0.9990125139011072,50,-0.013271981477737425,-0.12877101950533687,-0.1229991044944618,0.11549903802759945,0.10972712301672437,0.02588678069781219,0.015418876673294083,0.08527803974794304,0.31350165605545044,0.30420144851040093,0.00930020754504951,18.4,18.4,trapezoid_from_zero_normalized_by_max_fraction
cicids2017_binary,43,rid_4549d0f84e4654e49b146ef9247a3cad,cnn,gradient_x_input,target_class_donor,dependency_preserving_conditional_on_class,insertion,1,ATTACK,True,1,ATTACK,1.0,0.9990125139011072,50,-0.0007473528385162352,-0.1327672330616042,-0.13755544459261,0.13201988022308797,0.13680809175409375,0.0330222326102205,0.018843950219064105,0.09508573779372233,0.37082916498184204,0.3030077388789505,0.06782142610289155,18.4,18.4,trapezoid_from_zero_normalized_by_max_fraction
cicids2017_binary,43,rid_94b322d0c9af6a93a1587e589cac48ea,cnn,gradient_x_input,target_class_donor,dependency_preserving_conditional_on_class,insertion,1,ATTACK,True,1,ATTACK,1.0,0.9990125139011072,50,-0.0007893174886703491,-0.13566203796051557,-0.11394490222600007,0.13487272047184523,0.11315558473732973,0.03284992986014865,0.01979339246733258,0.09607767123587338,0.7443056106567383,0.7163761288225651,0.02792948183417321,18.4,18.4,trapezoid_from_zero_normalized_by_max_fraction
cicids2017_binary,43,rid_dc6b295865e7aabc28fd5e1b8a0b5b30,cnn,gradient_x_input,target_class_donor,dependency_preserving_conditional_on_class,insertion,1,ATTACK,True,1,ATTACK,1.0,0.9990125139011072,50,-0.0036966085433959963,-0.11244108763197437,-0.10955220763524995,0.10874447908857837,0.10585559909185395,0.028628635368605777,0.01693956564686831,0.07554293042071648,0.41542282700538635,0.3967488020434976,0.018674024961888747,18.4,18.4,trapezoid_from_zero_normalized_by_max_fraction
cicids2017_binary,43,rid_a736dce9f3e61ea8d8876c86d0ac0751,cnn,gradient_x_input,target_class_donor,dependency_preserving_conditional_on_class,insertion,1,ATTACK,True,1,ATTACK,1.0,0.9990125139011072,50,-0.0009646326303482055,-0.1262757999946134,-0.10301434481650903,0.1253111673642652,0.10204971218616084,0.02880354823133238,0.01713468907580418,0.091727176775689,0.2770618796348572,0.2605579054290429,0.016503974205814287,18.4,18.4,trapezoid_from_zero_normalized_by_max_fraction
cicids2017_binary,43,rid_40e563444b684608e6d176b713ea43e7,cnn,gradient_x_input,target_class_donor,dependency_preserving_conditional_on_class,insertion,0,BENIGN,True,0,BENIGN,0.9999994095625198,0.0009868956614126,50,-0.03384221096815736,-0.014662787788141118,-0.007678864534426095,-0.01917942318001624,-0.026163346433731263,0.00828418036521382,0.004897263709994028,-0.028778060051604534,0.6545900702476501,0.5136511427164077,0.14093892753124249,18.4,18.4,trapezoid_from_zero_normalized_by_max_fraction
cicids2017_binary,43,rid_299f5020f6c0ee5585f68ea51b3a909c,cnn,gradient_x_input,conditional_gaussian_mean,conditional_on_retained_coordinates,deletion,1,ATTACK,True,1,ATTACK,1.0,0.9990125139011072,50,0.0,0.0,0.0,0.0,0.0,0.0,0.0,0.0,0.3717712461948395,0.40189294192194935,-0.030121695727109876,18.4,18.4,trapezoid_from_zero_normalized_by_max_fraction
cicids2017_binary,43,rid_b63ceef3b9d6d5e5d52f011e88a99d75,cnn,gradient_x_input,conditional_gaussian_mean,conditional_on_retained_coordinates,deletion,0,BENIGN,True,0,BENIGN,0.9999991862612204,0.0009866723601134,50,0.00013704926540754057,0.0002157331351389069,0.006665368945674344,-7.868386973136632e-05,-0.006528319680266803,0.00014383871992646255,0.00011163888257220148,-0.00029749607957288123,0.5062709450721741,0.5310779734849931,-0.02480702841281901,18.4,18.4,trapezoid_from_zero_normalized_by_max_fraction
cicids2017_binary,43,rid_0d5718fa79fb7894e09279dc893a803e,cnn,gradient_x_input,conditional_gaussian_mean,conditional_on_retained_coordinates,deletion,1,ATTACK,True,1,ATTACK,1.0,0.9990125139011072,50,0.0,0.0,0.0,0.0,0.0,0.0,0.0,0.0,0.3533640205860138,0.370467703640461,-0.017103683054447205,18.4,18.4,trapezoid_from_zero_normalized_by_max_fraction
cicids2017_binary,43,rid_0fbdd24c1b1636c31eb464c10c4cd767,cnn,gradient_x_input,conditional_gaussian_mean,conditional_on_retained_coordinates,deletion,0,BENIGN,True,0,BENIGN,0.999965887680446,0.0009533737793389,50,1.7819621461967472e-05,6.52796544775356e-05,6.252385637958469e-05,-4.746003301556812e-05,-4.470423491761722e-05,2.360891129947642e-05,1.2695382553794945e-05,-7.234298282100621e-05,0.45458918809890747,0.34997924745082853,0.10460994064807894,18.4,18.4,trapezoid_from_zero_normalized_by_max_fraction
cicids2017_binary,43,rid_d4ee17856ce1b46d6111b2ca82a08247,cnn,gradient_x_input,conditional_gaussian_mean,conditional_on_retained_coordinates,deletion,0,BENIGN,True,0,BENIGN,0.9999999996777164,0.0009874857766092,50,-2.2989010695084744e-10,-8.7708039830936e-11,5.63336430836614e-11,-1.4218206711991144e-10,-2.862237500345088e-10,8.089902385029838e-11,6.866363175502918e-11,-2.7676278535976864e-10,0.7915666699409485,0.7592120053768159,0.03235466456413261,18.4,18.4,trapezoid_from_zero_normalized_by_max_fraction
cicids2017_binary,43,rid_a30282f714de912382c8a683d9075cb2,cnn,gradient_x_input,conditional_gaussian_mean,conditional_on_retained_coordinates,deletion,0,BENIGN,True,0,BENIGN,0.999994920053723,0.0009824061526159,50,3.716266110131983e-06,1.7151240726889228e-06,1.647546487163254e-06,2.00114203744306e-06,2.0687196229687296e-06,5.465240786829583e-07,3.24714827729699e-07,1.3647009750928501e-06,0.4098304212093353,0.42707090878486637,-0.01724048757553104,18.4,18.4,trapezoid_from_zero_normalized_by_max_fraction
cicids2017_binary,43,rid_d0761508812c12c771adea5e80b3733e,cnn,gradient_x_input,conditional_gaussian_mean,conditional_on_retained_coordinates,deletion,0,BENIGN,True,0,BENIGN,0.9999982846898092,0.0009857707887021,50,1.744252779189992e-06,6.071275761894413e-05,7.655671512338813e-07,-5.896850483975413e-05,9.786856279561106e-07,5.988715885391146e-05,5.972841806430136e-05,-0.0001760362042457848,0.4171244204044342,0.37857954168319696,0.03854487872123724,18.4,18.4,trapezoid_from_zero_normalized_by_max_fraction
cicids2017_binary,43,rid_a1ed68623ba0430e56f4ee82b60cb189,cnn,gradient_x_input,conditional_gaussian_mean,conditional_on_retained_coordinates,deletion,0,BENIGN,True,0,BENIGN,0.9999999976535074,0.0009874837524003,50,-1.6629336796469824e-10,5.923321741130306e-08,1.1891535789398942e-10,-5.939951077926775e-08,-2.852087258586877e-10,4.1792113985654714e-08,4.175844737189472e-08,-1.412460676281814e-07,2.679459571838379,2.968989722728729,-0.28953015089035006,18.4,18.4,trapezoid_from_zero_normalized_by_max_fraction
cicids2017_binary,43,rid_dba24fc6ab50ddfc1c7e2883730920f1,cnn,gradient_x_input,conditional_gaussian_mean,conditional_on_retained_coordinates,deletion,0,BENIGN,True,0,BENIGN,0.9999978442522206,0.0009853303511135,50,2.6764856102090564e-06,1.0310059460891808e-06,1.2115161725887446e-06,1.6454796641198758e-06,1.4649694376203116e-06,3.344981048366743e-07,1.8312545414824837e-07,1.286553773989309e-06,0.39219480752944946,0.4111667881011963,-0.018971980571746816,18.4,18.4,trapezoid_from_zero_normalized_by_max_fraction
cicids2017_binary,43,rid_06ab8b94dacdf1e99c27598d627fd5e7,cnn,gradient_x_input,conditional_gaussian_mean,conditional_on_retained_coordinates,deletion,1,ATTACK,True,1,ATTACK,0.9999985098838806,0.9990110237849876,50,0.15448648631572723,0.02350384509563446,0.01091633176803589,0.13098264122009276,0.14357015454769134,0.009767082092481233,0.005921635528782053,0.11937623558367993,0.6142033338546753,0.461887885928154,0.1523154479265213,18.4,18.4,trapezoid_from_zero_normalized_by_max_fraction
cicids2017_binary,43,rid_e3dd721c6ead4c5beb8c97214764fe93,cnn,gradient_x_input,conditional_gaussian_mean,conditional_on_retained_coordinates,deletion,1,ATTACK,True,1,ATTACK,1.0,0.9990125139011072,50,6.437301635742188e-07,4.2824745178222656e-06,0.000702777624130249,-3.638744354248047e-06,-0.0007021338939666747,1.8013782005621903e-06,1.7983772601322569e-06,-7.16356378410727e-06,0.3194630444049835,0.35246414923667907,-0.03300110483169555,18.4,18.4,trapezoid_from_zero_normalized_by_max_fraction
cicids2017_binary,43,rid_4549d0f84e4654e49b146ef9247a3cad,cnn,gradient_x_input,conditional_gaussian_mean,conditional_on_retained_coordinates,deletion,1,ATTACK,True,1,ATTACK,1.0,0.9990125139011072,50,0.0,1.916885375976563e-07,1.2979507446289064e-06,-1.916885375976563e-07,-1.2979507446289064e-06,1.3260540888926594e-07,1.1053182913304809e-07,-4.0833092269843056e-07,0.3955329954624176,0.3754870550632477,0.020045940399169904,18.4,18.4,trapezoid_from_zero_normalized_by_max_fraction
cicids2017_binary,43,rid_94b322d0c9af6a93a1587e589cac48ea,cnn,gradient_x_input,conditional_gaussian_mean,conditional_on_retained_coordinates,deletion,1,ATTACK,True,1,ATTACK,1.0,0.9990125139011072,50,0.0,3.3378601074218755e-09,6.870031356811523e-07,-3.3378601074218755e-09,-6.870031356811523e-07,3.3378601074218742e-09,3.3378601074218742e-09,-9.880065917968748e-09,0.29854196310043335,0.32734075355529785,-0.028798790454864498,18.4,18.4,trapezoid_from_zero_normalized_by_max_fraction
cicids2017_binary,43,rid_dc6b295865e7aabc28fd5e1b8a0b5b30,cnn,gradient_x_input,conditional_gaussian_mean,conditional_on_retained_coordinates,deletion,1,ATTACK,True,1,ATTACK,1.0,0.9990125139011072,50,2.321004867553711e-05,0.0032243116497993472,0.0006344284415245057,-0.00320110160112381,-0.0006112183928489686,0.002140798704710797,0.0021280620612994005,-0.007372103241270635,0.44064146280288696,0.42233788752555845,0.01830357527732851,18.4,18.4,trapezoid_from_zero_normalized_by_max_fraction
cicids2017_binary,43,rid_a736dce9f3e61ea8d8876c86d0ac0751,cnn,gradient_x_input,conditional_gaussian_mean,conditional_on_retained_coordinates,deletion,1,ATTACK,True,1,ATTACK,1.0,0.9990125139011072,50,0.0,9.94443893432617e-07,4.147529602050782e-06,-9.94443893432617e-07,-4.147529602050782e-06,4.441803888119818e-07,4.383008571281952e-07,-1.8535135734038796e-06,0.2999655604362488,0.3267280712723732,-0.02676251083612441,18.4,18.4,trapezoid_from_zero_normalized_by_max_fraction
cicids2017_binary,43,rid_40e563444b684608e6d176b713ea43e7,cnn,gradient_x_input,conditional_gaussian_mean,conditional_on_retained_coordinates,deletion,0,BENIGN,True,0,BENIGN,0.9999994095625198,0.0009868956614126,50,5.822018103174287e-07,5.0366967347398987e-05,2.2731785991716433e-06,-4.978476553708156e-05,-1.6909767888542148e-06,3.117750891463943e-05,3.0926033547056526e-05,-0.00011039979128931235,0.4586176872253418,0.3723193989992142,0.08629828822612762,18.4,18.4,trapezoid_from_zero_normalized_by_max_fraction
cicids2017_binary,43,rid_299f5020f6c0ee5585f68ea51b3a909c,cnn,gradient_x_input,conditional_gaussian_mean,conditional_on_retained_coordinates,insertion,1,ATTACK,True,1,ATTACK,1.0,0.9990125139011072,50,0.886603936739266,0.7730766068606827,0.8542440626573515,0.11352732987858324,0.032359874081914285,0.01277797751954784,0.009446177373278635,0.09501282222695712,0.3717712461948395,0.40189294192194935,-0.030121695727109876,18.4,18.4,trapezoid_from_zero_normalized_by_max_fraction
cicids2017_binary,43,rid_b63ceef3b9d6d5e5d52f011e88a99d75,cnn,gradient_x_input,conditional_gaussian_mean,conditional_on_retained_coordinates,insertion,0,BENIGN,True,0,BENIGN,0.9999991862612204,0.0009866723601134,50,0.052382274052053125,0.004943743573451495,-0.0031783981323088226,0.04743853047860163,0.05556067218436195,0.022032687158808552,0.011429627826900877,0.025036459937875913,0.5062709450721741,0.5310779734849931,-0.02480702841281901,18.4,18.4,trapezoid_from_zero_normalized_by_max_fraction
cicids2017_binary,43,rid_0d5718fa79fb7894e09279dc893a803e,cnn,gradient_x_input,conditional_gaussian_mean,conditional_on_retained_coordinates,insertion,1,ATTACK,True,1,ATTACK,1.0,0.9990125139011072,50,0.8813309343531728,0.7688108249618553,0.8611945245202515,0.11252010939131743,0.02013640983292134,0.013921624499412203,0.010184693527022191,0.09255811007835393,0.3533640205860138,0.370467703640461,-0.017103683054447205,18.4,18.4,trapezoid_from_zero_normalized_by_max_fraction
cicids2017_binary,43,rid_0fbdd24c1b1636c31eb464c10c4cd767,cnn,gradient_x_input,conditional_gaussian_mean,conditional_on_retained_coordinates,insertion,0,BENIGN,True,0,BENIGN,0.999965887680446,0.0009533737793389,50,-0.004929189183133082,-0.04906132301167884,-0.02830815634455976,0.044132133828545764,0.02337896716142669,0.012770507013473622,0.009082149510486517,0.026331120787992192,0.45458918809890747,0.34997924745082853,0.10460994064807894,18.4,18.4,trapezoid_from_zero_normalized_by_max_fraction
cicids2017_binary,43,rid_d4ee17856ce1b46d6111b2ca82a08247,cnn,gradient_x_input,conditional_gaussian_mean,conditional_on_retained_coordinates,insertion,0,BENIGN,True,0,BENIGN,0.9999999996777164,0.0009874857766092,50,0.05239574352187064,0.04316783503122141,0.038699468463656385,0.009227908490649233,0.013696275058214255,0.003445155109628455,0.0032028770062298736,0.002950269558438681,0.7915666699409485,0.7592120053768159,0.03235466456413261,18.4,18.4,trapezoid_from_zero_normalized_by_max_fraction
cicids2017_binary,43,rid_a30282f714de912382c8a683d9075cb2,cnn,gradient_x_input,conditional_gaussian_mean,conditional_on_retained_coordinates,insertion,0,BENIGN,True,0,BENIGN,0.999994920053723,0.0009824061526159,50,-0.032461026930741356,0.01638582878250875,-0.02516445149897121,-0.048846855713250106,-0.007296575431770152,0.01128594657873201,0.007995755438767856,-0.0645185363732351,0.4098304212093353,0.42707090878486637,-0.01724048757553104,18.4,18.4,trapezoid_from_zero_normalized_by_max_fraction
cicids2017_binary,43,rid_d0761508812c12c771adea5e80b3733e,cnn,gradient_x_input,conditional_gaussian_mean,conditional_on_retained_coordinates,insertion,0,BENIGN,True,0,BENIGN,0.9999982846898092,0.0009857707887021,50,0.05234518771389958,-0.0002063172761556098,-0.03861482034587204,0.05255150499005518,0.0909600080597716,0.012891846382476473,0.009194102519615888,0.034531064051608044,0.4171244204044342,0.37857954168319696,0.03854487872123724,18.4,18.4,trapezoid_from_zero_normalized_by_max_fraction
cicids2017_binary,43,rid_a1ed68623ba0430e56f4ee82b60cb189,cnn,gradient_x_input,conditional_gaussian_mean,conditional_on_retained_coordinates,insertion,0,BENIGN,True,0,BENIGN,0.9999999976535074,0.0009874837524003,50,0.05231915207093034,0.04906326777906159,0.027906854967830488,0.0032558842918687563,0.024412297103099848,0.002131737614370303,0.002131716003993717,-0.0009222790759589291,2.679459571838379,2.968989722728729,-0.28953015089035006,18.4,18.4,trapezoid_from_zero_normalized_by_max_fraction
cicids2017_binary,43,rid_dba24fc6ab50ddfc1c7e2883730920f1,cnn,gradient_x_input,conditional_gaussian_mean,conditional_on_retained_coordinates,insertion,0,BENIGN,True,0,BENIGN,0.9999978442522206,0.0009853303511135,50,-0.025975933621930375,0.02393913654181939,-0.03137008143118194,-0.04991507016374976,0.005394147809251551,0.01000146214764063,0.007071893612057345,-0.06377598164338216,0.39219480752944946,0.4111667881011963,-0.018971980571746816,18.4,18.4,trapezoid_from_zero_normalized_by_max_fraction
cicids2017_binary,43,rid_06ab8b94dacdf1e99c27598d627fd5e7,cnn,gradient_x_input,conditional_gaussian_mean,conditional_on_retained_coordinates,insertion,1,ATTACK,True,1,ATTACK,0.9999985098838806,0.9990110237849876,50,0.8500832023099065,0.5226344543293461,0.5471761140140077,0.3274487479805604,0.30290708829589874,0.054180389717482375,0.025506965463229017,0.27745509567263155,0.6142033338546753,0.461887885928154,0.1523154479265213,18.4,18.4,trapezoid_from_zero_normalized_by_max_fraction
cicids2017_binary,43,rid_e3dd721c6ead4c5beb8c97214764fe93,cnn,gradient_x_input,conditional_gaussian_mean,conditional_on_retained_coordinates,insertion,1,ATTACK,True,1,ATTACK,1.0,0.9990125139011072,50,0.745934695523465,0.7085839815229529,0.823735457921067,0.03735071400051218,-0.07780076239760184,0.028488678948516057,0.014468892053954385,0.008991685574761588,0.3194630444049835,0.35246414923667907,-0.03300110483169555,18.4,18.4,trapezoid_from_zero_normalized_by_max_fraction
cicids2017_binary,43,rid_4549d0f84e4654e49b146ef9247a3cad,cnn,gradient_x_input,conditional_gaussian_mean,conditional_on_retained_coordinates,insertion,1,ATTACK,True,1,ATTACK,1.0,0.9990125139011072,50,0.7326859596709255,0.7236260268718481,0.8442452877811701,0.009059932799077453,-0.11155932811024467,0.015319547480687661,0.010111656961506375,-0.010758914845475042,0.3955329954624176,0.3754870550632477,0.020045940399169904,18.4,18.4,trapezoid_from_zero_normalized_by_max_fraction
cicids2017_binary,43,rid_94b322d0c9af6a93a1587e589cac48ea,cnn,gradient_x_input,conditional_gaussian_mean,conditional_on_retained_coordinates,insertion,1,ATTACK,True,1,ATTACK,1.0,0.9990125139011072,50,0.7343246385746169,0.7239737760607899,0.8115351144963231,0.010350862513826989,-0.07721047592170613,0.021605589405552024,0.012167988535146728,-0.0134983950150606,0.29854196310043335,0.32734075355529785,-0.028798790454864498,18.4,18.4,trapezoid_from_zero_normalized_by_max_fraction
cicids2017_binary,43,rid_dc6b295865e7aabc28fd5e1b8a0b5b30,cnn,gradient_x_input,conditional_gaussian_mean,conditional_on_retained_coordinates,insertion,1,ATTACK,True,1,ATTACK,1.0,0.9990125139011072,50,0.7431038774491753,0.721515960752376,0.7945947645021443,0.021587916696799308,-0.05149088705296892,0.026502215051495283,0.013524916993427104,-0.004920920610317816,0.44064146280288696,0.42233788752555845,0.01830357527732851,18.4,18.4,trapezoid_from_zero_normalized_by_max_fraction
cicids2017_binary,43,rid_a736dce9f3e61ea8d8876c86d0ac0751,cnn,gradient_x_input,conditional_gaussian_mean,conditional_on_retained_coordinates,insertion,1,ATTACK,True,1,ATTACK,1.0,0.9990125139011072,50,0.7411477231042227,0.7109183786571838,0.8181659226277356,0.030229344447038883,-0.07701819952351298,0.01883619156109917,0.010980515532932455,0.008707534002491274,0.2999655604362488,0.3267280712723732,-0.02676251083612441,18.4,18.4,trapezoid_from_zero_normalized_by_max_fraction
cicids2017_binary,43,rid_40e563444b684608e6d176b713ea43e7,cnn,gradient_x_input,conditional_gaussian_mean,conditional_on_retained_coordinates,insertion,0,BENIGN,True,0,BENIGN,0.9999994095625198,0.0009868956614126,50,-0.07231787851664535,0.018943041351032603,-0.0018070942977205032,-0.09126091986767797,-0.07051078421892484,0.014245416246073821,0.008264023028915752,-0.10745840500435284,0.4586176872253418,0.3723193989992142,0.08629828822612762,18.4,18.4,trapezoid_from_zero_normalized_by_max_fraction
cicids2017_binary,43,rid_299f5020f6c0ee5585f68ea51b3a909c,cnn,gradient_x_input,conditional_gaussian_draw,conditional_on_retained_coordinates,deletion,1,ATTACK,True,1,ATTACK,1.0,0.9990125139011072,10,4.76837158203125e-08,1.301765441894531e-06,9.816884994506837e-07,-1.2540817260742187e-06,-9.340047836303712e-07,1.2486464024629473e-06,1.2450752599300507e-06,-3.694429235537118e-06,0.3717712461948395,0.40704052537679675,-0.03526927918195727,18.4,18.4,trapezoid_from_zero_normalized_by_max_fraction
cicids2017_binary,43,rid_b63ceef3b9d6d5e5d52f011e88a99d75,cnn,gradient_x_input,conditional_gaussian_draw,conditional_on_retained_coordinates,deletion,0,BENIGN,True,0,BENIGN,0.9999991862612204,0.0009866723601134,10,0.0004896584294783678,0.025102173896994574,0.0012736740523651945,-0.024612515467516204,-0.0007840156228868267,0.019681776167162403,0.017414266536609282,-0.058744477879270396,0.5062709450721741,0.510982517004013,-0.004711571931838909,18.4,18.4,trapezoid_from_zero_normalized_by_max_fraction
cicids2017_binary,43,rid_0d5718fa79fb7894e09279dc893a803e,cnn,gradient_x_input,conditional_gaussian_draw,conditional_on_retained_coordinates,deletion,1,ATTACK,True,1,ATTACK,1.0,0.9990125139011072,10,7.271766662597657e-07,0.002232938408851624,1.3113021850585939e-07,-0.002232211232185364,5.960464477539064e-07,0.002117309174693122,0.00211725230063127,-0.006382025741422652,0.3533640205860138,0.3708429333567619,-0.01747891277074809,18.4,18.4,trapezoid_from_zero_normalized_by_max_fraction
cicids2017_binary,43,rid_0fbdd24c1b1636c31eb464c10c4cd767,cnn,gradient_x_input,conditional_gaussian_draw,conditional_on_retained_coordinates,deletion,0,BENIGN,True,0,BENIGN,0.999965887680446,0.0009533737793389,10,0.0005565288174693706,0.0006571019327736849,0.0010701312805872477,-0.00010057311530431437,-0.0005136024631178771,0.00029444117130972264,0.00020104396610883348,-0.0004946192888776279,0.45458918809890747,0.3490079092979431,0.10558127880096435,18.4,18.4,trapezoid_from_zero_normalized_by_max_fraction
cicids2017_binary,43,rid_d4ee17856ce1b46d6111b2ca82a08247,cnn,gradient_x_input,conditional_gaussian_draw,conditional_on_retained_coordinates,deletion,0,BENIGN,True,0,BENIGN,0.9999999996777164,0.0009874857766092,10,-2.1160538876685563e-10,3.855730177915185e-09,1.267438524410469e-08,-4.0673355666820405e-09,-1.2885990632871546e-08,2.367058377982599e-09,1.518627054807451e-09,-7.043844594104644e-09,0.7915666699409485,0.767365175485611,0.02420149445533748,18.4,18.4,trapezoid_from_zero_normalized_by_max_fraction
cicids2017_binary,43,rid_a30282f714de912382c8a683d9075cb2,cnn,gradient_x_input,conditional_gaussian_draw,conditional_on_retained_coordinates,deletion,0,BENIGN,True,0,BENIGN,0.999994920053723,0.0009824061526159,10,0.004755951225024547,0.0002850741018698954,0.00014712384562627577,0.004470877123154651,0.00460882737939827,0.0001969207765991668,0.00013260673489093723,0.004210967922768414,0.4098304212093353,0.43335597693920136,-0.023525555729866032,18.4,18.4,trapezoid_from_zero_normalized_by_max_fraction
cicids2017_binary,43,rid_d0761508812c12c771adea5e80b3733e,cnn,gradient_x_input,conditional_gaussian_draw,conditional_on_retained_coordinates,deletion,0,BENIGN,True,0,BENIGN,0.9999982846898092,0.0009857707887021,10,0.00028584237541622314,2.7293635735929907e-05,0.000286228947151681,0.00025854873968029324,-3.865717354578589e-07,1.8325278312198874e-05,1.6821047740899474e-05,0.00022557948610813026,0.4171244204044342,0.3608192056417465,0.05630521476268768,18.4,18.4,trapezoid_from_zero_normalized_by_max_fraction
cicids2017_binary,43,rid_a1ed68623ba0430e56f4ee82b60cb189,cnn,gradient_x_input,conditional_gaussian_draw,conditional_on_retained_coordinates,deletion,0,BENIGN,True,0,BENIGN,0.9999999976535074,0.0009874837524003,10,1.516600294793058e-07,1.090860986834308e-06,4.942541238152077e-06,-9.392009573550021e-07,-4.790881208672771e-06,9.74326881176606e-07,9.664457190846738e-07,-2.8334345667609626e-06,2.679459571838379,3.045234985351562,-0.365775413513183,18.4,18.4,trapezoid_from_zero_normalized_by_max_fraction
cicids2017_binary,43,rid_dba24fc6ab50ddfc1c7e2883730920f1,cnn,gradient_x_input,conditional_gaussian_draw,conditional_on_retained_coordinates,deletion,0,BENIGN,True,0,BENIGN,0.9999978442522206,0.0009853303511135,10,0.0006276720220498077,0.000138912592042999,6.249876225140838e-05,0.0004887594300068088,0.0005651732597983994,9.796246647371904e-05,8.099540435859646e-05,0.0003300084374639597,0.39219480752944946,0.42696605920791625,-0.034771251678466786,18.4,18.4,trapezoid_from_zero_normalized_by_max_fraction
cicids2017_binary,43,rid_06ab8b94dacdf1e99c27598d627fd5e7,cnn,gradient_x_input,conditional_gaussian_draw,conditional_on_retained_coordinates,deletion,1,ATTACK,True,1,ATTACK,0.9999985098838806,0.9990110237849876,10,0.2648345582187176,0.12928111141547563,0.031180477142333983,0.135553446803242,0.23365408107638364,0.04603661015797818,0.032561727793707446,0.07173246032757541,0.6142033338546753,0.46139201641082767,0.15281131744384763,18.4,18.4,trapezoid_from_zero_normalized_by_max_fraction
cicids2017_binary,43,rid_e3dd721c6ead4c5beb8c97214764fe93,cnn,gradient_x_input,conditional_gaussian_draw,conditional_on_retained_coordinates,deletion,1,ATTACK,True,1,ATTACK,1.0,0.9990125139011072,10,2.384185791015625e-05,1.0144710540771484e-05,4.466772079467773e-06,1.3697147369384766e-05,1.9375085830688477e-05,6.630920125645808e-06,6.605200754476538e-06,7.509538906107526e-07,0.3194630444049835,0.35609670072793964,-0.03663365632295612,18.4,18.4,trapezoid_from_zero_normalized_by_max_fraction
cicids2017_binary,43,rid_4549d0f84e4654e49b146ef9247a3cad,cnn,gradient_x_input,conditional_gaussian_draw,conditional_on_retained_coordinates,deletion,1,ATTACK,True,1,ATTACK,1.0,0.9990125139011072,10,5.722045898437501e-07,3.133296966552735e-05,1.3498067855834963e-05,-3.0760765075683596e-05,-1.2925863265991213e-05,3.132105056437487e-05,3.110011170897998e-05,-9.171698402528437e-05,0.3955329954624176,0.3890155041217804,0.006517491340637227,18.4,18.4,trapezoid_from_zero_normalized_by_max_fraction
cicids2017_binary,43,rid_94b322d0c9af6a93a1587e589cac48ea,cnn,gradient_x_input,conditional_gaussian_draw,conditional_on_retained_coordinates,deletion,1,ATTACK,True,1,ATTACK,1.0,0.9990125139011072,10,0.0,1.1009573936462401e-05,6.139278411865234e-07,-1.1009573936462401e-05,-6.139278411865234e-07,1.0983769567698164e-05,1.0976618175508212e-05,-3.25237455604585e-05,0.29854196310043335,0.34487922355532646,-0.046337260454893114,18.4,18.4,trapezoid_from_zero_normalized_by_max_fraction
cicids2017_binary,43,rid_dc6b295865e7aabc28fd5e1b8a0b5b30,cnn,gradient_x_input,conditional_gaussian_draw,conditional_on_retained_coordinates,deletion,1,ATTACK,True,1,ATTACK,1.0,0.9990125139011072,10,0.0007274270057678223,0.0007821357250213623,0.0011236655712127685,-5.470871925354e-05,-0.0003962385654449463,0.0007285666377480858,0.0007246347729533458,-0.0014749928742420978,0.44064146280288696,0.41874016970396044,0.021901293098926522,18.4,18.4,trapezoid_from_zero_normalized_by_max_fraction
cicids2017_binary,43,rid_a736dce9f3e61ea8d8876c86d0ac0751,cnn,gradient_x_input,conditional_gaussian_draw,conditional_on_retained_coordinates,deletion,1,ATTACK,True,1,ATTACK,1.0,0.9990125139011072,10,0.0013222455978393556,0.024051652550697324,5.147457122802734e-06,-0.02272940695285797,0.0013170981407165526,0.016934595222197483,0.01448591663967019,-0.05112180356661154,0.2999655604362488,0.33982232376933097,-0.03985676333308219,18.4,18.4,trapezoid_from_zero_normalized_by_max_fraction
cicids2017_binary,43,rid_40e563444b684608e6d176b713ea43e7,cnn,gradient_x_input,conditional_gaussian_draw,conditional_on_retained_coordinates,deletion,0,BENIGN,True,0,BENIGN,0.9999994095625198,0.0009868956614126,10,0.0018819442909517648,0.01925341931586491,0.010469924697724746,-0.01737147502491315,-0.00858798040677298,0.01914060653937829,0.0191315799348443,-0.05486937169720797,0.4586176872253418,0.38644740730524063,0.07217027992010117,18.4,18.4,trapezoid_from_zero_normalized_by_max_fraction
cicids2017_binary,43,rid_299f5020f6c0ee5585f68ea51b3a909c,cnn,gradient_x_input,conditional_gaussian_draw,conditional_on_retained_coordinates,insertion,1,ATTACK,True,1,ATTACK,1.0,0.9990125139011072,10,0.8034616054967045,0.7582300147220302,0.85293565886328,0.045231590774674264,-0.049474053366575385,0.03492458369246989,0.02493536243347593,-0.0036417195949385583,0.3717712461948395,0.40704052537679675,-0.03526927918195727,18.4,18.4,trapezoid_from_zero_normalized_by_max_fraction
cicids2017_binary,43,rid_b63ceef3b9d6d5e5d52f011e88a99d75,cnn,gradient_x_input,conditional_gaussian_draw,conditional_on_retained_coordinates,insertion,0,BENIGN,True,0,BENIGN,0.9999991862612204,0.0009866723601134,10,0.051849803147194964,-0.08163055563335686,-0.04183422732629175,0.13348035878055184,0.09368403047348671,0.07587055666641336,0.03986636358378062,0.05534228615634182,0.5062709450721741,0.510982517004013,-0.004711571931838909,18.4,18.4,trapezoid_from_zero_normalized_by_max_fraction
cicids2017_binary,43,rid_0d5718fa79fb7894e09279dc893a803e,cnn,gradient_x_input,conditional_gaussian_draw,conditional_on_retained_coordinates,insertion,1,ATTACK,True,1,ATTACK,1.0,0.9990125139011072,10,0.8975935848429799,0.7769663963030189,0.8196003090108752,0.12062718853996104,0.0779932758321047,0.04467042599529714,0.0270527278108084,0.06760384203077657,0.3533640205860138,0.3708429333567619,-0.01747891277074809,18.4,18.4,trapezoid_from_zero_normalized_by_max_fraction
cicids2017_binary,43,rid_0fbdd24c1b1636c31eb464c10c4cd767,cnn,gradient_x_input,conditional_gaussian_draw,conditional_on_retained_coordinates,insertion,0,BENIGN,True,0,BENIGN,0.999965887680446,0.0009533737793389,10,-0.1661014847981278,-0.0745990215002911,-0.031212214956503444,-0.09150246329783672,-0.13488926984162436,0.04603524608884536,0.0258405710677648,-0.14214998259065573,0.45458918809890747,0.3490079092979431,0.10558127880096435,18.4,18.4,trapezoid_from_zero_normalized_by_max_fraction
cicids2017_binary,43,rid_d4ee17856ce1b46d6111b2ca82a08247,cnn,gradient_x_input,conditional_gaussian_draw,conditional_on_retained_coordinates,insertion,0,BENIGN,True,0,BENIGN,0.9999999996777164,0.0009874857766092,10,-0.04279614848657509,0.003392018954315127,1.0366728889908e-05,-0.04618816744089022,-0.04280651521546502,0.02636880231020985,0.01722799456795995,-0.07995503679409172,0.7915666699409485,0.767365175485611,0.02420149445533748,18.4,18.4,trapezoid_from_zero_normalized_by_max_fraction
cicids2017_binary,43,rid_a30282f714de912382c8a683d9075cb2,cnn,gradient_x_input,conditional_gaussian_draw,conditional_on_retained_coordinates,insertion,0,BENIGN,True,0,BENIGN,0.999994920053723,0.0009824061526159,10,-0.031259973199053104,-0.03309029604586869,-0.08883743461750149,0.0018303228468155896,0.057577461418448384,0.03776654052357663,0.02246999183899388,-0.04221086115761241,0.4098304212093353,0.43335597693920136,-0.023525555729866032,18.4,18.4,trapezoid_from_zero_normalized_by_max_fraction
cicids2017_binary,43,rid_d0761508812c12c771adea5e80b3733e,cnn,gradient_x_input,conditional_gaussian_draw,conditional_on_retained_coordinates,insertion,0,BENIGN,True,0,BENIGN,0.9999982846898092,0.0009857707887021,10,-0.06735303284664447,-0.04466825794788369,-0.08997924505029176,-0.022684774898760758,0.022626212203647276,0.054157325881235355,0.02989162379638327,-0.08127235753967196,0.4171244204044342,0.3608192056417465,0.05630521476268768,18.4,18.4,trapezoid_from_zero_normalized_by_max_fraction
cicids2017_binary,43,rid_a1ed68623ba0430e56f4ee82b60cb189,cnn,gradient_x_input,conditional_gaussian_draw,conditional_on_retained_coordinates,insertion,0,BENIGN,True,0,BENIGN,0.9999999976535074,0.0009874837524003,10,0.05172535916056233,0.0222650043002885,0.027495517690581228,0.029460354860273843,0.0242298414699811,0.015788666987481333,0.011148068422647697,0.007610140751884358,2.679459571838379,3.045234985351562,-0.365775413513183,18.4,18.4,trapezoid_from_zero_normalized_by_max_fraction
cicids2017_binary,43,rid_dba24fc6ab50ddfc1c7e2883730920f1,cnn,gradient_x_input,conditional_gaussian_draw,conditional_on_retained_coordinates,insertion,0,BENIGN,True,0,BENIGN,0.9999978442522206,0.0009853303511135,10,-0.15255486467804077,-0.018734106654718273,-0.016540945840052005,-0.1338207580233225,-0.13601391883798875,0.03520752420426944,0.0189745186909394,-0.1710108146575637,0.39219480752944946,0.42696605920791625,-0.034771251678466786,18.4,18.4,trapezoid_from_zero_normalized_by_max_fraction
cicids2017_binary,43,rid_06ab8b94dacdf1e99c27598d627fd5e7,cnn,gradient_x_input,conditional_gaussian_draw,conditional_on_retained_coordinates,insertion,1,ATTACK,True,1,ATTACK,0.9999985098838806,0.9990110237849876,10,0.7126276405528188,0.5903666988063831,0.574153793096662,0.12226094174643551,0.1384738474561567,0.10727544149810819,0.051067335991150965,0.022168963203779618,0.6142033338546753,0.46139201641082767,0.15281131744384763,18.4,18.4,trapezoid_from_zero_normalized_by_max_fraction
cicids2017_binary,43,rid_e3dd721c6ead4c5beb8c97214764fe93,cnn,gradient_x_input,conditional_gaussian_draw,conditional_on_retained_coordinates,insertion,1,ATTACK,True,1,ATTACK,1.0,0.9990125139011072,10,0.6475833690725267,0.7263307628508529,0.7071542524000836,-0.07874739377832611,-0.059570883327556806,0.05574778143676849,0.028963676057045862,-0.135516198850136,0.3194630444049835,0.35609670072793964,-0.03663365632295612,18.4,18.4,trapezoid_from_zero_normalized_by_max_fraction
cicids2017_binary,43,rid_4549d0f84e4654e49b146ef9247a3cad,cnn,gradient_x_input,conditional_gaussian_draw,conditional_on_retained_coordinates,insertion,1,ATTACK,True,1,ATTACK,1.0,0.9990125139011072,10,0.7479728936566972,0.7008850508717888,0.7666069426973081,0.04708784278490836,-0.01863404904061101,0.060248848564383825,0.035124253949908396,-0.02175569495691209,0.3955329954624176,0.3890155041217804,0.006517491340637227,18.4,18.4,trapezoid_from_zero_normalized_by_max_fraction
cicids2017_binary,43,rid_94b322d0c9af6a93a1587e589cac48ea,cnn,gradient_x_input,conditional_gaussian_draw,conditional_on_retained_coordinates,insertion,1,ATTACK,True,1,ATTACK,1.0,0.9990125139011072,10,0.7684996554628014,0.7392951327619854,0.7999254870768344,0.029204522700815867,-0.03142583161403309,0.043454425002713674,0.027405361508122318,-0.024509985855103875,0.29854196310043335,0.34487922355532646,-0.046337260454893114,18.4,18.4,trapezoid_from_zero_normalized_by_max_fraction
cicids2017_binary,43,rid_dc6b295865e7aabc28fd5e1b8a0b5b30,cnn,gradient_x_input,conditional_gaussian_draw,conditional_on_retained_coordinates,insertion,1,ATTACK,True,1,ATTACK,1.0,0.9990125139011072,10,0.7964488906344286,0.738990178608185,0.8066708422114607,0.05745871202624359,-0.010221951577032089,0.06945163012829644,0.03513988656532204,-0.011415465641787602,0.44064146280288696,0.41874016970396044,0.021901293098926522,18.4,18.4,trapezoid_from_zero_normalized_by_max_fraction
cicids2017_binary,43,rid_a736dce9f3e61ea8d8876c86d0ac0751,cnn,gradient_x_input,conditional_gaussian_draw,conditional_on_retained_coordinates,insertion,1,ATTACK,True,1,ATTACK,1.0,0.9990125139011072,10,0.5554307582438923,0.7965022980145557,0.7342782876741967,-0.24107153977066337,-0.17884752943030433,0.038475610727202285,0.023638914346102595,-0.2874038118890245,0.2999655604362488,0.33982232376933097,-0.03985676333308219,18.4,18.4,trapezoid_from_zero_normalized_by_max_fraction
cicids2017_binary,43,rid_40e563444b684608e6d176b713ea43e7,cnn,gradient_x_input,conditional_gaussian_draw,conditional_on_retained_coordinates,insertion,0,BENIGN,True,0,BENIGN,0.9999994095625198,0.0009868956614126,10,-0.1691848856148681,-0.09250870502125362,-0.13229968514732462,-0.07667618059361447,-0.03688520046754348,0.05458027844873644,0.032305448658786276,-0.13999485996483557,0.4586176872253418,0.38644740730524063,0.07217027992010117,18.4,18.4,trapezoid_from_zero_normalized_by_max_fraction
cicids2017_binary,43,rid_299f5020f6c0ee5585f68ea51b3a909c,cnn,gradient_x_input,nearest_neighbour_donor,nonparametric_conditional,deletion,1,ATTACK,True,1,ATTACK,1.0,0.9990125139011072,10,0.0,0.0,0.0,0.0,0.0,0.0,0.0,0.0,0.35585421323776245,0.311453178524971,0.04440103471279144,18.4,18.4,trapezoid_from_zero_normalized_by_max_fraction
cicids2017_binary,43,rid_b63ceef3b9d6d5e5d52f011e88a99d75,cnn,gradient_x_input,nearest_neighbour_donor,nonparametric_conditional,deletion,0,BENIGN,True,0,BENIGN,0.9999991862612204,0.0009866723601134,10,0.0006222602733487292,0.009208421983598024,0.0012510718271933996,-0.008586161710249294,-0.0006288115538446702,0.00891201644273941,0.008314396283110518,-0.024882378425145908,0.5911206007003784,0.611553595662117,-0.02043299496173856,18.4,18.4,trapezoid_from_zero_normalized_by_max_fraction
cicids2017_binary,43,rid_0d5718fa79fb7894e09279dc893a803e,cnn,gradient_x_input,nearest_neighbour_donor,nonparametric_conditional,deletion,1,ATTACK,True,1,ATTACK,1.0,0.9990125139011072,10,0.0,0.0,0.0,0.0,0.0,0.0,0.0,0.0,0.33786940574645996,0.3992626541852951,-0.061393248438835146,18.4,18.4,trapezoid_from_zero_normalized_by_max_fraction
cicids2017_binary,43,rid_0fbdd24c1b1636c31eb464c10c4cd767,cnn,gradient_x_input,nearest_neighbour_donor,nonparametric_conditional,deletion,0,BENIGN,True,0,BENIGN,0.999965887680446,0.0009533737793389,10,0.00014429107613977976,3.263040232013737e-05,4.089850609943824e-05,0.0001116606738196424,0.00010339257004034152,1.670949613609728e-05,8.974801540462415e-06,9.407006280033607e-05,0.5104614496231079,0.4752983585000038,0.03516309112310412,18.4,18.4,trapezoid_from_zero_normalized_by_max_fraction
cicids2017_binary,43,rid_d4ee17856ce1b46d6111b2ca82a08247,cnn,gradient_x_input,nearest_neighbour_donor,nonparametric_conditional,deletion,0,BENIGN,True,0,BENIGN,0.9999999996777164,0.0009874857766092,10,1.0598164013053688e-10,2.7458926292189823e-08,4.698454718732314e-08,-2.7352944652059286e-08,-4.687856554719261e-08,2.180039786735947e-08,1.9761675589878546e-08,-6.608582880822123e-08,0.7422083616256714,0.7293408250808715,0.012867536544799885,18.4,18.4,trapezoid_from_zero_normalized_by_max_fraction
cicids2017_binary,43,rid_a30282f714de912382c8a683d9075cb2,cnn,gradient_x_input,nearest_neighbour_donor,nonparametric_conditional,deletion,0,BENIGN,True,0,BENIGN,0.999994920053723,0.0009824061526159,10,6.844223184998554e-06,2.4484908180966156e-07,1.9763356249313782e-08,6.599374103188892e-06,6.8244598287492405e-06,1.6968816151481877e-07,8.794984355517717e-08,6.426992409820745e-06,0.5372021794319153,0.5478870975971222,-0.010684918165206891,18.4,18.4,trapezoid_from_zero_normalized_by_max_fraction
cicids2017_binary,43,rid_d0761508812c12c771adea5e80b3733e,cnn,gradient_x_input,nearest_neighbour_donor,nonparametric_conditional,deletion,0,BENIGN,True,0,BENIGN,0.9999982846898092,0.0009857707887021,10,2.638012801980949e-07,3.2366920322601804e-07,4.074553970667694e-07,-5.986792302792312e-08,-1.4365411686867447e-07,1.1755420330340252e-07,8.218822895492844e-08,-2.2095685177958287e-07,0.47563061118125916,0.4579728275537491,0.017657783627510082,18.4,18.4,trapezoid_from_zero_normalized_by_max_fraction
cicids2017_binary,43,rid_a1ed68623ba0430e56f4ee82b60cb189,cnn,gradient_x_input,nearest_neighbour_donor,nonparametric_conditional,deletion,0,BENIGN,True,0,BENIGN,0.9999999976535074,0.0009874837524003,10,-3.68280073104188e-10,4.8849425805519435e-08,-1.2277433736329612e-10,-4.921770587862362e-08,-2.4550573574089186e-10,4.877105195887383e-08,4.8673596327512826e-08,-1.4461795468054875e-07,2.672769069671631,2.8777175617218016,-0.20494849205017074,18.4,18.4,trapezoid_from_zero_normalized_by_max_fraction
cicids2017_binary,43,rid_dba24fc6ab50ddfc1c7e2883730920f1,cnn,gradient_x_input,nearest_neighbour_donor,nonparametric_conditional,deletion,0,BENIGN,True,0,BENIGN,0.9999978442522206,0.0009853303511135,10,2.096063883527677e-06,-5.080783012090251e-09,-2.6112832074431935e-09,2.1011446665397668e-06,2.0986751667351202e-06,2.027577365130046e-09,1.030393770483165e-09,2.0991250947496196e-06,0.5250622034072876,0.5328281670808792,-0.007765963673591614,18.4,18.4,trapezoid_from_zero_normalized_by_max_fraction
cicids2017_binary,43,rid_06ab8b94dacdf1e99c27598d627fd5e7,cnn,gradient_x_input,nearest_neighbour_donor,nonparametric_conditional,deletion,1,ATTACK,True,1,ATTACK,0.9999985098838806,0.9990110237849876,10,0.24940939643938692,0.2698230605967592,0.23938025816139996,-0.0204136641573723,0.010029138277986935,0.0293853663814284,0.025111563254021686,-0.0696323281352548,0.8355053663253784,0.7264119303226471,0.10909343600273136,18.4,18.4,trapezoid_from_zero_normalized_by_max_fraction
cicids2017_binary,43,rid_e3dd721c6ead4c5beb8c97214764fe93,cnn,gradient_x_input,nearest_neighbour_donor,nonparametric_conditional,deletion,1,ATTACK,True,1,ATTACK,1.0,0.9990125139011072,10,0.0,3.5762786865234374e-09,3.218650817871094e-08,-3.5762786865234374e-09,-3.218650817871094e-08,3.5762786865234374e-09,3.5762786865234374e-09,-1.0585784912109374e-08,0.3510311543941498,0.3639049741625786,-0.01287381976842883,18.4,18.4,trapezoid_from_zero_normalized_by_max_fraction
cicids2017_binary,43,rid_4549d0f84e4654e49b146ef9247a3cad,cnn,gradient_x_input,nearest_neighbour_donor,nonparametric_conditional,deletion,1,ATTACK,True,1,ATTACK,1.0,0.9990125139011072,10,0.0,0.0,0.0,0.0,0.0,0.0,0.0,0.0,0.4269178509712219,0.38450969010591507,0.042408160865306854,18.4,18.4,trapezoid_from_zero_normalized_by_max_fraction
cicids2017_binary,43,rid_94b322d0c9af6a93a1587e589cac48ea,cnn,gradient_x_input,nearest_neighbour_donor,nonparametric_conditional,deletion,1,ATTACK,True,1,ATTACK,1.0,0.9990125139011072,10,0.0,0.0,0.0,0.0,0.0,0.0,0.0,0.0,0.32873645424842834,0.4401708179712296,-0.11143436372280124,18.4,18.4,trapezoid_from_zero_normalized_by_max_fraction
cicids2017_binary,43,rid_dc6b295865e7aabc28fd5e1b8a0b5b30,cnn,gradient_x_input,nearest_neighbour_donor,nonparametric_conditional,deletion,1,ATTACK,True,1,ATTACK,1.0,0.9990125139011072,10,0.0,7.62939453125e-08,7.003545761108397e-08,-7.62939453125e-08,-7.003545761108397e-08,6.4704890810729e-08,4.4302109820584397e-08,-1.6312608056084542e-07,0.4719921052455902,0.4791656637191773,-0.007173558473587083,18.4,18.4,trapezoid_from_zero_normalized_by_max_fraction
cicids2017_binary,43,rid_a736dce9f3e61ea8d8876c86d0ac0751,cnn,gradient_x_input,nearest_neighbour_donor,nonparametric_conditional,deletion,1,ATTACK,True,1,ATTACK,1.0,0.9990125139011072,10,0.0,0.0,0.0,0.0,0.0,0.0,0.0,0.0,0.32686716318130493,0.43837050020694734,-0.11150333702564241,18.4,18.4,trapezoid_from_zero_normalized_by_max_fraction
cicids2017_binary,43,rid_40e563444b684608e6d176b713ea43e7,cnn,gradient_x_input,nearest_neighbour_donor,nonparametric_conditional,deletion,0,BENIGN,True,0,BENIGN,0.9999994095625198,0.0009868956614126,10,1.659300039591471e-08,1.4827857683030743e-07,1.0389962568524425e-07,-1.3168557643439272e-07,-8.730662528932953e-08,7.686633237204491e-08,4.100102254020387e-08,-2.120475806131923e-07,0.45177721977233887,0.457777556180954,-0.006000336408615137,18.4,18.4,trapezoid_from_zero_normalized_by_max_fraction
cicids2017_binary,43,rid_299f5020f6c0ee5585f68ea51b3a909c,cnn,gradient_x_input,nearest_neighbour_donor,nonparametric_conditional,insertion,1,ATTACK,True,1,ATTACK,1.0,0.9990125139011072,10,0.732977779954672,0.732977779954672,0.732977779954672,0.0,0.0,0.0,0.0,0.0,0.35585421323776245,0.311453178524971,0.04440103471279144,18.4,18.4,trapezoid_from_zero_normalized_by_max_fraction
cicids2017_binary,43,rid_b63ceef3b9d6d5e5d52f011e88a99d75,cnn,gradient_x_input,nearest_neighbour_donor,nonparametric_conditional,insertion,0,BENIGN,True,0,BENIGN,0.9999991862612204,0.0009866723601134,10,0.2170191455839086,0.13990876481937414,0.21689106224999882,0.07711038076453446,0.00012808333390979115,0.06176912965873832,0.037820232503976564,0.0029827250567403957,0.5911206007003784,0.611553595662117,-0.02043299496173856,18.4,18.4,trapezoid_from_zero_normalized_by_max_fraction
cicids2017_binary,43,rid_0d5718fa79fb7894e09279dc893a803e,cnn,gradient_x_input,nearest_neighbour_donor,nonparametric_conditional,insertion,1,ATTACK,True,1,ATTACK,1.0,0.9990125139011072,10,0.732977779954672,0.722977935632789,0.7229779696064906,0.009999844321882846,0.009999810348181204,0.009999844321882848,0.009999844321882848,-0.009599850549007536,0.33786940574645996,0.3992626541852951,-0.061393248438835146,18.4,18.4,trapezoid_from_zero_normalized_by_max_fraction
cicids2017_binary,43,rid_0fbdd24c1b1636c31eb464c10c4cd767,cnn,gradient_x_input,nearest_neighbour_donor,nonparametric_conditional,insertion,0,BENIGN,True,0,BENIGN,0.999965887680446,0.0009533737793389,10,0.21698305996461187,0.2169310418356382,0.21690732459659234,5.201812897368957e-05,7.573536801956382e-05,2.943658288876115e-05,1.4877566832240525e-05,2.2858097982498146e-05,0.5104614496231079,0.4752983585000038,0.03516309112310412,18.4,18.4,trapezoid_from_zero_normalized_by_max_fraction
cicids2017_binary,43,rid_d4ee17856ce1b46d6111b2ca82a08247,cnn,gradient_x_input,nearest_neighbour_donor,nonparametric_conditional,insertion,0,BENIGN,True,0,BENIGN,0.9999999996777164,0.0009874857766092,10,0.2170221875636001,0.21702048323887574,0.20202097022670443,1.7043247243317405e-06,0.015001217336895653,9.914653124001126e-07,6.610373048837212e-07,4.0869160675964693e-07,0.7422083616256714,0.7293408250808715,0.012867536544799885,18.4,18.4,trapezoid_from_zero_normalized_by_max_fraction
cicids2017_binary,43,rid_a30282f714de912382c8a683d9075cb2,cnn,gradient_x_input,nearest_neighbour_donor,nonparametric_conditional,insertion,0,BENIGN,True,0,BENIGN,0.999994920053723,0.0009824061526159,10,0.21701634491016647,0.2170162328996867,0.21701520677917502,1.1201047982745119e-07,1.1381309914793025e-06,2.1092878550889155e-06,1.153939586130567e-06,-2.1497111089884603e-06,0.5372021794319153,0.5478870975971222,-0.010684918165206891,18.4,18.4,trapezoid_from_zero_normalized_by_max_fraction
cicids2017_binary,43,rid_d0761508812c12c771adea5e80b3733e,cnn,gradient_x_input,nearest_neighbour_donor,nonparametric_conditional,insertion,0,BENIGN,True,0,BENIGN,0.9999982846898092,0.0009857707887021,10,0.21701001624603578,0.21701545539609995,0.21701350957988635,-5.439150064183441e-06,-3.4933338505904746e-06,3.298682189583531e-06,2.6211463387216098e-06,-1.0576596888077796e-05,0.47563061118125916,0.4579728275537491,0.017657783627510082,18.4,18.4,trapezoid_from_zero_normalized_by_max_fraction
cicids2017_binary,43,rid_a1ed68623ba0430e56f4ee82b60cb189,cnn,gradient_x_input,nearest_neighbour_donor,nonparametric_conditional,insertion,0,BENIGN,True,0,BENIGN,0.9999999976535074,0.0009874837524003,10,0.21702221775202252,0.21702221824739384,0.2170222014079523,-4.953713439448393e-10,1.6344070219442844e-08,9.196140611311057e-11,5.05933076985303e-11,-5.945342270339587e-10,2.672769069671631,2.8777175617218016,-0.20494849205017074,18.4,18.4,trapezoid_from_zero_normalized_by_max_fraction
cicids2017_binary,43,rid_dba24fc6ab50ddfc1c7e2883730920f1,cnn,gradient_x_input,nearest_neighbour_donor,nonparametric_conditional,insertion,0,BENIGN,True,0,BENIGN,0.9999978442522206,0.0009853303511135,10,0.2170201905653016,0.21701581333336092,0.21701849403665383,4.377231940679017e-06,1.696528647801565e-06,2.5651284502899786e-06,1.4666917804467912e-06,1.5025160510033063e-06,0.5250622034072876,0.5328281670808792,-0.007765963673591614,18.4,18.4,trapezoid_from_zero_normalized_by_max_fraction
cicids2017_binary,43,rid_06ab8b94dacdf1e99c27598d627fd5e7,cnn,gradient_x_input,nearest_neighbour_donor,nonparametric_conditional,insertion,1,ATTACK,True,1,ATTACK,0.9999985098838806,0.9990110237849876,10,-0.0047928787972978115,-0.03564441367099308,-0.12326047344511284,0.030851534873695262,0.11846759464781503,0.013791258035939348,0.01267150617233869,0.006015382775911432,0.8355053663253784,0.7264119303226471,0.10909343600273136,18.4,18.4,trapezoid_from_zero_normalized_by_max_fraction
cicids2017_binary,43,rid_e3dd721c6ead4c5beb8c97214764fe93,cnn,gradient_x_input,nearest_neighbour_donor,nonparametric_conditional,insertion,1,ATTACK,True,1,ATTACK,1.0,0.9990125139011072,10,0.08300722045765102,0.6228870131225392,0.6523008960943159,-0.5398797926648884,-0.5692936756366648,0.05974304205999302,0.0351059349132845,-0.608687425094926,0.3510311543941498,0.3639049741625786,-0.01287381976842883,18.4,18.4,trapezoid_from_zero_normalized_by_max_fraction
cicids2017_binary,43,rid_4549d0f84e4654e49b146ef9247a3cad,cnn,gradient_x_input,nearest_neighbour_donor,nonparametric_conditional,insertion,1,ATTACK,True,1,ATTACK,1.0,0.9990125139011072,10,0.5829778718673424,0.6054107181519861,0.6475755269019583,-0.022432846284643676,-0.06459765503461598,0.0399390585067258,0.02909364533842308,-0.07945639114795292,0.4269178509712219,0.38450969010591507,0.042408160865306854,18.4,18.4,trapezoid_from_zero_normalized_by_max_fraction
cicids2017_binary,43,rid_94b322d0c9af6a93a1587e589cac48ea,cnn,gradient_x_input,nearest_neighbour_donor,nonparametric_conditional,insertion,1,ATTACK,True,1,ATTACK,1.0,0.9990125139011072,10,0.08298982222202086,0.6655046273704637,0.587755440282959,-0.5825148051484428,-0.5047656180609382,0.03542293165429778,0.025283965397108192,-0.6320713773267749,0.32873645424842834,0.4401708179712296,-0.11143436372280124,18.4,18.4,trapezoid_from_zero_normalized_by_max_fraction
cicids2017_binary,43,rid_dc6b295865e7aabc28fd5e1b8a0b5b30,cnn,gradient_x_input,nearest_neighbour_donor,nonparametric_conditional,insertion,1,ATTACK,True,1,ATTACK,1.0,0.9990125139011072,10,0.5829778683343307,0.6181886121838113,0.6879781222687826,-0.03521074384948061,-0.10500025393445189,0.037982642767846006,0.027381358795817674,-0.08887820708928325,0.4719921052455902,0.4791656637191773,-0.007173558473587083,18.4,18.4,trapezoid_from_zero_normalized_by_max_fraction
cicids2017_binary,43,rid_a736dce9f3e61ea8d8876c86d0ac0751,cnn,gradient_x_input,nearest_neighbour_donor,nonparametric_conditional,insertion,1,ATTACK,True,1,ATTACK,1.0,0.9990125139011072,10,-0.01694706329292897,0.6230155856291723,0.6029790594672311,-0.6399626489221013,-0.61992612276016,0.06778491859243857,0.04092932022647014,-0.7201841165659828,0.32686716318130493,0.43837050020694734,-0.11150333702564241,18.4,18.4,trapezoid_from_zero_normalized_by_max_fraction
cicids2017_binary,43,rid_40e563444b684608e6d176b713ea43e7,cnn,gradient_x_input,nearest_neighbour_donor,nonparametric_conditional,insertion,0,BENIGN,True,0,BENIGN,0.9999994095625198,0.0009868956614126,10,0.21700207340446695,0.20210714642718586,0.21696183687907206,0.014894926977281066,4.0236525394921057e-05,0.014845689279307418,0.014841447832041131,-0.01419431077351955,0.45177721977233887,0.457777556180954,-0.006000336408615137,18.4,18.4,trapezoid_from_zero_normalized_by_max_fraction
cicids2017_binary,43,rid_299f5020f6c0ee5585f68ea51b3a909c,cnn,gradient_x_input,correlation_group_median,group_wise,deletion,1,ATTACK,True,1,ATTACK,1.0,0.9990125139011072,50,0.7785910797771066,0.3954688183590187,0.6535156583475363,0.38312226141808786,0.1250754214295703,0.04845466860714125,0.0251196454968014,0.3338877562443571,0.5082176923751831,0.3967749524116516,0.11144273996353149,45.6,34.55200000000001,trapezoid_from_zero_normalized_by_max_fraction
cicids2017_binary,43,rid_b63ceef3b9d6d5e5d52f011e88a99d75,cnn,gradient_x_input,correlation_group_median,group_wise,deletion,0,BENIGN,True,0,BENIGN,0.9999991862612204,0.0009866723601134,50,0.016938838097530606,0.09583753255871413,0.10586266780803247,-0.07889869446118351,-0.08892382971050186,0.029107134700611798,0.01485051651364494,-0.1080057068279276,0.23621335625648499,0.19795698200166226,0.03825637425482273,51.0,38.388000000000005,trapezoid_from_zero_normalized_by_max_fraction
cicids2017_binary,43,rid_0d5718fa79fb7894e09279dc893a803e,cnn,gradient_x_input,correlation_group_median,group_wise,deletion,1,ATTACK,True,1,ATTACK,1.0,0.9990125139011072,50,0.8495084656014342,0.3296028301249643,0.6476021378364971,0.5199056354764698,0.20190632776493705,0.0500492289807289,0.025256242362832356,0.4704034004453184,0.4778350293636322,0.34566655531525614,0.13216847404837606,45.6,33.632000000000005,trapezoid_from_zero_normalized_by_max_fraction
cicids2017_binary,43,rid_0fbdd24c1b1636c31eb464c10c4cd767,cnn,gradient_x_input,correlation_group_median,group_wise,deletion,0,BENIGN,True,0,BENIGN,0.999965887680446,0.0009533737793389,50,0.04532076966934255,0.03151664648307201,0.043192124006245655,0.013804123186270546,0.002128645663096903,0.0035064100360362154,0.0017244520462429765,0.010424197175634312,0.5223410129547119,0.7502438573241234,-0.22790284436941144,45.6,35.412,trapezoid_from_zero_normalized_by_max_fraction
cicids2017_binary,43,rid_d4ee17856ce1b46d6111b2ca82a08247,cnn,gradient_x_input,correlation_group_median,group_wise,deletion,0,BENIGN,True,0,BENIGN,0.9999999996777164,0.0009874857766092,50,0.04864277811484767,0.22877131854196106,0.10825966607135007,-0.1801285404271134,-0.059616887956502405,0.040465718441833554,0.021949012370848116,-0.2231486046739757,0.4681790769100189,0.472993468284607,-0.004814391374588056,56.4,52.064,trapezoid_from_zero_normalized_by_max_fraction
cicids2017_binary,43,rid_a30282f714de912382c8a683d9075cb2,cnn,gradient_x_input,correlation_group_median,group_wise,deletion,0,BENIGN,True,0,BENIGN,0.999994920053723,0.0009824061526159,50,0.058489615559346925,0.04486672418116814,0.031245192803675763,0.013622891378178794,0.02724442275567117,0.0029043142549419147,0.0015610164094775462,0.010563299215602803,0.34447619318962097,0.6365717308740131,-0.2920955376843921,49.2,37.116,trapezoid_from_zero_normalized_by_max_fraction
cicids2017_binary,43,rid_d0761508812c12c771adea5e80b3733e,cnn,gradient_x_input,correlation_group_median,group_wise,deletion,0,BENIGN,True,0,BENIGN,0.9999982846898092,0.0009857707887021,50,0.06310077243458635,0.05877801360059129,0.02999504605231488,0.004322758833995066,0.03310572638227149,0.0010833108624977038,0.0007084723958288802,0.002934152938170461,0.6854186654090881,0.600142704287544,0.08527596112154412,47.0,43.668,trapezoid_from_zero_normalized_by_max_fraction
cicids2017_binary,43,rid_a1ed68623ba0430e56f4ee82b60cb189,cnn,gradient_x_input,correlation_group_median,group_wise,deletion,0,BENIGN,True,0,BENIGN,0.9999999976535074,0.0009874837524003,50,0.016679436435519113,0.023954171653642546,0.03734879500579563,-0.007274735218123433,-0.02066935857027652,0.004981652650704325,0.002620071978614111,-0.012410076296207091,1.6340923309326172,1.8368619725704192,-0.20276964163780198,55.4,45.608,trapezoid_from_zero_normalized_by_max_fraction
cicids2017_binary,43,rid_dba24fc6ab50ddfc1c7e2883730920f1,cnn,gradient_x_input,correlation_group_median,group_wise,deletion,0,BENIGN,True,0,BENIGN,0.9999978442522206,0.0009853303511135,50,0.058582920276899125,0.04435746613528545,0.030115328756375334,0.014225454141613681,0.028467591520523795,0.0026292708955646163,0.0014739516686239275,0.011336508871110783,0.3300655484199524,0.560157627837325,-0.23009207941737264,49.4,39.720000000000006,trapezoid_from_zero_normalized_by_max_fraction
cicids2017_binary,43,rid_06ab8b94dacdf1e99c27598d627fd5e7,cnn,gradient_x_input,correlation_group_median,group_wise,deletion,1,ATTACK,True,1,ATTACK,0.9999985098838806,0.9990110237849876,50,0.6860162883996963,0.6738242766895582,0.6941974938570947,0.012192011710138097,-0.008181205457398408,0.051477762794251106,0.02401873974170603,-0.03488471818360572,0.30914583802223206,0.279990032017231,0.02915580600500106,50.8,46.672000000000004,trapezoid_from_zero_normalized_by_max_fraction
cicids2017_binary,43,rid_e3dd721c6ead4c5beb8c97214764fe93,cnn,gradient_x_input,correlation_group_median,group_wise,deletion,1,ATTACK,True,1,ATTACK,1.0,0.9990125139011072,50,0.3236050575971603,0.677418774048856,0.6547754916929989,-0.3538137164516956,-0.3311704340958386,0.03804776098309178,0.01755181149054064,-0.3882152669731553,0.41781100630760193,0.26813100284338,0.14968000346422194,45.6,35.78,trapezoid_from_zero_normalized_by_max_fraction
cicids2017_binary,43,rid_4549d0f84e4654e49b146ef9247a3cad,cnn,gradient_x_input,correlation_group_median,group_wise,deletion,1,ATTACK,True,1,ATTACK,1.0,0.9990125139011072,50,0.8156409657560288,0.6541935453806071,0.6437880315902731,0.16144742037542165,0.17185293416575587,0.022439716005051274,0.011983469830545459,0.13795981950755254,0.4912756085395813,0.3031110414192081,0.18816456712037322,45.6,35.44,trapezoid_from_zero_normalized_by_max_fraction
cicids2017_binary,43,rid_94b322d0c9af6a93a1587e589cac48ea,cnn,gradient_x_input,correlation_group_median,group_wise,deletion,1,ATTACK,True,1,ATTACK,1.0,0.9990125139011072,50,0.5403396703302861,0.4691038451660898,0.6486526881017107,0.0712358251641963,-0.10831301777142471,0.04760615961134902,0.025243967969324873,0.02175764794431955,0.36202317476272583,0.19728206648863855,0.16474110827408728,45.6,29.692,trapezoid_from_zero_normalized_by_max_fraction
cicids2017_binary,43,rid_dc6b295865e7aabc28fd5e1b8a0b5b30,cnn,gradient_x_input,correlation_group_median,group_wise,deletion,1,ATTACK,True,1,ATTACK,1.0,0.9990125139011072,50,0.7161919783800841,0.6051394784762524,0.6963726693763419,0.11105249990383166,0.01981930900374207,0.047467126938435474,0.022665555405309814,0.06662801130942442,0.5712376832962036,0.45651067727804184,0.11472700601816177,45.6,30.756,trapezoid_from_zero_normalized_by_max_fraction
cicids2017_binary,43,rid_a736dce9f3e61ea8d8876c86d0ac0751,cnn,gradient_x_input,correlation_group_median,group_wise,deletion,1,ATTACK,True,1,ATTACK,1.0,0.9990125139011072,50,0.2391875445842743,0.44777651132996604,0.6590740544858271,-0.20858896674569177,-0.41988650990155296,0.0531051760664718,0.025888978951527156,-0.259331365490685,0.3613540530204773,0.21667597699537872,0.14467807602509858,45.6,31.128000000000004,trapezoid_from_zero_normalized_by_max_fraction
cicids2017_binary,43,rid_40e563444b684608e6d176b713ea43e7,cnn,gradient_x_input,correlation_group_median,group_wise,deletion,0,BENIGN,True,0,BENIGN,0.9999994095625198,0.0009868956614126,50,0.10667523827302716,0.16722563905521998,0.1428776980292571,-0.0605504007821928,-0.03620245975622993,0.041992370173620217,0.01955921023258379,-0.09888645283805703,0.20125064253807068,0.18907095406949517,0.012179688468575506,48.2,39.29600000000001,trapezoid_from_zero_normalized_by_max_fraction
cicids2017_binary,43,rid_299f5020f6c0ee5585f68ea51b3a909c,cnn,gradient_x_input,correlation_group_median,group_wise,insertion,1,ATTACK,True,1,ATTACK,1.0,0.9990125139011072,50,0.7866063088178634,0.20906760076031056,0.8232337566476781,0.5775387080575529,-0.03662744782981461,0.050124920922114,0.025862762746591793,0.526847693074233,0.5082176923751831,0.3967749524116516,0.11144273996353149,45.6,34.55200000000001,trapezoid_from_zero_normalized_by_max_fraction
cicids2017_binary,43,rid_b63ceef3b9d6d5e5d52f011e88a99d75,cnn,gradient_x_input,correlation_group_median,group_wise,insertion,0,BENIGN,True,0,BENIGN,0.9999991862612204,0.0009866723601134,50,0.05823728284967729,0.013626141486127355,0.05450868426088095,0.04461114136354993,0.0037285985887963316,0.014435296558823509,0.0068491732522316185,0.03118676178917596,0.23621335625648499,0.19795698200166226,0.03825637425482273,51.0,38.388000000000005,trapezoid_from_zero_normalized_by_max_fraction
cicids2017_binary,43,rid_0d5718fa79fb7894e09279dc893a803e,cnn,gradient_x_input,correlation_group_median,group_wise,insertion,1,ATTACK,True,1,ATTACK,1.0,0.9990125139011072,50,0.7821395605802536,0.22026928451594266,0.8143570077444311,0.561870276064311,-0.03221744716417743,0.05018715410271944,0.02457841923101096,0.5136965743715295,0.4778350293636322,0.34566655531525614,0.13216847404837606,45.6,33.632000000000005,trapezoid_from_zero_normalized_by_max_fraction
cicids2017_binary,43,rid_0fbdd24c1b1636c31eb464c10c4cd767,cnn,gradient_x_input,correlation_group_median,group_wise,insertion,0,BENIGN,True,0,BENIGN,0.999965887680446,0.0009533737793389,50,0.06436561850077852,0.05808289747143362,0.06378725228803842,0.0062827210293448866,0.0005783662127400932,0.0016229453587200183,0.0009414205562162189,0.0044375367391610975,0.5223410129547119,0.7502438573241234,-0.22790284436941144,45.6,35.412,trapezoid_from_zero_normalized_by_max_fraction
cicids2017_binary,43,rid_d4ee17856ce1b46d6111b2ca82a08247,cnn,gradient_x_input,correlation_group_median,group_wise,insertion,0,BENIGN,True,0,BENIGN,0.9999999996777164,0.0009874857766092,50,0.06551240494870397,0.057110970075200364,0.05884785294964216,0.008401434873503606,0.006664551999061805,0.003426694891352356,0.003399558904922652,0.0017382994198552075,0.4681790769100189,0.472993468284607,-0.004814391374588056,56.4,52.064,trapezoid_from_zero_normalized_by_max_fraction
cicids2017_binary,43,rid_a30282f714de912382c8a683d9075cb2,cnn,gradient_x_input,correlation_group_median,group_wise,insertion,0,BENIGN,True,0,BENIGN,0.999994920053723,0.0009824061526159,50,0.05946128265093194,0.051866371132566653,0.06402472455693618,0.007594911518365279,-0.004563441906004247,0.0024575416446884902,0.0012905446061596284,0.005065444090292408,0.34447619318962097,0.6365717308740131,-0.2920955376843921,49.2,37.116,trapezoid_from_zero_normalized_by_max_fraction
cicids2017_binary,43,rid_d0761508812c12c771adea5e80b3733e,cnn,gradient_x_input,correlation_group_median,group_wise,insertion,0,BENIGN,True,0,BENIGN,0.9999982846898092,0.0009857707887021,50,0.0655746152439292,0.060652476785144016,0.063894528373728,0.004922138458785184,0.0016800868702011975,0.0008550230041395633,0.0006065039982211864,0.0037333906222716583,0.6854186654090881,0.600142704287544,0.08527596112154412,47.0,43.668,trapezoid_from_zero_normalized_by_max_fraction
cicids2017_binary,43,rid_a1ed68623ba0430e56f4ee82b60cb189,cnn,gradient_x_input,correlation_group_median,group_wise,insertion,0,BENIGN,True,0,BENIGN,0.9999999976535074,0.0009874837524003,50,0.06554636364093082,0.06486498050168746,0.06535579321833702,0.0006813831392433585,0.0001905704225937943,0.00016288973279824845,8.935597075598875e-05,0.0005062454365616206,1.6340923309326172,1.8368619725704192,-0.20276964163780198,55.4,45.608,trapezoid_from_zero_normalized_by_max_fraction
cicids2017_binary,43,rid_dba24fc6ab50ddfc1c7e2883730920f1,cnn,gradient_x_input,correlation_group_median,group_wise,insertion,0,BENIGN,True,0,BENIGN,0.9999978442522206,0.0009853303511135,50,0.059708291438960254,0.05356541426360878,0.064376393029285,0.006142877175351485,-0.004668101590324739,0.002074420327611643,0.0011132423962830684,0.0039609220786366705,0.3300655484199524,0.560157627837325,-0.23009207941737264,49.4,39.720000000000006,trapezoid_from_zero_normalized_by_max_fraction
cicids2017_binary,43,rid_06ab8b94dacdf1e99c27598d627fd5e7,cnn,gradient_x_input,correlation_group_median,group_wise,insertion,1,ATTACK,True,1,ATTACK,0.9999985098838806,0.9990110237849876,50,0.43462008371425326,0.6230536361169361,0.7598412038302741,-0.1884335524026828,-0.3252211201160208,0.02617512568062347,0.016001081260702255,-0.21979567167365924,0.30914583802223206,0.279990032017231,0.02915580600500106,50.8,46.672000000000004,trapezoid_from_zero_normalized_by_max_fraction
cicids2017_binary,43,rid_e3dd721c6ead4c5beb8c97214764fe93,cnn,gradient_x_input,correlation_group_median,group_wise,insertion,1,ATTACK,True,1,ATTACK,1.0,0.9990125139011072,50,0.7010898368709604,0.4116392559976375,0.7607816297788086,0.28945058087332287,-0.05969179290784816,0.03647486493757748,0.017515295429713647,0.25512060183108415,0.41781100630760193,0.26813100284338,0.14968000346422194,45.6,35.78,trapezoid_from_zero_normalized_by_max_fraction
cicids2017_binary,43,rid_4549d0f84e4654e49b146ef9247a3cad,cnn,gradient_x_input,correlation_group_median,group_wise,insertion,1,ATTACK,True,1,ATTACK,1.0,0.9990125139011072,50,0.7167597899213434,0.5278153204917908,0.7746130010569469,0.18894446942955256,-0.05785321113560349,0.03473851725317495,0.015923835983873643,0.15773375090116024,0.4912756085395813,0.3031110414192081,0.18816456712037322,45.6,35.44,trapezoid_from_zero_normalized_by_max_fraction
cicids2017_binary,43,rid_94b322d0c9af6a93a1587e589cac48ea,cnn,gradient_x_input,correlation_group_median,group_wise,insertion,1,ATTACK,True,1,ATTACK,1.0,0.9990125139011072,50,0.7124897386995144,0.29904590418782395,0.788229117968789,0.4134438345116905,-0.07573937926927467,0.04420107528628555,0.020937986913238945,0.37240538016174213,0.36202317476272583,0.19728206648863855,0.16474110827408728,45.6,29.692,trapezoid_from_zero_normalized_by_max_fraction
cicids2017_binary,43,rid_dc6b295865e7aabc28fd5e1b8a0b5b30,cnn,gradient_x_input,correlation_group_median,group_wise,insertion,1,ATTACK,True,1,ATTACK,1.0,0.9990125139011072,50,0.7110936461016536,0.46175563624175264,0.786605551519664,0.24933800985990093,-0.07551190541801045,0.04859680629943446,0.02330050648212156,0.20366901715494268,0.5712376832962036,0.45651067727804184,0.11472700601816177,45.6,30.756,trapezoid_from_zero_normalized_by_max_fraction
cicids2017_binary,43,rid_a736dce9f3e61ea8d8876c86d0ac0751,cnn,gradient_x_input,correlation_group_median,group_wise,insertion,1,ATTACK,True,1,ATTACK,1.0,0.9990125139011072,50,0.7106317832614877,0.40149202047001337,0.7650581054481553,0.30913976279147437,-0.054426322186667674,0.049164889924645364,0.02329901619031231,0.26347369105846224,0.3613540530204773,0.21667597699537872,0.14467807602509858,45.6,31.128000000000004,trapezoid_from_zero_normalized_by_max_fraction
cicids2017_binary,43,rid_40e563444b684608e6d176b713ea43e7,cnn,gradient_x_input,correlation_group_median,group_wise,insertion,0,BENIGN,True,0,BENIGN,0.9999994095625198,0.0009868956614126,50,0.01726987920860097,-0.09321901876572053,0.04713173495098856,0.1104888979743215,-0.029861855742387592,0.04106866605443832,0.018841312906095063,0.07355992467837519,0.20125064253807068,0.18907095406949517,0.012179688468575506,48.2,39.29600000000001,trapezoid_from_zero_normalized_by_max_fraction
cicids2017_binary,43,rid_299f5020f6c0ee5585f68ea51b3a909c,cnn,gradient_x_input,correlation_group_joint_donor,group_wise_dependency_preserving,deletion,1,ATTACK,True,1,ATTACK,1.0,0.9990125139011072,50,0.4626300508146642,0.4739218759346288,0.45995633151636445,-0.01129182511996464,0.002673719298299765,0.06019625976291547,0.02868759622271191,-0.06751951371647999,1.2799535989761353,1.05425070181489,0.22570289716124536,45.6,31.119999999999997,trapezoid_from_zero_normalized_by_max_fraction
cicids2017_binary,43,rid_b63ceef3b9d6d5e5d52f011e88a99d75,cnn,gradient_x_input,correlation_group_joint_donor,group_wise_dependency_preserving,deletion,0,BENIGN,True,0,BENIGN,0.9999991862612204,0.0009866723601134,50,0.33292366806132345,0.25163025179573417,0.3529815009296996,0.08129341626558932,-0.020057832868376105,0.04955051246758739,0.02552397014513682,0.03126643478112116,0.4323413372039795,0.34837341970205304,0.08396791750192645,51.0,40.096000000000004,trapezoid_from_zero_normalized_by_max_fraction
cicids2017_binary,43,rid_0d5718fa79fb7894e09279dc893a803e,cnn,gradient_x_input,correlation_group_joint_donor,group_wise_dependency_preserving,deletion,1,ATTACK,True,1,ATTACK,1.0,0.9990125139011072,50,0.8499999872441617,0.6083763973336236,0.5467868898895871,0.24162358991053803,0.3032130973545747,0.05992397137202457,0.028311072662820288,0.18613388749141027,0.19638755917549133,0.24815934413671492,-0.05177178496122359,45.6,45.007999999999996,trapezoid_from_zero_normalized_by_max_fraction
cicids2017_binary,43,rid_0fbdd24c1b1636c31eb464c10c4cd767,cnn,gradient_x_input,correlation_group_joint_donor,group_wise_dependency_preserving,deletion,0,BENIGN,True,0,BENIGN,0.999965887680446,0.0009533737793389,50,0.034664056552996,0.1882998549629312,0.4193097021713824,-0.1536357984099352,-0.38464564561838643,0.04347622627557916,0.023489327850424308,-0.19967488099676683,0.07342468202114105,0.0513384928049054,0.022086189216235654,45.6,35.32,trapezoid_from_zero_normalized_by_max_fraction
cicids2017_binary,43,rid_d4ee17856ce1b46d6111b2ca82a08247,cnn,gradient_x_input,correlation_group_joint_donor,group_wise_dependency_preserving,deletion,0,BENIGN,True,0,BENIGN,0.9999999996777164,0.0009874857766092,50,0.3499785489870703,0.44114068939814516,0.27930042214083406,-0.09116214041107486,0.07067812684623621,0.05951724224946928,0.02913551607324369,-0.14826775191463248,0.7577558755874634,0.7638234997987747,-0.006067624211311351,56.4,52.763999999999996,trapezoid_from_zero_normalized_by_max_fraction
cicids2017_binary,43,rid_a30282f714de912382c8a683d9075cb2,cnn,gradient_x_input,correlation_group_joint_donor,group_wise_dependency_preserving,deletion,0,BENIGN,True,0,BENIGN,0.999994920053723,0.0009824061526159,50,0.6496952051802078,0.18061154682581013,0.35054805350413754,0.46908365835439775,0.2991471516760704,0.044322596554284416,0.02365738680171952,0.4227151802230275,0.4295470714569092,0.4690347100049258,-0.039487638548016624,49.2,36.256,trapezoid_from_zero_normalized_by_max_fraction
cicids2017_binary,43,rid_d0761508812c12c771adea5e80b3733e,cnn,gradient_x_input,correlation_group_joint_donor,group_wise_dependency_preserving,deletion,0,BENIGN,True,0,BENIGN,0.9999982846898092,0.0009857707887021,50,0.2069841705366116,0.2916648921183807,0.45958926850459847,-0.0846807215817691,-0.2526050979679869,0.05469039941595448,0.026800137310933784,-0.13720899071119932,1.5627917051315308,1.936364848613739,-0.37357314348220827,47.0,39.488,trapezoid_from_zero_normalized_by_max_fraction
cicids2017_binary,43,rid_a1ed68623ba0430e56f4ee82b60cb189,cnn,gradient_x_input,correlation_group_joint_donor,group_wise_dependency_preserving,deletion,0,BENIGN,True,0,BENIGN,0.9999999976535074,0.0009874837524003,50,0.49992930833176463,0.2737682766255632,0.3473169183078791,0.22616103170620142,0.15261239002388555,0.055430406322704094,0.02663961863618235,0.17394737917928402,1.7398185729980469,1.9906797127723692,-0.25086113977432234,55.4,38.808,trapezoid_from_zero_normalized_by_max_fraction
cicids2017_binary,43,rid_dba24fc6ab50ddfc1c7e2883730920f1,cnn,gradient_x_input,correlation_group_joint_donor,group_wise_dependency_preserving,deletion,0,BENIGN,True,0,BENIGN,0.9999978442522206,0.0009853303511135,50,0.19937783438722362,0.1843161436952191,0.38659869634274036,0.01506169069200454,-0.18722086195551677,0.04906827489188338,0.024164651881771214,-0.03230102699626704,0.40809202194213867,0.4592346827611328,-0.0511426608189941,49.4,38.876,trapezoid_from_zero_normalized_by_max_fraction
cicids2017_binary,43,rid_06ab8b94dacdf1e99c27598d627fd5e7,cnn,gradient_x_input,correlation_group_joint_donor,group_wise_dependency_preserving,deletion,1,ATTACK,True,1,ATTACK,0.9999985098838806,0.9990110237849876,50,6.887018680572509e-05,0.4191680894682038,0.47632770533257773,-0.41909921928139804,-0.47625883514577194,0.06426231549211561,0.030675853724911696,-0.479223892582225,0.5243750214576721,0.6003861762285233,-0.07601115477085119,50.8,46.19199999999999,trapezoid_from_zero_normalized_by_max_fraction
cicids2017_binary,43,rid_e3dd721c6ead4c5beb8c97214764fe93,cnn,gradient_x_input,correlation_group_joint_donor,group_wise_dependency_preserving,deletion,1,ATTACK,True,1,ATTACK,1.0,0.9990125139011072,50,0.34925139792649135,0.47254003460867666,0.4272262166770889,-0.12328863668218534,-0.07797481875059752,0.05987166524512648,0.028723267801698933,-0.17958624157351524,0.4649518132209778,0.2949412150979042,0.17001059812307356,45.6,40.588,trapezoid_from_zero_normalized_by_max_fraction
cicids2017_binary,43,rid_4549d0f84e4654e49b146ef9247a3cad,cnn,gradient_x_input,correlation_group_joint_donor,group_wise_dependency_preserving,deletion,1,ATTACK,True,1,ATTACK,1.0,0.9990125139011072,50,0.5997125024374212,0.37084076735003496,0.436923046442471,0.22887173508738637,0.1627894559949504,0.05509305154659825,0.027166929724929376,0.17562455282652478,1.155083417892456,1.008455227509141,0.1466281903833151,45.6,30.444,trapezoid_from_zero_normalized_by_max_fraction
cicids2017_binary,43,rid_94b322d0c9af6a93a1587e589cac48ea,cnn,gradient_x_input,correlation_group_joint_donor,group_wise_dependency_preserving,deletion,1,ATTACK,True,1,ATTACK,1.0,0.9990125139011072,50,0.25477175187561446,0.34363458769709043,0.42362028233974214,-0.08886283582147594,-0.16884853046412768,0.05829383355366165,0.028114417275593644,-0.14396709368163949,0.3737858831882477,0.2584762268960476,0.11530965629220008,45.6,32.028000000000006,trapezoid_from_zero_normalized_by_max_fraction
cicids2017_binary,43,rid_dc6b295865e7aabc28fd5e1b8a0b5b30,cnn,gradient_x_input,correlation_group_joint_donor,group_wise_dependency_preserving,deletion,1,ATTACK,True,1,ATTACK,1.0,0.9990125139011072,50,0.49999027371076565,0.38167874494326354,0.44137217936101336,0.11831152876750214,0.058618094349752355,0.05494826157050646,0.02722084076137153,0.06495868087521395,0.6101242303848267,0.36067546534538264,0.24944876503944402,45.6,30.660000000000004,trapezoid_from_zero_normalized_by_max_fraction
cicids2017_binary,43,rid_a736dce9f3e61ea8d8876c86d0ac0751,cnn,gradient_x_input,correlation_group_joint_donor,group_wise_dependency_preserving,deletion,1,ATTACK,True,1,ATTACK,1.0,0.9990125139011072,50,0.48817534028785303,0.3076886640816551,0.44454969419403173,0.18048667620619785,0.04362564609382132,0.05821910713350363,0.02779871893559963,0.12600118709242258,0.3909934461116791,0.23581661453843114,0.15517683157324794,45.6,31.284,trapezoid_from_zero_normalized_by_max_fraction
cicids2017_binary,43,rid_40e563444b684608e6d176b713ea43e7,cnn,gradient_x_input,correlation_group_joint_donor,group_wise_dependency_preserving,deletion,0,BENIGN,True,0,BENIGN,0.9999994095625198,0.0009868956614126,50,0.5000338633860962,0.32191123903396063,0.41008048732455404,0.17812262435213566,0.08995337606154229,0.05356972445670939,0.027272599641436596,0.12466832905491992,0.2700679898262024,0.2898676753938198,-0.01979968556761741,48.2,43.1,trapezoid_from_zero_normalized_by_max_fraction
cicids2017_binary,43,rid_299f5020f6c0ee5585f68ea51b3a909c,cnn,gradient_x_input,correlation_group_joint_donor,group_wise_dependency_preserving,insertion,1,ATTACK,True,1,ATTACK,1.0,0.9990125139011072,50,0.8154426925699227,0.5673829186941451,0.8989754566883057,0.24805977387577752,-0.08353276411838305,0.05430859101094186,0.02583081624018532,0.1974313740450143,1.2799535989761353,1.05425070181489,0.22570289716124536,45.6,31.119999999999997,trapezoid_from_zero_normalized_by_max_fraction
cicids2017_binary,43,rid_b63ceef3b9d6d5e5d52f011e88a99d75,cnn,gradient_x_input,correlation_group_joint_donor,group_wise_dependency_preserving,insertion,0,BENIGN,True,0,BENIGN,0.9999991862612204,0.0009866723601134,50,0.947176605679806,0.9102295028176716,0.9314391575339833,0.036947102862134484,0.015737448145822695,0.014521920615771863,0.00833786245569899,0.020604892448964462,0.4323413372039795,0.34837341970205304,0.08396791750192645,51.0,40.096000000000004,trapezoid_from_zero_normalized_by_max_fraction
cicids2017_binary,43,rid_0d5718fa79fb7894e09279dc893a803e,cnn,gradient_x_input,correlation_group_joint_donor,group_wise_dependency_preserving,insertion,1,ATTACK,True,1,ATTACK,1.0,0.9990125139011072,50,-0.09292940795421602,-0.12384599780559531,-0.09481605396900154,0.030916589851379284,0.001886646014785531,0.024320132362016012,0.01271196478473368,0.006001138873301271,0.19638755917549133,0.24815934413671492,-0.05177178496122359,45.6,45.007999999999996,trapezoid_from_zero_normalized_by_max_fraction
cicids2017_binary,43,rid_0fbdd24c1b1636c31eb464c10c4cd767,cnn,gradient_x_input,correlation_group_joint_donor,group_wise_dependency_preserving,insertion,0,BENIGN,True,0,BENIGN,0.999965887680446,0.0009533737793389,50,-0.00015136284347838644,-0.14473946449737912,-0.04155285665859705,0.1445881016539007,0.04140149381511867,0.041299727172392636,0.01872246782394277,0.10789206471897288,0.07342468202114105,0.0513384928049054,0.022086189216235654,45.6,35.32,trapezoid_from_zero_normalized_by_max_fraction
cicids2017_binary,43,rid_d4ee17856ce1b46d6111b2ca82a08247,cnn,gradient_x_input,correlation_group_joint_donor,group_wise_dependency_preserving,insertion,0,BENIGN,True,0,BENIGN,0.9999999996777164,0.0009874857766092,50,0.001942267450697943,-0.015572379851112978,-0.0177860007830372,0.01751464730181092,0.01972826823373515,0.006394810963371726,0.005073984472055993,0.007569637736581175,0.7577558755874634,0.7638234997987747,-0.006067624211311351,56.4,52.763999999999996,trapezoid_from_zero_normalized_by_max_fraction
cicids2017_binary,43,rid_a30282f714de912382c8a683d9075cb2,cnn,gradient_x_input,correlation_group_joint_donor,group_wise_dependency_preserving,insertion,0,BENIGN,True,0,BENIGN,0.999994920053723,0.0009824061526159,50,0.949988634002375,0.7110303930434665,0.9135559789972467,0.23895824095890858,0.036432655005128246,0.04964888573471432,0.02309293678498033,0.19369608486034715,0.4295470714569092,0.4690347100049258,-0.039487638548016624,49.2,36.256,trapezoid_from_zero_normalized_by_max_fraction
cicids2017_binary,43,rid_d0761508812c12c771adea5e80b3733e,cnn,gradient_x_input,correlation_group_joint_donor,group_wise_dependency_preserving,insertion,0,BENIGN,True,0,BENIGN,0.9999982846898092,0.0009857707887021,50,-2.729809958430529e-05,-0.13385544366147406,-0.04603060720135741,0.13382814556188977,0.04600330910177312,0.03814064364354086,0.01819585519668874,0.09816426937637984,1.5627917051315308,1.936364848613739,-0.37357314348220827,47.0,39.488,trapezoid_from_zero_normalized_by_max_fraction
cicids2017_binary,43,rid_a1ed68623ba0430e56f4ee82b60cb189,cnn,gradient_x_input,correlation_group_joint_donor,group_wise_dependency_preserving,insertion,0,BENIGN,True,0,BENIGN,0.9999999976535074,0.0009874837524003,50,0.9485220189896464,0.9094351013912241,0.9135711759969996,0.0390869175984223,0.03495084299264666,0.018005904398424113,0.009646040982550485,0.020180677272623345,1.7398185729980469,1.9906797127723692,-0.25086113977432234,55.4,38.808,trapezoid_from_zero_normalized_by_max_fraction
cicids2017_binary,43,rid_dba24fc6ab50ddfc1c7e2883730920f1,cnn,gradient_x_input,correlation_group_joint_donor,group_wise_dependency_preserving,insertion,0,BENIGN,True,0,BENIGN,0.9999978442522206,0.0009853303511135,50,0.9136159497821665,0.7657464954241535,0.9003570863744028,0.14786945435801313,0.013258863407763704,0.04633509374662419,0.021138928465408977,0.10643715456581154,0.40809202194213867,0.4592346827611328,-0.0511426608189941,49.4,38.876,trapezoid_from_zero_normalized_by_max_fraction
cicids2017_binary,43,rid_06ab8b94dacdf1e99c27598d627fd5e7,cnn,gradient_x_input,correlation_group_joint_donor,group_wise_dependency_preserving,insertion,1,ATTACK,True,1,ATTACK,0.9999985098838806,0.9990110237849876,50,0.5012094356317419,0.6825019221160737,0.8181659844868203,-0.18129248648433188,-0.31695654885507846,0.04585555337513779,0.021252309466782242,-0.22294701303922507,0.5243750214576721,0.6003861762285233,-0.07601115477085119,50.8,46.19199999999999,trapezoid_from_zero_normalized_by_max_fraction
cicids2017_binary,43,rid_e3dd721c6ead4c5beb8c97214764fe93,cnn,gradient_x_input,correlation_group_joint_donor,group_wise_dependency_preserving,insertion,1,ATTACK,True,1,ATTACK,1.0,0.9990125139011072,50,-0.26525718655420294,-0.35749492191018684,-0.09940201208095822,0.0922377353559839,-0.16585517447324472,0.046563193377727435,0.022259086572453752,0.04860992567397454,0.4649518132209778,0.2949412150979042,0.17001059812307356,45.6,40.588,trapezoid_from_zero_normalized_by_max_fraction
cicids2017_binary,43,rid_4549d0f84e4654e49b146ef9247a3cad,cnn,gradient_x_input,correlation_group_joint_donor,group_wise_dependency_preserving,insertion,1,ATTACK,True,1,ATTACK,1.0,0.9990125139011072,50,0.7114093933026198,0.6116602229383454,0.8509961506735773,0.09974917036427426,-0.1395867573709577,0.05427601224587325,0.0256373164696294,0.049500030083800634,1.155083417892456,1.008455227509141,0.1466281903833151,45.6,30.444,trapezoid_from_zero_normalized_by_max_fraction
cicids2017_binary,43,rid_94b322d0c9af6a93a1587e589cac48ea,cnn,gradient_x_input,correlation_group_joint_donor,group_wise_dependency_preserving,insertion,1,ATTACK,True,1,ATTACK,1.0,0.9990125139011072,50,-0.16068818112796351,-0.3284714045359895,-0.0816037399365839,0.167783223408026,-0.07908444119137961,0.05356957459941862,0.02533100179236962,0.11813445989498156,0.3737858831882477,0.2584762268960476,0.11530965629220008,45.6,32.028000000000006,trapezoid_from_zero_normalized_by_max_fraction
cicids2017_binary,43,rid_dc6b295865e7aabc28fd5e1b8a0b5b30,cnn,gradient_x_input,correlation_group_joint_donor,group_wise_dependency_preserving,insertion,1,ATTACK,True,1,ATTACK,1.0,0.9990125139011072,50,-0.2510930476154499,-0.2997105177057828,-0.13605139165353802,0.048617470090332904,-0.11504165596191193,0.0525568396153733,0.02438438446479804,0.0008240765393287483,0.6101242303848267,0.36067546534538264,0.24944876503944402,45.6,30.660000000000004,trapezoid_from_zero_normalized_by_max_fraction
cicids2017_binary,43,rid_a736dce9f3e61ea8d8876c86d0ac0751,cnn,gradient_x_input,correlation_group_joint_donor,group_wise_dependency_preserving,insertion,1,ATTACK,True,1,ATTACK,1.0,0.9990125139011072,50,-0.1530292569235371,-0.3934516342657323,-0.11988969329663099,0.24042237734219518,-0.033139563626906135,0.05795619731078236,0.027123701807047887,0.1872599218003813,0.3909934461116791,0.23581661453843114,0.15517683157324794,45.6,31.284,trapezoid_from_zero_normalized_by_max_fraction
cicids2017_binary,43,rid_40e563444b684608e6d176b713ea43e7,cnn,gradient_x_input,correlation_group_joint_donor,group_wise_dependency_preserving,insertion,0,BENIGN,True,0,BENIGN,0.9999994095625198,0.0009868956614126,50,0.6436295740275084,0.8601697001215903,0.9147103072419802,-0.21654012609408183,-0.2710807332144717,0.021550354882938036,0.012564702363524383,-0.24116694272658962,0.2700679898262024,0.2898676753938198,-0.01979968556761741,48.2,43.1,trapezoid_from_zero_normalized_by_max_fraction
