task_id,seed,flow_id,model,method,operator,operator_family,functional_check,true_class_id,true_class,class_specific_inference_eligible,target_class_id,target_class,confidence,model_margin,random_feature_repetitions,attribution_effect_aopc,random_effect_mean_aopc,uniform_random_effect_mean_aopc,attribution_minus_random_aopc,attribution_minus_uniform_random_aopc,random_effect_standard_error_aopc,random_aopc_monte_carlo_standard_error,attribution_minus_random_aopc_mc_lower95,attribution_displacement_mean,matched_random_displacement_mean,attribution_minus_matched_displacement,coordinates_changed_mean,matched_random_coordinates_mean,aopc_definition
ton_iot_binary,42,rid_8fdb1c9fcd903c2872e97a5c6111941b,mlp,gradient_x_input,training_median,baseline_marginal_constant,deletion,0,BENIGN,True,0,BENIGN,0.9999999282200988,0.187823953970259,50,0.33216029604347774,0.03976924744104515,0.03761349834276001,0.2923910486024326,0.2945467977007177,0.011916724081884371,0.00703135593809778,0.2786095909637609,0.0672566369175911,0.08992423128150404,-0.02266759436391294,9.2,9.2,trapezoid_from_zero_normalized_by_max_fraction
ton_iot_binary,42,rid_474d36f88a6911413398421460dc623d,mlp,gradient_x_input,training_median,baseline_marginal_constant,deletion,1,ATTACK,True,1,ATTACK,0.9998021125793456,0.8119780868291854,50,0.4251394672799506,0.3077953284749563,0.19391874525767844,0.11734413880499438,0.23122072202227217,0.051073529605452236,0.024660406779714886,0.06900974151675321,0.9371929168701172,0.6502089393176138,0.2869839775525034,9.2,9.2,trapezoid_from_zero_normalized_by_max_fraction
ton_iot_binary,42,rid_96cb1ffdfa676fe22cc2e8c7693863c1,mlp,gradient_x_input,training_median,baseline_marginal_constant,deletion,0,BENIGN,True,0,BENIGN,0.999999991754982,0.1878240175051422,50,0.019423715920050457,0.0642409773793026,0.026463926879256684,-0.04481726145925214,-0.007040210959206225,0.015887254736757728,0.010621145170372968,-0.06563470599318316,0.044289689511060715,0.07638204108737409,-0.03209235157631338,9.2,9.2,trapezoid_from_zero_normalized_by_max_fraction
ton_iot_binary,42,rid_b68c2581b0a71176c81c3e0638a60ef1,mlp,gradient_x_input,training_median,baseline_marginal_constant,deletion,0,BENIGN,True,0,BENIGN,0.9995845762314276,0.1874086019815876,50,0.4966445159225259,0.4042570230472411,0.31591128719016337,0.09238749287528479,0.18073322873236253,0.052811622969221046,0.02722788782865735,0.03902083273111639,0.1387481987476349,0.15084158367523923,-0.01209338492760434,9.2,9.2,trapezoid_from_zero_normalized_by_max_fraction
ton_iot_binary,42,rid_06c5b18595653bc93680b98572b085db,mlp,gradient_x_input,training_median,baseline_marginal_constant,deletion,0,BENIGN,True,0,BENIGN,0.9999470911352546,0.1877711168854147,50,0.6789506565839474,0.5597730240270775,0.1754761710514176,0.11917763255686989,0.5034744855325298,0.03651704185988988,0.01739503619349066,0.0850833616176282,2.340920925140381,1.727746351957321,0.6131745731830598,9.2,9.2,trapezoid_from_zero_normalized_by_max_fraction
ton_iot_binary,42,rid_c8f5ddfce5c296fae3fcfd14c8281db5,mlp,gradient_x_input,training_median,baseline_marginal_constant,deletion,0,BENIGN,True,0,BENIGN,0.9999988437642742,0.1878228695144343,50,0.11720971313382621,0.15455489249305346,0.022352795670615593,-0.03734517935922725,0.09485691746321061,0.017981297496460408,0.0109792569196565,-0.058864522921753995,2.688986301422119,1.5459657182693483,1.1430205831527709,9.2,9.2,trapezoid_from_zero_normalized_by_max_fraction
ton_iot_binary,42,rid_b5f19856921bec80ab4d0ae802f70a22,mlp,gradient_x_input,training_median,baseline_marginal_constant,deletion,0,BENIGN,True,0,BENIGN,0.9994899458251894,0.1873139715753496,50,0.6498326313943834,0.4041312915014278,0.22074519124376818,0.24570133989295573,0.4290874401506153,0.04955736234491027,0.024713320931097484,0.19726323086800465,2.0065815448760986,1.010125457406044,0.9964560874700545,9.2,9.2,trapezoid_from_zero_normalized_by_max_fraction
ton_iot_binary,42,rid_1c007e515f8c424983946ad431efb604,mlp,gradient_x_input,training_median,baseline_marginal_constant,deletion,0,BENIGN,True,0,BENIGN,0.9994844333268702,0.1873084590770304,50,0.7000631568371318,0.48561264495394424,0.3493713828266482,0.21445051188318756,0.3506917740104836,0.046535784880572244,0.023905981797180828,0.16759478756071314,0.29344457387924194,0.1736645549777895,0.11978001890145246,9.2,9.2,trapezoid_from_zero_normalized_by_max_fraction
ton_iot_binary,42,rid_24b36743723526135cc69620cd117e23,mlp,gradient_x_input,training_median,baseline_marginal_constant,deletion,1,ATTACK,True,1,ATTACK,0.9996989965438844,0.8118749707937242,50,0.0024046003818511963,0.04785370314121246,0.034417606413364416,-0.045449102759361266,-0.03201300603151321,0.009138393269258735,0.005229596220987922,-0.055699111352497596,0.457418829202652,0.3108726090332493,0.14654622016940266,9.2,9.2,trapezoid_from_zero_normalized_by_max_fraction
ton_iot_binary,42,rid_f1d5bbcbb32162a53afde2d268aadebb,mlp,gradient_x_input,training_median,baseline_marginal_constant,deletion,1,ATTACK,True,1,ATTACK,0.9983906149864196,0.8105665892362593,50,0.05536222755908966,0.10523485546233133,0.19201311656460165,-0.049872627903241665,-0.13665088900551198,0.02547160147905337,0.011764800020614814,-0.0729316359436467,1.0607740879058838,0.9337433861494062,0.12703070175647757,9.2,9.2,trapezoid_from_zero_normalized_by_max_fraction
ton_iot_binary,42,rid_e4cc9122aaeae4b1c64e125cbf1f4bae,mlp,gradient_x_input,training_median,baseline_marginal_constant,deletion,1,ATTACK,True,1,ATTACK,0.9995288848876952,0.811704859137535,50,0.004301077127456665,0.061826602153480056,0.22988375847041606,-0.05752552502602339,-0.2255826813429594,0.019958133310483572,0.0100845497648465,-0.07729124256512253,1.097836971282959,1.056262444972992,0.04157452630996694,9.2,9.2,trapezoid_from_zero_normalized_by_max_fraction
ton_iot_binary,42,rid_f836c721abe82ef8626b8d0828bf81a3,mlp,gradient_x_input,training_median,baseline_marginal_constant,deletion,1,ATTACK,True,1,ATTACK,0.9982398748397828,0.8104158490896226,50,0.15913749486207962,0.2341993021586677,0.145969715657644,-0.07506180729658808,0.013167779204435653,0.03520566464355535,0.019402318865517985,-0.11309035227300333,0.373296320438385,0.28774759399890903,0.08554872643947597,9.2,9.2,trapezoid_from_zero_normalized_by_max_fraction
ton_iot_binary,42,rid_ea42348fe63f562614533c2a240887de,mlp,gradient_x_input,training_median,baseline_marginal_constant,deletion,1,ATTACK,True,1,ATTACK,0.999978482723236,0.8121544569730758,50,0.030469569563865657,0.1405840519219637,0.13336018004268407,-0.11011448235809802,-0.10289061047881842,0.02539387831766702,0.014668850934976038,-0.13886543019065106,0.9384411573410034,0.804537462234497,0.13390369510650646,9.2,9.2,trapezoid_from_zero_normalized_by_max_fraction
ton_iot_binary,42,rid_1bf21900e95747c105a7fd442abb6ec2,mlp,gradient_x_input,training_median,baseline_marginal_constant,deletion,1,ATTACK,True,1,ATTACK,0.9999991059303284,0.8121750801801682,50,0.012563538551330567,0.2570076724697429,0.14176952709350735,-0.2444441339184123,-0.1292059885421768,0.04423731512508465,0.02326343041432655,-0.29004045753049235,1.5220519304275513,1.3929812154769896,0.12907071495056166,9.2,9.2,trapezoid_from_zero_normalized_by_max_fraction
ton_iot_binary,42,rid_71adf7ccd4004e056d4214e84ac0076d,mlp,gradient_x_input,training_median,baseline_marginal_constant,deletion,1,ATTACK,True,1,ATTACK,0.999999463558197,0.8121754378080368,50,0.03351599276065827,0.08680747047066688,0.08209580391645431,-0.053291477710008625,-0.04857981115579605,0.01870247898851568,0.012378766334250084,-0.07755385972513879,1.1700618267059326,0.995043237298727,0.1750185894072056,9.2,9.2,trapezoid_from_zero_normalized_by_max_fraction
ton_iot_binary,42,rid_14018286121dd46713a133f9bdfc93a8,mlp,gradient_x_input,training_median,baseline_marginal_constant,deletion,0,BENIGN,True,0,BENIGN,0.9999993221695148,0.1878233479196751,50,0.4049024996766434,0.42534392840522,0.2866518370790374,-0.020441428728576613,0.118250662597606,0.050617918562747395,0.02398551752860847,-0.06745304308464922,0.1598328799009323,0.36731959947943693,-0.20748671957850462,9.2,9.2,trapezoid_from_zero_normalized_by_max_fraction
ton_iot_binary,42,rid_8fdb1c9fcd903c2872e97a5c6111941b,mlp,gradient_x_input,training_median,baseline_marginal_constant,insertion,0,BENIGN,True,0,BENIGN,0.9999999282200988,0.187823953970259,50,0.5736552024137772,0.5035042273122576,0.3331828448621037,0.07015097510151955,0.2404723575516735,0.024385863312590343,0.01279936628178443,0.045064217189222065,0.0672566369175911,0.08992423128150404,-0.02266759436391294,9.2,9.2,trapezoid_from_zero_normalized_by_max_fraction
ton_iot_binary,42,rid_474d36f88a6911413398421460dc623d,mlp,gradient_x_input,training_median,baseline_marginal_constant,insertion,1,ATTACK,True,1,ATTACK,0.9998021125793456,0.8119780868291854,50,0.16809185072779653,0.01896733288809685,-0.10502505333732529,0.1491245178396997,0.27311690406512185,0.050922927691524136,0.02444727343533082,0.10120786190645131,0.9371929168701172,0.6502089393176138,0.2869839775525034,9.2,9.2,trapezoid_from_zero_normalized_by_max_fraction
ton_iot_binary,42,rid_96cb1ffdfa676fe22cc2e8c7693863c1,mlp,gradient_x_input,training_median,baseline_marginal_constant,insertion,0,BENIGN,True,0,BENIGN,0.999999991754982,0.1878240175051422,50,0.41077803104180927,0.40428011467040204,0.3195002713357353,0.006497916371407281,0.09127775970607402,0.030541657281200937,0.01609159993083862,-0.02504161949303641,0.044289689511060715,0.07638204108737409,-0.03209235157631338,9.2,9.2,trapezoid_from_zero_normalized_by_max_fraction
ton_iot_binary,42,rid_b68c2581b0a71176c81c3e0638a60ef1,mlp,gradient_x_input,training_median,baseline_marginal_constant,insertion,0,BENIGN,True,0,BENIGN,0.9995845762314276,0.1874086019815876,50,0.11447061692597346,0.14499002502334588,0.15838395046926962,-0.030519408097372386,-0.04391333354329618,0.052746191038330316,0.02741508724265946,-0.08425297909298493,0.1387481987476349,0.15084158367523923,-0.01209338492760434,9.2,9.2,trapezoid_from_zero_normalized_by_max_fraction
ton_iot_binary,42,rid_06c5b18595653bc93680b98572b085db,mlp,gradient_x_input,training_median,baseline_marginal_constant,insertion,0,BENIGN,True,0,BENIGN,0.9999470911352546,0.1877711168854147,50,0.6662233881790598,0.4761186985206076,0.13203043696974054,0.19010468965845215,0.5341929512093193,0.027174541505897997,0.016224610668113454,0.15830445274894978,2.340920925140381,1.727746351957321,0.6131745731830598,9.2,9.2,trapezoid_from_zero_normalized_by_max_fraction
ton_iot_binary,42,rid_c8f5ddfce5c296fae3fcfd14c8281db5,mlp,gradient_x_input,training_median,baseline_marginal_constant,insertion,0,BENIGN,True,0,BENIGN,0.9999988437642742,0.1878228695144343,50,0.6633032285391436,0.5795295286953666,0.41342342816675043,0.08377369984377718,0.24987980037239324,0.015939152859592635,0.008541119130967334,0.0670331063470812,2.688986301422119,1.5459657182693483,1.1430205831527709,9.2,9.2,trapezoid_from_zero_normalized_by_max_fraction
ton_iot_binary,42,rid_b5f19856921bec80ab4d0ae802f70a22,mlp,gradient_x_input,training_median,baseline_marginal_constant,insertion,0,BENIGN,True,0,BENIGN,0.9994899458251894,0.1873139715753496,50,0.6655288875335827,0.2400615461716079,0.06999078770307825,0.4254673413619748,0.5955380998305045,0.04556487607209065,0.025122728837227992,0.3762267928410079,2.0065815448760986,1.010125457406044,0.9964560874700545,9.2,9.2,trapezoid_from_zero_normalized_by_max_fraction
ton_iot_binary,42,rid_1c007e515f8c424983946ad431efb604,mlp,gradient_x_input,training_median,baseline_marginal_constant,insertion,0,BENIGN,True,0,BENIGN,0.9994844333268702,0.1873084590770304,50,0.2636731637758203,0.1358257326434832,0.03367991728032939,0.12784743113233707,0.2299932464954909,0.05028987150267308,0.0267315472418035,0.07545359853840222,0.29344457387924194,0.1736645549777895,0.11978001890145246,9.2,9.2,trapezoid_from_zero_normalized_by_max_fraction
ton_iot_binary,42,rid_24b36743723526135cc69620cd117e23,mlp,gradient_x_input,training_median,baseline_marginal_constant,insertion,1,ATTACK,True,1,ATTACK,0.9996989965438844,0.8118749707937242,50,0.18817710280418398,0.16717634311318397,0.14211627107858657,0.021000759690999987,0.046060831725597384,0.017403040575756444,0.008325426380413605,0.004682923985389321,0.457418829202652,0.3108726090332493,0.14654622016940266,9.2,9.2,trapezoid_from_zero_normalized_by_max_fraction
ton_iot_binary,42,rid_f1d5bbcbb32162a53afde2d268aadebb,mlp,gradient_x_input,training_median,baseline_marginal_constant,insertion,1,ATTACK,True,1,ATTACK,0.9983906149864196,0.8105665892362593,50,0.07072255611419678,0.018779296418382725,0.1273366202024481,0.051943259695814065,-0.056614064088251315,0.03703261048171608,0.017270489826637144,0.018093099635605264,1.0607740879058838,0.9337433861494062,0.12703070175647757,9.2,9.2,trapezoid_from_zero_normalized_by_max_fraction
ton_iot_binary,42,rid_e4cc9122aaeae4b1c64e125cbf1f4bae,mlp,gradient_x_input,training_median,baseline_marginal_constant,insertion,1,ATTACK,True,1,ATTACK,0.9995288848876952,0.811704859137535,50,-0.006369654834270461,-0.028286112687550467,0.10624654334597289,0.021916457853280013,-0.11261619818024336,0.037973139217631915,0.01871183504077266,-0.014758738826634397,1.097836971282959,1.056262444972992,0.04157452630996694,9.2,9.2,trapezoid_from_zero_normalized_by_max_fraction
ton_iot_binary,42,rid_f836c721abe82ef8626b8d0828bf81a3,mlp,gradient_x_input,training_median,baseline_marginal_constant,insertion,1,ATTACK,True,1,ATTACK,0.9982398748397828,0.8104158490896226,50,0.26114740073680875,0.11769427545566577,0.038857009226630906,0.143453125281143,0.22229039151017788,0.03340884630010698,0.01808130496361616,0.10801376755245534,0.373296320438385,0.28774759399890903,0.08554872643947597,9.2,9.2,trapezoid_from_zero_normalized_by_max_fraction
ton_iot_binary,42,rid_ea42348fe63f562614533c2a240887de,mlp,gradient_x_input,training_median,baseline_marginal_constant,insertion,1,ATTACK,True,1,ATTACK,0.999978482723236,0.8121544569730758,50,0.11535786539316177,0.08592002500034869,0.04633877469180152,0.02943784039281308,0.06901909070136024,0.03003908926680955,0.01724827495813421,-0.004368778525129964,0.9384411573410034,0.804537462234497,0.13390369510650646,9.2,9.2,trapezoid_from_zero_normalized_by_max_fraction
ton_iot_binary,42,rid_1bf21900e95747c105a7fd442abb6ec2,mlp,gradient_x_input,training_median,baseline_marginal_constant,insertion,1,ATTACK,True,1,ATTACK,0.9999991059303284,0.8121750801801682,50,0.16786699295043944,0.032480227770817695,-0.033592934120523166,0.13538676517962178,0.2014599270709626,0.039695745807025395,0.019132054125083828,0.09788793909445748,1.5220519304275513,1.3929812154769896,0.12907071495056166,9.2,9.2,trapezoid_from_zero_normalized_by_max_fraction
ton_iot_binary,42,rid_71adf7ccd4004e056d4214e84ac0076d,mlp,gradient_x_input,training_median,baseline_marginal_constant,insertion,1,ATTACK,True,1,ATTACK,0.999999463558197,0.8121754378080368,50,0.045204442739486705,0.13307216424494983,0.07476763014355675,-0.08786772150546313,-0.02956318740407004,0.02640105100013643,0.01582709462383892,-0.11888882696818741,1.1700618267059326,0.995043237298727,0.1750185894072056,9.2,9.2,trapezoid_from_zero_normalized_by_max_fraction
ton_iot_binary,42,rid_14018286121dd46713a133f9bdfc93a8,mlp,gradient_x_input,training_median,baseline_marginal_constant,insertion,0,BENIGN,True,0,BENIGN,0.9999993221695148,0.1878233479196751,50,0.047417333813461957,0.2864610688496909,0.13676572622722982,-0.23904373503622894,-0.08934839241376787,0.05220194837623779,0.02516259145470458,-0.2883624142874499,0.1598328799009323,0.36731959947943693,-0.20748671957850462,9.2,9.2,trapezoid_from_zero_normalized_by_max_fraction
ton_iot_binary,42,rid_8fdb1c9fcd903c2872e97a5c6111941b,mlp,gradient_x_input,target_class_median,baseline_marginal_constant,deletion,0,BENIGN,True,0,BENIGN,0.9999999282200988,0.187823953970259,50,3.588719934555229e-08,1.034591606696722e-08,1.5066785799433546e-08,2.5541283278585068e-08,2.0820413546118742e-08,2.1692424192218078e-09,1.2861828427908797e-09,2.3020364906714942e-08,0.002119023585692048,0.00465897529758513,-0.002539951711893082,9.2,9.2,trapezoid_from_zero_normalized_by_max_fraction
ton_iot_binary,42,rid_474d36f88a6911413398421460dc623d,mlp,gradient_x_input,target_class_median,baseline_marginal_constant,deletion,1,ATTACK,True,1,ATTACK,0.9998021125793456,0.8119780868291854,50,0.15947993397712706,0.1727978201508522,0.05491311997175217,-0.013317886173725138,0.10456681400537492,0.011865650884662085,0.00706787734974106,-0.027170925779217616,0.868610680103302,0.4314954001009464,0.4371152800023556,9.2,9.2,trapezoid_from_zero_normalized_by_max_fraction
ton_iot_binary,42,rid_96cb1ffdfa676fe22cc2e8c7693863c1,mlp,gradient_x_input,target_class_median,baseline_marginal_constant,deletion,0,BENIGN,True,0,BENIGN,0.999999991754982,0.1878240175051422,50,-1.814178141046341e-09,2.368700402222146e-08,3.416781056309049e-08,-2.5501182163267797e-08,-3.598198870413682e-08,4.173816404932857e-09,2.9869762143705587e-09,-3.135565554343409e-08,0.019403215497732162,0.009985421448946,0.009417794048786163,9.2,9.2,trapezoid_from_zero_normalized_by_max_fraction
ton_iot_binary,42,rid_b68c2581b0a71176c81c3e0638a60ef1,mlp,gradient_x_input,target_class_median,baseline_marginal_constant,deletion,0,BENIGN,True,0,BENIGN,0.9995845762314276,0.1874086019815876,50,0.048015406895312654,0.23783001541190163,0.2822152674343281,-0.189814608516589,-0.23419986053901543,0.0499823580711615,0.02610961953840982,-0.24098946281187222,0.13704897463321686,0.12829615490697324,0.008752819726243616,9.2,9.2,trapezoid_from_zero_normalized_by_max_fraction
ton_iot_binary,42,rid_06c5b18595653bc93680b98572b085db,mlp,gradient_x_input,target_class_median,baseline_marginal_constant,deletion,0,BENIGN,True,0,BENIGN,0.9999470911352546,0.1877711168854147,50,0.08563261394272814,0.1315115862575445,0.14596063696942108,-0.04587897231481636,-0.060328023026692934,0.023151572442197937,0.014258287133875173,-0.0738252150972117,2.4268107414245605,1.8570615553855894,0.5697491860389712,9.2,9.2,trapezoid_from_zero_normalized_by_max_fraction
ton_iot_binary,42,rid_c8f5ddfce5c296fae3fcfd14c8281db5,mlp,gradient_x_input,target_class_median,baseline_marginal_constant,deletion,0,BENIGN,True,0,BENIGN,0.9999988437642742,0.1878228695144343,50,0.0034294168961437775,0.021255600275501874,0.006841384728472412,-0.0178261833793581,-0.003411967832328635,0.0051748303703424686,0.002908614658650239,-0.023527068110312566,2.669978618621826,1.5358010244369507,1.1341775941848755,9.2,9.2,trapezoid_from_zero_normalized_by_max_fraction
ton_iot_binary,42,rid_b5f19856921bec80ab4d0ae802f70a22,mlp,gradient_x_input,target_class_median,baseline_marginal_constant,deletion,0,BENIGN,True,0,BENIGN,0.9994899458251894,0.1873139715753496,50,0.18105436549235207,0.1873025609891026,0.18590032765914408,-0.006248195496750545,-0.004845962166792006,0.03610922716238668,0.01883048597195113,-0.04315594800177476,2.0936849117279053,1.3207870437502862,0.7728978679776191,9.2,9.2,trapezoid_from_zero_normalized_by_max_fraction
ton_iot_binary,42,rid_1c007e515f8c424983946ad431efb604,mlp,gradient_x_input,target_class_median,baseline_marginal_constant,deletion,0,BENIGN,True,0,BENIGN,0.9994844333268702,0.1873084590770304,50,0.3491518751069975,0.29069138808383876,0.35548881358084694,0.05846048702315869,-0.006336938473849391,0.04759332091919341,0.025482881695006652,0.008514038900945653,0.30420321226119995,0.22184391287434843,0.08235929938685152,9.2,9.2,trapezoid_from_zero_normalized_by_max_fraction
ton_iot_binary,42,rid_24b36743723526135cc69620cd117e23,mlp,gradient_x_input,target_class_median,baseline_marginal_constant,deletion,1,ATTACK,True,1,ATTACK,0.9996989965438844,0.8118749707937242,50,0.00013583004474639892,0.12403447537124158,0.11267647624760865,-0.12389864532649518,-0.11254064620286225,0.026466805511269616,0.014234345949893428,-0.1517979633882863,0.44864311814308167,0.3738958872556687,0.07474723088741297,9.2,9.2,trapezoid_from_zero_normalized_by_max_fraction
ton_iot_binary,42,rid_f1d5bbcbb32162a53afde2d268aadebb,mlp,gradient_x_input,target_class_median,baseline_marginal_constant,deletion,1,ATTACK,True,1,ATTACK,0.9983906149864196,0.8105665892362593,50,0.15583979785442353,0.1915595730766654,0.18704619980603454,-0.03571977522224187,-0.031206401951611045,0.02787034519732752,0.013430165551855522,-0.0620428997038787,0.7701669931411743,0.6651617864370346,0.10500520670413971,9.2,9.2,trapezoid_from_zero_normalized_by_max_fraction
ton_iot_binary,42,rid_e4cc9122aaeae4b1c64e125cbf1f4bae,mlp,gradient_x_input,target_class_median,baseline_marginal_constant,deletion,1,ATTACK,True,1,ATTACK,0.9995288848876952,0.811704859137535,50,0.12271524667739869,0.12483625210821629,0.18027591399848458,-0.002121005430817599,-0.05756066732108591,0.02095687921756345,0.010179847383002032,-0.02207350630150158,0.7185102701187134,0.8137870540618897,-0.09527678394317629,9.2,9.2,trapezoid_from_zero_normalized_by_max_fraction
ton_iot_binary,42,rid_f836c721abe82ef8626b8d0828bf81a3,mlp,gradient_x_input,target_class_median,baseline_marginal_constant,deletion,1,ATTACK,True,1,ATTACK,0.9982398748397828,0.8104158490896226,50,0.13493987619876863,0.22927622793614866,0.12116645245999098,-0.09433635173738002,0.01377342373877765,0.02534453715075174,0.014512275204410752,-0.1227804111380251,0.40764814615249634,0.45593956848978995,-0.04829142233729361,9.2,9.2,trapezoid_from_zero_normalized_by_max_fraction
ton_iot_binary,42,rid_ea42348fe63f562614533c2a240887de,mlp,gradient_x_input,target_class_median,baseline_marginal_constant,deletion,1,ATTACK,True,1,ATTACK,0.999978482723236,0.8121544569730758,50,0.2682574540376663,0.20160709661245346,0.1322049217224121,0.06665035742521286,0.13605253231525422,0.014331880611578975,0.009840898803859632,0.04736219576964798,0.4981412887573242,0.4468274249508977,0.051313863806426496,9.2,9.2,trapezoid_from_zero_normalized_by_max_fraction
ton_iot_binary,42,rid_1bf21900e95747c105a7fd442abb6ec2,mlp,gradient_x_input,target_class_median,baseline_marginal_constant,deletion,1,ATTACK,True,1,ATTACK,0.9999991059303284,0.8121750801801682,50,0.10095343291759491,0.19044883413007482,0.11682987704128027,-0.08949540121247992,-0.015876444123685364,0.031359595947829555,0.018160338795711987,-0.12508966525207543,1.042938470840454,0.8990150056481362,0.1439234651923179,9.2,9.2,trapezoid_from_zero_normalized_by_max_fraction
ton_iot_binary,42,rid_71adf7ccd4004e056d4214e84ac0076d,mlp,gradient_x_input,target_class_median,baseline_marginal_constant,deletion,1,ATTACK,True,1,ATTACK,0.999999463558197,0.8121754378080368,50,0.1536152631044388,0.16702057379484178,0.08345418256521225,-0.013405310690402985,0.07016108053922654,0.015670540348165833,0.010680806987316833,-0.03433969238554398,0.7601101398468018,0.7333312688302249,0.026778871016576833,9.2,9.2,trapezoid_from_zero_normalized_by_max_fraction
ton_iot_binary,42,rid_14018286121dd46713a133f9bdfc93a8,mlp,gradient_x_input,target_class_median,baseline_marginal_constant,deletion,0,BENIGN,True,0,BENIGN,0.9999993221695148,0.1878233479196751,50,0.033367073171410765,0.2089042518923327,0.16808985749145144,-0.17553717872092192,-0.13472278432004067,0.05029843103416369,0.02381414687320013,-0.22221290659239418,0.12502999603748322,0.3345443505048752,-0.20951435446739197,9.2,9.2,trapezoid_from_zero_normalized_by_max_fraction
ton_iot_binary,42,rid_8fdb1c9fcd903c2872e97a5c6111941b,mlp,gradient_x_input,target_class_median,baseline_marginal_constant,insertion,0,BENIGN,True,0,BENIGN,0.9999999282200988,0.187823953970259,50,3.8635307930690034e-08,1.1539380366798466e-08,1.6452617700224438e-08,2.7095927563891564e-08,2.2182690230465596e-08,2.253577807055788e-09,1.3364172358183612e-09,2.4476549781687578e-08,0.002119023585692048,0.00465897529758513,-0.002539951711893082,9.2,9.2,trapezoid_from_zero_normalized_by_max_fraction
ton_iot_binary,42,rid_474d36f88a6911413398421460dc623d,mlp,gradient_x_input,target_class_median,baseline_marginal_constant,insertion,1,ATTACK,True,1,ATTACK,0.9998021125793456,0.8119780868291854,50,0.28012765198946,0.4141052219569683,0.2993900440633297,-0.13397756996750831,-0.019262392073869705,0.021615940128275734,0.011488604503107142,-0.1564952347935983,0.868610680103302,0.4314954001009464,0.4371152800023556,9.2,9.2,trapezoid_from_zero_normalized_by_max_fraction
ton_iot_binary,42,rid_96cb1ffdfa676fe22cc2e8c7693863c1,mlp,gradient_x_input,target_class_median,baseline_marginal_constant,insertion,0,BENIGN,True,0,BENIGN,0.999999991754982,0.1878240175051422,50,-6.1573501852763e-10,2.4281431810990742e-08,3.505945224624441e-08,-2.4897166829518372e-08,-3.567518726477204e-08,4.200317689964705e-09,3.0088133814752318e-09,-3.0794441057209825e-08,0.019403215497732162,0.009985421448946,0.009417794048786163,9.2,9.2,trapezoid_from_zero_normalized_by_max_fraction
ton_iot_binary,42,rid_b68c2581b0a71176c81c3e0638a60ef1,mlp,gradient_x_input,target_class_median,baseline_marginal_constant,insertion,0,BENIGN,True,0,BENIGN,0.9995845762314276,0.1874086019815876,50,-0.4925493216187554,-0.22232206918589703,-0.21602785714974282,-0.2702272524328584,-0.2765214644690126,0.050215334403588156,0.02646910048139704,-0.3221066893763966,0.13704897463321686,0.12829615490697324,0.008752819726243616,9.2,9.2,trapezoid_from_zero_normalized_by_max_fraction
ton_iot_binary,42,rid_06c5b18595653bc93680b98572b085db,mlp,gradient_x_input,target_class_median,baseline_marginal_constant,insertion,0,BENIGN,True,0,BENIGN,0.9999470911352546,0.1877711168854147,50,-0.0003613264383027115,-0.1279969741342902,-0.21446516867827564,0.12763564769598748,0.21410384223997292,0.02472396198090128,0.014760362833090391,0.09870533654313032,2.4268107414245605,1.8570615553855894,0.5697491860389712,9.2,9.2,trapezoid_from_zero_normalized_by_max_fraction
ton_iot_binary,42,rid_c8f5ddfce5c296fae3fcfd14c8281db5,mlp,gradient_x_input,target_class_median,baseline_marginal_constant,insertion,0,BENIGN,True,0,BENIGN,0.9999988437642742,0.1878228695144343,50,-0.0012795543764347883,-0.024186023883266742,-0.030753835172866797,0.02290646950683195,0.02947428079643201,0.004901455570272117,0.002472166899521838,0.018061022383769148,2.669978618621826,1.5358010244369507,1.1341775941848755,9.2,9.2,trapezoid_from_zero_normalized_by_max_fraction
ton_iot_binary,42,rid_b5f19856921bec80ab4d0ae802f70a22,mlp,gradient_x_input,target_class_median,baseline_marginal_constant,insertion,0,BENIGN,True,0,BENIGN,0.9994899458251894,0.1873139715753496,50,-0.001021784296914774,-0.28318092763726743,-0.23354951193878415,0.2821591433403527,0.23252772764186935,0.045704404586352894,0.024776250808029532,0.23359769175661482,2.0936849117279053,1.3207870437502862,0.7728978679776191,9.2,9.2,trapezoid_from_zero_normalized_by_max_fraction
ton_iot_binary,42,rid_1c007e515f8c424983946ad431efb604,mlp,gradient_x_input,target_class_median,baseline_marginal_constant,insertion,0,BENIGN,True,0,BENIGN,0.9994844333268702,0.1873084590770304,50,-0.5940504202988031,-0.3682869875508598,-0.30964956581534575,-0.22576343274794322,-0.2844008544834573,0.049618322287435186,0.02640529368245106,-0.2775178083655473,0.30420321226119995,0.22184391287434843,0.08235929938685152,9.2,9.2,trapezoid_from_zero_normalized_by_max_fraction
ton_iot_binary,42,rid_24b36743723526135cc69620cd117e23,mlp,gradient_x_input,target_class_median,baseline_marginal_constant,insertion,1,ATTACK,True,1,ATTACK,0.9996989965438844,0.8118749707937242,50,0.08620703965425491,0.3184308462142944,0.310642328247428,-0.23222380656003952,-0.22443528859317302,0.028745641475478652,0.015382365215996513,-0.26237324238339266,0.44864311814308167,0.3738958872556687,0.07474723088741297,9.2,9.2,trapezoid_from_zero_normalized_by_max_fraction
ton_iot_binary,42,rid_f1d5bbcbb32162a53afde2d268aadebb,mlp,gradient_x_input,target_class_median,baseline_marginal_constant,insertion,1,ATTACK,True,1,ATTACK,0.9983906149864196,0.8105665892362593,50,0.2527087301015854,0.2536197012960911,0.28393756041675805,-0.0009109711945056824,-0.031228830315172644,0.03322180947007224,0.016507168978110994,-0.03326502239160323,0.7701669931411743,0.6651617864370346,0.10500520670413971,9.2,9.2,trapezoid_from_zero_normalized_by_max_fraction
ton_iot_binary,42,rid_e4cc9122aaeae4b1c64e125cbf1f4bae,mlp,gradient_x_input,target_class_median,baseline_marginal_constant,insertion,1,ATTACK,True,1,ATTACK,0.9995288848876952,0.811704859137535,50,0.21456800997257233,0.2535860509872436,0.31163011375814675,-0.03901804101467131,-0.09706210378557442,0.026618803224680812,0.01339135872716192,-0.06526510411990867,0.7185102701187134,0.8137870540618897,-0.09527678394317629,9.2,9.2,trapezoid_from_zero_normalized_by_max_fraction
ton_iot_binary,42,rid_f836c721abe82ef8626b8d0828bf81a3,mlp,gradient_x_input,target_class_median,baseline_marginal_constant,insertion,1,ATTACK,True,1,ATTACK,0.9982398748397828,0.8104158490896226,50,0.48456123769283294,0.45860624200105665,0.3316561096161604,0.02595499569177627,0.15290512807667256,0.022288342230442633,0.012080286562969896,0.0022776340283552736,0.40764814615249634,0.45593956848978995,-0.04829142233729361,9.2,9.2,trapezoid_from_zero_normalized_by_max_fraction
ton_iot_binary,42,rid_ea42348fe63f562614533c2a240887de,mlp,gradient_x_input,target_class_median,baseline_marginal_constant,insertion,1,ATTACK,True,1,ATTACK,0.999978482723236,0.8121544569730758,50,0.39966574013233186,0.27862891921401023,0.23797655032575132,0.1210368209183216,0.16168918980658054,0.018590026591352296,0.012915001966623282,0.09572341706373996,0.4981412887573242,0.4468274249508977,0.051313863806426496,9.2,9.2,trapezoid_from_zero_normalized_by_max_fraction
ton_iot_binary,42,rid_1bf21900e95747c105a7fd442abb6ec2,mlp,gradient_x_input,target_class_median,baseline_marginal_constant,insertion,1,ATTACK,True,1,ATTACK,0.9999991059303284,0.8121750801801682,50,0.41785832345485685,0.2526790684486041,0.24189880608196837,0.1651792550062528,0.1759595173728885,0.03497197128211388,0.01703418968372435,0.13179224322615307,1.042938470840454,0.8990150056481362,0.1439234651923179,9.2,9.2,trapezoid_from_zero_normalized_by_max_fraction
ton_iot_binary,42,rid_71adf7ccd4004e056d4214e84ac0076d,mlp,gradient_x_input,target_class_median,baseline_marginal_constant,insertion,1,ATTACK,True,1,ATTACK,0.999999463558197,0.8121754378080368,50,0.4106056451797485,0.3585897518917918,0.2738391888141632,0.0520158932879567,0.13676645636558535,0.020875352700466955,0.011869293313989494,0.028752078392537295,0.7601101398468018,0.7333312688302249,0.026778871016576833,9.2,9.2,trapezoid_from_zero_normalized_by_max_fraction
ton_iot_binary,42,rid_14018286121dd46713a133f9bdfc93a8,mlp,gradient_x_input,target_class_median,baseline_marginal_constant,insertion,0,BENIGN,True,0,BENIGN,0.9999993221695148,0.1878233479196751,50,-0.4992221257752373,-0.21291746357933677,-0.20247982856558372,-0.28630466219590056,-0.2967422972096536,0.05384072409947492,0.025873074070733172,-0.3370158873745376,0.12502999603748322,0.3345443505048752,-0.20951435446739197,9.2,9.2,trapezoid_from_zero_normalized_by_max_fraction
ton_iot_binary,42,rid_8fdb1c9fcd903c2872e97a5c6111941b,mlp,gradient_x_input,joint_donor,dependency_preserving,deletion,0,BENIGN,True,0,BENIGN,0.9999999282200988,0.187823953970259,50,0.3565988730153262,0.32158951616475356,0.2299107650500588,0.035009356850572604,0.1266881079652674,0.05538616464178962,0.02654706908366904,-0.017022898553418715,1.4680182933807373,1.5162534732818602,-0.048235179901122915,9.2,9.2,trapezoid_from_zero_normalized_by_max_fraction
ton_iot_binary,42,rid_474d36f88a6911413398421460dc623d,mlp,gradient_x_input,joint_donor,dependency_preserving,deletion,1,ATTACK,True,1,ATTACK,0.9998021125793456,0.8119780868291854,50,0.8519944149698859,0.38089770932658773,0.34268172531159347,0.47109670564329814,0.5093126896582924,0.05588581990312515,0.026902916644578917,0.4183669890199235,0.40317845344543457,0.41414031691662967,-0.010961863471195099,9.2,9.2,trapezoid_from_zero_normalized_by_max_fraction
ton_iot_binary,42,rid_96cb1ffdfa676fe22cc2e8c7693863c1,mlp,gradient_x_input,joint_donor,dependency_preserving,deletion,0,BENIGN,True,0,BENIGN,0.999999991754982,0.1878240175051422,50,0.44831841281081386,0.3353255187423693,0.23205305944743165,0.11299289406844454,0.2162653533633822,0.05565548372656324,0.026816442522924103,0.0604326667235133,0.4169221818447113,0.559612132847309,-0.14268995100259774,9.2,9.2,trapezoid_from_zero_normalized_by_max_fraction
ton_iot_binary,42,rid_b68c2581b0a71176c81c3e0638a60ef1,mlp,gradient_x_input,joint_donor,dependency_preserving,deletion,0,BENIGN,True,0,BENIGN,0.9995845762314276,0.1874086019815876,50,0.21095868706924395,0.3692554053165413,0.331714630438621,-0.15829671824729735,-0.12075594336937709,0.05436613179724474,0.026087680459738305,-0.20942857194838443,0.3267422318458557,0.3985850064819679,-0.07184277463611216,9.2,9.2,trapezoid_from_zero_normalized_by_max_fraction
ton_iot_binary,42,rid_06c5b18595653bc93680b98572b085db,mlp,gradient_x_input,joint_donor,dependency_preserving,deletion,0,BENIGN,True,0,BENIGN,0.9999470911352546,0.1877711168854147,50,0.6966053109676067,0.3017791176697098,0.09036163810821195,0.3948261932978969,0.6062436728593947,0.048125877773880714,0.024739095455556817,0.34633756620500555,1.964315414428711,0.9422082311809064,1.0221071832478046,9.2,9.2,trapezoid_from_zero_normalized_by_max_fraction
ton_iot_binary,42,rid_c8f5ddfce5c296fae3fcfd14c8281db5,mlp,gradient_x_input,joint_donor,dependency_preserving,deletion,0,BENIGN,True,0,BENIGN,0.9999988437642742,0.1878228695144343,50,0.25986739198499387,0.1336044238572422,0.04373262008516557,0.12626296812775173,0.21613477189982833,0.029917716135040504,0.01736342452997059,0.09223065604900937,2.877703905105591,2.1209102408885956,0.7567936642169952,9.2,9.2,trapezoid_from_zero_normalized_by_max_fraction
ton_iot_binary,42,rid_b5f19856921bec80ab4d0ae802f70a22,mlp,gradient_x_input,joint_donor,dependency_preserving,deletion,0,BENIGN,True,0,BENIGN,0.9994899458251894,0.1873139715753496,50,0.37289168002415635,0.35792015840703995,0.1671773648069695,0.01497152161711644,0.20571431521718686,0.05658680671302315,0.027347752409021396,-0.038630073104565496,2.1459007263183594,1.512771011352539,0.6331297149658204,9.2,9.2,trapezoid_from_zero_normalized_by_max_fraction
ton_iot_binary,42,rid_1c007e515f8c424983946ad431efb604,mlp,gradient_x_input,joint_donor,dependency_preserving,deletion,0,BENIGN,True,0,BENIGN,0.9994844333268702,0.1873084590770304,50,0.4576945327236899,0.4007613329730313,0.39688763833666196,0.056933199750658636,0.06080689438702787,0.05492900682998385,0.026700155558243496,0.004600894856501385,0.34905362129211426,0.2674775759587064,0.08157604533340784,9.2,9.2,trapezoid_from_zero_normalized_by_max_fraction
ton_iot_binary,42,rid_24b36743723526135cc69620cd117e23,mlp,gradient_x_input,joint_donor,dependency_preserving,deletion,1,ATTACK,True,1,ATTACK,0.9996989965438844,0.8118749707937242,50,0.22506851092912256,0.3665560417981594,0.2406663134006971,-0.14148753086903684,-0.015597802471574565,0.05277107430332094,0.02514025887904396,-0.19076243827196301,0.4643130302429199,0.40764320750162,0.05666982274129995,9.2,9.2,trapezoid_from_zero_normalized_by_max_fraction
ton_iot_binary,42,rid_f1d5bbcbb32162a53afde2d268aadebb,mlp,gradient_x_input,joint_donor,dependency_preserving,deletion,1,ATTACK,True,1,ATTACK,0.9983906149864196,0.8105665892362593,50,0.4041305167753308,0.2792070799585744,0.2749911208771555,0.12492343681675638,0.12913939589817525,0.050180686525621035,0.02460347472567284,0.07670062635443761,0.12150857597589493,0.21140526697039608,-0.08989669099450115,9.2,9.2,trapezoid_from_zero_normalized_by_max_fraction
ton_iot_binary,42,rid_e4cc9122aaeae4b1c64e125cbf1f4bae,mlp,gradient_x_input,joint_donor,dependency_preserving,deletion,1,ATTACK,True,1,ATTACK,0.9995288848876952,0.811704859137535,50,0.1511960214079853,0.2719150901939996,0.25062814363887664,-0.12071906878601435,-0.09943212223089135,0.049733702474228515,0.024704791295160206,-0.16914045972452835,1.124208927154541,1.1481287937164306,-0.023919866561889602,9.2,9.2,trapezoid_from_zero_normalized_by_max_fraction
ton_iot_binary,42,rid_f836c721abe82ef8626b8d0828bf81a3,mlp,gradient_x_input,joint_donor,dependency_preserving,deletion,1,ATTACK,True,1,ATTACK,0.9982398748397828,0.8104158490896226,50,0.5939255674471713,0.34659016616999583,0.26547790526456444,0.2473354012771754,0.3284476621826068,0.05339876976800076,0.025760400740861004,0.19684501582508784,0.4865742623806,0.5382591298520565,-0.05168486747145651,9.2,9.2,trapezoid_from_zero_normalized_by_max_fraction
ton_iot_binary,42,rid_ea42348fe63f562614533c2a240887de,mlp,gradient_x_input,joint_donor,dependency_preserving,deletion,1,ATTACK,True,1,ATTACK,0.999978482723236,0.8121544569730758,50,0.4234625458717346,0.34819415588477953,0.2575840262621994,0.07526838998695509,0.16587851960953526,0.051052330961227146,0.024984195423793775,0.026299366956319292,1.0150537490844727,0.917317704975605,0.0977360441088676,9.2,9.2,trapezoid_from_zero_normalized_by_max_fraction
ton_iot_binary,42,rid_1bf21900e95747c105a7fd442abb6ec2,mlp,gradient_x_input,joint_donor,dependency_preserving,deletion,1,ATTACK,True,1,ATTACK,0.9999991059303284,0.8121750801801682,50,0.4605660672175872,0.4242172325880562,0.20915638770755768,0.036348834629531,0.25140967951002957,0.053347824558911794,0.02602031083974465,-0.014650974616368516,0.41153353452682495,0.2602684836089611,0.15126505091786385,9.2,9.2,trapezoid_from_zero_normalized_by_max_fraction
ton_iot_binary,42,rid_71adf7ccd4004e056d4214e84ac0076d,mlp,gradient_x_input,joint_donor,dependency_preserving,deletion,1,ATTACK,True,1,ATTACK,0.999999463558197,0.8121754378080368,50,0.6964027846319367,0.2906643098133206,0.24959712564144343,0.4057384748186162,0.44680565899049335,0.04723754626288692,0.024237815412455153,0.3582323566102041,1.2726653814315796,1.0876336867809298,0.18503169465064984,9.2,9.2,trapezoid_from_zero_normalized_by_max_fraction
ton_iot_binary,42,rid_14018286121dd46713a133f9bdfc93a8,mlp,gradient_x_input,joint_donor,dependency_preserving,deletion,0,BENIGN,True,0,BENIGN,0.9999993221695148,0.1878233479196751,50,0.000982371659608816,0.34784250235143765,0.2646230296950827,-0.34686013069182886,-0.26364065803547393,0.05548985551897945,0.027477627423445925,-0.40071628044178287,1.20743989944458,1.1079888694286348,0.09945103001594524,9.2,9.2,trapezoid_from_zero_normalized_by_max_fraction
ton_iot_binary,42,rid_8fdb1c9fcd903c2872e97a5c6111941b,mlp,gradient_x_input,joint_donor,dependency_preserving,insertion,0,BENIGN,True,0,BENIGN,0.9999999282200988,0.187823953970259,50,0.8413112842542991,0.5996830301631422,0.48830234075482737,0.2416282540911569,0.35300894349947176,0.056301447917586886,0.02648194446490369,0.18972364293994567,1.4680182933807373,1.5162534732818602,-0.048235179901122915,9.2,9.2,trapezoid_from_zero_normalized_by_max_fraction
ton_iot_binary,42,rid_474d36f88a6911413398421460dc623d,mlp,gradient_x_input,joint_donor,dependency_preserving,insertion,1,ATTACK,True,1,ATTACK,0.9998021125793456,0.8119780868291854,50,-0.4054178657248544,-0.5642539616832962,-0.5007623561019429,0.15883609595844184,0.09534449037708856,0.060014746955885434,0.028600338556958996,0.1027794323868022,0.40317845344543457,0.41414031691662967,-0.010961863471195099,9.2,9.2,trapezoid_from_zero_normalized_by_max_fraction
ton_iot_binary,42,rid_96cb1ffdfa676fe22cc2e8c7693863c1,mlp,gradient_x_input,joint_donor,dependency_preserving,insertion,0,BENIGN,True,0,BENIGN,0.999999991754982,0.1878240175051422,50,0.3063378800852661,0.27039572146424234,0.14470019234532022,0.03594215862102372,0.16163768773994586,0.05281036181544149,0.024714060727298627,-0.012497400404481586,0.4169221818447113,0.559612132847309,-0.14268995100259774,9.2,9.2,trapezoid_from_zero_normalized_by_max_fraction
ton_iot_binary,42,rid_b68c2581b0a71176c81c3e0638a60ef1,mlp,gradient_x_input,joint_donor,dependency_preserving,insertion,0,BENIGN,True,0,BENIGN,0.9995845762314276,0.1874086019815876,50,0.3983400920216809,0.5528999047579931,0.49994885948158874,-0.1545598127363122,-0.10160876745990784,0.058478803553724534,0.02733911682325953,-0.20814448170990088,0.3267422318458557,0.3985850064819679,-0.07184277463611216,9.2,9.2,trapezoid_from_zero_normalized_by_max_fraction
ton_iot_binary,42,rid_06c5b18595653bc93680b98572b085db,mlp,gradient_x_input,joint_donor,dependency_preserving,insertion,0,BENIGN,True,0,BENIGN,0.9999470911352546,0.1877711168854147,50,0.948350871761795,0.7664242102599459,0.565931275782538,0.18192666150184925,0.3824195959792572,0.040313484555202915,0.01861361845979527,0.1454439693206505,1.964315414428711,0.9422082311809064,1.0221071832478046,9.2,9.2,trapezoid_from_zero_normalized_by_max_fraction
ton_iot_binary,42,rid_c8f5ddfce5c296fae3fcfd14c8281db5,mlp,gradient_x_input,joint_donor,dependency_preserving,insertion,0,BENIGN,True,0,BENIGN,0.9999988437642742,0.1878228695144343,50,0.8501197938340056,0.6333470346780075,0.5739397387435083,0.21677275915599808,0.2761800550904972,0.0435832909931844,0.02067678318802971,0.17624626410745986,2.877703905105591,2.1209102408885956,0.7567936642169952,9.2,9.2,trapezoid_from_zero_normalized_by_max_fraction
ton_iot_binary,42,rid_b5f19856921bec80ab4d0ae802f70a22,mlp,gradient_x_input,joint_donor,dependency_preserving,insertion,0,BENIGN,True,0,BENIGN,0.9994899458251894,0.1873139715753496,50,0.9491847902527104,0.7834805228473232,0.6260025449291651,0.16570426740538743,0.3231822453235454,0.03766400631221484,0.019343985117576526,0.12779005657493744,2.1459007263183594,1.512771011352539,0.6331297149658204,9.2,9.2,trapezoid_from_zero_normalized_by_max_fraction
ton_iot_binary,42,rid_1c007e515f8c424983946ad431efb604,mlp,gradient_x_input,joint_donor,dependency_preserving,insertion,0,BENIGN,True,0,BENIGN,0.9994844333268702,0.1873084590770304,50,-0.38733217625456307,-0.4577109151731281,-0.5401857379338986,0.07037873891856505,0.15285356167933556,0.05702343215430218,0.02674779678250886,0.01795305722484769,0.34905362129211426,0.2674775759587064,0.08157604533340784,9.2,9.2,trapezoid_from_zero_normalized_by_max_fraction
ton_iot_binary,42,rid_24b36743723526135cc69620cd117e23,mlp,gradient_x_input,joint_donor,dependency_preserving,insertion,1,ATTACK,True,1,ATTACK,0.9996989965438844,0.8118749707937242,50,0.5425720134211587,0.5083417640433919,0.44485807504187663,0.03423024937776688,0.09771393837928206,0.057971987702891775,0.02733175107464114,-0.019339982728529756,0.4643130302429199,0.40764320750162,0.05666982274129995,9.2,9.2,trapezoid_from_zero_normalized_by_max_fraction
ton_iot_binary,42,rid_f1d5bbcbb32162a53afde2d268aadebb,mlp,gradient_x_input,joint_donor,dependency_preserving,insertion,1,ATTACK,True,1,ATTACK,0.9983906149864196,0.8105665892362593,50,0.022912420332431793,0.11346396154447616,0.039131625032476344,-0.09055154121204437,-0.01621920470004455,0.05399751088144691,0.02510629232765325,-0.13975987417424474,0.12150857597589493,0.21140526697039608,-0.08989669099450115,9.2,9.2,trapezoid_from_zero_normalized_by_max_fraction
ton_iot_binary,42,rid_e4cc9122aaeae4b1c64e125cbf1f4bae,mlp,gradient_x_input,joint_donor,dependency_preserving,insertion,1,ATTACK,True,1,ATTACK,0.9995288848876952,0.811704859137535,50,0.48846404492994966,0.542208629228752,0.547325611432883,-0.05374458429880235,-0.05886156650293339,0.05432632021119317,0.02627304822419682,-0.10523975881822811,1.124208927154541,1.1481287937164306,-0.023919866561889602,9.2,9.2,trapezoid_from_zero_normalized_by_max_fraction
ton_iot_binary,42,rid_f836c721abe82ef8626b8d0828bf81a3,mlp,gradient_x_input,joint_donor,dependency_preserving,insertion,1,ATTACK,True,1,ATTACK,0.9982398748397828,0.8104158490896226,50,0.7380454160531371,0.580933927435989,0.5382405705190458,0.15711148861714808,0.19980484553409122,0.051111302215444035,0.024797511865226708,0.10850836536130373,0.4865742623806,0.5382591298520565,-0.05168486747145651,9.2,9.2,trapezoid_from_zero_normalized_by_max_fraction
ton_iot_binary,42,rid_ea42348fe63f562614533c2a240887de,mlp,gradient_x_input,joint_donor,dependency_preserving,insertion,1,ATTACK,True,1,ATTACK,0.999978482723236,0.8121544569730758,50,0.6576676519068314,0.6188111852960162,0.564186944005646,0.038856466610815266,0.09348070790118551,0.05036896915601197,0.024391285584645622,-0.008950453135090151,1.0150537490844727,0.917317704975605,0.0977360441088676,9.2,9.2,trapezoid_from_zero_normalized_by_max_fraction
ton_iot_binary,42,rid_1bf21900e95747c105a7fd442abb6ec2,mlp,gradient_x_input,joint_donor,dependency_preserving,insertion,1,ATTACK,True,1,ATTACK,0.9999991059303284,0.8121750801801682,50,-0.3304637663066387,-0.349499619739131,-0.41596856086684614,0.019035853432492263,0.08550479456020744,0.05289662124488488,0.02500003449839393,-0.029964214184359843,0.41153353452682495,0.2602684836089611,0.15126505091786385,9.2,9.2,trapezoid_from_zero_normalized_by_max_fraction
ton_iot_binary,42,rid_71adf7ccd4004e056d4214e84ac0076d,mlp,gradient_x_input,joint_donor,dependency_preserving,insertion,1,ATTACK,True,1,ATTACK,0.999999463558197,0.8121754378080368,50,0.5379583679224169,0.6492821259149475,0.517388797191209,-0.11132375799253065,0.020569570731207895,0.052894790104836144,0.024962539689338877,-0.16025033578363485,1.2726653814315796,1.0876336867809298,0.18503169465064984,9.2,9.2,trapezoid_from_zero_normalized_by_max_fraction
ton_iot_binary,42,rid_14018286121dd46713a133f9bdfc93a8,mlp,gradient_x_input,joint_donor,dependency_preserving,insertion,0,BENIGN,True,0,BENIGN,0.9999993221695148,0.1878233479196751,50,-0.29604582104729404,-0.2702126594866884,-0.35470632055636997,-0.025833161560605694,0.05866049950907592,0.0497987113244264,0.02350606791579874,-0.07190505467557123,1.20743989944458,1.1079888694286348,0.09945103001594524,9.2,9.2,trapezoid_from_zero_normalized_by_max_fraction
ton_iot_binary,42,rid_8fdb1c9fcd903c2872e97a5c6111941b,mlp,gradient_x_input,target_class_donor,dependency_preserving_conditional_on_class,deletion,0,BENIGN,True,0,BENIGN,0.9999999282200988,0.187823953970259,50,0.048567059611786825,0.20014469914670824,0.11808045967481323,-0.15157763953492143,-0.0695134000630264,0.0489203922963429,0.02339700673360071,-0.19743577273277882,0.9803429841995239,1.068766875743866,-0.08842389154434205,9.2,9.2,trapezoid_from_zero_normalized_by_max_fraction
ton_iot_binary,42,rid_474d36f88a6911413398421460dc623d,mlp,gradient_x_input,target_class_donor,dependency_preserving_conditional_on_class,deletion,1,ATTACK,True,1,ATTACK,0.9998021125793456,0.8119780868291854,50,0.21245000063208863,0.37891250884683353,0.3635872561311212,-0.1664625082147449,-0.15113725549903262,0.052244002272810036,0.025457599555263558,-0.21635940334306147,1.0471290349960327,0.5216730261594057,0.525456008836627,9.2,9.2,trapezoid_from_zero_normalized_by_max_fraction
ton_iot_binary,42,rid_96cb1ffdfa676fe22cc2e8c7693863c1,mlp,gradient_x_input,target_class_donor,dependency_preserving_conditional_on_class,deletion,0,BENIGN,True,0,BENIGN,0.999999991754982,0.1878240175051422,50,1.9690503530611635e-05,0.16258173531263453,0.13875659486791847,-0.1625620448091039,-0.13873690436438785,0.04320089013195612,0.021912098983310563,-0.2055097588163926,0.23038025200366974,0.399348725290969,-0.16896847328729925,9.2,9.2,trapezoid_from_zero_normalized_by_max_fraction
ton_iot_binary,42,rid_b68c2581b0a71176c81c3e0638a60ef1,mlp,gradient_x_input,target_class_donor,dependency_preserving_conditional_on_class,deletion,0,BENIGN,True,0,BENIGN,0.9995845762314276,0.1874086019815876,50,0.34290257720112294,0.2786716656315134,0.27381644593997156,0.06423091156960953,0.06908613126115137,0.051129038058744726,0.025575895488911943,0.014102156411342118,0.0,0.01458989568054676,-0.01458989568054676,9.2,9.2,trapezoid_from_zero_normalized_by_max_fraction
ton_iot_binary,42,rid_06c5b18595653bc93680b98572b085db,mlp,gradient_x_input,target_class_donor,dependency_preserving_conditional_on_class,deletion,0,BENIGN,True,0,BENIGN,0.9999470911352546,0.1877711168854147,50,0.04276134966240921,0.19806135976153194,0.11728097161539641,-0.15530001009912275,-0.07451962195298721,0.04496876562990223,0.021892064541581116,-0.19820845660062175,2.4584624767303467,1.798436969280243,0.6600255074501036,9.2,9.2,trapezoid_from_zero_normalized_by_max_fraction
ton_iot_binary,42,rid_c8f5ddfce5c296fae3fcfd14c8281db5,mlp,gradient_x_input,target_class_donor,dependency_preserving_conditional_on_class,deletion,0,BENIGN,True,0,BENIGN,0.9999988437642742,0.1878228695144343,50,0.25190399235888844,0.06595832064099674,0.040141566078067036,0.1859456717178917,0.21176242628082143,0.01934998650732255,0.011738417013354884,0.16293837437171613,2.789057731628418,1.5908026518821716,1.1982550797462463,9.2,9.2,trapezoid_from_zero_normalized_by_max_fraction
ton_iot_binary,42,rid_b5f19856921bec80ab4d0ae802f70a22,mlp,gradient_x_input,target_class_donor,dependency_preserving_conditional_on_class,deletion,0,BENIGN,True,0,BENIGN,0.9994899458251894,0.1873139715753496,50,0.143407300304983,0.21074439387646188,0.15400553342844886,-0.06733709357147886,-0.01059823312346582,0.04594709794623149,0.022056389686083762,-0.11056761735620305,2.1331241130828857,1.3246983444690705,0.8084257686138152,9.2,9.2,trapezoid_from_zero_normalized_by_max_fraction
ton_iot_binary,42,rid_1c007e515f8c424983946ad431efb604,mlp,gradient_x_input,target_class_donor,dependency_preserving_conditional_on_class,deletion,0,BENIGN,True,0,BENIGN,0.9994844333268702,0.1873084590770304,50,0.26123318553509306,0.245485967040233,0.36569464008951524,0.01574721849486005,-0.10446145455442216,0.04616749959800441,0.023196486890879695,-0.029717895811264154,0.6615754961967468,0.6430678372289985,0.01850765896774831,9.2,9.2,trapezoid_from_zero_normalized_by_max_fraction
ton_iot_binary,42,rid_24b36743723526135cc69620cd117e23,mlp,gradient_x_input,target_class_donor,dependency_preserving_conditional_on_class,deletion,1,ATTACK,True,1,ATTACK,0.9996989965438844,0.8118749707937242,50,0.19891329444944855,0.32531182130751324,0.2646432520752076,-0.12639852685806469,-0.06572995762575903,0.05239716912718934,0.02611701750004125,-0.17758788115814553,0.0,0.03132015696167946,-0.03132015696167946,9.2,9.2,trapezoid_from_zero_normalized_by_max_fraction
ton_iot_binary,42,rid_f1d5bbcbb32162a53afde2d268aadebb,mlp,gradient_x_input,target_class_donor,dependency_preserving_conditional_on_class,deletion,1,ATTACK,True,1,ATTACK,0.9983906149864196,0.8105665892362593,50,0.3189006250046077,0.17736652642530804,0.17254248803334632,0.1415340985792997,0.14635813697126138,0.042991302376149676,0.02167735927137418,0.0990464744074063,1.1869274377822876,1.3453130288124084,-0.15838559103012084,9.2,9.2,trapezoid_from_zero_normalized_by_max_fraction
ton_iot_binary,42,rid_e4cc9122aaeae4b1c64e125cbf1f4bae,mlp,gradient_x_input,target_class_donor,dependency_preserving_conditional_on_class,deletion,1,ATTACK,True,1,ATTACK,0.9995288848876952,0.811704859137535,50,0.28921356645523133,0.19063083862310304,0.20376190064514865,0.09858272783212826,0.08545166581008265,0.04603400253061493,0.022042825022602696,0.05537879078782698,1.4331892728805542,1.3876756391525267,0.045513633728027525,9.2,9.2,trapezoid_from_zero_normalized_by_max_fraction
ton_iot_binary,42,rid_f836c721abe82ef8626b8d0828bf81a3,mlp,gradient_x_input,target_class_donor,dependency_preserving_conditional_on_class,deletion,1,ATTACK,True,1,ATTACK,0.9982398748397828,0.8104158490896226,50,0.2485549658536911,0.25989420595686535,0.24987931731482965,-0.011339240103174227,-0.00132435146113858,0.04431182912868342,0.02239822776493687,-0.055239766522450495,0.6717341542243958,0.5509779436886311,0.12075621053576469,9.2,9.2,trapezoid_from_zero_normalized_by_max_fraction
ton_iot_binary,42,rid_ea42348fe63f562614533c2a240887de,mlp,gradient_x_input,target_class_donor,dependency_preserving_conditional_on_class,deletion,1,ATTACK,True,1,ATTACK,0.999978482723236,0.8121544569730758,50,0.3038592398166656,0.17552670693519756,0.19642025525553616,0.12833253288146806,0.10743898456112948,0.0375297275257064,0.018605052983766707,0.09186662903328532,1.3627986907958984,1.2530703479051593,0.10972834289073918,9.2,9.2,trapezoid_from_zero_normalized_by_max_fraction
ton_iot_binary,42,rid_1bf21900e95747c105a7fd442abb6ec2,mlp,gradient_x_input,target_class_donor,dependency_preserving_conditional_on_class,deletion,1,ATTACK,True,1,ATTACK,0.9999991059303284,0.8121750801801682,50,0.08770938515663147,0.16297061889319106,0.20507158543556286,-0.07526123373655959,-0.11736220027893136,0.04301055156870713,0.020490975398373905,-0.11542354551737244,1.2771952152252197,1.0618012610673904,0.21539395415782936,9.2,9.2,trapezoid_from_zero_normalized_by_max_fraction
ton_iot_binary,42,rid_71adf7ccd4004e056d4214e84ac0076d,mlp,gradient_x_input,target_class_donor,dependency_preserving_conditional_on_class,deletion,1,ATTACK,True,1,ATTACK,0.999999463558197,0.8121754378080368,50,0.19961939821951089,0.25503773777797323,0.19218812183669431,-0.05541833955846234,0.007431276382816571,0.0492160375676428,0.02608625380992669,-0.10654739702591864,0.21745045483112335,0.20286832427978516,0.014582130551338196,9.2,9.2,trapezoid_from_zero_normalized_by_max_fraction
ton_iot_binary,42,rid_14018286121dd46713a133f9bdfc93a8,mlp,gradient_x_input,target_class_donor,dependency_preserving_conditional_on_class,deletion,0,BENIGN,True,0,BENIGN,0.9999993221695148,0.1878233479196751,50,0.0427633665913504,0.1838250920835871,0.20240648903115177,-0.14106172549223667,-0.15964312243980133,0.04377596106581643,0.022342008787431093,-0.18485206271560162,0.3860071301460266,0.3492689414834603,0.036738188662566285,9.2,9.2,trapezoid_from_zero_normalized_by_max_fraction
ton_iot_binary,42,rid_8fdb1c9fcd903c2872e97a5c6111941b,mlp,gradient_x_input,target_class_donor,dependency_preserving_conditional_on_class,insertion,0,BENIGN,True,0,BENIGN,0.9999999282200988,0.187823953970259,50,-0.05879089530013601,-0.12964559145886145,-0.11160888535869136,0.07085469615872542,0.052817990058555336,0.03837684444578894,0.01925721508402844,0.03311055459402967,0.9803429841995239,1.068766875743866,-0.08842389154434205,9.2,9.2,trapezoid_from_zero_normalized_by_max_fraction
ton_iot_binary,42,rid_474d36f88a6911413398421460dc623d,mlp,gradient_x_input,target_class_donor,dependency_preserving_conditional_on_class,insertion,1,ATTACK,True,1,ATTACK,0.9998021125793456,0.8119780868291854,50,-0.3837004350476945,-0.4182977081909003,-0.305783583052317,0.034597273143205716,-0.07791685199537757,0.057402344779639944,0.027737236452654575,-0.019767710303997252,1.0471290349960327,0.5216730261594057,0.525456008836627,9.2,9.2,trapezoid_from_zero_normalized_by_max_fraction
ton_iot_binary,42,rid_96cb1ffdfa676fe22cc2e8c7693863c1,mlp,gradient_x_input,target_class_donor,dependency_preserving_conditional_on_class,insertion,0,BENIGN,True,0,BENIGN,0.999999991754982,0.1878240175051422,50,-0.1997186822711732,-0.1523527923508397,-0.14474334310029263,-0.047365889920333505,-0.054975339170880586,0.04034691022327008,0.02161416724686301,-0.08972965772418501,0.23038025200366974,0.399348725290969,-0.16896847328729925,9.2,9.2,trapezoid_from_zero_normalized_by_max_fraction
ton_iot_binary,42,rid_b68c2581b0a71176c81c3e0638a60ef1,mlp,gradient_x_input,target_class_donor,dependency_preserving_conditional_on_class,insertion,0,BENIGN,True,0,BENIGN,0.9995845762314276,0.1874086019815876,50,-0.050009961278260566,-0.28109245462547694,-0.15252831675294665,0.23108249334721637,0.1025183554746861,0.05012418574212669,0.025463102768394526,0.18117481192116308,0.0,0.01458989568054676,-0.01458989568054676,9.2,9.2,trapezoid_from_zero_normalized_by_max_fraction
ton_iot_binary,42,rid_06c5b18595653bc93680b98572b085db,mlp,gradient_x_input,target_class_donor,dependency_preserving_conditional_on_class,insertion,0,BENIGN,True,0,BENIGN,0.9999470911352546,0.1877711168854147,50,-0.0004078674636776469,-0.07055014320035984,-0.15227987180563163,0.07014227573668219,0.15187200434195397,0.018400531114493607,0.010731052902572875,0.049109412047639356,2.4584624767303467,1.798436969280243,0.6600255074501036,9.2,9.2,trapezoid_from_zero_normalized_by_max_fraction
ton_iot_binary,42,rid_c8f5ddfce5c296fae3fcfd14c8281db5,mlp,gradient_x_input,target_class_donor,dependency_preserving_conditional_on_class,insertion,0,BENIGN,True,0,BENIGN,0.9999988437642742,0.1878228695144343,50,-0.00013264466284724775,-0.11510266370422607,-0.10064062720497388,0.11497001904137884,0.10050798254212664,0.031094605929252242,0.015648120203218742,0.08429970344307011,2.789057731628418,1.5908026518821716,1.1982550797462463,9.2,9.2,trapezoid_from_zero_normalized_by_max_fraction
ton_iot_binary,42,rid_b5f19856921bec80ab4d0ae802f70a22,mlp,gradient_x_input,target_class_donor,dependency_preserving_conditional_on_class,insertion,0,BENIGN,True,0,BENIGN,0.9994899458251894,0.1873139715753496,50,-0.000968536989330815,-0.17527506560648948,-0.13947310299516796,0.17430652861715867,0.13850456600583716,0.03949226750152411,0.02130036442028604,0.13255781435339803,2.1331241130828857,1.3246983444690705,0.8084257686138152,9.2,9.2,trapezoid_from_zero_normalized_by_max_fraction
ton_iot_binary,42,rid_1c007e515f8c424983946ad431efb604,mlp,gradient_x_input,target_class_donor,dependency_preserving_conditional_on_class,insertion,0,BENIGN,True,0,BENIGN,0.9994844333268702,0.1873084590770304,50,-0.5486987910611585,-0.2247273864872501,-0.2144855807209914,-0.32397140457390833,-0.33421321034016704,0.04332087644132264,0.02243149060601828,-0.36793712616170415,0.6615754961967468,0.6430678372289985,0.01850765896774831,9.2,9.2,trapezoid_from_zero_normalized_by_max_fraction
ton_iot_binary,42,rid_24b36743723526135cc69620cd117e23,mlp,gradient_x_input,target_class_donor,dependency_preserving_conditional_on_class,insertion,1,ATTACK,True,1,ATTACK,0.9996989965438844,0.8118749707937242,50,-0.44899383438751095,-0.31404907511829505,-0.27172313248874297,-0.13494475926921598,-0.17727070189876803,0.052275729798160975,0.02529628268194656,-0.18452547332583125,0.0,0.03132015696167946,-0.03132015696167946,9.2,9.2,trapezoid_from_zero_normalized_by_max_fraction
ton_iot_binary,42,rid_f1d5bbcbb32162a53afde2d268aadebb,mlp,gradient_x_input,target_class_donor,dependency_preserving_conditional_on_class,insertion,1,ATTACK,True,1,ATTACK,0.9983906149864196,0.8105665892362593,50,-0.3179121016393765,-0.28482108777974463,-0.2078600694318593,-0.03309101385963184,-0.11005203220751718,0.049358717186807184,0.024387413828345528,-0.08089034496318907,1.1869274377822876,1.3453130288124084,-0.15838559103012084,9.2,9.2,trapezoid_from_zero_normalized_by_max_fraction
ton_iot_binary,42,rid_e4cc9122aaeae4b1c64e125cbf1f4bae,mlp,gradient_x_input,target_class_donor,dependency_preserving_conditional_on_class,insertion,1,ATTACK,True,1,ATTACK,0.9995288848876952,0.811704859137535,50,-0.1426191121339798,-0.3158760179273786,-0.2135083061933652,0.17325690579339884,0.0708891940593854,0.05235373704562551,0.025176141191801643,0.12391166905746762,1.4331892728805542,1.3876756391525267,0.045513633728027525,9.2,9.2,trapezoid_from_zero_normalized_by_max_fraction
ton_iot_binary,42,rid_f836c721abe82ef8626b8d0828bf81a3,mlp,gradient_x_input,target_class_donor,dependency_preserving_conditional_on_class,insertion,1,ATTACK,True,1,ATTACK,0.9982398748397828,0.8104158490896226,50,-0.07679683417081831,-0.14453483447009785,-0.1050129194316287,0.06773800029927954,0.028216085260810403,0.04841043836688043,0.023980431872213825,0.020736353829740442,0.6717341542243958,0.5509779436886311,0.12075621053576469,9.2,9.2,trapezoid_from_zero_normalized_by_max_fraction
ton_iot_binary,42,rid_ea42348fe63f562614533c2a240887de,mlp,gradient_x_input,target_class_donor,dependency_preserving_conditional_on_class,insertion,1,ATTACK,True,1,ATTACK,0.999978482723236,0.8121544569730758,50,-0.07399619817733766,-0.26735392353525095,-0.24701866046788928,0.1933577253579133,0.17302246229055163,0.050378755311017855,0.024819299427223523,0.14471189848055518,1.3627986907958984,1.2530703479051593,0.10972834289073918,9.2,9.2,trapezoid_from_zero_normalized_by_max_fraction
ton_iot_binary,42,rid_1bf21900e95747c105a7fd442abb6ec2,mlp,gradient_x_input,target_class_donor,dependency_preserving_conditional_on_class,insertion,1,ATTACK,True,1,ATTACK,0.9999991059303284,0.8121750801801682,50,-0.14157015085220337,-0.23032511074215947,-0.2633761411433408,0.0887549598899561,0.12180599029113745,0.04888551763138492,0.02386887701199503,0.04197196094644585,1.2771952152252197,1.0618012610673904,0.21539395415782936,9.2,9.2,trapezoid_from_zero_normalized_by_max_fraction
ton_iot_binary,42,rid_71adf7ccd4004e056d4214e84ac0076d,mlp,gradient_x_input,target_class_donor,dependency_preserving_conditional_on_class,insertion,1,ATTACK,True,1,ATTACK,0.999999463558197,0.8121754378080368,50,-0.0009629368782043458,-0.22655782297463883,-0.2124322462327109,0.2255948860964345,0.21146930935450656,0.042458259656195305,0.019710024049241253,0.18696323895992165,0.21745045483112335,0.20286832427978516,0.014582130551338196,9.2,9.2,trapezoid_from_zero_normalized_by_max_fraction
ton_iot_binary,42,rid_14018286121dd46713a133f9bdfc93a8,mlp,gradient_x_input,target_class_donor,dependency_preserving_conditional_on_class,insertion,0,BENIGN,True,0,BENIGN,0.9999993221695148,0.1878233479196751,50,-0.18880894216938485,-0.1540653225716046,-0.16139937725006837,-0.034743619597780204,-0.027409564919316495,0.04070507093707327,0.020557136298003632,-0.07503560674186732,0.3860071301460266,0.3492689414834603,0.036738188662566285,9.2,9.2,trapezoid_from_zero_normalized_by_max_fraction
ton_iot_binary,42,rid_8fdb1c9fcd903c2872e97a5c6111941b,mlp,gradient_x_input,conditional_gaussian_mean,conditional_on_retained_coordinates,deletion,0,BENIGN,True,0,BENIGN,0.9999999282200988,0.187823953970259,50,0.23798399305037882,0.2108420597334683,0.13669037354243424,0.027141933316910533,0.10129361950794458,0.045930191394121925,0.022168373382739314,-0.016308078513258523,0.16381272673606873,0.22158502489328386,-0.05777229815721513,9.2,9.2,trapezoid_from_zero_normalized_by_max_fraction
ton_iot_binary,42,rid_474d36f88a6911413398421460dc623d,mlp,gradient_x_input,conditional_gaussian_mean,conditional_on_retained_coordinates,deletion,1,ATTACK,True,1,ATTACK,0.9998021125793456,0.8119780868291854,50,0.42128648459911344,0.2825412996229716,0.032586732506752016,0.13874518497614188,0.3886997520923614,0.02849872580554012,0.016458629398775702,0.1064862713545415,0.8502433896064758,0.7891908673644066,0.06105252224206925,9.2,9.2,trapezoid_from_zero_normalized_by_max_fraction
ton_iot_binary,42,rid_96cb1ffdfa676fe22cc2e8c7693863c1,mlp,gradient_x_input,conditional_gaussian_mean,conditional_on_retained_coordinates,deletion,0,BENIGN,True,0,BENIGN,0.999999991754982,0.1878240175051422,50,0.4251942034714207,0.075401468156975,0.030975059105428703,0.34979273531444566,0.3942191443659919,0.0158820877079346,0.00784274984135572,0.33442094562538843,0.17496302723884583,0.254998462498188,-0.0800354352593422,9.2,9.2,trapezoid_from_zero_normalized_by_max_fraction
ton_iot_binary,42,rid_b68c2581b0a71176c81c3e0638a60ef1,mlp,gradient_x_input,conditional_gaussian_mean,conditional_on_retained_coordinates,deletion,0,BENIGN,True,0,BENIGN,0.9995845762314276,0.1874086019815876,50,0.556635336781619,0.2893958741305886,0.1249282549268537,0.2672394626510305,0.4317070818547655,0.03327752114415283,0.015903704112203623,0.2360682025911114,0.1711830347776413,0.37803619661927224,-0.20685316184163094,9.2,9.2,trapezoid_from_zero_normalized_by_max_fraction
ton_iot_binary,42,rid_06c5b18595653bc93680b98572b085db,mlp,gradient_x_input,conditional_gaussian_mean,conditional_on_retained_coordinates,deletion,0,BENIGN,True,0,BENIGN,0.9999470911352546,0.1877711168854147,50,0.23853356335912396,0.2392379422866175,0.020867256694740717,-0.0007043789274935007,0.21766630666438325,0.022291880252382254,0.012245960369327343,-0.024706461251375093,2.4745852947235107,1.914925746202469,0.5596595485210418,9.2,9.2,trapezoid_from_zero_normalized_by_max_fraction
ton_iot_binary,42,rid_c8f5ddfce5c296fae3fcfd14c8281db5,mlp,gradient_x_input,conditional_gaussian_mean,conditional_on_retained_coordinates,deletion,0,BENIGN,True,0,BENIGN,0.9999988437642742,0.1878228695144343,50,7.078140129834765e-06,0.0007826989618153784,2.9139717637995946e-06,-0.0007756208216855437,4.164168366035171e-06,0.0006367740554977561,0.0006361041391715954,-0.0020223849344618706,2.6889166831970215,1.4956540427207945,1.193262640476227,9.2,9.2,trapezoid_from_zero_normalized_by_max_fraction
ton_iot_binary,42,rid_b5f19856921bec80ab4d0ae802f70a22,mlp,gradient_x_input,conditional_gaussian_mean,conditional_on_retained_coordinates,deletion,0,BENIGN,True,0,BENIGN,0.9994899458251894,0.1873139715753496,50,0.18737166498613078,0.17049943371184054,0.08351514426278372,0.016872231274290245,0.10385652072334706,0.024090537608990083,0.0122611655944364,-0.007159653290805101,2.165937662124634,1.3322101333141327,0.833727528810501,9.2,9.2,trapezoid_from_zero_normalized_by_max_fraction
ton_iot_binary,42,rid_1c007e515f8c424983946ad431efb604,mlp,gradient_x_input,conditional_gaussian_mean,conditional_on_retained_coordinates,deletion,0,BENIGN,True,0,BENIGN,0.9994844333268702,0.1873084590770304,50,0.20953178500058128,0.1723710411994935,0.06734266143840886,0.03716074380108777,0.14218912356217242,0.0235471185339796,0.01351493224428621,0.0106714766022868,0.3258640468120575,0.3836285994052887,-0.05776455259323121,9.2,9.2,trapezoid_from_zero_normalized_by_max_fraction
ton_iot_binary,42,rid_24b36743723526135cc69620cd117e23,mlp,gradient_x_input,conditional_gaussian_mean,conditional_on_retained_coordinates,deletion,1,ATTACK,True,1,ATTACK,0.9996989965438844,0.8118749707937242,50,0.39704228639602657,0.4310819712951779,0.2671892850638833,-0.034039684899151317,0.1298530013321433,0.029224448182839168,0.01367679220500727,-0.06084619762096556,0.5624528527259827,0.44310770176351066,0.119345150962472,9.2,9.2,trapezoid_from_zero_normalized_by_max_fraction
ton_iot_binary,42,rid_f1d5bbcbb32162a53afde2d268aadebb,mlp,gradient_x_input,conditional_gaussian_mean,conditional_on_retained_coordinates,deletion,1,ATTACK,True,1,ATTACK,0.9983906149864196,0.8105665892362593,50,0.8558292564121075,0.6447007140343121,0.25615915153571406,0.2111285423777954,0.5996701048763934,0.04451693525656296,0.02047106178267361,0.17100526128375515,1.1291444301605225,1.204526709794998,-0.07538227963447564,9.2,9.2,trapezoid_from_zero_normalized_by_max_fraction
ton_iot_binary,42,rid_e4cc9122aaeae4b1c64e125cbf1f4bae,mlp,gradient_x_input,conditional_gaussian_mean,conditional_on_retained_coordinates,deletion,1,ATTACK,True,1,ATTACK,0.9995288848876952,0.811704859137535,50,0.8335969318048229,0.3693893478364043,0.22644598020191187,0.46420758396841844,0.607150951602911,0.046188816713666675,0.02329072645574523,0.4185577601151578,1.1465038061141968,1.0359080171585082,0.11059578895568856,9.2,9.2,trapezoid_from_zero_normalized_by_max_fraction
ton_iot_binary,42,rid_f836c721abe82ef8626b8d0828bf81a3,mlp,gradient_x_input,conditional_gaussian_mean,conditional_on_retained_coordinates,deletion,1,ATTACK,True,1,ATTACK,0.9982398748397828,0.8104158490896226,50,0.6691462265327572,0.4109954950188639,0.22311276364483637,0.25815073151389334,0.4460334628879209,0.03931178349922957,0.020957189253924313,0.21707464057620168,0.35424700379371643,0.36545476526021964,-0.011207761466503208,9.2,9.2,trapezoid_from_zero_normalized_by_max_fraction
ton_iot_binary,42,rid_ea42348fe63f562614533c2a240887de,mlp,gradient_x_input,conditional_gaussian_mean,conditional_on_retained_coordinates,deletion,1,ATTACK,True,1,ATTACK,0.999978482723236,0.8121544569730758,50,0.904240260476945,0.5471945263741491,0.24370003006783372,0.3570457341027959,0.6605402304091113,0.04262434938023426,0.0214563222932083,0.3149913424081076,0.9926856756210327,0.8336377175450327,0.15904795807600003,9.2,9.2,trapezoid_from_zero_normalized_by_max_fraction
ton_iot_binary,42,rid_1bf21900e95747c105a7fd442abb6ec2,mlp,gradient_x_input,conditional_gaussian_mean,conditional_on_retained_coordinates,deletion,1,ATTACK,True,1,ATTACK,0.9999991059303284,0.8121750801801682,50,0.6623294308781624,0.37609660820584806,0.12297495034517489,0.28623282267231437,0.5393544805329875,0.040917435742942015,0.023031881725001885,0.24109033449131068,1.5298359394073486,1.3017917732000353,0.22804416620731338,9.2,9.2,trapezoid_from_zero_normalized_by_max_fraction
ton_iot_binary,42,rid_71adf7ccd4004e056d4214e84ac0076d,mlp,gradient_x_input,conditional_gaussian_mean,conditional_on_retained_coordinates,deletion,1,ATTACK,True,1,ATTACK,0.999999463558197,0.8121754378080368,50,0.9415756883099675,0.544860423448612,0.20983604371394904,0.39671526486135555,0.7317396445960185,0.037667071089377266,0.017838344788589845,0.3617521090757195,1.234107255935669,1.0960464500188827,0.13806080591678627,9.2,9.2,trapezoid_from_zero_normalized_by_max_fraction
ton_iot_binary,42,rid_14018286121dd46713a133f9bdfc93a8,mlp,gradient_x_input,conditional_gaussian_mean,conditional_on_retained_coordinates,deletion,0,BENIGN,True,0,BENIGN,0.9999993221695148,0.1878233479196751,50,0.006978621641827416,0.2514801919683533,0.21141722805024502,-0.24450157032652592,-0.2044386064084176,0.04934407021277146,0.024562628341630265,-0.2926443218761212,0.25080305337905884,0.3501509653627873,-0.09934791198372844,9.2,9.2,trapezoid_from_zero_normalized_by_max_fraction
ton_iot_binary,42,rid_8fdb1c9fcd903c2872e97a5c6111941b,mlp,gradient_x_input,conditional_gaussian_mean,conditional_on_retained_coordinates,insertion,0,BENIGN,True,0,BENIGN,0.9999999282200988,0.187823953970259,50,0.0903387912331306,-0.09472346691443023,-0.10237998696049606,0.18506225814756083,0.19271877819362665,0.042101612508011435,0.02106935403716978,0.14376632423470806,0.16381272673606873,0.22158502489328386,-0.05777229815721513,9.2,9.2,trapezoid_from_zero_normalized_by_max_fraction
ton_iot_binary,42,rid_474d36f88a6911413398421460dc623d,mlp,gradient_x_input,conditional_gaussian_mean,conditional_on_retained_coordinates,insertion,1,ATTACK,True,1,ATTACK,0.9998021125793456,0.8119780868291854,50,0.8593819223344326,0.7421097566481278,0.4568859481945428,0.1172721656863048,0.4024959741398898,0.02213866417627173,0.013054391246057808,0.0916855588440315,0.8502433896064758,0.7891908673644066,0.06105252224206925,9.2,9.2,trapezoid_from_zero_normalized_by_max_fraction
ton_iot_binary,42,rid_96cb1ffdfa676fe22cc2e8c7693863c1,mlp,gradient_x_input,conditional_gaussian_mean,conditional_on_retained_coordinates,insertion,0,BENIGN,True,0,BENIGN,0.999999991754982,0.1878240175051422,50,0.09033895546555651,0.037919714272799616,-0.05568166838353229,0.05241924119275691,0.14602062384908882,0.01277773578265118,0.005958493174036629,0.04074059457164512,0.17496302723884583,0.254998462498188,-0.0800354352593422,9.2,9.2,trapezoid_from_zero_normalized_by_max_fraction
ton_iot_binary,42,rid_b68c2581b0a71176c81c3e0638a60ef1,mlp,gradient_x_input,conditional_gaussian_mean,conditional_on_retained_coordinates,insertion,0,BENIGN,True,0,BENIGN,0.9995845762314276,0.1874086019815876,50,0.0900815650940883,-0.11849091616875909,-0.18989751800080207,0.20857248126284741,0.27997908309489034,0.029419304074126428,0.0141502286167369,0.1808380331740431,0.1711830347776413,0.37803619661927224,-0.20685316184163094,9.2,9.2,trapezoid_from_zero_normalized_by_max_fraction
ton_iot_binary,42,rid_06c5b18595653bc93680b98572b085db,mlp,gradient_x_input,conditional_gaussian_mean,conditional_on_retained_coordinates,insertion,0,BENIGN,True,0,BENIGN,0.9999470911352546,0.1877711168854147,50,0.09027857746732479,0.07137274627974874,-0.02789378033692128,0.018905831187576043,0.11817235780424609,0.004954465280577344,0.003109529228461992,0.01281115389979054,2.4745852947235107,1.914925746202469,0.5596595485210418,9.2,9.2,trapezoid_from_zero_normalized_by_max_fraction
ton_iot_binary,42,rid_c8f5ddfce5c296fae3fcfd14c8281db5,mlp,gradient_x_input,conditional_gaussian_mean,conditional_on_retained_coordinates,insertion,0,BENIGN,True,0,BENIGN,0.9999988437642742,0.1878228695144343,50,0.09033543180454656,0.021174720640874695,-0.004251643413508189,0.06916071116367187,0.09458707521805476,0.01673157658959415,0.009997172653885854,0.04956625276205559,2.6889166831970215,1.4956540427207945,1.193262640476227,9.2,9.2,trapezoid_from_zero_normalized_by_max_fraction
ton_iot_binary,42,rid_b5f19856921bec80ab4d0ae802f70a22,mlp,gradient_x_input,conditional_gaussian_mean,conditional_on_retained_coordinates,insertion,0,BENIGN,True,0,BENIGN,0.9994899458251894,0.1873139715753496,50,0.089962453267799,-0.005762232959295944,-0.055137475422780094,0.09572468622709494,0.14509992869057908,0.018483839164032557,0.009581311766912808,0.07694531516394584,2.165937662124634,1.3322101333141327,0.833727528810501,9.2,9.2,trapezoid_from_zero_normalized_by_max_fraction
ton_iot_binary,42,rid_1c007e515f8c424983946ad431efb604,mlp,gradient_x_input,conditional_gaussian_mean,conditional_on_retained_coordinates,insertion,0,BENIGN,True,0,BENIGN,0.9994844333268702,0.1873084590770304,50,0.08866179050898851,-0.06973329009541707,-0.15773996969537296,0.15839508060440557,0.24640176020436147,0.025422813751513947,0.013151666983908883,0.13261781331594416,0.3258640468120575,0.3836285994052887,-0.05776455259323121,9.2,9.2,trapezoid_from_zero_normalized_by_max_fraction
ton_iot_binary,42,rid_24b36743723526135cc69620cd117e23,mlp,gradient_x_input,conditional_gaussian_mean,conditional_on_retained_coordinates,insertion,1,ATTACK,True,1,ATTACK,0.9996989965438844,0.8118749707937242,50,0.01656940892280545,0.3017294043488491,0.1816953265663462,-0.28515999542604364,-0.16512591764354076,0.03611083354822358,0.018457133263349895,-0.3213359766222094,0.5624528527259827,0.44310770176351066,0.119345150962472,9.2,9.2,trapezoid_from_zero_normalized_by_max_fraction
ton_iot_binary,42,rid_f1d5bbcbb32162a53afde2d268aadebb,mlp,gradient_x_input,conditional_gaussian_mean,conditional_on_retained_coordinates,insertion,1,ATTACK,True,1,ATTACK,0.9983906149864196,0.8105665892362593,50,0.7838921122252942,0.533980918980973,0.18508181131983292,0.24991119324432112,0.5988103009054612,0.039066949168437934,0.018572123497161204,0.21350983118988515,1.1291444301605225,1.204526709794998,-0.07538227963447564,9.2,9.2,trapezoid_from_zero_normalized_by_max_fraction
ton_iot_binary,42,rid_e4cc9122aaeae4b1c64e125cbf1f4bae,mlp,gradient_x_input,conditional_gaussian_mean,conditional_on_retained_coordinates,insertion,1,ATTACK,True,1,ATTACK,0.9995288848876952,0.811704859137535,50,0.7824030987918378,0.36954168001848986,0.2371461858807088,0.4128614187733478,0.5452569129111289,0.04237289476788462,0.02370964963775403,0.3663905054833499,1.1465038061141968,1.0359080171585082,0.11059578895568856,9.2,9.2,trapezoid_from_zero_normalized_by_max_fraction
ton_iot_binary,42,rid_f836c721abe82ef8626b8d0828bf81a3,mlp,gradient_x_input,conditional_gaussian_mean,conditional_on_retained_coordinates,insertion,1,ATTACK,True,1,ATTACK,0.9982398748397828,0.8104158490896226,50,0.844131588190794,0.5314316324123851,0.3465843954782881,0.3126999557784088,0.4975471927125058,0.04222477815761455,0.02271935582157106,0.26817001836812954,0.35424700379371643,0.36545476526021964,-0.011207761466503208,9.2,9.2,trapezoid_from_zero_normalized_by_max_fraction
ton_iot_binary,42,rid_ea42348fe63f562614533c2a240887de,mlp,gradient_x_input,conditional_gaussian_mean,conditional_on_retained_coordinates,insertion,1,ATTACK,True,1,ATTACK,0.999978482723236,0.8121544569730758,50,0.18128716349601745,0.49799782410676563,0.28647611270183915,-0.31671066061074815,-0.1051889492058217,0.04686970969754531,0.023486308902869648,-0.36274382606037264,0.9926856756210327,0.8336377175450327,0.15904795807600003,9.2,9.2,trapezoid_from_zero_normalized_by_max_fraction
ton_iot_binary,42,rid_1bf21900e95747c105a7fd442abb6ec2,mlp,gradient_x_input,conditional_gaussian_mean,conditional_on_retained_coordinates,insertion,1,ATTACK,True,1,ATTACK,0.9999991059303284,0.8121750801801682,50,0.5775241990457289,0.5502769236220447,0.2950571109595098,0.027247275423684107,0.28246708808621906,0.04470592279841729,0.022873044812042095,-0.0175838924079184,1.5298359394073486,1.3017917732000353,0.22804416620731338,9.2,9.2,trapezoid_from_zero_normalized_by_max_fraction
ton_iot_binary,42,rid_71adf7ccd4004e056d4214e84ac0076d,mlp,gradient_x_input,conditional_gaussian_mean,conditional_on_retained_coordinates,insertion,1,ATTACK,True,1,ATTACK,0.999999463558197,0.8121754378080368,50,0.24804717153310776,0.4749071204079309,0.29874856448852916,-0.22685994887482316,-0.050701392955421386,0.04716418498884166,0.022885941073428045,-0.27171639337874215,1.234107255935669,1.0960464500188827,0.13806080591678627,9.2,9.2,trapezoid_from_zero_normalized_by_max_fraction
ton_iot_binary,42,rid_14018286121dd46713a133f9bdfc93a8,mlp,gradient_x_input,conditional_gaussian_mean,conditional_on_retained_coordinates,insertion,0,BENIGN,True,0,BENIGN,0.9999993221695148,0.1878233479196751,50,-0.2831069177711674,-0.1505404891103622,-0.12176976774680844,-0.13256642866080523,-0.161337150024359,0.050523938275687075,0.0249509895273393,-0.18147036813439027,0.25080305337905884,0.3501509653627873,-0.09934791198372844,9.2,9.2,trapezoid_from_zero_normalized_by_max_fraction
ton_iot_binary,42,rid_8fdb1c9fcd903c2872e97a5c6111941b,mlp,gradient_x_input,conditional_gaussian_draw,conditional_on_retained_coordinates,deletion,0,BENIGN,True,0,BENIGN,0.9999999282200988,0.187823953970259,10,0.005931317597643399,0.29352731524217585,0.1981416095650274,-0.2875959976445325,-0.19221029196738398,0.1277409085649298,0.06319674360468021,-0.4114616151097057,0.16381272673606873,0.24433771677315233,-0.0805249900370836,9.2,9.2,trapezoid_from_zero_normalized_by_max_fraction
ton_iot_binary,42,rid_474d36f88a6911413398421460dc623d,mlp,gradient_x_input,conditional_gaussian_draw,conditional_on_retained_coordinates,deletion,1,ATTACK,True,1,ATTACK,0.9998021125793456,0.8119780868291854,10,0.6712143823504448,0.4471200121543887,0.11828607542440296,0.22409437019605616,0.5529283069260418,0.11315113570935889,0.054545272706673434,0.11718563569097623,0.8502433896064758,0.7492159429192543,0.10102744668722152,9.2,9.2,trapezoid_from_zero_normalized_by_max_fraction
ton_iot_binary,42,rid_96cb1ffdfa676fe22cc2e8c7693863c1,mlp,gradient_x_input,conditional_gaussian_draw,conditional_on_retained_coordinates,deletion,0,BENIGN,True,0,BENIGN,0.999999991754982,0.1878240175051422,10,0.4501229941748365,0.2769994261801313,0.14703300825242277,0.17312356799470524,0.30308998592241376,0.11416666778280643,0.05711920322181138,0.06116992967995494,0.17496302723884583,0.2621232575178147,-0.08716023027896885,9.2,9.2,trapezoid_from_zero_normalized_by_max_fraction
ton_iot_binary,42,rid_b68c2581b0a71176c81c3e0638a60ef1,mlp,gradient_x_input,conditional_gaussian_draw,conditional_on_retained_coordinates,deletion,0,BENIGN,True,0,BENIGN,0.9995845762314276,0.1874086019815876,10,0.32871815135597965,0.3845267151460723,0.32116700114669683,-0.055808563790092615,0.007551150209282813,0.1218607392492769,0.059113138735954515,-0.17167031571256347,0.1711830347776413,0.3836949141323566,-0.21251187935471533,9.2,9.2,trapezoid_from_zero_normalized_by_max_fraction
ton_iot_binary,42,rid_06c5b18595653bc93680b98572b085db,mlp,gradient_x_input,conditional_gaussian_draw,conditional_on_retained_coordinates,deletion,0,BENIGN,True,0,BENIGN,0.9999470911352546,0.1877711168854147,10,0.042086054966267404,0.30095921001679926,0.009487715527129695,-0.2588731550505319,0.032598339439137716,0.07859719851976095,0.04775764232538484,-0.35247813400828615,2.4745852947235107,1.8778981685638427,0.596687126159668,9.2,9.2,trapezoid_from_zero_normalized_by_max_fraction
ton_iot_binary,42,rid_c8f5ddfce5c296fae3fcfd14c8281db5,mlp,gradient_x_input,conditional_gaussian_draw,conditional_on_retained_coordinates,deletion,0,BENIGN,True,0,BENIGN,0.9999988437642742,0.1878228695144343,10,1.4450664460596834e-07,5.5240215560761196e-05,1.2909451149194506e-05,-5.509570891615523e-05,-1.2764944504588537e-05,4.051352882530861e-05,2.8129719136072405e-05,-0.00011022995842285714,2.6889166831970215,1.6082189297676084,1.080697753429413,9.2,9.2,trapezoid_from_zero_normalized_by_max_fraction
ton_iot_binary,42,rid_b5f19856921bec80ab4d0ae802f70a22,mlp,gradient_x_input,conditional_gaussian_draw,conditional_on_retained_coordinates,deletion,0,BENIGN,True,0,BENIGN,0.9994899458251894,0.1873139715753496,10,0.5811350772884907,0.18983558246404755,0.1092273750393906,0.39129949482444315,0.47190770224910006,0.06331143910787063,0.033201722353139354,0.32622411901229004,2.165937662124634,1.2938623601198196,0.8720753020048142,9.2,9.2,trapezoid_from_zero_normalized_by_max_fraction
ton_iot_binary,42,rid_1c007e515f8c424983946ad431efb604,mlp,gradient_x_input,conditional_gaussian_draw,conditional_on_retained_coordinates,deletion,0,BENIGN,True,0,BENIGN,0.9994844333268702,0.1873084590770304,10,0.4182765664547845,0.45683143280630334,0.3124341675804112,-0.0385548663515188,0.1058423988743733,0.12927921968404193,0.0604387012495994,-0.15701472080073361,0.3258640468120575,0.4000782848894596,-0.07421423807740213,9.2,9.2,trapezoid_from_zero_normalized_by_max_fraction
ton_iot_binary,42,rid_24b36743723526135cc69620cd117e23,mlp,gradient_x_input,conditional_gaussian_draw,conditional_on_retained_coordinates,deletion,1,ATTACK,True,1,ATTACK,0.9996989965438844,0.8118749707937242,10,0.3843211114406586,0.4635645223889514,0.3571434781985591,-0.07924341094829285,0.027177633242099545,0.10891154025669576,0.05275089262376484,-0.18263516049087192,0.5624528527259827,0.421555894240737,0.1408969584852457,9.2,9.2,trapezoid_from_zero_normalized_by_max_fraction
ton_iot_binary,42,rid_f1d5bbcbb32162a53afde2d268aadebb,mlp,gradient_x_input,conditional_gaussian_draw,conditional_on_retained_coordinates,deletion,1,ATTACK,True,1,ATTACK,0.9983906149864196,0.8105665892362593,10,0.6463796385214664,0.4917840026797608,0.2901996854042227,0.15459563584170566,0.3561799531172437,0.128710564113642,0.059776677306100236,0.0374333483217492,1.1291444301605225,1.2124664604663846,-0.08332203030586216,9.2,9.2,trapezoid_from_zero_normalized_by_max_fraction
ton_iot_binary,42,rid_e4cc9122aaeae4b1c64e125cbf1f4bae,mlp,gradient_x_input,conditional_gaussian_draw,conditional_on_retained_coordinates,deletion,1,ATTACK,True,1,ATTACK,0.9995288848876952,0.811704859137535,10,0.4780940769895096,0.33607047428087455,0.2623221297269348,0.1420236027086351,0.21577194726257487,0.11010640642457255,0.05744419655728086,0.029432977456364598,1.1465038061141968,1.0417267990112304,0.10477700710296634,9.2,9.2,trapezoid_from_zero_normalized_by_max_fraction
ton_iot_binary,42,rid_f836c721abe82ef8626b8d0828bf81a3,mlp,gradient_x_input,conditional_gaussian_draw,conditional_on_retained_coordinates,deletion,1,ATTACK,True,1,ATTACK,0.9982398748397828,0.8104158490896226,10,0.46710250111937063,0.4061686207354069,0.2937042865654803,0.06093388038396374,0.1733982145538903,0.11902231750633899,0.05602345182804655,-0.048872085199007494,0.35424700379371643,0.35233464851975443,0.0019123552739619964,9.2,9.2,trapezoid_from_zero_normalized_by_max_fraction
ton_iot_binary,42,rid_ea42348fe63f562614533c2a240887de,mlp,gradient_x_input,conditional_gaussian_draw,conditional_on_retained_coordinates,deletion,1,ATTACK,True,1,ATTACK,0.999978482723236,0.8121544569730758,10,0.7434435488772578,0.44161215048980396,0.23241398461017523,0.301831398387454,0.5110295642670827,0.12907087432549796,0.06108082649523482,0.18211297845679375,0.9926856756210327,0.8411950808763503,0.1514905947446824,9.2,9.2,trapezoid_from_zero_normalized_by_max_fraction
ton_iot_binary,42,rid_1bf21900e95747c105a7fd442abb6ec2,mlp,gradient_x_input,conditional_gaussian_draw,conditional_on_retained_coordinates,deletion,1,ATTACK,True,1,ATTACK,0.9999991059303284,0.8121750801801682,10,0.639321090024714,0.3431765463514011,0.1252070037405557,0.2961445436733129,0.5141140862841584,0.11041220737859578,0.05886701572178343,0.18076519285861736,1.5298359394073486,1.314719673395157,0.2151162660121917,9.2,9.2,trapezoid_from_zero_normalized_by_max_fraction
ton_iot_binary,42,rid_71adf7ccd4004e056d4214e84ac0076d,mlp,gradient_x_input,conditional_gaussian_draw,conditional_on_retained_coordinates,deletion,1,ATTACK,True,1,ATTACK,0.999999463558197,0.8121754378080368,10,0.8315709054038962,0.4124394482684147,0.2568192087851253,0.41913145713548144,0.5747516966187709,0.11782800062374096,0.057454154490309294,0.3065213143344752,1.234107255935669,1.091922516822815,0.1421847391128539,9.2,9.2,trapezoid_from_zero_normalized_by_max_fraction
ton_iot_binary,42,rid_14018286121dd46713a133f9bdfc93a8,mlp,gradient_x_input,conditional_gaussian_draw,conditional_on_retained_coordinates,deletion,0,BENIGN,True,0,BENIGN,0.9999993221695148,0.1878233479196751,10,0.2030243404282942,0.26318418286090456,0.23007056285220975,-0.06015984243261035,-0.027046222423915557,0.1218754235643009,0.05844119679825324,-0.1747045881571867,0.25080305337905884,0.378063240647316,-0.12726018726825716,9.2,9.2,trapezoid_from_zero_normalized_by_max_fraction
ton_iot_binary,42,rid_8fdb1c9fcd903c2872e97a5c6111941b,mlp,gradient_x_input,conditional_gaussian_draw,conditional_on_retained_coordinates,insertion,0,BENIGN,True,0,BENIGN,0.9999999282200988,0.187823953970259,10,-0.34507890493259763,-0.4229682108090592,-0.30358824906864207,0.07788930587646156,-0.04149065586395558,0.13403267606106672,0.0625421473827992,-0.044693302993824874,0.16381272673606873,0.24433771677315233,-0.0805249900370836,9.2,9.2,trapezoid_from_zero_normalized_by_max_fraction
ton_iot_binary,42,rid_474d36f88a6911413398421460dc623d,mlp,gradient_x_input,conditional_gaussian_draw,conditional_on_retained_coordinates,insertion,1,ATTACK,True,1,ATTACK,0.9998021125793456,0.8119780868291854,10,0.6132763163379422,0.6279357139125199,0.5122366880594913,-0.01465939757457764,0.10103962827845091,0.09083610560005122,0.04670629965804714,-0.10620374490435003,0.8502433896064758,0.7492159429192543,0.10102744668722152,9.2,9.2,trapezoid_from_zero_normalized_by_max_fraction
ton_iot_binary,42,rid_96cb1ffdfa676fe22cc2e8c7693863c1,mlp,gradient_x_input,conditional_gaussian_draw,conditional_on_retained_coordinates,insertion,0,BENIGN,True,0,BENIGN,0.999999991754982,0.1878240175051422,10,-0.273275199240398,-0.38267558774199284,-0.33235196576416015,0.10940038850159484,0.0590767665237622,0.12737588337732708,0.06190562760534727,-0.011934641604885818,0.17496302723884583,0.2621232575178147,-0.08716023027896885,9.2,9.2,trapezoid_from_zero_normalized_by_max_fraction
ton_iot_binary,42,rid_b68c2581b0a71176c81c3e0638a60ef1,mlp,gradient_x_input,conditional_gaussian_draw,conditional_on_retained_coordinates,insertion,0,BENIGN,True,0,BENIGN,0.9995845762314276,0.1874086019815876,10,-0.3453517335787183,-0.4109675121783626,-0.5136477373463617,0.06561577859964436,0.16829600376764348,0.10781114270491178,0.04997593843731845,-0.0323370607374998,0.1711830347776413,0.3836949141323566,-0.21251187935471533,9.2,9.2,trapezoid_from_zero_normalized_by_max_fraction
ton_iot_binary,42,rid_06c5b18595653bc93680b98572b085db,mlp,gradient_x_input,conditional_gaussian_draw,conditional_on_retained_coordinates,insertion,0,BENIGN,True,0,BENIGN,0.9999470911352546,0.1877711168854147,10,0.09025982641069277,0.055962941687725996,-0.13805647652472725,0.03429688472296676,0.22831630293542005,0.015201454001381644,0.011093956745932098,0.01255272950093985,2.4745852947235107,1.8778981685638427,0.596687126159668,9.2,9.2,trapezoid_from_zero_normalized_by_max_fraction
ton_iot_binary,42,rid_c8f5ddfce5c296fae3fcfd14c8281db5,mlp,gradient_x_input,conditional_gaussian_draw,conditional_on_retained_coordinates,insertion,0,BENIGN,True,0,BENIGN,0.9999988437642742,0.1878228695144343,10,0.09033241131373453,0.03944237046221524,-0.08013171269669961,0.05089004085151928,0.17046412401043415,0.03779430234530474,0.022979348690168155,0.005850517418789697,2.6889166831970215,1.6082189297676084,1.080697753429413,9.2,9.2,trapezoid_from_zero_normalized_by_max_fraction
ton_iot_binary,42,rid_b5f19856921bec80ab4d0ae802f70a22,mlp,gradient_x_input,conditional_gaussian_draw,conditional_on_retained_coordinates,insertion,0,BENIGN,True,0,BENIGN,0.9994899458251894,0.1873139715753496,10,0.08847533751832089,-0.01688542048173139,-0.25576809636683095,0.10536075800005226,0.34424343388515183,0.04384732137199586,0.024851924591327398,0.05665098580105057,2.165937662124634,1.2938623601198196,0.8720753020048142,9.2,9.2,trapezoid_from_zero_normalized_by_max_fraction
ton_iot_binary,42,rid_1c007e515f8c424983946ad431efb604,mlp,gradient_x_input,conditional_gaussian_draw,conditional_on_retained_coordinates,insertion,0,BENIGN,True,0,BENIGN,0.9994844333268702,0.1873084590770304,10,-0.4249148514121771,-0.44206952031669144,-0.4572025970854702,0.017154668904514406,0.03228774567329309,0.09935348271607967,0.046281989027384514,-0.07355802958915925,0.3258640468120575,0.4000782848894596,-0.07421423807740213,9.2,9.2,trapezoid_from_zero_normalized_by_max_fraction
ton_iot_binary,42,rid_24b36743723526135cc69620cd117e23,mlp,gradient_x_input,conditional_gaussian_draw,conditional_on_retained_coordinates,insertion,1,ATTACK,True,1,ATTACK,0.9996989965438844,0.8118749707937242,10,0.10792030444281409,0.40465657847826886,0.21289977486693099,-0.2967362740354548,-0.10497947042411693,0.1145751576589584,0.05380499238128932,-0.40219405910278183,0.5624528527259827,0.421555894240737,0.1408969584852457,9.2,9.2,trapezoid_from_zero_normalized_by_max_fraction
ton_iot_binary,42,rid_f1d5bbcbb32162a53afde2d268aadebb,mlp,gradient_x_input,conditional_gaussian_draw,conditional_on_retained_coordinates,insertion,1,ATTACK,True,1,ATTACK,0.9983906149864196,0.8105665892362593,10,0.6826394040137529,0.36942617711407366,0.3010051200927614,0.3132132268996793,0.38163428392099147,0.11246516657291308,0.05334068710090317,0.20866548018190906,1.1291444301605225,1.2124664604663846,-0.08332203030586216,9.2,9.2,trapezoid_from_zero_normalized_by_max_fraction
ton_iot_binary,42,rid_e4cc9122aaeae4b1c64e125cbf1f4bae,mlp,gradient_x_input,conditional_gaussian_draw,conditional_on_retained_coordinates,insertion,1,ATTACK,True,1,ATTACK,0.9995288848876952,0.811704859137535,10,0.5874395959079266,0.41695726194385424,0.28948495453850215,0.17048233396407234,0.2979546413694244,0.1122158798555073,0.05470367313845588,0.06326313461269881,1.1465038061141968,1.0417267990112304,0.10477700710296634,9.2,9.2,trapezoid_from_zero_normalized_by_max_fraction
ton_iot_binary,42,rid_f836c721abe82ef8626b8d0828bf81a3,mlp,gradient_x_input,conditional_gaussian_draw,conditional_on_retained_coordinates,insertion,1,ATTACK,True,1,ATTACK,0.9982398748397828,0.8104158490896226,10,0.7675812527537346,0.48597383709150654,0.42702307530247413,0.281607415662228,0.3405581774512605,0.10739401337357907,0.05611377049006325,0.17162442550170406,0.35424700379371643,0.35233464851975443,0.0019123552739619964,9.2,9.2,trapezoid_from_zero_normalized_by_max_fraction
ton_iot_binary,42,rid_ea42348fe63f562614533c2a240887de,mlp,gradient_x_input,conditional_gaussian_draw,conditional_on_retained_coordinates,insertion,1,ATTACK,True,1,ATTACK,0.999978482723236,0.8121544569730758,10,0.1239567216485739,0.42002806687635486,0.2440602610919867,-0.296071345227781,-0.12010353944341283,0.12991326193761288,0.062025157578819275,-0.4176406540822668,0.9926856756210327,0.8411950808763503,0.1514905947446824,9.2,9.2,trapezoid_from_zero_normalized_by_max_fraction
ton_iot_binary,42,rid_1bf21900e95747c105a7fd442abb6ec2,mlp,gradient_x_input,conditional_gaussian_draw,conditional_on_retained_coordinates,insertion,1,ATTACK,True,1,ATTACK,0.9999991059303284,0.8121750801801682,10,0.6326882652938366,0.4164360344172057,0.415030458178534,0.2162522308766309,0.2176578071153026,0.11933725246787809,0.05694153891864669,0.10464681459608338,1.5298359394073486,1.314719673395157,0.2151162660121917,9.2,9.2,trapezoid_from_zero_normalized_by_max_fraction
ton_iot_binary,42,rid_71adf7ccd4004e056d4214e84ac0076d,mlp,gradient_x_input,conditional_gaussian_draw,conditional_on_retained_coordinates,insertion,1,ATTACK,True,1,ATTACK,0.999999463558197,0.8121754378080368,10,0.35150459799915557,0.473775346199401,0.2982367418765898,-0.12227074820024547,0.05326785612256571,0.13017137119298636,0.06228650041086462,-0.24435228900554012,1.234107255935669,1.091922516822815,0.1421847391128539,9.2,9.2,trapezoid_from_zero_normalized_by_max_fraction
ton_iot_binary,42,rid_14018286121dd46713a133f9bdfc93a8,mlp,gradient_x_input,conditional_gaussian_draw,conditional_on_retained_coordinates,insertion,0,BENIGN,True,0,BENIGN,0.9999993221695148,0.1878233479196751,10,-0.1601149056106806,-0.3241859403928813,-0.34319279080755255,0.1640710347822007,0.18307788519687196,0.13083014585432817,0.0636945820340252,0.039229653995511315,0.25080305337905884,0.378063240647316,-0.12726018726825716,9.2,9.2,trapezoid_from_zero_normalized_by_max_fraction
ton_iot_binary,42,rid_8fdb1c9fcd903c2872e97a5c6111941b,mlp,gradient_x_input,nearest_neighbour_donor,nonparametric_conditional,deletion,0,BENIGN,True,0,BENIGN,0.9999999282200988,0.187823953970259,10,5.283649636496079e-05,1.820095824360379e-05,2.0125206910677205e-05,3.4635538121357e-05,3.2711289454283586e-05,5.888512417846301e-06,3.1417428991986388e-06,2.847772203892767e-05,0.11960983276367188,0.13782125875353815,-0.018211425989866276,9.2,9.2,trapezoid_from_zero_normalized_by_max_fraction
ton_iot_binary,42,rid_474d36f88a6911413398421460dc623d,mlp,gradient_x_input,nearest_neighbour_donor,nonparametric_conditional,deletion,1,ATTACK,True,1,ATTACK,0.9998021125793456,0.8119780868291854,10,-0.00015183389186859128,-0.00013309717178344727,-6.431341171264648e-05,-1.873672008514405e-05,-8.752048015594483e-05,1.1729963026629645e-05,6.597690204246524e-06,-3.166819288546724e-05,0.916248619556427,0.8159240666031836,0.10032455295324338,9.2,9.2,trapezoid_from_zero_normalized_by_max_fraction
ton_iot_binary,42,rid_96cb1ffdfa676fe22cc2e8c7693863c1,mlp,gradient_x_input,nearest_neighbour_donor,nonparametric_conditional,deletion,0,BENIGN,True,0,BENIGN,0.999999991754982,0.1878240175051422,10,-1.3472869486719219e-09,0.00021744088458742317,9.96694601297432e-05,-0.00021744223187437182,-9.967080741669187e-05,0.00010619866871580238,4.978732812991169e-05,-0.00031502539500899874,0.12845033407211304,0.13672583155333995,-0.008275497481226912,9.2,9.2,trapezoid_from_zero_normalized_by_max_fraction
ton_iot_binary,42,rid_b68c2581b0a71176c81c3e0638a60ef1,mlp,gradient_x_input,nearest_neighbour_donor,nonparametric_conditional,deletion,0,BENIGN,True,0,BENIGN,0.9995845762314276,0.1874086019815876,10,0.7495364522956081,0.07511234710627449,0.10002730045525823,0.6744241051893335,0.6495091518403499,0.04556841842316533,0.03401874085047944,0.6077473731223938,0.16223064064979553,0.2292193990200758,-0.06698875837028026,9.2,9.2,trapezoid_from_zero_normalized_by_max_fraction
ton_iot_binary,42,rid_06c5b18595653bc93680b98572b085db,mlp,gradient_x_input,nearest_neighbour_donor,nonparametric_conditional,deletion,0,BENIGN,True,0,BENIGN,0.9999470911352546,0.1877711168854147,10,-2.4326644052052877e-06,-1.0319580433133524e-05,2.553387676016428e-06,7.886916027928236e-06,-4.9860520812217165e-06,2.403343270295407e-06,1.7410407757110578e-06,4.4744761075345624e-06,2.450274705886841,1.934348158836365,0.5159265470504759,9.2,9.2,trapezoid_from_zero_normalized_by_max_fraction
ton_iot_binary,42,rid_c8f5ddfce5c296fae3fcfd14c8281db5,mlp,gradient_x_input,nearest_neighbour_donor,nonparametric_conditional,deletion,0,BENIGN,True,0,BENIGN,0.9999988437642742,0.1878228695144343,10,8.031907903500725e-05,0.0028376326964611566,2.9509896776547252e-05,-0.0027573136174261492,5.080918225845998e-05,0.0015493895294027807,0.00130561858505569,-0.005316326044135301,2.722653865814209,1.4913958227634432,1.2312580430507658,9.2,9.2,trapezoid_from_zero_normalized_by_max_fraction
ton_iot_binary,42,rid_b5f19856921bec80ab4d0ae802f70a22,mlp,gradient_x_input,nearest_neighbour_donor,nonparametric_conditional,deletion,0,BENIGN,True,0,BENIGN,0.9994899458251894,0.1873139715753496,10,-9.643363500799748e-05,0.00040672422350326084,8.604650738561759e-05,-0.0005031578585112583,-0.00018248014239361505,5.861663969657343e-05,3.6024045044508053e-05,-0.0005737649867984941,2.148542881011963,1.3296641945838927,0.8188786864280702,9.2,9.2,trapezoid_from_zero_normalized_by_max_fraction
ton_iot_binary,42,rid_1c007e515f8c424983946ad431efb604,mlp,gradient_x_input,nearest_neighbour_donor,nonparametric_conditional,deletion,0,BENIGN,True,0,BENIGN,0.9994844333268702,0.1873084590770304,10,1.0246387682855131e-05,0.11757298815515242,0.014107691756362329,-0.11756274176746956,-0.014097445368679474,0.07984695138766877,0.04172733325664739,-0.19934831495049843,0.3120693564414978,0.3556783755123615,-0.043609019070863675,9.2,9.2,trapezoid_from_zero_normalized_by_max_fraction
ton_iot_binary,42,rid_24b36743723526135cc69620cd117e23,mlp,gradient_x_input,nearest_neighbour_donor,nonparametric_conditional,deletion,1,ATTACK,True,1,ATTACK,0.9996989965438844,0.8118749707937242,10,0.7504004621419881,0.28957677761420064,0.1519520813667623,0.46082368452778744,0.5984483807752258,0.09589474108617387,0.055318408559689364,0.35239960375079626,0.563066840171814,0.4266032514721155,0.1364635886996985,9.2,9.2,trapezoid_from_zero_normalized_by_max_fraction
ton_iot_binary,42,rid_f1d5bbcbb32162a53afde2d268aadebb,mlp,gradient_x_input,nearest_neighbour_donor,nonparametric_conditional,deletion,1,ATTACK,True,1,ATTACK,0.9983906149864196,0.8105665892362593,10,0.2881910026073456,0.1833855105889961,0.1245501070842147,0.10480549201834946,0.16364089552313088,0.07533927131175042,0.04351581651385146,0.019514491651200602,1.122637152671814,0.9936433178186418,0.12899383485317217,9.2,9.2,trapezoid_from_zero_normalized_by_max_fraction
ton_iot_binary,42,rid_e4cc9122aaeae4b1c64e125cbf1f4bae,mlp,gradient_x_input,nearest_neighbour_donor,nonparametric_conditional,deletion,1,ATTACK,True,1,ATTACK,0.9995288848876952,0.811704859137535,10,0.0022430121898651123,0.009928485453128815,0.003713032305240631,-0.0076854732632637025,-0.0014700201153755187,0.0037402389447624843,0.0027965773029981224,-0.013166764777140023,1.1477019786834717,1.0507734584808348,0.09692852020263687,9.2,9.2,trapezoid_from_zero_normalized_by_max_fraction
ton_iot_binary,42,rid_f836c721abe82ef8626b8d0828bf81a3,mlp,gradient_x_input,nearest_neighbour_donor,nonparametric_conditional,deletion,1,ATTACK,True,1,ATTACK,0.9982398748397828,0.8104158490896226,10,0.6118949201190844,0.6208326291352568,0.36714901485771406,-0.008937709016172454,0.24474590526137036,0.09535937448653764,0.048760388583402536,-0.10450807063964142,0.3199964165687561,0.30780651368200773,0.012189902886748372,9.2,9.2,trapezoid_from_zero_normalized_by_max_fraction
ton_iot_binary,42,rid_ea42348fe63f562614533c2a240887de,mlp,gradient_x_input,nearest_neighbour_donor,nonparametric_conditional,deletion,1,ATTACK,True,1,ATTACK,0.999978482723236,0.8121544569730758,10,0.18816431164741512,0.4104596592066809,0.2954245857987553,-0.2222953475592658,-0.10726027415134012,0.10362610043304682,0.053674754783572975,-0.3274978669350688,1.0047218799591064,0.8589772844314576,0.14574459552764885,9.2,9.2,trapezoid_from_zero_normalized_by_max_fraction
ton_iot_binary,42,rid_1bf21900e95747c105a7fd442abb6ec2,mlp,gradient_x_input,nearest_neighbour_donor,nonparametric_conditional,deletion,1,ATTACK,True,1,ATTACK,0.9999991059303284,0.8121750801801682,10,0.7002193134530841,0.4730880095799356,0.25834053315243616,0.22713130387314856,0.441878780300648,0.08823950953179538,0.046677363939635556,0.13564367055146287,1.5347673892974854,1.30703897356987,0.22772841572761537,9.2,9.2,trapezoid_from_zero_normalized_by_max_fraction
ton_iot_binary,42,rid_71adf7ccd4004e056d4214e84ac0076d,mlp,gradient_x_input,nearest_neighbour_donor,nonparametric_conditional,deletion,1,ATTACK,True,1,ATTACK,0.999999463558197,0.8121754378080368,10,0.043354022502899166,0.37435073833912613,0.1679407674819231,-0.3309967158362269,-0.12458674497902394,0.06921035655023204,0.037974051896961306,-0.4054258575542711,1.2421610355377197,1.0612000930309295,0.18096094250679018,9.2,9.2,trapezoid_from_zero_normalized_by_max_fraction
ton_iot_binary,42,rid_14018286121dd46713a133f9bdfc93a8,mlp,gradient_x_input,nearest_neighbour_donor,nonparametric_conditional,deletion,0,BENIGN,True,0,BENIGN,0.9999993221695148,0.1878233479196751,10,0.20269430649952938,0.2682616793489973,0.26083512614666227,-0.06556737284946794,-0.058140819647132885,0.11053799690813446,0.057837107184301045,-0.178928102930698,0.21632614731788635,0.25000364020466803,-0.03367749288678168,9.2,9.2,trapezoid_from_zero_normalized_by_max_fraction
ton_iot_binary,42,rid_8fdb1c9fcd903c2872e97a5c6111941b,mlp,gradient_x_input,nearest_neighbour_donor,nonparametric_conditional,insertion,0,BENIGN,True,0,BENIGN,0.9999999282200988,0.187823953970259,10,0.17175846310235982,0.17169144882031995,0.17168033352523082,6.701428203988864e-05,7.812957712900887e-05,2.1520440907970318e-05,1.6748727562555466e-05,3.418677601727993e-05,0.11960983276367188,0.13782125875353815,-0.018211425989866276,9.2,9.2,trapezoid_from_zero_normalized_by_max_fraction
ton_iot_binary,42,rid_474d36f88a6911413398421460dc623d,mlp,gradient_x_input,nearest_neighbour_donor,nonparametric_conditional,insertion,1,ATTACK,True,1,ATTACK,0.9998021125793456,0.8119780868291854,10,0.7781332321465015,0.6832701280480251,0.4154505379774218,0.09486310409847645,0.3626826941690797,0.051143946998553506,0.02976107012158534,0.036531406660169186,0.916248619556427,0.8159240666031836,0.10032455295324338,9.2,9.2,trapezoid_from_zero_normalized_by_max_fraction
ton_iot_binary,42,rid_96cb1ffdfa676fe22cc2e8c7693863c1,mlp,gradient_x_input,nearest_neighbour_donor,nonparametric_conditional,insertion,0,BENIGN,True,0,BENIGN,0.999999991754982,0.1878240175051422,10,0.17137562206762597,0.17155600847041133,0.1715682682309988,-0.00018038640278537078,-0.00019264616337281716,8.80493846759339e-05,4.8068822248785296e-05,-0.00027460129439298993,0.12845033407211304,0.13672583155333995,-0.008275497481226912,9.2,9.2,trapezoid_from_zero_normalized_by_max_fraction
ton_iot_binary,42,rid_b68c2581b0a71176c81c3e0638a60ef1,mlp,gradient_x_input,nearest_neighbour_donor,nonparametric_conditional,insertion,0,BENIGN,True,0,BENIGN,0.9995845762314276,0.1874086019815876,10,0.17123682251385616,0.13127127078147283,0.10126577618709924,0.03996555173238335,0.06997104632675694,0.026698354676455798,0.026654017393261124,-0.012276322358408448,0.16223064064979553,0.2292193990200758,-0.06698875837028026,9.2,9.2,trapezoid_from_zero_normalized_by_max_fraction
ton_iot_binary,42,rid_06c5b18595653bc93680b98572b085db,mlp,gradient_x_input,nearest_neighbour_donor,nonparametric_conditional,insertion,0,BENIGN,True,0,BENIGN,0.9999470911352546,0.1877711168854147,10,0.17172030499059476,0.17170680731393076,0.1590931239609563,1.3497676663973278e-05,0.012627181029638453,5.79340321855823e-06,2.716626995887381e-06,8.17308775203401e-06,2.450274705886841,1.934348158836365,0.5159265470504759,9.2,9.2,trapezoid_from_zero_normalized_by_max_fraction
ton_iot_binary,42,rid_c8f5ddfce5c296fae3fcfd14c8281db5,mlp,gradient_x_input,nearest_neighbour_donor,nonparametric_conditional,insertion,0,BENIGN,True,0,BENIGN,0.9999988437642742,0.1878228695144343,10,0.17036106080211083,0.17031673661085978,0.15348860618330762,4.432419125109113e-05,0.016872454618803198,0.0007648696681870406,0.0006499300693036284,-0.0012295387445840204,2.722653865814209,1.4913958227634432,1.2312580430507658,9.2,9.2,trapezoid_from_zero_normalized_by_max_fraction
ton_iot_binary,42,rid_b5f19856921bec80ab4d0ae802f70a22,mlp,gradient_x_input,nearest_neighbour_donor,nonparametric_conditional,insertion,0,BENIGN,True,0,BENIGN,0.9994899458251894,0.1873139715753496,10,0.1715266597089794,0.16889027460554645,0.16597442958319333,0.0026363851034329816,0.005552230125786079,0.0025630150341655732,0.0025019751068093466,-0.002267486105913338,2.148542881011963,1.3296641945838927,0.8188786864280702,9.2,9.2,trapezoid_from_zero_normalized_by_max_fraction
ton_iot_binary,42,rid_1c007e515f8c424983946ad431efb604,mlp,gradient_x_input,nearest_neighbour_donor,nonparametric_conditional,insertion,0,BENIGN,True,0,BENIGN,0.9994844333268702,0.1873084590770304,10,0.05471441476674954,0.09720009593208488,0.01724241317809174,-0.042485681165335326,0.037472001588657794,0.07412595781258756,0.03414822835323157,-0.1094162087376692,0.3120693564414978,0.3556783755123615,-0.043609019070863675,9.2,9.2,trapezoid_from_zero_normalized_by_max_fraction
ton_iot_binary,42,rid_24b36743723526135cc69620cd117e23,mlp,gradient_x_input,nearest_neighbour_donor,nonparametric_conditional,insertion,1,ATTACK,True,1,ATTACK,0.9996989965438844,0.8118749707937242,10,0.5268517076969147,0.3964659882869764,0.2974388430254107,0.13038571940993826,0.22941286467150396,0.08612098998750131,0.04896459908967955,0.03441510519416634,0.563066840171814,0.4266032514721155,0.1364635886996985,9.2,9.2,trapezoid_from_zero_normalized_by_max_fraction
ton_iot_binary,42,rid_f1d5bbcbb32162a53afde2d268aadebb,mlp,gradient_x_input,nearest_neighbour_donor,nonparametric_conditional,insertion,1,ATTACK,True,1,ATTACK,0.9983906149864196,0.8105665892362593,10,0.6753052689135075,0.49294187385218213,0.3477112143306718,0.18236339506132532,0.32759405458283564,0.11280687733595487,0.052559506533126486,0.0793467622563974,1.122637152671814,0.9936433178186418,0.12899383485317217,9.2,9.2,trapezoid_from_zero_normalized_by_max_fraction
ton_iot_binary,42,rid_e4cc9122aaeae4b1c64e125cbf1f4bae,mlp,gradient_x_input,nearest_neighbour_donor,nonparametric_conditional,insertion,1,ATTACK,True,1,ATTACK,0.9995288848876952,0.811704859137535,10,0.7301537849009037,0.7035653318465167,0.6697264661417832,0.0265884530543869,0.060427318759120524,0.042225665650701384,0.0254136298807857,-0.023222261511953075,1.1477019786834717,1.0507734584808348,0.09692852020263687,9.2,9.2,trapezoid_from_zero_normalized_by_max_fraction
ton_iot_binary,42,rid_f836c721abe82ef8626b8d0828bf81a3,mlp,gradient_x_input,nearest_neighbour_donor,nonparametric_conditional,insertion,1,ATTACK,True,1,ATTACK,0.9982398748397828,0.8104158490896226,10,0.39656529799103735,0.2506476059768365,0.13563421199015568,0.14591769201420085,0.2609310860008817,0.09406667121381879,0.05053628041978362,0.04686658239142495,0.3199964165687561,0.30780651368200773,0.012189902886748372,9.2,9.2,trapezoid_from_zero_normalized_by_max_fraction
ton_iot_binary,42,rid_ea42348fe63f562614533c2a240887de,mlp,gradient_x_input,nearest_neighbour_donor,nonparametric_conditional,insertion,1,ATTACK,True,1,ATTACK,0.999978482723236,0.8121544569730758,10,0.23626832198351622,0.22958394519705363,0.22778801198385187,0.006684376786462554,0.008480309999664348,0.09922951443463193,0.0487737202740587,-0.0889121149506925,1.0047218799591064,0.8589772844314576,0.14574459552764885,9.2,9.2,trapezoid_from_zero_normalized_by_max_fraction
ton_iot_binary,42,rid_1bf21900e95747c105a7fd442abb6ec2,mlp,gradient_x_input,nearest_neighbour_donor,nonparametric_conditional,insertion,1,ATTACK,True,1,ATTACK,0.9999991059303284,0.8121750801801682,10,0.7289352782070637,0.24757576484847582,0.16262017572524207,0.48135951335858784,0.5663151024818216,0.1037495116576751,0.051254602488513844,0.3809004924811007,1.5347673892974854,1.30703897356987,0.22772841572761537,9.2,9.2,trapezoid_from_zero_normalized_by_max_fraction
ton_iot_binary,42,rid_71adf7ccd4004e056d4214e84ac0076d,mlp,gradient_x_input,nearest_neighbour_donor,nonparametric_conditional,insertion,1,ATTACK,True,1,ATTACK,0.999999463558197,0.8121754378080368,10,0.3128567259758711,0.4065404369726422,0.09861302308537039,-0.09368371099677111,0.2142437028905007,0.08411085002620539,0.04773643817101861,-0.1872471298119676,1.2421610355377197,1.0612000930309295,0.18096094250679018,9.2,9.2,trapezoid_from_zero_normalized_by_max_fraction
ton_iot_binary,42,rid_14018286121dd46713a133f9bdfc93a8,mlp,gradient_x_input,nearest_neighbour_donor,nonparametric_conditional,insertion,0,BENIGN,True,0,BENIGN,0.9999993221695148,0.1878233479196751,10,0.14833260511737412,-0.06494502486993488,-0.030596500638296546,0.21327762998730898,0.17892910575567067,0.11061525195204602,0.05654642196365364,0.10244664293854784,0.21632614731788635,0.25000364020466803,-0.03367749288678168,9.2,9.2,trapezoid_from_zero_normalized_by_max_fraction
ton_iot_binary,42,rid_8fdb1c9fcd903c2872e97a5c6111941b,mlp,gradient_x_input,correlation_group_median,group_wise,deletion,0,BENIGN,True,0,BENIGN,0.9999999282200988,0.187823953970259,50,0.34108771357252615,0.10118423717588124,0.1351175807650819,0.23990347639664492,0.20597013280744425,0.020159992108444314,0.013587040416564371,0.21327287718017873,0.04914445802569389,0.08549689462780954,-0.03635243660211565,16.0,14.244,trapezoid_from_zero_normalized_by_max_fraction
ton_iot_binary,42,rid_474d36f88a6911413398421460dc623d,mlp,gradient_x_input,correlation_group_median,group_wise,deletion,1,ATTACK,True,1,ATTACK,0.9998021125793456,0.8119780868291854,50,0.4845193561166525,0.3789707503719255,0.28720713287712013,0.10554860574472696,0.19731222323953237,0.027106358298930478,0.015967683809629582,0.07425194547785299,1.1636393070220947,1.1603838145285845,0.0032554924935102036,15.0,13.991999999999999,trapezoid_from_zero_normalized_by_max_fraction
ton_iot_binary,42,rid_96cb1ffdfa676fe22cc2e8c7693863c1,mlp,gradient_x_input,correlation_group_median,group_wise,deletion,0,BENIGN,True,0,BENIGN,0.999999991754982,0.1878240175051422,50,0.020990819631075987,0.06016548330420917,0.1405691153575987,-0.03917466367313319,-0.1195782957265227,0.010414418315228366,0.008251723717692337,-0.055348042159810165,0.057379044592380524,0.09400817080860725,-0.03662912621622673,15.2,13.504000000000001,trapezoid_from_zero_normalized_by_max_fraction
ton_iot_binary,42,rid_b68c2581b0a71176c81c3e0638a60ef1,mlp,gradient_x_input,correlation_group_median,group_wise,deletion,0,BENIGN,True,0,BENIGN,0.9995845762314276,0.1874086019815876,50,0.031463219740544446,0.19185319197701575,0.4899133416618715,-0.16038997223647128,-0.45845012192132706,0.04143296286243128,0.019108686205685094,-0.19784299719961407,0.3061348497867584,0.2148511986583471,0.09128365112841133,16.6,13.884,trapezoid_from_zero_normalized_by_max_fraction
ton_iot_binary,42,rid_06c5b18595653bc93680b98572b085db,mlp,gradient_x_input,correlation_group_median,group_wise,deletion,0,BENIGN,True,0,BENIGN,0.9999470911352546,0.1877711168854147,50,0.6704204794079487,0.6328747476352801,0.36179949676656176,0.037545731772668685,0.30862098264138693,0.02271343184833519,0.01164568960670917,0.014720180143518714,1.2117092609405518,1.136391078710556,0.07531818222999576,15.6,15.264,trapezoid_from_zero_normalized_by_max_fraction
ton_iot_binary,42,rid_c8f5ddfce5c296fae3fcfd14c8281db5,mlp,gradient_x_input,correlation_group_median,group_wise,deletion,0,BENIGN,True,0,BENIGN,0.9999988437642742,0.1878228695144343,50,0.14613748358290765,0.22516883796034312,0.10414978735950453,-0.07903135437743548,0.041987696223403106,0.018829426320685037,0.015056897823433823,-0.10854287411136578,1.9483699798583984,1.3542183645963668,0.5941516152620316,14.0,14.496,trapezoid_from_zero_normalized_by_max_fraction
ton_iot_binary,42,rid_b5f19856921bec80ab4d0ae802f70a22,mlp,gradient_x_input,correlation_group_median,group_wise,deletion,0,BENIGN,True,0,BENIGN,0.9994899458251894,0.1873139715753496,50,0.6615155739040346,0.5684672694499604,0.4673821175904013,0.09304830445407422,0.19413345631363338,0.03240327534300095,0.017596607586570844,0.05855895358439537,1.0219144821166992,0.8268640158176421,0.1950504662990571,13.6,13.868,trapezoid_from_zero_normalized_by_max_fraction
ton_iot_binary,42,rid_1c007e515f8c424983946ad431efb604,mlp,gradient_x_input,correlation_group_median,group_wise,deletion,0,BENIGN,True,0,BENIGN,0.9994844333268702,0.1873084590770304,50,0.5902282785740681,0.4814189988193102,0.5472705735025374,0.10880927975475789,0.04295770507153065,0.014757980961732448,0.010632339249799044,0.08796989482515177,0.4911215901374817,0.529401824504137,-0.038280234366655286,14.0,11.528,trapezoid_from_zero_normalized_by_max_fraction
ton_iot_binary,42,rid_24b36743723526135cc69620cd117e23,mlp,gradient_x_input,correlation_group_median,group_wise,deletion,1,ATTACK,True,1,ATTACK,0.9996989965438844,0.8118749707937242,50,0.06259659230709076,0.05362624871730805,0.08794643378257752,0.008970343589782707,-0.02534984147548676,0.010091527791555074,0.005480863855933353,-0.0017721495678466644,0.5240998864173889,0.2973714893711731,0.22672839704621583,16.4,14.756,trapezoid_from_zero_normalized_by_max_fraction
ton_iot_binary,42,rid_f1d5bbcbb32162a53afde2d268aadebb,mlp,gradient_x_input,correlation_group_median,group_wise,deletion,1,ATTACK,True,1,ATTACK,0.9983906149864196,0.8105665892362593,50,0.024043405055999757,0.17969294445542622,0.2039657221939415,-0.15564953939942644,-0.1799223171379417,0.03330376723981505,0.018851963168777387,-0.19259938721023012,0.8942587971687317,0.5884180223271251,0.30584077484160654,14.0,13.156,trapezoid_from_zero_normalized_by_max_fraction
ton_iot_binary,42,rid_e4cc9122aaeae4b1c64e125cbf1f4bae,mlp,gradient_x_input,correlation_group_median,group_wise,deletion,1,ATTACK,True,1,ATTACK,0.9995288848876952,0.811704859137535,50,0.005028444528579712,0.18899559222534298,0.21396952163139943,-0.18396714769676326,-0.20894107710281967,0.03688183895616321,0.02242202131560115,-0.22791430947534153,0.926952064037323,0.5416416287720203,0.38531043526530273,14.8,13.848000000000003,trapezoid_from_zero_normalized_by_max_fraction
ton_iot_binary,42,rid_f836c721abe82ef8626b8d0828bf81a3,mlp,gradient_x_input,correlation_group_median,group_wise,deletion,1,ATTACK,True,1,ATTACK,0.9982398748397828,0.8104158490896226,50,0.15911366790533066,0.14852997969463466,0.19391645972349217,0.010583688210695994,-0.0348027918181615,0.028040492892631455,0.012683901865692362,-0.014276759446061037,0.2150382548570633,0.38819346550107003,-0.17315521064400674,15.8,13.424000000000001,trapezoid_from_zero_normalized_by_max_fraction
ton_iot_binary,42,rid_ea42348fe63f562614533c2a240887de,mlp,gradient_x_input,correlation_group_median,group_wise,deletion,1,ATTACK,True,1,ATTACK,0.999978482723236,0.8121544569730758,50,0.07592057287693024,0.12250730630755424,0.18551776697672906,-0.04658673343062399,-0.10959719409979879,0.016136483206588947,0.009087036798731782,-0.06439732555613828,0.8247151374816895,0.8202945321798325,0.00442060530185695,15.0,13.959999999999999,trapezoid_from_zero_normalized_by_max_fraction
ton_iot_binary,42,rid_1bf21900e95747c105a7fd442abb6ec2,mlp,gradient_x_input,correlation_group_median,group_wise,deletion,1,ATTACK,True,1,ATTACK,0.9999991059303284,0.8121750801801682,50,0.17493478142293953,0.2154726095202468,0.2666524114227291,-0.040537828097307285,-0.09171762999978958,0.035450900673404534,0.020208265117435828,-0.0801460277274815,1.3293979167938232,1.1276685969829559,0.2017293198108674,15.8,16.692,trapezoid_from_zero_normalized_by_max_fraction
ton_iot_binary,42,rid_71adf7ccd4004e056d4214e84ac0076d,mlp,gradient_x_input,correlation_group_median,group_wise,deletion,1,ATTACK,True,1,ATTACK,0.999999463558197,0.8121754378080368,50,0.12547025978565216,0.10708752870559693,0.16357262722030283,0.018382731080055233,-0.038102367434650675,0.008916764686414422,0.004592704347785536,0.009381030558395582,1.0289497375488281,1.1315533326864242,-0.1026035951375961,14.8,14.220000000000002,trapezoid_from_zero_normalized_by_max_fraction
ton_iot_binary,42,rid_14018286121dd46713a133f9bdfc93a8,mlp,gradient_x_input,correlation_group_median,group_wise,deletion,0,BENIGN,True,0,BENIGN,0.9999993221695148,0.1878233479196751,50,0.405183257699116,0.36788804776079786,0.3957580016714479,0.03729520993831815,0.00942525602766811,0.030123479962924055,0.02125245596049205,-0.004359603744246272,0.16503489017486572,0.2549216448357329,-0.08988675466086715,14.0,12.443999999999999,trapezoid_from_zero_normalized_by_max_fraction
ton_iot_binary,42,rid_8fdb1c9fcd903c2872e97a5c6111941b,mlp,gradient_x_input,correlation_group_median,group_wise,insertion,0,BENIGN,True,0,BENIGN,0.9999999282200988,0.187823953970259,50,0.5736467024423476,0.5556450385138585,0.5389335402923017,0.018001663928489023,0.0347131621500458,0.007787815905349746,0.006334910868253279,0.005585238626712596,0.04914445802569389,0.08549689462780954,-0.03635243660211565,16.0,14.244,trapezoid_from_zero_normalized_by_max_fraction
ton_iot_binary,42,rid_474d36f88a6911413398421460dc623d,mlp,gradient_x_input,correlation_group_median,group_wise,insertion,1,ATTACK,True,1,ATTACK,0.9998021125793456,0.8119780868291854,50,0.18882485255599019,0.10859333524270912,-0.055767137979936696,0.08023151731328107,0.2445919905359269,0.02858077512167731,0.017437110488586618,0.0460547807556513,1.1636393070220947,1.1603838145285845,0.0032554924935102036,15.0,13.991999999999999,trapezoid_from_zero_normalized_by_max_fraction
ton_iot_binary,42,rid_96cb1ffdfa676fe22cc2e8c7693863c1,mlp,gradient_x_input,correlation_group_median,group_wise,insertion,0,BENIGN,True,0,BENIGN,0.999999991754982,0.1878240175051422,50,0.41073599884930445,0.436077491477892,0.5093400363943756,-0.02534149262858758,-0.09860403754507116,0.01058393394686941,0.007893665951621002,-0.040813077893764746,0.057379044592380524,0.09400817080860725,-0.03662912621622673,15.2,13.504000000000001,trapezoid_from_zero_normalized_by_max_fraction
ton_iot_binary,42,rid_b68c2581b0a71176c81c3e0638a60ef1,mlp,gradient_x_input,correlation_group_median,group_wise,insertion,0,BENIGN,True,0,BENIGN,0.9995845762314276,0.1874086019815876,50,0.6410357134314835,0.48971567038517416,0.18408903994830778,0.1513200430463094,0.4569466734831758,0.03440437765164697,0.016432435168581342,0.11911247011588996,0.3061348497867584,0.2148511986583471,0.09128365112841133,16.6,13.884,trapezoid_from_zero_normalized_by_max_fraction
ton_iot_binary,42,rid_06c5b18595653bc93680b98572b085db,mlp,gradient_x_input,correlation_group_median,group_wise,insertion,0,BENIGN,True,0,BENIGN,0.9999470911352546,0.1877711168854147,50,0.666340279977885,0.616279316982087,0.3372034966974097,0.050060962995798056,0.32913678328047535,0.008188862293991156,0.006431024567046198,0.03745615484438751,1.2117092609405518,1.136391078710556,0.07531818222999576,15.6,15.264,trapezoid_from_zero_normalized_by_max_fraction
ton_iot_binary,42,rid_c8f5ddfce5c296fae3fcfd14c8281db5,mlp,gradient_x_input,correlation_group_median,group_wise,insertion,0,BENIGN,True,0,BENIGN,0.9999988437642742,0.1878228695144343,50,0.665793560448219,0.6459646764159901,0.5755353509299062,0.01982888403222886,0.09025820951831295,0.0041396100874018,0.0025622553281122035,0.01480686358912894,1.9483699798583984,1.3542183645963668,0.5941516152620316,14.0,14.496,trapezoid_from_zero_normalized_by_max_fraction
ton_iot_binary,42,rid_b5f19856921bec80ab4d0ae802f70a22,mlp,gradient_x_input,correlation_group_median,group_wise,insertion,0,BENIGN,True,0,BENIGN,0.9994899458251894,0.1873139715753496,50,0.665620206715539,0.4553973159774905,0.2738199704286526,0.21022289073804856,0.3918002362868865,0.02729822015512799,0.016226196175282977,0.17841954623449394,1.0219144821166992,0.8268640158176421,0.1950504662990571,13.6,13.868,trapezoid_from_zero_normalized_by_max_fraction
ton_iot_binary,42,rid_1c007e515f8c424983946ad431efb604,mlp,gradient_x_input,correlation_group_median,group_wise,insertion,0,BENIGN,True,0,BENIGN,0.9994844333268702,0.1873084590770304,50,0.6029055501974654,0.5317918615608942,0.1600537519864738,0.07111368863657117,0.4428517982109915,0.013590537186199597,0.008535264348303352,0.0543845705138966,0.4911215901374817,0.529401824504137,-0.038280234366655286,14.0,11.528,trapezoid_from_zero_normalized_by_max_fraction
ton_iot_binary,42,rid_24b36743723526135cc69620cd117e23,mlp,gradient_x_input,correlation_group_median,group_wise,insertion,1,ATTACK,True,1,ATTACK,0.9996989965438844,0.8118749707937242,50,0.12883856892585754,0.20841783559322358,0.20418362587690356,-0.07957926666736602,-0.075345056951046,0.010888945122731943,0.005173959535253596,-0.08972022735646307,0.5240998864173889,0.2973714893711731,0.22672839704621583,16.4,14.756,trapezoid_from_zero_normalized_by_max_fraction
ton_iot_binary,42,rid_f1d5bbcbb32162a53afde2d268aadebb,mlp,gradient_x_input,correlation_group_median,group_wise,insertion,1,ATTACK,True,1,ATTACK,0.9983906149864196,0.8105665892362593,50,-0.17289490401744842,-0.11599947268795222,0.06710128514899408,-0.05689543132949619,-0.2399961891664425,0.040068633244429726,0.019427621074571147,-0.09497356863565565,0.8942587971687317,0.5884180223271251,0.30584077484160654,14.0,13.156,trapezoid_from_zero_normalized_by_max_fraction
ton_iot_binary,42,rid_e4cc9122aaeae4b1c64e125cbf1f4bae,mlp,gradient_x_input,correlation_group_median,group_wise,insertion,1,ATTACK,True,1,ATTACK,0.9995288848876952,0.811704859137535,50,0.042008203268051145,-0.024393592909444126,0.06538443533497049,0.06640179617749525,-0.023376232066919356,0.04101929384883062,0.020246796993670234,0.026718074069901593,0.926952064037323,0.5416416287720203,0.38531043526530273,14.8,13.848000000000003,trapezoid_from_zero_normalized_by_max_fraction
ton_iot_binary,42,rid_f836c721abe82ef8626b8d0828bf81a3,mlp,gradient_x_input,correlation_group_median,group_wise,insertion,1,ATTACK,True,1,ATTACK,0.9982398748397828,0.8104158490896226,50,0.26218089163303376,0.16098141937400215,0.08087524600391044,0.1011994722590316,0.18130564562912332,0.01990523544261515,0.011915073052007554,0.0778459290770968,0.2150382548570633,0.38819346550107003,-0.17315521064400674,15.8,13.424000000000001,trapezoid_from_zero_normalized_by_max_fraction
ton_iot_binary,42,rid_ea42348fe63f562614533c2a240887de,mlp,gradient_x_input,correlation_group_median,group_wise,insertion,1,ATTACK,True,1,ATTACK,0.999978482723236,0.8121544569730758,50,0.24448667168617247,0.1642509579062462,0.0327968063140288,0.08023571377992632,0.21168986537214368,0.01628818055869924,0.009737512131567832,0.061150190002053365,0.8247151374816895,0.8202945321798325,0.00442060530185695,15.0,13.959999999999999,trapezoid_from_zero_normalized_by_max_fraction
ton_iot_binary,42,rid_1bf21900e95747c105a7fd442abb6ec2,mlp,gradient_x_input,correlation_group_median,group_wise,insertion,1,ATTACK,True,1,ATTACK,0.9999991059303284,0.8121750801801682,50,0.16095854341983795,0.13438465952356227,0.08016513834326262,0.02657388389627567,0.08079340507657533,0.02258231279458523,0.011668217838218873,0.0037041769333666826,1.3293979167938232,1.1276685969829559,0.2017293198108674,15.8,16.692,trapezoid_from_zero_normalized_by_max_fraction
ton_iot_binary,42,rid_71adf7ccd4004e056d4214e84ac0076d,mlp,gradient_x_input,correlation_group_median,group_wise,insertion,1,ATTACK,True,1,ATTACK,0.999999463558197,0.8121754378080368,50,0.27031827867031094,0.2461752251982689,0.13336275399848818,0.024143053472042084,0.1369555246718228,0.0054363306021035255,0.0032170945434530514,0.017837548166874103,1.0289497375488281,1.1315533326864242,-0.1026035951375961,14.8,14.220000000000002,trapezoid_from_zero_normalized_by_max_fraction
ton_iot_binary,42,rid_14018286121dd46713a133f9bdfc93a8,mlp,gradient_x_input,correlation_group_median,group_wise,insertion,0,BENIGN,True,0,BENIGN,0.9999993221695148,0.1878233479196751,50,-0.022239493291522194,0.21422410553452165,0.22916990894258227,-0.23646359882604384,-0.25140940223410446,0.030638728243748522,0.02087673288604866,-0.27738199528269925,0.16503489017486572,0.2549216448357329,-0.08988675466086715,14.0,12.443999999999999,trapezoid_from_zero_normalized_by_max_fraction
ton_iot_binary,42,rid_8fdb1c9fcd903c2872e97a5c6111941b,mlp,gradient_x_input,correlation_group_joint_donor,group_wise_dependency_preserving,deletion,0,BENIGN,True,0,BENIGN,0.9999999282200988,0.187823953970259,50,0.3990805775966909,0.3480024064403354,0.3114995743143564,0.05107817115635546,0.08758100328233454,0.05614725007947487,0.027210736245139585,-0.0022548718841181245,0.6184261441230774,0.8503543399572372,-0.2319281958341598,16.0,14.968,trapezoid_from_zero_normalized_by_max_fraction
ton_iot_binary,42,rid_474d36f88a6911413398421460dc623d,mlp,gradient_x_input,correlation_group_joint_donor,group_wise_dependency_preserving,deletion,1,ATTACK,True,1,ATTACK,0.9998021125793456,0.8119780868291854,50,0.7834018973903993,0.5730509798601873,0.4269029585691738,0.21035091753021218,0.3564989388212256,0.057796607621769705,0.027599442938398694,0.15625600937095074,1.3283509016036987,1.0492457565069198,0.279105145096779,15.0,16.2,trapezoid_from_zero_normalized_by_max_fraction
ton_iot_binary,42,rid_96cb1ffdfa676fe22cc2e8c7693863c1,mlp,gradient_x_input,correlation_group_joint_donor,group_wise_dependency_preserving,deletion,0,BENIGN,True,0,BENIGN,0.999999991754982,0.1878240175051422,50,0.18808204055048638,0.3551416976099321,0.30779689337619637,-0.1670596570594457,-0.11971485282570997,0.0562347805453671,0.02703484392333506,-0.2200479511491824,1.4061728715896606,1.3261722738742827,0.08000059771537793,15.2,14.756,trapezoid_from_zero_normalized_by_max_fraction
ton_iot_binary,42,rid_b68c2581b0a71176c81c3e0638a60ef1,mlp,gradient_x_input,correlation_group_joint_donor,group_wise_dependency_preserving,deletion,0,BENIGN,True,0,BENIGN,0.9995845762314276,0.1874086019815876,50,0.43141601886018177,0.3646816467787062,0.41992311378015645,0.0667343720814756,0.011492905080025312,0.052641544912962135,0.025068253941235755,0.017600594356653523,1.176239013671875,1.0098664195537568,0.16637259411811822,16.6,14.74,trapezoid_from_zero_normalized_by_max_fraction
ton_iot_binary,42,rid_06c5b18595653bc93680b98572b085db,mlp,gradient_x_input,correlation_group_joint_donor,group_wise_dependency_preserving,deletion,0,BENIGN,True,0,BENIGN,0.9999470911352546,0.1877711168854147,50,0.5115521403089588,0.36997562270435175,0.1940002393858866,0.14157651760460704,0.3175519009230722,0.05077937324772165,0.025452671437372405,0.09168928158735713,1.3755496740341187,1.169273299217224,0.20627637481689476,15.6,16.212,trapezoid_from_zero_normalized_by_max_fraction
ton_iot_binary,42,rid_c8f5ddfce5c296fae3fcfd14c8281db5,mlp,gradient_x_input,correlation_group_joint_donor,group_wise_dependency_preserving,deletion,0,BENIGN,True,0,BENIGN,0.9999988437642742,0.1878228695144343,50,0.2570491616720858,0.12655907475619124,0.1656977541225431,0.1304900869158946,0.09135140754954271,0.030749229411670617,0.017853860705797146,0.09549651993253219,1.9522823095321655,1.8354677269458768,0.11681458258628874,14.0,13.459999999999999,trapezoid_from_zero_normalized_by_max_fraction
ton_iot_binary,42,rid_b5f19856921bec80ab4d0ae802f70a22,mlp,gradient_x_input,correlation_group_joint_donor,group_wise_dependency_preserving,deletion,0,BENIGN,True,0,BENIGN,0.9994899458251894,0.1873139715753496,50,0.44714906200717053,0.2410766714452181,0.3240695430254452,0.20607239056195242,0.12307951898172528,0.04919825925761761,0.02352537116246029,0.15996266308353024,1.1068106889724731,1.3250570346415043,-0.21824634566903112,13.6,14.748000000000001,trapezoid_from_zero_normalized_by_max_fraction
ton_iot_binary,42,rid_1c007e515f8c424983946ad431efb604,mlp,gradient_x_input,correlation_group_joint_donor,group_wise_dependency_preserving,deletion,0,BENIGN,True,0,BENIGN,0.9994844333268702,0.1873084590770304,50,0.36749247908179855,0.46299185414634536,0.43973502124043984,-0.09549937506454678,-0.07224254215864125,0.05596482818515776,0.027005306908362968,-0.1484297766049382,1.016927719116211,0.9570551912784577,0.05987252783775321,14.0,13.276,trapezoid_from_zero_normalized_by_max_fraction
ton_iot_binary,42,rid_24b36743723526135cc69620cd117e23,mlp,gradient_x_input,correlation_group_joint_donor,group_wise_dependency_preserving,deletion,1,ATTACK,True,1,ATTACK,0.9996989965438844,0.8118749707937242,50,0.6060507298186145,0.4418378275757884,0.37289530408933813,0.1642129022428262,0.2331554257292764,0.057389023577223044,0.027136207140817253,0.11102593624682439,0.5699604153633118,0.27638524425355715,0.2935751711097546,16.4,14.059999999999999,trapezoid_from_zero_normalized_by_max_fraction
ton_iot_binary,42,rid_f1d5bbcbb32162a53afde2d268aadebb,mlp,gradient_x_input,correlation_group_joint_donor,group_wise_dependency_preserving,deletion,1,ATTACK,True,1,ATTACK,0.9983906149864196,0.8105665892362593,50,0.2867652407832793,0.4268804746074766,0.375860758304824,-0.1401152338241973,-0.08909551752154474,0.053757881747036065,0.02579359942187596,-0.19067068869107417,1.516589879989624,1.2385083310604095,0.27808154892921455,14.0,13.904,trapezoid_from_zero_normalized_by_max_fraction
ton_iot_binary,42,rid_e4cc9122aaeae4b1c64e125cbf1f4bae,mlp,gradient_x_input,correlation_group_joint_donor,group_wise_dependency_preserving,deletion,1,ATTACK,True,1,ATTACK,0.9995288848876952,0.811704859137535,50,0.35475153374673024,0.3313631295528071,0.36239199198715555,0.02338840419392317,-0.007640458240425321,0.057504362665088404,0.02727372986800896,-0.03006810634737439,0.07746419310569763,0.0686204279512167,0.008843765154480931,14.8,12.807999999999998,trapezoid_from_zero_normalized_by_max_fraction
ton_iot_binary,42,rid_f836c721abe82ef8626b8d0828bf81a3,mlp,gradient_x_input,correlation_group_joint_donor,group_wise_dependency_preserving,deletion,1,ATTACK,True,1,ATTACK,0.9982398748397828,0.8104158490896226,50,0.5138576148369993,0.43074696469658846,0.3436190227391519,0.08311065014041075,0.17023859209784728,0.0537995732501332,0.025528189795063962,0.033075398142085384,0.44998979568481445,0.41362622192129495,0.03636357376351951,15.8,13.34,trapezoid_from_zero_normalized_by_max_fraction
ton_iot_binary,42,rid_ea42348fe63f562614533c2a240887de,mlp,gradient_x_input,correlation_group_joint_donor,group_wise_dependency_preserving,deletion,1,ATTACK,True,1,ATTACK,0.999978482723236,0.8121544569730758,50,0.3331806984264403,0.22583949373675763,0.4086201863899832,0.10734120468968274,-0.07543948796354287,0.04605319252945869,0.022414836431955472,0.06340812528305001,0.5276920199394226,0.5874002092778683,-0.05970818933844568,15.0,12.844,trapezoid_from_zero_normalized_by_max_fraction
ton_iot_binary,42,rid_1bf21900e95747c105a7fd442abb6ec2,mlp,gradient_x_input,correlation_group_joint_donor,group_wise_dependency_preserving,deletion,1,ATTACK,True,1,ATTACK,0.9999991059303284,0.8121750801801682,50,0.4529533274763252,0.3676965901608949,0.35827059364187386,0.08525673731543035,0.09468273383445137,0.05284664513069566,0.026116875453476678,0.03406766142661606,0.5551015734672546,0.5682387963533401,-0.013137222886085431,15.8,14.112,trapezoid_from_zero_normalized_by_max_fraction
ton_iot_binary,42,rid_71adf7ccd4004e056d4214e84ac0076d,mlp,gradient_x_input,correlation_group_joint_donor,group_wise_dependency_preserving,deletion,1,ATTACK,True,1,ATTACK,0.999999463558197,0.8121754378080368,50,0.2624030675448012,0.32371669353701005,0.33408657078254583,-0.0613136259922089,-0.07168350323774464,0.05173865885758787,0.024339865024872027,-0.10901976144095807,0.4866176247596741,0.7073244178295136,-0.22070679306983954,14.8,13.36,trapezoid_from_zero_normalized_by_max_fraction
ton_iot_binary,42,rid_14018286121dd46713a133f9bdfc93a8,mlp,gradient_x_input,correlation_group_joint_donor,group_wise_dependency_preserving,deletion,0,BENIGN,True,0,BENIGN,0.9999993221695148,0.1878233479196751,50,0.5260082297826898,0.28169076287359957,0.3067720328124922,0.24431746690909023,0.21923619697019753,0.05216722035279121,0.025458377243058532,0.1944190475126955,1.3672438859939575,1.272552223920822,0.09469166207313551,14.0,13.547999999999998,trapezoid_from_zero_normalized_by_max_fraction
ton_iot_binary,42,rid_8fdb1c9fcd903c2872e97a5c6111941b,mlp,gradient_x_input,correlation_group_joint_donor,group_wise_dependency_preserving,insertion,0,BENIGN,True,0,BENIGN,0.9999999282200988,0.187823953970259,50,0.5101866972270017,0.6712481048247319,0.5793015298175268,-0.16106140759773008,-0.0691148325905251,0.05396982371238637,0.025424896366300315,-0.2108942044756787,0.6184261441230774,0.8503543399572372,-0.2319281958341598,16.0,14.968,trapezoid_from_zero_normalized_by_max_fraction
ton_iot_binary,42,rid_474d36f88a6911413398421460dc623d,mlp,gradient_x_input,correlation_group_joint_donor,group_wise_dependency_preserving,insertion,1,ATTACK,True,1,ATTACK,0.9998021125793456,0.8119780868291854,50,0.4999224150787713,0.5376712593166282,0.4287420517401419,-0.037748844237856904,0.07118036333862938,0.05965698722861712,0.028362258084609845,-0.0933388700836922,1.3283509016036987,1.0492457565069198,0.279105145096779,15.0,16.2,trapezoid_from_zero_normalized_by_max_fraction
ton_iot_binary,42,rid_96cb1ffdfa676fe22cc2e8c7693863c1,mlp,gradient_x_input,correlation_group_joint_donor,group_wise_dependency_preserving,insertion,0,BENIGN,True,0,BENIGN,0.999999991754982,0.1878240175051422,50,0.3081172466258132,0.7107351363218698,0.6083363663243693,-0.4026178896960566,-0.300219119698556,0.04777041840317765,0.022709404935237397,-0.4471283233691219,1.4061728715896606,1.3261722738742827,0.08000059771537793,15.2,14.756,trapezoid_from_zero_normalized_by_max_fraction
ton_iot_binary,42,rid_b68c2581b0a71176c81c3e0638a60ef1,mlp,gradient_x_input,correlation_group_joint_donor,group_wise_dependency_preserving,insertion,0,BENIGN,True,0,BENIGN,0.9995845762314276,0.1874086019815876,50,0.5959789340342467,0.6297250926906754,0.5150400873444934,-0.0337461586564287,0.08093884668975336,0.05016540643997266,0.023619669251100085,-0.08004071038858487,1.176239013671875,1.0098664195537568,0.16637259411811822,16.6,14.74,trapezoid_from_zero_normalized_by_max_fraction
ton_iot_binary,42,rid_06c5b18595653bc93680b98572b085db,mlp,gradient_x_input,correlation_group_joint_donor,group_wise_dependency_preserving,insertion,0,BENIGN,True,0,BENIGN,0.9999470911352546,0.1877711168854147,50,0.9484267440237549,0.8452414284981999,0.704288001988878,0.10318531552555496,0.24413874203487693,0.023044482789894523,0.0120049090296492,0.07965569382744253,1.3755496740341187,1.169273299217224,0.20627637481689476,15.6,16.212,trapezoid_from_zero_normalized_by_max_fraction
ton_iot_binary,42,rid_c8f5ddfce5c296fae3fcfd14c8281db5,mlp,gradient_x_input,correlation_group_joint_donor,group_wise_dependency_preserving,insertion,0,BENIGN,True,0,BENIGN,0.9999988437642742,0.1878228695144343,50,0.9381344548637799,0.8570623155751838,0.7754615431784002,0.08107213928859613,0.16267291168537962,0.02758494765739537,0.014088584138971075,0.05345851437621282,1.9522823095321655,1.8354677269458768,0.11681458258628874,14.0,13.459999999999999,trapezoid_from_zero_normalized_by_max_fraction
ton_iot_binary,42,rid_b5f19856921bec80ab4d0ae802f70a22,mlp,gradient_x_input,correlation_group_joint_donor,group_wise_dependency_preserving,insertion,0,BENIGN,True,0,BENIGN,0.9994899458251894,0.1873139715753496,50,-0.001586415446945466,-0.25943145984339105,-0.23910024535074909,0.25784504439644557,0.23751382990380365,0.05201572051022957,0.024767774224682692,0.2093002069160675,1.1068106889724731,1.3250570346415043,-0.21824634566903112,13.6,14.748000000000001,trapezoid_from_zero_normalized_by_max_fraction
ton_iot_binary,42,rid_1c007e515f8c424983946ad431efb604,mlp,gradient_x_input,correlation_group_joint_donor,group_wise_dependency_preserving,insertion,0,BENIGN,True,0,BENIGN,0.9994844333268702,0.1873084590770304,50,0.6751779105409981,0.656151377858095,0.43781126483070865,0.01902653268290308,0.23736664571028937,0.048094837693874334,0.022134766659542175,-0.024357609969799583,1.016927719116211,0.9570551912784577,0.05987252783775321,14.0,13.276,trapezoid_from_zero_normalized_by_max_fraction
ton_iot_binary,42,rid_24b36743723526135cc69620cd117e23,mlp,gradient_x_input,correlation_group_joint_donor,group_wise_dependency_preserving,insertion,1,ATTACK,True,1,ATTACK,0.9996989965438844,0.8118749707937242,50,0.48021006493183954,0.47038213799673956,0.5347931117242147,0.009827926935100074,-0.05458304679237514,0.05816443688824098,0.027072952548192378,-0.04323506005935698,0.5699604153633118,0.27638524425355715,0.2935751711097546,16.4,14.059999999999999,trapezoid_from_zero_normalized_by_max_fraction
ton_iot_binary,42,rid_f1d5bbcbb32162a53afde2d268aadebb,mlp,gradient_x_input,correlation_group_joint_donor,group_wise_dependency_preserving,insertion,1,ATTACK,True,1,ATTACK,0.9983906149864196,0.8105665892362593,50,0.7437670866778561,0.4974484180633568,0.5757791776469136,0.24631866861449933,0.1679879090309426,0.05394228464668165,0.025524350328181764,0.19629094197126307,1.516589879989624,1.2385083310604095,0.27808154892921455,14.0,13.904,trapezoid_from_zero_normalized_by_max_fraction
ton_iot_binary,42,rid_e4cc9122aaeae4b1c64e125cbf1f4bae,mlp,gradient_x_input,correlation_group_joint_donor,group_wise_dependency_preserving,insertion,1,ATTACK,True,1,ATTACK,0.9995288848876952,0.811704859137535,50,-0.11037223935127258,-0.4447568100262127,-0.339817434068035,0.3343845706749401,0.22944519471676245,0.052774154587432696,0.02466538586460741,0.2860404143803096,0.07746419310569763,0.0686204279512167,0.008843765154480931,14.8,12.807999999999998,trapezoid_from_zero_normalized_by_max_fraction
ton_iot_binary,42,rid_f836c721abe82ef8626b8d0828bf81a3,mlp,gradient_x_input,correlation_group_joint_donor,group_wise_dependency_preserving,insertion,1,ATTACK,True,1,ATTACK,0.9982398748397828,0.8104158490896226,50,-0.0151125580072403,-0.2754434934177129,-0.2689364880349677,0.2603309354104726,0.2538239300277274,0.050740303179635717,0.02405045145280312,0.21319205056297846,0.44998979568481445,0.41362622192129495,0.03636357376351951,15.8,13.34,trapezoid_from_zero_normalized_by_max_fraction
ton_iot_binary,42,rid_ea42348fe63f562614533c2a240887de,mlp,gradient_x_input,correlation_group_joint_donor,group_wise_dependency_preserving,insertion,1,ATTACK,True,1,ATTACK,0.999978482723236,0.8121544569730758,50,-0.0867878273129463,-0.39263136806458787,-0.3400615408796788,0.3058435407516416,0.2532737135667325,0.05528085278829893,0.025763775395208972,0.255346540977032,0.5276920199394226,0.5874002092778683,-0.05970818933844568,15.0,12.844,trapezoid_from_zero_normalized_by_max_fraction
ton_iot_binary,42,rid_1bf21900e95747c105a7fd442abb6ec2,mlp,gradient_x_input,correlation_group_joint_donor,group_wise_dependency_preserving,insertion,1,ATTACK,True,1,ATTACK,0.9999991059303284,0.8121750801801682,50,-0.16046972572803495,-0.38292952355158094,-0.3712203318563676,0.22245979782354602,0.21075060612833266,0.05656960294651586,0.026639602429091084,0.1702461770625275,0.5551015734672546,0.5682387963533401,-0.013137222886085431,15.8,14.112,trapezoid_from_zero_normalized_by_max_fraction
ton_iot_binary,42,rid_71adf7ccd4004e056d4214e84ac0076d,mlp,gradient_x_input,correlation_group_joint_donor,group_wise_dependency_preserving,insertion,1,ATTACK,True,1,ATTACK,0.999999463558197,0.8121754378080368,50,0.8451073817459456,0.5833714021941705,0.6175861823324293,0.26173597955177513,0.2275211994135163,0.04946794270223041,0.023284454109871847,0.21609844949642631,0.4866176247596741,0.7073244178295136,-0.22070679306983954,14.8,13.36,trapezoid_from_zero_normalized_by_max_fraction
ton_iot_binary,42,rid_14018286121dd46713a133f9bdfc93a8,mlp,gradient_x_input,correlation_group_joint_donor,group_wise_dependency_preserving,insertion,0,BENIGN,True,0,BENIGN,0.9999993221695148,0.1878233479196751,50,0.5848776736264804,0.6882826962533048,0.6340435344360812,-0.10340502262682444,-0.049165860809600774,0.052662840593296546,0.025024511191319758,-0.15245306456181118,1.3672438859939575,1.272552223920822,0.09469166207313551,14.0,13.547999999999998,trapezoid_from_zero_normalized_by_max_fraction
