flow_id,target_class_id,absolute_residual,steps,task_id,model,seed
rid_b2e6ad3c35433e77480c4629f4e460b6,0,0.006248140261498,64,ton_iot_binary,cnn,43
rid_c97e74047b87effc6359326568740951,1,0.0097362444549853,64,ton_iot_binary,cnn,43
rid_707d3ebf43e8da4fd29be3b494faaeee,0,0.0001060655513993,64,ton_iot_binary,cnn,43
rid_794e50ec751749ebda35e4cbadbeff03,1,0.0151198815314664,64,ton_iot_binary,cnn,43
rid_cb17d30201badfc3ccbfcf8d970b0755,0,0.0008911479188353,64,ton_iot_binary,cnn,43
rid_e9ce8e5a65a2b6799a3dad1175e35758,0,0.00164563977772,64,ton_iot_binary,cnn,43
rid_ec631c7c12947b10d329a76c174aa3e5,0,0.0014510301495721,64,ton_iot_binary,cnn,43
rid_7e2fc1ac5f3381ccb272a424a66b9c71,0,0.001045269560445,64,ton_iot_binary,cnn,43
rid_158c9abd738958ac74c38750dd46d7a9,0,0.0151715070510084,64,ton_iot_binary,cnn,43
rid_fc7ae0de4a99cd9fa8c1165d0f619b12,1,0.0109849746330956,64,ton_iot_binary,cnn,43
rid_a12f6d1dee16b5484650dcf50a320893,1,0.0005593701866719,64,ton_iot_binary,cnn,43
rid_91c974c8502f7c603f7db1daf6093eb1,1,0.0024612887675261,64,ton_iot_binary,cnn,43
rid_0f5692a577a2c2b543ec69c4ba0b049f,1,0.0032490471338867,64,ton_iot_binary,cnn,43
rid_dbe23d194d66156ae86b6729a3ee7958,1,0.010936455661583,64,ton_iot_binary,cnn,43
rid_2e7b622a85b1d8053e237044b1e39307,1,0.6000399429924571,64,ton_iot_binary,cnn,43
rid_30e2d2b8532d77f06f656064abb2fe01,0,0.0016610175440887,64,ton_iot_binary,cnn,43
rid_b2e6ad3c35433e77480c4629f4e460b6,0,0.001476253093704,128,ton_iot_binary,cnn,43
rid_c97e74047b87effc6359326568740951,1,0.0038455335828663,128,ton_iot_binary,cnn,43
rid_707d3ebf43e8da4fd29be3b494faaeee,0,0.000195931778558,128,ton_iot_binary,cnn,43
rid_794e50ec751749ebda35e4cbadbeff03,1,0.0002750166862334,128,ton_iot_binary,cnn,43
rid_cb17d30201badfc3ccbfcf8d970b0755,0,0.0001799183826085,128,ton_iot_binary,cnn,43
rid_e9ce8e5a65a2b6799a3dad1175e35758,0,0.0005411658130116,128,ton_iot_binary,cnn,43
rid_ec631c7c12947b10d329a76c174aa3e5,0,0.0002576731151269,128,ton_iot_binary,cnn,43
rid_7e2fc1ac5f3381ccb272a424a66b9c71,0,0.0002125955500652,128,ton_iot_binary,cnn,43
rid_158c9abd738958ac74c38750dd46d7a9,0,0.0030364241775133,128,ton_iot_binary,cnn,43
rid_fc7ae0de4a99cd9fa8c1165d0f619b12,1,7.316229448273148e-06,128,ton_iot_binary,cnn,43
rid_a12f6d1dee16b5484650dcf50a320893,1,0.0002722244001647,128,ton_iot_binary,cnn,43
rid_91c974c8502f7c603f7db1daf6093eb1,1,0.0314119006235453,128,ton_iot_binary,cnn,43
rid_0f5692a577a2c2b543ec69c4ba0b049f,1,0.001798003600258,128,ton_iot_binary,cnn,43
rid_dbe23d194d66156ae86b6729a3ee7958,1,0.0053125261295587,128,ton_iot_binary,cnn,43
rid_2e7b622a85b1d8053e237044b1e39307,1,0.0683775956487358,128,ton_iot_binary,cnn,43
rid_30e2d2b8532d77f06f656064abb2fe01,0,0.0229582660727012,128,ton_iot_binary,cnn,43
rid_b2e6ad3c35433e77480c4629f4e460b6,0,0.0008015362836364,256,ton_iot_binary,cnn,43
rid_c97e74047b87effc6359326568740951,1,0.0001944314959394,256,ton_iot_binary,cnn,43
rid_707d3ebf43e8da4fd29be3b494faaeee,0,0.0001343405369958,256,ton_iot_binary,cnn,43
rid_794e50ec751749ebda35e4cbadbeff03,1,6.408841027805146e-05,256,ton_iot_binary,cnn,43
rid_cb17d30201badfc3ccbfcf8d970b0755,0,1.3668311181179447e-05,256,ton_iot_binary,cnn,43
rid_e9ce8e5a65a2b6799a3dad1175e35758,0,0.0002555478381223,256,ton_iot_binary,cnn,43
rid_ec631c7c12947b10d329a76c174aa3e5,0,0.0001320856005362,256,ton_iot_binary,cnn,43
rid_7e2fc1ac5f3381ccb272a424a66b9c71,0,0.0001214162233791,256,ton_iot_binary,cnn,43
rid_158c9abd738958ac74c38750dd46d7a9,0,0.0024289324979706,256,ton_iot_binary,cnn,43
rid_fc7ae0de4a99cd9fa8c1165d0f619b12,1,0.0015972384758619,256,ton_iot_binary,cnn,43
rid_a12f6d1dee16b5484650dcf50a320893,1,0.0007659924693956,256,ton_iot_binary,cnn,43
rid_91c974c8502f7c603f7db1daf6093eb1,1,0.0147008212435251,256,ton_iot_binary,cnn,43
rid_0f5692a577a2c2b543ec69c4ba0b049f,1,0.0036397561996563,256,ton_iot_binary,cnn,43
rid_dbe23d194d66156ae86b6729a3ee7958,1,6.607384747336909e-05,256,ton_iot_binary,cnn,43
rid_2e7b622a85b1d8053e237044b1e39307,1,0.0055558737297836,256,ton_iot_binary,cnn,43
rid_30e2d2b8532d77f06f656064abb2fe01,0,0.0057383932010031,256,ton_iot_binary,cnn,43
rid_b2e6ad3c35433e77480c4629f4e460b6,0,0.0005636096693579,512,ton_iot_binary,cnn,43
rid_c97e74047b87effc6359326568740951,1,6.435851706032558e-05,512,ton_iot_binary,cnn,43
rid_707d3ebf43e8da4fd29be3b494faaeee,0,6.62927766621052e-06,512,ton_iot_binary,cnn,43
rid_794e50ec751749ebda35e4cbadbeff03,1,0.0015443926129183,512,ton_iot_binary,cnn,43
rid_cb17d30201badfc3ccbfcf8d970b0755,0,6.394209767100756e-05,512,ton_iot_binary,cnn,43
rid_e9ce8e5a65a2b6799a3dad1175e35758,0,0.0001330788560445,512,ton_iot_binary,cnn,43
rid_ec631c7c12947b10d329a76c174aa3e5,0,9.476288616416806e-05,512,ton_iot_binary,cnn,43
rid_7e2fc1ac5f3381ccb272a424a66b9c71,0,8.464233530944276e-07,512,ton_iot_binary,cnn,43
rid_158c9abd738958ac74c38750dd46d7a9,0,0.0002654307948906,512,ton_iot_binary,cnn,43
rid_fc7ae0de4a99cd9fa8c1165d0f619b12,1,3.3896034932867636e-05,512,ton_iot_binary,cnn,43
rid_a12f6d1dee16b5484650dcf50a320893,1,0.000553276131716,512,ton_iot_binary,cnn,43
rid_91c974c8502f7c603f7db1daf6093eb1,1,0.0034078195645155,512,ton_iot_binary,cnn,43
rid_0f5692a577a2c2b543ec69c4ba0b049f,1,0.0001161894261909,512,ton_iot_binary,cnn,43
rid_dbe23d194d66156ae86b6729a3ee7958,1,0.0005482206995299,512,ton_iot_binary,cnn,43
rid_2e7b622a85b1d8053e237044b1e39307,1,0.0352140360818236,512,ton_iot_binary,cnn,43
rid_30e2d2b8532d77f06f656064abb2fe01,0,0.0010527339183603,512,ton_iot_binary,cnn,43
rid_b2e6ad3c35433e77480c4629f4e460b6,0,0.0002289146405384,1024,ton_iot_binary,cnn,43
rid_c97e74047b87effc6359326568740951,1,2.139301552517292e-05,1024,ton_iot_binary,cnn,43
rid_707d3ebf43e8da4fd29be3b494faaeee,0,3.571241233232825e-05,1024,ton_iot_binary,cnn,43
rid_794e50ec751749ebda35e4cbadbeff03,1,0.0002698042392942,1024,ton_iot_binary,cnn,43
rid_cb17d30201badfc3ccbfcf8d970b0755,0,2.0645960791390583e-05,1024,ton_iot_binary,cnn,43
rid_e9ce8e5a65a2b6799a3dad1175e35758,0,3.7192403611038816e-05,1024,ton_iot_binary,cnn,43
rid_ec631c7c12947b10d329a76c174aa3e5,0,1.2631958969389068e-05,1024,ton_iot_binary,cnn,43
rid_7e2fc1ac5f3381ccb272a424a66b9c71,0,8.124938579961993e-06,1024,ton_iot_binary,cnn,43
rid_158c9abd738958ac74c38750dd46d7a9,0,0.0015994921708384,1024,ton_iot_binary,cnn,43
rid_fc7ae0de4a99cd9fa8c1165d0f619b12,1,0.0001517995626099,1024,ton_iot_binary,cnn,43
rid_a12f6d1dee16b5484650dcf50a320893,1,0.0002351782938696,1024,ton_iot_binary,cnn,43
rid_91c974c8502f7c603f7db1daf6093eb1,1,0.002831006705446,1024,ton_iot_binary,cnn,43
rid_0f5692a577a2c2b543ec69c4ba0b049f,1,0.0004328826958951,1024,ton_iot_binary,cnn,43
rid_dbe23d194d66156ae86b6729a3ee7958,1,0.0005242756958671,1024,ton_iot_binary,cnn,43
rid_2e7b622a85b1d8053e237044b1e39307,1,0.0107844550408682,1024,ton_iot_binary,cnn,43
rid_30e2d2b8532d77f06f656064abb2fe01,0,0.0008468979550719,1024,ton_iot_binary,cnn,43
rid_b2e6ad3c35433e77480c4629f4e460b6,0,0.0001254092644061,2048,ton_iot_binary,cnn,43
rid_c97e74047b87effc6359326568740951,1,0.0001116569249006,2048,ton_iot_binary,cnn,43
rid_707d3ebf43e8da4fd29be3b494faaeee,0,3.8529740217785324e-06,2048,ton_iot_binary,cnn,43
rid_794e50ec751749ebda35e4cbadbeff03,1,5.34489888078804e-05,2048,ton_iot_binary,cnn,43
rid_cb17d30201badfc3ccbfcf8d970b0755,0,2.9239755532928235e-06,2048,ton_iot_binary,cnn,43
rid_e9ce8e5a65a2b6799a3dad1175e35758,0,1.913363251944411e-05,2048,ton_iot_binary,cnn,43
rid_ec631c7c12947b10d329a76c174aa3e5,0,1.743398805126306e-05,2048,ton_iot_binary,cnn,43
rid_7e2fc1ac5f3381ccb272a424a66b9c71,0,7.5938177632947634e-06,2048,ton_iot_binary,cnn,43
rid_158c9abd738958ac74c38750dd46d7a9,0,0.0005124195802451,2048,ton_iot_binary,cnn,43
rid_fc7ae0de4a99cd9fa8c1165d0f619b12,1,0.0001447746159883,2048,ton_iot_binary,cnn,43
rid_a12f6d1dee16b5484650dcf50a320893,1,0.0001971218484267,2048,ton_iot_binary,cnn,43
rid_91c974c8502f7c603f7db1daf6093eb1,1,0.0013553557484775,2048,ton_iot_binary,cnn,43
rid_0f5692a577a2c2b543ec69c4ba0b049f,1,0.0001111440989602,2048,ton_iot_binary,cnn,43
rid_dbe23d194d66156ae86b6729a3ee7958,1,0.000124920459549,2048,ton_iot_binary,cnn,43
rid_2e7b622a85b1d8053e237044b1e39307,1,0.0004301454078029,2048,ton_iot_binary,cnn,43
rid_30e2d2b8532d77f06f656064abb2fe01,0,0.0003087105366764,2048,ton_iot_binary,cnn,43
rid_e13827c83185161c7c0b99ba9d64957b,1,0.0046030429124482,64,ton_iot_binary,cnn,44
rid_ef4dbeca8c6e9e5a28ec51984f863f5e,0,0.0004297335805354,64,ton_iot_binary,cnn,44
rid_6f52453d073fc8bc5e4b820c91fbe00b,1,0.0155611233913037,64,ton_iot_binary,cnn,44
rid_570d4e4c0656385b1ac71946ec9e7005,0,0.0002103975370063,64,ton_iot_binary,cnn,44
rid_09a64f0fa6cadd3617af4780c22b50ee,0,0.0003479306717486,64,ton_iot_binary,cnn,44
rid_81b89ffcf123490e378d9f74f973d9cb,0,0.0004971047206913,64,ton_iot_binary,cnn,44
rid_23c16c109ee27fddfa72ce7584269fca,1,0.0002178518870209,64,ton_iot_binary,cnn,44
rid_4c2df38882aeb492bdd2e430018cba45,0,0.0029831834324907,64,ton_iot_binary,cnn,44
rid_eb1927a8720b5217bb5776ea17ecc583,0,6.815202752704849e-05,64,ton_iot_binary,cnn,44
rid_eb7481618ef10f4df643e110f07a2dcf,1,0.0076600439897578,64,ton_iot_binary,cnn,44
rid_f0378aaba46be60fca41ad5b2db318a0,0,0.0421697273450369,64,ton_iot_binary,cnn,44
rid_b30199c038053ee47c67b88b55177759,1,0.4159463666304503,64,ton_iot_binary,cnn,44
rid_3b6b5b4376745614496ba3585c996744,1,0.0018648391475245,64,ton_iot_binary,cnn,44
rid_4f9f0e723343acb7ff9f5afeff834bdd,1,0.0739407275349988,64,ton_iot_binary,cnn,44
rid_03cae9980d701f613e6c440862b60af8,0,0.2143189943533209,64,ton_iot_binary,cnn,44
rid_c227d6e6261de4767c6a9f1c6db47961,1,0.05104040033806,64,ton_iot_binary,cnn,44
rid_e13827c83185161c7c0b99ba9d64957b,1,0.0024932006175453,128,ton_iot_binary,cnn,44
rid_ef4dbeca8c6e9e5a28ec51984f863f5e,0,0.0001031052118797,128,ton_iot_binary,cnn,44
rid_6f52453d073fc8bc5e4b820c91fbe00b,1,0.0104443372432138,128,ton_iot_binary,cnn,44
rid_570d4e4c0656385b1ac71946ec9e7005,0,3.5791176340380093e-07,128,ton_iot_binary,cnn,44
rid_09a64f0fa6cadd3617af4780c22b50ee,0,5.910802668138149e-06,128,ton_iot_binary,cnn,44
rid_81b89ffcf123490e378d9f74f973d9cb,0,2.833902224753243e-05,128,ton_iot_binary,cnn,44
rid_23c16c109ee27fddfa72ce7584269fca,1,0.0045515655466279,128,ton_iot_binary,cnn,44
rid_4c2df38882aeb492bdd2e430018cba45,0,0.0003262188629525,128,ton_iot_binary,cnn,44
rid_eb1927a8720b5217bb5776ea17ecc583,0,4.287580480271877e-05,128,ton_iot_binary,cnn,44
rid_eb7481618ef10f4df643e110f07a2dcf,1,0.0130501341417155,128,ton_iot_binary,cnn,44
rid_f0378aaba46be60fca41ad5b2db318a0,0,0.002612155253141,128,ton_iot_binary,cnn,44
rid_b30199c038053ee47c67b88b55177759,1,0.1416583065554655,128,ton_iot_binary,cnn,44
rid_3b6b5b4376745614496ba3585c996744,1,0.0026950128147568,128,ton_iot_binary,cnn,44
rid_4f9f0e723343acb7ff9f5afeff834bdd,1,0.0286981140006803,128,ton_iot_binary,cnn,44
rid_03cae9980d701f613e6c440862b60af8,0,0.0815940468133485,128,ton_iot_binary,cnn,44
rid_c227d6e6261de4767c6a9f1c6db47961,1,0.0112560797133212,128,ton_iot_binary,cnn,44
rid_e13827c83185161c7c0b99ba9d64957b,1,0.0024453896017646,256,ton_iot_binary,cnn,44
rid_ef4dbeca8c6e9e5a28ec51984f863f5e,0,6.804861904215892e-05,256,ton_iot_binary,cnn,44
rid_6f52453d073fc8bc5e4b820c91fbe00b,1,0.0040509816210838,256,ton_iot_binary,cnn,44
rid_570d4e4c0656385b1ac71946ec9e7005,0,7.07683510671013e-05,256,ton_iot_binary,cnn,44
rid_09a64f0fa6cadd3617af4780c22b50ee,0,5.7761905212359854e-05,256,ton_iot_binary,cnn,44
rid_81b89ffcf123490e378d9f74f973d9cb,0,9.092317130231578e-05,256,ton_iot_binary,cnn,44
rid_23c16c109ee27fddfa72ce7584269fca,1,0.0026934969439766,256,ton_iot_binary,cnn,44
rid_4c2df38882aeb492bdd2e430018cba45,0,0.0001213228257706,256,ton_iot_binary,cnn,44
rid_eb1927a8720b5217bb5776ea17ecc583,0,4.176213527697092e-06,256,ton_iot_binary,cnn,44
rid_eb7481618ef10f4df643e110f07a2dcf,1,0.0051331126994347,256,ton_iot_binary,cnn,44
rid_f0378aaba46be60fca41ad5b2db318a0,0,0.0272626336830228,256,ton_iot_binary,cnn,44
rid_b30199c038053ee47c67b88b55177759,1,0.0526212842672411,256,ton_iot_binary,cnn,44
rid_3b6b5b4376745614496ba3585c996744,1,0.0014864161935614,256,ton_iot_binary,cnn,44
rid_4f9f0e723343acb7ff9f5afeff834bdd,1,0.0105434978687264,256,ton_iot_binary,cnn,44
rid_03cae9980d701f613e6c440862b60af8,0,0.0076603973863001,256,ton_iot_binary,cnn,44
rid_c227d6e6261de4767c6a9f1c6db47961,1,0.0028703195891157,256,ton_iot_binary,cnn,44
rid_e13827c83185161c7c0b99ba9d64957b,1,0.0015949920917958,512,ton_iot_binary,cnn,44
rid_ef4dbeca8c6e9e5a28ec51984f863f5e,0,1.5686974014317984e-05,512,ton_iot_binary,cnn,44
rid_6f52453d073fc8bc5e4b820c91fbe00b,1,0.0003667849971891,512,ton_iot_binary,cnn,44
rid_570d4e4c0656385b1ac71946ec9e7005,0,2.4693331114388622e-05,512,ton_iot_binary,cnn,44
rid_09a64f0fa6cadd3617af4780c22b50ee,0,3.037671307739437e-05,512,ton_iot_binary,cnn,44
rid_81b89ffcf123490e378d9f74f973d9cb,0,8.196754778273113e-06,512,ton_iot_binary,cnn,44
rid_23c16c109ee27fddfa72ce7584269fca,1,0.0011174909587229,512,ton_iot_binary,cnn,44
rid_4c2df38882aeb492bdd2e430018cba45,0,1.543090848091927e-05,512,ton_iot_binary,cnn,44
rid_eb1927a8720b5217bb5776ea17ecc583,0,2.821932162024726e-06,512,ton_iot_binary,cnn,44
rid_eb7481618ef10f4df643e110f07a2dcf,1,0.0006858226115902,512,ton_iot_binary,cnn,44
rid_f0378aaba46be60fca41ad5b2db318a0,0,0.0078865572813011,512,ton_iot_binary,cnn,44
rid_b30199c038053ee47c67b88b55177759,1,0.0109645334494388,512,ton_iot_binary,cnn,44
rid_3b6b5b4376745614496ba3585c996744,1,0.0019917569180856,512,ton_iot_binary,cnn,44
rid_4f9f0e723343acb7ff9f5afeff834bdd,1,0.0082335136383209,512,ton_iot_binary,cnn,44
rid_03cae9980d701f613e6c440862b60af8,0,0.0027844671129687,512,ton_iot_binary,cnn,44
rid_c227d6e6261de4767c6a9f1c6db47961,1,0.0011841532221588,512,ton_iot_binary,cnn,44
rid_e13827c83185161c7c0b99ba9d64957b,1,0.0002429144064699,1024,ton_iot_binary,cnn,44
rid_ef4dbeca8c6e9e5a28ec51984f863f5e,0,1.016009066253168e-05,1024,ton_iot_binary,cnn,44
rid_6f52453d073fc8bc5e4b820c91fbe00b,1,0.0002481771698421,1024,ton_iot_binary,cnn,44
rid_570d4e4c0656385b1ac71946ec9e7005,0,5.313877613263157e-06,1024,ton_iot_binary,cnn,44
rid_09a64f0fa6cadd3617af4780c22b50ee,0,7.414829558002878e-06,1024,ton_iot_binary,cnn,44
rid_81b89ffcf123490e378d9f74f973d9cb,0,7.01864771090327e-07,1024,ton_iot_binary,cnn,44
rid_23c16c109ee27fddfa72ce7584269fca,1,0.0002333854543687,1024,ton_iot_binary,cnn,44
rid_4c2df38882aeb492bdd2e430018cba45,0,2.476533476288706e-06,1024,ton_iot_binary,cnn,44
rid_eb1927a8720b5217bb5776ea17ecc583,0,3.3230427690031372e-06,1024,ton_iot_binary,cnn,44
rid_eb7481618ef10f4df643e110f07a2dcf,1,1.3021153323578004e-05,1024,ton_iot_binary,cnn,44
rid_f0378aaba46be60fca41ad5b2db318a0,0,0.0018843076177681,1024,ton_iot_binary,cnn,44
rid_b30199c038053ee47c67b88b55177759,1,0.0088729207656114,1024,ton_iot_binary,cnn,44
rid_3b6b5b4376745614496ba3585c996744,1,0.000602712633004,1024,ton_iot_binary,cnn,44
rid_4f9f0e723343acb7ff9f5afeff834bdd,1,0.0065526221219771,1024,ton_iot_binary,cnn,44
rid_03cae9980d701f613e6c440862b60af8,0,0.0035249932983691,1024,ton_iot_binary,cnn,44
rid_c227d6e6261de4767c6a9f1c6db47961,1,0.0012733788062311,1024,ton_iot_binary,cnn,44
rid_0f10c3d89b68fbe7fa9ad016fc3f75fb,1,0.0021255573733781,64,ton_iot_binary,cnn,45
rid_4faa43b45b0feb9ed282cb62c680ce79,0,0.0002242205920471,64,ton_iot_binary,cnn,45
rid_5a33d161d8d10faa00b275ac9696f995,0,0.0003949244665826,64,ton_iot_binary,cnn,45
rid_0301c030c34c248a59d1f5dbe56e333d,0,0.0009156296231973,64,ton_iot_binary,cnn,45
rid_98596a0ff3e4526af3c7124ba788cb29,1,0.0079297489606932,64,ton_iot_binary,cnn,45
rid_590cc55c691016a6ef7a0e5cb9e9b91f,0,0.0007300418505691,64,ton_iot_binary,cnn,45
rid_3788d66e0af8adb806de603d5e5bc5ae,0,0.0006906591310301,64,ton_iot_binary,cnn,45
rid_25acb94433ea6154566bae082cbd458f,1,0.0061140717344526,64,ton_iot_binary,cnn,45
rid_32173e5cffef88e090444250c06e9ee0,1,0.019602402619788,64,ton_iot_binary,cnn,45
rid_c6e5ec8a4c2d0d638ba916a0400a760b,1,0.0353239410622907,64,ton_iot_binary,cnn,45
rid_5ea40f633786dad901bf847b0c6c65bd,0,0.1828642993481537,64,ton_iot_binary,cnn,45
rid_ed91b9dad9a880f137c1a1cc5ca0bab3,1,0.3667112216632844,64,ton_iot_binary,cnn,45
rid_38e3c4472579dd1e721c4a5b11da6a05,1,0.0344119311065931,64,ton_iot_binary,cnn,45
rid_6a1d87d1ef5b9c1c597008251c5fc0de,1,0.0626048613153448,64,ton_iot_binary,cnn,45
rid_79e31292c8ecdafc38b6f891deedd741,0,0.0185077754915198,64,ton_iot_binary,cnn,45
rid_70c64531b38d7bcd15e3f26a52579812,0,0.0304993401820594,64,ton_iot_binary,cnn,45
rid_0f10c3d89b68fbe7fa9ad016fc3f75fb,1,0.0009984001376334,128,ton_iot_binary,cnn,45
rid_4faa43b45b0feb9ed282cb62c680ce79,0,0.0002120628005875,128,ton_iot_binary,cnn,45
rid_5a33d161d8d10faa00b275ac9696f995,0,0.0002627577570483,128,ton_iot_binary,cnn,45
rid_0301c030c34c248a59d1f5dbe56e333d,0,0.0005154158096079,128,ton_iot_binary,cnn,45
rid_98596a0ff3e4526af3c7124ba788cb29,1,0.0043503740091001,128,ton_iot_binary,cnn,45
rid_590cc55c691016a6ef7a0e5cb9e9b91f,0,0.0004540960097116,128,ton_iot_binary,cnn,45
rid_3788d66e0af8adb806de603d5e5bc5ae,0,0.0004439045117305,128,ton_iot_binary,cnn,45
rid_25acb94433ea6154566bae082cbd458f,1,0.0026789204802721,128,ton_iot_binary,cnn,45
rid_32173e5cffef88e090444250c06e9ee0,1,0.0165129575498186,128,ton_iot_binary,cnn,45
rid_c6e5ec8a4c2d0d638ba916a0400a760b,1,0.0151059023817826,128,ton_iot_binary,cnn,45
rid_5ea40f633786dad901bf847b0c6c65bd,0,0.0351778851178736,128,ton_iot_binary,cnn,45
rid_ed91b9dad9a880f137c1a1cc5ca0bab3,1,0.1145564248864337,128,ton_iot_binary,cnn,45
rid_38e3c4472579dd1e721c4a5b11da6a05,1,0.0186361909397967,128,ton_iot_binary,cnn,45
rid_6a1d87d1ef5b9c1c597008251c5fc0de,1,0.0139860321509434,128,ton_iot_binary,cnn,45
rid_79e31292c8ecdafc38b6f891deedd741,0,0.0574883546371335,128,ton_iot_binary,cnn,45
rid_70c64531b38d7bcd15e3f26a52579812,0,0.0105114983574678,128,ton_iot_binary,cnn,45
rid_0f10c3d89b68fbe7fa9ad016fc3f75fb,1,0.0017533080373284,256,ton_iot_binary,cnn,45
rid_4faa43b45b0feb9ed282cb62c680ce79,0,0.0003001902897398,256,ton_iot_binary,cnn,45
rid_5a33d161d8d10faa00b275ac9696f995,0,0.0001454755932417,256,ton_iot_binary,cnn,45
rid_0301c030c34c248a59d1f5dbe56e333d,0,0.0001043222401304,256,ton_iot_binary,cnn,45
rid_98596a0ff3e4526af3c7124ba788cb29,1,0.0043968085419444,256,ton_iot_binary,cnn,45
rid_590cc55c691016a6ef7a0e5cb9e9b91f,0,9.888702991844855e-05,256,ton_iot_binary,cnn,45
rid_3788d66e0af8adb806de603d5e5bc5ae,0,0.0001406990692333,256,ton_iot_binary,cnn,45
rid_25acb94433ea6154566bae082cbd458f,1,0.0011916796363439,256,ton_iot_binary,cnn,45
rid_32173e5cffef88e090444250c06e9ee0,1,0.0018880722696303,256,ton_iot_binary,cnn,45
rid_c6e5ec8a4c2d0d638ba916a0400a760b,1,0.0075409257717781,256,ton_iot_binary,cnn,45
rid_5ea40f633786dad901bf847b0c6c65bd,0,0.0037427791667014,256,ton_iot_binary,cnn,45
rid_ed91b9dad9a880f137c1a1cc5ca0bab3,1,0.0336618516563829,256,ton_iot_binary,cnn,45
rid_38e3c4472579dd1e721c4a5b11da6a05,1,0.0014742352341867,256,ton_iot_binary,cnn,45
rid_6a1d87d1ef5b9c1c597008251c5fc0de,1,0.0128760827659091,256,ton_iot_binary,cnn,45
rid_79e31292c8ecdafc38b6f891deedd741,0,0.0078792079413723,256,ton_iot_binary,cnn,45
rid_70c64531b38d7bcd15e3f26a52579812,0,0.0053645885509816,256,ton_iot_binary,cnn,45
rid_0f10c3d89b68fbe7fa9ad016fc3f75fb,1,0.0002979047555299,512,ton_iot_binary,cnn,45
rid_4faa43b45b0feb9ed282cb62c680ce79,0,0.0001373653074316,512,ton_iot_binary,cnn,45
rid_5a33d161d8d10faa00b275ac9696f995,0,0.0001195073829854,512,ton_iot_binary,cnn,45
rid_0301c030c34c248a59d1f5dbe56e333d,0,0.000115881665119,512,ton_iot_binary,cnn,45
rid_98596a0ff3e4526af3c7124ba788cb29,1,0.0001013206080714,512,ton_iot_binary,cnn,45
rid_590cc55c691016a6ef7a0e5cb9e9b91f,0,9.740386610705698e-05,512,ton_iot_binary,cnn,45
rid_3788d66e0af8adb806de603d5e5bc5ae,0,0.0001005633427601,512,ton_iot_binary,cnn,45
rid_25acb94433ea6154566bae082cbd458f,1,0.0004490698823959,512,ton_iot_binary,cnn,45
rid_32173e5cffef88e090444250c06e9ee0,1,0.0024645494485504,512,ton_iot_binary,cnn,45
rid_c6e5ec8a4c2d0d638ba916a0400a760b,1,0.0037481214797099,512,ton_iot_binary,cnn,45
rid_5ea40f633786dad901bf847b0c6c65bd,0,0.0123637216905258,512,ton_iot_binary,cnn,45
rid_ed91b9dad9a880f137c1a1cc5ca0bab3,1,0.018045864648383,512,ton_iot_binary,cnn,45
rid_38e3c4472579dd1e721c4a5b11da6a05,1,0.0032630883479878,512,ton_iot_binary,cnn,45
rid_6a1d87d1ef5b9c1c597008251c5fc0de,1,0.0084264998564743,512,ton_iot_binary,cnn,45
rid_79e31292c8ecdafc38b6f891deedd741,0,0.0223939265414036,512,ton_iot_binary,cnn,45
rid_70c64531b38d7bcd15e3f26a52579812,0,0.0103257341875331,512,ton_iot_binary,cnn,45
rid_0f10c3d89b68fbe7fa9ad016fc3f75fb,1,0.0001460785238688,1024,ton_iot_binary,cnn,45
rid_4faa43b45b0feb9ed282cb62c680ce79,0,9.085358016597268e-05,1024,ton_iot_binary,cnn,45
rid_5a33d161d8d10faa00b275ac9696f995,0,3.0710673418046786e-05,1024,ton_iot_binary,cnn,45
rid_0301c030c34c248a59d1f5dbe56e333d,0,6.464830877057903e-05,1024,ton_iot_binary,cnn,45
rid_98596a0ff3e4526af3c7124ba788cb29,1,0.000990874570998,1024,ton_iot_binary,cnn,45
rid_590cc55c691016a6ef7a0e5cb9e9b91f,0,5.755765183976247e-05,1024,ton_iot_binary,cnn,45
rid_3788d66e0af8adb806de603d5e5bc5ae,0,6.278422907055742e-05,1024,ton_iot_binary,cnn,45
rid_25acb94433ea6154566bae082cbd458f,1,0.0001328673582079,1024,ton_iot_binary,cnn,45
rid_32173e5cffef88e090444250c06e9ee0,1,0.0002157965919025,1024,ton_iot_binary,cnn,45
rid_c6e5ec8a4c2d0d638ba916a0400a760b,1,0.0012865165283403,1024,ton_iot_binary,cnn,45
rid_5ea40f633786dad901bf847b0c6c65bd,0,0.0002740381480868,1024,ton_iot_binary,cnn,45
rid_ed91b9dad9a880f137c1a1cc5ca0bab3,1,0.0038740640531036,1024,ton_iot_binary,cnn,45
rid_38e3c4472579dd1e721c4a5b11da6a05,1,0.0016362831177831,1024,ton_iot_binary,cnn,45
rid_6a1d87d1ef5b9c1c597008251c5fc0de,1,0.003061029194622,1024,ton_iot_binary,cnn,45
rid_79e31292c8ecdafc38b6f891deedd741,0,0.0010066819859322,1024,ton_iot_binary,cnn,45
rid_70c64531b38d7bcd15e3f26a52579812,0,0.0065959972049542,1024,ton_iot_binary,cnn,45
rid_8fdb1c9fcd903c2872e97a5c6111941b,0,0.0034813271078483,64,ton_iot_binary,cnn,42
rid_474d36f88a6911413398421460dc623d,1,0.0008918645726998,64,ton_iot_binary,cnn,42
rid_96cb1ffdfa676fe22cc2e8c7693863c1,0,0.0005598592533136,64,ton_iot_binary,cnn,42
rid_b68c2581b0a71176c81c3e0638a60ef1,0,0.00442222577338,64,ton_iot_binary,cnn,42
rid_06c5b18595653bc93680b98572b085db,0,0.0281243928725564,64,ton_iot_binary,cnn,42
rid_c8f5ddfce5c296fae3fcfd14c8281db5,0,0.0446711887187085,64,ton_iot_binary,cnn,42
rid_b5f19856921bec80ab4d0ae802f70a22,0,0.0838983663213386,64,ton_iot_binary,cnn,42
rid_1c007e515f8c424983946ad431efb604,0,0.0058764050884276,64,ton_iot_binary,cnn,42
rid_24b36743723526135cc69620cd117e23,1,0.0025593956725266,64,ton_iot_binary,cnn,42
rid_f1d5bbcbb32162a53afde2d268aadebb,1,0.0050336560180583,64,ton_iot_binary,cnn,42
rid_e4cc9122aaeae4b1c64e125cbf1f4bae,1,0.0707249394420883,64,ton_iot_binary,cnn,42
rid_f836c721abe82ef8626b8d0828bf81a3,1,0.0643296612132992,64,ton_iot_binary,cnn,42
rid_ea42348fe63f562614533c2a240887de,1,0.3293463454524379,64,ton_iot_binary,cnn,42
rid_1bf21900e95747c105a7fd442abb6ec2,1,0.0288685549280891,64,ton_iot_binary,cnn,42
rid_71adf7ccd4004e056d4214e84ac0076d,1,0.0431247212803863,64,ton_iot_binary,cnn,42
rid_14018286121dd46713a133f9bdfc93a8,0,0.000593508726686,64,ton_iot_binary,cnn,42
rid_8fdb1c9fcd903c2872e97a5c6111941b,0,0.000560439198895,128,ton_iot_binary,cnn,42
rid_474d36f88a6911413398421460dc623d,1,0.0012654058453254,128,ton_iot_binary,cnn,42
rid_96cb1ffdfa676fe22cc2e8c7693863c1,0,0.0016083823494594,128,ton_iot_binary,cnn,42
rid_b68c2581b0a71176c81c3e0638a60ef1,0,0.0020093322024777,128,ton_iot_binary,cnn,42
rid_06c5b18595653bc93680b98572b085db,0,0.0064725386835681,128,ton_iot_binary,cnn,42
rid_c8f5ddfce5c296fae3fcfd14c8281db5,0,0.019004835633416,128,ton_iot_binary,cnn,42
rid_b5f19856921bec80ab4d0ae802f70a22,0,0.0051951662974887,128,ton_iot_binary,cnn,42
rid_1c007e515f8c424983946ad431efb604,0,0.000539415367958,128,ton_iot_binary,cnn,42
rid_24b36743723526135cc69620cd117e23,1,0.0254719002321077,128,ton_iot_binary,cnn,42
rid_f1d5bbcbb32162a53afde2d268aadebb,1,0.0047371332840919,128,ton_iot_binary,cnn,42
rid_e4cc9122aaeae4b1c64e125cbf1f4bae,1,0.0231951401153203,128,ton_iot_binary,cnn,42
rid_f836c721abe82ef8626b8d0828bf81a3,1,0.0095014250947966,128,ton_iot_binary,cnn,42
rid_ea42348fe63f562614533c2a240887de,1,0.0487988768476103,128,ton_iot_binary,cnn,42
rid_1bf21900e95747c105a7fd442abb6ec2,1,0.0134039066467757,128,ton_iot_binary,cnn,42
rid_71adf7ccd4004e056d4214e84ac0076d,1,0.0745694630121505,128,ton_iot_binary,cnn,42
rid_14018286121dd46713a133f9bdfc93a8,0,0.0174822543624361,128,ton_iot_binary,cnn,42
rid_8fdb1c9fcd903c2872e97a5c6111941b,0,0.0013041930346464,256,ton_iot_binary,cnn,42
rid_474d36f88a6911413398421460dc623d,1,0.0045474114009912,256,ton_iot_binary,cnn,42
rid_96cb1ffdfa676fe22cc2e8c7693863c1,0,0.000224923393167,256,ton_iot_binary,cnn,42
rid_b68c2581b0a71176c81c3e0638a60ef1,0,0.0003449690001963,256,ton_iot_binary,cnn,42
rid_06c5b18595653bc93680b98572b085db,0,0.0082963656805991,256,ton_iot_binary,cnn,42
rid_c8f5ddfce5c296fae3fcfd14c8281db5,0,0.0027960512144149,256,ton_iot_binary,cnn,42
rid_b5f19856921bec80ab4d0ae802f70a22,0,0.007861313899053,256,ton_iot_binary,cnn,42
rid_1c007e515f8c424983946ad431efb604,0,0.0013862252947813,256,ton_iot_binary,cnn,42
rid_24b36743723526135cc69620cd117e23,1,0.0094567687120175,256,ton_iot_binary,cnn,42
rid_f1d5bbcbb32162a53afde2d268aadebb,1,0.0004309626054967,256,ton_iot_binary,cnn,42
rid_e4cc9122aaeae4b1c64e125cbf1f4bae,1,0.0112294388370925,256,ton_iot_binary,cnn,42
rid_f836c721abe82ef8626b8d0828bf81a3,1,0.0017172184892935,256,ton_iot_binary,cnn,42
rid_ea42348fe63f562614533c2a240887de,1,0.0803706767243324,256,ton_iot_binary,cnn,42
rid_1bf21900e95747c105a7fd442abb6ec2,1,0.0016248496089272,256,ton_iot_binary,cnn,42
rid_71adf7ccd4004e056d4214e84ac0076d,1,0.0219965993253722,256,ton_iot_binary,cnn,42
rid_14018286121dd46713a133f9bdfc93a8,0,0.0063959370314372,256,ton_iot_binary,cnn,42
rid_8fdb1c9fcd903c2872e97a5c6111941b,0,0.0004617449032377,512,ton_iot_binary,cnn,42
rid_474d36f88a6911413398421460dc623d,1,0.0011486871096699,512,ton_iot_binary,cnn,42
rid_96cb1ffdfa676fe22cc2e8c7693863c1,0,0.0004575550206252,512,ton_iot_binary,cnn,42
rid_b68c2581b0a71176c81c3e0638a60ef1,0,0.0005125442805667,512,ton_iot_binary,cnn,42
rid_06c5b18595653bc93680b98572b085db,0,0.00687866086044,512,ton_iot_binary,cnn,42
rid_c8f5ddfce5c296fae3fcfd14c8281db5,0,0.0069257992963467,512,ton_iot_binary,cnn,42
rid_b5f19856921bec80ab4d0ae802f70a22,0,0.0032671241200659,512,ton_iot_binary,cnn,42
rid_1c007e515f8c424983946ad431efb604,0,0.0003350274597735,512,ton_iot_binary,cnn,42
rid_24b36743723526135cc69620cd117e23,1,0.0084367534943835,512,ton_iot_binary,cnn,42
rid_f1d5bbcbb32162a53afde2d268aadebb,1,1.603651432757758e-07,512,ton_iot_binary,cnn,42
rid_e4cc9122aaeae4b1c64e125cbf1f4bae,1,0.0015771928886731,512,ton_iot_binary,cnn,42
rid_f836c721abe82ef8626b8d0828bf81a3,1,0.0002666646729574,512,ton_iot_binary,cnn,42
rid_ea42348fe63f562614533c2a240887de,1,0.0388929333823995,512,ton_iot_binary,cnn,42
rid_1bf21900e95747c105a7fd442abb6ec2,1,0.0098516127798451,512,ton_iot_binary,cnn,42
rid_71adf7ccd4004e056d4214e84ac0076d,1,0.0112530633736904,512,ton_iot_binary,cnn,42
rid_14018286121dd46713a133f9bdfc93a8,0,0.0019234528743145,512,ton_iot_binary,cnn,42
rid_8fdb1c9fcd903c2872e97a5c6111941b,0,0.0001023447718268,1024,ton_iot_binary,cnn,42
rid_474d36f88a6911413398421460dc623d,1,0.0026876192895891,1024,ton_iot_binary,cnn,42
rid_96cb1ffdfa676fe22cc2e8c7693863c1,0,0.0001226585305252,1024,ton_iot_binary,cnn,42
rid_b68c2581b0a71176c81c3e0638a60ef1,0,0.0002968176722388,1024,ton_iot_binary,cnn,42
rid_06c5b18595653bc93680b98572b085db,0,0.0002989710941554,1024,ton_iot_binary,cnn,42
rid_c8f5ddfce5c296fae3fcfd14c8281db5,0,0.0013447024667363,1024,ton_iot_binary,cnn,42
rid_b5f19856921bec80ab4d0ae802f70a22,0,0.0029048307631511,1024,ton_iot_binary,cnn,42
rid_1c007e515f8c424983946ad431efb604,0,7.64913130328615e-05,1024,ton_iot_binary,cnn,42
rid_24b36743723526135cc69620cd117e23,1,0.0011699812097658,1024,ton_iot_binary,cnn,42
rid_f1d5bbcbb32162a53afde2d268aadebb,1,9.688637346827456e-05,1024,ton_iot_binary,cnn,42
rid_e4cc9122aaeae4b1c64e125cbf1f4bae,1,0.0005247731278976,1024,ton_iot_binary,cnn,42
rid_f836c721abe82ef8626b8d0828bf81a3,1,6.315795967060112e-05,1024,ton_iot_binary,cnn,42
rid_ea42348fe63f562614533c2a240887de,1,0.0049883327699533,1024,ton_iot_binary,cnn,42
rid_1bf21900e95747c105a7fd442abb6ec2,1,0.0006499008132101,1024,ton_iot_binary,cnn,42
rid_71adf7ccd4004e056d4214e84ac0076d,1,0.0038469435451065,1024,ton_iot_binary,cnn,42
rid_14018286121dd46713a133f9bdfc93a8,0,0.0001392074037602,1024,ton_iot_binary,cnn,42
rid_f0c76c1ef3adf56e3915b11c7d28c607,1,0.0196299679989299,64,ton_iot_binary,cnn,46
rid_5654332763228cdbe941f6291bdfd98f,0,0.0023094885214846,64,ton_iot_binary,cnn,46
rid_5ac6083d52d9128cc0c7879c86271a52,0,0.0004839072523402,64,ton_iot_binary,cnn,46
rid_63700775accb259980416d6c21c2b49b,0,0.1061054125463876,64,ton_iot_binary,cnn,46
rid_7a46b2fad8b34e52ccbe406dfdd6c1b4,0,0.0021957954542933,64,ton_iot_binary,cnn,46
rid_1a518cad6906e59db9ffc85d6011041a,0,0.0042001069639671,64,ton_iot_binary,cnn,46
rid_3c11ba6c875c6b422b5beb6a9c1cf647,1,0.008792604066391,64,ton_iot_binary,cnn,46
rid_72bbb8e961a8c932da072f79827d67c4,0,0.0003955601874274,64,ton_iot_binary,cnn,46
rid_be2af7863764ca8a412b678f54301a22,0,0.0028729085909943,64,ton_iot_binary,cnn,46
rid_505e152c3ef69a8f8e767b07816248d3,1,0.0826956769939144,64,ton_iot_binary,cnn,46
rid_30bff1125cda1c3988a046944ca3efb3,1,0.0129619178596169,64,ton_iot_binary,cnn,46
rid_9c888da59f61f2c2540b876846e0e6bf,1,0.1284284886912992,64,ton_iot_binary,cnn,46
rid_9c33cb19da563a668f713cb01c8cdbf1,1,0.0635441243590535,64,ton_iot_binary,cnn,46
rid_4bdac81e88e4e8c3a0632b0c9d67d421,1,0.0664846383631547,64,ton_iot_binary,cnn,46
rid_435881a1379124d28c655ee245760977,0,0.1995180123104751,64,ton_iot_binary,cnn,46
rid_485f8b3f726a9fbc91128993da261e64,1,0.1452438673690337,64,ton_iot_binary,cnn,46
rid_f0c76c1ef3adf56e3915b11c7d28c607,1,0.0085533855040468,128,ton_iot_binary,cnn,46
rid_5654332763228cdbe941f6291bdfd98f,0,0.0005875962486736,128,ton_iot_binary,cnn,46
rid_5ac6083d52d9128cc0c7879c86271a52,0,0.000106883180419,128,ton_iot_binary,cnn,46
rid_63700775accb259980416d6c21c2b49b,0,0.0424613786199099,128,ton_iot_binary,cnn,46
rid_7a46b2fad8b34e52ccbe406dfdd6c1b4,0,0.0024920085166236,128,ton_iot_binary,cnn,46
rid_1a518cad6906e59db9ffc85d6011041a,0,0.0007214707314576,128,ton_iot_binary,cnn,46
rid_3c11ba6c875c6b422b5beb6a9c1cf647,1,0.0064334812884905,128,ton_iot_binary,cnn,46
rid_72bbb8e961a8c932da072f79827d67c4,0,0.0027970731462846,128,ton_iot_binary,cnn,46
rid_be2af7863764ca8a412b678f54301a22,0,0.0012810116228292,128,ton_iot_binary,cnn,46
rid_505e152c3ef69a8f8e767b07816248d3,1,0.0488570126835266,128,ton_iot_binary,cnn,46
rid_30bff1125cda1c3988a046944ca3efb3,1,0.004025913546779,128,ton_iot_binary,cnn,46
rid_9c888da59f61f2c2540b876846e0e6bf,1,0.0676708999741733,128,ton_iot_binary,cnn,46
rid_9c33cb19da563a668f713cb01c8cdbf1,1,0.0595840441188284,128,ton_iot_binary,cnn,46
rid_4bdac81e88e4e8c3a0632b0c9d67d421,1,0.0019664944353039,128,ton_iot_binary,cnn,46
rid_435881a1379124d28c655ee245760977,0,0.0106772094078143,128,ton_iot_binary,cnn,46
rid_485f8b3f726a9fbc91128993da261e64,1,0.023179532147934,128,ton_iot_binary,cnn,46
rid_f0c76c1ef3adf56e3915b11c7d28c607,1,0.0041288635010873,256,ton_iot_binary,cnn,46
rid_5654332763228cdbe941f6291bdfd98f,0,0.0047406902085352,256,ton_iot_binary,cnn,46
rid_5ac6083d52d9128cc0c7879c86271a52,0,0.003005190554145,256,ton_iot_binary,cnn,46
rid_63700775accb259980416d6c21c2b49b,0,0.0341252719890201,256,ton_iot_binary,cnn,46
rid_7a46b2fad8b34e52ccbe406dfdd6c1b4,0,0.0057557639123942,256,ton_iot_binary,cnn,46
rid_1a518cad6906e59db9ffc85d6011041a,0,0.0040643598074782,256,ton_iot_binary,cnn,46
rid_3c11ba6c875c6b422b5beb6a9c1cf647,1,0.0048242479863411,256,ton_iot_binary,cnn,46
rid_72bbb8e961a8c932da072f79827d67c4,0,0.0016375793915417,256,ton_iot_binary,cnn,46
rid_be2af7863764ca8a412b678f54301a22,0,0.0049342695417011,256,ton_iot_binary,cnn,46
rid_505e152c3ef69a8f8e767b07816248d3,1,0.0392802216785588,256,ton_iot_binary,cnn,46
rid_30bff1125cda1c3988a046944ca3efb3,1,0.0043333392838547,256,ton_iot_binary,cnn,46
rid_9c888da59f61f2c2540b876846e0e6bf,1,0.0258616850441473,256,ton_iot_binary,cnn,46
rid_9c33cb19da563a668f713cb01c8cdbf1,1,0.0389398288573948,256,ton_iot_binary,cnn,46
rid_4bdac81e88e4e8c3a0632b0c9d67d421,1,0.0013248249090827,256,ton_iot_binary,cnn,46
rid_435881a1379124d28c655ee245760977,0,0.0115427655563099,256,ton_iot_binary,cnn,46
rid_485f8b3f726a9fbc91128993da261e64,1,0.0049007144488526,256,ton_iot_binary,cnn,46
rid_f0c76c1ef3adf56e3915b11c7d28c607,1,0.0043071383641136,512,ton_iot_binary,cnn,46
rid_5654332763228cdbe941f6291bdfd98f,0,0.0016823917109802,512,ton_iot_binary,cnn,46
rid_5ac6083d52d9128cc0c7879c86271a52,0,0.0009887712951928,512,ton_iot_binary,cnn,46
rid_63700775accb259980416d6c21c2b49b,0,0.0247807910777462,512,ton_iot_binary,cnn,46
rid_7a46b2fad8b34e52ccbe406dfdd6c1b4,0,0.0021060383811425,512,ton_iot_binary,cnn,46
rid_1a518cad6906e59db9ffc85d6011041a,0,0.001427196553012,512,ton_iot_binary,cnn,46
rid_3c11ba6c875c6b422b5beb6a9c1cf647,1,0.0037701060500353,512,ton_iot_binary,cnn,46
rid_72bbb8e961a8c932da072f79827d67c4,0,0.0006596693122509,512,ton_iot_binary,cnn,46
rid_be2af7863764ca8a412b678f54301a22,0,0.0019170041668108,512,ton_iot_binary,cnn,46
rid_505e152c3ef69a8f8e767b07816248d3,1,0.0074834234915348,512,ton_iot_binary,cnn,46
rid_30bff1125cda1c3988a046944ca3efb3,1,0.002695474345583,512,ton_iot_binary,cnn,46
rid_9c888da59f61f2c2540b876846e0e6bf,1,0.0020096621414371,512,ton_iot_binary,cnn,46
rid_9c33cb19da563a668f713cb01c8cdbf1,1,0.0366959594556999,512,ton_iot_binary,cnn,46
rid_4bdac81e88e4e8c3a0632b0c9d67d421,1,0.0013136581074097,512,ton_iot_binary,cnn,46
rid_435881a1379124d28c655ee245760977,0,0.0160031021320259,512,ton_iot_binary,cnn,46
rid_485f8b3f726a9fbc91128993da261e64,1,0.0044119858861519,512,ton_iot_binary,cnn,46
rid_f0c76c1ef3adf56e3915b11c7d28c607,1,0.0049760502122162,1024,ton_iot_binary,cnn,46
rid_5654332763228cdbe941f6291bdfd98f,0,0.0008611535825872,1024,ton_iot_binary,cnn,46
rid_5ac6083d52d9128cc0c7879c86271a52,0,0.0005296353362943,1024,ton_iot_binary,cnn,46
rid_63700775accb259980416d6c21c2b49b,0,0.0039632724088942,1024,ton_iot_binary,cnn,46
rid_7a46b2fad8b34e52ccbe406dfdd6c1b4,0,0.0011038651835071,1024,ton_iot_binary,cnn,46
rid_1a518cad6906e59db9ffc85d6011041a,0,0.0011351424480246,1024,ton_iot_binary,cnn,46
rid_3c11ba6c875c6b422b5beb6a9c1cf647,1,0.0023979644431211,1024,ton_iot_binary,cnn,46
rid_72bbb8e961a8c932da072f79827d67c4,0,6.499895258893496e-05,1024,ton_iot_binary,cnn,46
rid_be2af7863764ca8a412b678f54301a22,0,0.0010597207818275,1024,ton_iot_binary,cnn,46
rid_505e152c3ef69a8f8e767b07816248d3,1,0.0073346855866303,1024,ton_iot_binary,cnn,46
rid_30bff1125cda1c3988a046944ca3efb3,1,0.0007929730445161,1024,ton_iot_binary,cnn,46
rid_9c888da59f61f2c2540b876846e0e6bf,1,0.0001685370325279,1024,ton_iot_binary,cnn,46
rid_9c33cb19da563a668f713cb01c8cdbf1,1,0.0015887998919457,1024,ton_iot_binary,cnn,46
rid_4bdac81e88e4e8c3a0632b0c9d67d421,1,0.0009764980712503,1024,ton_iot_binary,cnn,46
rid_435881a1379124d28c655ee245760977,0,0.0001604415194536,1024,ton_iot_binary,cnn,46
rid_485f8b3f726a9fbc91128993da261e64,1,0.0068540296539461,1024,ton_iot_binary,cnn,46
rid_b2e6ad3c35433e77480c4629f4e460b6,0,0.0311609729080576,64,ton_iot_binary,mlp,43
rid_c97e74047b87effc6359326568740951,1,0.0043187434140688,64,ton_iot_binary,mlp,43
rid_707d3ebf43e8da4fd29be3b494faaeee,0,0.0158825465325196,64,ton_iot_binary,mlp,43
rid_794e50ec751749ebda35e4cbadbeff03,1,0.0050694189268259,64,ton_iot_binary,mlp,43
rid_cb17d30201badfc3ccbfcf8d970b0755,0,0.0104807924865245,64,ton_iot_binary,mlp,43
rid_e9ce8e5a65a2b6799a3dad1175e35758,0,0.0169704513815416,64,ton_iot_binary,mlp,43
rid_ec631c7c12947b10d329a76c174aa3e5,0,0.0046520768771518,64,ton_iot_binary,mlp,43
rid_7e2fc1ac5f3381ccb272a424a66b9c71,0,0.009815428423243,64,ton_iot_binary,mlp,43
rid_158c9abd738958ac74c38750dd46d7a9,0,0.0017717644317576,64,ton_iot_binary,mlp,43
rid_fc7ae0de4a99cd9fa8c1165d0f619b12,1,0.0014950353690131,64,ton_iot_binary,mlp,43
rid_a12f6d1dee16b5484650dcf50a320893,1,0.0042289435436549,64,ton_iot_binary,mlp,43
rid_91c974c8502f7c603f7db1daf6093eb1,1,0.0012585497143318,64,ton_iot_binary,mlp,43
rid_0f5692a577a2c2b543ec69c4ba0b049f,1,0.0021183345089835,64,ton_iot_binary,mlp,43
rid_dbe23d194d66156ae86b6729a3ee7958,1,0.0004099738751948,64,ton_iot_binary,mlp,43
rid_2e7b622a85b1d8053e237044b1e39307,1,0.0120502562861979,64,ton_iot_binary,mlp,43
rid_30e2d2b8532d77f06f656064abb2fe01,0,0.0062714653034459,64,ton_iot_binary,mlp,43
rid_b2e6ad3c35433e77480c4629f4e460b6,0,0.0057076488918993,128,ton_iot_binary,mlp,43
rid_c97e74047b87effc6359326568740951,1,7.252739404522979e-05,128,ton_iot_binary,mlp,43
rid_707d3ebf43e8da4fd29be3b494faaeee,0,0.0086993303694976,128,ton_iot_binary,mlp,43
rid_794e50ec751749ebda35e4cbadbeff03,1,0.0030238335807215,128,ton_iot_binary,mlp,43
rid_cb17d30201badfc3ccbfcf8d970b0755,0,0.0042687081686794,128,ton_iot_binary,mlp,43
rid_e9ce8e5a65a2b6799a3dad1175e35758,0,0.0063806670279975,128,ton_iot_binary,mlp,43
rid_ec631c7c12947b10d329a76c174aa3e5,0,0.0017553852260299,128,ton_iot_binary,mlp,43
rid_7e2fc1ac5f3381ccb272a424a66b9c71,0,0.0027565295970948,128,ton_iot_binary,mlp,43
rid_158c9abd738958ac74c38750dd46d7a9,0,0.0063981473363607,128,ton_iot_binary,mlp,43
rid_fc7ae0de4a99cd9fa8c1165d0f619b12,1,0.0021421132128214,128,ton_iot_binary,mlp,43
rid_a12f6d1dee16b5484650dcf50a320893,1,0.0004185067373854,128,ton_iot_binary,mlp,43
rid_91c974c8502f7c603f7db1daf6093eb1,1,0.0007165966734359,128,ton_iot_binary,mlp,43
rid_0f5692a577a2c2b543ec69c4ba0b049f,1,0.000196217861706,128,ton_iot_binary,mlp,43
rid_dbe23d194d66156ae86b6729a3ee7958,1,0.0020772144327179,128,ton_iot_binary,mlp,43
rid_2e7b622a85b1d8053e237044b1e39307,1,0.0073739988045798,128,ton_iot_binary,mlp,43
rid_30e2d2b8532d77f06f656064abb2fe01,0,0.0044034058057909,128,ton_iot_binary,mlp,43
rid_b2e6ad3c35433e77480c4629f4e460b6,0,0.0015537892777238,256,ton_iot_binary,mlp,43
rid_c97e74047b87effc6359326568740951,1,0.0005788892194893,256,ton_iot_binary,mlp,43
rid_707d3ebf43e8da4fd29be3b494faaeee,0,0.0021867395374359,256,ton_iot_binary,mlp,43
rid_794e50ec751749ebda35e4cbadbeff03,1,0.0008869434848956,256,ton_iot_binary,mlp,43
rid_cb17d30201badfc3ccbfcf8d970b0755,0,0.0004376714463918,256,ton_iot_binary,mlp,43
rid_e9ce8e5a65a2b6799a3dad1175e35758,0,0.0004301027571428,256,ton_iot_binary,mlp,43
rid_ec631c7c12947b10d329a76c174aa3e5,0,0.0006300066195482,256,ton_iot_binary,mlp,43
rid_7e2fc1ac5f3381ccb272a424a66b9c71,0,9.600349011884556e-05,256,ton_iot_binary,mlp,43
rid_158c9abd738958ac74c38750dd46d7a9,0,0.0013990854682336,256,ton_iot_binary,mlp,43
rid_fc7ae0de4a99cd9fa8c1165d0f619b12,1,0.0005125907843385,256,ton_iot_binary,mlp,43
rid_a12f6d1dee16b5484650dcf50a320893,1,0.0002418124294764,256,ton_iot_binary,mlp,43
rid_91c974c8502f7c603f7db1daf6093eb1,1,2.525549193888033e-06,256,ton_iot_binary,mlp,43
rid_0f5692a577a2c2b543ec69c4ba0b049f,1,0.0007138505710814,256,ton_iot_binary,mlp,43
rid_dbe23d194d66156ae86b6729a3ee7958,1,0.0002894423133801,256,ton_iot_binary,mlp,43
rid_2e7b622a85b1d8053e237044b1e39307,1,0.0043002417719921,256,ton_iot_binary,mlp,43
rid_30e2d2b8532d77f06f656064abb2fe01,0,0.0016873990205525,256,ton_iot_binary,mlp,43
rid_e13827c83185161c7c0b99ba9d64957b,1,0.0028840190064932,64,ton_iot_binary,mlp,44
rid_ef4dbeca8c6e9e5a28ec51984f863f5e,0,0.0132113183026933,64,ton_iot_binary,mlp,44
rid_6f52453d073fc8bc5e4b820c91fbe00b,1,0.0127886751042718,64,ton_iot_binary,mlp,44
rid_570d4e4c0656385b1ac71946ec9e7005,0,0.0033357861956035,64,ton_iot_binary,mlp,44
rid_09a64f0fa6cadd3617af4780c22b50ee,0,0.003384410479308,64,ton_iot_binary,mlp,44
rid_81b89ffcf123490e378d9f74f973d9cb,0,0.0041106623259797,64,ton_iot_binary,mlp,44
rid_23c16c109ee27fddfa72ce7584269fca,1,0.0188244700183882,64,ton_iot_binary,mlp,44
rid_4c2df38882aeb492bdd2e430018cba45,0,0.0056788509513623,64,ton_iot_binary,mlp,44
rid_eb1927a8720b5217bb5776ea17ecc583,0,0.0028909810858381,64,ton_iot_binary,mlp,44
rid_eb7481618ef10f4df643e110f07a2dcf,1,0.005918286571802,64,ton_iot_binary,mlp,44
rid_f0378aaba46be60fca41ad5b2db318a0,0,0.0124673578886813,64,ton_iot_binary,mlp,44
rid_b30199c038053ee47c67b88b55177759,1,0.0033193976836645,64,ton_iot_binary,mlp,44
rid_3b6b5b4376745614496ba3585c996744,1,0.0019610665984902,64,ton_iot_binary,mlp,44
rid_4f9f0e723343acb7ff9f5afeff834bdd,1,0.0055682438570467,64,ton_iot_binary,mlp,44
rid_03cae9980d701f613e6c440862b60af8,0,0.0321207939511397,64,ton_iot_binary,mlp,44
rid_c227d6e6261de4767c6a9f1c6db47961,1,0.0038980817983563,64,ton_iot_binary,mlp,44
rid_e13827c83185161c7c0b99ba9d64957b,1,0.0024810339357067,128,ton_iot_binary,mlp,44
rid_ef4dbeca8c6e9e5a28ec51984f863f5e,0,0.0068142966844301,128,ton_iot_binary,mlp,44
rid_6f52453d073fc8bc5e4b820c91fbe00b,1,0.0028495158483143,128,ton_iot_binary,mlp,44
rid_570d4e4c0656385b1ac71946ec9e7005,0,0.0027085033903336,128,ton_iot_binary,mlp,44
rid_09a64f0fa6cadd3617af4780c22b50ee,0,0.0031173682041164,128,ton_iot_binary,mlp,44
rid_81b89ffcf123490e378d9f74f973d9cb,0,0.0042004262037429,128,ton_iot_binary,mlp,44
rid_23c16c109ee27fddfa72ce7584269fca,1,0.0123460335974431,128,ton_iot_binary,mlp,44
rid_4c2df38882aeb492bdd2e430018cba45,0,0.0056434422695826,128,ton_iot_binary,mlp,44
rid_eb1927a8720b5217bb5776ea17ecc583,0,0.0031327338568959,128,ton_iot_binary,mlp,44
rid_eb7481618ef10f4df643e110f07a2dcf,1,0.000950519223218,128,ton_iot_binary,mlp,44
rid_f0378aaba46be60fca41ad5b2db318a0,0,0.0124131915193856,128,ton_iot_binary,mlp,44
rid_b30199c038053ee47c67b88b55177759,1,0.0002951947300514,128,ton_iot_binary,mlp,44
rid_3b6b5b4376745614496ba3585c996744,1,0.0001759009513058,128,ton_iot_binary,mlp,44
rid_4f9f0e723343acb7ff9f5afeff834bdd,1,0.0026069786010456,128,ton_iot_binary,mlp,44
rid_03cae9980d701f613e6c440862b60af8,0,0.001611160908958,128,ton_iot_binary,mlp,44
rid_c227d6e6261de4767c6a9f1c6db47961,1,0.0012866042896115,128,ton_iot_binary,mlp,44
rid_e13827c83185161c7c0b99ba9d64957b,1,0.0008371969989831,256,ton_iot_binary,mlp,44
rid_ef4dbeca8c6e9e5a28ec51984f863f5e,0,0.0004417029870597,256,ton_iot_binary,mlp,44
rid_6f52453d073fc8bc5e4b820c91fbe00b,1,0.0042566548210254,256,ton_iot_binary,mlp,44
rid_570d4e4c0656385b1ac71946ec9e7005,0,0.0006120704465937,256,ton_iot_binary,mlp,44
rid_09a64f0fa6cadd3617af4780c22b50ee,0,0.0009053567233111,256,ton_iot_binary,mlp,44
rid_81b89ffcf123490e378d9f74f973d9cb,0,0.0010655605555774,256,ton_iot_binary,mlp,44
rid_23c16c109ee27fddfa72ce7584269fca,1,0.0061421166813245,256,ton_iot_binary,mlp,44
rid_4c2df38882aeb492bdd2e430018cba45,0,0.0045923283827334,256,ton_iot_binary,mlp,44
rid_eb1927a8720b5217bb5776ea17ecc583,0,0.0019989181344904,256,ton_iot_binary,mlp,44
rid_eb7481618ef10f4df643e110f07a2dcf,1,0.0012199013940294,256,ton_iot_binary,mlp,44
rid_f0378aaba46be60fca41ad5b2db318a0,0,0.0023016640914192,256,ton_iot_binary,mlp,44
rid_b30199c038053ee47c67b88b55177759,1,6.937564506481059e-05,256,ton_iot_binary,mlp,44
rid_3b6b5b4376745614496ba3585c996744,1,2.409899066268401e-05,256,ton_iot_binary,mlp,44
rid_4f9f0e723343acb7ff9f5afeff834bdd,1,0.0037316281166166,256,ton_iot_binary,mlp,44
rid_03cae9980d701f613e6c440862b60af8,0,0.0115340112904979,256,ton_iot_binary,mlp,44
rid_c227d6e6261de4767c6a9f1c6db47961,1,0.0006057690910284,256,ton_iot_binary,mlp,44
rid_e13827c83185161c7c0b99ba9d64957b,1,0.0023579477445661,512,ton_iot_binary,mlp,44
rid_ef4dbeca8c6e9e5a28ec51984f863f5e,0,0.0002486915459986,512,ton_iot_binary,mlp,44
rid_6f52453d073fc8bc5e4b820c91fbe00b,1,0.0022071983329421,512,ton_iot_binary,mlp,44
rid_570d4e4c0656385b1ac71946ec9e7005,0,0.0009768008663008,512,ton_iot_binary,mlp,44
rid_09a64f0fa6cadd3617af4780c22b50ee,0,3.0429362448125552e-05,512,ton_iot_binary,mlp,44
rid_81b89ffcf123490e378d9f74f973d9cb,0,0.0006344663720315,512,ton_iot_binary,mlp,44
rid_23c16c109ee27fddfa72ce7584269fca,1,0.0011108088874231,512,ton_iot_binary,mlp,44
rid_4c2df38882aeb492bdd2e430018cba45,0,0.0027756080581703,512,ton_iot_binary,mlp,44
rid_eb1927a8720b5217bb5776ea17ecc583,0,0.0008994575487597,512,ton_iot_binary,mlp,44
rid_eb7481618ef10f4df643e110f07a2dcf,1,0.0006635817415638,512,ton_iot_binary,mlp,44
rid_f0378aaba46be60fca41ad5b2db318a0,0,0.0019425305051754,512,ton_iot_binary,mlp,44
rid_b30199c038053ee47c67b88b55177759,1,0.0001773474504088,512,ton_iot_binary,mlp,44
rid_3b6b5b4376745614496ba3585c996744,1,0.0001341262020719,512,ton_iot_binary,mlp,44
rid_4f9f0e723343acb7ff9f5afeff834bdd,1,0.0016899292314551,512,ton_iot_binary,mlp,44
rid_03cae9980d701f613e6c440862b60af8,0,0.0029923817198951,512,ton_iot_binary,mlp,44
rid_c227d6e6261de4767c6a9f1c6db47961,1,7.165802696929013e-05,512,ton_iot_binary,mlp,44
rid_0f10c3d89b68fbe7fa9ad016fc3f75fb,1,0.0050976848259998,64,ton_iot_binary,mlp,45
rid_4faa43b45b0feb9ed282cb62c680ce79,0,0.002950281376797,64,ton_iot_binary,mlp,45
rid_5a33d161d8d10faa00b275ac9696f995,0,0.002422362589155,64,ton_iot_binary,mlp,45
rid_0301c030c34c248a59d1f5dbe56e333d,0,0.0078676503228471,64,ton_iot_binary,mlp,45
rid_98596a0ff3e4526af3c7124ba788cb29,1,0.0199879161258202,64,ton_iot_binary,mlp,45
rid_590cc55c691016a6ef7a0e5cb9e9b91f,0,0.0183165773127595,64,ton_iot_binary,mlp,45
rid_3788d66e0af8adb806de603d5e5bc5ae,0,0.0031643172683091,64,ton_iot_binary,mlp,45
rid_25acb94433ea6154566bae082cbd458f,1,0.0045398331617054,64,ton_iot_binary,mlp,45
rid_32173e5cffef88e090444250c06e9ee0,1,0.0016989110138028,64,ton_iot_binary,mlp,45
rid_c6e5ec8a4c2d0d638ba916a0400a760b,1,0.013743346038704,64,ton_iot_binary,mlp,45
rid_5ea40f633786dad901bf847b0c6c65bd,0,0.0188513266418469,64,ton_iot_binary,mlp,45
rid_ed91b9dad9a880f137c1a1cc5ca0bab3,1,0.048154469045196,64,ton_iot_binary,mlp,45
rid_38e3c4472579dd1e721c4a5b11da6a05,1,0.0258537391269877,64,ton_iot_binary,mlp,45
rid_6a1d87d1ef5b9c1c597008251c5fc0de,1,0.0083506036730423,64,ton_iot_binary,mlp,45
rid_79e31292c8ecdafc38b6f891deedd741,0,0.0284361460874538,64,ton_iot_binary,mlp,45
rid_70c64531b38d7bcd15e3f26a52579812,0,0.0021537617129659,64,ton_iot_binary,mlp,45
rid_0f10c3d89b68fbe7fa9ad016fc3f75fb,1,0.0014949890596406,128,ton_iot_binary,mlp,45
rid_4faa43b45b0feb9ed282cb62c680ce79,0,0.00078127069847,128,ton_iot_binary,mlp,45
rid_5a33d161d8d10faa00b275ac9696f995,0,0.0028621076248818,128,ton_iot_binary,mlp,45
rid_0301c030c34c248a59d1f5dbe56e333d,0,0.0048802408506869,128,ton_iot_binary,mlp,45
rid_98596a0ff3e4526af3c7124ba788cb29,1,0.0035470522098528,128,ton_iot_binary,mlp,45
rid_590cc55c691016a6ef7a0e5cb9e9b91f,0,0.0045381821606477,128,ton_iot_binary,mlp,45
rid_3788d66e0af8adb806de603d5e5bc5ae,0,0.0037221624965818,128,ton_iot_binary,mlp,45
rid_25acb94433ea6154566bae082cbd458f,1,0.000725426728423,128,ton_iot_binary,mlp,45
rid_32173e5cffef88e090444250c06e9ee0,1,0.0083128079170697,128,ton_iot_binary,mlp,45
rid_c6e5ec8a4c2d0d638ba916a0400a760b,1,0.0042429885550022,128,ton_iot_binary,mlp,45
rid_5ea40f633786dad901bf847b0c6c65bd,0,0.0149041647472961,128,ton_iot_binary,mlp,45
rid_ed91b9dad9a880f137c1a1cc5ca0bab3,1,0.0045840719102107,128,ton_iot_binary,mlp,45
rid_38e3c4472579dd1e721c4a5b11da6a05,1,0.0050328159321524,128,ton_iot_binary,mlp,45
rid_6a1d87d1ef5b9c1c597008251c5fc0de,1,0.0080947699828925,128,ton_iot_binary,mlp,45
rid_79e31292c8ecdafc38b6f891deedd741,0,0.038478139664274,128,ton_iot_binary,mlp,45
rid_70c64531b38d7bcd15e3f26a52579812,0,0.0035690148071111,128,ton_iot_binary,mlp,45
rid_0f10c3d89b68fbe7fa9ad016fc3f75fb,1,0.0005545257876611,256,ton_iot_binary,mlp,45
rid_4faa43b45b0feb9ed282cb62c680ce79,0,0.0022656539958595,256,ton_iot_binary,mlp,45
rid_5a33d161d8d10faa00b275ac9696f995,0,0.0003664127887818,256,ton_iot_binary,mlp,45
rid_0301c030c34c248a59d1f5dbe56e333d,0,0.0018157965896095,256,ton_iot_binary,mlp,45
rid_98596a0ff3e4526af3c7124ba788cb29,1,0.0005815812459495,256,ton_iot_binary,mlp,45
rid_590cc55c691016a6ef7a0e5cb9e9b91f,0,0.00080696915425,256,ton_iot_binary,mlp,45
rid_3788d66e0af8adb806de603d5e5bc5ae,0,0.0010795148066127,256,ton_iot_binary,mlp,45
rid_25acb94433ea6154566bae082cbd458f,1,0.0008480603094034,256,ton_iot_binary,mlp,45
rid_32173e5cffef88e090444250c06e9ee0,1,0.0047548909557049,256,ton_iot_binary,mlp,45
rid_c6e5ec8a4c2d0d638ba916a0400a760b,1,0.0006962752537988,256,ton_iot_binary,mlp,45
rid_5ea40f633786dad901bf847b0c6c65bd,0,0.0232947109175354,256,ton_iot_binary,mlp,45
rid_ed91b9dad9a880f137c1a1cc5ca0bab3,1,0.005982005418906,256,ton_iot_binary,mlp,45
rid_38e3c4472579dd1e721c4a5b11da6a05,1,0.002758665117343,256,ton_iot_binary,mlp,45
rid_6a1d87d1ef5b9c1c597008251c5fc0de,1,0.001830479933129,256,ton_iot_binary,mlp,45
rid_79e31292c8ecdafc38b6f891deedd741,0,0.0005744579867307,256,ton_iot_binary,mlp,45
rid_70c64531b38d7bcd15e3f26a52579812,0,0.0023079463440401,256,ton_iot_binary,mlp,45
rid_0f10c3d89b68fbe7fa9ad016fc3f75fb,1,0.000350391508544,512,ton_iot_binary,mlp,45
rid_4faa43b45b0feb9ed282cb62c680ce79,0,0.0018025522493858,512,ton_iot_binary,mlp,45
rid_5a33d161d8d10faa00b275ac9696f995,0,0.0005989917327332,512,ton_iot_binary,mlp,45
rid_0301c030c34c248a59d1f5dbe56e333d,0,4.762384097301009e-05,512,ton_iot_binary,mlp,45
rid_98596a0ff3e4526af3c7124ba788cb29,1,0.0021842029643179,512,ton_iot_binary,mlp,45
rid_590cc55c691016a6ef7a0e5cb9e9b91f,0,0.0003360939718564,512,ton_iot_binary,mlp,45
rid_3788d66e0af8adb806de603d5e5bc5ae,0,0.0013651533197882,512,ton_iot_binary,mlp,45
rid_25acb94433ea6154566bae082cbd458f,1,4.756109823327026e-05,512,ton_iot_binary,mlp,45
rid_32173e5cffef88e090444250c06e9ee0,1,0.0007438651632072,512,ton_iot_binary,mlp,45
rid_c6e5ec8a4c2d0d638ba916a0400a760b,1,0.0008221874877447,512,ton_iot_binary,mlp,45
rid_5ea40f633786dad901bf847b0c6c65bd,0,0.0062184726712372,512,ton_iot_binary,mlp,45
rid_ed91b9dad9a880f137c1a1cc5ca0bab3,1,0.0032425550871545,512,ton_iot_binary,mlp,45
rid_38e3c4472579dd1e721c4a5b11da6a05,1,0.0005567143922422,512,ton_iot_binary,mlp,45
rid_6a1d87d1ef5b9c1c597008251c5fc0de,1,0.0008011477492131,512,ton_iot_binary,mlp,45
rid_79e31292c8ecdafc38b6f891deedd741,0,0.0082902153454749,512,ton_iot_binary,mlp,45
rid_70c64531b38d7bcd15e3f26a52579812,0,0.0008736508008635,512,ton_iot_binary,mlp,45
rid_8fdb1c9fcd903c2872e97a5c6111941b,0,0.0052953201530372,64,ton_iot_binary,mlp,42
rid_474d36f88a6911413398421460dc623d,1,0.0768807872936742,64,ton_iot_binary,mlp,42
rid_96cb1ffdfa676fe22cc2e8c7693863c1,0,0.0236600454217659,64,ton_iot_binary,mlp,42
rid_b68c2581b0a71176c81c3e0638a60ef1,0,0.0013245783771185,64,ton_iot_binary,mlp,42
rid_06c5b18595653bc93680b98572b085db,0,0.0404491254813129,64,ton_iot_binary,mlp,42
rid_c8f5ddfce5c296fae3fcfd14c8281db5,0,0.0194140315462616,64,ton_iot_binary,mlp,42
rid_b5f19856921bec80ab4d0ae802f70a22,0,0.0892320929058778,64,ton_iot_binary,mlp,42
rid_1c007e515f8c424983946ad431efb604,0,0.0011304649320573,64,ton_iot_binary,mlp,42
rid_24b36743723526135cc69620cd117e23,1,0.0090124417655946,64,ton_iot_binary,mlp,42
rid_f1d5bbcbb32162a53afde2d268aadebb,1,0.0049512098129274,64,ton_iot_binary,mlp,42
rid_e4cc9122aaeae4b1c64e125cbf1f4bae,1,0.0005664534819395,64,ton_iot_binary,mlp,42
rid_f836c721abe82ef8626b8d0828bf81a3,1,0.0170590892009373,64,ton_iot_binary,mlp,42
rid_ea42348fe63f562614533c2a240887de,1,0.0760257469196183,64,ton_iot_binary,mlp,42
rid_1bf21900e95747c105a7fd442abb6ec2,1,0.0046924694330803,64,ton_iot_binary,mlp,42
rid_71adf7ccd4004e056d4214e84ac0076d,1,0.0761209027830131,64,ton_iot_binary,mlp,42
rid_14018286121dd46713a133f9bdfc93a8,0,0.0065865240798924,64,ton_iot_binary,mlp,42
rid_8fdb1c9fcd903c2872e97a5c6111941b,0,0.0008848835799294,128,ton_iot_binary,mlp,42
rid_474d36f88a6911413398421460dc623d,1,0.0250450856494932,128,ton_iot_binary,mlp,42
rid_96cb1ffdfa676fe22cc2e8c7693863c1,0,0.0071244282126599,128,ton_iot_binary,mlp,42
rid_b68c2581b0a71176c81c3e0638a60ef1,0,0.0072840234737564,128,ton_iot_binary,mlp,42
rid_06c5b18595653bc93680b98572b085db,0,0.0607489505934566,128,ton_iot_binary,mlp,42
rid_c8f5ddfce5c296fae3fcfd14c8281db5,0,0.0034385846818818,128,ton_iot_binary,mlp,42
rid_b5f19856921bec80ab4d0ae802f70a22,0,0.0326935234952966,128,ton_iot_binary,mlp,42
rid_1c007e515f8c424983946ad431efb604,0,0.0013455222085868,128,ton_iot_binary,mlp,42
rid_24b36743723526135cc69620cd117e23,1,0.0012365503948218,128,ton_iot_binary,mlp,42
rid_f1d5bbcbb32162a53afde2d268aadebb,1,0.0018761246254584,128,ton_iot_binary,mlp,42
rid_e4cc9122aaeae4b1c64e125cbf1f4bae,1,0.0015602545967817,128,ton_iot_binary,mlp,42
rid_f836c721abe82ef8626b8d0828bf81a3,1,0.0065905661434417,128,ton_iot_binary,mlp,42
rid_ea42348fe63f562614533c2a240887de,1,0.0205592963647526,128,ton_iot_binary,mlp,42
rid_1bf21900e95747c105a7fd442abb6ec2,1,0.0004833962867842,128,ton_iot_binary,mlp,42
rid_71adf7ccd4004e056d4214e84ac0076d,1,0.0204398383615471,128,ton_iot_binary,mlp,42
rid_14018286121dd46713a133f9bdfc93a8,0,0.0070378035026187,128,ton_iot_binary,mlp,42
rid_8fdb1c9fcd903c2872e97a5c6111941b,0,0.0004729213676357,256,ton_iot_binary,mlp,42
rid_474d36f88a6911413398421460dc623d,1,0.0105311001682175,256,ton_iot_binary,mlp,42
rid_96cb1ffdfa676fe22cc2e8c7693863c1,0,0.000137872547026,256,ton_iot_binary,mlp,42
rid_b68c2581b0a71176c81c3e0638a60ef1,0,0.0030928104222486,256,ton_iot_binary,mlp,42
rid_06c5b18595653bc93680b98572b085db,0,0.0049878511644028,256,ton_iot_binary,mlp,42
rid_c8f5ddfce5c296fae3fcfd14c8281db5,0,0.0008056045042472,256,ton_iot_binary,mlp,42
rid_b5f19856921bec80ab4d0ae802f70a22,0,0.0151650513104846,256,ton_iot_binary,mlp,42
rid_1c007e515f8c424983946ad431efb604,0,0.0009938915230561,256,ton_iot_binary,mlp,42
rid_24b36743723526135cc69620cd117e23,1,0.0025949607491813,256,ton_iot_binary,mlp,42
rid_f1d5bbcbb32162a53afde2d268aadebb,1,0.0009454079586795,256,ton_iot_binary,mlp,42
rid_e4cc9122aaeae4b1c64e125cbf1f4bae,1,0.0003218126608216,256,ton_iot_binary,mlp,42
rid_f836c721abe82ef8626b8d0828bf81a3,1,0.0019537667470825,256,ton_iot_binary,mlp,42
rid_ea42348fe63f562614533c2a240887de,1,0.0063945914805733,256,ton_iot_binary,mlp,42
rid_1bf21900e95747c105a7fd442abb6ec2,1,0.0037597633039863,256,ton_iot_binary,mlp,42
rid_71adf7ccd4004e056d4214e84ac0076d,1,0.0050477019335716,256,ton_iot_binary,mlp,42
rid_14018286121dd46713a133f9bdfc93a8,0,0.0056476761572471,256,ton_iot_binary,mlp,42
rid_8fdb1c9fcd903c2872e97a5c6111941b,0,0.0005666088410283,512,ton_iot_binary,mlp,42
rid_474d36f88a6911413398421460dc623d,1,0.0055077975016204,512,ton_iot_binary,mlp,42
rid_96cb1ffdfa676fe22cc2e8c7693863c1,0,4.523759283470152e-05,512,ton_iot_binary,mlp,42
rid_b68c2581b0a71176c81c3e0638a60ef1,0,0.0003239032132874,512,ton_iot_binary,mlp,42
rid_06c5b18595653bc93680b98572b085db,0,0.0322498415494324,512,ton_iot_binary,mlp,42
rid_c8f5ddfce5c296fae3fcfd14c8281db5,0,0.0021963462681442,512,ton_iot_binary,mlp,42
rid_b5f19856921bec80ab4d0ae802f70a22,0,0.0055376311856865,512,ton_iot_binary,mlp,42
rid_1c007e515f8c424983946ad431efb604,0,0.0003505392060354,512,ton_iot_binary,mlp,42
rid_24b36743723526135cc69620cd117e23,1,0.0010714329186591,512,ton_iot_binary,mlp,42
rid_f1d5bbcbb32162a53afde2d268aadebb,1,0.0002716432813589,512,ton_iot_binary,mlp,42
rid_e4cc9122aaeae4b1c64e125cbf1f4bae,1,0.000227902731207,512,ton_iot_binary,mlp,42
rid_f836c721abe82ef8626b8d0828bf81a3,1,0.000429854434513,512,ton_iot_binary,mlp,42
rid_ea42348fe63f562614533c2a240887de,1,0.0020420198675529,512,ton_iot_binary,mlp,42
rid_1bf21900e95747c105a7fd442abb6ec2,1,0.0005192100309221,512,ton_iot_binary,mlp,42
rid_71adf7ccd4004e056d4214e84ac0076d,1,0.0012102176545264,512,ton_iot_binary,mlp,42
rid_14018286121dd46713a133f9bdfc93a8,0,0.0022424676885438,512,ton_iot_binary,mlp,42
rid_8fdb1c9fcd903c2872e97a5c6111941b,0,0.0003462709351047,1024,ton_iot_binary,mlp,42
rid_474d36f88a6911413398421460dc623d,1,0.0006786092416205,1024,ton_iot_binary,mlp,42
rid_96cb1ffdfa676fe22cc2e8c7693863c1,0,0.0003903910621035,1024,ton_iot_binary,mlp,42
rid_b68c2581b0a71176c81c3e0638a60ef1,0,0.0002167045434542,1024,ton_iot_binary,mlp,42
rid_06c5b18595653bc93680b98572b085db,0,0.0091180723692063,1024,ton_iot_binary,mlp,42
rid_c8f5ddfce5c296fae3fcfd14c8281db5,0,1.4151923352634377e-05,1024,ton_iot_binary,mlp,42
rid_b5f19856921bec80ab4d0ae802f70a22,0,0.0050280885231017,1024,ton_iot_binary,mlp,42
rid_1c007e515f8c424983946ad431efb604,0,0.0001166162754419,1024,ton_iot_binary,mlp,42
rid_24b36743723526135cc69620cd117e23,1,0.0001410401263123,1024,ton_iot_binary,mlp,42
rid_f1d5bbcbb32162a53afde2d268aadebb,1,0.0003095087407726,1024,ton_iot_binary,mlp,42
rid_e4cc9122aaeae4b1c64e125cbf1f4bae,1,7.145871132996362e-05,1024,ton_iot_binary,mlp,42
rid_f836c721abe82ef8626b8d0828bf81a3,1,0.0001614990943622,1024,ton_iot_binary,mlp,42
rid_ea42348fe63f562614533c2a240887de,1,0.0008938898818005,1024,ton_iot_binary,mlp,42
rid_1bf21900e95747c105a7fd442abb6ec2,1,0.0008949416258023,1024,ton_iot_binary,mlp,42
rid_71adf7ccd4004e056d4214e84ac0076d,1,0.0006549335642793,1024,ton_iot_binary,mlp,42
rid_14018286121dd46713a133f9bdfc93a8,0,0.0007372341349419,1024,ton_iot_binary,mlp,42
rid_f0c76c1ef3adf56e3915b11c7d28c607,1,0.034319375190282,64,ton_iot_binary,mlp,46
rid_5654332763228cdbe941f6291bdfd98f,0,0.0045178632556865,64,ton_iot_binary,mlp,46
rid_5ac6083d52d9128cc0c7879c86271a52,0,0.0004215507570413,64,ton_iot_binary,mlp,46
rid_63700775accb259980416d6c21c2b49b,0,0.0115445002649359,64,ton_iot_binary,mlp,46
rid_7a46b2fad8b34e52ccbe406dfdd6c1b4,0,0.006367236141729,64,ton_iot_binary,mlp,46
rid_1a518cad6906e59db9ffc85d6011041a,0,0.0043323510688068,64,ton_iot_binary,mlp,46
rid_3c11ba6c875c6b422b5beb6a9c1cf647,1,0.0580820714953034,64,ton_iot_binary,mlp,46
rid_72bbb8e961a8c932da072f79827d67c4,0,0.009319184433171,64,ton_iot_binary,mlp,46
rid_be2af7863764ca8a412b678f54301a22,0,0.0041452972131662,64,ton_iot_binary,mlp,46
rid_505e152c3ef69a8f8e767b07816248d3,1,0.00154528727775,64,ton_iot_binary,mlp,46
rid_30bff1125cda1c3988a046944ca3efb3,1,0.0028153749401277,64,ton_iot_binary,mlp,46
rid_9c888da59f61f2c2540b876846e0e6bf,1,0.0027649555344735,64,ton_iot_binary,mlp,46
rid_9c33cb19da563a668f713cb01c8cdbf1,1,0.0307581205734773,64,ton_iot_binary,mlp,46
rid_4bdac81e88e4e8c3a0632b0c9d67d421,1,0.0054867082589614,64,ton_iot_binary,mlp,46
rid_435881a1379124d28c655ee245760977,0,0.0087445995118589,64,ton_iot_binary,mlp,46
rid_485f8b3f726a9fbc91128993da261e64,1,0.0001556934312744,64,ton_iot_binary,mlp,46
rid_f0c76c1ef3adf56e3915b11c7d28c607,1,0.0115165748514879,128,ton_iot_binary,mlp,46
rid_5654332763228cdbe941f6291bdfd98f,0,0.0001524109974682,128,ton_iot_binary,mlp,46
rid_5ac6083d52d9128cc0c7879c86271a52,0,0.0026947365201644,128,ton_iot_binary,mlp,46
rid_63700775accb259980416d6c21c2b49b,0,0.018692328823711,128,ton_iot_binary,mlp,46
rid_7a46b2fad8b34e52ccbe406dfdd6c1b4,0,0.0006045643561305,128,ton_iot_binary,mlp,46
rid_1a518cad6906e59db9ffc85d6011041a,0,0.0025492192842057,128,ton_iot_binary,mlp,46
rid_3c11ba6c875c6b422b5beb6a9c1cf647,1,0.0059624493231139,128,ton_iot_binary,mlp,46
rid_72bbb8e961a8c932da072f79827d67c4,0,0.006291848164649,128,ton_iot_binary,mlp,46
rid_be2af7863764ca8a412b678f54301a22,0,0.0031112216900603,128,ton_iot_binary,mlp,46
rid_505e152c3ef69a8f8e767b07816248d3,1,0.0006195817886249,128,ton_iot_binary,mlp,46
rid_30bff1125cda1c3988a046944ca3efb3,1,0.0009722821188874,128,ton_iot_binary,mlp,46
rid_9c888da59f61f2c2540b876846e0e6bf,1,0.002203694782171,128,ton_iot_binary,mlp,46
rid_9c33cb19da563a668f713cb01c8cdbf1,1,0.0127605780158101,128,ton_iot_binary,mlp,46
rid_4bdac81e88e4e8c3a0632b0c9d67d421,1,0.0021466100280153,128,ton_iot_binary,mlp,46
rid_435881a1379124d28c655ee245760977,0,0.0068611965808953,128,ton_iot_binary,mlp,46
rid_485f8b3f726a9fbc91128993da261e64,1,0.0003877308155838,128,ton_iot_binary,mlp,46
rid_f0c76c1ef3adf56e3915b11c7d28c607,1,0.0024718586935173,256,ton_iot_binary,mlp,46
rid_5654332763228cdbe941f6291bdfd98f,0,0.0033298761870304,256,ton_iot_binary,mlp,46
rid_5ac6083d52d9128cc0c7879c86271a52,0,0.0003019003067454,256,ton_iot_binary,mlp,46
rid_63700775accb259980416d6c21c2b49b,0,0.004454749452126,256,ton_iot_binary,mlp,46
rid_7a46b2fad8b34e52ccbe406dfdd6c1b4,0,0.0015998806185328,256,ton_iot_binary,mlp,46
rid_1a518cad6906e59db9ffc85d6011041a,0,0.0009815581914572,256,ton_iot_binary,mlp,46
rid_3c11ba6c875c6b422b5beb6a9c1cf647,1,0.0190709803755322,256,ton_iot_binary,mlp,46
rid_72bbb8e961a8c932da072f79827d67c4,0,0.0026467884629329,256,ton_iot_binary,mlp,46
rid_be2af7863764ca8a412b678f54301a22,0,0.0004833223250297,256,ton_iot_binary,mlp,46
rid_505e152c3ef69a8f8e767b07816248d3,1,0.0005068722125114,256,ton_iot_binary,mlp,46
rid_30bff1125cda1c3988a046944ca3efb3,1,0.0003733778650247,256,ton_iot_binary,mlp,46
rid_9c888da59f61f2c2540b876846e0e6bf,1,6.916013469149274e-05,256,ton_iot_binary,mlp,46
rid_9c33cb19da563a668f713cb01c8cdbf1,1,0.0052154106319155,256,ton_iot_binary,mlp,46
rid_4bdac81e88e4e8c3a0632b0c9d67d421,1,0.0004594546898731,256,ton_iot_binary,mlp,46
rid_435881a1379124d28c655ee245760977,0,0.0017090588326188,256,ton_iot_binary,mlp,46
rid_485f8b3f726a9fbc91128993da261e64,1,0.000525711930142,256,ton_iot_binary,mlp,46
rid_f0c76c1ef3adf56e3915b11c7d28c607,1,0.002221568548014,512,ton_iot_binary,mlp,46
rid_5654332763228cdbe941f6291bdfd98f,0,0.0017309584357159,512,ton_iot_binary,mlp,46
rid_5ac6083d52d9128cc0c7879c86271a52,0,0.0006634766575716,512,ton_iot_binary,mlp,46
rid_63700775accb259980416d6c21c2b49b,0,0.0054498724599483,512,ton_iot_binary,mlp,46
rid_7a46b2fad8b34e52ccbe406dfdd6c1b4,0,0.0011740258013118,512,ton_iot_binary,mlp,46
rid_1a518cad6906e59db9ffc85d6011041a,0,0.0015995817442938,512,ton_iot_binary,mlp,46
rid_3c11ba6c875c6b422b5beb6a9c1cf647,1,0.0035980034873305,512,ton_iot_binary,mlp,46
rid_72bbb8e961a8c932da072f79827d67c4,0,0.0003489381219947,512,ton_iot_binary,mlp,46
rid_be2af7863764ca8a412b678f54301a22,0,0.0006280447554238,512,ton_iot_binary,mlp,46
rid_505e152c3ef69a8f8e767b07816248d3,1,0.0001495005677447,512,ton_iot_binary,mlp,46
rid_30bff1125cda1c3988a046944ca3efb3,1,0.0005185767025216,512,ton_iot_binary,mlp,46
rid_9c888da59f61f2c2540b876846e0e6bf,1,0.0004485467832351,512,ton_iot_binary,mlp,46
rid_9c33cb19da563a668f713cb01c8cdbf1,1,0.001334739710413,512,ton_iot_binary,mlp,46
rid_4bdac81e88e4e8c3a0632b0c9d67d421,1,0.0003785883258181,512,ton_iot_binary,mlp,46
rid_435881a1379124d28c655ee245760977,0,0.003769777557302,512,ton_iot_binary,mlp,46
rid_485f8b3f726a9fbc91128993da261e64,1,2.900631475430404e-05,512,ton_iot_binary,mlp,46
rid_299f5020f6c0ee5585f68ea51b3a909c,1,0.0189383222845798,64,cicids2017_binary,cnn,43
rid_b63ceef3b9d6d5e5d52f011e88a99d75,0,0.0007113034248116,64,cicids2017_binary,cnn,43
rid_0d5718fa79fb7894e09279dc893a803e,1,0.0125612240198631,64,cicids2017_binary,cnn,43
rid_0fbdd24c1b1636c31eb464c10c4cd767,0,0.0007816465744826,64,cicids2017_binary,cnn,43
rid_d4ee17856ce1b46d6111b2ca82a08247,0,0.0020516351429491,64,cicids2017_binary,cnn,43
rid_a30282f714de912382c8a683d9075cb2,0,0.001576618201044,64,cicids2017_binary,cnn,43
rid_d0761508812c12c771adea5e80b3733e,0,0.0004386977440646,64,cicids2017_binary,cnn,43
rid_a1ed68623ba0430e56f4ee82b60cb189,0,0.0317608948094212,64,cicids2017_binary,cnn,43
rid_dba24fc6ab50ddfc1c7e2883730920f1,0,0.0007477060257852,64,cicids2017_binary,cnn,43
rid_06ab8b94dacdf1e99c27598d627fd5e7,1,0.0404399338624053,64,cicids2017_binary,cnn,43
rid_e3dd721c6ead4c5beb8c97214764fe93,1,0.0151479963530061,64,cicids2017_binary,cnn,43
rid_4549d0f84e4654e49b146ef9247a3cad,1,0.0660770739428642,64,cicids2017_binary,cnn,43
rid_94b322d0c9af6a93a1587e589cac48ea,1,0.0183426976986034,64,cicids2017_binary,cnn,43
rid_dc6b295865e7aabc28fd5e1b8a0b5b30,1,0.0120993850340553,64,cicids2017_binary,cnn,43
rid_a736dce9f3e61ea8d8876c86d0ac0751,1,0.0124967205180865,64,cicids2017_binary,cnn,43
rid_40e563444b684608e6d176b713ea43e7,0,0.0006347414335632,64,cicids2017_binary,cnn,43
rid_299f5020f6c0ee5585f68ea51b3a909c,1,0.0078778066669862,128,cicids2017_binary,cnn,43
rid_b63ceef3b9d6d5e5d52f011e88a99d75,0,0.0016324242437294,128,cicids2017_binary,cnn,43
rid_0d5718fa79fb7894e09279dc893a803e,1,0.0308128342577498,128,cicids2017_binary,cnn,43
rid_0fbdd24c1b1636c31eb464c10c4cd767,0,4.9660151365510385e-05,128,cicids2017_binary,cnn,43
rid_d4ee17856ce1b46d6111b2ca82a08247,0,0.0019289570508527,128,cicids2017_binary,cnn,43
rid_a30282f714de912382c8a683d9075cb2,0,0.0004487981034051,128,cicids2017_binary,cnn,43
rid_d0761508812c12c771adea5e80b3733e,0,0.0002640574240281,128,cicids2017_binary,cnn,43
rid_a1ed68623ba0430e56f4ee82b60cb189,0,0.0036215695200796,128,cicids2017_binary,cnn,43
rid_dba24fc6ab50ddfc1c7e2883730920f1,0,5.834766529866364e-05,128,cicids2017_binary,cnn,43
rid_06ab8b94dacdf1e99c27598d627fd5e7,1,0.0132548937963115,128,cicids2017_binary,cnn,43
rid_e3dd721c6ead4c5beb8c97214764fe93,1,0.0142904215132713,128,cicids2017_binary,cnn,43
rid_4549d0f84e4654e49b146ef9247a3cad,1,0.018254228405965,128,cicids2017_binary,cnn,43
rid_94b322d0c9af6a93a1587e589cac48ea,1,0.0211815751559534,128,cicids2017_binary,cnn,43
rid_dc6b295865e7aabc28fd5e1b8a0b5b30,1,0.024873225498176,128,cicids2017_binary,cnn,43
rid_a736dce9f3e61ea8d8876c86d0ac0751,1,0.0038052046351282,128,cicids2017_binary,cnn,43
rid_40e563444b684608e6d176b713ea43e7,0,0.0007631327902242,128,cicids2017_binary,cnn,43
rid_299f5020f6c0ee5585f68ea51b3a909c,1,0.0044087417075076,256,cicids2017_binary,cnn,43
rid_b63ceef3b9d6d5e5d52f011e88a99d75,0,0.0005893711602049,256,cicids2017_binary,cnn,43
rid_0d5718fa79fb7894e09279dc893a803e,1,0.0246089084551872,256,cicids2017_binary,cnn,43
rid_0fbdd24c1b1636c31eb464c10c4cd767,0,0.0001554417837795,256,cicids2017_binary,cnn,43
rid_d4ee17856ce1b46d6111b2ca82a08247,0,0.0014434698781653,256,cicids2017_binary,cnn,43
rid_a30282f714de912382c8a683d9075cb2,0,0.0001274325826902,256,cicids2017_binary,cnn,43
rid_d0761508812c12c771adea5e80b3733e,0,0.0004443054546204,256,cicids2017_binary,cnn,43
rid_a1ed68623ba0430e56f4ee82b60cb189,0,0.0076915034695096,256,cicids2017_binary,cnn,43
rid_dba24fc6ab50ddfc1c7e2883730920f1,0,4.035530984008995e-05,256,cicids2017_binary,cnn,43
rid_06ab8b94dacdf1e99c27598d627fd5e7,1,0.0063753453080899,256,cicids2017_binary,cnn,43
rid_e3dd721c6ead4c5beb8c97214764fe93,1,0.0013515827910222,256,cicids2017_binary,cnn,43
rid_4549d0f84e4654e49b146ef9247a3cad,1,0.0088078745303903,256,cicids2017_binary,cnn,43
rid_94b322d0c9af6a93a1587e589cac48ea,1,0.0130636932608219,256,cicids2017_binary,cnn,43
rid_dc6b295865e7aabc28fd5e1b8a0b5b30,1,0.0062815687519695,256,cicids2017_binary,cnn,43
rid_a736dce9f3e61ea8d8876c86d0ac0751,1,0.0024130353257021,256,cicids2017_binary,cnn,43
rid_40e563444b684608e6d176b713ea43e7,0,0.0008756967488885,256,cicids2017_binary,cnn,43
rid_299f5020f6c0ee5585f68ea51b3a909c,1,7.850258180397418e-05,512,cicids2017_binary,cnn,43
rid_b63ceef3b9d6d5e5d52f011e88a99d75,0,4.193675297836652e-05,512,cicids2017_binary,cnn,43
rid_0d5718fa79fb7894e09279dc893a803e,1,0.0023843495517008,512,cicids2017_binary,cnn,43
rid_0fbdd24c1b1636c31eb464c10c4cd767,0,0.0004253560195959,512,cicids2017_binary,cnn,43
rid_d4ee17856ce1b46d6111b2ca82a08247,0,8.445482268504279e-05,512,cicids2017_binary,cnn,43
rid_a30282f714de912382c8a683d9075cb2,0,0.0002796228829387,512,cicids2017_binary,cnn,43
rid_d0761508812c12c771adea5e80b3733e,0,0.000219676628574,512,cicids2017_binary,cnn,43
rid_a1ed68623ba0430e56f4ee82b60cb189,0,0.0016418130322686,512,cicids2017_binary,cnn,43
rid_dba24fc6ab50ddfc1c7e2883730920f1,0,0.0001260594825439,512,cicids2017_binary,cnn,43
rid_06ab8b94dacdf1e99c27598d627fd5e7,1,0.0032829196130581,512,cicids2017_binary,cnn,43
rid_e3dd721c6ead4c5beb8c97214764fe93,1,0.0026057454142129,512,cicids2017_binary,cnn,43
rid_4549d0f84e4654e49b146ef9247a3cad,1,0.004848527610477,512,cicids2017_binary,cnn,43
rid_94b322d0c9af6a93a1587e589cac48ea,1,0.0031077023408698,512,cicids2017_binary,cnn,43
rid_dc6b295865e7aabc28fd5e1b8a0b5b30,1,0.0066201107016503,512,cicids2017_binary,cnn,43
rid_a736dce9f3e61ea8d8876c86d0ac0751,1,4.054659699193053e-05,512,cicids2017_binary,cnn,43
rid_40e563444b684608e6d176b713ea43e7,0,0.0002976884668672,512,cicids2017_binary,cnn,43
rid_2b1668cc54a50094b0ba4c9bddf5cea9,0,0.000687514166752,64,cicids2017_binary,cnn,44
rid_3425757536dbe8572dd9baa8a4b01b35,1,0.02826360289224,64,cicids2017_binary,cnn,44
rid_c78cab0374e4811448d87599cbfd4969,1,0.0267896197347461,64,cicids2017_binary,cnn,44
rid_18f1292128af43169595a18cc34eee53,1,0.0210935739102371,64,cicids2017_binary,cnn,44
rid_4abbbe95191242e0fbf9f0948fa07eda,0,0.000264853522375,64,cicids2017_binary,cnn,44
rid_0ed619613e120cdf149f169358bc7e30,0,1.6313238054877356e-05,64,cicids2017_binary,cnn,44
rid_d182bbdfc1a571f60133fda90977753f,0,0.0202853071743973,64,cicids2017_binary,cnn,44
rid_d444eeefbcea46662da5c9bd55145368,0,5.7556487505931134e-05,64,cicids2017_binary,cnn,44
rid_40374ad9b03eaed3fe122979fd34350d,0,3.9422356980265555e-05,64,cicids2017_binary,cnn,44
rid_e55b960f2ad1701a23a1f08e51b531c8,0,3.724385013889565e-07,64,cicids2017_binary,cnn,44
rid_9c240b39c72c24df5823606d70f93617,0,2.0705435419962007e-06,64,cicids2017_binary,cnn,44
rid_86f94a02a6c38d02ab06c91a9032d922,1,0.0259682475768441,64,cicids2017_binary,cnn,44
rid_4690f032faeed7d96535bf8c2f4f394b,1,0.0059034791855197,64,cicids2017_binary,cnn,44
rid_961469f835cc47f83f16a9db0a1a2cc0,1,0.0022926751296714,64,cicids2017_binary,cnn,44
rid_5e34eaeca584e472a5661e822dafb6e9,1,0.0011671390482561,64,cicids2017_binary,cnn,44
rid_c63e0275bfc9ce09e520fc7527b3e53f,1,0.0324840884561652,64,cicids2017_binary,cnn,44
rid_2b1668cc54a50094b0ba4c9bddf5cea9,0,0.0001911821127391,128,cicids2017_binary,cnn,44
rid_3425757536dbe8572dd9baa8a4b01b35,1,0.000209215848552,128,cicids2017_binary,cnn,44
rid_c78cab0374e4811448d87599cbfd4969,1,0.0036455920443536,128,cicids2017_binary,cnn,44
rid_18f1292128af43169595a18cc34eee53,1,0.0093218804429273,128,cicids2017_binary,cnn,44
rid_4abbbe95191242e0fbf9f0948fa07eda,0,0.0001435166180283,128,cicids2017_binary,cnn,44
rid_0ed619613e120cdf149f169358bc7e30,0,1.3818311059398095e-05,128,cicids2017_binary,cnn,44
rid_d182bbdfc1a571f60133fda90977753f,0,0.0549146110154303,128,cicids2017_binary,cnn,44
rid_d444eeefbcea46662da5c9bd55145368,0,1.29881492477136e-05,128,cicids2017_binary,cnn,44
rid_40374ad9b03eaed3fe122979fd34350d,0,1.701977854477732e-05,128,cicids2017_binary,cnn,44
rid_e55b960f2ad1701a23a1f08e51b531c8,0,3.291033850772872e-06,128,cicids2017_binary,cnn,44
rid_9c240b39c72c24df5823606d70f93617,0,8.382041012577803e-07,128,cicids2017_binary,cnn,44
rid_86f94a02a6c38d02ab06c91a9032d922,1,0.0106971148064731,128,cicids2017_binary,cnn,44
rid_4690f032faeed7d96535bf8c2f4f394b,1,0.0084187100592316,128,cicids2017_binary,cnn,44
rid_961469f835cc47f83f16a9db0a1a2cc0,1,0.0069268207228578,128,cicids2017_binary,cnn,44
rid_5e34eaeca584e472a5661e822dafb6e9,1,0.0013305707621498,128,cicids2017_binary,cnn,44
rid_c63e0275bfc9ce09e520fc7527b3e53f,1,0.0007107044583243,128,cicids2017_binary,cnn,44
rid_2b1668cc54a50094b0ba4c9bddf5cea9,0,5.258517012066708e-05,256,cicids2017_binary,cnn,44
rid_3425757536dbe8572dd9baa8a4b01b35,1,0.0097174259451907,256,cicids2017_binary,cnn,44
rid_c78cab0374e4811448d87599cbfd4969,1,0.0035687955749121,256,cicids2017_binary,cnn,44
rid_18f1292128af43169595a18cc34eee53,1,0.013307544576083,256,cicids2017_binary,cnn,44
rid_4abbbe95191242e0fbf9f0948fa07eda,0,5.4981599840742135e-06,256,cicids2017_binary,cnn,44
rid_0ed619613e120cdf149f169358bc7e30,0,8.059951894647346e-07,256,cicids2017_binary,cnn,44
rid_d182bbdfc1a571f60133fda90977753f,0,0.020784993194181,256,cicids2017_binary,cnn,44
rid_d444eeefbcea46662da5c9bd55145368,0,3.482303455819248e-06,256,cicids2017_binary,cnn,44
rid_40374ad9b03eaed3fe122979fd34350d,0,7.410691985759721e-06,256,cicids2017_binary,cnn,44
rid_e55b960f2ad1701a23a1f08e51b531c8,0,3.1221486624707223e-06,256,cicids2017_binary,cnn,44
rid_9c240b39c72c24df5823606d70f93617,0,4.300854745213677e-06,256,cicids2017_binary,cnn,44
rid_86f94a02a6c38d02ab06c91a9032d922,1,0.0010336635222709,256,cicids2017_binary,cnn,44
rid_4690f032faeed7d96535bf8c2f4f394b,1,0.0016578876237289,256,cicids2017_binary,cnn,44
rid_961469f835cc47f83f16a9db0a1a2cc0,1,0.0129659050568335,256,cicids2017_binary,cnn,44
rid_5e34eaeca584e472a5661e822dafb6e9,1,0.0028917805497883,256,cicids2017_binary,cnn,44
rid_c63e0275bfc9ce09e520fc7527b3e53f,1,0.0040747796518374,256,cicids2017_binary,cnn,44
rid_2b1668cc54a50094b0ba4c9bddf5cea9,0,1.740225332770855e-05,512,cicids2017_binary,cnn,44
rid_3425757536dbe8572dd9baa8a4b01b35,1,0.006037483967108,512,cicids2017_binary,cnn,44
rid_c78cab0374e4811448d87599cbfd4969,1,0.0015951396751505,512,cicids2017_binary,cnn,44
rid_18f1292128af43169595a18cc34eee53,1,0.0034331811573835,512,cicids2017_binary,cnn,44
rid_4abbbe95191242e0fbf9f0948fa07eda,0,2.5840182650282983e-05,512,cicids2017_binary,cnn,44
rid_0ed619613e120cdf149f169358bc7e30,0,3.682112936944488e-07,512,cicids2017_binary,cnn,44
rid_d182bbdfc1a571f60133fda90977753f,0,0.0045637751563036,512,cicids2017_binary,cnn,44
rid_d444eeefbcea46662da5c9bd55145368,0,1.7084265704740654e-05,512,cicids2017_binary,cnn,44
rid_40374ad9b03eaed3fe122979fd34350d,0,8.673001046271417e-06,512,cicids2017_binary,cnn,44
rid_e55b960f2ad1701a23a1f08e51b531c8,0,2.934806947054543e-07,512,cicids2017_binary,cnn,44
rid_9c240b39c72c24df5823606d70f93617,0,1.55585339978333e-06,512,cicids2017_binary,cnn,44
rid_86f94a02a6c38d02ab06c91a9032d922,1,0.0002786839087165,512,cicids2017_binary,cnn,44
rid_4690f032faeed7d96535bf8c2f4f394b,1,0.0004118281454665,512,cicids2017_binary,cnn,44
rid_961469f835cc47f83f16a9db0a1a2cc0,1,0.0054682519831663,512,cicids2017_binary,cnn,44
rid_5e34eaeca584e472a5661e822dafb6e9,1,0.0013831582204488,512,cicids2017_binary,cnn,44
rid_c63e0275bfc9ce09e520fc7527b3e53f,1,0.0043858448832168,512,cicids2017_binary,cnn,44
rid_9b7add9a237d82184b6b7ff39481c1e4,1,0.0416950058270391,64,cicids2017_binary,cnn,45
rid_dda9091e380531eed540e6956845b29a,1,0.0090949893671132,64,cicids2017_binary,cnn,45
rid_33a4e24bd932f62baa573a0bddad67d9,0,1.4053804496750825e-07,64,cicids2017_binary,cnn,45
rid_e8510e9693f2cbff6cbd747239acc192,0,5.707696924942796e-09,64,cicids2017_binary,cnn,45
rid_3963f478bfc78e4b0a9249ab93167532,0,0.023089870424906,64,cicids2017_binary,cnn,45
rid_ea281976da7b154c3824de0ff08c6d17,0,1.4641563185820597e-05,64,cicids2017_binary,cnn,45
rid_b99833a79cf0c33e74f98c4109cd68e7,0,7.564350394608128e-07,64,cicids2017_binary,cnn,45
rid_37306e371682683f03a9eb90718852b4,0,1.1946811684163125e-07,64,cicids2017_binary,cnn,45
rid_4776f9e633f76666e87767d015ecfe74,0,1.2974464283134288e-07,64,cicids2017_binary,cnn,45
rid_a6bbfdbe9c8d78aa6e37f292f71f1f39,1,0.0234473001788639,64,cicids2017_binary,cnn,45
rid_fe8c4afabc3da2bc2ce439f44cbe9d0f,1,0.0220246565442614,64,cicids2017_binary,cnn,45
rid_40c0725634afa7648eb59f1348d0bd80,1,0.0165442013679264,64,cicids2017_binary,cnn,45
rid_45d8990f6431caee2b930f2c84a7afbd,1,0.0102248141724636,64,cicids2017_binary,cnn,45
rid_c38c3c7f0cf70dc32b2fb9fe3aa7d22d,1,0.0119199575904613,64,cicids2017_binary,cnn,45
rid_b5463166d26a4db23a0167640c969f51,0,9.804338302886868e-08,64,cicids2017_binary,cnn,45
rid_9f7c169f3f3451a71e4d1103d54762d8,1,0.0170821781040402,64,cicids2017_binary,cnn,45
rid_9b7add9a237d82184b6b7ff39481c1e4,1,0.0187237658554906,128,cicids2017_binary,cnn,45
rid_dda9091e380531eed540e6956845b29a,1,0.0101035068100422,128,cicids2017_binary,cnn,45
rid_33a4e24bd932f62baa573a0bddad67d9,0,6.242096773017793e-09,128,cicids2017_binary,cnn,45
rid_e8510e9693f2cbff6cbd747239acc192,0,6.451896476778809e-08,128,cicids2017_binary,cnn,45
rid_3963f478bfc78e4b0a9249ab93167532,0,0.0079830623174763,128,cicids2017_binary,cnn,45
rid_ea281976da7b154c3824de0ff08c6d17,0,1.0636308476755708e-05,128,cicids2017_binary,cnn,45
rid_b99833a79cf0c33e74f98c4109cd68e7,0,3.378175811376044e-07,128,cicids2017_binary,cnn,45
rid_37306e371682683f03a9eb90718852b4,0,1.7621036255251388e-08,128,cicids2017_binary,cnn,45
rid_4776f9e633f76666e87767d015ecfe74,0,7.205906089846994e-08,128,cicids2017_binary,cnn,45
rid_a6bbfdbe9c8d78aa6e37f292f71f1f39,1,0.0001007196251578,128,cicids2017_binary,cnn,45
rid_fe8c4afabc3da2bc2ce439f44cbe9d0f,1,0.0050685037136366,128,cicids2017_binary,cnn,45
rid_40c0725634afa7648eb59f1348d0bd80,1,0.0090192227614913,128,cicids2017_binary,cnn,45
rid_45d8990f6431caee2b930f2c84a7afbd,1,0.0054227137060642,128,cicids2017_binary,cnn,45
rid_c38c3c7f0cf70dc32b2fb9fe3aa7d22d,1,0.0012671124095966,128,cicids2017_binary,cnn,45
rid_b5463166d26a4db23a0167640c969f51,0,6.01713535800952e-08,128,cicids2017_binary,cnn,45
rid_9f7c169f3f3451a71e4d1103d54762d8,1,0.0065178080755572,128,cicids2017_binary,cnn,45
rid_9b7add9a237d82184b6b7ff39481c1e4,1,0.0005140129982184,256,cicids2017_binary,cnn,45
rid_dda9091e380531eed540e6956845b29a,1,0.0078387028381616,256,cicids2017_binary,cnn,45
rid_33a4e24bd932f62baa573a0bddad67d9,0,1.6247367340735452e-08,256,cicids2017_binary,cnn,45
rid_e8510e9693f2cbff6cbd747239acc192,0,5.8608589884076964e-08,256,cicids2017_binary,cnn,45
rid_3963f478bfc78e4b0a9249ab93167532,0,0.0054391665986468,256,cicids2017_binary,cnn,45
rid_ea281976da7b154c3824de0ff08c6d17,0,7.012412193422657e-06,256,cicids2017_binary,cnn,45
rid_b99833a79cf0c33e74f98c4109cd68e7,0,1.3743762362656165e-07,256,cicids2017_binary,cnn,45
rid_37306e371682683f03a9eb90718852b4,0,3.95181663629454e-09,256,cicids2017_binary,cnn,45
rid_4776f9e633f76666e87767d015ecfe74,0,2.393543146574804e-08,256,cicids2017_binary,cnn,45
rid_a6bbfdbe9c8d78aa6e37f292f71f1f39,1,0.0013250715729671,256,cicids2017_binary,cnn,45
rid_fe8c4afabc3da2bc2ce439f44cbe9d0f,1,0.0016676069353995,256,cicids2017_binary,cnn,45
rid_40c0725634afa7648eb59f1348d0bd80,1,0.0030165970098057,256,cicids2017_binary,cnn,45
rid_45d8990f6431caee2b930f2c84a7afbd,1,0.0008510496975553,256,cicids2017_binary,cnn,45
rid_c38c3c7f0cf70dc32b2fb9fe3aa7d22d,1,0.0014010341852368,256,cicids2017_binary,cnn,45
rid_b5463166d26a4db23a0167640c969f51,0,1.6602527006868945e-08,256,cicids2017_binary,cnn,45
rid_9f7c169f3f3451a71e4d1103d54762d8,1,0.0101352492203474,256,cicids2017_binary,cnn,45
rid_9b7add9a237d82184b6b7ff39481c1e4,1,0.0050128155059834,512,cicids2017_binary,cnn,45
rid_dda9091e380531eed540e6956845b29a,1,0.0002900440376818,512,cicids2017_binary,cnn,45
rid_33a4e24bd932f62baa573a0bddad67d9,0,1.3227869337019502e-09,512,cicids2017_binary,cnn,45
rid_e8510e9693f2cbff6cbd747239acc192,0,1.1087842135429065e-08,512,cicids2017_binary,cnn,45
rid_3963f478bfc78e4b0a9249ab93167532,0,0.0041549866676549,512,cicids2017_binary,cnn,45
rid_ea281976da7b154c3824de0ff08c6d17,0,2.6808569589936975e-06,512,cicids2017_binary,cnn,45
rid_b99833a79cf0c33e74f98c4109cd68e7,0,3.5187314955710276e-08,512,cicids2017_binary,cnn,45
rid_37306e371682683f03a9eb90718852b4,0,7.789855601400482e-09,512,cicids2017_binary,cnn,45
rid_4776f9e633f76666e87767d015ecfe74,0,1.0160582032994764e-08,512,cicids2017_binary,cnn,45
rid_a6bbfdbe9c8d78aa6e37f292f71f1f39,1,0.0010073166746367,512,cicids2017_binary,cnn,45
rid_fe8c4afabc3da2bc2ce439f44cbe9d0f,1,0.0003723330295333,512,cicids2017_binary,cnn,45
rid_40c0725634afa7648eb59f1348d0bd80,1,0.0026075828052585,512,cicids2017_binary,cnn,45
rid_45d8990f6431caee2b930f2c84a7afbd,1,0.002992317681155,512,cicids2017_binary,cnn,45
rid_c38c3c7f0cf70dc32b2fb9fe3aa7d22d,1,0.0002435371172815,512,cicids2017_binary,cnn,45
rid_b5463166d26a4db23a0167640c969f51,0,2.3678057341709823e-08,512,cicids2017_binary,cnn,45
rid_9f7c169f3f3451a71e4d1103d54762d8,1,0.0007164423671994,512,cicids2017_binary,cnn,45
rid_17c75cd659c9243647caddaa9aa43875,1,0.0276152428112403,64,cicids2017_binary,cnn,42
rid_accf8c0dda146c4a242cdc9d8885e717,1,0.0123009778031644,64,cicids2017_binary,cnn,42
rid_8593525157bd8c913dcb6144108b0a95,1,0.0248496266407673,64,cicids2017_binary,cnn,42
rid_09a527fea31178a9ad0ecb1fc521e8fb,0,9.380569235672293e-05,64,cicids2017_binary,cnn,42
rid_e7974d4f4c91f9e013db09642e33bb70,0,0.0011445074995348,64,cicids2017_binary,cnn,42
rid_9f3a7f0f10b651a421dd35c1b1afb71c,0,3.2435135313740177e-05,64,cicids2017_binary,cnn,42
rid_8c9bdead15ce16a77b48e3372d9a8a3d,0,5.171174746480128e-05,64,cicids2017_binary,cnn,42
rid_894f119af6edccd4268535184bc340cf,0,3.062243064003156e-05,64,cicids2017_binary,cnn,42
rid_0d983e5b8810b377ec14cf6f0ef744a4,0,0.0002115068370871,64,cicids2017_binary,cnn,42
rid_12f800a48f581538facdec51ab2454d7,0,0.0002347591721342,64,cicids2017_binary,cnn,42
rid_408ae7c441d02f646de26fd9bdce1d45,1,0.0156401120557756,64,cicids2017_binary,cnn,42
rid_cf4ebdc12c3cb032b70b55c77a7cb796,1,0.0010403322810168,64,cicids2017_binary,cnn,42
rid_12888033c44aa2549d48f3c7bd216973,1,0.0307844463167086,64,cicids2017_binary,cnn,42
rid_c084b42c4af4241dd19e6d04badcf8b5,1,0.0074204605480616,64,cicids2017_binary,cnn,42
rid_08c29756d968418335a9524cb0092fef,1,0.021733090740432,64,cicids2017_binary,cnn,42
rid_1c419a3f15eb43644fa650ff6ad71b8a,0,0.0009195725578565,64,cicids2017_binary,cnn,42
rid_17c75cd659c9243647caddaa9aa43875,1,0.0042958393701395,128,cicids2017_binary,cnn,42
rid_accf8c0dda146c4a242cdc9d8885e717,1,0.0113183037096149,128,cicids2017_binary,cnn,42
rid_8593525157bd8c913dcb6144108b0a95,1,0.0052595186320498,128,cicids2017_binary,cnn,42
rid_09a527fea31178a9ad0ecb1fc521e8fb,0,3.486967796529836e-05,128,cicids2017_binary,cnn,42
rid_e7974d4f4c91f9e013db09642e33bb70,0,0.0007629132668789,128,cicids2017_binary,cnn,42
rid_9f3a7f0f10b651a421dd35c1b1afb71c,0,0.0002155528919087,128,cicids2017_binary,cnn,42
rid_8c9bdead15ce16a77b48e3372d9a8a3d,0,0.0001187349564012,128,cicids2017_binary,cnn,42
rid_894f119af6edccd4268535184bc340cf,0,4.9236123713109446e-05,128,cicids2017_binary,cnn,42
rid_0d983e5b8810b377ec14cf6f0ef744a4,0,0.0002066765549672,128,cicids2017_binary,cnn,42
rid_12f800a48f581538facdec51ab2454d7,0,5.797323673367716e-06,128,cicids2017_binary,cnn,42
rid_408ae7c441d02f646de26fd9bdce1d45,1,0.0011115458406347,128,cicids2017_binary,cnn,42
rid_cf4ebdc12c3cb032b70b55c77a7cb796,1,0.0028102863349188,128,cicids2017_binary,cnn,42
rid_12888033c44aa2549d48f3c7bd216973,1,0.0020687385545201,128,cicids2017_binary,cnn,42
rid_c084b42c4af4241dd19e6d04badcf8b5,1,0.0256353413598162,128,cicids2017_binary,cnn,42
rid_08c29756d968418335a9524cb0092fef,1,0.0093623415428405,128,cicids2017_binary,cnn,42
rid_1c419a3f15eb43644fa650ff6ad71b8a,0,0.0002009260574763,128,cicids2017_binary,cnn,42
rid_17c75cd659c9243647caddaa9aa43875,1,0.0001924532021568,256,cicids2017_binary,cnn,42
rid_accf8c0dda146c4a242cdc9d8885e717,1,0.0038602564508636,256,cicids2017_binary,cnn,42
rid_8593525157bd8c913dcb6144108b0a95,1,0.0078699268562978,256,cicids2017_binary,cnn,42
rid_09a527fea31178a9ad0ecb1fc521e8fb,0,2.731200504849096e-05,256,cicids2017_binary,cnn,42
rid_e7974d4f4c91f9e013db09642e33bb70,0,0.000854991643969,256,cicids2017_binary,cnn,42
rid_9f3a7f0f10b651a421dd35c1b1afb71c,0,5.3828225680241544e-05,256,cicids2017_binary,cnn,42
rid_8c9bdead15ce16a77b48e3372d9a8a3d,0,2.1794381968587295e-05,256,cicids2017_binary,cnn,42
rid_894f119af6edccd4268535184bc340cf,0,7.296838308676508e-05,256,cicids2017_binary,cnn,42
rid_0d983e5b8810b377ec14cf6f0ef744a4,0,2.826862051377027e-05,256,cicids2017_binary,cnn,42
rid_12f800a48f581538facdec51ab2454d7,0,4.300497213810539e-05,256,cicids2017_binary,cnn,42
rid_408ae7c441d02f646de26fd9bdce1d45,1,0.0045040450556328,256,cicids2017_binary,cnn,42
rid_cf4ebdc12c3cb032b70b55c77a7cb796,1,0.0032157475228933,256,cicids2017_binary,cnn,42
rid_12888033c44aa2549d48f3c7bd216973,1,0.0001172947940659,256,cicids2017_binary,cnn,42
rid_c084b42c4af4241dd19e6d04badcf8b5,1,0.0053095680474513,256,cicids2017_binary,cnn,42
rid_08c29756d968418335a9524cb0092fef,1,0.0060651817616246,256,cicids2017_binary,cnn,42
rid_1c419a3f15eb43644fa650ff6ad71b8a,0,0.0001757166028402,256,cicids2017_binary,cnn,42
rid_c37e7f18a6e72502c51b38a935c05fe1,1,0.0571209381580466,64,cicids2017_binary,cnn,46
rid_37cd12f48d67404f18703652ce8ca9d9,0,8.844662893516702e-06,64,cicids2017_binary,cnn,46
rid_8bf0913a12626463db1174068a238121,1,0.0208402971928332,64,cicids2017_binary,cnn,46
rid_413d94fc3f4d023fcbb5025f54532935,0,1.6425245899472692e-05,64,cicids2017_binary,cnn,46
rid_2d7e85ed2cdb8a5f02ad124caeebe429,0,2.109822087639204e-05,64,cicids2017_binary,cnn,46
rid_830a74fc8667b1a2e2af223c9d2a2c10,0,5.5377195605675e-06,64,cicids2017_binary,cnn,46
rid_246eaf0c1fac248deb765083c270bbcc,0,1.2951061479481857e-06,64,cicids2017_binary,cnn,46
rid_1326d7841b59c92665d871af5511e3f8,1,0.0059220280920797,64,cicids2017_binary,cnn,46
rid_f4e85fd27b14cf91010e12816d23de82,1,0.0660217248227823,64,cicids2017_binary,cnn,46
rid_5852990d34963aaadad7e90ef9bf633d,1,0.0123556789729519,64,cicids2017_binary,cnn,46
rid_91629040875b5b88fe453003d3c24213,1,0.0341027323149876,64,cicids2017_binary,cnn,46
rid_ef9fb628d94de42604b08b84713e8ae5,1,0.0001963314037318,64,cicids2017_binary,cnn,46
rid_74105010942e741d7107c797b640545a,1,0.0345215592270164,64,cicids2017_binary,cnn,46
rid_2db54221168e8f586f9c78bb4918b5d4,0,3.281920908041174e-06,64,cicids2017_binary,cnn,46
rid_c11a696fc62e305df7821a36403017a4,0,0.0044667284205592,64,cicids2017_binary,cnn,46
rid_591657dbc51fa5cba6110e4a2bc0389d,0,0.0005708217796755,64,cicids2017_binary,cnn,46
rid_c37e7f18a6e72502c51b38a935c05fe1,1,0.0148472522240226,128,cicids2017_binary,cnn,46
rid_37cd12f48d67404f18703652ce8ca9d9,0,3.141589775969289e-06,128,cicids2017_binary,cnn,46
rid_8bf0913a12626463db1174068a238121,1,0.0026185127499989,128,cicids2017_binary,cnn,46
rid_413d94fc3f4d023fcbb5025f54532935,0,5.726084941976364e-06,128,cicids2017_binary,cnn,46
rid_2d7e85ed2cdb8a5f02ad124caeebe429,0,5.4525183626656995e-06,128,cicids2017_binary,cnn,46
rid_830a74fc8667b1a2e2af223c9d2a2c10,0,5.976833042248449e-06,128,cicids2017_binary,cnn,46
rid_246eaf0c1fac248deb765083c270bbcc,0,1.634465424133619e-07,128,cicids2017_binary,cnn,46
rid_1326d7841b59c92665d871af5511e3f8,1,0.0158312098258406,128,cicids2017_binary,cnn,46
rid_f4e85fd27b14cf91010e12816d23de82,1,0.0277843770544023,128,cicids2017_binary,cnn,46
rid_5852990d34963aaadad7e90ef9bf633d,1,0.0192007518656298,128,cicids2017_binary,cnn,46
rid_91629040875b5b88fe453003d3c24213,1,0.0057864303809092,128,cicids2017_binary,cnn,46
rid_ef9fb628d94de42604b08b84713e8ae5,1,0.0122564441984636,128,cicids2017_binary,cnn,46
rid_74105010942e741d7107c797b640545a,1,0.0412093987450674,128,cicids2017_binary,cnn,46
rid_2db54221168e8f586f9c78bb4918b5d4,0,2.5762824905043065e-06,128,cicids2017_binary,cnn,46
rid_c11a696fc62e305df7821a36403017a4,0,0.0008390964703925,128,cicids2017_binary,cnn,46
rid_591657dbc51fa5cba6110e4a2bc0389d,0,0.0003393907328683,128,cicids2017_binary,cnn,46
rid_c37e7f18a6e72502c51b38a935c05fe1,1,0.000709327943932,256,cicids2017_binary,cnn,46
rid_37cd12f48d67404f18703652ce8ca9d9,0,1.2585733027744694e-06,256,cicids2017_binary,cnn,46
rid_8bf0913a12626463db1174068a238121,1,0.001594523247375,256,cicids2017_binary,cnn,46
rid_413d94fc3f4d023fcbb5025f54532935,0,5.940757172363722e-06,256,cicids2017_binary,cnn,46
rid_2d7e85ed2cdb8a5f02ad124caeebe429,0,2.6499566353763507e-06,256,cicids2017_binary,cnn,46
rid_830a74fc8667b1a2e2af223c9d2a2c10,0,1.413992380472958e-06,256,cicids2017_binary,cnn,46
rid_246eaf0c1fac248deb765083c270bbcc,0,4.139427570415931e-07,256,cicids2017_binary,cnn,46
rid_1326d7841b59c92665d871af5511e3f8,1,0.0059693065615249,256,cicids2017_binary,cnn,46
rid_f4e85fd27b14cf91010e12816d23de82,1,0.0147976862480732,256,cicids2017_binary,cnn,46
rid_5852990d34963aaadad7e90ef9bf633d,1,0.0013069823426574,256,cicids2017_binary,cnn,46
rid_91629040875b5b88fe453003d3c24213,1,0.0021564498039383,256,cicids2017_binary,cnn,46
rid_ef9fb628d94de42604b08b84713e8ae5,1,0.0140868237972924,256,cicids2017_binary,cnn,46
rid_74105010942e741d7107c797b640545a,1,0.0121214729469869,256,cicids2017_binary,cnn,46
rid_2db54221168e8f586f9c78bb4918b5d4,0,2.2073361622375334e-07,256,cicids2017_binary,cnn,46
rid_c11a696fc62e305df7821a36403017a4,0,0.0005740607873301,256,cicids2017_binary,cnn,46
rid_591657dbc51fa5cba6110e4a2bc0389d,0,5.8090874765786074e-05,256,cicids2017_binary,cnn,46
rid_c37e7f18a6e72502c51b38a935c05fe1,1,0.000859797577128,512,cicids2017_binary,cnn,46
rid_37cd12f48d67404f18703652ce8ca9d9,0,8.441652186048096e-07,512,cicids2017_binary,cnn,46
rid_8bf0913a12626463db1174068a238121,1,0.000430368995298,512,cicids2017_binary,cnn,46
rid_413d94fc3f4d023fcbb5025f54532935,0,1.8624807837912952e-06,512,cicids2017_binary,cnn,46
rid_2d7e85ed2cdb8a5f02ad124caeebe429,0,5.324550004280962e-07,512,cicids2017_binary,cnn,46
rid_830a74fc8667b1a2e2af223c9d2a2c10,0,3.105391908245431e-06,512,cicids2017_binary,cnn,46
rid_246eaf0c1fac248deb765083c270bbcc,0,1.169103657590407e-06,512,cicids2017_binary,cnn,46
rid_1326d7841b59c92665d871af5511e3f8,1,0.0041367647514718,512,cicids2017_binary,cnn,46
rid_f4e85fd27b14cf91010e12816d23de82,1,0.0035273432449649,512,cicids2017_binary,cnn,46
rid_5852990d34963aaadad7e90ef9bf633d,1,0.0005700981183511,512,cicids2017_binary,cnn,46
rid_91629040875b5b88fe453003d3c24213,1,0.0013093614023453,512,cicids2017_binary,cnn,46
rid_ef9fb628d94de42604b08b84713e8ae5,1,0.0065252807355946,512,cicids2017_binary,cnn,46
rid_74105010942e741d7107c797b640545a,1,0.00205564237244,512,cicids2017_binary,cnn,46
rid_2db54221168e8f586f9c78bb4918b5d4,0,1.5106499515508355e-06,512,cicids2017_binary,cnn,46
rid_c11a696fc62e305df7821a36403017a4,0,0.0012675018611494,512,cicids2017_binary,cnn,46
rid_591657dbc51fa5cba6110e4a2bc0389d,0,4.588804249509859e-05,512,cicids2017_binary,cnn,46
rid_299f5020f6c0ee5585f68ea51b3a909c,1,0.025019943002368,64,cicids2017_binary,mlp,43
rid_b63ceef3b9d6d5e5d52f011e88a99d75,0,0.00017369438923,64,cicids2017_binary,mlp,43
rid_0d5718fa79fb7894e09279dc893a803e,1,0.0062872508021996,64,cicids2017_binary,mlp,43
rid_0fbdd24c1b1636c31eb464c10c4cd767,0,0.0001224889251927,64,cicids2017_binary,mlp,43
rid_d4ee17856ce1b46d6111b2ca82a08247,0,0.0004290054571812,64,cicids2017_binary,mlp,43
rid_a30282f714de912382c8a683d9075cb2,0,0.0001411080058124,64,cicids2017_binary,mlp,43
rid_d0761508812c12c771adea5e80b3733e,0,8.188666269099906e-05,64,cicids2017_binary,mlp,43
rid_a1ed68623ba0430e56f4ee82b60cb189,0,0.0005397161366454,64,cicids2017_binary,mlp,43
rid_dba24fc6ab50ddfc1c7e2883730920f1,0,0.000217842252952,64,cicids2017_binary,mlp,43
rid_06ab8b94dacdf1e99c27598d627fd5e7,1,0.0026139501425213,64,cicids2017_binary,mlp,43
rid_e3dd721c6ead4c5beb8c97214764fe93,1,0.0159368841620728,64,cicids2017_binary,mlp,43
rid_4549d0f84e4654e49b146ef9247a3cad,1,0.010999118021246,64,cicids2017_binary,mlp,43
rid_94b322d0c9af6a93a1587e589cac48ea,1,0.0412813986145912,64,cicids2017_binary,mlp,43
rid_dc6b295865e7aabc28fd5e1b8a0b5b30,1,0.0273359893216671,64,cicids2017_binary,mlp,43
rid_a736dce9f3e61ea8d8876c86d0ac0751,1,0.0063143265524985,64,cicids2017_binary,mlp,43
rid_40e563444b684608e6d176b713ea43e7,0,0.000123243782932,64,cicids2017_binary,mlp,43
rid_299f5020f6c0ee5585f68ea51b3a909c,1,0.0138693448153306,128,cicids2017_binary,mlp,43
rid_b63ceef3b9d6d5e5d52f011e88a99d75,0,9.84054250637769e-05,128,cicids2017_binary,mlp,43
rid_0d5718fa79fb7894e09279dc893a803e,1,0.0096295700099511,128,cicids2017_binary,mlp,43
rid_0fbdd24c1b1636c31eb464c10c4cd767,0,0.0001187965350166,128,cicids2017_binary,mlp,43
rid_d4ee17856ce1b46d6111b2ca82a08247,0,9.547018204687092e-05,128,cicids2017_binary,mlp,43
rid_a30282f714de912382c8a683d9075cb2,0,0.0001517529423081,128,cicids2017_binary,mlp,43
rid_d0761508812c12c771adea5e80b3733e,0,3.7343465408994775e-05,128,cicids2017_binary,mlp,43
rid_a1ed68623ba0430e56f4ee82b60cb189,0,9.351556130877613e-05,128,cicids2017_binary,mlp,43
rid_dba24fc6ab50ddfc1c7e2883730920f1,0,5.522348773207009e-05,128,cicids2017_binary,mlp,43
rid_06ab8b94dacdf1e99c27598d627fd5e7,1,0.0004951083793329,128,cicids2017_binary,mlp,43
rid_e3dd721c6ead4c5beb8c97214764fe93,1,0.0130504835215536,128,cicids2017_binary,mlp,43
rid_4549d0f84e4654e49b146ef9247a3cad,1,0.0028362414169151,128,cicids2017_binary,mlp,43
rid_94b322d0c9af6a93a1587e589cac48ea,1,0.0171126687923701,128,cicids2017_binary,mlp,43
rid_dc6b295865e7aabc28fd5e1b8a0b5b30,1,0.0018396059692946,128,cicids2017_binary,mlp,43
rid_a736dce9f3e61ea8d8876c86d0ac0751,1,0.0027667707152332,128,cicids2017_binary,mlp,43
rid_40e563444b684608e6d176b713ea43e7,0,4.990207482033493e-05,128,cicids2017_binary,mlp,43
rid_299f5020f6c0ee5585f68ea51b3a909c,1,0.0071725413549676,256,cicids2017_binary,mlp,43
rid_b63ceef3b9d6d5e5d52f011e88a99d75,0,3.670552775101102e-05,256,cicids2017_binary,mlp,43
rid_0d5718fa79fb7894e09279dc893a803e,1,0.004030479938702,256,cicids2017_binary,mlp,43
rid_0fbdd24c1b1636c31eb464c10c4cd767,0,2.4975677057090945e-05,256,cicids2017_binary,mlp,43
rid_d4ee17856ce1b46d6111b2ca82a08247,0,3.661658026041237e-05,256,cicids2017_binary,mlp,43
rid_a30282f714de912382c8a683d9075cb2,0,1.437533259186774e-05,256,cicids2017_binary,mlp,43
rid_d0761508812c12c771adea5e80b3733e,0,2.7141004763604065e-05,256,cicids2017_binary,mlp,43
rid_a1ed68623ba0430e56f4ee82b60cb189,0,0.0001916484191851,256,cicids2017_binary,mlp,43
rid_dba24fc6ab50ddfc1c7e2883730920f1,0,6.991543542824753e-05,256,cicids2017_binary,mlp,43
rid_06ab8b94dacdf1e99c27598d627fd5e7,1,2.9774398750959108e-05,256,cicids2017_binary,mlp,43
rid_e3dd721c6ead4c5beb8c97214764fe93,1,0.0086781206918202,256,cicids2017_binary,mlp,43
rid_4549d0f84e4654e49b146ef9247a3cad,1,0.0014472891803194,256,cicids2017_binary,mlp,43
rid_94b322d0c9af6a93a1587e589cac48ea,1,0.0077154452194081,256,cicids2017_binary,mlp,43
rid_dc6b295865e7aabc28fd5e1b8a0b5b30,1,0.0031480402389512,256,cicids2017_binary,mlp,43
rid_a736dce9f3e61ea8d8876c86d0ac0751,1,0.0047514196248314,256,cicids2017_binary,mlp,43
rid_40e563444b684608e6d176b713ea43e7,0,2.9514771635597015e-06,256,cicids2017_binary,mlp,43
rid_2b1668cc54a50094b0ba4c9bddf5cea9,0,0.0003259912396065,64,cicids2017_binary,mlp,44
rid_3425757536dbe8572dd9baa8a4b01b35,1,0.0181426242922809,64,cicids2017_binary,mlp,44
rid_c78cab0374e4811448d87599cbfd4969,1,0.0075414808368787,64,cicids2017_binary,mlp,44
rid_18f1292128af43169595a18cc34eee53,1,0.0250098609985727,64,cicids2017_binary,mlp,44
rid_4abbbe95191242e0fbf9f0948fa07eda,0,7.4593402521472285e-06,64,cicids2017_binary,mlp,44
rid_0ed619613e120cdf149f169358bc7e30,0,0.0004177196098763,64,cicids2017_binary,mlp,44
rid_d182bbdfc1a571f60133fda90977753f,0,0.0039284940943935,64,cicids2017_binary,mlp,44
rid_d444eeefbcea46662da5c9bd55145368,0,6.376963412715875e-05,64,cicids2017_binary,mlp,44
rid_40374ad9b03eaed3fe122979fd34350d,0,0.0002458636279781,64,cicids2017_binary,mlp,44
rid_e55b960f2ad1701a23a1f08e51b531c8,0,5.945499336729165e-05,64,cicids2017_binary,mlp,44
rid_9c240b39c72c24df5823606d70f93617,0,0.0004319935565787,64,cicids2017_binary,mlp,44
rid_86f94a02a6c38d02ab06c91a9032d922,1,0.0166280101313396,64,cicids2017_binary,mlp,44
rid_4690f032faeed7d96535bf8c2f4f394b,1,0.0038617128134426,64,cicids2017_binary,mlp,44
rid_961469f835cc47f83f16a9db0a1a2cc0,1,0.0205399333131379,64,cicids2017_binary,mlp,44
rid_5e34eaeca584e472a5661e822dafb6e9,1,0.0135590262361056,64,cicids2017_binary,mlp,44
rid_c63e0275bfc9ce09e520fc7527b3e53f,1,0.0064456865387327,64,cicids2017_binary,mlp,44
rid_2b1668cc54a50094b0ba4c9bddf5cea9,0,0.0006087933813563,128,cicids2017_binary,mlp,44
rid_3425757536dbe8572dd9baa8a4b01b35,1,0.0004936583386163,128,cicids2017_binary,mlp,44
rid_c78cab0374e4811448d87599cbfd4969,1,0.0023599156942569,128,cicids2017_binary,mlp,44
rid_18f1292128af43169595a18cc34eee53,1,0.0062211711358699,128,cicids2017_binary,mlp,44
rid_4abbbe95191242e0fbf9f0948fa07eda,0,1.3574808011007631e-05,128,cicids2017_binary,mlp,44
rid_0ed619613e120cdf149f169358bc7e30,0,0.0001692744606419,128,cicids2017_binary,mlp,44
rid_d182bbdfc1a571f60133fda90977753f,0,0.0002094225911126,128,cicids2017_binary,mlp,44
rid_d444eeefbcea46662da5c9bd55145368,0,7.652538917789567e-05,128,cicids2017_binary,mlp,44
rid_40374ad9b03eaed3fe122979fd34350d,0,5.740445804447436e-05,128,cicids2017_binary,mlp,44
rid_e55b960f2ad1701a23a1f08e51b531c8,0,1.9047923564330382e-05,128,cicids2017_binary,mlp,44
rid_9c240b39c72c24df5823606d70f93617,0,7.247301773910877e-05,128,cicids2017_binary,mlp,44
rid_86f94a02a6c38d02ab06c91a9032d922,1,0.0012129643172419,128,cicids2017_binary,mlp,44
rid_4690f032faeed7d96535bf8c2f4f394b,1,0.0062799282261636,128,cicids2017_binary,mlp,44
rid_961469f835cc47f83f16a9db0a1a2cc0,1,0.0053366011552794,128,cicids2017_binary,mlp,44
rid_5e34eaeca584e472a5661e822dafb6e9,1,0.0035515930665397,128,cicids2017_binary,mlp,44
rid_c63e0275bfc9ce09e520fc7527b3e53f,1,0.0074701914692809,128,cicids2017_binary,mlp,44
rid_2b1668cc54a50094b0ba4c9bddf5cea9,0,0.0004053339264192,256,cicids2017_binary,mlp,44
rid_3425757536dbe8572dd9baa8a4b01b35,1,0.0036379565994495,256,cicids2017_binary,mlp,44
rid_c78cab0374e4811448d87599cbfd4969,1,0.0017662112643797,256,cicids2017_binary,mlp,44
rid_18f1292128af43169595a18cc34eee53,1,0.0012594265591161,256,cicids2017_binary,mlp,44
rid_4abbbe95191242e0fbf9f0948fa07eda,0,4.718097178457725e-05,256,cicids2017_binary,mlp,44
rid_0ed619613e120cdf149f169358bc7e30,0,5.5544953961178534e-05,256,cicids2017_binary,mlp,44
rid_d182bbdfc1a571f60133fda90977753f,0,0.0001265195482955,256,cicids2017_binary,mlp,44
rid_d444eeefbcea46662da5c9bd55145368,0,2.839457979553553e-05,256,cicids2017_binary,mlp,44
rid_40374ad9b03eaed3fe122979fd34350d,0,1.7815566815237993e-05,256,cicids2017_binary,mlp,44
rid_e55b960f2ad1701a23a1f08e51b531c8,0,8.942810398221424e-05,256,cicids2017_binary,mlp,44
rid_9c240b39c72c24df5823606d70f93617,0,2.467969911885276e-05,256,cicids2017_binary,mlp,44
rid_86f94a02a6c38d02ab06c91a9032d922,1,0.0051983427214417,256,cicids2017_binary,mlp,44
rid_4690f032faeed7d96535bf8c2f4f394b,1,0.0011216296018616,256,cicids2017_binary,mlp,44
rid_961469f835cc47f83f16a9db0a1a2cc0,1,0.0058375736254998,256,cicids2017_binary,mlp,44
rid_5e34eaeca584e472a5661e822dafb6e9,1,0.0021849048190523,256,cicids2017_binary,mlp,44
rid_c63e0275bfc9ce09e520fc7527b3e53f,1,0.002372528216874,256,cicids2017_binary,mlp,44
rid_9b7add9a237d82184b6b7ff39481c1e4,1,0.0021265843716835,64,cicids2017_binary,mlp,45
rid_dda9091e380531eed540e6956845b29a,1,0.0047093111507201,64,cicids2017_binary,mlp,45
rid_33a4e24bd932f62baa573a0bddad67d9,0,0.0001436392722142,64,cicids2017_binary,mlp,45
rid_e8510e9693f2cbff6cbd747239acc192,0,0.000346313541783,64,cicids2017_binary,mlp,45
rid_3963f478bfc78e4b0a9249ab93167532,0,0.0017021716964811,64,cicids2017_binary,mlp,45
rid_ea281976da7b154c3824de0ff08c6d17,0,0.0002702512388782,64,cicids2017_binary,mlp,45
rid_b99833a79cf0c33e74f98c4109cd68e7,0,0.0001274300274649,64,cicids2017_binary,mlp,45
rid_37306e371682683f03a9eb90718852b4,0,5.2419616763069166e-05,64,cicids2017_binary,mlp,45
rid_4776f9e633f76666e87767d015ecfe74,0,0.0001420733633653,64,cicids2017_binary,mlp,45
rid_a6bbfdbe9c8d78aa6e37f292f71f1f39,1,0.0282796474684943,64,cicids2017_binary,mlp,45
rid_fe8c4afabc3da2bc2ce439f44cbe9d0f,1,0.0154534735539768,64,cicids2017_binary,mlp,45
rid_40c0725634afa7648eb59f1348d0bd80,1,0.0291980934980982,64,cicids2017_binary,mlp,45
rid_45d8990f6431caee2b930f2c84a7afbd,1,0.0139470331175459,64,cicids2017_binary,mlp,45
rid_c38c3c7f0cf70dc32b2fb9fe3aa7d22d,1,0.0056483395854054,64,cicids2017_binary,mlp,45
rid_b5463166d26a4db23a0167640c969f51,0,0.0001268195067932,64,cicids2017_binary,mlp,45
rid_9f7c169f3f3451a71e4d1103d54762d8,1,0.002463524281195,64,cicids2017_binary,mlp,45
rid_9b7add9a237d82184b6b7ff39481c1e4,1,0.0099877338564864,128,cicids2017_binary,mlp,45
rid_dda9091e380531eed540e6956845b29a,1,0.0056129137519558,128,cicids2017_binary,mlp,45
rid_33a4e24bd932f62baa573a0bddad67d9,0,6.330770295681631e-05,128,cicids2017_binary,mlp,45
rid_e8510e9693f2cbff6cbd747239acc192,0,0.0001123162201395,128,cicids2017_binary,mlp,45
rid_3963f478bfc78e4b0a9249ab93167532,0,0.0020808128121228,128,cicids2017_binary,mlp,45
rid_ea281976da7b154c3824de0ff08c6d17,0,0.0005311529502065,128,cicids2017_binary,mlp,45
rid_b99833a79cf0c33e74f98c4109cd68e7,0,0.0010079295039149,128,cicids2017_binary,mlp,45
rid_37306e371682683f03a9eb90718852b4,0,0.0004037016281997,128,cicids2017_binary,mlp,45
rid_4776f9e633f76666e87767d015ecfe74,0,0.0003861477856456,128,cicids2017_binary,mlp,45
rid_a6bbfdbe9c8d78aa6e37f292f71f1f39,1,0.0090531906813282,128,cicids2017_binary,mlp,45
rid_fe8c4afabc3da2bc2ce439f44cbe9d0f,1,0.0183212213431939,128,cicids2017_binary,mlp,45
rid_40c0725634afa7648eb59f1348d0bd80,1,0.0040628616535332,128,cicids2017_binary,mlp,45
rid_45d8990f6431caee2b930f2c84a7afbd,1,0.0095961438540825,128,cicids2017_binary,mlp,45
rid_c38c3c7f0cf70dc32b2fb9fe3aa7d22d,1,0.0021174412399528,128,cicids2017_binary,mlp,45
rid_b5463166d26a4db23a0167640c969f51,0,5.445535267912388e-05,128,cicids2017_binary,mlp,45
rid_9f7c169f3f3451a71e4d1103d54762d8,1,0.0057245525558702,128,cicids2017_binary,mlp,45
rid_9b7add9a237d82184b6b7ff39481c1e4,1,0.0042714947539268,256,cicids2017_binary,mlp,45
rid_dda9091e380531eed540e6956845b29a,1,0.0034827662505783,256,cicids2017_binary,mlp,45
rid_33a4e24bd932f62baa573a0bddad67d9,0,3.044618205283456e-05,256,cicids2017_binary,mlp,45
rid_e8510e9693f2cbff6cbd747239acc192,0,1.1052924595009173e-05,256,cicids2017_binary,mlp,45
rid_3963f478bfc78e4b0a9249ab93167532,0,0.0005229691074901,256,cicids2017_binary,mlp,45
rid_ea281976da7b154c3824de0ff08c6d17,0,8.985867407790282e-05,256,cicids2017_binary,mlp,45
rid_b99833a79cf0c33e74f98c4109cd68e7,0,0.0002383729245154,256,cicids2017_binary,mlp,45
rid_37306e371682683f03a9eb90718852b4,0,0.0002155508808459,256,cicids2017_binary,mlp,45
rid_4776f9e633f76666e87767d015ecfe74,0,0.0001622240978102,256,cicids2017_binary,mlp,45
rid_a6bbfdbe9c8d78aa6e37f292f71f1f39,1,0.0022588100761069,256,cicids2017_binary,mlp,45
rid_fe8c4afabc3da2bc2ce439f44cbe9d0f,1,0.0052006272964142,256,cicids2017_binary,mlp,45
rid_40c0725634afa7648eb59f1348d0bd80,1,0.0031783102501856,256,cicids2017_binary,mlp,45
rid_45d8990f6431caee2b930f2c84a7afbd,1,0.0006559806105883,256,cicids2017_binary,mlp,45
rid_c38c3c7f0cf70dc32b2fb9fe3aa7d22d,1,0.002621248184632,256,cicids2017_binary,mlp,45
rid_b5463166d26a4db23a0167640c969f51,0,9.774260468428664e-06,256,cicids2017_binary,mlp,45
rid_9f7c169f3f3451a71e4d1103d54762d8,1,0.0037255122923589,256,cicids2017_binary,mlp,45
rid_17c75cd659c9243647caddaa9aa43875,1,0.0786814682344925,64,cicids2017_binary,mlp,42
rid_accf8c0dda146c4a242cdc9d8885e717,1,0.013245322420289,64,cicids2017_binary,mlp,42
rid_8593525157bd8c913dcb6144108b0a95,1,0.0045183891255036,64,cicids2017_binary,mlp,42
rid_09a527fea31178a9ad0ecb1fc521e8fb,0,7.497631270843297e-05,64,cicids2017_binary,mlp,42
rid_e7974d4f4c91f9e013db09642e33bb70,0,6.274118563442954e-05,64,cicids2017_binary,mlp,42
rid_9f3a7f0f10b651a421dd35c1b1afb71c,0,0.0010730248522484,64,cicids2017_binary,mlp,42
rid_8c9bdead15ce16a77b48e3372d9a8a3d,0,0.0001761949911094,64,cicids2017_binary,mlp,42
rid_894f119af6edccd4268535184bc340cf,0,0.0006173757968374,64,cicids2017_binary,mlp,42
rid_0d983e5b8810b377ec14cf6f0ef744a4,0,0.0053824178717142,64,cicids2017_binary,mlp,42
rid_12f800a48f581538facdec51ab2454d7,0,4.425387845702344e-05,64,cicids2017_binary,mlp,42
rid_408ae7c441d02f646de26fd9bdce1d45,1,0.0001197013104277,64,cicids2017_binary,mlp,42
rid_cf4ebdc12c3cb032b70b55c77a7cb796,1,0.0210168514942026,64,cicids2017_binary,mlp,42
rid_12888033c44aa2549d48f3c7bd216973,1,0.0290215066753205,64,cicids2017_binary,mlp,42
rid_c084b42c4af4241dd19e6d04badcf8b5,1,0.0218582617801814,64,cicids2017_binary,mlp,42
rid_08c29756d968418335a9524cb0092fef,1,0.0441431500620836,64,cicids2017_binary,mlp,42
rid_1c419a3f15eb43644fa650ff6ad71b8a,0,0.0037633036390551,64,cicids2017_binary,mlp,42
rid_17c75cd659c9243647caddaa9aa43875,1,0.0090817209500642,128,cicids2017_binary,mlp,42
rid_accf8c0dda146c4a242cdc9d8885e717,1,0.0070170539373748,128,cicids2017_binary,mlp,42
rid_8593525157bd8c913dcb6144108b0a95,1,0.0092578427957867,128,cicids2017_binary,mlp,42
rid_09a527fea31178a9ad0ecb1fc521e8fb,0,0.000646403327943,128,cicids2017_binary,mlp,42
rid_e7974d4f4c91f9e013db09642e33bb70,0,0.0050024595430047,128,cicids2017_binary,mlp,42
rid_9f3a7f0f10b651a421dd35c1b1afb71c,0,0.0001767040956107,128,cicids2017_binary,mlp,42
rid_8c9bdead15ce16a77b48e3372d9a8a3d,0,0.0005849129917014,128,cicids2017_binary,mlp,42
rid_894f119af6edccd4268535184bc340cf,0,0.0010374106019537,128,cicids2017_binary,mlp,42
rid_0d983e5b8810b377ec14cf6f0ef744a4,0,0.0028543731557125,128,cicids2017_binary,mlp,42
rid_12f800a48f581538facdec51ab2454d7,0,0.0006395591764098,128,cicids2017_binary,mlp,42
rid_408ae7c441d02f646de26fd9bdce1d45,1,0.0028699162695291,128,cicids2017_binary,mlp,42
rid_cf4ebdc12c3cb032b70b55c77a7cb796,1,0.0074234442699276,128,cicids2017_binary,mlp,42
rid_12888033c44aa2549d48f3c7bd216973,1,0.0022340635558464,128,cicids2017_binary,mlp,42
rid_c084b42c4af4241dd19e6d04badcf8b5,1,0.0104892645284735,128,cicids2017_binary,mlp,42
rid_08c29756d968418335a9524cb0092fef,1,0.0042812431028949,128,cicids2017_binary,mlp,42
rid_1c419a3f15eb43644fa650ff6ad71b8a,0,0.0026519047277604,128,cicids2017_binary,mlp,42
rid_17c75cd659c9243647caddaa9aa43875,1,0.0046268713776385,256,cicids2017_binary,mlp,42
rid_accf8c0dda146c4a242cdc9d8885e717,1,0.0028053077847971,256,cicids2017_binary,mlp,42
rid_8593525157bd8c913dcb6144108b0a95,1,0.0078910777572164,256,cicids2017_binary,mlp,42
rid_09a527fea31178a9ad0ecb1fc521e8fb,0,0.0001891053970567,256,cicids2017_binary,mlp,42
rid_e7974d4f4c91f9e013db09642e33bb70,0,0.0006882610314407,256,cicids2017_binary,mlp,42
rid_9f3a7f0f10b651a421dd35c1b1afb71c,0,0.0001703080432519,256,cicids2017_binary,mlp,42
rid_8c9bdead15ce16a77b48e3372d9a8a3d,0,0.0001734183348571,256,cicids2017_binary,mlp,42
rid_894f119af6edccd4268535184bc340cf,0,0.0004805096603214,256,cicids2017_binary,mlp,42
rid_0d983e5b8810b377ec14cf6f0ef744a4,0,0.0008814869320601,256,cicids2017_binary,mlp,42
rid_12f800a48f581538facdec51ab2454d7,0,0.0001313574105921,256,cicids2017_binary,mlp,42
rid_408ae7c441d02f646de26fd9bdce1d45,1,0.0023344499952326,256,cicids2017_binary,mlp,42
rid_cf4ebdc12c3cb032b70b55c77a7cb796,1,0.0182941784413044,256,cicids2017_binary,mlp,42
rid_12888033c44aa2549d48f3c7bd216973,1,0.0016958149322192,256,cicids2017_binary,mlp,42
rid_c084b42c4af4241dd19e6d04badcf8b5,1,0.0054359668043275,256,cicids2017_binary,mlp,42
rid_08c29756d968418335a9524cb0092fef,1,0.0122544376913005,256,cicids2017_binary,mlp,42
rid_1c419a3f15eb43644fa650ff6ad71b8a,0,0.0009764336559565,256,cicids2017_binary,mlp,42
rid_17c75cd659c9243647caddaa9aa43875,1,0.0001702915995451,512,cicids2017_binary,mlp,42
rid_accf8c0dda146c4a242cdc9d8885e717,1,0.001973612662141,512,cicids2017_binary,mlp,42
rid_8593525157bd8c913dcb6144108b0a95,1,0.0029403535002434,512,cicids2017_binary,mlp,42
rid_09a527fea31178a9ad0ecb1fc521e8fb,0,0.0003428319536987,512,cicids2017_binary,mlp,42
rid_e7974d4f4c91f9e013db09642e33bb70,0,0.0016068406874194,512,cicids2017_binary,mlp,42
rid_9f3a7f0f10b651a421dd35c1b1afb71c,0,0.0002411980588798,512,cicids2017_binary,mlp,42
rid_8c9bdead15ce16a77b48e3372d9a8a3d,0,7.604487299356366e-05,512,cicids2017_binary,mlp,42
rid_894f119af6edccd4268535184bc340cf,0,0.00031531038397,512,cicids2017_binary,mlp,42
rid_0d983e5b8810b377ec14cf6f0ef744a4,0,0.0011126252944112,512,cicids2017_binary,mlp,42
rid_12f800a48f581538facdec51ab2454d7,0,0.0001268409967939,512,cicids2017_binary,mlp,42
rid_408ae7c441d02f646de26fd9bdce1d45,1,0.0015370109862932,512,cicids2017_binary,mlp,42
rid_cf4ebdc12c3cb032b70b55c77a7cb796,1,0.0099424118422088,512,cicids2017_binary,mlp,42
rid_12888033c44aa2549d48f3c7bd216973,1,0.0002324854210087,512,cicids2017_binary,mlp,42
rid_c084b42c4af4241dd19e6d04badcf8b5,1,0.0005996101228333,512,cicids2017_binary,mlp,42
rid_08c29756d968418335a9524cb0092fef,1,1.3108900084546349e-05,512,cicids2017_binary,mlp,42
rid_1c419a3f15eb43644fa650ff6ad71b8a,0,0.0001692089785532,512,cicids2017_binary,mlp,42
rid_c37e7f18a6e72502c51b38a935c05fe1,1,0.0405013368140885,64,cicids2017_binary,mlp,46
rid_37cd12f48d67404f18703652ce8ca9d9,0,1.6731195389644432e-07,64,cicids2017_binary,mlp,46
rid_8bf0913a12626463db1174068a238121,1,0.0313645058460565,64,cicids2017_binary,mlp,46
rid_413d94fc3f4d023fcbb5025f54532935,0,6.23599668626209e-05,64,cicids2017_binary,mlp,46
rid_2d7e85ed2cdb8a5f02ad124caeebe429,0,2.820068691876919e-05,64,cicids2017_binary,mlp,46
rid_830a74fc8667b1a2e2af223c9d2a2c10,0,3.5042522219710937e-05,64,cicids2017_binary,mlp,46
rid_246eaf0c1fac248deb765083c270bbcc,0,0.0001136900690574,64,cicids2017_binary,mlp,46
rid_1326d7841b59c92665d871af5511e3f8,1,0.022118758898685,64,cicids2017_binary,mlp,46
rid_f4e85fd27b14cf91010e12816d23de82,1,0.0199587489108692,64,cicids2017_binary,mlp,46
rid_5852990d34963aaadad7e90ef9bf633d,1,0.0012706093271768,64,cicids2017_binary,mlp,46
rid_91629040875b5b88fe453003d3c24213,1,0.0153036799291168,64,cicids2017_binary,mlp,46
rid_ef9fb628d94de42604b08b84713e8ae5,1,0.0046454720607345,64,cicids2017_binary,mlp,46
rid_74105010942e741d7107c797b640545a,1,0.0182870636071115,64,cicids2017_binary,mlp,46
rid_2db54221168e8f586f9c78bb4918b5d4,0,2.745860178336376e-05,64,cicids2017_binary,mlp,46
rid_c11a696fc62e305df7821a36403017a4,0,5.535560828329178e-05,64,cicids2017_binary,mlp,46
rid_591657dbc51fa5cba6110e4a2bc0389d,0,0.0010659217851592,64,cicids2017_binary,mlp,46
rid_c37e7f18a6e72502c51b38a935c05fe1,1,0.0273714542028216,128,cicids2017_binary,mlp,46
rid_37cd12f48d67404f18703652ce8ca9d9,0,2.347798553003263e-05,128,cicids2017_binary,mlp,46
rid_8bf0913a12626463db1174068a238121,1,0.0233701280056948,128,cicids2017_binary,mlp,46
rid_413d94fc3f4d023fcbb5025f54532935,0,2.6640117330518215e-05,128,cicids2017_binary,mlp,46
rid_2d7e85ed2cdb8a5f02ad124caeebe429,0,6.165600011525524e-06,128,cicids2017_binary,mlp,46
rid_830a74fc8667b1a2e2af223c9d2a2c10,0,8.4961043955974e-06,128,cicids2017_binary,mlp,46
rid_246eaf0c1fac248deb765083c270bbcc,0,9.901364261676038e-06,128,cicids2017_binary,mlp,46
rid_1326d7841b59c92665d871af5511e3f8,1,0.0045924433873452,128,cicids2017_binary,mlp,46
rid_f4e85fd27b14cf91010e12816d23de82,1,0.0054839829857693,128,cicids2017_binary,mlp,46
rid_5852990d34963aaadad7e90ef9bf633d,1,0.0044356853355606,128,cicids2017_binary,mlp,46
rid_91629040875b5b88fe453003d3c24213,1,0.0063122868968596,128,cicids2017_binary,mlp,46
rid_ef9fb628d94de42604b08b84713e8ae5,1,0.0120513259966745,128,cicids2017_binary,mlp,46
rid_74105010942e741d7107c797b640545a,1,0.0106762388288927,128,cicids2017_binary,mlp,46
rid_2db54221168e8f586f9c78bb4918b5d4,0,2.883150861130411e-05,128,cicids2017_binary,mlp,46
rid_c11a696fc62e305df7821a36403017a4,0,2.300182192949141e-05,128,cicids2017_binary,mlp,46
rid_591657dbc51fa5cba6110e4a2bc0389d,0,0.0001644990454201,128,cicids2017_binary,mlp,46
rid_c37e7f18a6e72502c51b38a935c05fe1,1,0.0142181719409819,256,cicids2017_binary,mlp,46
rid_37cd12f48d67404f18703652ce8ca9d9,0,7.478233935453472e-06,256,cicids2017_binary,mlp,46
rid_8bf0913a12626463db1174068a238121,1,0.0130194413608251,256,cicids2017_binary,mlp,46
rid_413d94fc3f4d023fcbb5025f54532935,0,2.299406420556028e-05,256,cicids2017_binary,mlp,46
rid_2d7e85ed2cdb8a5f02ad124caeebe429,0,2.143691562267111e-06,256,cicids2017_binary,mlp,46
rid_830a74fc8667b1a2e2af223c9d2a2c10,0,1.5658880908858005e-06,256,cicids2017_binary,mlp,46
rid_246eaf0c1fac248deb765083c270bbcc,0,6.909217734090561e-06,256,cicids2017_binary,mlp,46
rid_1326d7841b59c92665d871af5511e3f8,1,0.0020148627730094,256,cicids2017_binary,mlp,46
rid_f4e85fd27b14cf91010e12816d23de82,1,0.0037053015597336,256,cicids2017_binary,mlp,46
rid_5852990d34963aaadad7e90ef9bf633d,1,0.0075548212588751,256,cicids2017_binary,mlp,46
rid_91629040875b5b88fe453003d3c24213,1,0.0001568531756916,256,cicids2017_binary,mlp,46
rid_ef9fb628d94de42604b08b84713e8ae5,1,0.0056408413967781,256,cicids2017_binary,mlp,46
rid_74105010942e741d7107c797b640545a,1,0.002548951933619,256,cicids2017_binary,mlp,46
rid_2db54221168e8f586f9c78bb4918b5d4,0,3.3573545619539416e-05,256,cicids2017_binary,mlp,46
rid_c11a696fc62e305df7821a36403017a4,0,4.936067226068985e-06,256,cicids2017_binary,mlp,46
rid_591657dbc51fa5cba6110e4a2bc0389d,0,4.55974577422396e-05,256,cicids2017_binary,mlp,46
rid_c37e7f18a6e72502c51b38a935c05fe1,1,0.0071731805879124,512,cicids2017_binary,mlp,46
rid_37cd12f48d67404f18703652ce8ca9d9,0,2.7471072598216767e-06,512,cicids2017_binary,mlp,46
rid_8bf0913a12626463db1174068a238121,1,0.0047758335119283,512,cicids2017_binary,mlp,46
rid_413d94fc3f4d023fcbb5025f54532935,0,8.094050009069959e-06,512,cicids2017_binary,mlp,46
rid_2d7e85ed2cdb8a5f02ad124caeebe429,0,8.422812366997573e-07,512,cicids2017_binary,mlp,46
rid_830a74fc8667b1a2e2af223c9d2a2c10,0,1.6445186580404253e-06,512,cicids2017_binary,mlp,46
rid_246eaf0c1fac248deb765083c270bbcc,0,8.414572112917795e-06,512,cicids2017_binary,mlp,46
rid_1326d7841b59c92665d871af5511e3f8,1,0.0008064584749334,512,cicids2017_binary,mlp,46
rid_f4e85fd27b14cf91010e12816d23de82,1,0.0034143380770297,512,cicids2017_binary,mlp,46
rid_5852990d34963aaadad7e90ef9bf633d,1,0.0055174657198355,512,cicids2017_binary,mlp,46
rid_91629040875b5b88fe453003d3c24213,1,0.0017169331841517,512,cicids2017_binary,mlp,46
rid_ef9fb628d94de42604b08b84713e8ae5,1,0.0007415303808997,512,cicids2017_binary,mlp,46
rid_74105010942e741d7107c797b640545a,1,0.0023357449857002,512,cicids2017_binary,mlp,46
rid_2db54221168e8f586f9c78bb4918b5d4,0,1.045260411036697e-05,512,cicids2017_binary,mlp,46
rid_c11a696fc62e305df7821a36403017a4,0,1.5501880645807378e-07,512,cicids2017_binary,mlp,46
rid_591657dbc51fa5cba6110e4a2bc0389d,0,3.883401932425895e-05,512,cicids2017_binary,mlp,46
