task_id,seed,flow_id,model,method,operator,operator_family,functional_check,true_class_id,true_class,class_specific_inference_eligible,target_class_id,target_class,confidence,model_margin,random_feature_repetitions,attribution_effect_aopc,random_effect_mean_aopc,uniform_random_effect_mean_aopc,attribution_minus_random_aopc,attribution_minus_uniform_random_aopc,random_effect_standard_error_aopc,random_aopc_monte_carlo_standard_error,attribution_minus_random_aopc_mc_lower95,attribution_displacement_mean,matched_random_displacement_mean,attribution_minus_matched_displacement,coordinates_changed_mean,matched_random_coordinates_mean,aopc_definition
ton_iot_binary,46,rid_f0c76c1ef3adf56e3915b11c7d28c607,mlp,gradient_x_input,training_median,baseline_marginal_constant,deletion,1,ATTACK,True,1,ATTACK,1.0,0.8422201126813889,50,0.009922677278518678,0.2710037524000365,0.2137670189665938,-0.2610810751215178,-0.20384434168807514,0.05384075501792228,0.025881193152584695,-0.3118082137005838,0.7563285827636719,0.3554846285376698,0.40084395422600205,9.2,9.2,trapezoid_from_zero_normalized_by_max_fraction
ton_iot_binary,46,rid_5654332763228cdbe941f6291bdfd98f,mlp,gradient_x_input,training_median,baseline_marginal_constant,deletion,0,BENIGN,True,0,BENIGN,0.9989368952810764,0.1567167825996875,50,0.7234393514827389,0.42622405753089243,0.2333125286186587,0.2972152939518464,0.4901268228640802,0.0596018060292198,0.028917566302005593,0.24053686399991547,0.16573691368103027,0.1293103052424267,0.03642660843860357,9.2,9.2,trapezoid_from_zero_normalized_by_max_fraction
ton_iot_binary,46,rid_5ac6083d52d9128cc0c7879c86271a52,mlp,gradient_x_input,training_median,baseline_marginal_constant,deletion,0,BENIGN,True,0,BENIGN,0.9999998398981234,0.1577797272167344,50,0.6691911015572316,0.3437592988494443,0.1746389907184685,0.32543180270778727,0.4945521108387631,0.041154866423048456,0.021794986162272642,0.2827136298297329,0.10625322163105011,0.08501366272941233,0.021239558901637784,9.2,9.2,trapezoid_from_zero_normalized_by_max_fraction
ton_iot_binary,46,rid_63700775accb259980416d6c21c2b49b,mlp,gradient_x_input,training_median,baseline_marginal_constant,deletion,0,BENIGN,True,0,BENIGN,0.9846601188182832,0.1424400061368942,50,0.4573002256453037,0.20420233819847886,0.05900533719752046,0.2530978874468248,0.3982948884477832,0.03243586291516172,0.01743270366369096,0.21892978826599052,5.692025184631348,2.9762433054447173,2.7157818791866304,9.2,9.2,trapezoid_from_zero_normalized_by_max_fraction
ton_iot_binary,46,rid_7a46b2fad8b34e52ccbe406dfdd6c1b4,mlp,gradient_x_input,training_median,baseline_marginal_constant,deletion,0,BENIGN,True,0,BENIGN,0.9999908878262432,0.1577707751448542,50,0.6195541058946673,0.3164487445009764,0.22023431768355475,0.30310536139369104,0.39931978821111264,0.05057598378235892,0.02528370086035408,0.25354930770739703,0.0803229957818985,0.07814530097646638,0.0021776948054321177,9.2,9.2,trapezoid_from_zero_normalized_by_max_fraction
ton_iot_binary,46,rid_1a518cad6906e59db9ffc85d6011041a,mlp,gradient_x_input,training_median,baseline_marginal_constant,deletion,0,BENIGN,True,0,BENIGN,0.999948257671349,0.15772814498996,50,0.7287478930204088,0.3978896182631534,0.24986167988195487,0.33085827475725543,0.47888621313845403,0.05341556404604736,0.026696154766568315,0.2785338114147815,0.15962687134742737,0.09787141510378569,0.061755456243641677,9.2,9.2,trapezoid_from_zero_normalized_by_max_fraction
ton_iot_binary,46,rid_3c11ba6c875c6b422b5beb6a9c1cf647,mlp,gradient_x_input,training_median,baseline_marginal_constant,deletion,1,ATTACK,True,1,ATTACK,0.99996680021286,0.842186912894249,50,0.1935852527618408,0.29605495129028064,0.3340697676652262,-0.1024696985284398,-0.14048451490338543,0.0413661232519469,0.021892332225034606,-0.14537866968950763,0.3149220645427704,0.5868831530809403,-0.2719610885381699,9.2,9.2,trapezoid_from_zero_normalized_by_max_fraction
ton_iot_binary,46,rid_72bbb8e961a8c932da072f79827d67c4,mlp,gradient_x_input,training_median,baseline_marginal_constant,deletion,0,BENIGN,True,0,BENIGN,0.9999999811045336,0.1577798684231445,50,0.6684345718765895,0.28126053827777725,0.10442867153278754,0.3871740335988123,0.564005900343802,0.03599948814690265,0.020678696771311147,0.3466437879270425,0.10832487046718597,0.08962152691278606,0.018703343554399912,9.2,9.2,trapezoid_from_zero_normalized_by_max_fraction
ton_iot_binary,46,rid_be2af7863764ca8a412b678f54301a22,mlp,gradient_x_input,training_median,baseline_marginal_constant,deletion,0,BENIGN,True,0,BENIGN,0.99967631616164,0.157456203480251,50,0.7150472025588896,0.4220216748765961,0.22833166520539633,0.2930255276822936,0.4867155373534934,0.05214794762270994,0.02692810290171115,0.24024644599493977,0.16272421181201935,0.08694031877908856,0.07578389303293079,9.2,9.2,trapezoid_from_zero_normalized_by_max_fraction
ton_iot_binary,46,rid_505e152c3ef69a8f8e767b07816248d3,mlp,gradient_x_input,training_median,baseline_marginal_constant,deletion,1,ATTACK,True,1,ATTACK,0.999967873096466,0.8421879857778549,50,0.21047608107328417,0.14619900213411163,0.14150258368370122,0.0642770789391725,0.06897349738958294,0.03334814475589966,0.017871505864450476,0.029248927444849575,1.3276326656341553,1.3099408371448518,0.017691828489303507,9.2,9.2,trapezoid_from_zero_normalized_by_max_fraction
ton_iot_binary,46,rid_30bff1125cda1c3988a046944ca3efb3,mlp,gradient_x_input,training_median,baseline_marginal_constant,deletion,1,ATTACK,True,1,ATTACK,0.9995391964912416,0.8417593091726305,50,0.22136290371418,0.18413267650455234,0.14458638582378625,0.03723022720962764,0.07677651789039373,0.03475856561394421,0.018886282449795157,0.00021311360802913487,0.2545982003211975,0.35053205951582644,-0.09593385919462893,9.2,9.2,trapezoid_from_zero_normalized_by_max_fraction
ton_iot_binary,46,rid_9c888da59f61f2c2540b876846e0e6bf,mlp,gradient_x_input,training_median,baseline_marginal_constant,deletion,1,ATTACK,True,1,ATTACK,0.9832900762557985,0.8255101889371874,50,-0.008956676721572875,0.1307497987411945,0.16991775844380413,-0.13970647546276738,-0.17887443516537704,0.034259479723092824,0.01962549209375251,-0.1781724399665223,1.3675166368484497,1.3015869345664979,0.06592970228195183,9.2,9.2,trapezoid_from_zero_normalized_by_max_fraction
ton_iot_binary,46,rid_9c33cb19da563a668f713cb01c8cdbf1,mlp,gradient_x_input,training_median,baseline_marginal_constant,deletion,1,ATTACK,True,1,ATTACK,0.9999985098838806,0.8422186225652695,50,0.03107626736164093,0.08967746731638908,0.09619067595899103,-0.058601199954748155,-0.06511440859735011,0.02081816614756961,0.010588536013856948,-0.07935473054190778,0.9113510251045227,1.068387403488159,-0.15703637838363638,9.2,9.2,trapezoid_from_zero_normalized_by_max_fraction
ton_iot_binary,46,rid_4bdac81e88e4e8c3a0632b0c9d67d421,mlp,gradient_x_input,training_median,baseline_marginal_constant,deletion,1,ATTACK,True,1,ATTACK,0.9999990463256836,0.8422191590070724,50,0.006162887811660767,0.1387211183961481,0.11398227033019065,-0.13255823058448732,-0.10781938251852988,0.02145230685639312,0.014651134085812608,-0.16127445339268004,0.8497135043144226,0.7328378910273313,0.11687561328709128,9.2,9.2,trapezoid_from_zero_normalized_by_max_fraction
ton_iot_binary,46,rid_435881a1379124d28c655ee245760977,mlp,gradient_x_input,training_median,baseline_marginal_constant,deletion,0,BENIGN,True,0,BENIGN,0.9999950881128824,0.1577749754314936,50,0.7306313369481814,0.5933250909888533,0.13141724391305765,0.13730624595932808,0.5992140930351237,0.018352949597870358,0.011440958166872846,0.1148819679522573,1.530867576599121,1.28633660531044,0.24453097128868118,9.2,9.2,trapezoid_from_zero_normalized_by_max_fraction
ton_iot_binary,46,rid_485f8b3f726a9fbc91128993da261e64,mlp,gradient_x_input,training_median,baseline_marginal_constant,deletion,1,ATTACK,True,1,ATTACK,0.9993459582328796,0.8415660709142685,50,0.08093497753143312,0.10886627043783664,0.1873664428591728,-0.02793129290640354,-0.1064314653277397,0.020565691990692817,0.011769193917622984,-0.050998912984944585,0.8658319711685181,0.8861248353719711,-0.020292864203452998,9.2,9.2,trapezoid_from_zero_normalized_by_max_fraction
ton_iot_binary,46,rid_f0c76c1ef3adf56e3915b11c7d28c607,mlp,gradient_x_input,training_median,baseline_marginal_constant,insertion,1,ATTACK,True,1,ATTACK,1.0,0.8422201126813889,50,-0.43875399831424605,-0.2669503796683478,-0.1904344713968763,-0.17180361864589827,-0.24831952691736975,0.054053290656679936,0.02593308258472165,-0.2226324605119527,0.7563285827636719,0.3554846285376698,0.40084395422600205,9.2,9.2,trapezoid_from_zero_normalized_by_max_fraction
ton_iot_binary,46,rid_5654332763228cdbe941f6291bdfd98f,mlp,gradient_x_input,training_median,baseline_marginal_constant,insertion,0,BENIGN,True,0,BENIGN,0.9989368952810764,0.1567167825996875,50,0.7879812804982066,0.4341711195558364,0.2507937452147198,0.35381016094237017,0.5371875352834867,0.059832028649998724,0.02903447561574849,0.2969025887355031,0.16573691368103027,0.1293103052424267,0.03642660843860357,9.2,9.2,trapezoid_from_zero_normalized_by_max_fraction
ton_iot_binary,46,rid_5ac6083d52d9128cc0c7879c86271a52,mlp,gradient_x_input,training_median,baseline_marginal_constant,insertion,0,BENIGN,True,0,BENIGN,0.9999998398981234,0.1577797272167344,50,0.7522234093566922,0.5189561502728277,0.3231111810239631,0.23326725908386453,0.42911222833272916,0.04164042766963923,0.021316080780266623,0.19148774075454195,0.10625322163105011,0.08501366272941233,0.021239558901637784,9.2,9.2,trapezoid_from_zero_normalized_by_max_fraction
ton_iot_binary,46,rid_63700775accb259980416d6c21c2b49b,mlp,gradient_x_input,training_median,baseline_marginal_constant,insertion,0,BENIGN,True,0,BENIGN,0.9846601188182832,0.1424400061368942,50,0.8194530025124549,0.7748587170385413,0.5399070773008496,0.044594285473913704,0.2795459252116052,0.016626703806289306,0.009243203872516979,0.026477605883780425,5.692025184631348,2.9762433054447173,2.7157818791866304,9.2,9.2,trapezoid_from_zero_normalized_by_max_fraction
ton_iot_binary,46,rid_7a46b2fad8b34e52ccbe406dfdd6c1b4,mlp,gradient_x_input,training_median,baseline_marginal_constant,insertion,0,BENIGN,True,0,BENIGN,0.9999908878262432,0.1577707751448542,50,0.6686487120006859,0.36243314418277806,0.25966746379339745,0.3062155678179079,0.40898124820728843,0.05158427561314058,0.025691488050036296,0.25586025123983674,0.0803229957818985,0.07814530097646638,0.0021776948054321177,9.2,9.2,trapezoid_from_zero_normalized_by_max_fraction
ton_iot_binary,46,rid_1a518cad6906e59db9ffc85d6011041a,mlp,gradient_x_input,training_median,baseline_marginal_constant,insertion,0,BENIGN,True,0,BENIGN,0.999948257671349,0.15772814498996,50,0.8086970382028085,0.43321367320201537,0.2782876006817296,0.37548336500079305,0.5304094375210788,0.05375151847018468,0.0268706733086936,0.3228168453157536,0.15962687134742737,0.09787141510378569,0.061755456243641677,9.2,9.2,trapezoid_from_zero_normalized_by_max_fraction
ton_iot_binary,46,rid_3c11ba6c875c6b422b5beb6a9c1cf647,mlp,gradient_x_input,training_median,baseline_marginal_constant,insertion,1,ATTACK,True,1,ATTACK,0.99996680021286,0.842186912894249,50,0.009641593694686888,-0.2830549738275294,-0.2735429535869688,0.2926965675222163,0.2831845472816557,0.04315380900418726,0.024079934583440873,0.24549989573867217,0.3149220645427704,0.5868831530809403,-0.2719610885381699,9.2,9.2,trapezoid_from_zero_normalized_by_max_fraction
ton_iot_binary,46,rid_72bbb8e961a8c932da072f79827d67c4,mlp,gradient_x_input,training_median,baseline_marginal_constant,insertion,0,BENIGN,True,0,BENIGN,0.9999999811045336,0.1577798684231445,50,0.6824270455945545,0.5598828859923708,0.3156218812845956,0.12254415960218358,0.3668051643099588,0.03912834437716071,0.02132627407195379,0.08074466242115416,0.10832487046718597,0.08962152691278606,0.018703343554399912,9.2,9.2,trapezoid_from_zero_normalized_by_max_fraction
ton_iot_binary,46,rid_be2af7863764ca8a412b678f54301a22,mlp,gradient_x_input,training_median,baseline_marginal_constant,insertion,0,BENIGN,True,0,BENIGN,0.99967631616164,0.157456203480251,50,0.8012955046724528,0.44523285602132634,0.24929564071171625,0.35606264865112647,0.5519998639607365,0.05180817857634516,0.02663002532957353,0.30386779900516236,0.16272421181201935,0.08694031877908856,0.07578389303293079,9.2,9.2,trapezoid_from_zero_normalized_by_max_fraction
ton_iot_binary,46,rid_505e152c3ef69a8f8e767b07816248d3,mlp,gradient_x_input,training_median,baseline_marginal_constant,insertion,1,ATTACK,True,1,ATTACK,0.999967873096466,0.8421879857778549,50,-0.05262163281440734,-0.2558798565735243,-0.1712595094181427,0.20325822375911695,0.11863787660373534,0.04192410830735675,0.020510961933707512,0.1630567383690502,1.3276326656341553,1.3099408371448518,0.017691828489303507,9.2,9.2,trapezoid_from_zero_normalized_by_max_fraction
ton_iot_binary,46,rid_30bff1125cda1c3988a046944ca3efb3,mlp,gradient_x_input,training_median,baseline_marginal_constant,insertion,1,ATTACK,True,1,ATTACK,0.9995391964912416,0.8417593091726305,50,-0.017089915275573728,-0.11321226281300187,-0.10490800552815198,0.09612234753742814,0.08781809025257827,0.03202477585494313,0.016952312721844724,0.06289581460261248,0.2545982003211975,0.35053205951582644,-0.09593385919462893,9.2,9.2,trapezoid_from_zero_normalized_by_max_fraction
ton_iot_binary,46,rid_9c888da59f61f2c2540b876846e0e6bf,mlp,gradient_x_input,training_median,baseline_marginal_constant,insertion,1,ATTACK,True,1,ATTACK,0.9832900762557985,0.8255101889371874,50,-0.2629389469511807,-0.27766249752567224,-0.17128615670529335,0.014723550574491526,-0.09165279024588738,0.03845886025778257,0.018344345669382246,-0.021231366937497678,1.3675166368484497,1.3015869345664979,0.06592970228195183,9.2,9.2,trapezoid_from_zero_normalized_by_max_fraction
ton_iot_binary,46,rid_9c33cb19da563a668f713cb01c8cdbf1,mlp,gradient_x_input,training_median,baseline_marginal_constant,insertion,1,ATTACK,True,1,ATTACK,0.9999985098838806,0.8422186225652695,50,-0.0653482973575592,-0.11204796943813564,-0.12452600562572477,0.04669967208057641,0.05917770826816558,0.025513872011893653,0.014382846629786892,0.0185092926861941,0.9113510251045227,1.068387403488159,-0.15703637838363638,9.2,9.2,trapezoid_from_zero_normalized_by_max_fraction
ton_iot_binary,46,rid_4bdac81e88e4e8c3a0632b0c9d67d421,mlp,gradient_x_input,training_median,baseline_marginal_constant,insertion,1,ATTACK,True,1,ATTACK,0.9999990463256836,0.8422191590070724,50,-0.05919021666049956,-0.09047336665913462,-0.12344626564532518,0.03128314999863506,0.0642560489848256,0.023111062883630164,0.015521226347526097,0.0008615463574839083,0.8497135043144226,0.7328378910273313,0.11687561328709128,9.2,9.2,trapezoid_from_zero_normalized_by_max_fraction
ton_iot_binary,46,rid_435881a1379124d28c655ee245760977,mlp,gradient_x_input,training_median,baseline_marginal_constant,insertion,0,BENIGN,True,0,BENIGN,0.9999950881128824,0.1577749754314936,50,0.8463584744231867,0.78158863786221,0.3907359543627653,0.06476983656097661,0.4556225200604212,0.016502469986620583,0.0100813803887242,0.04501033099907718,1.530867576599121,1.28633660531044,0.24453097128868118,9.2,9.2,trapezoid_from_zero_normalized_by_max_fraction
ton_iot_binary,46,rid_485f8b3f726a9fbc91128993da261e64,mlp,gradient_x_input,training_median,baseline_marginal_constant,insertion,1,ATTACK,True,1,ATTACK,0.9993459582328796,0.8415660709142685,50,0.010056701302528382,-0.18385983681399376,-0.09588268011808396,0.19391653811652212,0.10593938142061235,0.030696038454302275,0.017371411739616614,0.15986857110687355,0.8658319711685181,0.8861248353719711,-0.020292864203452998,9.2,9.2,trapezoid_from_zero_normalized_by_max_fraction
ton_iot_binary,46,rid_f0c76c1ef3adf56e3915b11c7d28c607,mlp,gradient_x_input,target_class_median,baseline_marginal_constant,deletion,1,ATTACK,True,1,ATTACK,1.0,0.8422201126813889,50,0.13785686492919924,0.13124839156866075,0.038387704789638516,0.006608473360538485,0.0994691601395607,0.021796002482285574,0.011590433729746018,-0.01610877674976371,0.8536179661750793,0.5407617600671948,0.31285620610788456,9.2,9.2,trapezoid_from_zero_normalized_by_max_fraction
ton_iot_binary,46,rid_5654332763228cdbe941f6291bdfd98f,mlp,gradient_x_input,target_class_median,baseline_marginal_constant,deletion,0,BENIGN,True,0,BENIGN,0.9989368952810764,0.1567167825996875,50,-0.0010098393654889293,-0.00015899075569497255,-0.00018097225859689558,-0.0008508486097939566,-0.0008288671068920337,6.430208088211968e-05,3.316496873410553e-05,-0.0009158519485128034,0.04322279244661331,0.021101866729557515,0.022120925717055796,9.2,9.2,trapezoid_from_zero_normalized_by_max_fraction
ton_iot_binary,46,rid_5ac6083d52d9128cc0c7879c86271a52,mlp,gradient_x_input,target_class_median,baseline_marginal_constant,deletion,0,BENIGN,True,0,BENIGN,0.9999998398981234,0.1577797272167344,50,-5.6913015100690244e-08,-7.9260875907039e-09,-1.4026229749219964e-08,-4.898692750998634e-08,-4.288678535147028e-08,2.7978012859096243e-09,1.4498277835101095e-09,-5.182858996566616e-08,0.003071227576583624,0.004845478564966471,-0.0017742509883828467,9.2,9.2,trapezoid_from_zero_normalized_by_max_fraction
ton_iot_binary,46,rid_63700775accb259980416d6c21c2b49b,mlp,gradient_x_input,target_class_median,baseline_marginal_constant,deletion,0,BENIGN,True,0,BENIGN,0.9846601188182832,0.1424400061368942,50,0.3075245787402686,0.09158250356659808,0.06074983899831989,0.21594207517367053,0.2467747397419487,0.019291722976462682,0.012408375689743175,0.1916216588217739,5.716405391693115,2.8888340065479277,2.8275713851451876,9.2,9.2,trapezoid_from_zero_normalized_by_max_fraction
ton_iot_binary,46,rid_7a46b2fad8b34e52ccbe406dfdd6c1b4,mlp,gradient_x_input,target_class_median,baseline_marginal_constant,deletion,0,BENIGN,True,0,BENIGN,0.9999908878262432,0.1577707751448542,50,-8.569875819475214e-06,-1.2688088393559838e-06,-2.285693223193164e-06,-7.30106698011923e-06,-6.284182596282051e-06,4.109602337484249e-07,1.9413466608821016e-07,-7.681570925652122e-06,0.031183112412691116,0.014794714612886308,0.016388397799804808,9.2,9.2,trapezoid_from_zero_normalized_by_max_fraction
ton_iot_binary,46,rid_1a518cad6906e59db9ffc85d6011041a,mlp,gradient_x_input,target_class_median,baseline_marginal_constant,deletion,0,BENIGN,True,0,BENIGN,0.999948257671349,0.15772814498996,50,-4.9066721399526617e-05,-5.827912485756315e-06,-1.4712502939985937e-05,-4.3238808913770306e-05,-3.4354218459540676e-05,2.112113520617828e-06,1.0055508426435322e-06,-4.520968856535163e-05,0.03561878204345703,0.017086534760892388,0.018532247282564644,9.2,9.2,trapezoid_from_zero_normalized_by_max_fraction
ton_iot_binary,46,rid_3c11ba6c875c6b422b5beb6a9c1cf647,mlp,gradient_x_input,target_class_median,baseline_marginal_constant,deletion,1,ATTACK,True,1,ATTACK,0.99996680021286,0.842186912894249,50,0.13746218383312225,0.29259835282794644,0.2721450389769045,-0.15513616899482413,-0.13468285514378225,0.04246461104757899,0.020061924245066202,-0.19445754051515388,0.4851364195346832,0.6810269286632539,-0.19589050912857064,9.2,9.2,trapezoid_from_zero_normalized_by_max_fraction
ton_iot_binary,46,rid_72bbb8e961a8c932da072f79827d67c4,mlp,gradient_x_input,target_class_median,baseline_marginal_constant,deletion,0,BENIGN,True,0,BENIGN,0.9999999811045336,0.1577798684231445,50,5.6268204318143944e-08,1.52055088520342e-08,1.88977344812713e-08,4.1062695466109744e-08,3.7370469836872645e-08,3.447914193324255e-09,2.089174841607734e-09,3.6967912776558584e-08,0.005656426306813955,0.0034935157597064974,0.002162910547107458,9.2,9.2,trapezoid_from_zero_normalized_by_max_fraction
ton_iot_binary,46,rid_be2af7863764ca8a412b678f54301a22,mlp,gradient_x_input,target_class_median,baseline_marginal_constant,deletion,0,BENIGN,True,0,BENIGN,0.99967631616164,0.157456203480251,50,-0.00030739851113636973,-4.985439793063051e-05,-6.823618794346942e-05,-0.00025754411320573923,-0.0002391623231929003,1.7450014600696578e-05,8.679313015989831e-06,-0.0002745555667170793,0.040210090577602386,0.012480924278497696,0.027729166299104692,9.2,9.2,trapezoid_from_zero_normalized_by_max_fraction
ton_iot_binary,46,rid_505e152c3ef69a8f8e767b07816248d3,mlp,gradient_x_input,target_class_median,baseline_marginal_constant,deletion,1,ATTACK,True,1,ATTACK,0.999967873096466,0.8421879857778549,50,0.16494104862213135,0.22664468140900135,0.11965915866196156,-0.061703632786869994,0.0452818899601698,0.03249710233261942,0.017032801217320294,-0.09508792317281778,0.7868601679801941,0.8998539345264435,-0.11299376654624937,9.2,9.2,trapezoid_from_zero_normalized_by_max_fraction
ton_iot_binary,46,rid_30bff1125cda1c3988a046944ca3efb3,mlp,gradient_x_input,target_class_median,baseline_marginal_constant,deletion,1,ATTACK,True,1,ATTACK,0.9995391964912416,0.8417593091726305,50,0.20933150947093965,0.3754709055926651,0.26715299462154507,-0.16613939612172543,-0.05782148515060543,0.03333255779214449,0.019390095985445097,-0.20414398425319782,0.32275861501693726,0.45837355169467636,-0.1356149366777391,9.2,9.2,trapezoid_from_zero_normalized_by_max_fraction
ton_iot_binary,46,rid_9c888da59f61f2c2540b876846e0e6bf,mlp,gradient_x_input,target_class_median,baseline_marginal_constant,deletion,1,ATTACK,True,1,ATTACK,0.9832900762557985,0.8255101889371874,50,0.2514343291521072,0.29723069072514774,0.13175392746180295,-0.045796361573040505,0.11968040169030432,0.032038082623891954,0.018046138101885833,-0.08116679225273674,0.8792446255683899,1.0523265533447266,-0.17308192777633669,9.2,9.2,trapezoid_from_zero_normalized_by_max_fraction
ton_iot_binary,46,rid_9c33cb19da563a668f713cb01c8cdbf1,mlp,gradient_x_input,target_class_median,baseline_marginal_constant,deletion,1,ATTACK,True,1,ATTACK,0.9999985098838806,0.8422186225652695,50,0.29133041203022003,0.22242364293336866,0.12663809821009636,0.06890676909685135,0.16469231382012367,0.01747750724428418,0.010317856479889734,0.04868377039626748,0.501194179058075,0.5493941053878516,-0.048199926329776654,9.2,9.2,trapezoid_from_zero_normalized_by_max_fraction
ton_iot_binary,46,rid_4bdac81e88e4e8c3a0632b0c9d67d421,mlp,gradient_x_input,target_class_median,baseline_marginal_constant,deletion,1,ATTACK,True,1,ATTACK,0.9999990463256836,0.8422191590070724,50,0.3528396517038345,0.22647622311115265,0.12080971536040305,0.12636342859268185,0.23202993634343144,0.01931064656922309,0.012044767099491354,0.1027556850776788,0.5366610288619995,0.5464353801924735,-0.009774351330473996,9.2,9.2,trapezoid_from_zero_normalized_by_max_fraction
ton_iot_binary,46,rid_435881a1379124d28c655ee245760977,mlp,gradient_x_input,target_class_median,baseline_marginal_constant,deletion,0,BENIGN,True,0,BENIGN,0.9999950881128824,0.1577749754314936,50,0.19366356535564502,0.0971018718944974,0.10046302951580756,0.09656169346114764,0.09320053583983748,0.015993668545284112,0.01144374759737772,0.0741319481702873,1.4324066638946533,1.1425638945698737,0.2898427693247796,9.2,9.2,trapezoid_from_zero_normalized_by_max_fraction
ton_iot_binary,46,rid_485f8b3f726a9fbc91128993da261e64,mlp,gradient_x_input,target_class_median,baseline_marginal_constant,deletion,1,ATTACK,True,1,ATTACK,0.9993459582328796,0.8415660709142685,50,0.2197113186120987,0.25934781100414694,0.23576933604478834,-0.03963649239204823,-0.01605801743268965,0.03684427868424066,0.018410732162510664,-0.07572152743056913,0.5850391387939453,0.5066546216085553,0.07838451718538997,9.2,9.2,trapezoid_from_zero_normalized_by_max_fraction
ton_iot_binary,46,rid_f0c76c1ef3adf56e3915b11c7d28c607,mlp,gradient_x_input,target_class_median,baseline_marginal_constant,insertion,1,ATTACK,True,1,ATTACK,1.0,0.8422201126813889,50,0.6354812011122704,0.5164420363903046,0.4147986621558667,0.11903916472196577,0.22068253895640372,0.02447756665971633,0.012544872381065136,0.0944512148550781,0.8536179661750793,0.5407617600671948,0.31285620610788456,9.2,9.2,trapezoid_from_zero_normalized_by_max_fraction
ton_iot_binary,46,rid_5654332763228cdbe941f6291bdfd98f,mlp,gradient_x_input,target_class_median,baseline_marginal_constant,insertion,0,BENIGN,True,0,BENIGN,0.9989368952810764,0.1567167825996875,50,-0.0013795376021395354,-0.0002967519933521458,-0.00031562024794543216,-0.0010827856087873896,-0.0010639173541941035,7.351580151281984e-05,3.766575238404822e-05,-0.0011566104834601241,0.04322279244661331,0.021101866729557515,0.022120925717055796,9.2,9.2,trapezoid_from_zero_normalized_by_max_fraction
ton_iot_binary,46,rid_5ac6083d52d9128cc0c7879c86271a52,mlp,gradient_x_input,target_class_median,baseline_marginal_constant,insertion,0,BENIGN,True,0,BENIGN,0.9999998398981234,0.1577797272167344,50,-5.804803357989385e-08,-8.262587186891325e-09,-1.4489584351906615e-08,-4.978544639300253e-08,-4.355844922798724e-08,2.825121438395893e-09,1.46286471688194e-09,-5.265266123809113e-08,0.003071227576583624,0.004845478564966471,-0.0017742509883828467,9.2,9.2,trapezoid_from_zero_normalized_by_max_fraction
ton_iot_binary,46,rid_63700775accb259980416d6c21c2b49b,mlp,gradient_x_input,target_class_median,baseline_marginal_constant,insertion,0,BENIGN,True,0,BENIGN,0.9846601188182832,0.1424400061368942,50,-0.04998275166372572,-0.10880086745706435,-0.17925377415545157,0.058818115793338614,0.12927102249172584,0.015213804217877824,0.008268855667491266,0.04261115868505573,5.716405391693115,2.8888340065479277,2.8275713851451876,9.2,9.2,trapezoid_from_zero_normalized_by_max_fraction
ton_iot_binary,46,rid_7a46b2fad8b34e52ccbe406dfdd6c1b4,mlp,gradient_x_input,target_class_median,baseline_marginal_constant,insertion,0,BENIGN,True,0,BENIGN,0.9999908878262432,0.1577707751448542,50,-8.644928954382182e-06,-1.2891126874308158e-06,-2.308999196664274e-06,-7.355816266951365e-06,-6.335929757717906e-06,4.136199438578848e-07,1.9533939361590587e-07,-7.73868147843854e-06,0.031183112412691116,0.014794714612886308,0.016388397799804808,9.2,9.2,trapezoid_from_zero_normalized_by_max_fraction
ton_iot_binary,46,rid_1a518cad6906e59db9ffc85d6011041a,mlp,gradient_x_input,target_class_median,baseline_marginal_constant,insertion,0,BENIGN,True,0,BENIGN,0.999948257671349,0.15772814498996,50,-4.541608769308425e-05,-4.778835641694456e-06,-1.3379060944053832e-05,-4.0637252051389794e-05,-3.203702674903042e-05,1.976875246336586e-06,9.407266423079782e-07,-4.248107627031343e-05,0.03561878204345703,0.017086534760892388,0.018532247282564644,9.2,9.2,trapezoid_from_zero_normalized_by_max_fraction
ton_iot_binary,46,rid_3c11ba6c875c6b422b5beb6a9c1cf647,mlp,gradient_x_input,target_class_median,baseline_marginal_constant,insertion,1,ATTACK,True,1,ATTACK,0.99996680021286,0.842186912894249,50,0.556825789809227,0.3248387431941707,0.2737272716850804,0.23198704661505626,0.2830985181241466,0.03834608307823778,0.02146666430675858,0.18991238457380943,0.4851364195346832,0.6810269286632539,-0.19589050912857064,9.2,9.2,trapezoid_from_zero_normalized_by_max_fraction
ton_iot_binary,46,rid_72bbb8e961a8c932da072f79827d67c4,mlp,gradient_x_input,target_class_median,baseline_marginal_constant,insertion,0,BENIGN,True,0,BENIGN,0.9999999811045336,0.1577798684231445,50,5.873368422726343e-08,1.631849692529386e-08,2.0070598495181002e-08,4.241518730196958e-08,3.8663085732082434e-08,3.5277073199384533e-09,2.137148275457135e-09,3.8226376682073594e-08,0.005656426306813955,0.0034935157597064974,0.002162910547107458,9.2,9.2,trapezoid_from_zero_normalized_by_max_fraction
ton_iot_binary,46,rid_be2af7863764ca8a412b678f54301a22,mlp,gradient_x_input,target_class_median,baseline_marginal_constant,insertion,0,BENIGN,True,0,BENIGN,0.99967631616164,0.157456203480251,50,-0.00035696731729935045,-6.644690357255457e-05,-8.728104504819356e-05,-0.0002905204137267958,-0.00026968627225115683,1.8983190000677837e-05,9.415681629391133e-06,-0.0003089751497204024,0.040210090577602386,0.012480924278497696,0.027729166299104692,9.2,9.2,trapezoid_from_zero_normalized_by_max_fraction
ton_iot_binary,46,rid_505e152c3ef69a8f8e767b07816248d3,mlp,gradient_x_input,target_class_median,baseline_marginal_constant,insertion,1,ATTACK,True,1,ATTACK,0.999967873096466,0.8421879857778549,50,0.45769287943840026,0.41632857401296497,0.31039324623392894,0.041364305425435316,0.14729963320447131,0.03309473125914386,0.01604965662601295,0.00990697843844994,0.7868601679801941,0.8998539345264435,-0.11299376654624937,9.2,9.2,trapezoid_from_zero_normalized_by_max_fraction
ton_iot_binary,46,rid_30bff1125cda1c3988a046944ca3efb3,mlp,gradient_x_input,target_class_median,baseline_marginal_constant,insertion,1,ATTACK,True,1,ATTACK,0.9995391964912416,0.8417593091726305,50,0.4559072896838188,0.3350518627967686,0.2873396331388503,0.12085542688705027,0.1685676565449685,0.03241613969209279,0.019425406543228583,0.08278163006232225,0.32275861501693726,0.45837355169467636,-0.1356149366777391,9.2,9.2,trapezoid_from_zero_normalized_by_max_fraction
ton_iot_binary,46,rid_9c888da59f61f2c2540b876846e0e6bf,mlp,gradient_x_input,target_class_median,baseline_marginal_constant,insertion,1,ATTACK,True,1,ATTACK,0.9832900762557985,0.8255101889371874,50,0.4008724480867386,0.34078921864926814,0.30684823240339754,0.06008322943747044,0.09402421568334103,0.034301079812861845,0.016789893579010135,0.02717503802261057,0.8792446255683899,1.0523265533447266,-0.17308192777633669,9.2,9.2,trapezoid_from_zero_normalized_by_max_fraction
ton_iot_binary,46,rid_9c33cb19da563a668f713cb01c8cdbf1,mlp,gradient_x_input,target_class_median,baseline_marginal_constant,insertion,1,ATTACK,True,1,ATTACK,0.9999985098838806,0.8422186225652695,50,0.5129262760281563,0.44548495644330977,0.33719307284057143,0.0674413195848465,0.1757332031875849,0.019051971967495997,0.010982743495811695,0.04591514233305558,0.501194179058075,0.5493941053878516,-0.048199926329776654,9.2,9.2,trapezoid_from_zero_normalized_by_max_fraction
ton_iot_binary,46,rid_4bdac81e88e4e8c3a0632b0c9d67d421,mlp,gradient_x_input,target_class_median,baseline_marginal_constant,insertion,1,ATTACK,True,1,ATTACK,0.9999990463256836,0.8422191590070724,50,0.37458161264657974,0.31981474258005615,0.32508146052062514,0.05476687006652355,0.04950015212595462,0.021147852355691884,0.013378878027814314,0.0285442691320075,0.5366610288619995,0.5464353801924735,-0.009774351330473996,9.2,9.2,trapezoid_from_zero_normalized_by_max_fraction
ton_iot_binary,46,rid_435881a1379124d28c655ee245760977,mlp,gradient_x_input,target_class_median,baseline_marginal_constant,insertion,0,BENIGN,True,0,BENIGN,0.9999950881128824,0.1577749754314936,50,-0.009542626568503866,-0.15132905901146673,-0.23867779152288787,0.14178643244296285,0.22913516495438396,0.021986731367316225,0.012829258357962215,0.11664108606135691,1.4324066638946533,1.1425638945698737,0.2898427693247796,9.2,9.2,trapezoid_from_zero_normalized_by_max_fraction
ton_iot_binary,46,rid_485f8b3f726a9fbc91128993da261e64,mlp,gradient_x_input,target_class_median,baseline_marginal_constant,insertion,1,ATTACK,True,1,ATTACK,0.9993459582328796,0.8415660709142685,50,0.5086838543415069,0.3593328921161592,0.32315867859125136,0.14935096222534774,0.18552517575025557,0.03595521091325243,0.01828674958601618,0.11350893303675602,0.5850391387939453,0.5066546216085553,0.07838451718538997,9.2,9.2,trapezoid_from_zero_normalized_by_max_fraction
ton_iot_binary,46,rid_f0c76c1ef3adf56e3915b11c7d28c607,mlp,gradient_x_input,joint_donor,dependency_preserving,deletion,1,ATTACK,True,1,ATTACK,1.0,0.8422201126813889,50,0.26525922329165047,0.44409457371628297,0.34507764399250784,-0.1788353504246325,-0.0798184207008574,0.06200096503201073,0.029489578351358858,-0.23663492399329586,0.692481279373169,0.20722202643682247,0.4852592529363465,9.2,9.2,trapezoid_from_zero_normalized_by_max_fraction
ton_iot_binary,46,rid_5654332763228cdbe941f6291bdfd98f,mlp,gradient_x_input,joint_donor,dependency_preserving,deletion,0,BENIGN,True,0,BENIGN,0.9989368952810764,0.1567167825996875,50,0.5104323035073056,0.3612481880894987,0.32044777788845374,0.1491841154178069,0.18998452561885187,0.056705308093620926,0.026821094299734765,0.09661477059032678,0.45604953169822693,0.3522212493531406,0.10382828234508634,9.2,9.2,trapezoid_from_zero_normalized_by_max_fraction
ton_iot_binary,46,rid_5ac6083d52d9128cc0c7879c86271a52,mlp,gradient_x_input,joint_donor,dependency_preserving,deletion,0,BENIGN,True,0,BENIGN,0.9999998398981234,0.1577797272167344,50,0.4745959761434449,0.383654667581522,0.24650083660364425,0.09094130856192285,0.22809513953980065,0.052773278538117085,0.025769255042491945,0.04043356867863864,1.243067979812622,1.2315518326759338,0.011516147136688248,9.2,9.2,trapezoid_from_zero_normalized_by_max_fraction
ton_iot_binary,46,rid_63700775accb259980416d6c21c2b49b,mlp,gradient_x_input,joint_donor,dependency_preserving,deletion,0,BENIGN,True,0,BENIGN,0.9846601188182832,0.1424400061368942,50,0.37605199849367643,0.27275736847807175,0.1146743141407246,0.10329463001560463,0.2613776843529518,0.037969549222282704,0.019643498600707625,0.06479337275821768,5.751034736633301,3.0592169008255,2.6918178358078007,9.2,9.2,trapezoid_from_zero_normalized_by_max_fraction
ton_iot_binary,46,rid_7a46b2fad8b34e52ccbe406dfdd6c1b4,mlp,gradient_x_input,joint_donor,dependency_preserving,deletion,0,BENIGN,True,0,BENIGN,0.9999908878262432,0.1577707751448542,50,0.33760146409431396,0.3377195049533903,0.2258825224049688,-0.00011804085907632378,0.11171894168934515,0.0537845496774948,0.025567317488374607,-0.050229983136290554,0.44345149397850037,0.32721315849944954,0.11623833547905082,9.2,9.2,trapezoid_from_zero_normalized_by_max_fraction
ton_iot_binary,46,rid_1a518cad6906e59db9ffc85d6011041a,mlp,gradient_x_input,joint_donor,dependency_preserving,deletion,0,BENIGN,True,0,BENIGN,0.999948257671349,0.15772814498996,50,0.4409615328737268,0.36814502975081287,0.24515104145685163,0.07281650312291396,0.19581049141687518,0.05699833079932885,0.027627959267877086,0.018665702957874876,0.8500992655754089,0.9004529163688423,-0.05035365079343335,9.2,9.2,trapezoid_from_zero_normalized_by_max_fraction
ton_iot_binary,46,rid_3c11ba6c875c6b422b5beb6a9c1cf647,mlp,gradient_x_input,joint_donor,dependency_preserving,deletion,1,ATTACK,True,1,ATTACK,0.99996680021286,0.842186912894249,50,0.6980149520390055,0.494463492468582,0.41399239977603436,0.20355145957042353,0.2840225522629712,0.05606509059013561,0.02661575490701797,0.1513845799526683,0.226057767868042,0.4325229761749506,-0.20646520830690862,9.2,9.2,trapezoid_from_zero_normalized_by_max_fraction
ton_iot_binary,46,rid_72bbb8e961a8c932da072f79827d67c4,mlp,gradient_x_input,joint_donor,dependency_preserving,deletion,0,BENIGN,True,0,BENIGN,0.9999999811045336,0.1577798684231445,50,0.3030397888152169,0.35700929151733735,0.26540839367332614,-0.05396950270212042,0.03763139514189073,0.053569863332601685,0.025556098081691677,-0.1040594549422361,0.3515969514846802,0.5994130713939667,-0.24781611990928654,9.2,9.2,trapezoid_from_zero_normalized_by_max_fraction
ton_iot_binary,46,rid_be2af7863764ca8a412b678f54301a22,mlp,gradient_x_input,joint_donor,dependency_preserving,deletion,0,BENIGN,True,0,BENIGN,0.99967631616164,0.157456203480251,50,0.41454570003589325,0.3697125688772743,0.2726233091865969,0.044833131158619,0.1419223908492964,0.05485928247687047,0.02717994579483106,-0.008439562599249877,0.8404788970947266,0.8220252657458186,0.018453631348907984,9.2,9.2,trapezoid_from_zero_normalized_by_max_fraction
ton_iot_binary,46,rid_505e152c3ef69a8f8e767b07816248d3,mlp,gradient_x_input,joint_donor,dependency_preserving,deletion,1,ATTACK,True,1,ATTACK,0.999967873096466,0.8421879857778549,50,0.6239014007417453,0.2909558528102412,0.2702106209047904,0.33294554793150405,0.3536907798369548,0.050238802454798934,0.02542569081224761,0.28311119393949874,1.4066283702850342,1.417924712896347,-0.011296342611312848,9.2,9.2,trapezoid_from_zero_normalized_by_max_fraction
ton_iot_binary,46,rid_30bff1125cda1c3988a046944ca3efb3,mlp,gradient_x_input,joint_donor,dependency_preserving,deletion,1,ATTACK,True,1,ATTACK,0.9995391964912416,0.8417593091726305,50,0.7381305563994374,0.48124067386161773,0.3737579966229786,0.25688988253781964,0.3643725597764588,0.05341642353314012,0.0253146583738065,0.2072731521251589,0.31198063492774963,0.5793772713444196,-0.26739663641667,9.2,9.2,trapezoid_from_zero_normalized_by_max_fraction
ton_iot_binary,46,rid_9c888da59f61f2c2540b876846e0e6bf,mlp,gradient_x_input,joint_donor,dependency_preserving,deletion,1,ATTACK,True,1,ATTACK,0.9832900762557985,0.8255101889371874,50,0.42430388996947527,0.29521086923287976,0.20825899554773425,0.12909302073659557,0.21604489442174107,0.050500005649171995,0.025315369177250042,0.07947489714918549,1.4117443561553955,1.3943378813266754,0.017406474828720153,9.2,9.2,trapezoid_from_zero_normalized_by_max_fraction
ton_iot_binary,46,rid_9c33cb19da563a668f713cb01c8cdbf1,mlp,gradient_x_input,joint_donor,dependency_preserving,deletion,1,ATTACK,True,1,ATTACK,0.9999985098838806,0.8422186225652695,50,0.49226261451840403,0.3209564634185204,0.29705348976908197,0.1713061510998836,0.1952091247493221,0.05001050507542493,0.023766593281256677,0.1247236282686205,1.001659631729126,0.9558697917461394,0.04578983998298658,9.2,9.2,trapezoid_from_zero_normalized_by_max_fraction
ton_iot_binary,46,rid_4bdac81e88e4e8c3a0632b0c9d67d421,mlp,gradient_x_input,joint_donor,dependency_preserving,deletion,1,ATTACK,True,1,ATTACK,0.9999990463256836,0.8422191590070724,50,0.35664205020293593,0.32243162350122667,0.2013961267280086,0.034210426701709304,0.1552459234749273,0.050965907284000536,0.02515405472247182,-0.015091520554335464,0.8341371417045593,0.608952692406252,0.22518444929830728,9.2,9.2,trapezoid_from_zero_normalized_by_max_fraction
ton_iot_binary,46,rid_435881a1379124d28c655ee245760977,mlp,gradient_x_input,joint_donor,dependency_preserving,deletion,0,BENIGN,True,0,BENIGN,0.9999950881128824,0.1577749754314936,50,0.2514790370199647,0.23050850213275537,0.04138141768003034,0.020970534887209347,0.21009761933993434,0.03920296221329063,0.020135117682878102,-0.018494295771231732,1.1070795059204102,1.046689564228058,0.06038994169235212,9.2,9.2,trapezoid_from_zero_normalized_by_max_fraction
ton_iot_binary,46,rid_485f8b3f726a9fbc91128993da261e64,mlp,gradient_x_input,joint_donor,dependency_preserving,deletion,1,ATTACK,True,1,ATTACK,0.9993459582328796,0.8415660709142685,50,0.2997679273717139,0.3171667666718533,0.2982867306252728,-0.01739883930013933,0.0014811967464411213,0.05155146697842548,0.025086568856950833,-0.06656851425976296,1.5097854137420654,3.320490533351898,-1.8107051196098327,9.2,9.2,trapezoid_from_zero_normalized_by_max_fraction
ton_iot_binary,46,rid_f0c76c1ef3adf56e3915b11c7d28c607,mlp,gradient_x_input,joint_donor,dependency_preserving,insertion,1,ATTACK,True,1,ATTACK,1.0,0.8422201126813889,50,0.00642083508565363,0.49072120685401877,0.4693418760263892,-0.48430037176836516,-0.4629210409407356,0.060011673100975826,0.028157778731369466,-0.5394896180818494,0.692481279373169,0.20722202643682247,0.4852592529363465,9.2,9.2,trapezoid_from_zero_normalized_by_max_fraction
ton_iot_binary,46,rid_5654332763228cdbe941f6291bdfd98f,mlp,gradient_x_input,joint_donor,dependency_preserving,insertion,0,BENIGN,True,0,BENIGN,0.9989368952810764,0.1567167825996875,50,-0.15053385974024422,-0.40185095575149155,-0.41641106227151004,0.2513170960112473,0.2658772025312658,0.05687941504386651,0.026639793295934463,0.19910310115121577,0.45604953169822693,0.3522212493531406,0.10382828234508634,9.2,9.2,trapezoid_from_zero_normalized_by_max_fraction
ton_iot_binary,46,rid_5ac6083d52d9128cc0c7879c86271a52,mlp,gradient_x_input,joint_donor,dependency_preserving,insertion,0,BENIGN,True,0,BENIGN,0.9999998398981234,0.1577797272167344,50,0.8187638218342166,0.5281556736817246,0.4461820744454097,0.290608148152492,0.3725817473888069,0.052695909888624076,0.024485370013760804,0.2426168229255208,1.243067979812622,1.2315518326759338,0.011516147136688248,9.2,9.2,trapezoid_from_zero_normalized_by_max_fraction
ton_iot_binary,46,rid_63700775accb259980416d6c21c2b49b,mlp,gradient_x_input,joint_donor,dependency_preserving,insertion,0,BENIGN,True,0,BENIGN,0.9846601188182832,0.1424400061368942,50,0.8610641421750188,0.8219547006591679,0.6788938031989376,0.039109441515850954,0.18217033897608131,0.027077094854743668,0.012484533616842602,0.014639755626839453,5.751034736633301,3.0592169008255,2.6918178358078007,9.2,9.2,trapezoid_from_zero_normalized_by_max_fraction
ton_iot_binary,46,rid_7a46b2fad8b34e52ccbe406dfdd6c1b4,mlp,gradient_x_input,joint_donor,dependency_preserving,insertion,0,BENIGN,True,0,BENIGN,0.9999908878262432,0.1577707751448542,50,-0.086322556902428,-0.3812407380851207,-0.4264415736361107,0.2949181811826927,0.3401190167336826,0.055930847785365057,0.026106480648060766,0.2437494791124936,0.44345149397850037,0.32721315849944954,0.11623833547905082,9.2,9.2,trapezoid_from_zero_normalized_by_max_fraction
ton_iot_binary,46,rid_1a518cad6906e59db9ffc85d6011041a,mlp,gradient_x_input,joint_donor,dependency_preserving,insertion,0,BENIGN,True,0,BENIGN,0.999948257671349,0.15772814498996,50,0.5751508321613072,0.602709218767816,0.5269939438182679,-0.027558386606508695,0.048156888343039425,0.053911116855281375,0.025243211809443333,-0.07703508175301763,0.8500992655754089,0.9004529163688423,-0.05035365079343335,9.2,9.2,trapezoid_from_zero_normalized_by_max_fraction
ton_iot_binary,46,rid_3c11ba6c875c6b422b5beb6a9c1cf647,mlp,gradient_x_input,joint_donor,dependency_preserving,insertion,1,ATTACK,True,1,ATTACK,0.99996680021286,0.842186912894249,50,0.7396895303458677,0.4539292070381767,0.35381210570086746,0.2857603233076911,0.3858774246450003,0.0587291910098864,0.02778469702535122,0.2313023171380027,0.226057767868042,0.4325229761749506,-0.20646520830690862,9.2,9.2,trapezoid_from_zero_normalized_by_max_fraction
ton_iot_binary,46,rid_72bbb8e961a8c932da072f79827d67c4,mlp,gradient_x_input,joint_donor,dependency_preserving,insertion,0,BENIGN,True,0,BENIGN,0.9999999811045336,0.1577798684231445,50,-0.3540696169150595,-0.31221758485103834,-0.37547503011139055,-0.041852032064021195,0.021405413196331005,0.05539188372829813,0.026139534526018346,-0.09308551973501715,0.3515969514846802,0.5994130713939667,-0.24781611990928654,9.2,9.2,trapezoid_from_zero_normalized_by_max_fraction
ton_iot_binary,46,rid_be2af7863764ca8a412b678f54301a22,mlp,gradient_x_input,joint_donor,dependency_preserving,insertion,0,BENIGN,True,0,BENIGN,0.99967631616164,0.157456203480251,50,0.8804708146134171,0.5656405680439485,0.5241744366474711,0.3148302465694687,0.35629637796594604,0.05472142485500467,0.025629500287297692,0.2645964260063652,0.8404788970947266,0.8220252657458186,0.018453631348907984,9.2,9.2,trapezoid_from_zero_normalized_by_max_fraction
ton_iot_binary,46,rid_505e152c3ef69a8f8e767b07816248d3,mlp,gradient_x_input,joint_donor,dependency_preserving,insertion,1,ATTACK,True,1,ATTACK,0.999967873096466,0.8421879857778549,50,0.9087113839070298,0.5016424210241215,0.5910274588476195,0.4070689628829084,0.3176839250594103,0.058978584168529496,0.02798180966321347,0.35222461594301,1.4066283702850342,1.417924712896347,-0.011296342611312848,9.2,9.2,trapezoid_from_zero_normalized_by_max_fraction
ton_iot_binary,46,rid_30bff1125cda1c3988a046944ca3efb3,mlp,gradient_x_input,joint_donor,dependency_preserving,insertion,1,ATTACK,True,1,ATTACK,0.9995391964912416,0.8417593091726305,50,0.5446306330035441,0.43215769392116504,0.4619720102382823,0.11247293908237901,0.08265862276526179,0.057649601683761376,0.02729163782768794,0.058981328940110656,0.31198063492774963,0.5793772713444196,-0.26739663641667,9.2,9.2,trapezoid_from_zero_normalized_by_max_fraction
ton_iot_binary,46,rid_9c888da59f61f2c2540b876846e0e6bf,mlp,gradient_x_input,joint_donor,dependency_preserving,insertion,1,ATTACK,True,1,ATTACK,0.9832900762557985,0.8255101889371874,50,0.6775148818338637,0.4232456351160206,0.4671735966420102,0.25426924671784296,0.2103412851918534,0.05582626594783009,0.02632393448141921,0.2026743351342613,1.4117443561553955,1.3943378813266754,0.017406474828720153,9.2,9.2,trapezoid_from_zero_normalized_by_max_fraction
ton_iot_binary,46,rid_9c33cb19da563a668f713cb01c8cdbf1,mlp,gradient_x_input,joint_donor,dependency_preserving,insertion,1,ATTACK,True,1,ATTACK,0.9999985098838806,0.8422186225652695,50,0.859304942662223,0.5961350700562861,0.5174913016477163,0.2631698726059369,0.34181364101450673,0.051852575857489286,0.024644563180105546,0.21486652877293,1.001659631729126,0.9558697917461394,0.04578983998298658,9.2,9.2,trapezoid_from_zero_normalized_by_max_fraction
ton_iot_binary,46,rid_4bdac81e88e4e8c3a0632b0c9d67d421,mlp,gradient_x_input,joint_donor,dependency_preserving,insertion,1,ATTACK,True,1,ATTACK,0.9999990463256836,0.8422191590070724,50,-0.13092373013496397,-0.33695677098592286,-0.448234606591032,0.20603304085095892,0.317310876456068,0.04901012614601291,0.02278000399469199,0.16138423302136262,0.8341371417045593,0.608952692406252,0.22518444929830728,9.2,9.2,trapezoid_from_zero_normalized_by_max_fraction
ton_iot_binary,46,rid_435881a1379124d28c655ee245760977,mlp,gradient_x_input,joint_donor,dependency_preserving,insertion,0,BENIGN,True,0,BENIGN,0.9999950881128824,0.1577749754314936,50,0.6075364919235994,0.46585507094864054,0.25624262157081246,0.1416814209749589,0.3512938703527869,0.03144541311640544,0.015836714040522268,0.11064146145553524,1.1070795059204102,1.046689564228058,0.06038994169235212,9.2,9.2,trapezoid_from_zero_normalized_by_max_fraction
ton_iot_binary,46,rid_485f8b3f726a9fbc91128993da261e64,mlp,gradient_x_input,joint_donor,dependency_preserving,insertion,1,ATTACK,True,1,ATTACK,0.9993459582328796,0.8415660709142685,50,0.8107390907318213,0.5441046063058879,0.5067448363666707,0.2666344844259333,0.30399425436515054,0.05777009923191037,0.027505959338721485,0.2127228041220392,1.5097854137420654,3.320490533351898,-1.8107051196098327,9.2,9.2,trapezoid_from_zero_normalized_by_max_fraction
ton_iot_binary,46,rid_f0c76c1ef3adf56e3915b11c7d28c607,mlp,gradient_x_input,target_class_donor,dependency_preserving_conditional_on_class,deletion,1,ATTACK,True,1,ATTACK,1.0,0.8422201126813889,50,0.17948539853096007,0.36104073550535065,0.3286761464460728,-0.18155533697439052,-0.14919074791511275,0.05656671359274974,0.027139331198465084,-0.2347484261233821,1.2248378992080688,0.8384898052215576,0.38634809398651127,9.2,9.2,trapezoid_from_zero_normalized_by_max_fraction
ton_iot_binary,46,rid_5654332763228cdbe941f6291bdfd98f,mlp,gradient_x_input,target_class_donor,dependency_preserving_conditional_on_class,deletion,0,BENIGN,True,0,BENIGN,0.9989368952810764,0.1567167825996875,50,0.19906183229511212,0.22368893565685433,0.16917324659772331,-0.02462710336174219,0.029888585697388823,0.049503928088690426,0.02386383046144631,-0.07140021106617696,0.5335471034049988,0.968232527911663,-0.43468542450666425,9.2,9.2,trapezoid_from_zero_normalized_by_max_fraction
ton_iot_binary,46,rid_5ac6083d52d9128cc0c7879c86271a52,mlp,gradient_x_input,target_class_donor,dependency_preserving_conditional_on_class,deletion,0,BENIGN,True,0,BENIGN,0.9999998398981234,0.1577797272167344,50,0.19932142898044858,0.1206399796549181,0.14516997786004598,0.07868144932553048,0.054151451120402594,0.03586992882444921,0.017511298717445944,0.04435930383933643,0.01315358467400074,0.016814643198624253,-0.003661058524623513,9.2,9.2,trapezoid_from_zero_normalized_by_max_fraction
ton_iot_binary,46,rid_63700775accb259980416d6c21c2b49b,mlp,gradient_x_input,target_class_donor,dependency_preserving_conditional_on_class,deletion,0,BENIGN,True,0,BENIGN,0.9846601188182832,0.1424400061368942,50,0.4926884987577445,0.10454051323184119,0.05690965811459446,0.38814798552590324,0.43577884064315,0.026309586611122752,0.014024329476693369,0.36066029975158426,5.981382846832275,3.710255615234375,2.2711272315979003,9.2,9.2,trapezoid_from_zero_normalized_by_max_fraction
ton_iot_binary,46,rid_7a46b2fad8b34e52ccbe406dfdd6c1b4,mlp,gradient_x_input,target_class_donor,dependency_preserving_conditional_on_class,deletion,0,BENIGN,True,0,BENIGN,0.9999908878262432,0.1577707751448542,50,0.3422583500463578,0.16571398467997095,0.16827334666393565,0.17654436536638687,0.17398500338242218,0.04273711611656886,0.020559147875673582,0.13624843553006666,0.5221309065818787,0.1077427603006363,0.4143881462812424,9.2,9.2,trapezoid_from_zero_normalized_by_max_fraction
ton_iot_binary,46,rid_1a518cad6906e59db9ffc85d6011041a,mlp,gradient_x_input,target_class_donor,dependency_preserving_conditional_on_class,deletion,0,BENIGN,True,0,BENIGN,0.999948257671349,0.15772814498996,50,0.33962304503281,0.25782220417539514,0.17050856503041198,0.08180084085741489,0.16911448000239798,0.04975325929689793,0.02420420658705572,0.03436059594678568,0.4781765937805176,0.40592741787247355,0.07224917590804403,9.2,9.2,trapezoid_from_zero_normalized_by_max_fraction
ton_iot_binary,46,rid_3c11ba6c875c6b422b5beb6a9c1cf647,mlp,gradient_x_input,target_class_donor,dependency_preserving_conditional_on_class,deletion,1,ATTACK,True,1,ATTACK,0.99996680021286,0.842186912894249,50,0.5998783577000723,0.35939237871774954,0.4129059501338873,0.24048597898232268,0.1869724075661849,0.047192676362652355,0.023459131040836523,0.1945060821422831,0.4479355812072754,0.5153842900265009,-0.06744870881922549,9.2,9.2,trapezoid_from_zero_normalized_by_max_fraction
ton_iot_binary,46,rid_72bbb8e961a8c932da072f79827d67c4,mlp,gradient_x_input,target_class_donor,dependency_preserving_conditional_on_class,deletion,0,BENIGN,True,0,BENIGN,0.9999999811045336,0.1577798684231445,50,0.19431549426782094,0.13946724173311625,0.13538863812053156,0.0548482525347047,0.05892685614728939,0.03900602735349716,0.018700005808255465,0.018196241150523984,0.015929706394672394,0.006703793931752444,0.00922591246291995,9.2,9.2,trapezoid_from_zero_normalized_by_max_fraction
ton_iot_binary,46,rid_be2af7863764ca8a412b678f54301a22,mlp,gradient_x_input,target_class_donor,dependency_preserving_conditional_on_class,deletion,0,BENIGN,True,0,BENIGN,0.99967631616164,0.157456203480251,50,0.2693120430901083,0.13834355214875832,0.17202959563841583,0.13096849094135,0.0972824474516925,0.03973009081984036,0.018897372773919816,0.09392964030446715,1.6116853952407837,1.6792503633499145,-0.06756496810913082,9.2,9.2,trapezoid_from_zero_normalized_by_max_fraction
ton_iot_binary,46,rid_505e152c3ef69a8f8e767b07816248d3,mlp,gradient_x_input,target_class_donor,dependency_preserving_conditional_on_class,deletion,1,ATTACK,True,1,ATTACK,0.999967873096466,0.8421879857778549,50,0.21872932277619836,0.21052932827628507,0.1994292198478485,0.008199994499913293,0.019300102928349855,0.04824237065553242,0.023095651868789556,-0.037067483162914236,0.5082281827926636,0.6427953253984452,-0.13456714260578162,9.2,9.2,trapezoid_from_zero_normalized_by_max_fraction
ton_iot_binary,46,rid_30bff1125cda1c3988a046944ca3efb3,mlp,gradient_x_input,target_class_donor,dependency_preserving_conditional_on_class,deletion,1,ATTACK,True,1,ATTACK,0.9995391964912416,0.8417593091726305,50,0.6282443582167616,0.33433596907926383,0.37779152894466783,0.2939083891374977,0.2504528292720937,0.05150163633680673,0.02527442819830502,0.2443705098688199,0.6279472708702087,0.5816652175448835,0.0462820533253252,9.2,9.2,trapezoid_from_zero_normalized_by_max_fraction
ton_iot_binary,46,rid_9c888da59f61f2c2540b876846e0e6bf,mlp,gradient_x_input,target_class_donor,dependency_preserving_conditional_on_class,deletion,1,ATTACK,True,1,ATTACK,0.9832900762557985,0.8255101889371874,50,0.46526924101635814,0.19298978468827585,0.18985166680488613,0.27227945632808226,0.275417574211472,0.04475060941868154,0.021871234629479364,0.22941183645430271,1.5623424053192139,1.537720832824707,0.024621572494506916,9.2,9.2,trapezoid_from_zero_normalized_by_max_fraction
ton_iot_binary,46,rid_9c33cb19da563a668f713cb01c8cdbf1,mlp,gradient_x_input,target_class_donor,dependency_preserving_conditional_on_class,deletion,1,ATTACK,True,1,ATTACK,0.9999985098838806,0.8422186225652695,50,0.18391958425636404,0.30696146508236233,0.16517085728683742,-0.1230418808259983,0.018748726969526605,0.05244299766328617,0.0252573978041767,-0.17254638052218463,0.01518705952912569,0.010279965177967825,0.004907094351157866,9.2,9.2,trapezoid_from_zero_normalized_by_max_fraction
ton_iot_binary,46,rid_4bdac81e88e4e8c3a0632b0c9d67d421,mlp,gradient_x_input,target_class_donor,dependency_preserving_conditional_on_class,deletion,1,ATTACK,True,1,ATTACK,0.9999990463256836,0.8422191590070724,50,0.29832712235511283,0.1813301599599877,0.15824077751101867,0.11699696239512514,0.14008634484409413,0.041944043324331395,0.02079287283487337,0.07624293163877333,0.8212910890579224,0.8093938440084457,0.011897245049476646,9.2,9.2,trapezoid_from_zero_normalized_by_max_fraction
ton_iot_binary,46,rid_435881a1379124d28c655ee245760977,mlp,gradient_x_input,target_class_donor,dependency_preserving_conditional_on_class,deletion,0,BENIGN,True,0,BENIGN,0.9999950881128824,0.1577749754314936,50,0.06750368145499124,0.19625184669726173,0.0725413689108902,-0.1287481652422705,-0.00503768745589897,0.040522313676410904,0.021389221977357722,-0.17067104031789165,1.1187095642089844,0.891015253007412,0.22769431120157235,9.2,9.2,trapezoid_from_zero_normalized_by_max_fraction
ton_iot_binary,46,rid_485f8b3f726a9fbc91128993da261e64,mlp,gradient_x_input,target_class_donor,dependency_preserving_conditional_on_class,deletion,1,ATTACK,True,1,ATTACK,0.9993459582328796,0.8415660709142685,50,0.2927242402162925,0.16090547201245176,0.23924808033913997,0.13181876820384075,0.05347615987715254,0.040449729959993415,0.018988519598429524,0.09460126979091889,1.0585359334945679,1.0179113342165946,0.04062459927797324,9.2,9.2,trapezoid_from_zero_normalized_by_max_fraction
ton_iot_binary,46,rid_f0c76c1ef3adf56e3915b11c7d28c607,mlp,gradient_x_input,target_class_donor,dependency_preserving_conditional_on_class,insertion,1,ATTACK,True,1,ATTACK,1.0,0.8422201126813889,50,-0.6729043534077331,-0.4016584920588917,-0.2982936855885175,-0.27124586134884143,-0.3746106678192156,0.05874705604311762,0.028036133117402193,-0.3261966822589497,1.2248378992080688,0.8384898052215576,0.38634809398651127,9.2,9.2,trapezoid_from_zero_normalized_by_max_fraction
ton_iot_binary,46,rid_5654332763228cdbe941f6291bdfd98f,mlp,gradient_x_input,target_class_donor,dependency_preserving_conditional_on_class,insertion,0,BENIGN,True,0,BENIGN,0.9989368952810764,0.1567167825996875,50,-0.024834502007070117,-0.19262419686890364,-0.1271510133855002,0.16778969486183354,0.10231651137843009,0.043718275385674354,0.022089383182422297,0.12449450382428584,0.5335471034049988,0.968232527911663,-0.43468542450666425,9.2,9.2,trapezoid_from_zero_normalized_by_max_fraction
ton_iot_binary,46,rid_5ac6083d52d9128cc0c7879c86271a52,mlp,gradient_x_input,target_class_donor,dependency_preserving_conditional_on_class,insertion,0,BENIGN,True,0,BENIGN,0.9999998398981234,0.1577797272167344,50,-0.011814373943835221,-0.128368866406616,-0.10728484981548114,0.11655449246278077,0.09547047587164594,0.03752774127504756,0.01888554295286662,0.07953882827516219,0.01315358467400074,0.016814643198624253,-0.003661058524623513,9.2,9.2,trapezoid_from_zero_normalized_by_max_fraction
ton_iot_binary,46,rid_63700775accb259980416d6c21c2b49b,mlp,gradient_x_input,target_class_donor,dependency_preserving_conditional_on_class,insertion,0,BENIGN,True,0,BENIGN,0.9846601188182832,0.1424400061368942,50,-0.1255469972705555,-0.10678422804183958,-0.17228371494483477,-0.0187627692287159,0.04673671767427928,0.023076545367967,0.011041708230369363,-0.04040451736023985,5.981382846832275,3.710255615234375,2.2711272315979003,9.2,9.2,trapezoid_from_zero_normalized_by_max_fraction
ton_iot_binary,46,rid_7a46b2fad8b34e52ccbe406dfdd6c1b4,mlp,gradient_x_input,target_class_donor,dependency_preserving_conditional_on_class,insertion,0,BENIGN,True,0,BENIGN,0.9999908878262432,0.1577707751448542,50,-0.11304943308217359,-0.15954411595138993,-0.1299933739149939,0.04649468286921633,0.01694394083282033,0.040256676853754475,0.01982664795932235,0.007634452868944527,0.5221309065818787,0.1077427603006363,0.4143881462812424,9.2,9.2,trapezoid_from_zero_normalized_by_max_fraction
ton_iot_binary,46,rid_1a518cad6906e59db9ffc85d6011041a,mlp,gradient_x_input,target_class_donor,dependency_preserving_conditional_on_class,insertion,0,BENIGN,True,0,BENIGN,0.999948257671349,0.15772814498996,50,-0.19840481183891825,-0.15286007035435256,-0.15038619253526733,-0.04554474148456569,-0.04801861930365093,0.04122515659579645,0.020002380118452564,-0.08474940651673271,0.4781765937805176,0.40592741787247355,0.07224917590804403,9.2,9.2,trapezoid_from_zero_normalized_by_max_fraction
ton_iot_binary,46,rid_3c11ba6c875c6b422b5beb6a9c1cf647,mlp,gradient_x_input,target_class_donor,dependency_preserving_conditional_on_class,insertion,1,ATTACK,True,1,ATTACK,0.99996680021286,0.842186912894249,50,-0.1091817945241928,-0.41355504311867564,-0.29741929904073006,0.3043732485944828,0.18823750451653726,0.048335715755942685,0.02458710622756819,0.25618252038844913,0.4479355812072754,0.5153842900265009,-0.06744870881922549,9.2,9.2,trapezoid_from_zero_normalized_by_max_fraction
ton_iot_binary,46,rid_72bbb8e961a8c932da072f79827d67c4,mlp,gradient_x_input,target_class_donor,dependency_preserving_conditional_on_class,insertion,0,BENIGN,True,0,BENIGN,0.9999999811045336,0.1577798684231445,50,-0.06103022252551718,-0.15285716062875723,-0.11625292122927025,0.09182693810324004,0.055222698703753084,0.03951394991023098,0.020093631143819957,0.05244342106135293,0.015929706394672394,0.006703793931752444,0.00922591246291995,9.2,9.2,trapezoid_from_zero_normalized_by_max_fraction
ton_iot_binary,46,rid_be2af7863764ca8a412b678f54301a22,mlp,gradient_x_input,target_class_donor,dependency_preserving_conditional_on_class,insertion,0,BENIGN,True,0,BENIGN,0.99967631616164,0.157456203480251,50,-0.2404815004323609,-0.1623579951635532,-0.12102026696601437,-0.0781235052688077,-0.11946123346634654,0.04290423494248072,0.0212203303217879,-0.11971535269951197,1.6116853952407837,1.6792503633499145,-0.06756496810913082,9.2,9.2,trapezoid_from_zero_normalized_by_max_fraction
ton_iot_binary,46,rid_505e152c3ef69a8f8e767b07816248d3,mlp,gradient_x_input,target_class_donor,dependency_preserving_conditional_on_class,insertion,1,ATTACK,True,1,ATTACK,0.999967873096466,0.8421879857778549,50,-0.11404674649238586,-0.3378863850542335,-0.3265694072174159,0.2238396385618477,0.21252266072503004,0.05212018634892859,0.0257967147480692,0.17327807765563205,0.5082281827926636,0.6427953253984452,-0.13456714260578162,9.2,9.2,trapezoid_from_zero_normalized_by_max_fraction
ton_iot_binary,46,rid_30bff1125cda1c3988a046944ca3efb3,mlp,gradient_x_input,target_class_donor,dependency_preserving_conditional_on_class,insertion,1,ATTACK,True,1,ATTACK,0.9995391964912416,0.8417593091726305,50,-0.1808227866888046,-0.43500580059437993,-0.29018178227080116,0.25418301390557535,0.10935899558199655,0.05151834793076322,0.02544509410206649,0.20431062946552503,0.6279472708702087,0.5816652175448835,0.0462820533253252,9.2,9.2,trapezoid_from_zero_normalized_by_max_fraction
ton_iot_binary,46,rid_9c888da59f61f2c2540b876846e0e6bf,mlp,gradient_x_input,target_class_donor,dependency_preserving_conditional_on_class,insertion,1,ATTACK,True,1,ATTACK,0.9832900762557985,0.8255101889371874,50,-0.2823180973529816,-0.3237863748134198,-0.2719556932722651,0.04146827746043824,-0.010362404080716467,0.05225758565244959,0.025281515723177266,-0.0080834933569892,1.5623424053192139,1.537720832824707,0.024621572494506916,9.2,9.2,trapezoid_from_zero_normalized_by_max_fraction
ton_iot_binary,46,rid_9c33cb19da563a668f713cb01c8cdbf1,mlp,gradient_x_input,target_class_donor,dependency_preserving_conditional_on_class,insertion,1,ATTACK,True,1,ATTACK,0.9999985098838806,0.8422186225652695,50,-0.125212624669075,-0.24252362653514137,-0.25999063121058136,0.11731100186606636,0.13477800654150635,0.04604890946296866,0.02237283309106832,0.07346024900757245,0.01518705952912569,0.010279965177967825,0.004907094351157866,9.2,9.2,trapezoid_from_zero_normalized_by_max_fraction
ton_iot_binary,46,rid_4bdac81e88e4e8c3a0632b0c9d67d421,mlp,gradient_x_input,target_class_donor,dependency_preserving_conditional_on_class,insertion,1,ATTACK,True,1,ATTACK,0.9999990463256836,0.8422191590070724,50,0.015860584378242493,-0.21298917199495906,-0.22403683444752093,0.2288497563732016,0.23989741882576343,0.04466534506429273,0.022326270921352788,0.18509026536735013,0.8212910890579224,0.8093938440084457,0.011897245049476646,9.2,9.2,trapezoid_from_zero_normalized_by_max_fraction
ton_iot_binary,46,rid_435881a1379124d28c655ee245760977,mlp,gradient_x_input,target_class_donor,dependency_preserving_conditional_on_class,insertion,0,BENIGN,True,0,BENIGN,0.9999950881128824,0.1577749754314936,50,0.07747471840636985,0.008655448958747449,-0.08356823958539084,0.06881926944762241,0.1610429579917607,0.018356197057838017,0.010728018625395627,0.047792352941846986,1.1187095642089844,0.891015253007412,0.22769431120157235,9.2,9.2,trapezoid_from_zero_normalized_by_max_fraction
ton_iot_binary,46,rid_485f8b3f726a9fbc91128993da261e64,mlp,gradient_x_input,target_class_donor,dependency_preserving_conditional_on_class,insertion,1,ATTACK,True,1,ATTACK,0.9993459582328796,0.8415660709142685,50,-0.1760586228221655,-0.40410581767523457,-0.2236819301925303,0.22804719485306907,0.0476233073703648,0.05518777445116797,0.026870323578149117,0.1753813606398968,1.0585359334945679,1.0179113342165946,0.04062459927797324,9.2,9.2,trapezoid_from_zero_normalized_by_max_fraction
ton_iot_binary,46,rid_f0c76c1ef3adf56e3915b11c7d28c607,mlp,gradient_x_input,conditional_gaussian_mean,conditional_on_retained_coordinates,deletion,1,ATTACK,True,1,ATTACK,1.0,0.8422201126813889,50,0.015932610630989077,0.22552105301585051,0.022289957349490578,-0.2095884423848614,-0.006357346718501503,0.037735605367084896,0.021872097572810074,-0.25245775362756917,0.6049299240112305,0.34525099478662014,0.25967892922461033,9.2,9.2,trapezoid_from_zero_normalized_by_max_fraction
ton_iot_binary,46,rid_5654332763228cdbe941f6291bdfd98f,mlp,gradient_x_input,conditional_gaussian_mean,conditional_on_retained_coordinates,deletion,0,BENIGN,True,0,BENIGN,0.9989368952810764,0.1567167825996875,50,0.0035702997236512603,0.1478117998566535,0.1927306047690585,-0.14424150013300222,-0.18916030504540726,0.0467884853719364,0.02241631197115598,-0.18817747159646794,0.35543984174728394,0.317082301735878,0.038357540011405955,9.2,9.2,trapezoid_from_zero_normalized_by_max_fraction
ton_iot_binary,46,rid_5ac6083d52d9128cc0c7879c86271a52,mlp,gradient_x_input,conditional_gaussian_mean,conditional_on_retained_coordinates,deletion,0,BENIGN,True,0,BENIGN,0.9999998398981234,0.1577797272167344,50,0.0627529982825024,0.1761580699815541,0.10031229881824485,-0.11340507169905167,-0.037559300535742426,0.04026651968388902,0.01869380671593885,-0.1500449328622918,0.20309479534626007,0.22417786413431168,-0.021083068788051607,9.2,9.2,trapezoid_from_zero_normalized_by_max_fraction
ton_iot_binary,46,rid_63700775accb259980416d6c21c2b49b,mlp,gradient_x_input,conditional_gaussian_mean,conditional_on_retained_coordinates,deletion,0,BENIGN,True,0,BENIGN,0.9846601188182832,0.1424400061368942,50,0.494443329423666,0.23583713806606826,0.05361904460331425,0.2586061913575977,0.44082428482035174,0.028668166850816513,0.014242235929174752,0.2306914089364152,5.656754493713379,2.9913374028205872,2.6654170908927917,9.2,9.2,trapezoid_from_zero_normalized_by_max_fraction
ton_iot_binary,46,rid_7a46b2fad8b34e52ccbe406dfdd6c1b4,mlp,gradient_x_input,conditional_gaussian_mean,conditional_on_retained_coordinates,deletion,0,BENIGN,True,0,BENIGN,0.9999908878262432,0.1577707751448542,50,0.0015393597629099532,0.16625339023062968,0.12122681327529697,-0.16471403046771974,-0.11968745351238701,0.04623157140616371,0.02159627948579739,-0.20704273825988262,0.32319211959838867,0.25942279210686686,0.06376932749152181,9.2,9.2,trapezoid_from_zero_normalized_by_max_fraction
ton_iot_binary,46,rid_1a518cad6906e59db9ffc85d6011041a,mlp,gradient_x_input,conditional_gaussian_mean,conditional_on_retained_coordinates,deletion,0,BENIGN,True,0,BENIGN,0.999948257671349,0.15772814498996,50,0.0006423867010198592,0.20870993214747618,0.17949285213611205,-0.2080675454464563,-0.17885046543509214,0.053991055992759523,0.025556186898832902,-0.2581576717681688,0.3472145199775696,0.2605588486194611,0.08665567135810848,9.2,9.2,trapezoid_from_zero_normalized_by_max_fraction
ton_iot_binary,46,rid_3c11ba6c875c6b422b5beb6a9c1cf647,mlp,gradient_x_input,conditional_gaussian_mean,conditional_on_retained_coordinates,deletion,1,ATTACK,True,1,ATTACK,0.99996680021286,0.842186912894249,50,0.2645449322182685,0.5199661621317204,0.2085825506415952,-0.25542122991345195,0.055962381576673305,0.04035115927409574,0.023629174871079555,-0.3017344126607679,0.3236963152885437,0.4761241186857223,-0.1524278033971786,9.2,9.2,trapezoid_from_zero_normalized_by_max_fraction
ton_iot_binary,46,rid_72bbb8e961a8c932da072f79827d67c4,mlp,gradient_x_input,conditional_gaussian_mean,conditional_on_retained_coordinates,deletion,0,BENIGN,True,0,BENIGN,0.9999999811045336,0.1577798684231445,50,0.05461552554388991,0.03628552587321866,0.02679823694338955,0.018329999670671247,0.027817288600500367,0.011407823611458864,0.005992637913771339,0.006584429359679423,0.15553908050060272,0.21003514789044858,-0.05449606738984586,9.2,9.2,trapezoid_from_zero_normalized_by_max_fraction
ton_iot_binary,46,rid_be2af7863764ca8a412b678f54301a22,mlp,gradient_x_input,conditional_gaussian_mean,conditional_on_retained_coordinates,deletion,0,BENIGN,True,0,BENIGN,0.99967631616164,0.157456203480251,50,0.3903445223761082,0.19441725907149934,0.19495012654998303,0.19592726330460883,0.19539439582612514,0.052092462179798724,0.025085458403122138,0.14675976483448944,0.3524271547794342,0.2936727648973465,0.0587543898820877,9.2,9.2,trapezoid_from_zero_normalized_by_max_fraction
ton_iot_binary,46,rid_505e152c3ef69a8f8e767b07816248d3,mlp,gradient_x_input,conditional_gaussian_mean,conditional_on_retained_coordinates,deletion,1,ATTACK,True,1,ATTACK,0.999967873096466,0.8421879857778549,50,0.5679045915603638,0.40232467025066126,0.16192132539890372,0.1655799213097025,0.4059832661614601,0.0429466209054553,0.02232045260862642,0.12183183419679472,1.3827838897705078,1.3112869846820832,0.07149690508842466,9.2,9.2,trapezoid_from_zero_normalized_by_max_fraction
ton_iot_binary,46,rid_30bff1125cda1c3988a046944ca3efb3,mlp,gradient_x_input,conditional_gaussian_mean,conditional_on_retained_coordinates,deletion,1,ATTACK,True,1,ATTACK,0.9995391964912416,0.8417593091726305,50,0.6587382145226002,0.5049949657348916,0.32289691820763805,0.15374324878770856,0.33584129631496207,0.03621475498122961,0.018032928768778444,0.11839870840090282,0.41763076186180115,0.4948344956636429,-0.07720373380184176,9.2,9.2,trapezoid_from_zero_normalized_by_max_fraction
ton_iot_binary,46,rid_9c888da59f61f2c2540b876846e0e6bf,mlp,gradient_x_input,conditional_gaussian_mean,conditional_on_retained_coordinates,deletion,1,ATTACK,True,1,ATTACK,0.9832900762557985,0.8255101889371874,50,0.7092190838055102,0.37308146976082207,0.21409572198531532,0.3361376140446882,0.49512336182019495,0.03887885397129207,0.019683201742758578,0.29755853862888143,1.379530906677246,1.297513787984848,0.08201711869239814,9.2,9.2,trapezoid_from_zero_normalized_by_max_fraction
ton_iot_binary,46,rid_9c33cb19da563a668f713cb01c8cdbf1,mlp,gradient_x_input,conditional_gaussian_mean,conditional_on_retained_coordinates,deletion,1,ATTACK,True,1,ATTACK,0.9999985098838806,0.8422186225652695,50,0.9062882018799427,0.41419664781718163,0.24644773787308077,0.4920915540627611,0.659840464006862,0.04121601063946159,0.019889013425713687,0.4531090877483623,0.9902514219284058,0.8944336351156235,0.0958177868127823,9.2,9.2,trapezoid_from_zero_normalized_by_max_fraction
ton_iot_binary,46,rid_4bdac81e88e4e8c3a0632b0c9d67d421,mlp,gradient_x_input,conditional_gaussian_mean,conditional_on_retained_coordinates,deletion,1,ATTACK,True,1,ATTACK,0.9999990463256836,0.8422191590070724,50,0.9274079480121146,0.44438274921176524,0.22515425553661497,0.4830251988003493,0.7022536924754994,0.04815414847158171,0.022490233110041377,0.4389443419046682,0.9482167959213257,0.9022721198499204,0.04594467607140529,9.2,9.2,trapezoid_from_zero_normalized_by_max_fraction
ton_iot_binary,46,rid_435881a1379124d28c655ee245760977,mlp,gradient_x_input,conditional_gaussian_mean,conditional_on_retained_coordinates,deletion,0,BENIGN,True,0,BENIGN,0.9999950881128824,0.1577749754314936,50,0.05966253778110513,0.08100370005527006,0.03314529302565617,-0.021341162274164934,0.02651724475544895,0.02064517429677138,0.014037556713619384,-0.048854773432858926,1.2639586925506592,1.1124558383226395,0.15150285422801968,9.2,9.2,trapezoid_from_zero_normalized_by_max_fraction
ton_iot_binary,46,rid_485f8b3f726a9fbc91128993da261e64,mlp,gradient_x_input,conditional_gaussian_mean,conditional_on_retained_coordinates,deletion,1,ATTACK,True,1,ATTACK,0.9993459582328796,0.8415660709142685,50,0.8180569834774359,0.3894754562163452,0.26950448742443456,0.42858152726109067,0.5485524960530015,0.044508426712594765,0.023311149122067446,0.38289167498183846,0.969632625579834,0.9037261195778846,0.06590650600194936,9.2,9.2,trapezoid_from_zero_normalized_by_max_fraction
ton_iot_binary,46,rid_f0c76c1ef3adf56e3915b11c7d28c607,mlp,gradient_x_input,conditional_gaussian_mean,conditional_on_retained_coordinates,insertion,1,ATTACK,True,1,ATTACK,1.0,0.8422201126813889,50,0.945653458405286,0.7494811473614054,0.3972377066282725,0.1961723110438806,0.5484157517770135,0.031990723129883,0.01718596779412611,0.16248781416739344,0.6049299240112305,0.34525099478662014,0.25967892922461033,9.2,9.2,trapezoid_from_zero_normalized_by_max_fraction
ton_iot_binary,46,rid_5654332763228cdbe941f6291bdfd98f,mlp,gradient_x_input,conditional_gaussian_mean,conditional_on_retained_coordinates,insertion,0,BENIGN,True,0,BENIGN,0.9989368952810764,0.1567167825996875,50,0.0022968708770349624,-0.18411175146706793,-0.15661779998514191,0.18640862234410288,0.15891467086217687,0.051508125376548,0.02459258739555331,0.1382071510488184,0.35543984174728394,0.317082301735878,0.038357540011405955,9.2,9.2,trapezoid_from_zero_normalized_by_max_fraction
ton_iot_binary,46,rid_5ac6083d52d9128cc0c7879c86271a52,mlp,gradient_x_input,conditional_gaussian_mean,conditional_on_retained_coordinates,insertion,0,BENIGN,True,0,BENIGN,0.9999998398981234,0.1577797272167344,50,0.0043449880162008455,-0.1436035008973067,-0.11435875658364135,0.14794848891350754,0.1187037445998422,0.038820148876287576,0.018888353539237825,0.11092731597660141,0.20309479534626007,0.22417786413431168,-0.021083068788051607,9.2,9.2,trapezoid_from_zero_normalized_by_max_fraction
ton_iot_binary,46,rid_63700775accb259980416d6c21c2b49b,mlp,gradient_x_input,conditional_gaussian_mean,conditional_on_retained_coordinates,insertion,0,BENIGN,True,0,BENIGN,0.9846601188182832,0.1424400061368942,50,-0.0007599950418807565,-0.0690262243289544,-0.18731586539150885,0.06826622928707365,0.1865558703496281,0.014277074880955996,0.007558581583637804,0.05345140938314356,5.656754493713379,2.9913374028205872,2.6654170908927917,9.2,9.2,trapezoid_from_zero_normalized_by_max_fraction
ton_iot_binary,46,rid_7a46b2fad8b34e52ccbe406dfdd6c1b4,mlp,gradient_x_input,conditional_gaussian_mean,conditional_on_retained_coordinates,insertion,0,BENIGN,True,0,BENIGN,0.9999908878262432,0.1577707751448542,50,0.004289146342307504,-0.12169574014797083,-0.177857489401627,0.12598488649027834,0.18214663574393453,0.04147107245761502,0.01936981951036891,0.08802004024995527,0.32319211959838867,0.25942279210686686,0.06376932749152181,9.2,9.2,trapezoid_from_zero_normalized_by_max_fraction
ton_iot_binary,46,rid_1a518cad6906e59db9ffc85d6011041a,mlp,gradient_x_input,conditional_gaussian_mean,conditional_on_retained_coordinates,insertion,0,BENIGN,True,0,BENIGN,0.999948257671349,0.15772814498996,50,0.004236291745473863,-0.17448947794066338,-0.17069791904228657,0.17872576968613726,0.17493421078776045,0.05068320174440969,0.02466983228240008,0.1303728984126331,0.3472145199775696,0.2605588486194611,0.08665567135810848,9.2,9.2,trapezoid_from_zero_normalized_by_max_fraction
ton_iot_binary,46,rid_3c11ba6c875c6b422b5beb6a9c1cf647,mlp,gradient_x_input,conditional_gaussian_mean,conditional_on_retained_coordinates,insertion,1,ATTACK,True,1,ATTACK,0.99996680021286,0.842186912894249,50,0.6956355711255591,0.5294304287395271,0.3309917371990244,0.16620514238603198,0.36464383392653466,0.04097435044000779,0.019748360294976994,0.12749835620787708,0.3236963152885437,0.4761241186857223,-0.1524278033971786,9.2,9.2,trapezoid_from_zero_normalized_by_max_fraction
ton_iot_binary,46,rid_72bbb8e961a8c932da072f79827d67c4,mlp,gradient_x_input,conditional_gaussian_mean,conditional_on_retained_coordinates,insertion,0,BENIGN,True,0,BENIGN,0.9999999811045336,0.1577798684231445,50,0.004346037855631568,-0.028782352938649187,-0.03670846748367185,0.03312839079428076,0.041054505339303424,0.009699200650481491,0.004903891070455831,0.02351676429618733,0.15553908050060272,0.21003514789044858,-0.05449606738984586,9.2,9.2,trapezoid_from_zero_normalized_by_max_fraction
ton_iot_binary,46,rid_be2af7863764ca8a412b678f54301a22,mlp,gradient_x_input,conditional_gaussian_mean,conditional_on_retained_coordinates,insertion,0,BENIGN,True,0,BENIGN,0.99967631616164,0.157456203480251,50,0.0037461191444890574,-0.22031870992028973,-0.1328275390135917,0.22406482906477876,0.13657365815808076,0.05447001979211363,0.026306184305415176,0.172504707826165,0.3524271547794342,0.2936727648973465,0.0587543898820877,9.2,9.2,trapezoid_from_zero_normalized_by_max_fraction
ton_iot_binary,46,rid_505e152c3ef69a8f8e767b07816248d3,mlp,gradient_x_input,conditional_gaussian_mean,conditional_on_retained_coordinates,insertion,1,ATTACK,True,1,ATTACK,0.999967873096466,0.8421879857778549,50,0.3959767040796578,0.4087605014691691,0.3191606149169187,-0.012783797389511298,0.07681608916273906,0.04030511595010218,0.021588848165659372,-0.05509793979420367,1.3827838897705078,1.3112869846820832,0.07149690508842466,9.2,9.2,trapezoid_from_zero_normalized_by_max_fraction
ton_iot_binary,46,rid_30bff1125cda1c3988a046944ca3efb3,mlp,gradient_x_input,conditional_gaussian_mean,conditional_on_retained_coordinates,insertion,1,ATTACK,True,1,ATTACK,0.9995391964912416,0.8417593091726305,50,0.6101237650547319,0.3900354849000498,0.24565962442051825,0.22008828015468207,0.3644641406342136,0.030701247405866123,0.016361536210373482,0.18801966918235005,0.41763076186180115,0.4948344956636429,-0.07720373380184176,9.2,9.2,trapezoid_from_zero_normalized_by_max_fraction
ton_iot_binary,46,rid_9c888da59f61f2c2540b876846e0e6bf,mlp,gradient_x_input,conditional_gaussian_mean,conditional_on_retained_coordinates,insertion,1,ATTACK,True,1,ATTACK,0.9832900762557985,0.8255101889371874,50,0.17871466232506672,0.3818714084693474,0.23675657380065465,-0.20315674614428075,-0.05804191147558793,0.04376718850358892,0.02282933591841857,-0.24790224454438115,1.379530906677246,1.297513787984848,0.08201711869239814,9.2,9.2,trapezoid_from_zero_normalized_by_max_fraction
ton_iot_binary,46,rid_9c33cb19da563a668f713cb01c8cdbf1,mlp,gradient_x_input,conditional_gaussian_mean,conditional_on_retained_coordinates,insertion,1,ATTACK,True,1,ATTACK,0.9999985098838806,0.8422186225652695,50,0.6043060411699116,0.42085877688225265,0.3309750107949785,0.18344726428765895,0.2733310303749331,0.05017250456406129,0.024623921750905286,0.1351843776558846,0.9902514219284058,0.8944336351156235,0.0958177868127823,9.2,9.2,trapezoid_from_zero_normalized_by_max_fraction
ton_iot_binary,46,rid_4bdac81e88e4e8c3a0632b0c9d67d421,mlp,gradient_x_input,conditional_gaussian_mean,conditional_on_retained_coordinates,insertion,1,ATTACK,True,1,ATTACK,0.9999990463256836,0.8422191590070724,50,0.4600267210043967,0.4566453755150964,0.4077791873808103,0.0033813454893003234,0.052247533623586376,0.04991941913784819,0.025075733364686034,-0.0457670919054843,0.9482167959213257,0.9022721198499204,0.04594467607140529,9.2,9.2,trapezoid_from_zero_normalized_by_max_fraction
ton_iot_binary,46,rid_435881a1379124d28c655ee245760977,mlp,gradient_x_input,conditional_gaussian_mean,conditional_on_retained_coordinates,insertion,0,BENIGN,True,0,BENIGN,0.9999950881128824,0.1577749754314936,50,-0.11860543786579002,-0.06224435408524023,-0.18984707354165467,-0.056361083780549784,0.07124163567586465,0.01561297935793831,0.009328798764069028,-0.07464552935812507,1.2639586925506592,1.1124558383226395,0.15150285422801968,9.2,9.2,trapezoid_from_zero_normalized_by_max_fraction
ton_iot_binary,46,rid_485f8b3f726a9fbc91128993da261e64,mlp,gradient_x_input,conditional_gaussian_mean,conditional_on_retained_coordinates,insertion,1,ATTACK,True,1,ATTACK,0.9993459582328796,0.8415660709142685,50,0.7902054180391134,0.553293058114938,0.29479509976481677,0.23691235992417525,0.4954103182742965,0.0392088557915035,0.02135444303001333,0.19505765158534913,0.969632625579834,0.9037261195778846,0.06590650600194936,9.2,9.2,trapezoid_from_zero_normalized_by_max_fraction
ton_iot_binary,46,rid_f0c76c1ef3adf56e3915b11c7d28c607,mlp,gradient_x_input,conditional_gaussian_draw,conditional_on_retained_coordinates,deletion,1,ATTACK,True,1,ATTACK,1.0,0.8422201126813889,10,0.15161560866981746,0.39033422371440857,0.22546141590426172,-0.2387186150445911,-0.07384580723444426,0.134090075750771,0.06413845515837563,-0.3644299871550073,0.6049299240112305,0.32549029305577276,0.2794396309554577,9.2,9.2,trapezoid_from_zero_normalized_by_max_fraction
ton_iot_binary,46,rid_5654332763228cdbe941f6291bdfd98f,mlp,gradient_x_input,conditional_gaussian_draw,conditional_on_retained_coordinates,deletion,0,BENIGN,True,0,BENIGN,0.9989368952810764,0.1567167825996875,10,0.23093683165685988,0.2976154394431009,0.21338366701425424,-0.06667860778624106,0.01755316464260563,0.12192077187774054,0.05774678798795415,-0.1798623122426312,0.35543984174728394,0.29485557049512867,0.060584271252155264,9.2,9.2,trapezoid_from_zero_normalized_by_max_fraction
ton_iot_binary,46,rid_5ac6083d52d9128cc0c7879c86271a52,mlp,gradient_x_input,conditional_gaussian_draw,conditional_on_retained_coordinates,deletion,0,BENIGN,True,0,BENIGN,0.9999998398981234,0.1577797272167344,10,0.3254806494395723,0.28339721249012056,0.2617030890465991,0.042083436949451714,0.06377756039297316,0.11130335355571266,0.051636182232517334,-0.05912348022628226,0.20309479534626007,0.2393215849995613,-0.03622678965330123,9.2,9.2,trapezoid_from_zero_normalized_by_max_fraction
ton_iot_binary,46,rid_63700775accb259980416d6c21c2b49b,mlp,gradient_x_input,conditional_gaussian_draw,conditional_on_retained_coordinates,deletion,0,BENIGN,True,0,BENIGN,0.9846601188182832,0.1424400061368942,10,0.4576995365321636,0.29997532134527033,0.07142096536816098,0.1577242151868933,0.3862785711640026,0.09139335491170761,0.05205023076609772,0.05570576288534178,5.656754493713379,2.875845923423767,2.7809085702896117,9.2,9.2,trapezoid_from_zero_normalized_by_max_fraction
ton_iot_binary,46,rid_7a46b2fad8b34e52ccbe406dfdd6c1b4,mlp,gradient_x_input,conditional_gaussian_draw,conditional_on_retained_coordinates,deletion,0,BENIGN,True,0,BENIGN,0.9999908878262432,0.1577707751448542,10,0.7620734592808791,0.30627146194861266,0.35146821791796856,0.45580199733226645,0.41060524136291054,0.12948343775455454,0.061671399842509626,0.3349260536409476,0.32319211959838867,0.2630811952054501,0.06011092439293858,9.2,9.2,trapezoid_from_zero_normalized_by_max_fraction
ton_iot_binary,46,rid_1a518cad6906e59db9ffc85d6011041a,mlp,gradient_x_input,conditional_gaussian_draw,conditional_on_retained_coordinates,deletion,0,BENIGN,True,0,BENIGN,0.999948257671349,0.15772814498996,10,0.39019854899579515,0.42872319762900923,0.26914185103247373,-0.038524648633214066,0.12105669796332137,0.12895720397804677,0.06378096928629284,-0.16353534843434803,0.3472145199775696,0.25320754960179326,0.09400697037577632,9.2,9.2,trapezoid_from_zero_normalized_by_max_fraction
ton_iot_binary,46,rid_3c11ba6c875c6b422b5beb6a9c1cf647,mlp,gradient_x_input,conditional_gaussian_draw,conditional_on_retained_coordinates,deletion,1,ATTACK,True,1,ATTACK,0.99996680021286,0.842186912894249,10,0.3677600128688937,0.3966118017813942,0.19312913146797578,-0.028851788912500557,0.17463088140091787,0.11883463329406241,0.06206655828795132,-0.15050224315688515,0.3236963152885437,0.45769646570086475,-0.13400015041232105,9.2,9.2,trapezoid_from_zero_normalized_by_max_fraction
ton_iot_binary,46,rid_72bbb8e961a8c932da072f79827d67c4,mlp,gradient_x_input,conditional_gaussian_draw,conditional_on_retained_coordinates,deletion,0,BENIGN,True,0,BENIGN,0.9999999811045336,0.1577798684231445,10,0.5287318690918292,0.36573395222840743,0.2534346202669501,0.1629979168634218,0.27529724882487916,0.12139613298020493,0.057375266304736786,0.0505423949061377,0.15553908050060272,0.19550324380397796,-0.03996416330337524,9.2,9.2,trapezoid_from_zero_normalized_by_max_fraction
ton_iot_binary,46,rid_be2af7863764ca8a412b678f54301a22,mlp,gradient_x_input,conditional_gaussian_draw,conditional_on_retained_coordinates,deletion,0,BENIGN,True,0,BENIGN,0.99967631616164,0.157456203480251,10,0.24651151666952845,0.2749545790944808,0.22042061793327503,-0.028443062424952356,0.02609089873625338,0.08385591353082802,0.04055185395094079,-0.1079246961687963,0.3524271547794342,0.2984837207198143,0.05394343405961988,9.2,9.2,trapezoid_from_zero_normalized_by_max_fraction
ton_iot_binary,46,rid_505e152c3ef69a8f8e767b07816248d3,mlp,gradient_x_input,conditional_gaussian_draw,conditional_on_retained_coordinates,deletion,1,ATTACK,True,1,ATTACK,0.999967873096466,0.8421879857778549,10,0.14988889742817263,0.3041881783375243,0.16229701814717146,-0.15429928090935166,-0.012408120718998814,0.11218925645496433,0.05432754172148526,-0.2607812626834628,1.3827838897705078,1.3085320901870727,0.07425179958343509,9.2,9.2,trapezoid_from_zero_normalized_by_max_fraction
ton_iot_binary,46,rid_30bff1125cda1c3988a046944ca3efb3,mlp,gradient_x_input,conditional_gaussian_draw,conditional_on_retained_coordinates,deletion,1,ATTACK,True,1,ATTACK,0.9995391964912416,0.8417593091726305,10,0.9245610121637583,0.5344464732723894,0.3466944920972119,0.3901145388913689,0.5778665200665464,0.10744821395801424,0.050436774240119754,0.2912584613807342,0.41763076186180115,0.49214435413479807,-0.07451359227299692,9.2,9.2,trapezoid_from_zero_normalized_by_max_fraction
ton_iot_binary,46,rid_9c888da59f61f2c2540b876846e0e6bf,mlp,gradient_x_input,conditional_gaussian_draw,conditional_on_retained_coordinates,deletion,1,ATTACK,True,1,ATTACK,0.9832900762557985,0.8255101889371874,10,0.6639350489016805,0.29942506354618215,0.2746974341152634,0.3645099853554984,0.3892376147864172,0.09474147478254383,0.05027581283846712,0.2659693921921028,1.379530906677246,1.3104418504238127,0.06908905625343342,9.2,9.2,trapezoid_from_zero_normalized_by_max_fraction
ton_iot_binary,46,rid_9c33cb19da563a668f713cb01c8cdbf1,mlp,gradient_x_input,conditional_gaussian_draw,conditional_on_retained_coordinates,deletion,1,ATTACK,True,1,ATTACK,0.9999985098838806,0.8422186225652695,10,0.5528766186907887,0.3882540994838395,0.266118573674903,0.1646225192069493,0.28675804501588575,0.11516825672663197,0.05730772232108089,0.05229938345763077,0.9902514219284058,0.9094355070590974,0.08081591486930839,9.2,9.2,trapezoid_from_zero_normalized_by_max_fraction
ton_iot_binary,46,rid_4bdac81e88e4e8c3a0632b0c9d67d421,mlp,gradient_x_input,conditional_gaussian_draw,conditional_on_retained_coordinates,deletion,1,ATTACK,True,1,ATTACK,0.9999990463256836,0.8422191590070724,10,0.4489837107350467,0.3809705830645481,0.18293194299803872,0.06801312767049866,0.266051767737008,0.11041211584207641,0.05195322444958472,-0.033815192250687395,0.9482167959213257,0.9150422750413417,0.03317452087998396,9.2,9.2,trapezoid_from_zero_normalized_by_max_fraction
ton_iot_binary,46,rid_435881a1379124d28c655ee245760977,mlp,gradient_x_input,conditional_gaussian_draw,conditional_on_retained_coordinates,deletion,0,BENIGN,True,0,BENIGN,0.9999950881128824,0.1577749754314936,10,0.03281289767344332,0.3968784343762627,0.13727293739438928,-0.3640655367028194,-0.10446003972094596,0.11995473060876508,0.05994156669754614,-0.4815510074300098,1.2639586925506592,1.1158722400665284,0.14808645248413077,9.2,9.2,trapezoid_from_zero_normalized_by_max_fraction
ton_iot_binary,46,rid_485f8b3f726a9fbc91128993da261e64,mlp,gradient_x_input,conditional_gaussian_draw,conditional_on_retained_coordinates,deletion,1,ATTACK,True,1,ATTACK,0.9993459582328796,0.8415660709142685,10,0.33596706799671666,0.4211773480770626,0.2845643531172347,-0.08521028008034592,0.05140271487948195,0.1026642205642187,0.050831457803834794,-0.18483993737586213,0.969632625579834,0.9005923458933831,0.06904027968645088,9.2,9.2,trapezoid_from_zero_normalized_by_max_fraction
ton_iot_binary,46,rid_f0c76c1ef3adf56e3915b11c7d28c607,mlp,gradient_x_input,conditional_gaussian_draw,conditional_on_retained_coordinates,insertion,1,ATTACK,True,1,ATTACK,1.0,0.8422201126813889,10,0.7429390113983287,0.6258942380692492,0.5121705763231421,0.11704477332907978,0.23076843507518674,0.12585634056191183,0.06122619667325313,-0.002958572150496358,0.6049299240112305,0.32549029305577276,0.2794396309554577,9.2,9.2,trapezoid_from_zero_normalized_by_max_fraction
ton_iot_binary,46,rid_5654332763228cdbe941f6291bdfd98f,mlp,gradient_x_input,conditional_gaussian_draw,conditional_on_retained_coordinates,insertion,0,BENIGN,True,0,BENIGN,0.9989368952810764,0.1567167825996875,10,-0.3761420858092606,-0.49296167009909087,-0.4637998169678287,0.11681958428983023,0.08765773115856806,0.11528876118780407,0.055119318930834875,0.008785719185393878,0.35543984174728394,0.29485557049512867,0.060584271252155264,9.2,9.2,trapezoid_from_zero_normalized_by_max_fraction
ton_iot_binary,46,rid_5ac6083d52d9128cc0c7879c86271a52,mlp,gradient_x_input,conditional_gaussian_draw,conditional_on_retained_coordinates,insertion,0,BENIGN,True,0,BENIGN,0.9999998398981234,0.1577797272167344,10,-0.4875683110391037,-0.33889944171377284,-0.48425247257263415,-0.14866886932533085,-0.0033158384664695173,0.11084510243337065,0.05393831914914374,-0.2543879748576526,0.20309479534626007,0.2393215849995613,-0.03622678965330123,9.2,9.2,trapezoid_from_zero_normalized_by_max_fraction
ton_iot_binary,46,rid_63700775accb259980416d6c21c2b49b,mlp,gradient_x_input,conditional_gaussian_draw,conditional_on_retained_coordinates,insertion,0,BENIGN,True,0,BENIGN,0.9846601188182832,0.1424400061368942,10,0.002458892552067482,-0.09973826002096756,-0.2306379098786882,0.10219715257303505,0.23309680243075567,0.03944981537080099,0.020616235990716377,0.06178933003123095,5.656754493713379,2.875845923423767,2.7809085702896117,9.2,9.2,trapezoid_from_zero_normalized_by_max_fraction
ton_iot_binary,46,rid_7a46b2fad8b34e52ccbe406dfdd6c1b4,mlp,gradient_x_input,conditional_gaussian_draw,conditional_on_retained_coordinates,insertion,0,BENIGN,True,0,BENIGN,0.9999908878262432,0.1577707751448542,10,-0.32077151061967013,-0.4367261759205421,-0.5283631121188923,0.1159546653008719,0.20759160149922207,0.11950202547033405,0.056317630857656086,0.005572108819865973,0.32319211959838867,0.2630811952054501,0.06011092439293858,9.2,9.2,trapezoid_from_zero_normalized_by_max_fraction
ton_iot_binary,46,rid_1a518cad6906e59db9ffc85d6011041a,mlp,gradient_x_input,conditional_gaussian_draw,conditional_on_retained_coordinates,insertion,0,BENIGN,True,0,BENIGN,0.999948257671349,0.15772814498996,10,-0.3659781404770911,-0.4027894833984584,-0.5458578559136709,0.03681134292136731,0.1798797154365798,0.11425517107269334,0.055048992264754265,-0.07108468191755105,0.3472145199775696,0.25320754960179326,0.09400697037577632,9.2,9.2,trapezoid_from_zero_normalized_by_max_fraction
ton_iot_binary,46,rid_3c11ba6c875c6b422b5beb6a9c1cf647,mlp,gradient_x_input,conditional_gaussian_draw,conditional_on_retained_coordinates,insertion,1,ATTACK,True,1,ATTACK,0.99996680021286,0.842186912894249,10,0.6894621660001576,0.6072060694094399,0.49798755125234023,0.08225609659071778,0.19147461474781738,0.11547111756023812,0.05579052801947183,-0.02709333832744701,0.3236963152885437,0.45769646570086475,-0.13400015041232105,9.2,9.2,trapezoid_from_zero_normalized_by_max_fraction
ton_iot_binary,46,rid_72bbb8e961a8c932da072f79827d67c4,mlp,gradient_x_input,conditional_gaussian_draw,conditional_on_retained_coordinates,insertion,0,BENIGN,True,0,BENIGN,0.9999999811045336,0.1577798684231445,10,-0.21210835277132672,-0.4290418696085938,-0.4100259013859582,0.21693351683726703,0.19791754861463146,0.12310192661503903,0.057747364930603964,0.10374868157328326,0.15553908050060272,0.19550324380397796,-0.03996416330337524,9.2,9.2,trapezoid_from_zero_normalized_by_max_fraction
ton_iot_binary,46,rid_be2af7863764ca8a412b678f54301a22,mlp,gradient_x_input,conditional_gaussian_draw,conditional_on_retained_coordinates,insertion,0,BENIGN,True,0,BENIGN,0.99967631616164,0.157456203480251,10,-0.318369389558211,-0.37662987020063393,-0.5351931066819,0.05826048064242297,0.21682371712368906,0.11865069710283327,0.05605062000281886,-0.05159873456310198,0.3524271547794342,0.2984837207198143,0.05394343405961988,9.2,9.2,trapezoid_from_zero_normalized_by_max_fraction
ton_iot_binary,46,rid_505e152c3ef69a8f8e767b07816248d3,mlp,gradient_x_input,conditional_gaussian_draw,conditional_on_retained_coordinates,insertion,1,ATTACK,True,1,ATTACK,0.999967873096466,0.8421879857778549,10,0.6433474135585129,0.35648633842854416,0.34408502828010956,0.2868610751299688,0.2992623852784034,0.12471020919815992,0.059665706047204864,0.16991629127744723,1.3827838897705078,1.3085320901870727,0.07425179958343509,9.2,9.2,trapezoid_from_zero_normalized_by_max_fraction
ton_iot_binary,46,rid_30bff1125cda1c3988a046944ca3efb3,mlp,gradient_x_input,conditional_gaussian_draw,conditional_on_retained_coordinates,insertion,1,ATTACK,True,1,ATTACK,0.9995391964912416,0.8417593091726305,10,0.5200677619795897,0.3605023340794236,0.29390267332541287,0.15956542790016612,0.22616508865417684,0.11928517369719596,0.05540292667236981,0.050975691622321295,0.41763076186180115,0.49214435413479807,-0.07451359227299692,9.2,9.2,trapezoid_from_zero_normalized_by_max_fraction
ton_iot_binary,46,rid_9c888da59f61f2c2540b876846e0e6bf,mlp,gradient_x_input,conditional_gaussian_draw,conditional_on_retained_coordinates,insertion,1,ATTACK,True,1,ATTACK,0.9832900762557985,0.8255101889371874,10,0.14578293283121202,0.3721796920333254,0.3869655189245228,-0.22639675920211333,-0.24118258609331078,0.12986413603904437,0.061270371588441,-0.3464866875154577,1.379530906677246,1.3104418504238127,0.06908905625343342,9.2,9.2,trapezoid_from_zero_normalized_by_max_fraction
ton_iot_binary,46,rid_9c33cb19da563a668f713cb01c8cdbf1,mlp,gradient_x_input,conditional_gaussian_draw,conditional_on_retained_coordinates,insertion,1,ATTACK,True,1,ATTACK,0.9999985098838806,0.8422186225652695,10,0.4005243559367955,0.5337600890641283,0.4775569241959325,-0.1332357331273329,-0.07703256825913703,0.10557652771989867,0.05059199981221347,-0.23239605275927128,0.9902514219284058,0.9094355070590974,0.08081591486930839,9.2,9.2,trapezoid_from_zero_normalized_by_max_fraction
ton_iot_binary,46,rid_4bdac81e88e4e8c3a0632b0c9d67d421,mlp,gradient_x_input,conditional_gaussian_draw,conditional_on_retained_coordinates,insertion,1,ATTACK,True,1,ATTACK,0.9999990463256836,0.8422191590070724,10,0.710011061001569,0.440061664698816,0.5757245832035989,0.269949396302753,0.13428647779797015,0.12310035947828454,0.059412049531494746,0.15350177922102332,0.9482167959213257,0.9150422750413417,0.03317452087998396,9.2,9.2,trapezoid_from_zero_normalized_by_max_fraction
ton_iot_binary,46,rid_435881a1379124d28c655ee245760977,mlp,gradient_x_input,conditional_gaussian_draw,conditional_on_retained_coordinates,insertion,0,BENIGN,True,0,BENIGN,0.9999950881128824,0.1577749754314936,10,-0.068536572766061,-0.09139537699708648,-0.3537916181193759,0.022858804231025473,0.2852550453533149,0.04014205447318668,0.025407795744851323,-0.026940475428883122,1.2639586925506592,1.1158722400665284,0.14808645248413077,9.2,9.2,trapezoid_from_zero_normalized_by_max_fraction
ton_iot_binary,46,rid_485f8b3f726a9fbc91128993da261e64,mlp,gradient_x_input,conditional_gaussian_draw,conditional_on_retained_coordinates,insertion,1,ATTACK,True,1,ATTACK,0.9993459582328796,0.8415660709142685,10,0.5493308094330132,0.5295870905582586,0.41141934558371557,0.019743718874754665,0.13791146384929764,0.12542227833420724,0.05855803617864502,-0.09503003203538958,0.969632625579834,0.9005923458933831,0.06904027968645088,9.2,9.2,trapezoid_from_zero_normalized_by_max_fraction
ton_iot_binary,46,rid_f0c76c1ef3adf56e3915b11c7d28c607,mlp,gradient_x_input,nearest_neighbour_donor,nonparametric_conditional,deletion,1,ATTACK,True,1,ATTACK,1.0,0.8422201126813889,10,0.8116448264569044,0.1862069856002927,0.05729727163910865,0.6254378408566117,0.7543475548177958,0.09027487918808001,0.05695963008143267,0.5137969658970036,0.6760374903678894,0.341744194328785,0.3342932960391044,9.2,9.2,trapezoid_from_zero_normalized_by_max_fraction
ton_iot_binary,46,rid_5654332763228cdbe941f6291bdfd98f,mlp,gradient_x_input,nearest_neighbour_donor,nonparametric_conditional,deletion,0,BENIGN,True,0,BENIGN,0.9989368952810764,0.1567167825996875,10,-0.00022792393283452842,-0.0005322892401954959,-0.00016726635369650466,0.00030436530736096753,-6.065757913802371e-05,0.00010788017525067243,5.6394344866470446e-05,0.00019383239142268545,0.2712942957878113,0.2273581724613905,0.04393612332642077,9.2,9.2,trapezoid_from_zero_normalized_by_max_fraction
ton_iot_binary,46,rid_5ac6083d52d9128cc0c7879c86271a52,mlp,gradient_x_input,nearest_neighbour_donor,nonparametric_conditional,deletion,0,BENIGN,True,0,BENIGN,0.9999998398981234,0.1577797272167344,10,4.5015638932e-07,4.832378386367964e-06,1.4182645230675915e-06,-4.3822219970479635e-06,-9.681081337475916e-07,1.8721428452096607e-06,9.96904831999092e-07,-6.3361554677661836e-06,0.1480841189622879,0.158739999756217,-0.010655880793929096,9.2,9.2,trapezoid_from_zero_normalized_by_max_fraction
ton_iot_binary,46,rid_63700775accb259980416d6c21c2b49b,mlp,gradient_x_input,nearest_neighbour_donor,nonparametric_conditional,deletion,0,BENIGN,True,0,BENIGN,0.9846601188182832,0.1424400061368942,10,0.0005688444245606661,-0.0005308917793445289,0.00024370017927139999,0.001099736203905195,0.0003251442452892661,0.0009785781064359847,0.000640738069612881,-0.00015611041253605165,5.6673078536987305,3.2899715542793273,2.377336299419403,9.2,9.2,trapezoid_from_zero_normalized_by_max_fraction
ton_iot_binary,46,rid_7a46b2fad8b34e52ccbe406dfdd6c1b4,mlp,gradient_x_input,nearest_neighbour_donor,nonparametric_conditional,deletion,0,BENIGN,True,0,BENIGN,0.9999908878262432,0.1577707751448542,10,-6.974972689022253e-06,1.639265055928263e-06,-2.0995006411794745e-06,-8.614237744950514e-06,-4.875472047842777e-06,1.185852921257384e-06,6.713180335134987e-07,-9.930021090636971e-06,0.24202601611614227,0.19975739821791652,0.04226861789822575,9.2,9.2,trapezoid_from_zero_normalized_by_max_fraction
ton_iot_binary,46,rid_1a518cad6906e59db9ffc85d6011041a,mlp,gradient_x_input,nearest_neighbour_donor,nonparametric_conditional,deletion,0,BENIGN,True,0,BENIGN,0.999948257671349,0.15772814498996,10,-4.8499978302629645e-05,-2.4078881535842813e-05,-1.6101684544480576e-05,-2.4421096766786833e-05,-3.239829375814907e-05,5.446036533641885e-06,2.674862591853548e-06,-2.9663827446819786e-05,0.2625272870063782,0.1955223162472248,0.06700497075915338,9.2,9.2,trapezoid_from_zero_normalized_by_max_fraction
ton_iot_binary,46,rid_3c11ba6c875c6b422b5beb6a9c1cf647,mlp,gradient_x_input,nearest_neighbour_donor,nonparametric_conditional,deletion,1,ATTACK,True,1,ATTACK,0.99996680021286,0.842186912894249,10,-1.251101493835449e-05,0.09000744181844765,5.124807357788085e-06,-0.09001995283338601,-1.7635822296142578e-05,0.06054701952421564,0.042814529379174016,-0.1739364304165671,0.30538856983184814,0.5115718278288841,-0.20618325799703596,9.2,9.2,trapezoid_from_zero_normalized_by_max_fraction
ton_iot_binary,46,rid_72bbb8e961a8c932da072f79827d67c4,mlp,gradient_x_input,nearest_neighbour_donor,nonparametric_conditional,deletion,0,BENIGN,True,0,BENIGN,0.9999999811045336,0.1577798684231445,10,2.8637834859068787e-08,4.970668313877269e-06,1.358221536937876e-06,-4.9420304790182e-06,-1.329583702078807e-06,1.7013854887312387e-06,1.0074493256577875e-06,-6.916631157307463e-06,0.11201498657464981,0.12318600974977016,-0.011171023175120351,9.2,9.2,trapezoid_from_zero_normalized_by_max_fraction
ton_iot_binary,46,rid_be2af7863764ca8a412b678f54301a22,mlp,gradient_x_input,nearest_neighbour_donor,nonparametric_conditional,deletion,0,BENIGN,True,0,BENIGN,0.99967631616164,0.157456203480251,10,-0.00030749925736597297,0.01978328160918789,-6.709880986239815e-05,-0.02009078086655386,-0.0002404004475035748,0.020022217667572176,0.019998985085377105,-0.05928879163389299,0.26828157901763916,0.20177575148642063,0.06650582753121853,9.2,9.2,trapezoid_from_zero_normalized_by_max_fraction
ton_iot_binary,46,rid_505e152c3ef69a8f8e767b07816248d3,mlp,gradient_x_input,nearest_neighbour_donor,nonparametric_conditional,deletion,1,ATTACK,True,1,ATTACK,0.999967873096466,0.8421879857778549,10,0.44441516014934157,0.41636912855513214,0.3137172811497789,0.028046031594209347,0.1306978789995626,0.1272190746758825,0.06148952311679907,-0.09247343371471682,1.3945589065551758,1.3837782788276671,0.010780627727508652,9.2,9.2,trapezoid_from_zero_normalized_by_max_fraction
ton_iot_binary,46,rid_30bff1125cda1c3988a046944ca3efb3,mlp,gradient_x_input,nearest_neighbour_donor,nonparametric_conditional,deletion,1,ATTACK,True,1,ATTACK,0.9995391964912416,0.8417593091726305,10,0.8573687534313649,0.3665116899069108,0.274533618032292,0.49085706352445413,0.5828351353990728,0.11363938666042722,0.0600155482483136,0.37322658895775945,0.3963443636894226,0.4955792016535998,-0.0992348379641772,9.2,9.2,trapezoid_from_zero_normalized_by_max_fraction
ton_iot_binary,46,rid_9c888da59f61f2c2540b876846e0e6bf,mlp,gradient_x_input,nearest_neighbour_donor,nonparametric_conditional,deletion,1,ATTACK,True,1,ATTACK,0.9832900762557985,0.8255101889371874,10,0.3922991925612223,0.4538457860013446,0.42816723842766613,-0.06154659344012231,-0.035868045866443835,0.10893391235037647,0.05033027340004775,-0.1601939293042159,1.388775110244751,1.3745894384384156,0.014185671806335343,9.2,9.2,trapezoid_from_zero_normalized_by_max_fraction
ton_iot_binary,46,rid_9c33cb19da563a668f713cb01c8cdbf1,mlp,gradient_x_input,nearest_neighbour_donor,nonparametric_conditional,deletion,1,ATTACK,True,1,ATTACK,0.9999985098838806,0.8422186225652695,10,0.15045699775218963,0.46065918321721255,0.3437252845801413,-0.3102021854650229,-0.19326828682795166,0.08045487789310243,0.03956310387722697,-0.38774586906438774,0.9976315498352051,0.9369172656536102,0.06071428418159486,9.2,9.2,trapezoid_from_zero_normalized_by_max_fraction
ton_iot_binary,46,rid_4bdac81e88e4e8c3a0632b0c9d67d421,mlp,gradient_x_input,nearest_neighbour_donor,nonparametric_conditional,deletion,1,ATTACK,True,1,ATTACK,0.9999990463256836,0.8422191590070724,10,0.3408980131149292,0.24468202807474881,0.10496123567223549,0.0962159850401804,0.2359367774426937,0.06979592644163748,0.04408313099854104,0.009813048283039971,0.9509274363517761,0.8391125990450382,0.11181483730673791,9.2,9.2,trapezoid_from_zero_normalized_by_max_fraction
ton_iot_binary,46,rid_435881a1379124d28c655ee245760977,mlp,gradient_x_input,nearest_neighbour_donor,nonparametric_conditional,deletion,0,BENIGN,True,0,BENIGN,0.9999950881128824,0.1577749754314936,10,0.24090861192767077,0.21794859430180025,0.0803391484754502,0.022960017625870535,0.16056946345222056,0.08878387756807593,0.054232060427983016,-0.08333482081297618,1.3452186584472656,1.1350344574451445,0.2101842010021211,9.2,9.2,trapezoid_from_zero_normalized_by_max_fraction
ton_iot_binary,46,rid_485f8b3f726a9fbc91128993da261e64,mlp,gradient_x_input,nearest_neighbour_donor,nonparametric_conditional,deletion,1,ATTACK,True,1,ATTACK,0.9993459582328796,0.8415660709142685,10,0.26783598214387894,0.12945395797491074,0.055909157395362855,0.1383820241689682,0.21192682474851607,0.0323906286391228,0.02358861168271663,0.0921483452708436,0.9582894444465637,0.8874407383054495,0.07084870614111427,9.2,9.2,trapezoid_from_zero_normalized_by_max_fraction
ton_iot_binary,46,rid_f0c76c1ef3adf56e3915b11c7d28c607,mlp,gradient_x_input,nearest_neighbour_donor,nonparametric_conditional,insertion,1,ATTACK,True,1,ATTACK,1.0,0.8422201126813889,10,0.9451555045787245,0.8333074405747221,0.561660033991252,0.11184806400400249,0.3834954705874725,0.058303043463677005,0.03394786443854846,0.04531024970444751,0.6760374903678894,0.341744194328785,0.3342932960391044,9.2,9.2,trapezoid_from_zero_normalized_by_max_fraction
ton_iot_binary,46,rid_5654332763228cdbe941f6291bdfd98f,mlp,gradient_x_input,nearest_neighbour_donor,nonparametric_conditional,insertion,0,BENIGN,True,0,BENIGN,0.9989368952810764,0.1567167825996875,10,0.003799854044336826,0.003998585237868611,0.00449369870980263,-0.00019873119353178487,-0.0006938446654658039,6.359200794593166e-05,3.261378233565222e-05,-0.0002626542069096632,0.2712942957878113,0.2273581724613905,0.04393612332642077,9.2,9.2,trapezoid_from_zero_normalized_by_max_fraction
ton_iot_binary,46,rid_5ac6083d52d9128cc0c7879c86271a52,mlp,gradient_x_input,nearest_neighbour_donor,nonparametric_conditional,insertion,0,BENIGN,True,0,BENIGN,0.9999998398981234,0.1577797272167344,10,0.004842802322417582,0.00484115986061937,0.004834830847001683,1.6424617982125236e-06,7.971475415899982e-06,1.354691836858444e-06,7.892298699749001e-07,9.557125306171947e-08,0.1480841189622879,0.158739999756217,-0.010655880793929096,9.2,9.2,trapezoid_from_zero_normalized_by_max_fraction
ton_iot_binary,46,rid_63700775accb259980416d6c21c2b49b,mlp,gradient_x_input,nearest_neighbour_donor,nonparametric_conditional,insertion,0,BENIGN,True,0,BENIGN,0.9846601188182832,0.1424400061368942,10,-0.010241688555106522,-0.009723053259717744,-0.010066516287929518,-0.000518635295388776,-0.00017517226717700374,0.0005673873544705408,0.0003277615188515081,-0.001161047872337732,5.6673078536987305,3.2899715542793273,2.377336299419403,9.2,9.2,trapezoid_from_zero_normalized_by_max_fraction
ton_iot_binary,46,rid_7a46b2fad8b34e52ccbe406dfdd6c1b4,mlp,gradient_x_input,nearest_neighbour_donor,nonparametric_conditional,insertion,0,BENIGN,True,0,BENIGN,0.9999908878262432,0.1577707751448542,10,0.004837552354683795,0.004836742952461464,0.004833705689741237,8.094022223304083e-07,3.84666494255728e-06,9.89965677711131e-07,4.970614289940421e-07,-1.6483817849791423e-07,0.24202601611614227,0.19975739821791652,0.04226861789822575,9.2,9.2,trapezoid_from_zero_normalized_by_max_fraction
ton_iot_binary,46,rid_1a518cad6906e59db9ffc85d6011041a,mlp,gradient_x_input,nearest_neighbour_donor,nonparametric_conditional,insertion,0,BENIGN,True,0,BENIGN,0.999948257671349,0.15772814498996,10,0.004801604972453789,-0.1301853501988353,-0.07518199183396604,0.13498695517128909,0.07998359680641982,0.08924065323357808,0.04573315406045517,0.04534997321279696,0.2625272870063782,0.1955223162472248,0.06700497075915338,9.2,9.2,trapezoid_from_zero_normalized_by_max_fraction
ton_iot_binary,46,rid_3c11ba6c875c6b422b5beb6a9c1cf647,mlp,gradient_x_input,nearest_neighbour_donor,nonparametric_conditional,insertion,1,ATTACK,True,1,ATTACK,0.99996680021286,0.842186912894249,10,0.8451161811433849,0.8573266993367011,0.6951350541035846,-0.012210518193316259,0.1499811270398004,0.03494881694308343,0.024967948619059262,-0.06114769748667241,0.30538856983184814,0.5115718278288841,-0.20618325799703596,9.2,9.2,trapezoid_from_zero_normalized_by_max_fraction
ton_iot_binary,46,rid_72bbb8e961a8c932da072f79827d67c4,mlp,gradient_x_input,nearest_neighbour_donor,nonparametric_conditional,insertion,0,BENIGN,True,0,BENIGN,0.9999999811045336,0.1577798684231445,10,0.004840717060827693,0.00483940332151743,0.004836383656937695,1.3137393102624975e-06,4.333403889997863e-06,1.562794818889147e-06,8.31584589164426e-07,-3.161664844997774e-07,0.11201498657464981,0.12318600974977016,-0.011171023175120351,9.2,9.2,trapezoid_from_zero_normalized_by_max_fraction
ton_iot_binary,46,rid_be2af7863764ca8a412b678f54301a22,mlp,gradient_x_input,nearest_neighbour_donor,nonparametric_conditional,insertion,0,BENIGN,True,0,BENIGN,0.99967631616164,0.157456203480251,10,0.00449376082397066,-0.020397982120207173,-0.09024606206899748,0.02489174294417783,0.09473982289296815,0.02501566666236754,0.018024859983828224,-0.010436982624125488,0.26828157901763916,0.20177575148642063,0.06650582753121853,9.2,9.2,trapezoid_from_zero_normalized_by_max_fraction
ton_iot_binary,46,rid_505e152c3ef69a8f8e767b07816248d3,mlp,gradient_x_input,nearest_neighbour_donor,nonparametric_conditional,insertion,1,ATTACK,True,1,ATTACK,0.999967873096466,0.8421879857778549,10,0.8117215516511351,0.6096944039722807,0.3070915499577065,0.20202714767885435,0.5046300016934286,0.09480621741612034,0.04870053378378015,0.10657410146264526,1.3945589065551758,1.3837782788276671,0.010780627727508652,9.2,9.2,trapezoid_from_zero_normalized_by_max_fraction
ton_iot_binary,46,rid_30bff1125cda1c3988a046944ca3efb3,mlp,gradient_x_input,nearest_neighbour_donor,nonparametric_conditional,insertion,1,ATTACK,True,1,ATTACK,0.9995391964912416,0.8417593091726305,10,0.4687719591020141,0.3798892878752963,0.2513777155306509,0.08888267122671778,0.21739424357136317,0.10564886795181502,0.05307274401831037,-0.01513990704917055,0.3963443636894226,0.4955792016535998,-0.0992348379641772,9.2,9.2,trapezoid_from_zero_normalized_by_max_fraction
ton_iot_binary,46,rid_9c888da59f61f2c2540b876846e0e6bf,mlp,gradient_x_input,nearest_neighbour_donor,nonparametric_conditional,insertion,1,ATTACK,True,1,ATTACK,0.9832900762557985,0.8255101889371874,10,0.579026192634307,0.23721839716252463,0.3587437085122341,0.34180779547178247,0.22028248412207296,0.10197127185952079,0.05229540563513279,0.2393088004269222,1.388775110244751,1.3745894384384156,0.014185671806335343,9.2,9.2,trapezoid_from_zero_normalized_by_max_fraction
ton_iot_binary,46,rid_9c33cb19da563a668f713cb01c8cdbf1,mlp,gradient_x_input,nearest_neighbour_donor,nonparametric_conditional,insertion,1,ATTACK,True,1,ATTACK,0.9999985098838806,0.8422186225652695,10,0.18455658585298806,0.4524004910048268,0.355623716542795,-0.26784390515183876,-0.17106713068980695,0.1071158132958279,0.05167882555644352,-0.36913440324246805,0.9976315498352051,0.9369172656536102,0.06071428418159486,9.2,9.2,trapezoid_from_zero_normalized_by_max_fraction
ton_iot_binary,46,rid_4bdac81e88e4e8c3a0632b0c9d67d421,mlp,gradient_x_input,nearest_neighbour_donor,nonparametric_conditional,insertion,1,ATTACK,True,1,ATTACK,0.9999990463256836,0.8422191590070724,10,0.5704092691186815,0.5538064683491217,0.29169402035737335,0.016602800769559868,0.2787152487613082,0.09043618588148013,0.04795830003562132,-0.07739546730025793,0.9509274363517761,0.8391125990450382,0.11181483730673791,9.2,9.2,trapezoid_from_zero_normalized_by_max_fraction
ton_iot_binary,46,rid_435881a1379124d28c655ee245760977,mlp,gradient_x_input,nearest_neighbour_donor,nonparametric_conditional,insertion,0,BENIGN,True,0,BENIGN,0.9999950881128824,0.1577749754314936,10,-0.13805710909587107,-0.05685385885476103,-0.2616261940057531,-0.08120325024111003,0.12356908490988205,0.03213283537841116,0.021099114162981592,-0.12255751400055395,1.3452186584472656,1.1350344574451445,0.2101842010021211,9.2,9.2,trapezoid_from_zero_normalized_by_max_fraction
ton_iot_binary,46,rid_485f8b3f726a9fbc91128993da261e64,mlp,gradient_x_input,nearest_neighbour_donor,nonparametric_conditional,insertion,1,ATTACK,True,1,ATTACK,0.9993459582328796,0.8415660709142685,10,0.8366025815252214,0.6300226052048674,0.6770612791853636,0.20657997632035402,0.1595413023398578,0.11110485999051264,0.05224363685187925,0.10418244809067069,0.9582894444465637,0.8874407383054495,0.07084870614111427,9.2,9.2,trapezoid_from_zero_normalized_by_max_fraction
ton_iot_binary,46,rid_f0c76c1ef3adf56e3915b11c7d28c607,mlp,gradient_x_input,correlation_group_median,group_wise,deletion,1,ATTACK,True,1,ATTACK,1.0,0.8422201126813889,50,0.3084926169249229,0.3095582837760874,0.280926957153098,-0.0010656668511644651,0.02756565977182486,0.044439936103704565,0.023622195696856377,-0.047365170417002965,0.5402785539627075,0.6578317634165287,-0.1175532094538212,15.2,13.303999999999998,trapezoid_from_zero_normalized_by_max_fraction
ton_iot_binary,46,rid_5654332763228cdbe941f6291bdfd98f,mlp,gradient_x_input,correlation_group_median,group_wise,deletion,0,BENIGN,True,0,BENIGN,0.9989368952810764,0.1567167825996875,50,0.7252287484840054,0.42083335413519585,0.45472562085145274,0.30439539434880947,0.2705031276325526,0.0609082558947001,0.029077621502371368,0.2474032562041616,0.08501344174146652,0.20709585114195944,-0.12208240940049292,14.6,13.02,trapezoid_from_zero_normalized_by_max_fraction
ton_iot_binary,46,rid_5ac6083d52d9128cc0c7879c86271a52,mlp,gradient_x_input,correlation_group_median,group_wise,deletion,0,BENIGN,True,0,BENIGN,0.9999998398981234,0.1577797272167344,50,0.6684723708691365,0.49665380142093474,0.41412797614341257,0.17181856944820173,0.2543443947257239,0.04552254522147986,0.02365249767065581,0.12545967401371633,0.0792996808886528,0.12352973794937132,-0.04423005706071852,14.0,12.504,trapezoid_from_zero_normalized_by_max_fraction
ton_iot_binary,46,rid_63700775accb259980416d6c21c2b49b,mlp,gradient_x_input,correlation_group_median,group_wise,deletion,0,BENIGN,True,0,BENIGN,0.9846601188182832,0.1424400061368942,50,0.42464921176433557,0.33204729687020884,0.18274565250492425,0.09260191489412681,0.2419035592594114,0.04462353972366362,0.02153432561841252,0.05039463668203827,3.5360710620880127,1.9600745034217835,1.5759965586662292,13.0,11.144,trapezoid_from_zero_normalized_by_max_fraction
ton_iot_binary,46,rid_7a46b2fad8b34e52ccbe406dfdd6c1b4,mlp,gradient_x_input,correlation_group_median,group_wise,deletion,0,BENIGN,True,0,BENIGN,0.9999908878262432,0.1577707751448542,50,0.6214693879056994,0.17384088948975657,0.46458118644416935,0.4476284984159428,0.1568882014615301,0.03683289241157241,0.021425029336882725,0.4056354409156527,0.039174843579530716,0.06547872250230284,-0.026303878922772125,12.4,11.892,trapezoid_from_zero_normalized_by_max_fraction
ton_iot_binary,46,rid_1a518cad6906e59db9ffc85d6011041a,mlp,gradient_x_input,correlation_group_median,group_wise,deletion,0,BENIGN,True,0,BENIGN,0.999948257671349,0.15772814498996,50,0.73069202069928,0.4372310091067548,0.4573722294757381,0.2934610115925252,0.2733197912235419,0.059003518225783716,0.02800725929208602,0.2385667833800366,0.07124651968479156,0.17017231711372732,-0.09892579742893576,14.6,12.723999999999998,trapezoid_from_zero_normalized_by_max_fraction
ton_iot_binary,46,rid_3c11ba6c875c6b422b5beb6a9c1cf647,mlp,gradient_x_input,correlation_group_median,group_wise,deletion,1,ATTACK,True,1,ATTACK,0.99996680021286,0.842186912894249,50,0.4458745509383656,0.4307241497261872,0.39216734849816426,0.015150401212178338,0.053707202440201315,0.046461996673833446,0.024221662733194635,-0.032324057744883145,0.33303093910217285,0.724473171800375,-0.3914422326982021,15.6,13.831999999999999,trapezoid_from_zero_normalized_by_max_fraction
ton_iot_binary,46,rid_72bbb8e961a8c932da072f79827d67c4,mlp,gradient_x_input,correlation_group_median,group_wise,deletion,0,BENIGN,True,0,BENIGN,0.9999999811045336,0.1577798684231445,50,0.6676281335004957,0.4489887484856541,0.39262625765089204,0.2186393850148415,0.27500187584960356,0.03535130640872172,0.019849437998417877,0.17973448653794247,0.0680406466126442,0.08880242857336998,-0.020761781960725784,16.6,15.264,trapezoid_from_zero_normalized_by_max_fraction
ton_iot_binary,46,rid_be2af7863764ca8a412b678f54301a22,mlp,gradient_x_input,correlation_group_median,group_wise,deletion,0,BENIGN,True,0,BENIGN,0.99967631616164,0.157456203480251,50,0.7170067082361129,0.4229710447321513,0.46146488581178163,0.2940356635039616,0.25554182242433127,0.0611049983615094,0.029052903049768816,0.23709197352641473,0.0791826918721199,0.1590986567735672,-0.07991596490144728,14.6,13.056000000000001,trapezoid_from_zero_normalized_by_max_fraction
ton_iot_binary,46,rid_505e152c3ef69a8f8e767b07816248d3,mlp,gradient_x_input,correlation_group_median,group_wise,deletion,1,ATTACK,True,1,ATTACK,0.999967873096466,0.8421879857778549,50,0.2692109535848431,0.19536409186640288,0.1953939748745843,0.07384686171844021,0.07381697871025879,0.02598214278479063,0.014987665664524575,0.04447103701597205,0.9243887066841125,0.7359873172044754,0.18840138947963714,13.4,13.707999999999998,trapezoid_from_zero_normalized_by_max_fraction
ton_iot_binary,46,rid_30bff1125cda1c3988a046944ca3efb3,mlp,gradient_x_input,correlation_group_median,group_wise,deletion,1,ATTACK,True,1,ATTACK,0.9995391964912416,0.8417593091726305,50,0.05627570450305939,0.05583394986391067,0.2138696119086817,0.0004417546391487087,-0.15759390740562232,0.007009390052405053,0.0036716596688572377,-0.006754698311811477,0.17937782406806946,0.2171358478665352,-0.03775802379846574,13.2,13.716,trapezoid_from_zero_normalized_by_max_fraction
ton_iot_binary,46,rid_9c888da59f61f2c2540b876846e0e6bf,mlp,gradient_x_input,correlation_group_median,group_wise,deletion,1,ATTACK,True,1,ATTACK,0.9832900762557985,0.8255101889371874,50,0.15478774583607446,0.2665755530304287,0.27293363952413063,-0.11178780719435415,-0.11814589368805618,0.02482610028339332,0.014245053575750186,-0.1397081122028245,0.9730069041252136,0.7650701375007629,0.2079367666244507,15.2,15.644,trapezoid_from_zero_normalized_by_max_fraction
ton_iot_binary,46,rid_9c33cb19da563a668f713cb01c8cdbf1,mlp,gradient_x_input,correlation_group_median,group_wise,deletion,1,ATTACK,True,1,ATTACK,0.9999985098838806,0.8422186225652695,50,0.21284858286380764,0.20103999003767967,0.13246935500204562,0.011808592826127994,0.08037922786176205,0.01564428791312532,0.008829871101820631,-0.005497954533440442,0.865822434425354,0.8611251057386399,0.004697328686714131,16.6,14.772,trapezoid_from_zero_normalized_by_max_fraction
ton_iot_binary,46,rid_4bdac81e88e4e8c3a0632b0c9d67d421,mlp,gradient_x_input,correlation_group_median,group_wise,deletion,1,ATTACK,True,1,ATTACK,0.9999990463256836,0.8422191590070724,50,0.02946402430534363,0.20884067797660827,0.19235490736365318,-0.17937665367126465,-0.16289088305830954,0.03584707645734136,0.017949386195988667,-0.21455745061540243,0.8486178517341614,0.7366317090392112,0.11198614269495022,16.4,14.280000000000001,trapezoid_from_zero_normalized_by_max_fraction
ton_iot_binary,46,rid_435881a1379124d28c655ee245760977,mlp,gradient_x_input,correlation_group_median,group_wise,deletion,0,BENIGN,True,0,BENIGN,0.9999950881128824,0.1577749754314936,50,0.7140074763505709,0.49222934138313756,0.3449522921725875,0.2217781349674333,0.36905518417798333,0.044971231668908165,0.025022594361947134,0.17273385001801692,1.4416224956512451,1.6964574542045594,-0.2548349585533143,14.8,11.868,trapezoid_from_zero_normalized_by_max_fraction
ton_iot_binary,46,rid_485f8b3f726a9fbc91128993da261e64,mlp,gradient_x_input,correlation_group_median,group_wise,deletion,1,ATTACK,True,1,ATTACK,0.9993459582328796,0.8415660709142685,50,0.08541654646396636,0.18810016400367022,0.1652218156158924,-0.10268361753970384,-0.07980526915192604,0.031691451137374795,0.01649986981629961,-0.13502336237965107,0.6764174699783325,0.6235687000378967,0.05284876994043586,14.8,14.187999999999999,trapezoid_from_zero_normalized_by_max_fraction
ton_iot_binary,46,rid_f0c76c1ef3adf56e3915b11c7d28c607,mlp,gradient_x_input,correlation_group_median,group_wise,insertion,1,ATTACK,True,1,ATTACK,1.0,0.8422201126813889,50,-0.11823783218860626,-0.17544806221081538,-0.18309290162786865,0.057210230022209145,0.06485506943926239,0.042784666768520635,0.022850469999501025,0.012423308823187137,0.5402785539627075,0.6578317634165287,-0.1175532094538212,15.2,13.303999999999998,trapezoid_from_zero_normalized_by_max_fraction
ton_iot_binary,46,rid_5654332763228cdbe941f6291bdfd98f,mlp,gradient_x_input,correlation_group_median,group_wise,insertion,0,BENIGN,True,0,BENIGN,0.9989368952810764,0.1567167825996875,50,0.7912277722731232,0.44208842574223856,0.468937039552784,0.34913934653088474,0.32229073272033926,0.060495138952531086,0.028979092429277604,0.2923403253695006,0.08501344174146652,0.20709585114195944,-0.12208240940049292,14.6,13.02,trapezoid_from_zero_normalized_by_max_fraction
ton_iot_binary,46,rid_5ac6083d52d9128cc0c7879c86271a52,mlp,gradient_x_input,correlation_group_median,group_wise,insertion,0,BENIGN,True,0,BENIGN,0.9999998398981234,0.1577797272167344,50,0.7522234321216743,0.6896006749651857,0.5674252434936833,0.06262275715648852,0.18479818862799102,0.025417631784747652,0.012998741615039661,0.03714522359101079,0.0792996808886528,0.12352973794937132,-0.04423005706071852,14.0,12.504,trapezoid_from_zero_normalized_by_max_fraction
ton_iot_binary,46,rid_63700775accb259980416d6c21c2b49b,mlp,gradient_x_input,correlation_group_median,group_wise,insertion,0,BENIGN,True,0,BENIGN,0.9846601188182832,0.1424400061368942,50,0.8478195969015361,0.7225346020877841,0.7091053407301888,0.12528499481375183,0.1387142561713472,0.0283293522846269,0.013136591778823786,0.09953727492725721,3.5360710620880127,1.9600745034217835,1.5759965586662292,13.0,11.144,trapezoid_from_zero_normalized_by_max_fraction
ton_iot_binary,46,rid_7a46b2fad8b34e52ccbe406dfdd6c1b4,mlp,gradient_x_input,correlation_group_median,group_wise,insertion,0,BENIGN,True,0,BENIGN,0.9999908878262432,0.1577707751448542,50,0.6687193845242291,0.21879706647413333,0.5126175243617026,0.4499223180500957,0.15610186016252642,0.038946469996023414,0.022661700901587156,0.4055053842829849,0.039174843579530716,0.06547872250230284,-0.026303878922772125,12.4,11.892,trapezoid_from_zero_normalized_by_max_fraction
ton_iot_binary,46,rid_1a518cad6906e59db9ffc85d6011041a,mlp,gradient_x_input,correlation_group_median,group_wise,insertion,0,BENIGN,True,0,BENIGN,0.999948257671349,0.15772814498996,50,0.8090910201768565,0.48497279202929533,0.48703385977161995,0.32411822814756125,0.3220571604052366,0.058789171844966404,0.028004902118625233,0.2692286199950558,0.07124651968479156,0.17017231711372732,-0.09892579742893576,14.6,12.723999999999998,trapezoid_from_zero_normalized_by_max_fraction
ton_iot_binary,46,rid_3c11ba6c875c6b422b5beb6a9c1cf647,mlp,gradient_x_input,correlation_group_median,group_wise,insertion,1,ATTACK,True,1,ATTACK,0.99996680021286,0.842186912894249,50,0.032286730408668515,-0.40150829124538784,-0.3746716184348881,0.43379502165405637,0.40695834884355664,0.043708030604924335,0.02335903436086908,0.38801131430675295,0.33303093910217285,0.724473171800375,-0.3914422326982021,15.6,13.831999999999999,trapezoid_from_zero_normalized_by_max_fraction
ton_iot_binary,46,rid_72bbb8e961a8c932da072f79827d67c4,mlp,gradient_x_input,correlation_group_median,group_wise,insertion,0,BENIGN,True,0,BENIGN,0.9999999811045336,0.1577798684231445,50,0.6824218804496098,0.7307919412227417,0.6467649297221134,-0.04837006077313184,0.03565695072749645,0.013092015351117089,0.008679894122308206,-0.06538265325285593,0.0680406466126442,0.08880242857336998,-0.020761781960725784,16.6,15.264,trapezoid_from_zero_normalized_by_max_fraction
ton_iot_binary,46,rid_be2af7863764ca8a412b678f54301a22,mlp,gradient_x_input,correlation_group_median,group_wise,insertion,0,BENIGN,True,0,BENIGN,0.99967631616164,0.157456203480251,50,0.8026432155631482,0.4598639123279208,0.48524206130665515,0.34277930323522743,0.31740115425649307,0.06057954502141982,0.02868780094956718,0.28655121337407574,0.0791826918721199,0.1590986567735672,-0.07991596490144728,14.6,13.056000000000001,trapezoid_from_zero_normalized_by_max_fraction
ton_iot_binary,46,rid_505e152c3ef69a8f8e767b07816248d3,mlp,gradient_x_input,correlation_group_median,group_wise,insertion,1,ATTACK,True,1,ATTACK,0.999967873096466,0.8421879857778549,50,-0.06434417665004731,-0.20686794782519627,-0.1676242205159269,0.14252377117514897,0.1032800438658796,0.03630106331410362,0.017232362392865196,0.10874834088513319,0.9243887066841125,0.7359873172044754,0.18840138947963714,13.4,13.707999999999998,trapezoid_from_zero_normalized_by_max_fraction
ton_iot_binary,46,rid_30bff1125cda1c3988a046944ca3efb3,mlp,gradient_x_input,correlation_group_median,group_wise,insertion,1,ATTACK,True,1,ATTACK,0.9995391964912416,0.8417593091726305,50,-0.016847467422485354,-0.01833044362068176,-0.12551342227123677,0.0014829761981964128,0.10866595484875141,0.008734545531178719,0.0043537544496509125,-0.007050382523119375,0.17937782406806946,0.2171358478665352,-0.03775802379846574,13.2,13.716,trapezoid_from_zero_normalized_by_max_fraction
ton_iot_binary,46,rid_9c888da59f61f2c2540b876846e0e6bf,mlp,gradient_x_input,correlation_group_median,group_wise,insertion,1,ATTACK,True,1,ATTACK,0.9832900762557985,0.8255101889371874,50,-0.08040614128112793,-0.36044704534920907,-0.22515936314097418,0.2800409040680812,0.14475322185984624,0.027640829339153385,0.012594876224204514,0.25535494666864034,0.9730069041252136,0.7650701375007629,0.2079367666244507,15.2,15.644,trapezoid_from_zero_normalized_by_max_fraction
ton_iot_binary,46,rid_9c33cb19da563a668f713cb01c8cdbf1,mlp,gradient_x_input,correlation_group_median,group_wise,insertion,1,ATTACK,True,1,ATTACK,0.9999985098838806,0.8422186225652695,50,-0.24063331708312036,-0.1831649898439646,-0.10850078284740448,-0.057468327239155764,-0.13213253423571586,0.013590313295634674,0.00807212049080048,-0.07328968340112471,0.865822434425354,0.8611251057386399,0.004697328686714131,16.6,14.772,trapezoid_from_zero_normalized_by_max_fraction
ton_iot_binary,46,rid_4bdac81e88e4e8c3a0632b0c9d67d421,mlp,gradient_x_input,correlation_group_median,group_wise,insertion,1,ATTACK,True,1,ATTACK,0.9999990463256836,0.8422191590070724,50,0.01722711324691772,-0.13924657261371612,-0.1268923659007996,0.15647368586063384,0.14411947914771733,0.03405215108862302,0.015863619552188096,0.12538099153834517,0.8486178517341614,0.7366317090392112,0.11198614269495022,16.4,14.280000000000001,trapezoid_from_zero_normalized_by_max_fraction
ton_iot_binary,46,rid_435881a1379124d28c655ee245760977,mlp,gradient_x_input,correlation_group_median,group_wise,insertion,0,BENIGN,True,0,BENIGN,0.9999950881128824,0.1577749754314936,50,0.8463613126654763,0.8444717659060634,0.6121480068087808,0.0018895467594129533,0.23421330585669559,0.0069087903658797915,0.00490624333667159,-0.007726690180463363,1.4416224956512451,1.6964574542045594,-0.2548349585533143,14.8,11.868,trapezoid_from_zero_normalized_by_max_fraction
ton_iot_binary,46,rid_485f8b3f726a9fbc91128993da261e64,mlp,gradient_x_input,correlation_group_median,group_wise,insertion,1,ATTACK,True,1,ATTACK,0.9993459582328796,0.8415660709142685,50,-0.22258457764983175,-0.41674865192174915,-0.16423835460655392,0.19416407427191734,-0.058346223043277856,0.043031962485593586,0.02168739039427655,0.1516567890991353,0.6764174699783325,0.6235687000378967,0.05284876994043586,14.8,14.187999999999999,trapezoid_from_zero_normalized_by_max_fraction
ton_iot_binary,46,rid_f0c76c1ef3adf56e3915b11c7d28c607,mlp,gradient_x_input,correlation_group_joint_donor,group_wise_dependency_preserving,deletion,1,ATTACK,True,1,ATTACK,1.0,0.8422201126813889,50,0.42842088633641856,0.48712942801772574,0.41904886398365815,-0.058708541681307264,0.009372022352760336,0.057523526826762914,0.027001176575066527,-0.11163084776843765,0.8068920373916626,1.2192266068458557,-0.4123345694541931,15.2,14.532,trapezoid_from_zero_normalized_by_max_fraction
ton_iot_binary,46,rid_5654332763228cdbe941f6291bdfd98f,mlp,gradient_x_input,correlation_group_joint_donor,group_wise_dependency_preserving,deletion,0,BENIGN,True,0,BENIGN,0.9989368952810764,0.1567167825996875,50,0.40079339399817393,0.3215957073806581,0.3815235145435466,0.0791976866175158,0.019269879454627423,0.052379751135360975,0.02552323365183315,0.029172148659922834,0.4103248715400696,0.23542822029441596,0.17489665124565362,14.6,15.072000000000003,trapezoid_from_zero_normalized_by_max_fraction
ton_iot_binary,46,rid_5ac6083d52d9128cc0c7879c86271a52,mlp,gradient_x_input,correlation_group_joint_donor,group_wise_dependency_preserving,deletion,0,BENIGN,True,0,BENIGN,0.9999998398981234,0.1577797272167344,50,0.36362124304347887,0.326011318390093,0.35353820798870206,0.037609924653385855,0.010083035054776823,0.054730686044301965,0.026808230310437726,-0.014934206755072087,1.100034236907959,1.181511593222618,-0.08147735631465891,14.0,12.284,trapezoid_from_zero_normalized_by_max_fraction
ton_iot_binary,46,rid_63700775accb259980416d6c21c2b49b,mlp,gradient_x_input,correlation_group_joint_donor,group_wise_dependency_preserving,deletion,0,BENIGN,True,0,BENIGN,0.9846601188182832,0.1424400061368942,50,0.36258749430073234,0.29519107827191693,0.19094907395782496,0.06739641602881534,0.17163842034290733,0.04252222809376133,0.02052817447534595,0.02716119405713728,2.5217671394348145,1.6699616181850434,0.851805521249771,13.0,11.220000000000002,trapezoid_from_zero_normalized_by_max_fraction
ton_iot_binary,46,rid_7a46b2fad8b34e52ccbe406dfdd6c1b4,mlp,gradient_x_input,correlation_group_joint_donor,group_wise_dependency_preserving,deletion,0,BENIGN,True,0,BENIGN,0.9999908878262432,0.1577707751448542,50,0.4712427762646712,0.36008433787438265,0.3580709170306108,0.1111584383902885,0.11317185923406045,0.0546463781281364,0.026187989947439292,0.059829978093307486,0.7225342988967896,1.0177798821926118,-0.2952455832958223,12.4,12.839999999999998,trapezoid_from_zero_normalized_by_max_fraction
ton_iot_binary,46,rid_1a518cad6906e59db9ffc85d6011041a,mlp,gradient_x_input,correlation_group_joint_donor,group_wise_dependency_preserving,deletion,0,BENIGN,True,0,BENIGN,0.999948257671349,0.15772814498996,50,0.35807235126626813,0.32316293121841033,0.3694129668789735,0.034909420047857756,-0.011340615612705392,0.055197456683134555,0.026514752301907342,-0.017059494463880637,1.2026809453964233,0.8997685981839894,0.302912347212434,14.6,13.0,trapezoid_from_zero_normalized_by_max_fraction
ton_iot_binary,46,rid_3c11ba6c875c6b422b5beb6a9c1cf647,mlp,gradient_x_input,correlation_group_joint_donor,group_wise_dependency_preserving,deletion,1,ATTACK,True,1,ATTACK,0.99996680021286,0.842186912894249,50,0.7452888194282422,0.5443091305265071,0.5452841513489874,0.20097968890173518,0.20000466807925482,0.05613741738047513,0.026101560503352078,0.1498206303151651,0.5158794522285461,0.7230088284015656,-0.2071293761730194,15.6,13.2,trapezoid_from_zero_normalized_by_max_fraction
ton_iot_binary,46,rid_72bbb8e961a8c932da072f79827d67c4,mlp,gradient_x_input,correlation_group_joint_donor,group_wise_dependency_preserving,deletion,0,BENIGN,True,0,BENIGN,0.9999999811045336,0.1577798684231445,50,0.7965310602687206,0.35560706763880146,0.3109722906149106,0.4409239926299191,0.48555876965380995,0.05485435434929338,0.027134263865620824,0.3877408354533023,0.02361375465989113,0.08167933842539787,-0.058065583765506745,16.6,16.62,trapezoid_from_zero_normalized_by_max_fraction
ton_iot_binary,46,rid_be2af7863764ca8a412b678f54301a22,mlp,gradient_x_input,correlation_group_joint_donor,group_wise_dependency_preserving,deletion,0,BENIGN,True,0,BENIGN,0.99967631616164,0.157456203480251,50,0.25746880408409906,0.37783225271980214,0.3965053034572295,-0.1203634486357031,-0.13903649937313045,0.0507306154315786,0.025000428951949684,-0.16936428938152448,0.6282726526260376,0.6616964697999647,-0.03342381717392706,14.6,14.948000000000002,trapezoid_from_zero_normalized_by_max_fraction
ton_iot_binary,46,rid_505e152c3ef69a8f8e767b07816248d3,mlp,gradient_x_input,correlation_group_joint_donor,group_wise_dependency_preserving,deletion,1,ATTACK,True,1,ATTACK,0.999967873096466,0.8421879857778549,50,0.7472882934934404,0.444084229868734,0.37317352220175226,0.30320406362470637,0.37411477129168824,0.0551193154786289,0.026766435429478375,0.25074185018292877,1.13690984249115,0.7392051399350166,0.3977047025561333,13.4,12.192,trapezoid_from_zero_normalized_by_max_fraction
ton_iot_binary,46,rid_30bff1125cda1c3988a046944ca3efb3,mlp,gradient_x_input,correlation_group_joint_donor,group_wise_dependency_preserving,deletion,1,ATTACK,True,1,ATTACK,0.9995391964912416,0.8417593091726305,50,0.17509856107644736,0.46514445794199966,0.5124695473415903,-0.2900458968655523,-0.337370986265143,0.054490851152807385,0.026258173117126703,-0.34151191617512067,0.7165893912315369,0.6117077176868916,0.10488167354464528,13.2,13.34,trapezoid_from_zero_normalized_by_max_fraction
ton_iot_binary,46,rid_9c888da59f61f2c2540b876846e0e6bf,mlp,gradient_x_input,correlation_group_joint_donor,group_wise_dependency_preserving,deletion,1,ATTACK,True,1,ATTACK,0.9832900762557985,0.8255101889371874,50,0.2292913364028209,0.4217463747243869,0.42931380153642623,-0.19245503832156602,-0.20002246513360533,0.056568874207777474,0.026885604933977653,-0.2451508239921622,1.1277883052825928,1.0890500822067262,0.03873822307586661,15.2,12.836000000000002,trapezoid_from_zero_normalized_by_max_fraction
ton_iot_binary,46,rid_9c33cb19da563a668f713cb01c8cdbf1,mlp,gradient_x_input,correlation_group_joint_donor,group_wise_dependency_preserving,deletion,1,ATTACK,True,1,ATTACK,0.9999985098838806,0.8422186225652695,50,0.20678152516484263,0.31464660377688364,0.41458579285299946,-0.10786507861204103,-0.20780426768815685,0.049723723724787484,0.023656498446407034,-0.15423181556699883,1.0750243663787842,1.1414014253616334,-0.06637705898284918,16.6,14.032,trapezoid_from_zero_normalized_by_max_fraction
ton_iot_binary,46,rid_4bdac81e88e4e8c3a0632b0c9d67d421,mlp,gradient_x_input,correlation_group_joint_donor,group_wise_dependency_preserving,deletion,1,ATTACK,True,1,ATTACK,0.9999990463256836,0.8422191590070724,50,0.010980191826820375,0.410074982404773,0.3449750631180909,-0.3990947905779526,-0.3339948712912705,0.05611496186143256,0.026785837262048192,-0.45159503161156705,0.504172682762146,0.5845881922245025,-0.08041550946235654,16.4,13.792000000000002,trapezoid_from_zero_normalized_by_max_fraction
ton_iot_binary,46,rid_435881a1379124d28c655ee245760977,mlp,gradient_x_input,correlation_group_joint_donor,group_wise_dependency_preserving,deletion,0,BENIGN,True,0,BENIGN,0.9999950881128824,0.1577749754314936,50,0.6903500380286005,0.2635812614656488,0.2212147351925683,0.42676877656295165,0.46913530283603216,0.0436031844012575,0.023825529954770622,0.3800707378516012,1.36967134475708,1.3149095316529276,0.05476181310415251,14.8,13.272,trapezoid_from_zero_normalized_by_max_fraction
ton_iot_binary,46,rid_485f8b3f726a9fbc91128993da261e64,mlp,gradient_x_input,correlation_group_joint_donor,group_wise_dependency_preserving,deletion,1,ATTACK,True,1,ATTACK,0.9993459582328796,0.8415660709142685,50,0.5447042262581817,0.49426897618816457,0.4171808070778269,0.05043525007001713,0.1275234191803548,0.05841758870054148,0.027697872562808576,-0.0038525801530876758,1.7664225101470947,1.2857671854496,0.4806553246974947,14.8,13.2,trapezoid_from_zero_normalized_by_max_fraction
ton_iot_binary,46,rid_f0c76c1ef3adf56e3915b11c7d28c607,mlp,gradient_x_input,correlation_group_joint_donor,group_wise_dependency_preserving,insertion,1,ATTACK,True,1,ATTACK,1.0,0.8422201126813889,50,-0.17571828067302703,-0.51392618324027,-0.47273252319244324,0.3382079025672429,0.2970142425194162,0.0585746269249726,0.027684333737662707,0.283946608441424,0.8068920373916626,1.2192266068458557,-0.4123345694541931,15.2,14.532,trapezoid_from_zero_normalized_by_max_fraction
ton_iot_binary,46,rid_5654332763228cdbe941f6291bdfd98f,mlp,gradient_x_input,correlation_group_joint_donor,group_wise_dependency_preserving,insertion,0,BENIGN,True,0,BENIGN,0.9989368952810764,0.1567167825996875,50,-0.2807399965341287,-0.3293043214271544,-0.3850140295791567,0.0485643248930257,0.104274033045028,0.05550732276478703,0.026209489767885463,-0.002806275052029808,0.4103248715400696,0.23542822029441596,0.17489665124565362,14.6,15.072000000000003,trapezoid_from_zero_normalized_by_max_fraction
ton_iot_binary,46,rid_5ac6083d52d9128cc0c7879c86271a52,mlp,gradient_x_input,correlation_group_joint_donor,group_wise_dependency_preserving,insertion,0,BENIGN,True,0,BENIGN,0.9999998398981234,0.1577797272167344,50,0.7802842287029961,0.6458365060335268,0.5847610290541586,0.13444772266946922,0.19552319964883746,0.0496593720301807,0.023162651537987595,0.08904892565501354,1.100034236907959,1.181511593222618,-0.08147735631465891,14.0,12.284,trapezoid_from_zero_normalized_by_max_fraction
ton_iot_binary,46,rid_63700775accb259980416d6c21c2b49b,mlp,gradient_x_input,correlation_group_joint_donor,group_wise_dependency_preserving,insertion,0,BENIGN,True,0,BENIGN,0.9846601188182832,0.1424400061368942,50,0.936400360754942,0.7795996935409142,0.7742143105676702,0.15680066721402797,0.16218605018727184,0.03282494121145841,0.014866592654962905,0.12766214561030068,2.5217671394348145,1.6699616181850434,0.851805521249771,13.0,11.220000000000002,trapezoid_from_zero_normalized_by_max_fraction
ton_iot_binary,46,rid_7a46b2fad8b34e52ccbe406dfdd6c1b4,mlp,gradient_x_input,correlation_group_joint_donor,group_wise_dependency_preserving,insertion,0,BENIGN,True,0,BENIGN,0.9999908878262432,0.1577707751448542,50,0.7328654324738326,0.6991937392958012,0.6565135207945073,0.033671693178031356,0.07635191167932534,0.050396983076804416,0.02371495965066789,-0.012809627737277701,0.7225342988967896,1.0177798821926118,-0.2952455832958223,12.4,12.839999999999998,trapezoid_from_zero_normalized_by_max_fraction
ton_iot_binary,46,rid_1a518cad6906e59db9ffc85d6011041a,mlp,gradient_x_input,correlation_group_joint_donor,group_wise_dependency_preserving,insertion,0,BENIGN,True,0,BENIGN,0.999948257671349,0.15772814498996,50,0.8600041907899141,0.6141022868532025,0.624299834038884,0.2459019039367116,0.2357043567510299,0.05397144096264535,0.02541564052623854,0.19608724850528408,1.2026809453964233,0.8997685981839894,0.302912347212434,14.6,13.0,trapezoid_from_zero_normalized_by_max_fraction
ton_iot_binary,46,rid_3c11ba6c875c6b422b5beb6a9c1cf647,mlp,gradient_x_input,correlation_group_joint_donor,group_wise_dependency_preserving,insertion,1,ATTACK,True,1,ATTACK,0.99996680021286,0.842186912894249,50,-0.1362814158666879,-0.5073859714313864,-0.5048362698192677,0.37110455556469857,0.3685548539525798,0.05845602879618045,0.028009291325064703,0.31620634456757174,0.5158794522285461,0.7230088284015656,-0.2071293761730194,15.6,13.2,trapezoid_from_zero_normalized_by_max_fraction
ton_iot_binary,46,rid_72bbb8e961a8c932da072f79827d67c4,mlp,gradient_x_input,correlation_group_joint_donor,group_wise_dependency_preserving,insertion,0,BENIGN,True,0,BENIGN,0.9999999811045336,0.1577798684231445,50,-3.161844221793997e-06,-0.1958137257463773,-0.3446914684556562,0.1958105639021555,0.3446883066114344,0.041238456019606046,0.02100613375684448,0.15463854173874034,0.02361375465989113,0.08167933842539787,-0.058065583765506745,16.6,16.62,trapezoid_from_zero_normalized_by_max_fraction
ton_iot_binary,46,rid_be2af7863764ca8a412b678f54301a22,mlp,gradient_x_input,correlation_group_joint_donor,group_wise_dependency_preserving,insertion,0,BENIGN,True,0,BENIGN,0.99967631616164,0.157456203480251,50,0.8383762334677157,0.6478485750901015,0.5691665582543965,0.19052765837761418,0.26920967521331923,0.05544399418510479,0.026353094740764724,0.1388755926857153,0.6282726526260376,0.6616964697999647,-0.03342381717392706,14.6,14.948000000000002,trapezoid_from_zero_normalized_by_max_fraction
ton_iot_binary,46,rid_505e152c3ef69a8f8e767b07816248d3,mlp,gradient_x_input,correlation_group_joint_donor,group_wise_dependency_preserving,insertion,1,ATTACK,True,1,ATTACK,0.999967873096466,0.8421879857778549,50,0.9229927510023118,0.5589806517995486,0.5732263608993812,0.3640120992027632,0.34976639010293054,0.058894328897349996,0.02834269213727418,0.30846042261370576,1.13690984249115,0.7392051399350166,0.3977047025561333,13.4,12.192,trapezoid_from_zero_normalized_by_max_fraction
ton_iot_binary,46,rid_30bff1125cda1c3988a046944ca3efb3,mlp,gradient_x_input,correlation_group_joint_donor,group_wise_dependency_preserving,insertion,1,ATTACK,True,1,ATTACK,0.9995391964912416,0.8417593091726305,50,-0.24153312295675278,-0.45410079234865014,-0.46562344072305706,0.21256766939189736,0.22409031776630425,0.060089350128558025,0.02852113101402013,0.1566662526044179,0.7165893912315369,0.6117077176868916,0.10488167354464528,13.2,13.34,trapezoid_from_zero_normalized_by_max_fraction
ton_iot_binary,46,rid_9c888da59f61f2c2540b876846e0e6bf,mlp,gradient_x_input,correlation_group_joint_donor,group_wise_dependency_preserving,insertion,1,ATTACK,True,1,ATTACK,0.9832900762557985,0.8255101889371874,50,-0.12104761898517608,-0.5568527812033333,-0.38205978916471484,0.43580516221815724,0.26101217017953876,0.05323461031284661,0.024801751172045854,0.38719372992094736,1.1277883052825928,1.0890500822067262,0.03873822307586661,15.2,12.836000000000002,trapezoid_from_zero_normalized_by_max_fraction
ton_iot_binary,46,rid_9c33cb19da563a668f713cb01c8cdbf1,mlp,gradient_x_input,correlation_group_joint_donor,group_wise_dependency_preserving,insertion,1,ATTACK,True,1,ATTACK,0.9999985098838806,0.8422186225652695,50,-0.050361236929893485,-0.46235206514335414,-0.38191506689398413,0.41199082821346067,0.3315538299640906,0.05504561642231542,0.02620443992206109,0.3606301259662209,1.0750243663787842,1.1414014253616334,-0.06637705898284918,16.6,14.032,trapezoid_from_zero_normalized_by_max_fraction
ton_iot_binary,46,rid_4bdac81e88e4e8c3a0632b0c9d67d421,mlp,gradient_x_input,correlation_group_joint_donor,group_wise_dependency_preserving,insertion,1,ATTACK,True,1,ATTACK,0.9999990463256836,0.8422191590070724,50,0.9406136300181971,0.5968956034457463,0.6538365719999656,0.34371802657245065,0.28677705801823145,0.04645576504442832,0.022413562170998654,0.2997874447172933,0.504172682762146,0.5845881922245025,-0.08041550946235654,16.4,13.792000000000002,trapezoid_from_zero_normalized_by_max_fraction
ton_iot_binary,46,rid_435881a1379124d28c655ee245760977,mlp,gradient_x_input,correlation_group_joint_donor,group_wise_dependency_preserving,insertion,0,BENIGN,True,0,BENIGN,0.9999950881128824,0.1577749754314936,50,0.8712581430869704,0.8784303519019091,0.7818311275369203,-0.0071722088149386715,0.0894270155500501,0.01765299052666558,0.008717229235407846,-0.02425797811633805,1.36967134475708,1.3149095316529276,0.05476181310415251,14.8,13.272,trapezoid_from_zero_normalized_by_max_fraction
ton_iot_binary,46,rid_485f8b3f726a9fbc91128993da261e64,mlp,gradient_x_input,correlation_group_joint_donor,group_wise_dependency_preserving,insertion,1,ATTACK,True,1,ATTACK,0.9993459582328796,0.8415660709142685,50,0.6712388447751934,0.5631473743666484,0.5295685733201553,0.10809147040854492,0.1416702714550381,0.056993024901146654,0.026889629122748587,0.055387797327957684,1.7664225101470947,1.2857671854496,0.4806553246974947,14.8,13.2,trapezoid_from_zero_normalized_by_max_fraction
