task_id,seed,flow_id,model,method,operator,operator_family,functional_check,true_class_id,true_class,class_specific_inference_eligible,target_class_id,target_class,confidence,model_margin,random_feature_repetitions,attribution_effect_aopc,random_effect_mean_aopc,uniform_random_effect_mean_aopc,attribution_minus_random_aopc,attribution_minus_uniform_random_aopc,random_effect_standard_error_aopc,random_aopc_monte_carlo_standard_error,attribution_minus_random_aopc_mc_lower95,attribution_displacement_mean,matched_random_displacement_mean,attribution_minus_matched_displacement,coordinates_changed_mean,matched_random_coordinates_mean,aopc_definition
cicids2017_binary,42,rid_17c75cd659c9243647caddaa9aa43875,mlp,lime,training_median,baseline_marginal_constant,deletion,1,ATTACK,True,1,ATTACK,1.0,0.999639070534613,50,0.2096762074479557,0.029992670139297843,0.057158868666330825,0.17968353730865785,0.15251733878162485,0.014586659442876095,0.01044603063974694,0.15920931725475385,0.3253769874572754,0.38123377215862275,-0.05585678470134736,18.4,18.4,trapezoid_from_zero_normalized_by_max_fraction
cicids2017_binary,42,rid_accf8c0dda146c4a242cdc9d8885e717,mlp,lime,training_median,baseline_marginal_constant,deletion,1,ATTACK,True,1,ATTACK,1.0,0.999639070534613,50,0.49966083546823936,0.06082088624704193,0.0694968926146623,0.4388399492211975,0.43016394285357706,0.02010441771057096,0.014348030840551293,0.410717808773717,0.506719172000885,0.49432989645004266,0.012389275550842349,18.4,18.4,trapezoid_from_zero_normalized_by_max_fraction
cicids2017_binary,42,rid_8593525157bd8c913dcb6144108b0a95,mlp,lime,training_median,baseline_marginal_constant,deletion,1,ATTACK,True,1,ATTACK,1.0,0.999639070534613,50,0.49992664408683823,0.07370630821864538,0.06027702348653452,0.42622033586819286,0.43964962060030366,0.022705337830981113,0.015993015381384253,0.3948740257206797,0.5954130291938782,0.5953919874429703,2.1041750907890844e-05,18.4,18.4,trapezoid_from_zero_normalized_by_max_fraction
cicids2017_binary,42,rid_09a527fea31178a9ad0ecb1fc521e8fb,mlp,lime,training_median,baseline_marginal_constant,deletion,0,BENIGN,True,0,BENIGN,0.9999952757530082,0.0003562052183951,50,0.001525900439924044,0.00029152939757446104,0.0006604942487657866,0.0012343710423495828,0.0008654061911582572,9.224284198027515e-05,5.904852548112017e-05,0.0011186359324065873,0.20642736554145813,0.11049982285872102,0.09592754268273711,18.4,18.4,trapezoid_from_zero_normalized_by_max_fraction
cicids2017_binary,42,rid_e7974d4f4c91f9e013db09642e33bb70,mlp,lime,training_median,baseline_marginal_constant,deletion,0,BENIGN,True,0,BENIGN,0.9999983427942424,0.0003592722596294,50,0.004827162585615952,0.0951088260692734,0.07961446998863765,-0.09028166348365746,-0.0747873074030217,0.02850691615496649,0.01619390680506762,-0.12202172082158999,0.38372936844825745,0.39147734405100343,-0.007747975602745982,18.4,18.4,trapezoid_from_zero_normalized_by_max_fraction
cicids2017_binary,42,rid_9f3a7f0f10b651a421dd35c1b1afb71c,mlp,lime,training_median,baseline_marginal_constant,deletion,0,BENIGN,True,0,BENIGN,0.9999904021324256,0.0003513315978125,50,0.030499546620512772,0.0004347336603649836,0.0015156546230427567,0.03006481296014779,0.028983891997470018,0.00015074406975218113,8.75912178810334e-05,0.029893134173100966,0.2055598497390747,0.19483239920437337,0.010727450534701338,18.4,18.4,trapezoid_from_zero_normalized_by_max_fraction
cicids2017_binary,42,rid_8c9bdead15ce16a77b48e3372d9a8a3d,mlp,lime,training_median,baseline_marginal_constant,deletion,0,BENIGN,True,0,BENIGN,0.9999991939071152,0.0003601233725021,50,0.001862079726336674,0.00045335303768859875,0.0007126910263857886,0.0014087266886480753,0.0011493886999508853,0.00012751138805299018,8.335068017830723e-05,0.0012453593554985932,0.20317122340202332,0.11936217479035258,0.08380904861167074,18.4,18.4,trapezoid_from_zero_normalized_by_max_fraction
cicids2017_binary,42,rid_894f119af6edccd4268535184bc340cf,mlp,lime,training_median,baseline_marginal_constant,deletion,0,BENIGN,True,0,BENIGN,0.999999723481352,0.000360652946739,50,0.001456599996878083,0.0002539267639642286,0.0008351812521972431,0.0012026732329138542,0.0006214187446808399,8.31189605230575e-05,5.288118931773401e-05,0.0010990261018510956,0.1873854696750641,0.09826611830294132,0.08911935137212276,18.4,18.4,trapezoid_from_zero_normalized_by_max_fraction
cicids2017_binary,42,rid_0d983e5b8810b377ec14cf6f0ef744a4,mlp,lime,training_median,baseline_marginal_constant,deletion,0,BENIGN,True,0,BENIGN,1.0,0.000360929465387,50,2.425837308805967e-14,3.9063693855273085e-05,0.00012295756519319458,-3.9063693831014705e-05,-0.0001229575651689362,3.79781715240367e-05,2.6845943252524615e-05,-9.168174260596295e-05,0.3054519295692444,0.4004963735714555,-0.09504444400221113,18.4,18.4,trapezoid_from_zero_normalized_by_max_fraction
cicids2017_binary,42,rid_12f800a48f581538facdec51ab2454d7,mlp,lime,training_median,baseline_marginal_constant,deletion,0,BENIGN,True,0,BENIGN,0.9999937983752716,0.0003547278406585,50,0.0016861252510807388,0.0006168354385403135,0.0011222800367130768,0.0010692898125404255,0.000563845214367662,0.00023922062583149362,0.00015870424965801512,0.0007582294832107159,0.21626456081867218,0.1290152832046151,0.08724927761405707,18.4,18.4,trapezoid_from_zero_normalized_by_max_fraction
cicids2017_binary,42,rid_408ae7c441d02f646de26fd9bdce1d45,mlp,lime,training_median,baseline_marginal_constant,deletion,1,ATTACK,True,1,ATTACK,0.9999987483024596,0.9996378188370726,50,0.7442549176514148,0.09402439349144698,0.0857724287956953,0.650230524159968,0.6584824888557197,0.032488847537972515,0.018507124485633072,0.6139565601681272,0.2947200834751129,0.12022136392444371,0.1744987195506692,18.4,18.4,trapezoid_from_zero_normalized_by_max_fraction
cicids2017_binary,42,rid_cf4ebdc12c3cb032b70b55c77a7cb796,mlp,lime,training_median,baseline_marginal_constant,deletion,1,ATTACK,True,1,ATTACK,1.0,0.999639070534613,50,0.17658655047416688,0.004435311496257782,0.09502696740099056,0.1721512389779091,0.08155958307317633,0.003489970925658058,0.002644912789841136,0.16696720990982047,0.3260630965232849,0.47122446727752687,-0.14516137075424196,18.4,18.4,trapezoid_from_zero_normalized_by_max_fraction
cicids2017_binary,42,rid_12888033c44aa2549d48f3c7bd216973,mlp,lime,training_median,baseline_marginal_constant,deletion,1,ATTACK,True,1,ATTACK,1.0,0.999639070534613,50,0.4743635106407737,0.04537467578489304,0.09204794441209987,0.4289888348558806,0.3823155662286738,0.02044286961376054,0.012023896758841433,0.4054219972085514,0.3656143546104431,0.4759415669441223,-0.1103272123336792,18.4,18.4,trapezoid_from_zero_normalized_by_max_fraction
cicids2017_binary,42,rid_c084b42c4af4241dd19e6d04badcf8b5,mlp,lime,training_median,baseline_marginal_constant,deletion,1,ATTACK,True,1,ATTACK,1.0,0.999639070534613,50,0.19582891166210176,0.019654880558140575,0.0576789569670218,0.17617403110396115,0.13814995469507996,0.011080575899537547,0.008019546441591164,0.16045572007844247,0.3401995599269867,0.5326975972652436,-0.19249803733825688,18.4,18.4,trapezoid_from_zero_normalized_by_max_fraction
cicids2017_binary,42,rid_08c29756d968418335a9524cb0092fef,mlp,lime,training_median,baseline_marginal_constant,deletion,1,ATTACK,True,1,ATTACK,1.0,0.999639070534613,50,0.4818820677638428,0.06735804103870033,0.08600997444503973,0.41452402672514244,0.395872093318803,0.026671122197028385,0.0158017523182199,0.38355259218143145,0.3896532356739044,0.4371167207956314,-0.04746348512172699,18.4,18.4,trapezoid_from_zero_normalized_by_max_fraction
cicids2017_binary,42,rid_1c419a3f15eb43644fa650ff6ad71b8a,mlp,lime,training_median,baseline_marginal_constant,deletion,0,BENIGN,True,0,BENIGN,0.999999999995775,0.000360929461162,50,2.0963925981831724e-07,0.06102609031966648,0.06665164906494299,-0.06102588068040665,-0.06665143942568316,0.026001703511704194,0.015442221268587653,-0.09129263436683846,0.25643056631088257,0.20283320405334235,0.05359736225754022,18.4,18.4,trapezoid_from_zero_normalized_by_max_fraction
cicids2017_binary,42,rid_17c75cd659c9243647caddaa9aa43875,mlp,lime,training_median,baseline_marginal_constant,insertion,1,ATTACK,True,1,ATTACK,1.0,0.999639070534613,50,0.8810281585901976,0.34867067833690407,0.3057920566981144,0.5323574802532934,0.5752361018920832,0.05780615208634618,0.02809957294733805,0.4772823172765108,0.3253769874572754,0.38123377215862275,-0.05585678470134736,18.4,18.4,trapezoid_from_zero_normalized_by_max_fraction
cicids2017_binary,42,rid_accf8c0dda146c4a242cdc9d8885e717,mlp,lime,training_median,baseline_marginal_constant,insertion,1,ATTACK,True,1,ATTACK,1.0,0.999639070534613,50,0.8032895039767026,0.3293752626002183,0.32110376422878817,0.47391424137648436,0.48218573974791445,0.05893382332724527,0.028255137003615226,0.41853417284939853,0.506719172000885,0.49432989645004266,0.012389275550842349,18.4,18.4,trapezoid_from_zero_normalized_by_max_fraction
cicids2017_binary,42,rid_8593525157bd8c913dcb6144108b0a95,mlp,lime,training_median,baseline_marginal_constant,insertion,1,ATTACK,True,1,ATTACK,1.0,0.999639070534613,50,0.8801609527319669,0.41168837559689186,0.3453005549002982,0.4684725771350751,0.5348603978316686,0.05596451083796128,0.027736728191065575,0.4141085898805866,0.5954130291938782,0.5953919874429703,2.1041750907890844e-05,18.4,18.4,trapezoid_from_zero_normalized_by_max_fraction
cicids2017_binary,42,rid_09a527fea31178a9ad0ecb1fc521e8fb,mlp,lime,training_median,baseline_marginal_constant,insertion,0,BENIGN,True,0,BENIGN,0.9999952757530082,0.0003562052183951,50,0.06701769272522141,0.045239849275022545,0.04759848451030117,0.021777843450198873,0.01941920821492025,0.0033871564538167564,0.001611797074157606,0.018618721184849966,0.20642736554145813,0.11049982285872102,0.09592754268273711,18.4,18.4,trapezoid_from_zero_normalized_by_max_fraction
cicids2017_binary,42,rid_e7974d4f4c91f9e013db09642e33bb70,mlp,lime,training_median,baseline_marginal_constant,insertion,0,BENIGN,True,0,BENIGN,0.9999983427942424,0.0003592722596294,50,0.06883222349200652,-0.14000278167818875,-0.09663872119849587,0.20883500517019526,0.1654709446905024,0.04532938390697949,0.02294237438866932,0.1638679513684034,0.38372936844825745,0.39147734405100343,-0.007747975602745982,18.4,18.4,trapezoid_from_zero_normalized_by_max_fraction
cicids2017_binary,42,rid_9f3a7f0f10b651a421dd35c1b1afb71c,mlp,lime,training_median,baseline_marginal_constant,insertion,0,BENIGN,True,0,BENIGN,0.9999904021324256,0.0003513315978125,50,0.06726396744537624,0.04738991633527173,0.04583287057996967,0.019874051110104502,0.021431096865406576,0.0037556935940156536,0.0018148228177526727,0.016316998387309264,0.2055598497390747,0.19483239920437337,0.010727450534701338,18.4,18.4,trapezoid_from_zero_normalized_by_max_fraction
cicids2017_binary,42,rid_8c9bdead15ce16a77b48e3372d9a8a3d,mlp,lime,training_median,baseline_marginal_constant,insertion,0,BENIGN,True,0,BENIGN,0.9999991939071152,0.0003601233725021,50,0.06834646903114958,0.05045226699177885,0.049627161589847826,0.017894202039370737,0.018719307441301757,0.002698286632055582,0.0013238351456060058,0.015299485153982967,0.20317122340202332,0.11936217479035258,0.08380904861167074,18.4,18.4,trapezoid_from_zero_normalized_by_max_fraction
cicids2017_binary,42,rid_894f119af6edccd4268535184bc340cf,mlp,lime,training_median,baseline_marginal_constant,insertion,0,BENIGN,True,0,BENIGN,0.999999723481352,0.000360652946739,50,0.0670607257224276,0.04571788757588291,0.047060738141320876,0.021342838146544696,0.019999987581106732,0.003273097143249063,0.0015217865355068917,0.018360136536951187,0.1873854696750641,0.09826611830294132,0.08911935137212276,18.4,18.4,trapezoid_from_zero_normalized_by_max_fraction
cicids2017_binary,42,rid_0d983e5b8810b377ec14cf6f0ef744a4,mlp,lime,training_median,baseline_marginal_constant,insertion,0,BENIGN,True,0,BENIGN,1.0,0.000360929465387,50,0.06720561087713577,-0.00939340070679084,0.007152651506441074,0.07659901158392661,0.06005295937069469,0.022938479498875085,0.011685125060080036,0.053696166466169745,0.3054519295692444,0.4004963735714555,-0.09504444400221113,18.4,18.4,trapezoid_from_zero_normalized_by_max_fraction
cicids2017_binary,42,rid_12f800a48f581538facdec51ab2454d7,mlp,lime,training_median,baseline_marginal_constant,insertion,0,BENIGN,True,0,BENIGN,0.9999937983752716,0.0003547278406585,50,0.06806004001591645,0.04916214240199722,0.05106556545050993,0.01889789761391924,0.016994474565406533,0.002925787985514136,0.0014020197181885466,0.01614993896626969,0.21626456081867218,0.1290152832046151,0.08724927761405707,18.4,18.4,trapezoid_from_zero_normalized_by_max_fraction
cicids2017_binary,42,rid_408ae7c441d02f646de26fd9bdce1d45,mlp,lime,training_median,baseline_marginal_constant,insertion,1,ATTACK,True,1,ATTACK,0.9999987483024596,0.9996378188370726,50,0.8801163714379072,0.4967502030860633,0.42087123358994727,0.3833661683518439,0.45924513784795995,0.04920909963212346,0.02388693765627967,0.33654777054553575,0.2947200834751129,0.12022136392444371,0.1744987195506692,18.4,18.4,trapezoid_from_zero_normalized_by_max_fraction
cicids2017_binary,42,rid_cf4ebdc12c3cb032b70b55c77a7cb796,mlp,lime,training_median,baseline_marginal_constant,insertion,1,ATTACK,True,1,ATTACK,1.0,0.999639070534613,50,0.8802446972578764,0.14567415402283584,0.2647551776006648,0.7345705432350407,0.6154895196572117,0.048080525740385224,0.023486916556964207,0.6885361867833908,0.3260630965232849,0.47122446727752687,-0.14516137075424196,18.4,18.4,trapezoid_from_zero_normalized_by_max_fraction
cicids2017_binary,42,rid_12888033c44aa2549d48f3c7bd216973,mlp,lime,training_median,baseline_marginal_constant,insertion,1,ATTACK,True,1,ATTACK,1.0,0.999639070534613,50,0.879923753067851,0.31607049764197254,0.3645919337880962,0.5638532554258786,0.5153318192797549,0.0582666529571867,0.027516246877938164,0.5099214115451198,0.3656143546104431,0.4759415669441223,-0.1103272123336792,18.4,18.4,trapezoid_from_zero_normalized_by_max_fraction
cicids2017_binary,42,rid_c084b42c4af4241dd19e6d04badcf8b5,mlp,lime,training_median,baseline_marginal_constant,insertion,1,ATTACK,True,1,ATTACK,1.0,0.999639070534613,50,0.87868723385036,0.25261051529503065,0.32146404006578577,0.6260767185553293,0.5572231937845741,0.0545415078825342,0.02627165559926942,0.5745842735807613,0.3401995599269867,0.5326975972652436,-0.19249803733825688,18.4,18.4,trapezoid_from_zero_normalized_by_max_fraction
cicids2017_binary,42,rid_08c29756d968418335a9524cb0092fef,mlp,lime,training_median,baseline_marginal_constant,insertion,1,ATTACK,True,1,ATTACK,1.0,0.999639070534613,50,0.8810416381806134,0.290868601031004,0.30732817296174686,0.5901730371496096,0.5737134652188667,0.05775422310936496,0.027729886213815374,0.5358224601705315,0.3896532356739044,0.4371167207956314,-0.04746348512172699,18.4,18.4,trapezoid_from_zero_normalized_by_max_fraction
cicids2017_binary,42,rid_1c419a3f15eb43644fa650ff6ad71b8a,mlp,lime,training_median,baseline_marginal_constant,insertion,0,BENIGN,True,0,BENIGN,0.999999999995775,0.000360929461162,50,-0.5805985747298673,-0.20690423814911962,-0.18065034225208684,-0.37369433658074774,-0.3999482324777805,0.0485977048346925,0.025891135028180523,-0.4244409612359816,0.25643056631088257,0.20283320405334235,0.05359736225754022,18.4,18.4,trapezoid_from_zero_normalized_by_max_fraction
cicids2017_binary,42,rid_17c75cd659c9243647caddaa9aa43875,mlp,lime,target_class_median,baseline_marginal_constant,deletion,1,ATTACK,True,1,ATTACK,1.0,0.999639070534613,50,0.1737057477235794,0.022638937690295277,0.05290268711035606,0.15106681003328412,0.12080306061322334,0.00945257850968373,0.00822674291374347,0.13494239392234691,0.3803337812423706,0.4957264207601548,-0.11539263951778417,18.4,18.4,trapezoid_from_zero_normalized_by_max_fraction
cicids2017_binary,42,rid_accf8c0dda146c4a242cdc9d8885e717,mlp,lime,target_class_median,baseline_marginal_constant,deletion,1,ATTACK,True,1,ATTACK,1.0,0.999639070534613,50,0.1836410775780678,0.09289296326968968,0.053173811612417916,0.09074811430837809,0.13046726596564986,0.027743291698502266,0.017192580724206225,0.05705065608893389,0.5620314478874207,0.6006448860168458,-0.03861343812942519,18.4,18.4,trapezoid_from_zero_normalized_by_max_fraction
cicids2017_binary,42,rid_8593525157bd8c913dcb6144108b0a95,mlp,lime,target_class_median,baseline_marginal_constant,deletion,1,ATTACK,True,1,ATTACK,1.0,0.999639070534613,50,0.19885339997708798,0.03584864715588265,0.05850508869863896,0.16300475282120533,0.14034831127844902,0.015962767074581125,0.011277968099530715,0.14089993534612513,0.650725245475769,0.6460255062580107,0.0046997392177583475,18.4,18.4,trapezoid_from_zero_normalized_by_max_fraction
cicids2017_binary,42,rid_09a527fea31178a9ad0ecb1fc521e8fb,mlp,lime,target_class_median,baseline_marginal_constant,deletion,0,BENIGN,True,0,BENIGN,0.9999952757530082,0.0003562052183951,50,-2.299648141956823e-06,-8.066106856858823e-07,-1.3242299345961328e-06,-1.4930374562709403e-06,-9.754182073606898e-07,1.6986774295202444e-07,1.0344256194151729e-07,-1.6957848776763141e-06,0.025075500831007957,0.013763807171490044,0.011311693659517914,18.4,18.4,trapezoid_from_zero_normalized_by_max_fraction
cicids2017_binary,42,rid_e7974d4f4c91f9e013db09642e33bb70,mlp,lime,target_class_median,baseline_marginal_constant,deletion,0,BENIGN,True,0,BENIGN,0.9999983427942424,0.0003592722596294,50,0.0008346700692072773,0.06260014036108666,0.04104495900085181,-0.06176547029187939,-0.040210288931644536,0.02262986483433082,0.013862620977886746,-0.08893620740853742,0.5636690258979797,0.7092599745988846,-0.14559094870090483,18.4,18.4,trapezoid_from_zero_normalized_by_max_fraction
cicids2017_binary,42,rid_9f3a7f0f10b651a421dd35c1b1afb71c,mlp,lime,target_class_median,baseline_marginal_constant,deletion,0,BENIGN,True,0,BENIGN,0.9999904021324256,0.0003513315978125,50,-2.256837024106062e-06,-2.0614987363387625e-06,-2.9697790236582477e-06,-1.953382877672994e-07,7.129419995521856e-07,3.691978069554611e-07,2.2334032774039487e-07,-6.330853301384733e-07,0.023597482591867447,0.033882591397268694,-0.010285108805401247,18.4,18.4,trapezoid_from_zero_normalized_by_max_fraction
cicids2017_binary,42,rid_8c9bdead15ce16a77b48e3372d9a8a3d,mlp,lime,target_class_median,baseline_marginal_constant,deletion,0,BENIGN,True,0,BENIGN,0.9999991939071152,0.0003601233725021,50,1.2661997743634857e-07,-2.7232098247509383e-08,-6.508248976899722e-08,1.53852075683858e-07,1.9170246720534578e-07,6.098876669671543e-08,3.140020859605148e-08,9.230766683559712e-08,0.021271001547574997,0.01988835948891938,0.0013826420586556185,18.4,18.4,trapezoid_from_zero_normalized_by_max_fraction
cicids2017_binary,42,rid_894f119af6edccd4268535184bc340cf,mlp,lime,target_class_median,baseline_marginal_constant,deletion,0,BENIGN,True,0,BENIGN,0.999999723481352,0.000360652946739,50,-7.724564738964546e-08,-2.2660356449932808e-08,-2.683232217748355e-08,-5.458529093971265e-08,-5.0413325212161905e-08,7.541893893087056e-09,4.40979351330678e-09,-6.322848622579393e-08,0.006331549026072025,0.006407116912305355,-7.556788623333012e-05,18.4,18.4,trapezoid_from_zero_normalized_by_max_fraction
cicids2017_binary,42,rid_0d983e5b8810b377ec14cf6f0ef744a4,mlp,lime,target_class_median,baseline_marginal_constant,deletion,0,BENIGN,True,0,BENIGN,1.0,0.000360929465387,50,2.2204460492503132e-17,0.0007948306104699229,0.0010451786932456511,-0.0007948306104699007,-0.0010451786932456288,0.0007916150112990239,0.000775683655264424,-0.0023151705747881716,0.4852662682533264,0.669182787179947,-0.18391651892662053,18.4,18.4,trapezoid_from_zero_normalized_by_max_fraction
cicids2017_binary,42,rid_12f800a48f581538facdec51ab2454d7,mlp,lime,target_class_median,baseline_marginal_constant,deletion,0,BENIGN,True,0,BENIGN,0.9999937983752716,0.0003547278406585,50,-2.059574080703897e-06,-1.0188808121824877e-06,-1.6840729238083441e-06,-1.0406932685214087e-06,-3.755011568955524e-07,2.4398946944436474e-07,1.2280708294165402e-07,-1.2813951510870504e-06,0.03473833203315735,0.032934931926429274,0.0018034001067280744,18.4,18.4,trapezoid_from_zero_normalized_by_max_fraction
cicids2017_binary,42,rid_408ae7c441d02f646de26fd9bdce1d45,mlp,lime,target_class_median,baseline_marginal_constant,deletion,1,ATTACK,True,1,ATTACK,0.9999987483024596,0.9996378188370726,50,0.051718974113464364,0.12716242961166427,0.032335304745938626,-0.0754434554981999,0.019383669367525735,0.03311196381331896,0.019355228082513692,-0.11337970253992674,0.314791738986969,0.2083047371171415,0.10648700186982749,18.4,18.4,trapezoid_from_zero_normalized_by_max_fraction
cicids2017_binary,42,rid_cf4ebdc12c3cb032b70b55c77a7cb796,mlp,lime,target_class_median,baseline_marginal_constant,deletion,1,ATTACK,True,1,ATTACK,1.0,0.999639070534613,50,0.0017411530017852784,0.017869575530290605,0.06478466906650306,-0.016128422528505326,-0.06304351606471778,0.009994553933554015,0.007144704643903791,-0.030132043630556757,0.3830359876155853,0.4763527413606644,-0.09331675374507908,18.4,18.4,trapezoid_from_zero_normalized_by_max_fraction
cicids2017_binary,42,rid_12888033c44aa2549d48f3c7bd216973,mlp,lime,target_class_median,baseline_marginal_constant,deletion,1,ATTACK,True,1,ATTACK,1.0,0.999639070534613,50,0.2004009342956124,0.08467975676231271,0.09120563845151991,0.11572117753329972,0.10919529584409247,0.027610288869052618,0.01800027736500305,0.08044063389789374,0.36351433396339417,0.3982263792455196,-0.03471204528212546,18.4,18.4,trapezoid_from_zero_normalized_by_max_fraction
cicids2017_binary,42,rid_c084b42c4af4241dd19e6d04badcf8b5,mlp,lime,target_class_median,baseline_marginal_constant,deletion,1,ATTACK,True,1,ATTACK,1.0,0.999639070534613,50,0.00106087327003479,0.013478041827976996,0.032227471662187014,-0.012417168557942204,-0.03116659839215222,0.0085768518054801,0.0066586495805851156,-0.02546812173588903,0.34045225381851196,0.3623081661760807,-0.02185591235756873,18.4,18.4,trapezoid_from_zero_normalized_by_max_fraction
cicids2017_binary,42,rid_08c29756d968418335a9524cb0092fef,mlp,lime,target_class_median,baseline_marginal_constant,deletion,1,ATTACK,True,1,ATTACK,1.0,0.999639070534613,50,0.20022010763641448,0.04103749337646877,0.06997315715371508,0.1591826142599457,0.13024695048269938,0.020699677687933883,0.013044324552836679,0.1336157381363858,0.4455137848854065,0.4346059165596962,0.01090786832571028,18.4,18.4,trapezoid_from_zero_normalized_by_max_fraction
cicids2017_binary,42,rid_1c419a3f15eb43644fa650ff6ad71b8a,mlp,lime,target_class_median,baseline_marginal_constant,deletion,0,BENIGN,True,0,BENIGN,0.999999999995775,0.000360929461162,50,7.031025761605748e-12,0.01267820100474713,0.016642719666370792,-0.012678200997716105,-0.016642719659339764,0.008744655937042605,0.005939019409856148,-0.024318679041034155,0.32854941487312317,0.30449660195410255,0.024052812919020616,18.4,18.4,trapezoid_from_zero_normalized_by_max_fraction
cicids2017_binary,42,rid_17c75cd659c9243647caddaa9aa43875,mlp,lime,target_class_median,baseline_marginal_constant,insertion,1,ATTACK,True,1,ATTACK,1.0,0.999639070534613,50,-0.016036057472229002,-0.2609811057553688,-0.16575103086594026,0.24494504828313984,0.14971497339371126,0.05554865413647784,0.027025383438044177,0.19197529674457325,0.3803337812423706,0.4957264207601548,-0.11539263951778417,18.4,18.4,trapezoid_from_zero_normalized_by_max_fraction
cicids2017_binary,42,rid_accf8c0dda146c4a242cdc9d8885e717,mlp,lime,target_class_median,baseline_marginal_constant,insertion,1,ATTACK,True,1,ATTACK,1.0,0.999639070534613,50,-0.14811176359653472,-0.21374870582509786,-0.24188015897194814,0.06563694222856316,0.09376839537541343,0.05360120731266813,0.025545701228670337,0.015567367820369299,0.5620314478874207,0.6006448860168458,-0.03861343812942519,18.4,18.4,trapezoid_from_zero_normalized_by_max_fraction
cicids2017_binary,42,rid_8593525157bd8c913dcb6144108b0a95,mlp,lime,target_class_median,baseline_marginal_constant,insertion,1,ATTACK,True,1,ATTACK,1.0,0.999639070534613,50,0.003521114587783814,-0.1655868292054912,-0.20551285674117384,0.169107943793275,0.20903397132895765,0.04673575388752729,0.022826884165979562,0.12436725082795508,0.650725245475769,0.6460255062580107,0.0046997392177583475,18.4,18.4,trapezoid_from_zero_normalized_by_max_fraction
cicids2017_binary,42,rid_09a527fea31178a9ad0ecb1fc521e8fb,mlp,lime,target_class_median,baseline_marginal_constant,insertion,0,BENIGN,True,0,BENIGN,0.9999952757530082,0.0003562052183951,50,-1.9589403905229117e-06,-5.51645779012233e-07,-9.9851234958237e-07,-1.4072946115106788e-06,-9.604280409405418e-07,1.4164515854899087e-07,8.662631698018721e-08,-1.5770821927918457e-06,0.025075500831007957,0.013763807171490044,0.011311693659517914,18.4,18.4,trapezoid_from_zero_normalized_by_max_fraction
cicids2017_binary,42,rid_e7974d4f4c91f9e013db09642e33bb70,mlp,lime,target_class_median,baseline_marginal_constant,insertion,0,BENIGN,True,0,BENIGN,0.9999983427942424,0.0003592722596294,50,-8.021208865150452e-05,-0.04066321305540048,-0.02875738745155207,0.040583000966748974,0.028677175362900563,0.01884582159539762,0.011535204335172803,0.01797400046981028,0.5636690258979797,0.7092599745988846,-0.14559094870090483,18.4,18.4,trapezoid_from_zero_normalized_by_max_fraction
cicids2017_binary,42,rid_9f3a7f0f10b651a421dd35c1b1afb71c,mlp,lime,target_class_median,baseline_marginal_constant,insertion,0,BENIGN,True,0,BENIGN,0.9999904021324256,0.0003513315978125,50,-1.1718648487146766e-06,-7.45521343759492e-07,-1.5345544175175973e-06,-4.2634350495518444e-07,3.6268956880292074e-07,1.494077082429149e-07,8.899661396711203e-08,-6.00776868330724e-07,0.023597482591867447,0.033882591397268694,-0.010285108805401247,18.4,18.4,trapezoid_from_zero_normalized_by_max_fraction
cicids2017_binary,42,rid_8c9bdead15ce16a77b48e3372d9a8a3d,mlp,lime,target_class_median,baseline_marginal_constant,insertion,0,BENIGN,True,0,BENIGN,0.9999991939071152,0.0003601233725021,50,-2.0634095090343863e-07,-1.4829972619523345e-07,-1.9924574193552756e-07,-5.8041224708205156e-08,-7.095208967911046e-09,4.366363648643513e-08,2.3604254800909372e-08,-1.0430556411798752e-07,0.021271001547574997,0.01988835948891938,0.0013826420586556185,18.4,18.4,trapezoid_from_zero_normalized_by_max_fraction
cicids2017_binary,42,rid_894f119af6edccd4268535184bc340cf,mlp,lime,target_class_median,baseline_marginal_constant,insertion,0,BENIGN,True,0,BENIGN,0.999999723481352,0.000360652946739,50,-7.96139843828314e-08,-2.6269665866607282e-08,-3.0246410879897213e-08,-5.3344318516224124e-08,-4.93675735029342e-08,7.3735437334334745e-09,4.325161714531076e-09,-6.182163547670503e-08,0.006331549026072025,0.006407116912305355,-7.556788623333012e-05,18.4,18.4,trapezoid_from_zero_normalized_by_max_fraction
cicids2017_binary,42,rid_0d983e5b8810b377ec14cf6f0ef744a4,mlp,lime,target_class_median,baseline_marginal_constant,insertion,0,BENIGN,True,0,BENIGN,1.0,0.000360929465387,50,-2.3804712547759177e-05,-0.00044407657439241493,-0.0004656939484244946,0.0004202718618446557,0.0004418892358767354,0.0003893306796138213,0.00024211383342137997,-5.427125166124902e-05,0.4852662682533264,0.669182787179947,-0.18391651892662053,18.4,18.4,trapezoid_from_zero_normalized_by_max_fraction
cicids2017_binary,42,rid_12f800a48f581538facdec51ab2454d7,mlp,lime,target_class_median,baseline_marginal_constant,insertion,0,BENIGN,True,0,BENIGN,0.9999937983752716,0.0003547278406585,50,-2.3644322375560023e-06,-5.733353532306751e-07,-1.2339800121239363e-06,-1.791096884325327e-06,-1.1304522254320658e-06,1.801909484197524e-07,9.502408574716224e-08,-1.9773440923897647e-06,0.03473833203315735,0.032934931926429274,0.0018034001067280744,18.4,18.4,trapezoid_from_zero_normalized_by_max_fraction
cicids2017_binary,42,rid_408ae7c441d02f646de26fd9bdce1d45,mlp,lime,target_class_median,baseline_marginal_constant,insertion,1,ATTACK,True,1,ATTACK,0.9999987483024596,0.9996378188370726,50,0.0024347245693206784,-0.19330324508226476,-0.1450116305318661,0.19573796965158544,0.14744635510118678,0.05016879472383173,0.023998962310618783,0.14870000352277263,0.314791738986969,0.2083047371171415,0.10648700186982749,18.4,18.4,trapezoid_from_zero_normalized_by_max_fraction
cicids2017_binary,42,rid_cf4ebdc12c3cb032b70b55c77a7cb796,mlp,lime,target_class_median,baseline_marginal_constant,insertion,1,ATTACK,True,1,ATTACK,1.0,0.999639070534613,50,-0.11612878143787383,-0.31381714049779097,-0.3169987901676532,0.19768835905991716,0.2008700087297794,0.0553231874820425,0.02680089486010992,0.14515860513410173,0.3830359876155853,0.4763527413606644,-0.09331675374507908,18.4,18.4,trapezoid_from_zero_normalized_by_max_fraction
cicids2017_binary,42,rid_12888033c44aa2549d48f3c7bd216973,mlp,lime,target_class_median,baseline_marginal_constant,insertion,1,ATTACK,True,1,ATTACK,1.0,0.999639070534613,50,-0.003929764032363891,-0.23798267549759206,-0.28060044910243054,0.23405291146522814,0.2766706850700666,0.051330445716302214,0.025759672163935016,0.1835639540239155,0.36351433396339417,0.3982263792455196,-0.03471204528212546,18.4,18.4,trapezoid_from_zero_normalized_by_max_fraction
cicids2017_binary,42,rid_c084b42c4af4241dd19e6d04badcf8b5,mlp,lime,target_class_median,baseline_marginal_constant,insertion,1,ATTACK,True,1,ATTACK,1.0,0.999639070534613,50,-0.03975488543510437,-0.344074589928271,-0.207572363560523,0.3043197044931667,0.1678174781254186,0.05402008121660302,0.027266362701377306,0.25087763359846715,0.34045225381851196,0.3623081661760807,-0.02185591235756873,18.4,18.4,trapezoid_from_zero_normalized_by_max_fraction
cicids2017_binary,42,rid_08c29756d968418335a9524cb0092fef,mlp,lime,target_class_median,baseline_marginal_constant,insertion,1,ATTACK,True,1,ATTACK,1.0,0.999639070534613,50,-0.018289631605148314,-0.36724305595999485,-0.29926695007058357,0.3489534243548465,0.2809773184654353,0.058531840508536354,0.02814700829021462,0.29378528810602583,0.4455137848854065,0.4346059165596962,0.01090786832571028,18.4,18.4,trapezoid_from_zero_normalized_by_max_fraction
cicids2017_binary,42,rid_1c419a3f15eb43644fa650ff6ad71b8a,mlp,lime,target_class_median,baseline_marginal_constant,insertion,0,BENIGN,True,0,BENIGN,0.999999999995775,0.000360929461162,50,-0.2081806299016669,-0.02359878198543442,-0.013903439882325952,-0.1845818479162325,-0.19427719001934096,0.01278911476151731,0.0086612362171743,-0.20155787090189414,0.32854941487312317,0.30449660195410255,0.024052812919020616,18.4,18.4,trapezoid_from_zero_normalized_by_max_fraction
cicids2017_binary,42,rid_17c75cd659c9243647caddaa9aa43875,mlp,lime,joint_donor,dependency_preserving,deletion,1,ATTACK,True,1,ATTACK,1.0,0.999639070534613,50,0.20013532944838064,0.07888429570520132,0.07224024297705203,0.1212510337431793,0.12789508647132858,0.028037203249393093,0.016190814861021197,0.08951703661557775,0.4872964918613434,0.4953254682421685,-0.008028976380825115,18.4,18.4,trapezoid_from_zero_normalized_by_max_fraction
cicids2017_binary,42,rid_accf8c0dda146c4a242cdc9d8885e717,mlp,lime,joint_donor,dependency_preserving,deletion,1,ATTACK,True,1,ATTACK,1.0,0.999639070534613,50,1.786351203918457e-05,0.12231631815427299,0.1164077073381592,-0.12229845464223382,-0.11638984382612001,0.039059942996562735,0.02014918073453393,-0.16179084888192033,0.581636369228363,0.38260714066028595,0.1990292285680771,18.4,18.4,trapezoid_from_zero_normalized_by_max_fraction
cicids2017_binary,42,rid_8593525157bd8c913dcb6144108b0a95,mlp,lime,joint_donor,dependency_preserving,deletion,1,ATTACK,True,1,ATTACK,1.0,0.999639070534613,50,0.3172995286878461,0.06039522049480721,0.12424097768802053,0.2569043081930389,0.19305855099982558,0.02496654831222815,0.014299240893576804,0.22887779604162836,0.7303944826126099,0.6576608213186264,0.07273366129398351,18.4,18.4,trapezoid_from_zero_normalized_by_max_fraction
cicids2017_binary,42,rid_09a527fea31178a9ad0ecb1fc521e8fb,mlp,lime,joint_donor,dependency_preserving,deletion,0,BENIGN,True,0,BENIGN,0.9999952757530082,0.0003562052183951,50,0.3259970053648914,0.058863871770511646,0.02087881130839838,0.26713313359437973,0.305118194056493,0.02254913654820763,0.01454574418779282,0.23862347498630582,0.3825700879096985,0.5345877386331559,-0.1520176507234574,18.4,18.4,trapezoid_from_zero_normalized_by_max_fraction
cicids2017_binary,42,rid_e7974d4f4c91f9e013db09642e33bb70,mlp,lime,joint_donor,dependency_preserving,deletion,0,BENIGN,True,0,BENIGN,0.9999983427942424,0.0003592722596294,50,0.018169649419769486,0.10932184677620027,0.09990376631463749,-0.09115219735643079,-0.08173411689486798,0.03576961168188225,0.017553445096121955,-0.12555694974482984,0.4478563368320465,0.5127339163422584,-0.06487757951021189,18.4,18.4,trapezoid_from_zero_normalized_by_max_fraction
cicids2017_binary,42,rid_9f3a7f0f10b651a421dd35c1b1afb71c,mlp,lime,joint_donor,dependency_preserving,deletion,0,BENIGN,True,0,BENIGN,0.9999904021324256,0.0003513315978125,50,0.39780680164013515,0.05478871550517192,0.02207844922029256,0.3430180861349632,0.3757283524198426,0.019882732446334046,0.01205842074457669,0.31938358147559287,0.7059293389320374,0.8169417086839676,-0.1110123697519303,18.4,18.4,trapezoid_from_zero_normalized_by_max_fraction
cicids2017_binary,42,rid_8c9bdead15ce16a77b48e3372d9a8a3d,mlp,lime,joint_donor,dependency_preserving,deletion,0,BENIGN,True,0,BENIGN,0.9999991939071152,0.0003601233725021,50,0.2931862725467198,0.021613277371321946,0.0510296246212967,0.2715729951753979,0.24215664792542313,0.0128519245397783,0.008936753907348985,0.25405695751699386,0.6479244232177734,0.6584638327360153,-0.010539409518241838,18.4,18.4,trapezoid_from_zero_normalized_by_max_fraction
cicids2017_binary,42,rid_894f119af6edccd4268535184bc340cf,mlp,lime,joint_donor,dependency_preserving,deletion,0,BENIGN,True,0,BENIGN,0.999999723481352,0.000360652946739,50,0.00041649829462784286,0.07120856369082128,0.060226720061569025,-0.07079206539619343,-0.05981022176694118,0.023014293516660223,0.01610370995537243,-0.1023553369087234,0.4397834837436676,0.25935292648524044,0.18043055725842716,18.4,18.4,trapezoid_from_zero_normalized_by_max_fraction
cicids2017_binary,42,rid_0d983e5b8810b377ec14cf6f0ef744a4,mlp,lime,joint_donor,dependency_preserving,deletion,0,BENIGN,True,0,BENIGN,1.0,0.000360929465387,50,4.262146191535976e-14,0.026330023301766523,0.013350818490899745,-0.0263300233017239,-0.013350818490857123,0.01451057999875385,0.01041272620879182,-0.04673896667095587,0.4164007604122162,0.5308609676361085,-0.11446020722389227,18.4,18.4,trapezoid_from_zero_normalized_by_max_fraction
cicids2017_binary,42,rid_12f800a48f581538facdec51ab2454d7,mlp,lime,joint_donor,dependency_preserving,deletion,0,BENIGN,True,0,BENIGN,0.9999937983752716,0.0003547278406585,50,0.5676755045963091,0.041450531713552785,0.03497413249873943,0.5262249728827564,0.5327013720975697,0.016415927763018423,0.011392078441372328,0.5038964991376667,0.20360112190246582,0.2623706265934743,-0.0587695046910085,18.4,18.4,trapezoid_from_zero_normalized_by_max_fraction
cicids2017_binary,42,rid_408ae7c441d02f646de26fd9bdce1d45,mlp,lime,joint_donor,dependency_preserving,deletion,1,ATTACK,True,1,ATTACK,0.9999987483024596,0.9996378188370726,50,0.4044467068128597,0.21453847261568237,0.23465682657133957,0.18990823419717734,0.1697898802415201,0.04636023168875339,0.024209842402354166,0.14245694308856316,0.2888736128807068,0.17515081595256926,0.11372279692813753,18.4,18.4,trapezoid_from_zero_normalized_by_max_fraction
cicids2017_binary,42,rid_cf4ebdc12c3cb032b70b55c77a7cb796,mlp,lime,joint_donor,dependency_preserving,deletion,1,ATTACK,True,1,ATTACK,1.0,0.999639070534613,50,0.4983543331047258,0.10949551999283705,0.11235418758184698,0.38885881311188875,0.38600014552287887,0.02876208994177903,0.017396455623210832,0.3547617600903955,0.48782745003700256,0.5869432139396666,-0.09911576390266408,18.4,18.4,trapezoid_from_zero_normalized_by_max_fraction
cicids2017_binary,42,rid_12888033c44aa2549d48f3c7bd216973,mlp,lime,joint_donor,dependency_preserving,deletion,1,ATTACK,True,1,ATTACK,1.0,0.999639070534613,50,0.13995620012283325,0.05172302478442725,0.09438364083509805,0.08823317533840598,0.045572559287735175,0.020481915751660022,0.013176156729077305,0.062407908149414465,0.21900367736816406,0.23794409707188607,-0.01894041970372201,18.4,18.4,trapezoid_from_zero_normalized_by_max_fraction
cicids2017_binary,42,rid_c084b42c4af4241dd19e6d04badcf8b5,mlp,lime,joint_donor,dependency_preserving,deletion,1,ATTACK,True,1,ATTACK,1.0,0.999639070534613,50,0.0005120396614074706,0.058626124832226775,0.06412471006207125,-0.0581140851708193,-0.06361267040066378,0.021884104325199653,0.013575367143689378,-0.08472180477245048,0.19858418405056,0.13723510339856146,0.06134908065199854,18.4,18.4,trapezoid_from_zero_normalized_by_max_fraction
cicids2017_binary,42,rid_08c29756d968418335a9524cb0092fef,mlp,lime,joint_donor,dependency_preserving,deletion,1,ATTACK,True,1,ATTACK,1.0,0.999639070534613,50,0.08679544031620025,0.0781954009730019,0.09048356012993725,0.008600039343198349,-0.003688119813736998,0.0271088242842747,0.01647593468301377,-0.023692792635508643,0.3172963559627533,0.2928151479661465,0.024481207996606802,18.4,18.4,trapezoid_from_zero_normalized_by_max_fraction
cicids2017_binary,42,rid_1c419a3f15eb43644fa650ff6ad71b8a,mlp,lime,joint_donor,dependency_preserving,deletion,0,BENIGN,True,0,BENIGN,0.999999999995775,0.000360929461162,50,0.30003916536284636,0.06463397869684055,0.05715265709536375,0.2354051866660058,0.2428865082674826,0.024376377139599645,0.015428984326587935,0.20516437738589344,0.3389841914176941,0.343491343960166,-0.004507152542471915,18.4,18.4,trapezoid_from_zero_normalized_by_max_fraction
cicids2017_binary,42,rid_17c75cd659c9243647caddaa9aa43875,mlp,lime,joint_donor,dependency_preserving,insertion,1,ATTACK,True,1,ATTACK,1.0,0.999639070534613,50,0.6094570505085357,0.4582423663472156,0.5542924085647802,0.15121468416132014,0.05516464194375557,0.06330690996761687,0.02995614711034791,0.09250063582503823,0.4872964918613434,0.4953254682421685,-0.008028976380825115,18.4,18.4,trapezoid_from_zero_normalized_by_max_fraction
cicids2017_binary,42,rid_accf8c0dda146c4a242cdc9d8885e717,mlp,lime,joint_donor,dependency_preserving,insertion,1,ATTACK,True,1,ATTACK,1.0,0.999639070534613,50,-0.12168741226196288,-0.4809196800107279,-0.526533563617684,0.35923226774876493,0.40484615135572105,0.06468871485546285,0.03051549986551263,0.2994218880123602,0.581636369228363,0.38260714066028595,0.1990292285680771,18.4,18.4,trapezoid_from_zero_normalized_by_max_fraction
cicids2017_binary,42,rid_8593525157bd8c913dcb6144108b0a95,mlp,lime,joint_donor,dependency_preserving,insertion,1,ATTACK,True,1,ATTACK,1.0,0.999639070534613,50,0.7949634282740434,0.5037152718869227,0.5557224436767119,0.2912481563871207,0.23924098459733145,0.062420411277301385,0.029487239321529017,0.23345316731692384,0.7303944826126099,0.6576608213186264,0.07273366129398351,18.4,18.4,trapezoid_from_zero_normalized_by_max_fraction
cicids2017_binary,42,rid_09a527fea31178a9ad0ecb1fc521e8fb,mlp,lime,joint_donor,dependency_preserving,insertion,0,BENIGN,True,0,BENIGN,0.9999952757530082,0.0003562052183951,50,-0.000389751201245514,-0.2644117091902202,-0.32801854825588084,0.26402195798897465,0.3276287970546353,0.0538325850642273,0.025591369539719955,0.21386287369112356,0.3825700879096985,0.5345877386331559,-0.1520176507234574,18.4,18.4,trapezoid_from_zero_normalized_by_max_fraction
cicids2017_binary,42,rid_e7974d4f4c91f9e013db09642e33bb70,mlp,lime,joint_donor,dependency_preserving,insertion,0,BENIGN,True,0,BENIGN,0.9999983427942424,0.0003592722596294,50,-0.1413671960749397,-0.22268969255478413,-0.29735309197060783,0.08132249647984444,0.15598589589566816,0.050824229554311616,0.024130020792209852,0.03402765572711313,0.4478563368320465,0.5127339163422584,-0.06487757951021189,18.4,18.4,trapezoid_from_zero_normalized_by_max_fraction
cicids2017_binary,42,rid_9f3a7f0f10b651a421dd35c1b1afb71c,mlp,lime,joint_donor,dependency_preserving,insertion,0,BENIGN,True,0,BENIGN,0.9999904021324256,0.0003513315978125,50,-0.000641873626176448,-0.23768666011403522,-0.2893885605103875,0.2370447864878588,0.2887466868842111,0.053241523555025955,0.024473440586541256,0.18907684293823793,0.7059293389320374,0.8169417086839676,-0.1110123697519303,18.4,18.4,trapezoid_from_zero_normalized_by_max_fraction
cicids2017_binary,42,rid_8c9bdead15ce16a77b48e3372d9a8a3d,mlp,lime,joint_donor,dependency_preserving,insertion,0,BENIGN,True,0,BENIGN,0.9999991939071152,0.0003601233725021,50,-0.24025736507984696,-0.29855632366750584,-0.29399149991795714,0.05829895858765885,0.05373413483811017,0.05841130459959868,0.027550497934300974,0.004299982636428945,0.6479244232177734,0.6584638327360153,-0.010539409518241838,18.4,18.4,trapezoid_from_zero_normalized_by_max_fraction
cicids2017_binary,42,rid_894f119af6edccd4268535184bc340cf,mlp,lime,joint_donor,dependency_preserving,insertion,0,BENIGN,True,0,BENIGN,0.999999723481352,0.000360652946739,50,0.8003685983686559,0.6773586511236338,0.6288482576431134,0.12300994724502202,0.1715203407255425,0.05652610594640973,0.026235554404549145,0.0715882606121057,0.4397834837436676,0.25935292648524044,0.18043055725842716,18.4,18.4,trapezoid_from_zero_normalized_by_max_fraction
cicids2017_binary,42,rid_0d983e5b8810b377ec14cf6f0ef744a4,mlp,lime,joint_donor,dependency_preserving,insertion,0,BENIGN,True,0,BENIGN,1.0,0.000360929465387,50,0.9498134812204151,0.7417229884216712,0.7440958744564058,0.2080904927987438,0.20571760676400921,0.047593127704144686,0.02221982591911972,0.16453963399726917,0.4164007604122162,0.5308609676361085,-0.11446020722389227,18.4,18.4,trapezoid_from_zero_normalized_by_max_fraction
cicids2017_binary,42,rid_12f800a48f581538facdec51ab2454d7,mlp,lime,joint_donor,dependency_preserving,insertion,0,BENIGN,True,0,BENIGN,0.9999937983752716,0.0003547278406585,50,-0.0001036259298729192,-0.2854406698471346,-0.3198380082933495,0.28533704391726167,0.31973438236347657,0.0567957730084683,0.026396256200863843,0.23360038176356854,0.20360112190246582,0.2623706265934743,-0.0587695046910085,18.4,18.4,trapezoid_from_zero_normalized_by_max_fraction
cicids2017_binary,42,rid_408ae7c441d02f646de26fd9bdce1d45,mlp,lime,joint_donor,dependency_preserving,insertion,1,ATTACK,True,1,ATTACK,0.9999987483024596,0.9996378188370726,50,-0.22891525272279978,-0.5011178249570054,-0.4862661828144396,0.2722025722342057,0.2573509300916399,0.06409332413223907,0.030330284174883856,0.21275521525143332,0.2888736128807068,0.17515081595256926,0.11372279692813753,18.4,18.4,trapezoid_from_zero_normalized_by_max_fraction
cicids2017_binary,42,rid_cf4ebdc12c3cb032b70b55c77a7cb796,mlp,lime,joint_donor,dependency_preserving,insertion,1,ATTACK,True,1,ATTACK,1.0,0.999639070534613,50,-0.09587001502513885,-0.5231969865119332,-0.42020093405914594,0.4273269714867943,0.3243309190340071,0.06352892839133432,0.02987389279279938,0.36877414161290756,0.48782745003700256,0.5869432139396666,-0.09911576390266408,18.4,18.4,trapezoid_from_zero_normalized_by_max_fraction
cicids2017_binary,42,rid_12888033c44aa2549d48f3c7bd216973,mlp,lime,joint_donor,dependency_preserving,insertion,1,ATTACK,True,1,ATTACK,1.0,0.999639070534613,50,0.7722247742459507,0.4502902694430634,0.5000845657394034,0.3219345048028873,0.2721402085065473,0.06428876110705237,0.030415819197785913,0.26231949917522696,0.21900367736816406,0.23794409707188607,-0.01894041970372201,18.4,18.4,trapezoid_from_zero_normalized_by_max_fraction
cicids2017_binary,42,rid_c084b42c4af4241dd19e6d04badcf8b5,mlp,lime,joint_donor,dependency_preserving,insertion,1,ATTACK,True,1,ATTACK,1.0,0.999639070534613,50,-0.22662985920906067,-0.4521087994360582,-0.4722168031863129,0.22547894022699755,0.2455869439772522,0.06391718844334407,0.03007824317711368,0.16652558359985475,0.19858418405056,0.13723510339856146,0.06134908065199854,18.4,18.4,trapezoid_from_zero_normalized_by_max_fraction
cicids2017_binary,42,rid_08c29756d968418335a9524cb0092fef,mlp,lime,joint_donor,dependency_preserving,insertion,1,ATTACK,True,1,ATTACK,1.0,0.999639070534613,50,0.8394748760363484,0.4240080214701718,0.4739456511851077,0.4154668545661766,0.36552922485124073,0.06396269288325934,0.030193377169274834,0.35628783531439795,0.3172963559627533,0.2928151479661465,0.024481207996606802,18.4,18.4,trapezoid_from_zero_normalized_by_max_fraction
cicids2017_binary,42,rid_1c419a3f15eb43644fa650ff6ad71b8a,mlp,lime,joint_donor,dependency_preserving,insertion,0,BENIGN,True,0,BENIGN,0.999999999995775,0.000360929461162,50,-0.1533366758609133,-0.33355929212882174,-0.31314668749467733,0.18022261626790845,0.15981001163376404,0.06011318718521963,0.02845424113661495,0.12445230364014315,0.3389841914176941,0.343491343960166,-0.004507152542471915,18.4,18.4,trapezoid_from_zero_normalized_by_max_fraction
cicids2017_binary,42,rid_17c75cd659c9243647caddaa9aa43875,mlp,lime,target_class_donor,dependency_preserving_conditional_on_class,deletion,1,ATTACK,True,1,ATTACK,1.0,0.999639070534613,50,0.0,0.010027442262799013,0.0055935785360634325,-0.010027442262799013,-0.0055935785360634325,0.009985964173203788,0.007203281173461897,-0.024145873362784332,0.38632744550704956,0.4214594938755035,-0.03513204836845396,18.4,18.4,trapezoid_from_zero_normalized_by_max_fraction
cicids2017_binary,42,rid_accf8c0dda146c4a242cdc9d8885e717,mlp,lime,target_class_donor,dependency_preserving_conditional_on_class,deletion,1,ATTACK,True,1,ATTACK,1.0,0.999639070534613,50,6.437301635742187e-07,0.05407772778089821,0.04834447612246731,-0.054077084050734636,-0.04834383239230374,0.023967937669214685,0.01467677058348933,-0.08284355439437373,0.5924277305603027,0.6197329012155532,-0.02730517065525051,18.4,18.4,trapezoid_from_zero_normalized_by_max_fraction
cicids2017_binary,42,rid_8593525157bd8c913dcb6144108b0a95,mlp,lime,target_class_donor,dependency_preserving_conditional_on_class,deletion,1,ATTACK,True,1,ATTACK,1.0,0.999639070534613,50,0.1950021356344223,0.03420803514344117,0.028779769048817412,0.16079410049098114,0.1662223665856049,0.015730298491574507,0.011126612836005129,0.1389859393324111,0.6848254203796387,0.7087316352128983,-0.02390621483325961,18.4,18.4,trapezoid_from_zero_normalized_by_max_fraction
cicids2017_binary,42,rid_09a527fea31178a9ad0ecb1fc521e8fb,mlp,lime,target_class_donor,dependency_preserving_conditional_on_class,deletion,0,BENIGN,True,0,BENIGN,0.9999952757530082,0.0003562052183951,50,0.0018395570688880978,0.0011012519009706157,0.00038083231262122654,0.0007383051679174823,0.0014587247562668714,0.0009520560728495972,0.0007457960095536417,-0.0007234550108076554,0.03763817995786667,0.01938220482505858,0.018255975132808088,18.4,18.4,trapezoid_from_zero_normalized_by_max_fraction
cicids2017_binary,42,rid_e7974d4f4c91f9e013db09642e33bb70,mlp,lime,target_class_donor,dependency_preserving_conditional_on_class,deletion,0,BENIGN,True,0,BENIGN,0.9999983427942424,0.0003592722596294,50,0.0007430655590638935,0.057840099264551595,0.04396981916273905,-0.0570970337054877,-0.04322675360367516,0.02674094747910913,0.01356866975237657,-0.08369162642014577,0.5750481486320496,0.733287299990654,-0.15823915135860445,18.4,18.4,trapezoid_from_zero_normalized_by_max_fraction
cicids2017_binary,42,rid_9f3a7f0f10b651a421dd35c1b1afb71c,mlp,lime,target_class_donor,dependency_preserving_conditional_on_class,deletion,0,BENIGN,True,0,BENIGN,0.9999904021324256,0.0003513315978125,50,0.04537749463313859,0.0023991381651396666,0.003477884664106287,0.04297835646799891,0.041899609969032296,0.0016205893763370713,0.0015353489554468642,0.039969072515323056,0.03956986218690872,0.055392327311681575,-0.015822465124772853,18.4,18.4,trapezoid_from_zero_normalized_by_max_fraction
cicids2017_binary,42,rid_8c9bdead15ce16a77b48e3372d9a8a3d,mlp,lime,target_class_donor,dependency_preserving_conditional_on_class,deletion,0,BENIGN,True,0,BENIGN,0.9999991939071152,0.0003601233725021,50,2.634168474742182e-05,0.004315885761167338,0.00470776060085611,-0.004289544076419917,-0.004681418916108688,0.004180579217795017,0.0031295814526385627,-0.0104235237235915,0.3470827639102936,0.34140822535753246,0.005674538552761121,18.4,18.4,trapezoid_from_zero_normalized_by_max_fraction
cicids2017_binary,42,rid_894f119af6edccd4268535184bc340cf,mlp,lime,target_class_donor,dependency_preserving_conditional_on_class,deletion,0,BENIGN,True,0,BENIGN,0.999999723481352,0.000360652946739,50,0.0007187702336111101,0.002401678986987698,0.0008818900696682678,-0.0016829087533765878,-0.00016311983605715762,0.00211794300681881,0.0017998224508296136,-0.00521056075700263,0.019404303282499313,0.01097725408594124,0.008427049196558073,18.4,18.4,trapezoid_from_zero_normalized_by_max_fraction
cicids2017_binary,42,rid_0d983e5b8810b377ec14cf6f0ef744a4,mlp,lime,target_class_donor,dependency_preserving_conditional_on_class,deletion,0,BENIGN,True,0,BENIGN,1.0,0.000360929465387,50,4.4408920985006264e-17,0.000262242594231231,6.858122831925006e-05,-0.0002622425942311866,-6.858122831920566e-05,0.00023601484909849442,0.0002181419994407816,-0.0006898009131351185,0.4164525866508484,0.6286341170072556,-0.2121815303564072,18.4,18.4,trapezoid_from_zero_normalized_by_max_fraction
cicids2017_binary,42,rid_12f800a48f581538facdec51ab2454d7,mlp,lime,target_class_donor,dependency_preserving_conditional_on_class,deletion,0,BENIGN,True,0,BENIGN,0.9999937983752716,0.0003547278406585,50,0.00019896687725804438,0.0031768986591226775,0.001033540238114112,-0.0029779317818646326,-0.0008345733608560676,0.0022584212652410427,0.0016842403781478278,-0.006279042923034375,0.05679720640182495,0.04249752941331826,0.01429967698850669,18.4,18.4,trapezoid_from_zero_normalized_by_max_fraction
cicids2017_binary,42,rid_408ae7c441d02f646de26fd9bdce1d45,mlp,lime,target_class_donor,dependency_preserving_conditional_on_class,deletion,1,ATTACK,True,1,ATTACK,0.9999987483024596,0.9996378188370726,50,0.05514569282531738,0.16568923128000895,0.08693555213357203,-0.11054353845469159,-0.03178985930825464,0.04345286856387528,0.0230955065300403,-0.1558107312535706,0.2849731743335724,0.21114557085186245,0.07382760348170994,18.4,18.4,trapezoid_from_zero_normalized_by_max_fraction
cicids2017_binary,42,rid_cf4ebdc12c3cb032b70b55c77a7cb796,mlp,lime,target_class_donor,dependency_preserving_conditional_on_class,deletion,1,ATTACK,True,1,ATTACK,1.0,0.999639070534613,50,0.0,0.03616960314978908,0.05025888571385144,-0.03616960314978908,-0.05025888571385144,0.01951324393100415,0.012241269586499074,-0.06016249153932726,0.48914313316345215,0.5824506431818008,-0.0933075100183487,18.4,18.4,trapezoid_from_zero_normalized_by_max_fraction
cicids2017_binary,42,rid_12888033c44aa2549d48f3c7bd216973,mlp,lime,target_class_donor,dependency_preserving_conditional_on_class,deletion,1,ATTACK,True,1,ATTACK,1.0,0.999639070534613,50,1.928210258483887e-06,0.043103486630745466,0.029223145050927997,-0.04310155842048698,-0.02922121684066951,0.0221158306683737,0.012758080402661728,-0.06810739600970396,0.0307592935860157,0.11311516151577235,-0.08235586792975665,18.4,18.4,trapezoid_from_zero_normalized_by_max_fraction
cicids2017_binary,42,rid_c084b42c4af4241dd19e6d04badcf8b5,mlp,lime,target_class_donor,dependency_preserving_conditional_on_class,deletion,1,ATTACK,True,1,ATTACK,1.0,0.999639070534613,50,1.7881393432617187e-08,0.013690756229455472,0.018533151559939145,-0.013690738348062038,-0.01853313367854571,0.01119612559024299,0.007763027049873295,-0.028906271365813696,0.1937158852815628,0.13287066321074964,0.060845222070813165,18.4,18.4,trapezoid_from_zero_normalized_by_max_fraction
cicids2017_binary,42,rid_08c29756d968418335a9524cb0092fef,mlp,lime,target_class_donor,dependency_preserving_conditional_on_class,deletion,1,ATTACK,True,1,ATTACK,1.0,0.999639070534613,50,0.19999490323825742,0.035321606652520134,0.021076412859501042,0.1646732965857373,0.17891849037875637,0.019509357985265208,0.011693578376482248,0.1417538829678321,0.10950098931789398,0.11528438278660177,-0.005783393468707793,18.4,18.4,trapezoid_from_zero_normalized_by_max_fraction
cicids2017_binary,42,rid_1c419a3f15eb43644fa650ff6ad71b8a,mlp,lime,target_class_donor,dependency_preserving_conditional_on_class,deletion,0,BENIGN,True,0,BENIGN,0.999999999995775,0.000360929461162,50,9.238887432871934e-12,0.02748410893954938,0.011343707696701469,-0.027484108930310492,-0.011343707687462581,0.015695892784193755,0.011269660303711808,-0.04957264312558564,0.34507912397384644,0.34776331451535225,-0.0026841905415058154,18.4,18.4,trapezoid_from_zero_normalized_by_max_fraction
cicids2017_binary,42,rid_17c75cd659c9243647caddaa9aa43875,mlp,lime,target_class_donor,dependency_preserving_conditional_on_class,insertion,1,ATTACK,True,1,ATTACK,1.0,0.999639070534613,50,-0.0017171323299407957,-0.140152465002285,-0.09396798553701956,0.1384353326723442,0.09225085320707876,0.04127744296067322,0.022478914166656032,0.09437666090569838,0.38632744550704956,0.4214594938755035,-0.03513204836845396,18.4,18.4,trapezoid_from_zero_normalized_by_max_fraction
cicids2017_binary,42,rid_accf8c0dda146c4a242cdc9d8885e717,mlp,lime,target_class_donor,dependency_preserving_conditional_on_class,insertion,1,ATTACK,True,1,ATTACK,1.0,0.999639070534613,50,-0.00010711848735809325,-0.09852432755435987,-0.1002949739389196,0.09841720906700177,0.1001878554515615,0.03868847342845033,0.01895105537706054,0.061273140527963114,0.5924277305603027,0.6197329012155532,-0.02730517065525051,18.4,18.4,trapezoid_from_zero_normalized_by_max_fraction
cicids2017_binary,42,rid_8593525157bd8c913dcb6144108b0a95,mlp,lime,target_class_donor,dependency_preserving_conditional_on_class,insertion,1,ATTACK,True,1,ATTACK,1.0,0.999639070534613,50,-0.0004233717918395996,-0.06219788225426817,-0.08014541140388765,0.06177451046242857,0.07972203961204803,0.027939476476591455,0.015892571936083802,0.03062506946770432,0.6848254203796387,0.7087316352128983,-0.02390621483325961,18.4,18.4,trapezoid_from_zero_normalized_by_max_fraction
cicids2017_binary,42,rid_09a527fea31178a9ad0ecb1fc521e8fb,mlp,lime,target_class_donor,dependency_preserving_conditional_on_class,insertion,0,BENIGN,True,0,BENIGN,0.9999952757530082,0.0003562052183951,50,-8.057895243496205e-07,-0.005039928933293643,-0.006859181535951929,0.005039123143769295,0.006858375746427579,0.0047073937745986255,0.003992784121663881,-0.0027867337346919128,0.03763817995786667,0.01938220482505858,0.018255975132808088,18.4,18.4,trapezoid_from_zero_normalized_by_max_fraction
cicids2017_binary,42,rid_e7974d4f4c91f9e013db09642e33bb70,mlp,lime,target_class_donor,dependency_preserving_conditional_on_class,insertion,0,BENIGN,True,0,BENIGN,0.9999983427942424,0.0003592722596294,50,-0.00010858090141462883,-0.022010997973431843,-0.012268387553259659,0.021902417072017216,0.012159806651845032,0.011852088526820575,0.007592877084030633,0.0070203779873171755,0.5750481486320496,0.733287299990654,-0.15823915135860445,18.4,18.4,trapezoid_from_zero_normalized_by_max_fraction
cicids2017_binary,42,rid_9f3a7f0f10b651a421dd35c1b1afb71c,mlp,lime,target_class_donor,dependency_preserving_conditional_on_class,insertion,0,BENIGN,True,0,BENIGN,0.9999904021324256,0.0003513315978125,50,-5.538744062505429e-07,-0.006946092740758236,-0.0034420240652824254,0.006945538866351986,0.0034414701908761745,0.0042379478055453315,0.00288317355141557,0.0012945187055774686,0.03956986218690872,0.055392327311681575,-0.015822465124772853,18.4,18.4,trapezoid_from_zero_normalized_by_max_fraction
cicids2017_binary,42,rid_8c9bdead15ce16a77b48e3372d9a8a3d,mlp,lime,target_class_donor,dependency_preserving_conditional_on_class,insertion,0,BENIGN,True,0,BENIGN,0.9999991939071152,0.0003601233725021,50,-2.05112297742005e-06,-0.0006562255701468942,-0.004507749948897614,0.0006541744471694742,0.004505698825920194,0.0004553279883982278,0.00027943708281649493,0.00010647776484914409,0.3470827639102936,0.34140822535753246,0.005674538552761121,18.4,18.4,trapezoid_from_zero_normalized_by_max_fraction
cicids2017_binary,42,rid_894f119af6edccd4268535184bc340cf,mlp,lime,target_class_donor,dependency_preserving_conditional_on_class,insertion,0,BENIGN,True,0,BENIGN,0.999999723481352,0.000360652946739,50,-5.949843352448525e-07,-0.013284501220385332,-0.013688950557951024,0.013283906236050087,0.01368835557361578,0.00988323694956067,0.007050503823414409,-0.0005350812578421536,0.019404303282499313,0.01097725408594124,0.008427049196558073,18.4,18.4,trapezoid_from_zero_normalized_by_max_fraction
cicids2017_binary,42,rid_0d983e5b8810b377ec14cf6f0ef744a4,mlp,lime,target_class_donor,dependency_preserving_conditional_on_class,insertion,0,BENIGN,True,0,BENIGN,1.0,0.000360929465387,50,-1.1359525510479251e-05,-0.00041201122135659386,-0.005356165285072185,0.0004006516958461146,0.005344805759561706,0.00033444125803313397,0.000247280188376203,-8.401747337124328e-05,0.4164525866508484,0.6286341170072556,-0.2121815303564072,18.4,18.4,trapezoid_from_zero_normalized_by_max_fraction
cicids2017_binary,42,rid_12f800a48f581538facdec51ab2454d7,mlp,lime,target_class_donor,dependency_preserving_conditional_on_class,insertion,0,BENIGN,True,0,BENIGN,0.9999937983752716,0.0003547278406585,50,-9.939266402692049e-07,-0.0020444947158395283,-0.005071155634914394,0.002043500789199259,0.005070161708274125,0.0013579553519411898,0.0008352052583372428,0.0004064984828582633,0.05679720640182495,0.04249752941331826,0.01429967698850669,18.4,18.4,trapezoid_from_zero_normalized_by_max_fraction
cicids2017_binary,42,rid_408ae7c441d02f646de26fd9bdce1d45,mlp,lime,target_class_donor,dependency_preserving_conditional_on_class,insertion,1,ATTACK,True,1,ATTACK,0.9999987483024596,0.9996378188370726,50,-0.015326300263404844,-0.0781248826562587,-0.08010876608829495,0.06279858239285387,0.0647824658248901,0.03374471894711387,0.016455415053578816,0.030545968887839385,0.2849731743335724,0.21114557085186245,0.07382760348170994,18.4,18.4,trapezoid_from_zero_normalized_by_max_fraction
cicids2017_binary,42,rid_cf4ebdc12c3cb032b70b55c77a7cb796,mlp,lime,target_class_donor,dependency_preserving_conditional_on_class,insertion,1,ATTACK,True,1,ATTACK,1.0,0.999639070534613,50,-0.001048088073730469,-0.14707488270834085,-0.11946711246738415,0.14602679463461038,0.11841902439365366,0.04397475782466427,0.022762256678992638,0.10141277154378481,0.48914313316345215,0.5824506431818008,-0.0933075100183487,18.4,18.4,trapezoid_from_zero_normalized_by_max_fraction
cicids2017_binary,42,rid_12888033c44aa2549d48f3c7bd216973,mlp,lime,target_class_donor,dependency_preserving_conditional_on_class,insertion,1,ATTACK,True,1,ATTACK,1.0,0.999639070534613,50,-0.07129818201065063,-0.11287972385762673,-0.09564441415611509,0.041581541846976114,0.024346232145464455,0.03969786374592081,0.01954947850462184,0.0032645639779173077,0.0307592935860157,0.11311516151577235,-0.08235586792975665,18.4,18.4,trapezoid_from_zero_normalized_by_max_fraction
cicids2017_binary,42,rid_c084b42c4af4241dd19e6d04badcf8b5,mlp,lime,target_class_donor,dependency_preserving_conditional_on_class,insertion,1,ATTACK,True,1,ATTACK,1.0,0.999639070534613,50,-0.04337137639522552,-0.1266004390429859,-0.08681058445449409,0.08322906264776038,0.04343920805926857,0.04144451171828552,0.02137280497302905,0.041338364900623446,0.1937158852815628,0.13287066321074964,0.060845222070813165,18.4,18.4,trapezoid_from_zero_normalized_by_max_fraction
cicids2017_binary,42,rid_08c29756d968418335a9524cb0092fef,mlp,lime,target_class_donor,dependency_preserving_conditional_on_class,insertion,1,ATTACK,True,1,ATTACK,1.0,0.999639070534613,50,-0.014880579710006713,-0.13813324012307013,-0.16319882062090896,0.1232526604130634,0.14831824091090223,0.04306062026042886,0.021856489416675555,0.08041394115637931,0.10950098931789398,0.11528438278660177,-0.005783393468707793,18.4,18.4,trapezoid_from_zero_normalized_by_max_fraction
cicids2017_binary,42,rid_1c419a3f15eb43644fa650ff6ad71b8a,mlp,lime,target_class_donor,dependency_preserving_conditional_on_class,insertion,0,BENIGN,True,0,BENIGN,0.999999999995775,0.000360929461162,50,-0.0030377598613650194,-0.0106507350030703,-0.029677336045737836,0.007612975141705283,0.02663957618437282,0.006738410444774215,0.005475710492619457,-0.0031194174238288524,0.34507912397384644,0.34776331451535225,-0.0026841905415058154,18.4,18.4,trapezoid_from_zero_normalized_by_max_fraction
cicids2017_binary,42,rid_17c75cd659c9243647caddaa9aa43875,mlp,lime,conditional_gaussian_mean,conditional_on_retained_coordinates,deletion,1,ATTACK,True,1,ATTACK,1.0,0.999639070534613,50,0.0,0.0,0.0,0.0,0.0,0.0,0.0,0.0,0.3267580568790436,0.4389126107692719,-0.11215455389022833,18.4,18.4,trapezoid_from_zero_normalized_by_max_fraction
cicids2017_binary,42,rid_accf8c0dda146c4a242cdc9d8885e717,mlp,lime,conditional_gaussian_mean,conditional_on_retained_coordinates,deletion,1,ATTACK,True,1,ATTACK,1.0,0.999639070534613,50,0.0,0.0,0.0,0.0,0.0,0.0,0.0,0.0,0.48152416944503784,0.5217939484715461,-0.0402697790265083,18.4,18.4,trapezoid_from_zero_normalized_by_max_fraction
cicids2017_binary,42,rid_8593525157bd8c913dcb6144108b0a95,mlp,lime,conditional_gaussian_mean,conditional_on_retained_coordinates,deletion,1,ATTACK,True,1,ATTACK,1.0,0.999639070534613,50,0.0,0.0,0.0,0.0,0.0,0.0,0.0,0.0,0.5704880952835083,0.5886362126469612,-0.018148117363452898,18.4,18.4,trapezoid_from_zero_normalized_by_max_fraction
cicids2017_binary,42,rid_09a527fea31178a9ad0ecb1fc521e8fb,mlp,lime,conditional_gaussian_mean,conditional_on_retained_coordinates,deletion,0,BENIGN,True,0,BENIGN,0.9999952757530082,0.0003562052183951,50,-2.257176569742114e-06,-3.997120187477776e-07,1.477543589203378e-07,-1.8574645509943366e-06,-2.404930928662452e-06,3.474131105204273e-07,1.7658809682501856e-07,-2.203577220771373e-06,0.3638222813606262,0.3154265848100185,0.048395696550607714,18.4,18.4,trapezoid_from_zero_normalized_by_max_fraction
cicids2017_binary,42,rid_e7974d4f4c91f9e013db09642e33bb70,mlp,lime,conditional_gaussian_mean,conditional_on_retained_coordinates,deletion,0,BENIGN,True,0,BENIGN,0.9999983427942424,0.0003592722596294,50,0.019089991820280438,0.0002235321680807787,0.0018738604001753273,0.01886645965219966,0.017216131420105113,0.00014171645465505344,0.00013441137817436468,0.018603013350977905,0.5222642421722412,0.5789571745395661,-0.056692932367324866,18.4,18.4,trapezoid_from_zero_normalized_by_max_fraction
cicids2017_binary,42,rid_9f3a7f0f10b651a421dd35c1b1afb71c,mlp,lime,conditional_gaussian_mean,conditional_on_retained_coordinates,deletion,0,BENIGN,True,0,BENIGN,0.9999904021324256,0.0003513315978125,50,-5.242078576817022e-06,2.777783300416559e-06,1.6874354665503688e-06,-8.019861877233581e-06,-6.929514043367392e-06,7.189158571561946e-07,3.614712163068457e-07,-8.728345461194998e-06,0.3609282076358795,0.36472367399930955,-0.0037954663634300334,18.4,18.4,trapezoid_from_zero_normalized_by_max_fraction
cicids2017_binary,42,rid_8c9bdead15ce16a77b48e3372d9a8a3d,mlp,lime,conditional_gaussian_mean,conditional_on_retained_coordinates,deletion,0,BENIGN,True,0,BENIGN,0.9999991939071152,0.0003601233725021,50,-5.186571866433454e-07,6.759261657975912e-07,3.8793411513893257e-07,-1.1945833524409367e-06,-9.06591301782278e-07,1.5890247734976202e-07,1.0070983458892979e-07,-1.391974628235239e-06,0.35778945684432983,0.31436672949790956,0.043422727346420276,18.4,18.4,trapezoid_from_zero_normalized_by_max_fraction
cicids2017_binary,42,rid_894f119af6edccd4268535184bc340cf,mlp,lime,conditional_gaussian_mean,conditional_on_retained_coordinates,deletion,0,BENIGN,True,0,BENIGN,0.999999723481352,0.000360652946739,50,-2.241849601292145e-07,2.7846719868307445e-07,1.8785069086391105e-07,-5.02652158812289e-07,-4.1203565099312556e-07,8.423296016010916e-08,6.387971713834586e-08,-6.278564044034469e-07,0.346698135137558,0.28251081883907314,0.06418731629848484,18.4,18.4,trapezoid_from_zero_normalized_by_max_fraction
cicids2017_binary,42,rid_0d983e5b8810b377ec14cf6f0ef744a4,mlp,lime,conditional_gaussian_mean,conditional_on_retained_coordinates,deletion,0,BENIGN,True,0,BENIGN,1.0,0.000360929465387,50,3.3306690738754695e-17,1.2589863374046215e-11,1.4002848680583214e-10,-1.2589830067355478e-11,-1.400284534991414e-10,1.1471750344934245e-11,1.1471734357733833e-11,-3.507442940851379e-11,0.40662628412246704,0.4737634687423705,-0.06713718461990348,18.4,18.4,trapezoid_from_zero_normalized_by_max_fraction
cicids2017_binary,42,rid_12f800a48f581538facdec51ab2454d7,mlp,lime,conditional_gaussian_mean,conditional_on_retained_coordinates,deletion,0,BENIGN,True,0,BENIGN,0.9999937983752716,0.0003547278406585,50,-9.540714472677795e-07,2.4078568640106824e-07,6.102019041236417e-07,-1.1948571336688477e-06,-1.5642733513914213e-06,4.96623633867389e-07,2.5787044302632143e-07,-1.7002832020004378e-06,0.3696136474609375,0.3265549868643284,0.04305866059660912,18.4,18.4,trapezoid_from_zero_normalized_by_max_fraction
cicids2017_binary,42,rid_408ae7c441d02f646de26fd9bdce1d45,mlp,lime,conditional_gaussian_mean,conditional_on_retained_coordinates,deletion,1,ATTACK,True,1,ATTACK,0.9999987483024596,0.9996378188370726,50,0.0689128965139389,0.11754208390269652,0.1521365933285826,-0.0486291873887576,-0.08322369681464369,0.028947181127362075,0.017204419508599605,-0.08234984962561283,0.33995863795280457,0.2688158102631569,0.07114282768964769,18.4,18.4,trapezoid_from_zero_normalized_by_max_fraction
cicids2017_binary,42,rid_cf4ebdc12c3cb032b70b55c77a7cb796,mlp,lime,conditional_gaussian_mean,conditional_on_retained_coordinates,deletion,1,ATTACK,True,1,ATTACK,1.0,0.999639070534613,50,0.0,1.4185905456542971e-08,3.027915954589844e-08,-1.4185905456542971e-08,-3.027915954589844e-08,7.065317929031119e-09,5.6997266540844966e-09,-2.5357369698548583e-08,0.3316289782524109,0.30742394798994066,0.02420503026247023,18.4,18.4,trapezoid_from_zero_normalized_by_max_fraction
cicids2017_binary,42,rid_12888033c44aa2549d48f3c7bd216973,mlp,lime,conditional_gaussian_mean,conditional_on_retained_coordinates,deletion,1,ATTACK,True,1,ATTACK,1.0,0.999639070534613,50,0.0,9.5367431640625e-10,4.649162292480468e-09,-9.5367431640625e-10,-4.649162292480468e-09,9.536743164062494e-10,9.536743164062494e-10,-2.8228759765624987e-09,0.32935795187950134,0.3728631707727909,-0.043505218893289566,18.4,18.4,trapezoid_from_zero_normalized_by_max_fraction
cicids2017_binary,42,rid_c084b42c4af4241dd19e6d04badcf8b5,mlp,lime,conditional_gaussian_mean,conditional_on_retained_coordinates,deletion,1,ATTACK,True,1,ATTACK,1.0,0.999639070534613,50,0.0,7.152557373046875e-10,4.76837158203125e-10,-7.152557373046875e-10,-4.76837158203125e-10,7.152557373046878e-10,7.152557373046878e-10,-2.1171569824218756e-09,0.304893434047699,0.36043734481930734,-0.05554391077160836,18.4,18.4,trapezoid_from_zero_normalized_by_max_fraction
cicids2017_binary,42,rid_08c29756d968418335a9524cb0092fef,mlp,lime,conditional_gaussian_mean,conditional_on_retained_coordinates,deletion,1,ATTACK,True,1,ATTACK,1.0,0.999639070534613,50,0.0,0.0,2.384185791015625e-10,0.0,-2.384185791015625e-10,0.0,0.0,0.0,0.39589637517929077,0.42708847779035564,-0.031192102611064865,18.4,18.4,trapezoid_from_zero_normalized_by_max_fraction
cicids2017_binary,42,rid_1c419a3f15eb43644fa650ff6ad71b8a,mlp,lime,conditional_gaussian_mean,conditional_on_retained_coordinates,deletion,0,BENIGN,True,0,BENIGN,0.999999999995775,0.000360929461162,50,0.003661959242214885,0.010145827450997916,0.016165771911753713,-0.006483868208783032,-0.012503812669538825,0.010040264266189158,0.007174638484822641,-0.02054615963903541,0.3421425223350525,0.32979068958759306,0.012351832747459435,18.4,18.4,trapezoid_from_zero_normalized_by_max_fraction
cicids2017_binary,42,rid_17c75cd659c9243647caddaa9aa43875,mlp,lime,conditional_gaussian_mean,conditional_on_retained_coordinates,insertion,1,ATTACK,True,1,ATTACK,1.0,0.999639070534613,50,0.00010571777820587159,1.5452444553375235e-05,-0.00772393998503685,9.026533365249634e-05,0.007829657763242721,5.7473871375995235e-05,5.703638553349666e-05,-2.1525981993157113e-05,0.3267580568790436,0.4389126107692719,-0.11215455389022833,18.4,18.4,trapezoid_from_zero_normalized_by_max_fraction
cicids2017_binary,42,rid_accf8c0dda146c4a242cdc9d8885e717,mlp,lime,conditional_gaussian_mean,conditional_on_retained_coordinates,insertion,1,ATTACK,True,1,ATTACK,1.0,0.999639070534613,50,0.00010571777820587159,-0.0003518708348274231,-0.008330174891045318,0.00045758861303329474,0.00843589266925119,0.0001792845005145978,0.0001792484814468372,0.00010626158939749383,0.48152416944503784,0.5217939484715461,-0.0402697790265083,18.4,18.4,trapezoid_from_zero_normalized_by_max_fraction
cicids2017_binary,42,rid_8593525157bd8c913dcb6144108b0a95,mlp,lime,conditional_gaussian_mean,conditional_on_retained_coordinates,insertion,1,ATTACK,True,1,ATTACK,1.0,0.999639070534613,50,0.00010571777820587159,3.8140535354614254e-05,-0.005970131598412991,6.757724285125733e-05,0.006075849376618862,4.037796769890802e-05,4.037796769890802e-05,-1.1563573838602393e-05,0.5704880952835083,0.5886362126469612,-0.018148117363452898,18.4,18.4,trapezoid_from_zero_normalized_by_max_fraction
cicids2017_binary,42,rid_09a527fea31178a9ad0ecb1fc521e8fb,mlp,lime,conditional_gaussian_mean,conditional_on_retained_coordinates,insertion,0,BENIGN,True,0,BENIGN,0.9999952757530082,0.0003562052183951,50,0.943181415054414,0.8760023701973028,0.8304885510242357,0.06717904485711143,0.11269286403017854,0.0185780922450959,0.011123818278641211,0.04537636103097466,0.3638222813606262,0.3154265848100185,0.048395696550607714,18.4,18.4,trapezoid_from_zero_normalized_by_max_fraction
cicids2017_binary,42,rid_e7974d4f4c91f9e013db09642e33bb70,mlp,lime,conditional_gaussian_mean,conditional_on_retained_coordinates,insertion,0,BENIGN,True,0,BENIGN,0.9999983427942424,0.0003592722596294,50,0.8161495086503994,0.9107492447262876,0.8496868395331988,-0.09459973607588819,-0.03353733088279931,0.020242796555063104,0.009949388098024248,-0.11410053674801571,0.5222642421722412,0.5789571745395661,-0.056692932367324866,18.4,18.4,trapezoid_from_zero_normalized_by_max_fraction
cicids2017_binary,42,rid_9f3a7f0f10b651a421dd35c1b1afb71c,mlp,lime,conditional_gaussian_mean,conditional_on_retained_coordinates,insertion,0,BENIGN,True,0,BENIGN,0.9999904021324256,0.0003513315978125,50,0.9431828092963541,0.9055490082767204,0.8783221772380709,0.03763380101963381,0.06486063205828317,0.010810295365173913,0.007798938358339059,0.022347881837289255,0.3609282076358795,0.36472367399930955,-0.0037954663634300334,18.4,18.4,trapezoid_from_zero_normalized_by_max_fraction
cicids2017_binary,42,rid_8c9bdead15ce16a77b48e3372d9a8a3d,mlp,lime,conditional_gaussian_mean,conditional_on_retained_coordinates,insertion,0,BENIGN,True,0,BENIGN,0.9999991939071152,0.0003601233725021,50,0.9445533637273115,0.8948584540477299,0.8345045896551031,0.04969490967958161,0.11004877407220841,0.011512271167554114,0.008248943748791955,0.03352697993194938,0.35778945684432983,0.31436672949790956,0.043422727346420276,18.4,18.4,trapezoid_from_zero_normalized_by_max_fraction
cicids2017_binary,42,rid_894f119af6edccd4268535184bc340cf,mlp,lime,conditional_gaussian_mean,conditional_on_retained_coordinates,insertion,0,BENIGN,True,0,BENIGN,0.999999723481352,0.000360652946739,50,0.943185949553299,0.8562761709188718,0.839215863528967,0.08690977863442716,0.10397008602433193,0.01838082877593827,0.011078662643166225,0.06519559985382135,0.346698135137558,0.28251081883907314,0.06418731629848484,18.4,18.4,trapezoid_from_zero_normalized_by_max_fraction
cicids2017_binary,42,rid_0d983e5b8810b377ec14cf6f0ef744a4,mlp,lime,conditional_gaussian_mean,conditional_on_retained_coordinates,insertion,0,BENIGN,True,0,BENIGN,1.0,0.000360929465387,50,0.9496412186010047,0.8894986698297749,0.9179144502569112,0.06014254877122993,0.03172676834409355,0.010820466777775397,0.00784106140537232,0.04477406841670018,0.40662628412246704,0.4737634687423705,-0.06713718461990348,18.4,18.4,trapezoid_from_zero_normalized_by_max_fraction
cicids2017_binary,42,rid_12f800a48f581538facdec51ab2454d7,mlp,lime,conditional_gaussian_mean,conditional_on_retained_coordinates,insertion,0,BENIGN,True,0,BENIGN,0.9999937983752716,0.0003547278406585,50,0.9441712242830818,0.8845501022568603,0.858523676451647,0.05962112202622146,0.08564754783143479,0.014255385996362573,0.010103681588831584,0.039817906112111556,0.3696136474609375,0.3265549868643284,0.04305866059660912,18.4,18.4,trapezoid_from_zero_normalized_by_max_fraction
cicids2017_binary,42,rid_408ae7c441d02f646de26fd9bdce1d45,mlp,lime,conditional_gaussian_mean,conditional_on_retained_coordinates,insertion,1,ATTACK,True,1,ATTACK,0.9999987483024596,0.9996378188370726,50,-0.2277656542137265,-0.4563770997033765,-0.335152147346645,0.22861144548965,0.10738649313291848,0.06027664147157065,0.028958071796792093,0.1718536247679375,0.33995863795280457,0.2688158102631569,0.07114282768964769,18.4,18.4,trapezoid_from_zero_normalized_by_max_fraction
cicids2017_binary,42,rid_cf4ebdc12c3cb032b70b55c77a7cb796,mlp,lime,conditional_gaussian_mean,conditional_on_retained_coordinates,insertion,1,ATTACK,True,1,ATTACK,1.0,0.999639070534613,50,0.00010570287704467774,-0.12300117143530406,-0.06730926468496545,0.12310687431234874,0.06741496756201014,0.016995472151260717,0.012085637550578798,0.09941902471321429,0.3316289782524109,0.30742394798994066,0.02420503026247023,18.4,18.4,trapezoid_from_zero_normalized_by_max_fraction
cicids2017_binary,42,rid_12888033c44aa2549d48f3c7bd216973,mlp,lime,conditional_gaussian_mean,conditional_on_retained_coordinates,insertion,1,ATTACK,True,1,ATTACK,1.0,0.999639070534613,50,6.179511547088623e-05,-0.044653980287890596,-0.025364693708088457,0.04471577540336148,0.02542648882355934,0.012368581978740426,0.008806491982709963,0.027455051117249954,0.32935795187950134,0.3728631707727909,-0.043505218893289566,18.4,18.4,trapezoid_from_zero_normalized_by_max_fraction
cicids2017_binary,42,rid_c084b42c4af4241dd19e6d04badcf8b5,mlp,lime,conditional_gaussian_mean,conditional_on_retained_coordinates,insertion,1,ATTACK,True,1,ATTACK,1.0,0.999639070534613,50,1.0791420936584477e-05,-0.04718629167575272,-0.026889129357186903,0.04719708309668932,0.026899920778123487,0.011694786499408406,0.008273268169425307,0.030981477484615716,0.304893434047699,0.36043734481930734,-0.05554391077160836,18.4,18.4,trapezoid_from_zero_normalized_by_max_fraction
cicids2017_binary,42,rid_08c29756d968418335a9524cb0092fef,mlp,lime,conditional_gaussian_mean,conditional_on_retained_coordinates,insertion,1,ATTACK,True,1,ATTACK,1.0,0.999639070534613,50,0.00010571777820587159,-0.01566378357470967,-0.03011788480147516,0.015769501352915542,0.030223602579681028,0.007900947688416173,0.005588614568160169,0.004815816799321611,0.39589637517929077,0.42708847779035564,-0.031192102611064865,18.4,18.4,trapezoid_from_zero_normalized_by_max_fraction
cicids2017_binary,42,rid_1c419a3f15eb43644fa650ff6ad71b8a,mlp,lime,conditional_gaussian_mean,conditional_on_retained_coordinates,insertion,0,BENIGN,True,0,BENIGN,0.999999999995775,0.000360929461162,50,0.8413016046220659,0.6656662423874057,0.7203110575954199,0.1756353622346602,0.12099054702664588,0.04648207158690139,0.021983355146855652,0.13254798614682312,0.3421425223350525,0.32979068958759306,0.012351832747459435,18.4,18.4,trapezoid_from_zero_normalized_by_max_fraction
cicids2017_binary,42,rid_17c75cd659c9243647caddaa9aa43875,mlp,lime,conditional_gaussian_draw,conditional_on_retained_coordinates,deletion,1,ATTACK,True,1,ATTACK,1.0,0.999639070534613,10,0.0,0.0,0.0,0.0,0.0,0.0,0.0,0.0,0.3267580568790436,0.4329795846343041,-0.1062215277552605,18.4,18.4,trapezoid_from_zero_normalized_by_max_fraction
cicids2017_binary,42,rid_accf8c0dda146c4a242cdc9d8885e717,mlp,lime,conditional_gaussian_draw,conditional_on_retained_coordinates,deletion,1,ATTACK,True,1,ATTACK,1.0,0.999639070534613,10,0.0,0.0,0.0,0.0,0.0,0.0,0.0,0.0,0.48152416944503784,0.5221687763929367,-0.04064460694789884,18.4,18.4,trapezoid_from_zero_normalized_by_max_fraction
cicids2017_binary,42,rid_8593525157bd8c913dcb6144108b0a95,mlp,lime,conditional_gaussian_draw,conditional_on_retained_coordinates,deletion,1,ATTACK,True,1,ATTACK,1.0,0.999639070534613,10,0.000905609130859375,0.0,0.0,0.000905609130859375,0.000905609130859375,0.0,0.0,0.000905609130859375,0.5704880952835083,0.5771414673328399,-0.006653372049331585,18.4,18.4,trapezoid_from_zero_normalized_by_max_fraction
cicids2017_binary,42,rid_09a527fea31178a9ad0ecb1fc521e8fb,mlp,lime,conditional_gaussian_draw,conditional_on_retained_coordinates,deletion,0,BENIGN,True,0,BENIGN,0.9999952757530082,0.0003562052183951,10,0.0006130925212321391,0.0021478127831720296,2.375577095952153e-05,-0.0015347202619398902,0.0005893367502726177,0.0013581904984742892,0.0013417827730647673,-0.004164614497146835,0.3638222813606262,0.3324397337436676,0.031382547616958634,18.4,18.4,trapezoid_from_zero_normalized_by_max_fraction
cicids2017_binary,42,rid_e7974d4f4c91f9e013db09642e33bb70,mlp,lime,conditional_gaussian_draw,conditional_on_retained_coordinates,deletion,0,BENIGN,True,0,BENIGN,0.9999983427942424,0.0003592722596294,10,0.03414949348211138,0.0008292334505626653,0.0004981037747843431,0.03332026003154871,0.033651389707327034,0.0005768095542518766,0.0005623138212363423,0.03221812494192548,0.5222642421722412,0.5348075863718986,-0.012543344199657414,18.4,18.4,trapezoid_from_zero_normalized_by_max_fraction
cicids2017_binary,42,rid_9f3a7f0f10b651a421dd35c1b1afb71c,mlp,lime,conditional_gaussian_draw,conditional_on_retained_coordinates,deletion,0,BENIGN,True,0,BENIGN,0.9999904021324256,0.0003513315978125,10,-7.588884406672935e-06,3.2552407872401546e-05,7.066496314783066e-05,-4.0141292279074486e-05,-7.82538475545036e-05,2.31277008365035e-05,1.6011353513276655e-05,-7.152354516509673e-05,0.3609282076358795,0.3878310415148735,-0.026902833878994004,18.4,18.4,trapezoid_from_zero_normalized_by_max_fraction
cicids2017_binary,42,rid_8c9bdead15ce16a77b48e3372d9a8a3d,mlp,lime,conditional_gaussian_draw,conditional_on_retained_coordinates,deletion,0,BENIGN,True,0,BENIGN,0.9999991939071152,0.0003601233725021,10,3.7116096192724156e-06,4.0878544492453096e-05,2.279910200974511e-05,-3.716693487318068e-05,-1.9087492390472693e-05,2.6845672740063538e-05,2.2740138857688235e-05,-8.173760703424963e-05,0.35778945684432983,0.31042499631643294,0.04736446052789689,18.4,18.4,trapezoid_from_zero_normalized_by_max_fraction
cicids2017_binary,42,rid_894f119af6edccd4268535184bc340cf,mlp,lime,conditional_gaussian_draw,conditional_on_retained_coordinates,deletion,0,BENIGN,True,0,BENIGN,0.999999723481352,0.000360652946739,10,0.00013531615790287056,4.0911574063583475e-05,0.0009874750598186355,9.440458383928707e-05,-0.0008521589019157648,3.4145958621695525e-05,2.9064560984429003e-05,3.743804430980623e-05,0.346698135137558,0.2761867320537567,0.07051140308380127,18.4,18.4,trapezoid_from_zero_normalized_by_max_fraction
cicids2017_binary,42,rid_0d983e5b8810b377ec14cf6f0ef744a4,mlp,lime,conditional_gaussian_draw,conditional_on_retained_coordinates,deletion,0,BENIGN,True,0,BENIGN,1.0,0.000360929465387,10,1.3665391040973419e-11,1.4210854715202006e-16,5.375699885235007e-14,1.3665248932426269e-11,1.361163404212107e-11,1.1020064766873129e-16,8.205308463447372e-17,1.3665088108380384e-11,0.40662628412246704,0.4878219363093376,-0.08119565218687058,18.4,18.4,trapezoid_from_zero_normalized_by_max_fraction
cicids2017_binary,42,rid_12f800a48f581538facdec51ab2454d7,mlp,lime,conditional_gaussian_draw,conditional_on_retained_coordinates,deletion,0,BENIGN,True,0,BENIGN,0.9999937983752716,0.0003547278406585,10,3.177871336679239e-05,8.664122524933092e-05,3.297275891799512e-05,-5.486251188253854e-05,-1.1940455512027268e-06,7.742668543868255e-05,6.051912438764841e-05,-0.00017347999568232943,0.3696136474609375,0.3031719940900802,0.06644165337085728,18.4,18.4,trapezoid_from_zero_normalized_by_max_fraction
cicids2017_binary,42,rid_408ae7c441d02f646de26fd9bdce1d45,mlp,lime,conditional_gaussian_draw,conditional_on_retained_coordinates,deletion,1,ATTACK,True,1,ATTACK,0.9999987483024596,0.9996378188370726,10,0.2025393783650872,0.17672353790738934,0.18669118009779598,0.025815840457697845,0.015848198267291246,0.08935555153619756,0.04592595938303103,-0.06419903993304298,0.33995863795280457,0.2619533449411392,0.07800529301166537,18.4,18.4,trapezoid_from_zero_normalized_by_max_fraction
cicids2017_binary,42,rid_cf4ebdc12c3cb032b70b55c77a7cb796,mlp,lime,conditional_gaussian_draw,conditional_on_retained_coordinates,deletion,1,ATTACK,True,1,ATTACK,1.0,0.999639070534613,10,0.0,0.0008380281925201415,0.005516452789306641,-0.0008380281925201415,-0.005516452789306641,0.0008380281925201415,0.0008380281925201415,-0.002480563449859619,0.3316289782524109,0.29100573882460595,0.040623239427804936,18.4,18.4,trapezoid_from_zero_normalized_by_max_fraction
cicids2017_binary,42,rid_12888033c44aa2549d48f3c7bd216973,mlp,lime,conditional_gaussian_draw,conditional_on_retained_coordinates,deletion,1,ATTACK,True,1,ATTACK,1.0,0.999639070534613,10,0.0,5.960464477539063e-09,4.0888786315917976e-07,-5.960464477539063e-09,-4.0888786315917976e-07,4.76837158203125e-09,3.3717478808715226e-09,-1.2569090324047248e-08,0.32935795187950134,0.37276420421898365,-0.04340625233948231,18.4,18.4,trapezoid_from_zero_normalized_by_max_fraction
cicids2017_binary,42,rid_c084b42c4af4241dd19e6d04badcf8b5,mlp,lime,conditional_gaussian_draw,conditional_on_retained_coordinates,deletion,1,ATTACK,True,1,ATTACK,1.0,0.999639070534613,10,0.0,0.019741954151540994,0.002382091283798218,-0.019741954151540994,-0.002382091283798218,0.019741850836998625,0.019741850836998625,-0.0584359817920583,0.304893434047699,0.36305023074150083,-0.05815679669380186,18.4,18.4,trapezoid_from_zero_normalized_by_max_fraction
cicids2017_binary,42,rid_08c29756d968418335a9524cb0092fef,mlp,lime,conditional_gaussian_draw,conditional_on_retained_coordinates,deletion,1,ATTACK,True,1,ATTACK,1.0,0.999639070534613,10,0.0,1.1920928955078127e-09,0.00018097996711730958,-1.1920928955078127e-09,-0.00018097996711730958,1.1920928955078125e-09,1.1920928955078125e-09,-3.528594970703125e-09,0.39589637517929077,0.4302702313661575,-0.034373856186866725,18.4,18.4,trapezoid_from_zero_normalized_by_max_fraction
cicids2017_binary,42,rid_1c419a3f15eb43644fa650ff6ad71b8a,mlp,lime,conditional_gaussian_draw,conditional_on_retained_coordinates,deletion,0,BENIGN,True,0,BENIGN,0.999999999995775,0.000360929461162,10,0.19997363090199904,1.4274599368873653e-05,0.00466733674028813,0.19995935630263015,0.1953062941617109,1.368097845622055e-05,1.0038494530425517e-05,0.1999396808533505,0.3421425223350525,0.3013489070534706,0.040793615281581874,18.4,18.4,trapezoid_from_zero_normalized_by_max_fraction
cicids2017_binary,42,rid_17c75cd659c9243647caddaa9aa43875,mlp,lime,conditional_gaussian_draw,conditional_on_retained_coordinates,insertion,1,ATTACK,True,1,ATTACK,1.0,0.999639070534613,10,-0.09180601090192797,-0.059171718166466,-0.046104244354705774,-0.032634292735461944,-0.04570176654722219,0.04515103121633801,0.026616002987581433,-0.08480165859112154,0.3267580568790436,0.4329795846343041,-0.1062215277552605,18.4,18.4,trapezoid_from_zero_normalized_by_max_fraction
cicids2017_binary,42,rid_accf8c0dda146c4a242cdc9d8885e717,mlp,lime,conditional_gaussian_draw,conditional_on_retained_coordinates,insertion,1,ATTACK,True,1,ATTACK,1.0,0.999639070534613,10,0.00010571777820587159,-0.025838088564339615,-0.046473059639687946,0.025943806342545485,0.046578777417893805,0.01377454540611814,0.013606889226517637,-0.0007256965414290835,0.48152416944503784,0.5221687763929367,-0.04064460694789884,18.4,18.4,trapezoid_from_zero_normalized_by_max_fraction
cicids2017_binary,42,rid_8593525157bd8c913dcb6144108b0a95,mlp,lime,conditional_gaussian_draw,conditional_on_retained_coordinates,insertion,1,ATTACK,True,1,ATTACK,1.0,0.999639070534613,10,0.00010571777820587159,-0.06287334763017725,-0.02023324143054197,0.06297906540838313,0.020338959208747835,0.030919184448883277,0.021872651232108298,0.020108668993450873,0.5704880952835083,0.5771414673328399,-0.006653372049331585,18.4,18.4,trapezoid_from_zero_normalized_by_max_fraction
cicids2017_binary,42,rid_09a527fea31178a9ad0ecb1fc521e8fb,mlp,lime,conditional_gaussian_draw,conditional_on_retained_coordinates,insertion,0,BENIGN,True,0,BENIGN,0.9999952757530082,0.0003562052183951,10,0.9497673587120155,0.8295636834736086,0.8575194441397251,0.12020367523840678,0.09224791457229034,0.05987858602352517,0.03532103249425053,0.05097445154967574,0.3638222813606262,0.3324397337436676,0.031382547616958634,18.4,18.4,trapezoid_from_zero_normalized_by_max_fraction
cicids2017_binary,42,rid_e7974d4f4c91f9e013db09642e33bb70,mlp,lime,conditional_gaussian_draw,conditional_on_retained_coordinates,insertion,0,BENIGN,True,0,BENIGN,0.9999983427942424,0.0003592722596294,10,0.8353664005584589,0.9048378063319558,0.8213056308581086,-0.06947140577349684,0.014060769700350181,0.03031911492843071,0.021269599007271257,-0.1111598198277485,0.5222642421722412,0.5348075863718986,-0.012543344199657414,18.4,18.4,trapezoid_from_zero_normalized_by_max_fraction
cicids2017_binary,42,rid_9f3a7f0f10b651a421dd35c1b1afb71c,mlp,lime,conditional_gaussian_draw,conditional_on_retained_coordinates,insertion,0,BENIGN,True,0,BENIGN,0.9999904021324256,0.0003513315978125,10,0.9496310679373892,0.8501416926179058,0.891575931908082,0.09948937531948336,0.05805513602930703,0.03626369173513005,0.025917118781920538,0.04869182250691911,0.3609282076358795,0.3878310415148735,-0.026902833878994004,18.4,18.4,trapezoid_from_zero_normalized_by_max_fraction
cicids2017_binary,42,rid_8c9bdead15ce16a77b48e3372d9a8a3d,mlp,lime,conditional_gaussian_draw,conditional_on_retained_coordinates,insertion,0,BENIGN,True,0,BENIGN,0.9999991939071152,0.0003601233725021,10,0.9498683375672725,0.8895021490303647,0.8044609952385453,0.060366188536907874,0.14540734232872732,0.031770300320477354,0.022370887459253728,0.016519249116770565,0.35778945684432983,0.31042499631643294,0.04736446052789689,18.4,18.4,trapezoid_from_zero_normalized_by_max_fraction
cicids2017_binary,42,rid_894f119af6edccd4268535184bc340cf,mlp,lime,conditional_gaussian_draw,conditional_on_retained_coordinates,insertion,0,BENIGN,True,0,BENIGN,0.999999723481352,0.000360652946739,10,0.8643737034985349,0.8126048386926981,0.859917131008934,0.05176886480583695,0.004456572489600938,0.040617677329213626,0.029060754568862448,-0.005190214149133447,0.346698135137558,0.2761867320537567,0.07051140308380127,18.4,18.4,trapezoid_from_zero_normalized_by_max_fraction
cicids2017_binary,42,rid_0d983e5b8810b377ec14cf6f0ef744a4,mlp,lime,conditional_gaussian_draw,conditional_on_retained_coordinates,insertion,0,BENIGN,True,0,BENIGN,1.0,0.000360929465387,10,0.9485462401576923,0.8271052881889478,0.8440956610404182,0.12144095196874448,0.10445057911727411,0.03589194753014708,0.02617712505866443,0.0701337868537622,0.40662628412246704,0.4878219363093376,-0.08119565218687058,18.4,18.4,trapezoid_from_zero_normalized_by_max_fraction
cicids2017_binary,42,rid_12f800a48f581538facdec51ab2454d7,mlp,lime,conditional_gaussian_draw,conditional_on_retained_coordinates,insertion,0,BENIGN,True,0,BENIGN,0.9999937983752716,0.0003547278406585,10,0.9460879613667204,0.8692355648301975,0.8135898044013627,0.07685239653652273,0.13249815696535747,0.04948628655038118,0.02883656992008084,0.020332719493164286,0.3696136474609375,0.3031719940900802,0.06644165337085728,18.4,18.4,trapezoid_from_zero_normalized_by_max_fraction
cicids2017_binary,42,rid_408ae7c441d02f646de26fd9bdce1d45,mlp,lime,conditional_gaussian_draw,conditional_on_retained_coordinates,insertion,1,ATTACK,True,1,ATTACK,0.9999987483024596,0.9996378188370726,10,-0.7271376749529737,-0.7312808862417681,-0.5666682203725077,0.0041432112887945655,-0.16046945458046596,0.09682684543051603,0.04812524622968649,-0.09018227132139095,0.33995863795280457,0.2619533449411392,0.07800529301166537,18.4,18.4,trapezoid_from_zero_normalized_by_max_fraction
cicids2017_binary,42,rid_cf4ebdc12c3cb032b70b55c77a7cb796,mlp,lime,conditional_gaussian_draw,conditional_on_retained_coordinates,insertion,1,ATTACK,True,1,ATTACK,1.0,0.999639070534613,10,-0.0009088009595870974,-0.1378836672476142,-0.08798613499011182,0.1369748662880271,0.08707733403052473,0.06193617345973902,0.03591776484588275,0.06657604719009691,0.3316289782524109,0.29100573882460595,0.040623239427804936,18.4,18.4,trapezoid_from_zero_normalized_by_max_fraction
cicids2017_binary,42,rid_12888033c44aa2549d48f3c7bd216973,mlp,lime,conditional_gaussian_draw,conditional_on_retained_coordinates,insertion,1,ATTACK,True,1,ATTACK,1.0,0.999639070534613,10,-0.09987769845611184,-0.13106457700082702,-0.06520884709213688,0.031186878544715198,-0.03466885136397494,0.06409746786537282,0.037731862011313635,-0.04276757099745953,0.32935795187950134,0.37276420421898365,-0.04340625233948231,18.4,18.4,trapezoid_from_zero_normalized_by_max_fraction
cicids2017_binary,42,rid_c084b42c4af4241dd19e6d04badcf8b5,mlp,lime,conditional_gaussian_draw,conditional_on_retained_coordinates,insertion,1,ATTACK,True,1,ATTACK,1.0,0.999639070534613,10,-0.09981694315792992,-0.08491583647103193,-0.0743231526017189,-0.014901106686897996,-0.02549379055621102,0.036246054956376776,0.02592051843742346,-0.06570532282424797,0.304893434047699,0.36305023074150083,-0.05815679669380186,18.4,18.4,trapezoid_from_zero_normalized_by_max_fraction
cicids2017_binary,42,rid_08c29756d968418335a9524cb0092fef,mlp,lime,conditional_gaussian_draw,conditional_on_retained_coordinates,insertion,1,ATTACK,True,1,ATTACK,1.0,0.999639070534613,10,9.118616580963134e-05,-0.06633299115698035,-0.06284987660941843,0.06642417732279,0.06294106277522805,0.03519443318059344,0.025100932414775606,0.017226349789829815,0.39589637517929077,0.4302702313661575,-0.034373856186866725,18.4,18.4,trapezoid_from_zero_normalized_by_max_fraction
cicids2017_binary,42,rid_1c419a3f15eb43644fa650ff6ad71b8a,mlp,lime,conditional_gaussian_draw,conditional_on_retained_coordinates,insertion,0,BENIGN,True,0,BENIGN,0.999999999995775,0.000360929461162,10,0.8446321014617922,0.5595541967952287,0.7167901760536586,0.28507790466656346,0.12784192540813355,0.14372995566258717,0.06698607514812872,0.15378519737623117,0.3421425223350525,0.3013489070534706,0.040793615281581874,18.4,18.4,trapezoid_from_zero_normalized_by_max_fraction
cicids2017_binary,42,rid_17c75cd659c9243647caddaa9aa43875,mlp,lime,nearest_neighbour_donor,nonparametric_conditional,deletion,1,ATTACK,True,1,ATTACK,1.0,0.999639070534613,10,0.0,0.0,0.0,0.0,0.0,0.0,0.0,0.0,0.24091759324073792,0.29057467252016067,-0.049657079279422756,18.4,18.4,trapezoid_from_zero_normalized_by_max_fraction
cicids2017_binary,42,rid_accf8c0dda146c4a242cdc9d8885e717,mlp,lime,nearest_neighbour_donor,nonparametric_conditional,deletion,1,ATTACK,True,1,ATTACK,1.0,0.999639070534613,10,0.0,0.0,0.0,0.0,0.0,0.0,0.0,0.0,0.37331897020339966,0.38922683894634247,-0.01590786874294281,18.4,18.4,trapezoid_from_zero_normalized_by_max_fraction
cicids2017_binary,42,rid_8593525157bd8c913dcb6144108b0a95,mlp,lime,nearest_neighbour_donor,nonparametric_conditional,deletion,1,ATTACK,True,1,ATTACK,1.0,0.999639070534613,10,0.0,0.0,0.0,0.0,0.0,0.0,0.0,0.0,0.4635096490383148,0.44833036661148074,0.015179282426834084,18.4,18.4,trapezoid_from_zero_normalized_by_max_fraction
cicids2017_binary,42,rid_09a527fea31178a9ad0ecb1fc521e8fb,mlp,lime,nearest_neighbour_donor,nonparametric_conditional,deletion,0,BENIGN,True,0,BENIGN,0.9999952757530082,0.0003562052183951,10,-3.0882799819664795e-07,-2.0855856291746022e-07,-1.6442918422399088e-07,-1.0026943527918774e-07,-1.4439881397265707e-07,7.341116838282149e-08,3.722861558113052e-08,-1.7323752181820353e-07,0.34775084257125854,0.33997020632028585,0.0077806362509726945,18.4,18.4,trapezoid_from_zero_normalized_by_max_fraction
cicids2017_binary,42,rid_e7974d4f4c91f9e013db09642e33bb70,mlp,lime,nearest_neighbour_donor,nonparametric_conditional,deletion,0,BENIGN,True,0,BENIGN,0.9999983427942424,0.0003592722596294,10,1.0938175535102347e-06,-4.616735064288946e-07,2.3112274263326056e-08,1.5554910599391292e-06,1.0707052792469084e-06,2.842793192648468e-07,1.3587682358546278e-07,1.2891724857116221e-06,0.5212703347206116,0.5912042647600174,-0.06993393003940584,18.4,18.4,trapezoid_from_zero_normalized_by_max_fraction
cicids2017_binary,42,rid_9f3a7f0f10b651a421dd35c1b1afb71c,mlp,lime,nearest_neighbour_donor,nonparametric_conditional,deletion,0,BENIGN,True,0,BENIGN,0.9999904021324256,0.0003513315978125,10,-1.745941381159355e-06,1.8162195647164483e-06,4.471881948120427e-07,-3.562160945875803e-06,-2.1931295759713973e-06,8.993331763027489e-07,5.249281386888516e-07,-4.591020097705952e-06,0.3448260426521301,0.3578295502066612,-0.013003507554531057,18.4,18.4,trapezoid_from_zero_normalized_by_max_fraction
cicids2017_binary,42,rid_8c9bdead15ce16a77b48e3372d9a8a3d,mlp,lime,nearest_neighbour_donor,nonparametric_conditional,deletion,0,BENIGN,True,0,BENIGN,0.9999991939071152,0.0003601233725021,10,5.917920788078846e-07,1.5821743204469385e-07,1.7183774872364666e-07,4.3357464676319066e-07,4.199543300842379e-07,5.389489346152455e-08,2.9587635776486994e-08,3.7558288064127615e-07,0.3407557010650635,0.32684676617383956,0.013908934891223912,18.4,18.4,trapezoid_from_zero_normalized_by_max_fraction
cicids2017_binary,42,rid_894f119af6edccd4268535184bc340cf,mlp,lime,nearest_neighbour_donor,nonparametric_conditional,deletion,0,BENIGN,True,0,BENIGN,0.999999723481352,0.000360652946739,10,1.5129123198676096e-08,1.2841488938875045e-08,5.355096455161856e-09,2.2876342598010526e-09,9.774026743514242e-09,4.975129371428488e-09,2.5444664438291885e-09,-2.699519970104157e-09,0.3306267261505127,0.32881271719932553,0.0018140089511871627,18.4,18.4,trapezoid_from_zero_normalized_by_max_fraction
cicids2017_binary,42,rid_0d983e5b8810b377ec14cf6f0ef744a4,mlp,lime,nearest_neighbour_donor,nonparametric_conditional,deletion,0,BENIGN,True,0,BENIGN,1.0,0.000360929465387,10,0.0,2.4424906541753447e-17,1.554312234475219e-17,-2.4424906541753447e-17,-1.554312234475219e-17,1.8031717967464732e-17,1.3177972649965418e-17,-5.025373293568567e-17,0.39109355211257935,0.4752871266007423,-0.08419357448816295,18.4,18.4,trapezoid_from_zero_normalized_by_max_fraction
cicids2017_binary,42,rid_12f800a48f581538facdec51ab2454d7,mlp,lime,nearest_neighbour_donor,nonparametric_conditional,deletion,0,BENIGN,True,0,BENIGN,0.9999937983752716,0.0003547278406585,10,-7.979297720339673e-07,-9.618669309929829e-08,-2.4537185026929366e-07,-7.017430789346689e-07,-5.525579217646735e-07,3.9889873480403487e-07,1.948617847175462e-07,-1.0836721769810594e-06,0.35257983207702637,0.3516893094778061,0.0008905225992202892,18.4,18.4,trapezoid_from_zero_normalized_by_max_fraction
cicids2017_binary,42,rid_408ae7c441d02f646de26fd9bdce1d45,mlp,lime,nearest_neighbour_donor,nonparametric_conditional,deletion,1,ATTACK,True,1,ATTACK,0.9999987483024596,0.9996378188370726,10,0.8500057606286913,0.5247917158726325,0.4361877595584802,0.32521404475605875,0.41381800107021105,0.11168393133671241,0.05238719195647866,0.22253514852136058,0.44744229316711426,0.378822962641716,0.06861933052539826,18.4,18.4,trapezoid_from_zero_normalized_by_max_fraction
cicids2017_binary,42,rid_cf4ebdc12c3cb032b70b55c77a7cb796,mlp,lime,nearest_neighbour_donor,nonparametric_conditional,deletion,1,ATTACK,True,1,ATTACK,1.0,0.999639070534613,10,0.0,0.015653183460235597,0.003788780570030213,-0.015653183460235597,-0.003788780570030213,0.015653183460235597,0.01565317988395732,-0.046333416032791945,0.2473473995923996,0.27491664737462995,-0.027569247782230355,18.4,18.4,trapezoid_from_zero_normalized_by_max_fraction
cicids2017_binary,42,rid_12888033c44aa2549d48f3c7bd216973,mlp,lime,nearest_neighbour_donor,nonparametric_conditional,deletion,1,ATTACK,True,1,ATTACK,1.0,0.999639070534613,10,0.0,0.0,0.0,0.0,0.0,0.0,0.0,0.0,0.3389126658439636,0.37419543296098706,-0.03528276711702344,18.4,18.4,trapezoid_from_zero_normalized_by_max_fraction
cicids2017_binary,42,rid_c084b42c4af4241dd19e6d04badcf8b5,mlp,lime,nearest_neighbour_donor,nonparametric_conditional,deletion,1,ATTACK,True,1,ATTACK,1.0,0.999639070534613,10,0.0,0.0,0.0,0.0,0.0,0.0,0.0,0.0,0.31513795256614685,0.3758417025208473,-0.06070374995470046,18.4,18.4,trapezoid_from_zero_normalized_by_max_fraction
cicids2017_binary,42,rid_08c29756d968418335a9524cb0092fef,mlp,lime,nearest_neighbour_donor,nonparametric_conditional,deletion,1,ATTACK,True,1,ATTACK,1.0,0.999639070534613,10,0.0,0.013928097486495972,0.0,-0.013928097486495972,0.0,0.013928097486495969,0.013928097486495969,-0.041227168560028074,0.31152525544166565,0.3658463642001152,-0.05432110875844953,18.4,18.4,trapezoid_from_zero_normalized_by_max_fraction
cicids2017_binary,42,rid_1c419a3f15eb43644fa650ff6ad71b8a,mlp,lime,nearest_neighbour_donor,nonparametric_conditional,deletion,0,BENIGN,True,0,BENIGN,0.999999999995775,0.000360929461162,10,-1.0475509348850664e-13,-3.759825784044324e-14,-5.3116400167141365e-14,-6.71568356480634e-14,-5.163869332136528e-14,1.723150312819772e-14,9.368926914744428e-15,-8.551993240096248e-14,0.4003249704837799,0.37549562454223634,0.024829345941543568,18.4,18.4,trapezoid_from_zero_normalized_by_max_fraction
cicids2017_binary,42,rid_17c75cd659c9243647caddaa9aa43875,mlp,lime,nearest_neighbour_donor,nonparametric_conditional,insertion,1,ATTACK,True,1,ATTACK,1.0,0.999639070534613,10,0.0002138704061508179,0.0002138704061508179,0.0002138704061508179,0.0,0.0,0.0,0.0,0.0,0.24091759324073792,0.29057467252016067,-0.049657079279422756,18.4,18.4,trapezoid_from_zero_normalized_by_max_fraction
cicids2017_binary,42,rid_accf8c0dda146c4a242cdc9d8885e717,mlp,lime,nearest_neighbour_donor,nonparametric_conditional,insertion,1,ATTACK,True,1,ATTACK,1.0,0.999639070534613,10,0.0002138704061508179,0.0002138704061508179,0.0002138704061508179,0.0,0.0,0.0,0.0,0.0,0.37331897020339966,0.38922683894634247,-0.01590786874294281,18.4,18.4,trapezoid_from_zero_normalized_by_max_fraction
cicids2017_binary,42,rid_8593525157bd8c913dcb6144108b0a95,mlp,lime,nearest_neighbour_donor,nonparametric_conditional,insertion,1,ATTACK,True,1,ATTACK,1.0,0.999639070534613,10,0.0002138704061508179,-0.009786129593846876,0.0002138704061508179,0.009999999999997691,0.0,0.009999999999997691,0.009999999999997691,-0.009599999999997784,0.4635096490383148,0.44833036661148074,0.015179282426834084,18.4,18.4,trapezoid_from_zero_normalized_by_max_fraction
cicids2017_binary,42,rid_09a527fea31178a9ad0ecb1fc521e8fb,mlp,lime,nearest_neighbour_donor,nonparametric_conditional,insertion,0,BENIGN,True,0,BENIGN,0.9999952757530082,0.0003562052183951,10,0.9497825902042336,0.9497796455926674,0.9497823477794051,2.9446115663078757e-06,2.4242482861702715e-07,2.8835814085630924e-06,2.266620939629638e-06,-1.4979654753662148e-06,0.34775084257125854,0.33997020632028585,0.0077806362509726945,18.4,18.4,trapezoid_from_zero_normalized_by_max_fraction
cicids2017_binary,42,rid_e7974d4f4c91f9e013db09642e33bb70,mlp,lime,nearest_neighbour_donor,nonparametric_conditional,insertion,0,BENIGN,True,0,BENIGN,0.9999983427942424,0.0003592722596294,10,0.9497857544289857,0.9497839715981004,0.9497840660509915,1.7828308853440332e-06,1.6883779941523344e-06,1.544695160910594e-06,1.412425487996277e-06,-9.855230711286695e-07,0.5212703347206116,0.5912042647600174,-0.06993393003940584,18.4,18.4,trapezoid_from_zero_normalized_by_max_fraction
cicids2017_binary,42,rid_9f3a7f0f10b651a421dd35c1b1afb71c,mlp,lime,nearest_neighbour_donor,nonparametric_conditional,insertion,0,BENIGN,True,0,BENIGN,0.9999904021324256,0.0003513315978125,10,0.9497781441558413,0.9497767878968455,0.949773590850248,1.3562589958993064e-06,4.553305593230083e-06,1.7799259419339352e-06,8.356080722166693e-07,-2.8153282564536535e-07,0.3448260426521301,0.3578295502066612,-0.013003507554531057,18.4,18.4,trapezoid_from_zero_normalized_by_max_fraction
cicids2017_binary,42,rid_8c9bdead15ce16a77b48e3372d9a8a3d,mlp,lime,nearest_neighbour_donor,nonparametric_conditional,insertion,0,BENIGN,True,0,BENIGN,0.9999991939071152,0.0003601233725021,10,0.9497836708362486,0.9497851341635561,0.9497849520405426,-1.4633273076491981e-06,-1.2812042940069103e-06,1.4787366250680222e-07,7.011680611847678e-08,-1.6007562476414125e-06,0.3407557010650635,0.32684676617383956,0.013908934891223912,18.4,18.4,trapezoid_from_zero_normalized_by_max_fraction
cicids2017_binary,42,rid_894f119af6edccd4268535184bc340cf,mlp,lime,nearest_neighbour_donor,nonparametric_conditional,insertion,0,BENIGN,True,0,BENIGN,0.999999723481352,0.000360652946739,10,0.9497854140810031,0.9497853933392731,0.9497851133751256,2.0741730000217715e-08,3.0070587748731735e-07,4.1513316648731355e-07,2.2793612732058299e-07,-4.260130795481249e-07,0.3306267261505127,0.32881271719932553,0.0018140089511871627,18.4,18.4,trapezoid_from_zero_normalized_by_max_fraction
cicids2017_binary,42,rid_0d983e5b8810b377ec14cf6f0ef744a4,mlp,lime,nearest_neighbour_donor,nonparametric_conditional,insertion,0,BENIGN,True,0,BENIGN,1.0,0.000360929465387,10,0.9497861084621135,0.9497861269554916,0.9497856876080167,-1.8493378001194217e-08,4.208540967387542e-07,1.6709298254955687e-09,1.6707648179867471e-09,-2.176807704444824e-08,0.39109355211257935,0.4752871266007423,-0.08419357448816295,18.4,18.4,trapezoid_from_zero_normalized_by_max_fraction
cicids2017_binary,42,rid_12f800a48f581538facdec51ab2454d7,mlp,lime,nearest_neighbour_donor,nonparametric_conditional,insertion,0,BENIGN,True,0,BENIGN,0.9999937983752716,0.0003547278406585,10,0.9497810284137767,0.9497805694109912,0.9497807322488372,4.590027854245448e-07,2.961649395782916e-07,6.631009426229389e-07,3.0593422784934304e-07,-1.406283011601675e-07,0.35257983207702637,0.3516893094778061,0.0008905225992202892,18.4,18.4,trapezoid_from_zero_normalized_by_max_fraction
cicids2017_binary,42,rid_408ae7c441d02f646de26fd9bdce1d45,mlp,lime,nearest_neighbour_donor,nonparametric_conditional,insertion,1,ATTACK,True,1,ATTACK,0.9999987483024596,0.9996378188370726,10,-0.948909600084351,-0.8845677063715522,-0.7957130170230159,-0.06434189371279878,-0.15319658306133518,0.039211598304550885,0.025854941162273274,-0.11501757839085439,0.44744229316711426,0.378822962641716,0.06861933052539826,18.4,18.4,trapezoid_from_zero_normalized_by_max_fraction
cicids2017_binary,42,rid_cf4ebdc12c3cb032b70b55c77a7cb796,mlp,lime,nearest_neighbour_donor,nonparametric_conditional,insertion,1,ATTACK,True,1,ATTACK,1.0,0.999639070534613,10,-0.19714183248579498,-0.1980050687792946,-0.21638977441973542,0.0008632362934995995,0.019247941933940377,0.07569704975304513,0.040558879011687275,-0.07863216656940746,0.2473473995923996,0.27491664737462995,-0.027569247782230355,18.4,18.4,trapezoid_from_zero_normalized_by_max_fraction
cicids2017_binary,42,rid_12888033c44aa2549d48f3c7bd216973,mlp,lime,nearest_neighbour_donor,nonparametric_conditional,insertion,1,ATTACK,True,1,ATTACK,1.0,0.999639070534613,10,-0.09978550219830142,-0.07977981311596845,-0.09959037570414607,-0.020005689082332967,-0.00019512649415533503,0.03782565188653234,0.02788640331258648,-0.07466303957500248,0.3389126658439636,0.37419543296098706,-0.03528276711702344,18.4,18.4,trapezoid_from_zero_normalized_by_max_fraction
cicids2017_binary,42,rid_c084b42c4af4241dd19e6d04badcf8b5,mlp,lime,nearest_neighbour_donor,nonparametric_conditional,insertion,1,ATTACK,True,1,ATTACK,1.0,0.999639070534613,10,0.0002138704061508179,-0.1147621491817301,-0.1297164772108484,0.11497601958788092,0.12993034761699923,0.0583250944905126,0.03467531872623766,0.04701239488445512,0.31513795256614685,0.3758417025208473,-0.06070374995470046,18.4,18.4,trapezoid_from_zero_normalized_by_max_fraction
cicids2017_binary,42,rid_08c29756d968418335a9524cb0092fef,mlp,lime,nearest_neighbour_donor,nonparametric_conditional,insertion,1,ATTACK,True,1,ATTACK,1.0,0.999639070534613,10,-0.0016061335802078248,-0.14978108384601468,-0.1954645668528942,0.14817495026580688,0.19385843327268634,0.08687585503708822,0.04471930250802072,0.06052511735008627,0.31152525544166565,0.3658463642001152,-0.05432110875844953,18.4,18.4,trapezoid_from_zero_normalized_by_max_fraction
cicids2017_binary,42,rid_1c419a3f15eb43644fa650ff6ad71b8a,mlp,lime,nearest_neighbour_donor,nonparametric_conditional,insertion,0,BENIGN,True,0,BENIGN,0.999999999995775,0.000360929461162,10,0.9497861295898935,0.9347861111323577,0.9397859856326751,0.015000018457535753,0.010000143957218327,0.015000015661557127,0.014999999800723153,-0.014399981151881625,0.4003249704837799,0.37549562454223634,0.024829345941543568,18.4,18.4,trapezoid_from_zero_normalized_by_max_fraction
cicids2017_binary,42,rid_17c75cd659c9243647caddaa9aa43875,mlp,lime,correlation_group_median,group_wise,deletion,1,ATTACK,True,1,ATTACK,1.0,0.999639070534613,50,0.9343144383063191,0.32301811343656844,0.5165651790758561,0.6112963248697505,0.417749259230463,0.06157643498256132,0.029819135425777632,0.5528508194352263,0.6108568906784058,0.2917299009859562,0.31912698969244957,54.2,42.992,trapezoid_from_zero_normalized_by_max_fraction
cicids2017_binary,42,rid_accf8c0dda146c4a242cdc9d8885e717,mlp,lime,correlation_group_median,group_wise,deletion,1,ATTACK,True,1,ATTACK,1.0,0.999639070534613,50,0.9496929122040456,0.48886603654152894,0.5584891651702991,0.4608268756625166,0.3912037470337465,0.0657488328125574,0.03129706430419771,0.3994846296262891,0.7116686105728149,0.4538544012457132,0.25781420932710175,54.2,40.312,trapezoid_from_zero_normalized_by_max_fraction
cicids2017_binary,42,rid_8593525157bd8c913dcb6144108b0a95,mlp,lime,correlation_group_median,group_wise,deletion,1,ATTACK,True,1,ATTACK,1.0,0.999639070534613,50,0.9497396218939684,0.2959184753470795,0.5018764017921095,0.6538211465468888,0.44786322010185897,0.06056202339042302,0.02921241769849971,0.5965648078578294,0.792691171169281,0.43229852323234075,0.36039264793694026,54.2,43.55200000000001,trapezoid_from_zero_normalized_by_max_fraction
cicids2017_binary,42,rid_09a527fea31178a9ad0ecb1fc521e8fb,mlp,lime,correlation_group_median,group_wise,deletion,0,BENIGN,True,0,BENIGN,0.9999952757530082,0.0003562052183951,50,0.06732732784887502,0.052312589336551585,0.02128721632018893,0.015014738512323447,0.046040111528686097,0.0030491798427617666,0.0016360170740761224,0.011808145047134247,0.33511772751808167,0.561461326167453,-0.22634359864937137,52.6,43.96,trapezoid_from_zero_normalized_by_max_fraction
cicids2017_binary,42,rid_e7974d4f4c91f9e013db09642e33bb70,mlp,lime,correlation_group_median,group_wise,deletion,0,BENIGN,True,0,BENIGN,0.9999983427942424,0.0003592722596294,50,0.03062222714147538,0.021438257147667096,0.15443072000274838,0.009183969993808279,-0.12380849286127302,0.0022642544900669482,0.0012192765541273421,0.006794187947718688,0.5404592752456665,0.4233264356255531,0.1171328396201134,52.8,46.772,trapezoid_from_zero_normalized_by_max_fraction
cicids2017_binary,42,rid_9f3a7f0f10b651a421dd35c1b1afb71c,mlp,lime,correlation_group_median,group_wise,deletion,0,BENIGN,True,0,BENIGN,0.9999904021324256,0.0003513315978125,50,0.06546189397445232,0.045740134170130425,0.024677205290680886,0.019721759804321892,0.040784688683771435,0.0032123372387370653,0.0017509114459792377,0.016289973370202587,0.41964253783226013,0.5830721034486779,-0.16342956561641775,52.6,45.044000000000004,trapezoid_from_zero_normalized_by_max_fraction
cicids2017_binary,42,rid_8c9bdead15ce16a77b48e3372d9a8a3d,mlp,lime,correlation_group_median,group_wise,deletion,0,BENIGN,True,0,BENIGN,0.9999991939071152,0.0003601233725021,50,0.06935691623052946,0.05047938419767854,0.016660320362683063,0.01887753203285092,0.052696595867846405,0.002528287035898932,0.0013345120350935669,0.016261888444067528,0.32264938950538635,0.5218208057601005,-0.19917141625471413,52.6,44.58,trapezoid_from_zero_normalized_by_max_fraction
cicids2017_binary,42,rid_894f119af6edccd4268535184bc340cf,mlp,lime,correlation_group_median,group_wise,deletion,0,BENIGN,True,0,BENIGN,0.999999723481352,0.000360652946739,50,0.07092223012411267,0.0561505493350672,0.022199283033840563,0.014771680789045475,0.04872294709027211,0.0038278574977027003,0.002035779544560332,0.010781552881707224,0.30138474702835083,0.48790206022933125,-0.18651731320098042,52.6,44.252,trapezoid_from_zero_normalized_by_max_fraction
cicids2017_binary,42,rid_0d983e5b8810b377ec14cf6f0ef744a4,mlp,lime,correlation_group_median,group_wise,deletion,0,BENIGN,True,0,BENIGN,1.0,0.000360929465387,50,0.21127660597358278,0.03276151836798468,0.06247284466245516,0.1785150876055981,0.14880376131112763,0.010745254304387523,0.007610487559650334,0.16359853198868343,0.5571349859237671,0.7140174220204354,-0.1568824360966683,52.8,42.227999999999994,trapezoid_from_zero_normalized_by_max_fraction
cicids2017_binary,42,rid_12f800a48f581538facdec51ab2454d7,mlp,lime,correlation_group_median,group_wise,deletion,0,BENIGN,True,0,BENIGN,0.9999937983752716,0.0003547278406585,50,0.06801171302545299,0.04962361482720348,0.020646034098282293,0.01838809819824951,0.047365678927170696,0.002068260963614781,0.001108424248883043,0.016215586670438743,0.34508663415908813,0.5637847667336463,-0.21869813257455817,52.6,44.636,trapezoid_from_zero_normalized_by_max_fraction
cicids2017_binary,42,rid_408ae7c441d02f646de26fd9bdce1d45,mlp,lime,correlation_group_median,group_wise,deletion,1,ATTACK,True,1,ATTACK,0.9999987483024596,0.9996378188370726,50,0.7609309650957584,0.7079904917553067,0.46959207206964493,0.05294047334045172,0.2913388930261135,0.010893503753458725,0.007784419455185475,0.03768301120828819,0.14275749027729034,0.12450184506177901,0.018255645215511332,52.6,48.724000000000004,trapezoid_from_zero_normalized_by_max_fraction
cicids2017_binary,42,rid_cf4ebdc12c3cb032b70b55c77a7cb796,mlp,lime,correlation_group_median,group_wise,deletion,1,ATTACK,True,1,ATTACK,1.0,0.999639070534613,50,0.9482033810115695,0.5948093564983801,0.5462593988980833,0.35339402451318924,0.40194398211348614,0.055536124973537854,0.02576036783079857,0.30290370356482405,0.7192553877830505,0.4895818301737309,0.22967355760931962,54.2,40.644,trapezoid_from_zero_normalized_by_max_fraction
cicids2017_binary,42,rid_12888033c44aa2549d48f3c7bd216973,mlp,lime,correlation_group_median,group_wise,deletion,1,ATTACK,True,1,ATTACK,1.0,0.999639070534613,50,0.8485443570330972,0.24525333721456558,0.5108592603274618,0.6032910198185316,0.3376850967056354,0.052947198380533744,0.027765847984902173,0.5488699577681233,0.5227113366127014,0.3058415612950921,0.21686977531760931,52.6,39.304,trapezoid_from_zero_normalized_by_max_fraction
cicids2017_binary,42,rid_c084b42c4af4241dd19e6d04badcf8b5,mlp,lime,correlation_group_median,group_wise,deletion,1,ATTACK,True,1,ATTACK,1.0,0.999639070534613,50,0.8496925872022985,0.4824746672351081,0.49333711111183687,0.3672179199671903,0.35635547609046153,0.06264364228565489,0.029819050774741153,0.3087725804486976,0.5642141103744507,0.416587785422802,0.14762632495164868,52.6,39.208,trapezoid_from_zero_normalized_by_max_fraction
cicids2017_binary,42,rid_08c29756d968418335a9524cb0092fef,mlp,lime,correlation_group_median,group_wise,deletion,1,ATTACK,True,1,ATTACK,1.0,0.999639070534613,50,0.9455578843283546,0.3400932830258161,0.5016345092591696,0.6054646013025387,0.4439233750691849,0.06132713786557122,0.029495344766732205,0.5476537255597436,0.6475887894630432,0.33294560344889756,0.31464318601414565,54.2,38.652,trapezoid_from_zero_normalized_by_max_fraction
cicids2017_binary,42,rid_1c419a3f15eb43644fa650ff6ad71b8a,mlp,lime,correlation_group_median,group_wise,deletion,0,BENIGN,True,0,BENIGN,0.999999999995775,0.000360929461162,50,0.028813848228337165,0.2811374505522214,0.2159127586688954,-0.25232360232388423,-0.1870989104405582,0.042207443718815046,0.025462209800369763,-0.30222953353260895,0.23164138197898865,0.19074313251674174,0.040898249462246905,54.4,45.28,trapezoid_from_zero_normalized_by_max_fraction
cicids2017_binary,42,rid_17c75cd659c9243647caddaa9aa43875,mlp,lime,correlation_group_median,group_wise,insertion,1,ATTACK,True,1,ATTACK,1.0,0.999639070534613,50,0.8810856055468321,0.4419856022053936,0.805740450592364,0.4391000033414384,0.07534515495446804,0.062315830610906744,0.02968256258905902,0.3809221806668827,0.6108568906784058,0.2917299009859562,0.31912698969244957,54.2,42.992,trapezoid_from_zero_normalized_by_max_fraction
cicids2017_binary,42,rid_accf8c0dda146c4a242cdc9d8885e717,mlp,lime,correlation_group_median,group_wise,insertion,1,ATTACK,True,1,ATTACK,1.0,0.999639070534613,50,0.8810856055468321,0.576544298522339,0.779557849473193,0.3045413070244931,0.1015277560736391,0.06135969818608136,0.028996831048492412,0.24770751816944797,0.7116686105728149,0.4538544012457132,0.25781420932710175,54.2,40.312,trapezoid_from_zero_normalized_by_max_fraction
cicids2017_binary,42,rid_8593525157bd8c913dcb6144108b0a95,mlp,lime,correlation_group_median,group_wise,insertion,1,ATTACK,True,1,ATTACK,1.0,0.999639070534613,50,0.8810856055468321,0.3621339842106138,0.789672280540746,0.5189516213362183,0.09141332500608601,0.06566538185081061,0.03131006798697738,0.45758388808174266,0.792691171169281,0.43229852323234075,0.36039264793694026,54.2,43.55200000000001,trapezoid_from_zero_normalized_by_max_fraction
cicids2017_binary,42,rid_09a527fea31178a9ad0ecb1fc521e8fb,mlp,lime,correlation_group_median,group_wise,insertion,0,BENIGN,True,0,BENIGN,0.9999952757530082,0.0003562052183951,50,0.068910194112118,0.059751789378591866,0.0678223412879893,0.009158404733526141,0.001087852824128708,0.002286073033635745,0.0012131698555248526,0.00678059181669743,0.33511772751808167,0.561461326167453,-0.22634359864937137,52.6,43.96,trapezoid_from_zero_normalized_by_max_fraction
cicids2017_binary,42,rid_e7974d4f4c91f9e013db09642e33bb70,mlp,lime,correlation_group_median,group_wise,insertion,0,BENIGN,True,0,BENIGN,0.9999983427942424,0.0003592722596294,50,0.06891158595274191,0.06577457883594372,-0.024027614456438286,0.0031370071167982003,0.0929392004091802,0.0006892678333422671,0.00046581574707441693,0.002224008252532343,0.5404592752456665,0.4233264356255531,0.1171328396201134,52.8,46.772,trapezoid_from_zero_normalized_by_max_fraction
cicids2017_binary,42,rid_9f3a7f0f10b651a421dd35c1b1afb71c,mlp,lime,correlation_group_median,group_wise,insertion,0,BENIGN,True,0,BENIGN,0.9999904021324256,0.0003513315978125,50,0.06890612542450754,0.06215723824403187,0.06760141997838316,0.006748887180475663,0.0013047054461243755,0.0015435676583651853,0.0008113991355970027,0.005158544874705538,0.41964253783226013,0.5830721034486779,-0.16342956561641775,52.6,45.044000000000004,trapezoid_from_zero_normalized_by_max_fraction
cicids2017_binary,42,rid_8c9bdead15ce16a77b48e3372d9a8a3d,mlp,lime,correlation_group_median,group_wise,insertion,0,BENIGN,True,0,BENIGN,0.9999991939071152,0.0003601233725021,50,0.06891376567249238,0.06540482173411016,0.06812353669739021,0.0035089439383822313,0.000790228975102169,0.0007572285840340194,0.00048717900527060564,0.002554073088051844,0.32264938950538635,0.5218208057601005,-0.19917141625471413,52.6,44.58,trapezoid_from_zero_normalized_by_max_fraction
cicids2017_binary,42,rid_894f119af6edccd4268535184bc340cf,mlp,lime,correlation_group_median,group_wise,insertion,0,BENIGN,True,0,BENIGN,0.999999723481352,0.000360652946739,50,0.06891414526679682,0.049249211398738904,0.0677937410501553,0.019664933868057913,0.0011204042166415235,0.004349255938129647,0.002350264697755305,0.015058415060457516,0.30138474702835083,0.48790206022933125,-0.18651731320098042,52.6,44.252,trapezoid_from_zero_normalized_by_max_fraction
cicids2017_binary,42,rid_0d983e5b8810b377ec14cf6f0ef744a4,mlp,lime,correlation_group_median,group_wise,insertion,0,BENIGN,True,0,BENIGN,1.0,0.000360929465387,50,0.06890379106366995,0.05969010271387391,0.06766178643049775,0.009213688349796035,0.0012420046331722023,0.0028296466760968355,0.002696620536127254,0.003928312098986617,0.5571349859237671,0.7140174220204354,-0.1568824360966683,52.8,42.227999999999994,trapezoid_from_zero_normalized_by_max_fraction
cicids2017_binary,42,rid_12f800a48f581538facdec51ab2454d7,mlp,lime,correlation_group_median,group_wise,insertion,0,BENIGN,True,0,BENIGN,0.9999937983752716,0.0003547278406585,50,0.0689094029349917,0.06610053688945618,0.06830327072670635,0.002808866045535525,0.0006061322082853573,0.0006026385214333697,0.00036646989501008977,0.0020905850513157492,0.34508663415908813,0.5637847667336463,-0.21869813257455817,52.6,44.636,trapezoid_from_zero_normalized_by_max_fraction
cicids2017_binary,42,rid_408ae7c441d02f646de26fd9bdce1d45,mlp,lime,correlation_group_median,group_wise,insertion,1,ATTACK,True,1,ATTACK,0.9999987483024596,0.9996378188370726,50,0.880652530118823,0.8591847001761199,0.8120727326553314,0.02146782994270325,0.06857979746349156,0.004169788379729178,0.004160768089131167,0.013312724488006161,0.14275749027729034,0.12450184506177901,0.018255645215511332,52.6,48.724000000000004,trapezoid_from_zero_normalized_by_max_fraction
cicids2017_binary,42,rid_cf4ebdc12c3cb032b70b55c77a7cb796,mlp,lime,correlation_group_median,group_wise,insertion,1,ATTACK,True,1,ATTACK,1.0,0.999639070534613,50,0.8810832869261502,0.6158152683109099,0.7635289415822379,0.2652680186152404,0.11755434534391239,0.05774525596625839,0.0268402869169916,0.21266105625793688,0.7192553877830505,0.4895818301737309,0.22967355760931962,54.2,40.644,trapezoid_from_zero_normalized_by_max_fraction
cicids2017_binary,42,rid_12888033c44aa2549d48f3c7bd216973,mlp,lime,correlation_group_median,group_wise,insertion,1,ATTACK,True,1,ATTACK,1.0,0.999639070534613,50,0.782979229465127,0.5190416083516138,0.7667927246097634,0.26393762111351315,0.0161865048553635,0.05775121227942474,0.02766165639534442,0.20972077457863808,0.5227113366127014,0.3058415612950921,0.21686977531760931,52.6,39.304,trapezoid_from_zero_normalized_by_max_fraction
cicids2017_binary,42,rid_c084b42c4af4241dd19e6d04badcf8b5,mlp,lime,correlation_group_median,group_wise,insertion,1,ATTACK,True,1,ATTACK,1.0,0.999639070534613,50,0.7915461245924235,0.6126806752180524,0.8090612285255024,0.17886544937437113,-0.017515103933078997,0.053210085040222094,0.02494491587026822,0.12997341426864542,0.5642141103744507,0.416587785422802,0.14762632495164868,52.6,39.208,trapezoid_from_zero_normalized_by_max_fraction
cicids2017_binary,42,rid_08c29756d968418335a9524cb0092fef,mlp,lime,correlation_group_median,group_wise,insertion,1,ATTACK,True,1,ATTACK,1.0,0.999639070534613,50,0.8809272658079863,0.5338609559192542,0.7694006714100595,0.34706630988873216,0.11152659439792678,0.05967580052831394,0.028304668848250638,0.2915891589461609,0.6475887894630432,0.33294560344889756,0.31464318601414565,54.2,38.652,trapezoid_from_zero_normalized_by_max_fraction
cicids2017_binary,42,rid_1c419a3f15eb43644fa650ff6ad71b8a,mlp,lime,correlation_group_median,group_wise,insertion,0,BENIGN,True,0,BENIGN,0.999999999995775,0.000360929461162,50,-0.3328056092683029,0.015721478527373683,-0.014968933041296616,-0.34852708779567654,-0.3178366762270063,0.019442222921334077,0.014044095616220395,-0.3760535152034685,0.23164138197898865,0.19074313251674174,0.040898249462246905,54.4,45.28,trapezoid_from_zero_normalized_by_max_fraction
cicids2017_binary,42,rid_17c75cd659c9243647caddaa9aa43875,mlp,lime,correlation_group_joint_donor,group_wise_dependency_preserving,deletion,1,ATTACK,True,1,ATTACK,1.0,0.999639070534613,50,0.5403523471890488,0.37751681187591346,0.44315756752245367,0.16283553531313533,0.09719477966659516,0.06084692096253501,0.029428398019659435,0.10515587519460284,0.6481651663780212,0.3859486971795559,0.26221646919846536,54.2,39.196000000000005,trapezoid_from_zero_normalized_by_max_fraction
cicids2017_binary,42,rid_accf8c0dda146c4a242cdc9d8885e717,mlp,lime,correlation_group_joint_donor,group_wise_dependency_preserving,deletion,1,ATTACK,True,1,ATTACK,1.0,0.999639070534613,50,0.5999652456623388,0.5840734697554415,0.4518144997852822,0.015891775906897165,0.14815074587705657,0.0621703008821179,0.02938928710762424,-0.04171122682404634,0.4797988533973694,0.3990925813317299,0.08070627206563946,54.2,41.908,trapezoid_from_zero_normalized_by_max_fraction
cicids2017_binary,42,rid_8593525157bd8c913dcb6144108b0a95,mlp,lime,correlation_group_joint_donor,group_wise_dependency_preserving,deletion,1,ATTACK,True,1,ATTACK,1.0,0.999639070534613,50,0.40001160766545163,0.41668675428959634,0.4164507788382277,-0.01667514662414476,-0.016439171172776053,0.061860364934116036,0.030085496562334196,-0.07564271988631979,0.8221307992935181,0.5218594765365124,0.30027132275700563,54.2,45.372,trapezoid_from_zero_normalized_by_max_fraction
cicids2017_binary,42,rid_09a527fea31178a9ad0ecb1fc521e8fb,mlp,lime,correlation_group_joint_donor,group_wise_dependency_preserving,deletion,0,BENIGN,True,0,BENIGN,0.9999952757530082,0.0003562052183951,50,0.2074687839871015,0.2470761532799474,0.26914905150126495,-0.03960736929284585,-0.061680267514163445,0.05357068872616422,0.027518060059986766,-0.09354276701041991,0.5003390312194824,0.46809470307826995,0.032244328141212475,52.6,42.275999999999996,trapezoid_from_zero_normalized_by_max_fraction
cicids2017_binary,42,rid_e7974d4f4c91f9e013db09642e33bb70,mlp,lime,correlation_group_joint_donor,group_wise_dependency_preserving,deletion,0,BENIGN,True,0,BENIGN,0.9999983427942424,0.0003592722596294,50,0.2061327531926963,0.26453779460039817,0.24527641150846216,-0.05840504140770186,-0.039143658315765856,0.05526646840172472,0.027483476859567545,-0.11227265605245425,0.9881070852279663,0.9860911391973495,0.002015946030616833,52.8,51.496,trapezoid_from_zero_normalized_by_max_fraction
cicids2017_binary,42,rid_9f3a7f0f10b651a421dd35c1b1afb71c,mlp,lime,correlation_group_joint_donor,group_wise_dependency_preserving,deletion,0,BENIGN,True,0,BENIGN,0.9999904021324256,0.0003513315978125,50,0.5995762730765832,0.22695519341454706,0.26382147879852036,0.37262107966203617,0.3357547942780629,0.05245395267060001,0.025404630741560824,0.322828003408577,0.5880431532859802,0.7811125091761351,-0.19306935589015484,52.6,38.212,trapezoid_from_zero_normalized_by_max_fraction
cicids2017_binary,42,rid_8c9bdead15ce16a77b48e3372d9a8a3d,mlp,lime,correlation_group_joint_donor,group_wise_dependency_preserving,deletion,0,BENIGN,True,0,BENIGN,0.9999991939071152,0.0003601233725021,50,0.5353141712432744,0.2647610641694272,0.3617609187989305,0.27055310707384733,0.17355325244434394,0.0563600406263287,0.027895414335537546,0.21587809497619376,0.03006320632994175,0.027563915092498066,0.0024992912374436835,52.6,40.224000000000004,trapezoid_from_zero_normalized_by_max_fraction
cicids2017_binary,42,rid_894f119af6edccd4268535184bc340cf,mlp,lime,correlation_group_joint_donor,group_wise_dependency_preserving,deletion,0,BENIGN,True,0,BENIGN,0.999999723481352,0.000360652946739,50,0.8499997468564381,0.28095672137021244,0.3163868880712682,0.5690430254862255,0.5336128587851698,0.05723923527198156,0.027994577323981147,0.5141736539312225,0.12392406165599823,0.08837458660081028,0.03554947505518795,52.6,42.464,trapezoid_from_zero_normalized_by_max_fraction
cicids2017_binary,42,rid_0d983e5b8810b377ec14cf6f0ef744a4,mlp,lime,correlation_group_joint_donor,group_wise_dependency_preserving,deletion,0,BENIGN,True,0,BENIGN,1.0,0.000360929465387,50,0.20002092200736568,0.23884094794739022,0.22311007885732664,-0.03882002594002451,-0.02308915684996095,0.04751750084309724,0.02602694344531991,-0.08983283509285153,0.5809687376022339,0.7332620801329612,-0.15229334253072735,52.8,43.108,trapezoid_from_zero_normalized_by_max_fraction
cicids2017_binary,42,rid_12f800a48f581538facdec51ab2454d7,mlp,lime,correlation_group_joint_donor,group_wise_dependency_preserving,deletion,0,BENIGN,True,0,BENIGN,0.9999937983752716,0.0003547278406585,50,0.24325316140901662,0.3234808784234788,0.27499774336606886,-0.08022771701446216,-0.031744581957052265,0.0582571229805768,0.029099248857467966,-0.13726224477509938,0.7008386850357056,0.8570798068046571,-0.15624112176895155,52.6,48.208000000000006,trapezoid_from_zero_normalized_by_max_fraction
cicids2017_binary,42,rid_408ae7c441d02f646de26fd9bdce1d45,mlp,lime,correlation_group_joint_donor,group_wise_dependency_preserving,deletion,1,ATTACK,True,1,ATTACK,0.9999987483024596,0.9996378188370726,50,0.7210764973327854,0.4583665972751776,0.5094867817016556,0.2627099000576079,0.2115897156311299,0.06437308085482471,0.030651131936955477,0.2026336814611752,0.45850953459739685,0.6153647611141205,-0.15685522651672368,52.6,44.839999999999996,trapezoid_from_zero_normalized_by_max_fraction
cicids2017_binary,42,rid_cf4ebdc12c3cb032b70b55c77a7cb796,mlp,lime,correlation_group_joint_donor,group_wise_dependency_preserving,deletion,1,ATTACK,True,1,ATTACK,1.0,0.999639070534613,50,0.6656457311843569,0.5806771558424718,0.45816385543846094,0.08496857534188505,0.2074818757458959,0.06127266056724606,0.02921353238841965,0.027710051860582535,0.8474639654159546,0.9128903294503689,-0.06542636403441426,54.2,39.136,trapezoid_from_zero_normalized_by_max_fraction
cicids2017_binary,42,rid_12888033c44aa2549d48f3c7bd216973,mlp,lime,correlation_group_joint_donor,group_wise_dependency_preserving,deletion,1,ATTACK,True,1,ATTACK,1.0,0.999639070534613,50,0.3500035169143274,0.4675582870961467,0.4269270644453258,-0.11755477018181934,-0.07692354753099839,0.060531640662879735,0.02918767595866216,-0.17476261506079716,0.7958852648735046,0.8907988373041154,-0.09491357243061072,52.6,38.036,trapezoid_from_zero_normalized_by_max_fraction
cicids2017_binary,42,rid_c084b42c4af4241dd19e6d04badcf8b5,mlp,lime,correlation_group_joint_donor,group_wise_dependency_preserving,deletion,1,ATTACK,True,1,ATTACK,1.0,0.999639070534613,50,0.35037334475897525,0.5249984597903936,0.4649095007267999,-0.17462511503141828,-0.11453615596782465,0.06250682330187146,0.029834169427264086,-0.23310008710885588,0.576585590839386,0.5054736153781414,0.07111197546124459,52.6,42.816,trapezoid_from_zero_normalized_by_max_fraction
cicids2017_binary,42,rid_08c29756d968418335a9524cb0092fef,mlp,lime,correlation_group_joint_donor,group_wise_dependency_preserving,deletion,1,ATTACK,True,1,ATTACK,1.0,0.999639070534613,50,0.2520372331142426,0.47340356796223954,0.39907105885074845,-0.22136633484799698,-0.14703382573650586,0.05918559426771121,0.028879156301139196,-0.2779694811982298,0.7305880188941956,0.423597822278738,0.30699019661545757,54.2,38.98799999999999,trapezoid_from_zero_normalized_by_max_fraction
cicids2017_binary,42,rid_1c419a3f15eb43644fa650ff6ad71b8a,mlp,lime,correlation_group_joint_donor,group_wise_dependency_preserving,deletion,0,BENIGN,True,0,BENIGN,0.999999999995775,0.000360929461162,50,0.1951760227097815,0.28525222665642047,0.32880210925091014,-0.09007620394663893,-0.13362608654112862,0.05510750003318316,0.027292447586314585,-0.14356940121581552,0.3520272970199585,0.6035691566467285,-0.25154185962677,54.4,49.124,trapezoid_from_zero_normalized_by_max_fraction
cicids2017_binary,42,rid_17c75cd659c9243647caddaa9aa43875,mlp,lime,correlation_group_joint_donor,group_wise_dependency_preserving,insertion,1,ATTACK,True,1,ATTACK,1.0,0.999639070534613,50,2.264976501464844e-07,-0.2602410421628642,-0.10026170280565921,0.26024126866051434,0.10026192930330938,0.05428670367749431,0.024983547493114877,0.21127351557400917,0.6481651663780212,0.3859486971795559,0.26221646919846536,54.2,39.196000000000005,trapezoid_from_zero_normalized_by_max_fraction
cicids2017_binary,42,rid_accf8c0dda146c4a242cdc9d8885e717,mlp,lime,correlation_group_joint_donor,group_wise_dependency_preserving,insertion,1,ATTACK,True,1,ATTACK,1.0,0.999639070534613,50,-0.04884497523307801,-0.19937485673526656,-0.11926246541014693,0.15052988150218855,0.07041749017706894,0.05184287269281734,0.024332275210729955,0.10283862208915784,0.4797988533973694,0.3990925813317299,0.08070627206563946,54.2,41.908,trapezoid_from_zero_normalized_by_max_fraction
cicids2017_binary,42,rid_8593525157bd8c913dcb6144108b0a95,mlp,lime,correlation_group_joint_donor,group_wise_dependency_preserving,insertion,1,ATTACK,True,1,ATTACK,1.0,0.999639070534613,50,-0.02065284550189972,-0.24714455520248715,-0.08881107205375281,0.22649170970058746,0.0681582265518531,0.055514030352329935,0.025625841041215857,0.1762650612598044,0.8221307992935181,0.5218594765365124,0.30027132275700563,54.2,45.372,trapezoid_from_zero_normalized_by_max_fraction
cicids2017_binary,42,rid_09a527fea31178a9ad0ecb1fc521e8fb,mlp,lime,correlation_group_joint_donor,group_wise_dependency_preserving,insertion,0,BENIGN,True,0,BENIGN,0.9999952757530082,0.0003562052183951,50,0.9499055004928323,0.8389040770060217,0.9008062683366733,0.11100142348681069,0.04909923215615894,0.03613380476409488,0.01671187778424548,0.07824614302968955,0.5003390312194824,0.46809470307826995,0.032244328141212475,52.6,42.275999999999996,trapezoid_from_zero_normalized_by_max_fraction
cicids2017_binary,42,rid_e7974d4f4c91f9e013db09642e33bb70,mlp,lime,correlation_group_joint_donor,group_wise_dependency_preserving,insertion,0,BENIGN,True,0,BENIGN,0.9999983427942424,0.0003592722596294,50,0.9497849795659477,0.9183937270301549,0.8746331694659464,0.03139125253579277,0.07515181010000128,0.018434107988866813,0.01116949600050102,0.009499040374810773,0.9881070852279663,0.9860911391973495,0.002015946030616833,52.8,51.496,trapezoid_from_zero_normalized_by_max_fraction
cicids2017_binary,42,rid_9f3a7f0f10b651a421dd35c1b1afb71c,mlp,lime,correlation_group_joint_donor,group_wise_dependency_preserving,insertion,0,BENIGN,True,0,BENIGN,0.9999904021324256,0.0003513315978125,50,-0.07705744489458084,-0.14181867100369822,-0.03517876930007866,0.06476122610911736,-0.04187867559450218,0.042561009269148846,0.019765639981330373,0.026020571745709827,0.5880431532859802,0.7811125091761351,-0.19306935589015484,52.6,38.212,trapezoid_from_zero_normalized_by_max_fraction
cicids2017_binary,42,rid_8c9bdead15ce16a77b48e3372d9a8a3d,mlp,lime,correlation_group_joint_donor,group_wise_dependency_preserving,insertion,0,BENIGN,True,0,BENIGN,0.9999991939071152,0.0003601233725021,50,4.348082244121088e-06,-0.10869671247640378,-0.058555728305949316,0.10870106055864792,0.05856007638819344,0.03775001649926273,0.01772567228370628,0.07395874288258361,0.03006320632994175,0.027563915092498066,0.0024992912374436835,52.6,40.224000000000004,trapezoid_from_zero_normalized_by_max_fraction
cicids2017_binary,42,rid_894f119af6edccd4268535184bc340cf,mlp,lime,correlation_group_joint_donor,group_wise_dependency_preserving,insertion,0,BENIGN,True,0,BENIGN,0.999999723481352,0.000360652946739,50,7.182444112254215e-05,-0.09119107368658869,-0.056427545654308284,0.09126289812771124,0.05649937009543084,0.02948455410861093,0.014921145305996699,0.06201745332795771,0.12392406165599823,0.08837458660081028,0.03554947505518795,52.6,42.464,trapezoid_from_zero_normalized_by_max_fraction
cicids2017_binary,42,rid_0d983e5b8810b377ec14cf6f0ef744a4,mlp,lime,correlation_group_joint_donor,group_wise_dependency_preserving,insertion,0,BENIGN,True,0,BENIGN,1.0,0.000360929465387,50,0.0008275641777473197,-0.07207713073056944,-0.014063111080498118,0.07290469490831676,0.014890675258245436,0.025120666139245112,0.012892307541432325,0.047635772127109406,0.5809687376022339,0.7332620801329612,-0.15229334253072735,52.8,43.108,trapezoid_from_zero_normalized_by_max_fraction
cicids2017_binary,42,rid_12f800a48f581538facdec51ab2454d7,mlp,lime,correlation_group_joint_donor,group_wise_dependency_preserving,insertion,0,BENIGN,True,0,BENIGN,0.9999937983752716,0.0003547278406585,50,-8.167461449054559e-06,-0.08914412386428662,-0.031418246704291636,0.08913595640283756,0.03141007924284258,0.03109236570909421,0.014697751831528338,0.06032836281304202,0.7008386850357056,0.8570798068046571,-0.15624112176895155,52.6,48.208000000000006,trapezoid_from_zero_normalized_by_max_fraction
cicids2017_binary,42,rid_408ae7c441d02f646de26fd9bdce1d45,mlp,lime,correlation_group_joint_donor,group_wise_dependency_preserving,insertion,1,ATTACK,True,1,ATTACK,0.9999987483024596,0.9996378188370726,50,0.9425278651920053,0.7104223273089332,0.7207881898806904,0.23210553788307212,0.22173967531131492,0.04925966721600614,0.02503640919774745,0.18303417585548712,0.45850953459739685,0.6153647611141205,-0.15685522651672368,52.6,44.839999999999996,trapezoid_from_zero_normalized_by_max_fraction
cicids2017_binary,42,rid_cf4ebdc12c3cb032b70b55c77a7cb796,mlp,lime,correlation_group_joint_donor,group_wise_dependency_preserving,insertion,1,ATTACK,True,1,ATTACK,1.0,0.999639070534613,50,0.9499965925384004,0.615139835328584,0.8204137277810125,0.3348567572098164,0.12958286475738784,0.059223812468533435,0.028272907753288466,0.279441858013371,0.8474639654159546,0.9128903294503689,-0.06542636403441426,54.2,39.136,trapezoid_from_zero_normalized_by_max_fraction
cicids2017_binary,42,rid_12888033c44aa2549d48f3c7bd216973,mlp,lime,correlation_group_joint_donor,group_wise_dependency_preserving,insertion,1,ATTACK,True,1,ATTACK,1.0,0.999639070534613,50,0.9439973692176153,0.6769279250696241,0.8297507123459089,0.2670694441479913,0.11424665687170645,0.05116283797176214,0.024483952193732485,0.2190808978482756,0.7958852648735046,0.8907988373041154,-0.09491357243061072,52.6,38.036,trapezoid_from_zero_normalized_by_max_fraction
cicids2017_binary,42,rid_c084b42c4af4241dd19e6d04badcf8b5,mlp,lime,correlation_group_joint_donor,group_wise_dependency_preserving,insertion,1,ATTACK,True,1,ATTACK,1.0,0.999639070534613,50,2.5594234466552733e-05,-0.13798259648423922,-0.0800580703326164,0.1380081907187058,0.08008366456708294,0.03252339254791681,0.015019468605273052,0.10857003225237061,0.576585590839386,0.5054736153781414,0.07111197546124459,52.6,42.816,trapezoid_from_zero_normalized_by_max_fraction
cicids2017_binary,42,rid_08c29756d968418335a9524cb0092fef,mlp,lime,correlation_group_joint_donor,group_wise_dependency_preserving,insertion,1,ATTACK,True,1,ATTACK,1.0,0.999639070534613,50,-0.0881982758641243,-0.25154973808604114,-0.13497172175054334,0.16335146222191682,0.046773445886419046,0.04970499084237896,0.023200303345275338,0.11787886766517716,0.7305880188941956,0.423597822278738,0.30699019661545757,54.2,38.98799999999999,trapezoid_from_zero_normalized_by_max_fraction
cicids2017_binary,42,rid_1c419a3f15eb43644fa650ff6ad71b8a,mlp,lime,correlation_group_joint_donor,group_wise_dependency_preserving,insertion,0,BENIGN,True,0,BENIGN,0.999999999995775,0.000360929461162,50,-0.1000678340324807,-0.12289584659097813,-0.07259473630525667,0.02282801255849744,-0.027473097727224016,0.04031578480514679,0.019283119183920873,-0.01496690104198747,0.3520272970199585,0.6035691566467285,-0.25154185962677,54.4,49.124,trapezoid_from_zero_normalized_by_max_fraction
