task_id,seed,flow_id,model,method,operator,operator_family,functional_check,true_class_id,true_class,class_specific_inference_eligible,target_class_id,target_class,confidence,model_margin,random_feature_repetitions,attribution_effect_aopc,random_effect_mean_aopc,uniform_random_effect_mean_aopc,attribution_minus_random_aopc,attribution_minus_uniform_random_aopc,random_effect_standard_error_aopc,random_aopc_monte_carlo_standard_error,attribution_minus_random_aopc_mc_lower95,attribution_displacement_mean,matched_random_displacement_mean,attribution_minus_matched_displacement,coordinates_changed_mean,matched_random_coordinates_mean,aopc_definition
cicids2017_binary,45,rid_9b7add9a237d82184b6b7ff39481c1e4,cnn,gradient_x_input,training_median,baseline_marginal_constant,deletion,1,ATTACK,True,1,ATTACK,1.0,0.999999136945064,50,0.06826286911964417,0.11788573229301254,0.15538587301309215,-0.049622863173368385,-0.08712300389344799,0.028311095869809684,0.01748358882561524,-0.08389069727157425,0.41554516553878784,0.37215663373470304,0.04338853180408481,18.4,18.4,trapezoid_from_zero_normalized_by_max_fraction
cicids2017_binary,45,rid_dda9091e380531eed540e6956845b29a,cnn,gradient_x_input,training_median,baseline_marginal_constant,deletion,1,ATTACK,True,1,ATTACK,1.0,0.999999136945064,50,0.003553086519241333,0.009763415787514532,0.09487584342948686,-0.006210329268273199,-0.09132275691024552,0.006860807880048088,0.005033982282968406,-0.016076934542891275,0.2982484698295593,0.3228556785583496,-0.024607208728790297,18.4,18.4,trapezoid_from_zero_normalized_by_max_fraction
cicids2017_binary,45,rid_33a4e24bd932f62baa573a0bddad67d9,cnn,gradient_x_input,training_median,baseline_marginal_constant,deletion,0,BENIGN,True,0,BENIGN,0.99999998703493,8.500898660557255e-07,50,1.652998467660538e-07,3.4386670941613404e-05,5.454392925466456e-06,-3.422137109484735e-05,-5.289093078700402e-06,3.0322546835407822e-05,2.1417822186792354e-05,-7.620030258096036e-05,0.3519272804260254,0.25025075033307076,0.10167653009295463,18.4,18.4,trapezoid_from_zero_normalized_by_max_fraction
cicids2017_binary,45,rid_e8510e9693f2cbff6cbd747239acc192,cnn,gradient_x_input,training_median,baseline_marginal_constant,deletion,0,BENIGN,True,0,BENIGN,0.9999999990459304,8.621008664722041e-07,50,5.150276558008038e-08,2.3073677383762533e-05,1.2561756587829209e-05,-2.3022174618182456e-05,-1.2510253822249128e-05,1.6467857848723538e-05,1.5265420982449534e-05,-5.294239974378354e-05,0.20053379237651825,0.17757781436666847,0.022955978009849776,18.4,18.4,trapezoid_from_zero_normalized_by_max_fraction
cicids2017_binary,45,rid_3963f478bfc78e4b0a9249ab93167532,cnn,gradient_x_input,training_median,baseline_marginal_constant,deletion,0,BENIGN,True,0,BENIGN,1.0,8.630549359534541e-07,50,4.175663195549183e-07,0.003011912723176615,0.0035857695762116382,-0.00301149515685706,-0.0035853520098920832,0.0027991619634094495,0.0022962540918086702,-0.0075121531768020545,0.7966510057449341,0.5239229447841645,0.2727280609607696,18.4,18.4,trapezoid_from_zero_normalized_by_max_fraction
cicids2017_binary,45,rid_ea281976da7b154c3824de0ff08c6d17,cnn,gradient_x_input,training_median,baseline_marginal_constant,deletion,0,BENIGN,True,0,BENIGN,0.999999999987372,8.630423079603392e-07,50,2.1276788501722875e-06,0.030576626450510132,0.0014149914943137147,-0.03057449877165996,-0.0014128638154635425,0.016986048993056647,0.010372936553914587,-0.050905454417332546,0.3346063196659088,0.33358739909529683,0.0010189205706119808,18.4,18.4,trapezoid_from_zero_normalized_by_max_fraction
cicids2017_binary,45,rid_b99833a79cf0c33e74f98c4109cd68e7,cnn,gradient_x_input,training_median,baseline_marginal_constant,deletion,0,BENIGN,True,0,BENIGN,1.0,8.630549359622795e-07,50,3.663539083713085e-05,0.0004853322731429476,0.0005585466978271662,-0.00044869688230581673,-0.0005219113069900355,0.0003602913471053096,0.00027800713335985076,-0.0009935908636911242,0.7750170826911926,0.7411784077882766,0.03383867490291603,18.4,18.4,trapezoid_from_zero_normalized_by_max_fraction
cicids2017_binary,45,rid_37306e371682683f03a9eb90718852b4,cnn,gradient_x_input,training_median,baseline_marginal_constant,deletion,0,BENIGN,True,0,BENIGN,0.999999997016666,8.600716019380172e-07,50,4.049886881407616e-08,1.0056180151727488e-05,1.0838651684991653e-05,-1.0015681282913413e-05,-1.0798152816177575e-05,7.120286584159973e-06,4.4024638507354005e-06,-1.8644510430354796e-05,0.21261689066886902,0.176235177799128,0.03638171286974101,18.4,18.4,trapezoid_from_zero_normalized_by_max_fraction
cicids2017_binary,45,rid_4776f9e633f76666e87767d015ecfe74,cnn,gradient_x_input,training_median,baseline_marginal_constant,deletion,0,BENIGN,True,0,BENIGN,0.9999999827510244,8.458059603810852e-07,50,6.582513023545288e-09,4.5508278192935903e-05,2.2816635170702648e-05,-4.550169567991236e-05,-2.2810052657679104e-05,2.1885743909077457e-05,1.4668665090630996e-05,-7.425227925754911e-05,0.1500610113143921,0.12947221034020187,0.02058880097419022,18.4,18.4,trapezoid_from_zero_normalized_by_max_fraction
cicids2017_binary,45,rid_a6bbfdbe9c8d78aa6e37f292f71f1f39,cnn,gradient_x_input,training_median,baseline_marginal_constant,deletion,1,ATTACK,True,1,ATTACK,1.0,0.999999136945064,50,0.007996129989624024,0.09036500764460653,0.25661015601205284,-0.08236887765498249,-0.2486140260224288,0.030407909308524224,0.01762349659643855,-0.11691093098400204,0.23893317580223083,0.22648632342368363,0.012446852378547202,18.4,18.4,trapezoid_from_zero_normalized_by_max_fraction
cicids2017_binary,45,rid_fe8c4afabc3da2bc2ce439f44cbe9d0f,cnn,gradient_x_input,training_median,baseline_marginal_constant,deletion,1,ATTACK,True,1,ATTACK,1.0,0.999999136945064,50,0.000337672233581543,0.018739271763246506,0.22601899281676613,-0.018401599529664966,-0.2256813205831846,0.009539043189895461,0.007120788577090766,-0.03235834514076287,0.2572117745876312,0.2291559141194448,0.028055860468186422,18.4,18.4,trapezoid_from_zero_normalized_by_max_fraction
cicids2017_binary,45,rid_40c0725634afa7648eb59f1348d0bd80,cnn,gradient_x_input,training_median,baseline_marginal_constant,deletion,1,ATTACK,True,1,ATTACK,1.0,0.999999136945064,50,0.0012572646141052247,0.39165282879976093,0.3951650328717512,-0.3903955641856557,-0.39390776825764595,0.04528539528382475,0.02674848599888743,-0.442822596743475,0.2584259510040283,0.277970868550241,-0.01954491754621268,18.4,18.4,trapezoid_from_zero_normalized_by_max_fraction
cicids2017_binary,45,rid_45d8990f6431caee2b930f2c84a7afbd,cnn,gradient_x_input,training_median,baseline_marginal_constant,deletion,1,ATTACK,True,1,ATTACK,1.0,0.999999136945064,50,0.06627569198608399,0.11973831041686889,0.3325259597285204,-0.05346261843078492,-0.2662502677424364,0.03361797590979191,0.01969610297890995,-0.09206698026944843,0.3496977686882019,0.276703487268649,0.07299428141955289,18.4,18.4,trapezoid_from_zero_normalized_by_max_fraction
cicids2017_binary,45,rid_c38c3c7f0cf70dc32b2fb9fe3aa7d22d,cnn,gradient_x_input,training_median,baseline_marginal_constant,deletion,1,ATTACK,True,1,ATTACK,1.0,0.999999136945064,50,0.0164755642414093,0.06875027263811262,0.3376913556911728,-0.05227470839670331,-0.3212157914497635,0.024690131070270887,0.0146212856283905,-0.08093242822834869,0.22982971370220184,0.22050013462454077,0.009329579077661077,18.4,18.4,trapezoid_from_zero_normalized_by_max_fraction
cicids2017_binary,45,rid_b5463166d26a4db23a0167640c969f51,cnn,gradient_x_input,training_median,baseline_marginal_constant,deletion,0,BENIGN,True,0,BENIGN,0.9999999265426992,7.895976352756406e-07,50,-2.22828017149013e-09,8.876699219564788e-05,1.2462029823324562e-05,-8.876922047581937e-05,-1.2464258103496051e-05,4.648070535614004e-05,3.226362814949042e-05,-0.0001520059316488206,0.38827627897262573,0.2568401390016079,0.13143613997101783,18.4,18.4,trapezoid_from_zero_normalized_by_max_fraction
cicids2017_binary,45,rid_9f7c169f3f3451a71e4d1103d54762d8,cnn,gradient_x_input,training_median,baseline_marginal_constant,deletion,1,ATTACK,True,1,ATTACK,1.0,0.999999136945064,50,0.00013766884803771974,0.3532416564741949,0.36620188447594954,-0.3531039876261572,-0.3660642156279118,0.03967738688079438,0.024089120639275534,-0.40031866407913724,0.24748475849628448,0.25188837442360823,-0.004403615927323745,18.4,18.4,trapezoid_from_zero_normalized_by_max_fraction
cicids2017_binary,45,rid_9b7add9a237d82184b6b7ff39481c1e4,cnn,gradient_x_input,training_median,baseline_marginal_constant,insertion,1,ATTACK,True,1,ATTACK,1.0,0.999999136945064,50,0.002937736663756141,0.16386929903289305,0.16964776803723794,-0.16093156236913692,-0.1667100313734818,0.03277895423487056,0.019949886606794587,-0.2000333401184543,0.41554516553878784,0.37215663373470304,0.04338853180408481,18.4,18.4,trapezoid_from_zero_normalized_by_max_fraction
cicids2017_binary,45,rid_dda9091e380531eed540e6956845b29a,cnn,gradient_x_input,training_median,baseline_marginal_constant,insertion,1,ATTACK,True,1,ATTACK,1.0,0.999999136945064,50,0.00259115989001657,0.11217176904481971,0.24756363742037263,-0.10958060915480314,-0.24497247753035606,0.02907406962850983,0.017669484984362976,-0.14421279972415457,0.2982484698295593,0.3228556785583496,-0.024607208728790297,18.4,18.4,trapezoid_from_zero_normalized_by_max_fraction
cicids2017_binary,45,rid_33a4e24bd932f62baa573a0bddad67d9,cnn,gradient_x_input,training_median,baseline_marginal_constant,insertion,0,BENIGN,True,0,BENIGN,0.99999998703493,8.500898660557255e-07,50,1.5156054871789948e-06,-2.475192657815739e-05,-4.698350624379444e-05,2.626753206533639e-05,4.8499111730973436e-05,1.5487127962513777e-05,1.1217424915218072e-05,4.28137923150897e-06,0.3519272804260254,0.25025075033307076,0.10167653009295463,18.4,18.4,trapezoid_from_zero_normalized_by_max_fraction
cicids2017_binary,45,rid_e8510e9693f2cbff6cbd747239acc192,cnn,gradient_x_input,training_median,baseline_marginal_constant,insertion,0,BENIGN,True,0,BENIGN,0.9999999990459304,8.621008664722041e-07,50,-2.4355300834599805e-05,-1.3490306792743102e-05,-2.5442431000794463e-05,-1.0864994041856701e-05,1.0871301661946614e-06,9.383085330218353e-06,6.750505100550177e-06,-2.4095984038935046e-05,0.20053379237651825,0.17757781436666847,0.022955978009849776,18.4,18.4,trapezoid_from_zero_normalized_by_max_fraction
cicids2017_binary,45,rid_3963f478bfc78e4b0a9249ab93167532,cnn,gradient_x_input,training_median,baseline_marginal_constant,insertion,0,BENIGN,True,0,BENIGN,1.0,8.630549359534541e-07,50,-1.60404699590444e-05,-0.006378667710172499,-0.010477041141686794,0.006362627240213455,0.01046100067172775,0.004422023059792759,0.0028108864008155477,0.000853289894614982,0.7966510057449341,0.5239229447841645,0.2727280609607696,18.4,18.4,trapezoid_from_zero_normalized_by_max_fraction
cicids2017_binary,45,rid_ea281976da7b154c3824de0ff08c6d17,cnn,gradient_x_input,training_median,baseline_marginal_constant,insertion,0,BENIGN,True,0,BENIGN,0.999999999987372,8.630423079603392e-07,50,-7.748792264861139e-06,-0.0073898546779990176,-0.014953727262808218,0.007382105885734156,0.014945978470543356,0.0058601598648895074,0.004041966290390901,-0.0005401480434320087,0.3346063196659088,0.33358739909529683,0.0010189205706119808,18.4,18.4,trapezoid_from_zero_normalized_by_max_fraction
cicids2017_binary,45,rid_b99833a79cf0c33e74f98c4109cd68e7,cnn,gradient_x_input,training_median,baseline_marginal_constant,insertion,0,BENIGN,True,0,BENIGN,1.0,8.630549359622795e-07,50,-5.452279849638142e-06,-0.007434475538289214,-0.0062213822660419915,0.007429023258439575,0.006215929986192353,0.006116197648431014,0.004516152604826726,-0.0014226358470208079,0.7750170826911926,0.7411784077882766,0.03383867490291603,18.4,18.4,trapezoid_from_zero_normalized_by_max_fraction
cicids2017_binary,45,rid_37306e371682683f03a9eb90718852b4,cnn,gradient_x_input,training_median,baseline_marginal_constant,insertion,0,BENIGN,True,0,BENIGN,0.999999997016666,8.600716019380172e-07,50,1.115289623676574e-06,-1.0126978618099193e-05,-4.955505264947591e-05,1.1242268241775765e-05,5.0670342273152476e-05,7.414843307158313e-06,5.698782440374472e-06,7.26546586418009e-08,0.21261689066886902,0.176235177799128,0.03638171286974101,18.4,18.4,trapezoid_from_zero_normalized_by_max_fraction
cicids2017_binary,45,rid_4776f9e633f76666e87767d015ecfe74,cnn,gradient_x_input,training_median,baseline_marginal_constant,insertion,0,BENIGN,True,0,BENIGN,0.9999999827510244,8.458059603810852e-07,50,-3.117133131524952e-06,-4.239847099459215e-05,-2.7087889733412366e-05,3.92813378630672e-05,2.3970756601887413e-05,1.8890869928241575e-05,1.2521935494973349e-05,1.4738344292919437e-05,0.1500610113143921,0.12947221034020187,0.02058880097419022,18.4,18.4,trapezoid_from_zero_normalized_by_max_fraction
cicids2017_binary,45,rid_a6bbfdbe9c8d78aa6e37f292f71f1f39,cnn,gradient_x_input,training_median,baseline_marginal_constant,insertion,1,ATTACK,True,1,ATTACK,1.0,0.999999136945064,50,0.006400445778847796,0.020596689265485676,0.11202293855829078,-0.014196243486637877,-0.10562249277944297,0.011297744165420455,0.006851681110034281,-0.027625538462305067,0.23893317580223083,0.22648632342368363,0.012446852378547202,18.4,18.4,trapezoid_from_zero_normalized_by_max_fraction
cicids2017_binary,45,rid_fe8c4afabc3da2bc2ce439f44cbe9d0f,cnn,gradient_x_input,training_median,baseline_marginal_constant,insertion,1,ATTACK,True,1,ATTACK,1.0,0.999999136945064,50,0.0007370310730845375,0.03370416199134702,0.1861659290069703,-0.032967130918262484,-0.18542889793388576,0.014573419936315923,0.008694958678556224,-0.050009249928232684,0.2572117745876312,0.2291559141194448,0.028055860468186422,18.4,18.4,trapezoid_from_zero_normalized_by_max_fraction
cicids2017_binary,45,rid_40c0725634afa7648eb59f1348d0bd80,cnn,gradient_x_input,training_median,baseline_marginal_constant,insertion,1,ATTACK,True,1,ATTACK,1.0,0.999999136945064,50,9.629832859623378e-05,0.02535728212033618,0.07948631266985103,-0.025260983791739945,-0.07939001434125478,0.014802282308547514,0.00890749184015983,-0.04271966779845321,0.2584259510040283,0.277970868550241,-0.01954491754621268,18.4,18.4,trapezoid_from_zero_normalized_by_max_fraction
cicids2017_binary,45,rid_45d8990f6431caee2b930f2c84a7afbd,cnn,gradient_x_input,training_median,baseline_marginal_constant,insertion,1,ATTACK,True,1,ATTACK,1.0,0.999999136945064,50,0.00043881116389883347,0.01652135696895571,0.056248245597937535,-0.016082545805056872,-0.0558094344340387,0.009317710558625344,0.0060686936647271735,-0.027977185387922134,0.3496977686882019,0.276703487268649,0.07299428141955289,18.4,18.4,trapezoid_from_zero_normalized_by_max_fraction
cicids2017_binary,45,rid_c38c3c7f0cf70dc32b2fb9fe3aa7d22d,cnn,gradient_x_input,training_median,baseline_marginal_constant,insertion,1,ATTACK,True,1,ATTACK,1.0,0.999999136945064,50,0.0027639993330573986,0.013672404560028405,0.08958564425919198,-0.010908405226971007,-0.08682164492613459,0.008030624573584833,0.004673310999895412,-0.020068094786766015,0.22982971370220184,0.22050013462454077,0.009329579077661077,18.4,18.4,trapezoid_from_zero_normalized_by_max_fraction
cicids2017_binary,45,rid_b5463166d26a4db23a0167640c969f51,cnn,gradient_x_input,training_median,baseline_marginal_constant,insertion,0,BENIGN,True,0,BENIGN,0.9999999265426992,7.895976352756406e-07,50,3.298203428592216e-07,-5.096860002483927e-05,-7.246735192220344e-05,5.129842036769849e-05,7.279717226506266e-05,2.6803428553336648e-05,1.3344546951927796e-05,2.514310834192001e-05,0.38827627897262573,0.2568401390016079,0.13143613997101783,18.4,18.4,trapezoid_from_zero_normalized_by_max_fraction
cicids2017_binary,45,rid_9f7c169f3f3451a71e4d1103d54762d8,cnn,gradient_x_input,training_median,baseline_marginal_constant,insertion,1,ATTACK,True,1,ATTACK,1.0,0.999999136945064,50,1.3394879473871414e-05,0.02535216464146165,0.06626185577822648,-0.02533876976198778,-0.06624846089875261,0.014221108427487653,0.008317997504947239,-0.04164204487168437,0.24748475849628448,0.25188837442360823,-0.004403615927323745,18.4,18.4,trapezoid_from_zero_normalized_by_max_fraction
cicids2017_binary,45,rid_9b7add9a237d82184b6b7ff39481c1e4,cnn,gradient_x_input,target_class_median,baseline_marginal_constant,deletion,1,ATTACK,True,1,ATTACK,1.0,0.999999136945064,50,1.2803077697753907e-05,0.05556271757599461,0.09996533897191631,-0.055549914498296854,-0.09995253589421857,0.018755126382048834,0.012985849622196287,-0.08100217975780158,0.42709866166114807,0.38190439022332434,0.04519427143782373,18.4,18.4,trapezoid_from_zero_normalized_by_max_fraction
cicids2017_binary,45,rid_dda9091e380531eed540e6956845b29a,cnn,gradient_x_input,target_class_median,baseline_marginal_constant,deletion,1,ATTACK,True,1,ATTACK,1.0,0.999999136945064,50,1.6689300537109377e-07,0.021507524836459197,0.0989929322682759,-0.021507357943453827,-0.09899276537527052,0.008575410945080155,0.008023196098805778,-0.03723282229711315,0.3102211654186249,0.3521634883582592,-0.04194232293963435,18.4,18.4,trapezoid_from_zero_normalized_by_max_fraction
cicids2017_binary,45,rid_33a4e24bd932f62baa573a0bddad67d9,cnn,gradient_x_input,target_class_median,baseline_marginal_constant,deletion,0,BENIGN,True,0,BENIGN,0.99999998703493,8.500898660557255e-07,50,3.5802023656827936e-08,1.423803320155237e-08,1.425419354794677e-08,2.1563990455275568e-08,2.1547830108881166e-08,8.099202078404025e-09,4.318511399981673e-09,1.3099708111311488e-08,0.08612953871488571,0.08010453267395497,0.006025006040930744,18.4,18.4,trapezoid_from_zero_normalized_by_max_fraction
cicids2017_binary,45,rid_e8510e9693f2cbff6cbd747239acc192,cnn,gradient_x_input,target_class_median,baseline_marginal_constant,deletion,0,BENIGN,True,0,BENIGN,0.9999999990459304,8.621008664722041e-07,50,8.358594444368704e-09,1.774471571691638e-08,4.630419026985244e-09,-9.386121272547676e-09,3.728175417383461e-09,5.871122740280686e-09,3.2162621802443955e-09,-1.5689995145826693e-08,0.027141358703374863,0.04011013007909059,-0.012968771375715726,18.4,18.4,trapezoid_from_zero_normalized_by_max_fraction
cicids2017_binary,45,rid_3963f478bfc78e4b0a9249ab93167532,cnn,gradient_x_input,target_class_median,baseline_marginal_constant,deletion,0,BENIGN,True,0,BENIGN,1.0,8.630549359534541e-07,50,1.2481056743673945e-10,0.00011817925670570495,0.0001266121834564421,-0.00011817913189513752,-0.00012661205864587468,9.285169335837098e-05,6.45150232081438e-05,-0.00024462857738309933,1.1050822734832764,0.9106681952476501,0.1944140782356263,18.4,18.4,trapezoid_from_zero_normalized_by_max_fraction
cicids2017_binary,45,rid_ea281976da7b154c3824de0ff08c6d17,cnn,gradient_x_input,target_class_median,baseline_marginal_constant,deletion,0,BENIGN,True,0,BENIGN,0.999999999987372,8.630423079603392e-07,50,4.054135970821271e-08,0.009133822310750484,6.672932759817585e-05,-0.009133781769390779,-6.668878623846764e-05,0.004965335161024536,0.004253814862823551,-0.01747125890052494,0.5486916303634644,0.6434910426139833,-0.09479941225051891,18.4,18.4,trapezoid_from_zero_normalized_by_max_fraction
cicids2017_binary,45,rid_b99833a79cf0c33e74f98c4109cd68e7,cnn,gradient_x_input,target_class_median,baseline_marginal_constant,deletion,0,BENIGN,True,0,BENIGN,1.0,8.630549359622795e-07,50,0.005048612644543321,0.0001693459570512138,4.4020918727581745e-05,0.004879266687492107,0.00500459172581574,0.00013266089111498274,0.00010403335917873814,0.00467536130350178,0.9837744832038879,1.0096253638267518,-0.025850880622863892,18.4,18.4,trapezoid_from_zero_normalized_by_max_fraction
cicids2017_binary,45,rid_37306e371682683f03a9eb90718852b4,cnn,gradient_x_input,target_class_median,baseline_marginal_constant,deletion,0,BENIGN,True,0,BENIGN,0.999999997016666,8.600716019380172e-07,50,-2.7003795866065163e-10,5.4182852080586475e-09,2.916842186118096e-09,-5.6883231667193e-09,-3.1868801447787476e-09,1.649397037131111e-09,9.349339043671474e-10,-7.520793619278909e-09,0.06377734243869781,0.03778535589110106,0.025991986547596754,18.4,18.4,trapezoid_from_zero_normalized_by_max_fraction
cicids2017_binary,45,rid_4776f9e633f76666e87767d015ecfe74,cnn,gradient_x_input,target_class_median,baseline_marginal_constant,deletion,0,BENIGN,True,0,BENIGN,0.9999999827510244,8.458059603810852e-07,50,-1.4174900841990023e-08,1.4541959623581846e-08,1.2680465189762734e-08,-2.871686046557187e-08,-2.685536603175276e-08,6.026718764697336e-09,2.926585819645206e-09,-3.445296867207647e-08,0.04059344902634621,0.04155947579792701,-0.000966026771580801,18.4,18.4,trapezoid_from_zero_normalized_by_max_fraction
cicids2017_binary,45,rid_a6bbfdbe9c8d78aa6e37f292f71f1f39,cnn,gradient_x_input,target_class_median,baseline_marginal_constant,deletion,1,ATTACK,True,1,ATTACK,1.0,0.999999136945064,50,0.0,0.10062654241525015,0.2334810589371527,-0.10062654241525015,-0.2334810589371527,0.03140028455830223,0.018658291755161066,-0.13719679425536585,0.27586549520492554,0.3049659474305808,-0.02910045222565527,18.4,18.4,trapezoid_from_zero_normalized_by_max_fraction
cicids2017_binary,45,rid_fe8c4afabc3da2bc2ce439f44cbe9d0f,cnn,gradient_x_input,target_class_median,baseline_marginal_constant,deletion,1,ATTACK,True,1,ATTACK,1.0,0.999999136945064,50,0.0,0.02471929821372032,0.18430003833326739,-0.02471929821372032,-0.18430003833326739,0.011964804580223538,0.007966841243398127,-0.04033430705078065,0.294146329164505,0.26782276935502886,0.02632355980947615,18.4,18.4,trapezoid_from_zero_normalized_by_max_fraction
cicids2017_binary,45,rid_40c0725634afa7648eb59f1348d0bd80,cnn,gradient_x_input,target_class_median,baseline_marginal_constant,deletion,1,ATTACK,True,1,ATTACK,1.0,0.999999136945064,50,1.0728836059570313e-07,0.2892523947286847,0.3463422247876809,-0.2892522874403241,-0.3463421174993203,0.04513990989953594,0.02663816123861753,-0.34146308346801446,0.2953609824180603,0.334846671782434,-0.03948568936437369,18.4,18.4,trapezoid_from_zero_normalized_by_max_fraction
cicids2017_binary,45,rid_45d8990f6431caee2b930f2c84a7afbd,cnn,gradient_x_input,target_class_median,baseline_marginal_constant,deletion,1,ATTACK,True,1,ATTACK,1.0,0.999999136945064,50,2.5033950805664064e-07,0.12620850447590784,0.22362539148813693,-0.12620825413639977,-0.22362514114862886,0.033936089854378265,0.020180884612909556,-0.1657627879777025,0.38661131262779236,0.3162647906951606,0.07034652193263174,18.4,18.4,trapezoid_from_zero_normalized_by_max_fraction
cicids2017_binary,45,rid_c38c3c7f0cf70dc32b2fb9fe3aa7d22d,cnn,gradient_x_input,target_class_median,baseline_marginal_constant,deletion,1,ATTACK,True,1,ATTACK,1.0,0.999999136945064,50,9.28640365600586e-06,0.095594794880863,0.2913729563722762,-0.09558550847720698,-0.29136366996862023,0.031085053730824284,0.018098010486699574,-0.13105760903113814,0.26639166474342346,0.2599152490785345,0.006476415664888935,18.4,18.4,trapezoid_from_zero_normalized_by_max_fraction
cicids2017_binary,45,rid_b5463166d26a4db23a0167640c969f51,cnn,gradient_x_input,target_class_median,baseline_marginal_constant,deletion,0,BENIGN,True,0,BENIGN,0.9999999265426992,7.895976352756406e-07,50,-3.907988697093856e-08,4.1671644203100657e-08,7.619667461211676e-08,-8.075153117403922e-08,-1.1527656158305532e-07,2.905094971756644e-08,1.4330006311676328e-08,-1.0883834354492483e-07,0.07671444863080978,0.06586826809495687,0.010846180535852915,18.4,18.4,trapezoid_from_zero_normalized_by_max_fraction
cicids2017_binary,45,rid_9f7c169f3f3451a71e4d1103d54762d8,cnn,gradient_x_input,target_class_median,baseline_marginal_constant,deletion,1,ATTACK,True,1,ATTACK,1.0,0.999999136945064,50,2.9426813125610354e-05,0.28384336149470485,0.27508695869523203,-0.2838139346815792,-0.27505753188210635,0.034750851303154834,0.022336772387357685,-0.3275940085608003,0.28441375494003296,0.2559794703349471,0.028434284605085847,18.4,18.4,trapezoid_from_zero_normalized_by_max_fraction
cicids2017_binary,45,rid_9b7add9a237d82184b6b7ff39481c1e4,cnn,gradient_x_input,target_class_median,baseline_marginal_constant,insertion,1,ATTACK,True,1,ATTACK,1.0,0.999999136945064,50,-0.013703337311744689,-0.34757989797298194,-0.3477974969111093,0.3338765606612373,0.3340941595993646,0.047984971990506387,0.024725369107435845,0.285414837210663,0.42709866166114807,0.38190439022332434,0.04519427143782373,18.4,18.4,trapezoid_from_zero_normalized_by_max_fraction
cicids2017_binary,45,rid_dda9091e380531eed540e6956845b29a,cnn,gradient_x_input,target_class_median,baseline_marginal_constant,insertion,1,ATTACK,True,1,ATTACK,1.0,0.999999136945064,50,-0.0225362628698349,-0.3915038572945631,-0.3646110074288247,0.3689675944247282,0.3420747445589898,0.04589914382030011,0.02364087199213232,0.32263148532014885,0.3102211654186249,0.3521634883582592,-0.04194232293963435,18.4,18.4,trapezoid_from_zero_normalized_by_max_fraction
cicids2017_binary,45,rid_33a4e24bd932f62baa573a0bddad67d9,cnn,gradient_x_input,target_class_median,baseline_marginal_constant,insertion,0,BENIGN,True,0,BENIGN,0.99999998703493,8.500898660557255e-07,50,-2.2579428482494277e-08,-4.1073344051567595e-08,-4.199879399002792e-08,1.8493915569073318e-08,1.941936550753365e-08,1.4339263617236389e-08,7.185240508067205e-09,4.410844173261597e-09,0.08612953871488571,0.08010453267395497,0.006025006040930744,18.4,18.4,trapezoid_from_zero_normalized_by_max_fraction
cicids2017_binary,45,rid_e8510e9693f2cbff6cbd747239acc192,cnn,gradient_x_input,target_class_median,baseline_marginal_constant,insertion,0,BENIGN,True,0,BENIGN,0.9999999990459304,8.621008664722041e-07,50,-1.0087211954612486e-09,-1.950897504432447e-08,-2.0386027801744256e-08,1.850025384886322e-08,1.937730660628301e-08,6.838831173161506e-09,3.318787773005771e-09,1.1995429813771911e-08,0.027141358703374863,0.04011013007909059,-0.012968771375715726,18.4,18.4,trapezoid_from_zero_normalized_by_max_fraction
cicids2017_binary,45,rid_3963f478bfc78e4b0a9249ab93167532,cnn,gradient_x_input,target_class_median,baseline_marginal_constant,insertion,0,BENIGN,True,0,BENIGN,1.0,8.630549359534541e-07,50,-0.0008291185108320054,-0.004395817175268395,-0.004130183833152863,0.0035666986644363897,0.003301065322320857,0.0043311971529953796,0.003560384756954884,-0.003411655459195183,1.1050822734832764,0.9106681952476501,0.1944140782356263,18.4,18.4,trapezoid_from_zero_normalized_by_max_fraction
cicids2017_binary,45,rid_ea281976da7b154c3824de0ff08c6d17,cnn,gradient_x_input,target_class_median,baseline_marginal_constant,insertion,0,BENIGN,True,0,BENIGN,0.999999999987372,8.630423079603392e-07,50,-0.00010605926148967713,-8.903797697161752e-05,-0.004803170710349144,-1.7021284518059603e-05,0.004697111448859467,5.849692027327634e-05,3.932442012322452e-05,-9.409714795957966e-05,0.5486916303634644,0.6434910426139833,-0.09479941225051891,18.4,18.4,trapezoid_from_zero_normalized_by_max_fraction
cicids2017_binary,45,rid_b99833a79cf0c33e74f98c4109cd68e7,cnn,gradient_x_input,target_class_median,baseline_marginal_constant,insertion,0,BENIGN,True,0,BENIGN,1.0,8.630549359622795e-07,50,-6.399948428992275e-08,-0.0033475135367520194,-0.0012346898513222002,0.0033474495372677296,0.0012346258518379104,0.0033299298705662785,0.003121376686371567,-0.0027704487680205417,0.9837744832038879,1.0096253638267518,-0.025850880622863892,18.4,18.4,trapezoid_from_zero_normalized_by_max_fraction
cicids2017_binary,45,rid_37306e371682683f03a9eb90718852b4,cnn,gradient_x_input,target_class_median,baseline_marginal_constant,insertion,0,BENIGN,True,0,BENIGN,0.999999997016666,8.600716019380172e-07,50,-2.820609767972826e-09,-3.860673899902523e-09,-4.034207261915944e-09,1.0400641319296964e-09,1.2135974939431185e-09,1.5897187892993982e-09,9.294313106337439e-10,-7.816212369124416e-10,0.06377734243869781,0.03778535589110106,0.025991986547596754,18.4,18.4,trapezoid_from_zero_normalized_by_max_fraction
cicids2017_binary,45,rid_4776f9e633f76666e87767d015ecfe74,cnn,gradient_x_input,target_class_median,baseline_marginal_constant,insertion,0,BENIGN,True,0,BENIGN,0.9999999827510244,8.458059603810852e-07,50,-5.068402249008841e-08,-1.695736196871689e-08,-1.2516735425460724e-08,-3.372666052137152e-08,-3.816728706462768e-08,4.04205740634556e-09,2.1241057222560367e-09,-3.788990773699335e-08,0.04059344902634621,0.04155947579792701,-0.000966026771580801,18.4,18.4,trapezoid_from_zero_normalized_by_max_fraction
cicids2017_binary,45,rid_a6bbfdbe9c8d78aa6e37f292f71f1f39,cnn,gradient_x_input,target_class_median,baseline_marginal_constant,insertion,1,ATTACK,True,1,ATTACK,1.0,0.999999136945064,50,-5.987286567687988e-05,-0.41926883005593957,-0.4010713003814121,0.41920895719026274,0.4010114275157352,0.04294238305236912,0.02487639800246765,0.37045121710542617,0.27586549520492554,0.3049659474305808,-0.02910045222565527,18.4,18.4,trapezoid_from_zero_normalized_by_max_fraction
cicids2017_binary,45,rid_fe8c4afabc3da2bc2ce439f44cbe9d0f,cnn,gradient_x_input,target_class_median,baseline_marginal_constant,insertion,1,ATTACK,True,1,ATTACK,1.0,0.999999136945064,50,-0.00019501745700836178,-0.40847754198977365,-0.36572684255402726,0.40828252453276526,0.36553182509701887,0.04491707951735244,0.024558353128495306,0.36014815240091447,0.294146329164505,0.26782276935502886,0.02632355980947615,18.4,18.4,trapezoid_from_zero_normalized_by_max_fraction
cicids2017_binary,45,rid_40c0725634afa7648eb59f1348d0bd80,cnn,gradient_x_input,target_class_median,baseline_marginal_constant,insertion,1,ATTACK,True,1,ATTACK,1.0,0.999999136945064,50,-7.325410842895508e-05,-0.5309979425944916,-0.4853589301686178,0.5309246884860628,0.48528567606018885,0.04060548488492088,0.0227552825294436,0.48632433472835335,0.2953609824180603,0.334846671782434,-0.03948568936437369,18.4,18.4,trapezoid_from_zero_normalized_by_max_fraction
cicids2017_binary,45,rid_45d8990f6431caee2b930f2c84a7afbd,cnn,gradient_x_input,target_class_median,baseline_marginal_constant,insertion,1,ATTACK,True,1,ATTACK,1.0,0.999999136945064,50,-9.210109710693358e-05,-0.46991449398887863,-0.38278065128337424,0.46982239289177175,0.38268855018626735,0.04455569764134566,0.02409965268794698,0.42258707362339565,0.38661131262779236,0.3162647906951606,0.07034652193263174,18.4,18.4,trapezoid_from_zero_normalized_by_max_fraction
cicids2017_binary,45,rid_c38c3c7f0cf70dc32b2fb9fe3aa7d22d,cnn,gradient_x_input,target_class_median,baseline_marginal_constant,insertion,1,ATTACK,True,1,ATTACK,1.0,0.999999136945064,50,-6.761848926544188e-05,-0.5582198111916057,-0.4595177017725883,0.5581521927023403,0.4594500832833229,0.034713751568314355,0.020456692128932953,0.5180570761296317,0.26639166474342346,0.2599152490785345,0.006476415664888935,18.4,18.4,trapezoid_from_zero_normalized_by_max_fraction
cicids2017_binary,45,rid_b5463166d26a4db23a0167640c969f51,cnn,gradient_x_input,target_class_median,baseline_marginal_constant,insertion,0,BENIGN,True,0,BENIGN,0.9999999265426992,7.895976352756406e-07,50,-2.2512954167552834e-08,-1.347977076546769e-07,-6.752802942955327e-08,1.1228475348712408e-07,4.5015075262000437e-08,4.177086007624922e-08,2.3422285565592868e-08,6.637707377856205e-08,0.07671444863080978,0.06586826809495687,0.010846180535852915,18.4,18.4,trapezoid_from_zero_normalized_by_max_fraction
cicids2017_binary,45,rid_9f7c169f3f3451a71e4d1103d54762d8,cnn,gradient_x_input,target_class_median,baseline_marginal_constant,insertion,1,ATTACK,True,1,ATTACK,1.0,0.999999136945064,50,-0.25204127132892606,-0.5097402345597761,-0.5305291540039934,0.25769896323084995,0.27848788267506724,0.042510938899180034,0.021565612434984036,0.21543036285828124,0.28441375494003296,0.2559794703349471,0.028434284605085847,18.4,18.4,trapezoid_from_zero_normalized_by_max_fraction
cicids2017_binary,45,rid_9b7add9a237d82184b6b7ff39481c1e4,cnn,gradient_x_input,joint_donor,dependency_preserving,deletion,1,ATTACK,True,1,ATTACK,1.0,0.999999136945064,50,0.07536313533782958,0.14148797243435887,0.1798252728926635,-0.06612483709652928,-0.10446213755483394,0.03879124657717389,0.021367180806615045,-0.10800451147749476,0.7823405265808105,0.828239049434662,-0.04589852285385143,18.4,18.4,trapezoid_from_zero_normalized_by_max_fraction
cicids2017_binary,45,rid_dda9091e380531eed540e6956845b29a,cnn,gradient_x_input,joint_donor,dependency_preserving,deletion,1,ATTACK,True,1,ATTACK,1.0,0.999999136945064,50,3.3527612686157227e-05,0.05697729427062632,0.09506012685569913,-0.05694376665794016,-0.09502659924301297,0.016817195651373594,0.012360710704657813,-0.08117075963906947,0.3123701512813568,0.3436551059186459,-0.031284954637289086,18.4,18.4,trapezoid_from_zero_normalized_by_max_fraction
cicids2017_binary,45,rid_33a4e24bd932f62baa573a0bddad67d9,cnn,gradient_x_input,joint_donor,dependency_preserving,deletion,0,BENIGN,True,0,BENIGN,0.99999998703493,8.500898660557255e-07,50,0.0026488168964406474,0.051685420955544785,0.01964574977492215,-0.04903660405910414,-0.016996932878481502,0.016936601772801357,0.012432197077554873,-0.07340371033111169,0.480874627828598,0.38254476150870326,0.09832986631989477,18.4,18.4,trapezoid_from_zero_normalized_by_max_fraction
cicids2017_binary,45,rid_e8510e9693f2cbff6cbd747239acc192,cnn,gradient_x_input,joint_donor,dependency_preserving,deletion,0,BENIGN,True,0,BENIGN,0.9999999990459304,8.621008664722041e-07,50,0.361768542288593,0.12838710878191428,0.06871333057186475,0.23338143350667867,0.2930552117167282,0.0347671912325643,0.02043194975902507,0.19333481197898955,0.7687156796455383,0.5542018700540066,0.21451380959153177,18.4,18.4,trapezoid_from_zero_normalized_by_max_fraction
cicids2017_binary,45,rid_3963f478bfc78e4b0a9249ab93167532,cnn,gradient_x_input,joint_donor,dependency_preserving,deletion,0,BENIGN,True,0,BENIGN,1.0,8.630549359534541e-07,50,0.0010331790536453388,0.041012663012610286,0.01598246333075612,-0.03997948395896495,-0.01494928427711078,0.01256753674343371,0.01047108013433521,-0.060502801022261965,0.7021730542182922,0.5325366599559784,0.1696363942623138,18.4,18.4,trapezoid_from_zero_normalized_by_max_fraction
cicids2017_binary,45,rid_ea281976da7b154c3824de0ff08c6d17,cnn,gradient_x_input,joint_donor,dependency_preserving,deletion,0,BENIGN,True,0,BENIGN,0.999999999987372,8.630423079603392e-07,50,0.17668352849038044,0.05811175750385431,0.02535262182699285,0.1185717709865261,0.15133090666338758,0.021671282449957432,0.012748592082728447,0.09358453050437834,0.6995961666107178,0.6496193588972091,0.04997680771350865,18.4,18.4,trapezoid_from_zero_normalized_by_max_fraction
cicids2017_binary,45,rid_b99833a79cf0c33e74f98c4109cd68e7,cnn,gradient_x_input,joint_donor,dependency_preserving,deletion,0,BENIGN,True,0,BENIGN,1.0,8.630549359622795e-07,50,2.5844610986647253e-06,0.015041762263124944,0.0009515616416924089,-0.01503917780202628,-0.0009489771805937442,0.010197980335877065,0.007241510554417606,-0.02923253848868479,0.9543989300727844,1.4498424488306045,-0.4954435187578201,18.4,18.4,trapezoid_from_zero_normalized_by_max_fraction
cicids2017_binary,45,rid_37306e371682683f03a9eb90718852b4,cnn,gradient_x_input,joint_donor,dependency_preserving,deletion,0,BENIGN,True,0,BENIGN,0.999999997016666,8.600716019380172e-07,50,0.05332431578695884,0.079604803038582,0.03882183585860248,-0.026280487251623172,0.014502479928356366,0.027766427943664584,0.016742556453252098,-0.05909589789999728,0.33508601784706116,0.3165907278582454,0.018495289988815777,18.4,18.4,trapezoid_from_zero_normalized_by_max_fraction
cicids2017_binary,45,rid_4776f9e633f76666e87767d015ecfe74,cnn,gradient_x_input,joint_donor,dependency_preserving,deletion,0,BENIGN,True,0,BENIGN,0.9999999827510244,8.458059603810852e-07,50,0.19860137330622024,0.030055858444358895,0.05240619059080166,0.16854551486186134,0.1461951827154186,0.013298346521362513,0.009676450170855187,0.14957967252698517,0.33512598276138306,0.3227348334789276,0.012391149282455438,18.4,18.4,trapezoid_from_zero_normalized_by_max_fraction
cicids2017_binary,45,rid_a6bbfdbe9c8d78aa6e37f292f71f1f39,cnn,gradient_x_input,joint_donor,dependency_preserving,deletion,1,ATTACK,True,1,ATTACK,1.0,0.999999136945064,50,0.0,0.2579100570436492,0.18538277455050353,-0.2579100570436492,-0.18538277455050353,0.043639789348333374,0.024733904290914772,-0.30638850945384216,0.19376248121261597,0.25410397213697433,-0.060341490924358365,18.4,18.4,trapezoid_from_zero_normalized_by_max_fraction
cicids2017_binary,45,rid_fe8c4afabc3da2bc2ce439f44cbe9d0f,cnn,gradient_x_input,joint_donor,dependency_preserving,deletion,1,ATTACK,True,1,ATTACK,1.0,0.999999136945064,50,0.19991658594808542,0.023150932204061975,0.14472285081574857,0.17676565374402348,0.05519373513233686,0.012245841185056738,0.008810735466667007,0.15949661222935613,0.2608463168144226,0.2944199939370155,-0.033573677122592904,18.4,18.4,trapezoid_from_zero_normalized_by_max_fraction
cicids2017_binary,45,rid_40c0725634afa7648eb59f1348d0bd80,cnn,gradient_x_input,joint_donor,dependency_preserving,deletion,1,ATTACK,True,1,ATTACK,1.0,0.999999136945064,50,8.828043937683105e-05,0.38038982786245273,0.3344188825990337,-0.38030154742307587,-0.3343306021596569,0.048931871878204886,0.02626171707689964,-0.43177451289379915,0.02540314756333828,0.027786555937724187,-0.0023834083743859077,18.4,18.4,trapezoid_from_zero_normalized_by_max_fraction
cicids2017_binary,45,rid_45d8990f6431caee2b930f2c84a7afbd,cnn,gradient_x_input,joint_donor,dependency_preserving,deletion,1,ATTACK,True,1,ATTACK,1.0,0.999999136945064,50,0.008309531211853027,0.1006546475408836,0.29685325573190036,-0.09234511632903059,-0.2885437245200473,0.02891227535331209,0.017018511986010853,-0.12570139982161185,0.1368231624364853,0.14627419121842833,-0.009451028781943038,18.4,18.4,trapezoid_from_zero_normalized_by_max_fraction
cicids2017_binary,45,rid_c38c3c7f0cf70dc32b2fb9fe3aa7d22d,cnn,gradient_x_input,joint_donor,dependency_preserving,deletion,1,ATTACK,True,1,ATTACK,1.0,0.999999136945064,50,0.0010212600231170655,0.22524005865712537,0.2582694228142588,-0.22421879863400834,-0.2572481627911417,0.041011141261003074,0.02382713780780764,-0.2709199887373113,0.5766263604164124,0.5851049983501434,-0.008478637933731048,18.4,18.4,trapezoid_from_zero_normalized_by_max_fraction
cicids2017_binary,45,rid_b5463166d26a4db23a0167640c969f51,cnn,gradient_x_input,joint_donor,dependency_preserving,deletion,0,BENIGN,True,0,BENIGN,0.9999999265426992,7.895976352756406e-07,50,0.00010304695310541234,0.11818167944871238,0.05728715830783988,-0.11807863249560696,-0.057184111354734474,0.038005515165822505,0.02091394340157721,-0.1590699615626983,1.3451570272445679,1.2791143674850465,0.0660426597595214,18.4,18.4,trapezoid_from_zero_normalized_by_max_fraction
cicids2017_binary,45,rid_9f7c169f3f3451a71e4d1103d54762d8,cnn,gradient_x_input,joint_donor,dependency_preserving,deletion,1,ATTACK,True,1,ATTACK,1.0,0.999999136945064,50,1.4984607696533202e-05,0.3376201205758526,0.28005936736217807,-0.3376051359681561,-0.28004438275448157,0.0441620251082397,0.02601539432138441,-0.38859530883806953,0.5576598048210144,0.5343040382862091,0.02335576653480531,18.4,18.4,trapezoid_from_zero_normalized_by_max_fraction
cicids2017_binary,45,rid_9b7add9a237d82184b6b7ff39481c1e4,cnn,gradient_x_input,joint_donor,dependency_preserving,insertion,1,ATTACK,True,1,ATTACK,1.0,0.999999136945064,50,0.8499899597208211,0.3606682641276481,0.4400649249081201,0.4893216955931731,0.40992503481270104,0.062021403905715734,0.029167366128717582,0.4321536579808867,0.7823405265808105,0.828239049434662,-0.04589852285385143,18.4,18.4,trapezoid_from_zero_normalized_by_max_fraction
cicids2017_binary,45,rid_dda9091e380531eed540e6956845b29a,cnn,gradient_x_input,joint_donor,dependency_preserving,insertion,1,ATTACK,True,1,ATTACK,1.0,0.999999136945064,50,-0.5465257012058841,-0.5598158688548895,-0.48151354805239943,0.013290167649005515,-0.06501215315348464,0.06161322582276831,0.028695360990030602,-0.04295273989145446,0.3123701512813568,0.3436551059186459,-0.031284954637289086,18.4,18.4,trapezoid_from_zero_normalized_by_max_fraction
cicids2017_binary,45,rid_33a4e24bd932f62baa573a0bddad67d9,cnn,gradient_x_input,joint_donor,dependency_preserving,insertion,0,BENIGN,True,0,BENIGN,0.99999998703493,8.500898660557255e-07,50,0.6989656461623841,0.7371702407835341,0.671378916090065,-0.0382045946211501,0.027586730072319134,0.04831017853249136,0.022791020432565794,-0.08287499466897905,0.480874627828598,0.38254476150870326,0.09832986631989477,18.4,18.4,trapezoid_from_zero_normalized_by_max_fraction
cicids2017_binary,45,rid_e8510e9693f2cbff6cbd747239acc192,cnn,gradient_x_input,joint_donor,dependency_preserving,insertion,0,BENIGN,True,0,BENIGN,0.9999999990459304,8.621008664722041e-07,50,0.4653864164190059,0.6065077712206732,0.557149909620845,-0.14112135480166732,-0.091763493201839,0.05946412144388574,0.027949661069901956,-0.19590269049867515,0.7687156796455383,0.5542018700540066,0.21451380959153177,18.4,18.4,trapezoid_from_zero_normalized_by_max_fraction
cicids2017_binary,45,rid_3963f478bfc78e4b0a9249ab93167532,cnn,gradient_x_input,joint_donor,dependency_preserving,insertion,0,BENIGN,True,0,BENIGN,1.0,8.630549359534541e-07,50,0.649997505039346,0.7423339232454745,0.6241777072131973,-0.09233641820612862,0.0258197978261486,0.04598762850315862,0.022959578220532892,-0.1373371915183731,0.7021730542182922,0.5325366599559784,0.1696363942623138,18.4,18.4,trapezoid_from_zero_normalized_by_max_fraction
cicids2017_binary,45,rid_ea281976da7b154c3824de0ff08c6d17,cnn,gradient_x_input,joint_donor,dependency_preserving,insertion,0,BENIGN,True,0,BENIGN,0.999999999987372,8.630423079603392e-07,50,-0.1447028842731976,-0.22221934761383594,-0.31953737340719873,0.07751646334063836,0.17483448913400118,0.04890312166927031,0.023613614344913603,0.031233779224607697,0.6995961666107178,0.6496193588972091,0.04997680771350865,18.4,18.4,trapezoid_from_zero_normalized_by_max_fraction
cicids2017_binary,45,rid_b99833a79cf0c33e74f98c4109cd68e7,cnn,gradient_x_input,joint_donor,dependency_preserving,insertion,0,BENIGN,True,0,BENIGN,1.0,8.630549359622795e-07,50,-0.4456912069456203,-0.20579295624295124,-0.21597770199044497,-0.23989825070266904,-0.22971350495517529,0.04754776849806115,0.02187634274573776,-0.28277588248431507,0.9543989300727844,1.4498424488306045,-0.4954435187578201,18.4,18.4,trapezoid_from_zero_normalized_by_max_fraction
cicids2017_binary,45,rid_37306e371682683f03a9eb90718852b4,cnn,gradient_x_input,joint_donor,dependency_preserving,insertion,0,BENIGN,True,0,BENIGN,0.999999997016666,8.600716019380172e-07,50,0.8498547883318586,0.7201459639760734,0.598232840276875,0.12970882435578512,0.2516219480549835,0.043773054015758074,0.022491575496532572,0.08562533638258128,0.33508601784706116,0.3165907278582454,0.018495289988815777,18.4,18.4,trapezoid_from_zero_normalized_by_max_fraction
cicids2017_binary,45,rid_4776f9e633f76666e87767d015ecfe74,cnn,gradient_x_input,joint_donor,dependency_preserving,insertion,0,BENIGN,True,0,BENIGN,0.9999999827510244,8.458059603810852e-07,50,0.7073727791516763,0.6681459408650283,0.6537126174020227,0.039226838286648,0.05366016174965353,0.05701018159289814,0.027008247770858956,-0.013709327344235557,0.33512598276138306,0.3227348334789276,0.012391149282455438,18.4,18.4,trapezoid_from_zero_normalized_by_max_fraction
cicids2017_binary,45,rid_a6bbfdbe9c8d78aa6e37f292f71f1f39,cnn,gradient_x_input,joint_donor,dependency_preserving,insertion,1,ATTACK,True,1,ATTACK,1.0,0.999999136945064,50,-0.45348317833049806,-0.46565672643681766,-0.515537797934148,0.012173548106319682,0.06205461960364997,0.06262812997352689,0.029400471130250124,-0.04545137530897056,0.19376248121261597,0.25410397213697433,-0.060341490924358365,18.4,18.4,trapezoid_from_zero_normalized_by_max_fraction
cicids2017_binary,45,rid_fe8c4afabc3da2bc2ce439f44cbe9d0f,cnn,gradient_x_input,joint_donor,dependency_preserving,insertion,1,ATTACK,True,1,ATTACK,1.0,0.999999136945064,50,0.7499728681835836,0.3591838636414557,0.38453465621361005,0.39078900454212784,0.3654382119699735,0.0626975627993592,0.029629121076513686,0.33271592723216104,0.2608463168144226,0.2944199939370155,-0.033573677122592904,18.4,18.4,trapezoid_from_zero_normalized_by_max_fraction
cicids2017_binary,45,rid_40c0725634afa7648eb59f1348d0bd80,cnn,gradient_x_input,joint_donor,dependency_preserving,insertion,1,ATTACK,True,1,ATTACK,1.0,0.999999136945064,50,-0.6394969442331365,-0.6080746437135267,-0.5962749623035707,-0.031422300519609675,-0.043221981929565806,0.059214515029715475,0.027617253864626608,-0.08555211809427782,0.02540314756333828,0.027786555937724187,-0.0023834083743859077,18.4,18.4,trapezoid_from_zero_normalized_by_max_fraction
cicids2017_binary,45,rid_45d8990f6431caee2b930f2c84a7afbd,cnn,gradient_x_input,joint_donor,dependency_preserving,insertion,1,ATTACK,True,1,ATTACK,1.0,0.999999136945064,50,-0.100002114634583,-0.6086800813230054,-0.6446404921893025,0.5086779666884225,0.5446383775547194,0.06153795100425824,0.029022785595003077,0.4517933069222164,0.1368231624364853,0.14627419121842833,-0.009451028781943038,18.4,18.4,trapezoid_from_zero_normalized_by_max_fraction
cicids2017_binary,45,rid_c38c3c7f0cf70dc32b2fb9fe3aa7d22d,cnn,gradient_x_input,joint_donor,dependency_preserving,insertion,1,ATTACK,True,1,ATTACK,1.0,0.999999136945064,50,0.3010259133045202,0.31018162384500025,0.37666493470294093,-0.00915571054048002,-0.07563902139842076,0.05805569217755001,0.02699516227879664,-0.06206622860692144,0.5766263604164124,0.5851049983501434,-0.008478637933731048,18.4,18.4,trapezoid_from_zero_normalized_by_max_fraction
cicids2017_binary,45,rid_b5463166d26a4db23a0167640c969f51,cnn,gradient_x_input,joint_donor,dependency_preserving,insertion,0,BENIGN,True,0,BENIGN,0.9999999265426992,7.895976352756406e-07,50,0.8502261467541985,0.7062456236553997,0.5979108516836045,0.1439805230987989,0.25231529507059414,0.05234083672022684,0.024730711271010297,0.09550832900761874,1.3451570272445679,1.2791143674850465,0.0660426597595214,18.4,18.4,trapezoid_from_zero_normalized_by_max_fraction
cicids2017_binary,45,rid_9f7c169f3f3451a71e4d1103d54762d8,cnn,gradient_x_input,joint_donor,dependency_preserving,insertion,1,ATTACK,True,1,ATTACK,1.0,0.999999136945064,50,0.10002893186183759,0.3368284506623717,0.346165288496139,-0.2367995188005341,-0.2461363566343014,0.061279322405556697,0.02887428578506883,-0.293393118939269,0.5576598048210144,0.5343040382862091,0.02335576653480531,18.4,18.4,trapezoid_from_zero_normalized_by_max_fraction
cicids2017_binary,45,rid_9b7add9a237d82184b6b7ff39481c1e4,cnn,gradient_x_input,target_class_donor,dependency_preserving_conditional_on_class,deletion,1,ATTACK,True,1,ATTACK,1.0,0.999999136945064,50,0.0009544253349304199,0.0292306745792518,0.06543276441863874,-0.028276249244321382,-0.06447833908370831,0.014511621020861707,0.010092602605735156,-0.04805775035156229,0.42526760697364807,0.38565397161245346,0.03961363536119461,18.4,18.4,trapezoid_from_zero_normalized_by_max_fraction
cicids2017_binary,45,rid_dda9091e380531eed540e6956845b29a,cnn,gradient_x_input,target_class_donor,dependency_preserving_conditional_on_class,deletion,1,ATTACK,True,1,ATTACK,1.0,0.999999136945064,50,0.0,0.06473836927830871,0.04555719912005589,-0.06473836927830871,-0.04555719912005589,0.014568971849636882,0.011364072060376568,-0.08701195051664679,0.19517052173614502,0.2413952327668667,-0.04622471103072168,18.4,18.4,trapezoid_from_zero_normalized_by_max_fraction
cicids2017_binary,45,rid_33a4e24bd932f62baa573a0bddad67d9,cnn,gradient_x_input,target_class_donor,dependency_preserving_conditional_on_class,deletion,0,BENIGN,True,0,BENIGN,0.99999998703493,8.500898660557255e-07,50,0.0005029745732989532,0.007027878475868476,0.0011124801463672826,-0.006524903902569523,-0.0006095055730683294,0.006468795561166843,0.004567184302383236,-0.015476585135240665,0.5971209406852722,0.5623338891863823,0.03478705149888994,18.4,18.4,trapezoid_from_zero_normalized_by_max_fraction
cicids2017_binary,45,rid_e8510e9693f2cbff6cbd747239acc192,cnn,gradient_x_input,target_class_donor,dependency_preserving_conditional_on_class,deletion,0,BENIGN,True,0,BENIGN,0.9999999990459304,8.621008664722041e-07,50,1.044608624045651e-08,0.003965697728640485,0.005149962318605354,-0.003965687282554245,-0.005149951872519114,0.003947445243631088,0.0038378538995283516,-0.011487880925629815,0.2835692763328552,0.2671380045711994,0.01643127176165582,18.4,18.4,trapezoid_from_zero_normalized_by_max_fraction
cicids2017_binary,45,rid_3963f478bfc78e4b0a9249ab93167532,cnn,gradient_x_input,target_class_donor,dependency_preserving_conditional_on_class,deletion,0,BENIGN,True,0,BENIGN,1.0,8.630549359534541e-07,50,3.8688291822408514e-07,0.0010324108225311104,0.0008606048842111297,-0.0010320239396128862,-0.0008602180012929055,0.0006478084586121494,0.0005766290472302895,-0.0021622168721842534,0.892076849937439,0.5066607723236084,0.38541607761383057,18.4,18.4,trapezoid_from_zero_normalized_by_max_fraction
cicids2017_binary,45,rid_ea281976da7b154c3824de0ff08c6d17,cnn,gradient_x_input,target_class_donor,dependency_preserving_conditional_on_class,deletion,0,BENIGN,True,0,BENIGN,0.999999999987372,8.630423079603392e-07,50,0.07558889953772827,0.008132395190975212,0.0046381430107554035,0.06745650434675306,0.07095075652697286,0.005684468237592526,0.005518638070963073,0.05663997372766544,0.8578420877456665,0.9685370783805846,-0.11069499063491806,18.4,18.4,trapezoid_from_zero_normalized_by_max_fraction
cicids2017_binary,45,rid_b99833a79cf0c33e74f98c4109cd68e7,cnn,gradient_x_input,target_class_donor,dependency_preserving_conditional_on_class,deletion,0,BENIGN,True,0,BENIGN,1.0,8.630549359622795e-07,50,0.0009742179725290901,2.783655616150238e-05,0.00011751089117501757,0.0009463814163675876,0.0008567070813540724,2.1414716451809536e-05,1.6621023371116524e-05,0.0009138042105601992,1.056575059890747,1.0733256654739378,-0.016750605583190747,18.4,18.4,trapezoid_from_zero_normalized_by_max_fraction
cicids2017_binary,45,rid_37306e371682683f03a9eb90718852b4,cnn,gradient_x_input,target_class_donor,dependency_preserving_conditional_on_class,deletion,0,BENIGN,True,0,BENIGN,0.999999997016666,8.600716019380172e-07,50,6.730162171875164e-06,0.0036295382195379953,2.7695529194239233e-05,-0.0036228080573661205,-2.0965367022364066e-05,0.003618264642761216,0.0025890797499845335,-0.008697404367335806,0.6179827451705933,0.7055778832435609,-0.0875951380729676,18.4,18.4,trapezoid_from_zero_normalized_by_max_fraction
cicids2017_binary,45,rid_4776f9e633f76666e87767d015ecfe74,cnn,gradient_x_input,target_class_donor,dependency_preserving_conditional_on_class,deletion,0,BENIGN,True,0,BENIGN,0.9999999827510244,8.458059603810852e-07,50,7.968454888152011e-08,0.0007316556569915564,0.0019722250035928137,-0.0007315759724426749,-0.0019721453190439326,0.0007162251140589011,0.0006802880912610233,-0.0020649406313142807,0.643378734588623,0.7549188044071198,-0.11154006981849673,18.4,18.4,trapezoid_from_zero_normalized_by_max_fraction
cicids2017_binary,45,rid_a6bbfdbe9c8d78aa6e37f292f71f1f39,cnn,gradient_x_input,target_class_donor,dependency_preserving_conditional_on_class,deletion,1,ATTACK,True,1,ATTACK,1.0,0.999999136945064,50,1.430511474609375e-07,0.06373312788712793,0.14487349027661323,-0.06373298483598046,-0.14487334722546574,0.025106158239559022,0.014601681888413239,-0.0923522813372704,0.28533878922462463,0.28275169008038936,0.002587099144235272,18.4,18.4,trapezoid_from_zero_normalized_by_max_fraction
cicids2017_binary,45,rid_fe8c4afabc3da2bc2ce439f44cbe9d0f,cnn,gradient_x_input,target_class_donor,dependency_preserving_conditional_on_class,deletion,1,ATTACK,True,1,ATTACK,1.0,0.999999136945064,50,0.0,0.02851403958529591,0.0974727746729834,-0.02851403958529591,-0.0974727746729834,0.009935199030890931,0.009016479685691975,-0.04618633976925218,0.2932719886302948,0.2830047142263502,0.010267274403944593,18.4,18.4,trapezoid_from_zero_normalized_by_max_fraction
cicids2017_binary,45,rid_40c0725634afa7648eb59f1348d0bd80,cnn,gradient_x_input,target_class_donor,dependency_preserving_conditional_on_class,deletion,1,ATTACK,True,1,ATTACK,1.0,0.999999136945064,50,0.0,0.19346727571336642,0.18363349524231437,-0.19346727571336642,-0.18363349524231437,0.04146980995244311,0.02443930936785627,-0.2413683220743647,0.29684075713157654,0.34546093828603625,-0.04862018115445971,18.4,18.4,trapezoid_from_zero_normalized_by_max_fraction
cicids2017_binary,45,rid_45d8990f6431caee2b930f2c84a7afbd,cnn,gradient_x_input,target_class_donor,dependency_preserving_conditional_on_class,deletion,1,ATTACK,True,1,ATTACK,1.0,0.999999136945064,50,1.1920928955078125e-07,0.12381376911984718,0.17613616132149945,-0.12381364991055763,-0.1761360421122099,0.034697312877368894,0.020850453025022784,-0.1646805378396023,0.8503115773200989,0.9778477150797844,-0.12753613775968553,18.4,18.4,trapezoid_from_zero_normalized_by_max_fraction
cicids2017_binary,45,rid_c38c3c7f0cf70dc32b2fb9fe3aa7d22d,cnn,gradient_x_input,target_class_donor,dependency_preserving_conditional_on_class,deletion,1,ATTACK,True,1,ATTACK,1.0,0.999999136945064,50,1.2958049774169922e-05,0.15172823535758137,0.20175685533102922,-0.1517152773078072,-0.20174389728125505,0.03972927844540906,0.02154601044132831,-0.1939454577728107,0.37698906660079956,0.35839068253757433,0.018598384063225226,18.4,18.4,trapezoid_from_zero_normalized_by_max_fraction
cicids2017_binary,45,rid_b5463166d26a4db23a0167640c969f51,cnn,gradient_x_input,target_class_donor,dependency_preserving_conditional_on_class,deletion,0,BENIGN,True,0,BENIGN,0.9999999265426992,7.895976352756406e-07,50,-2.3679328708947623e-08,0.0018832067931145071,0.00250191054546645,-0.0018832304724432161,-0.002501934224795159,0.0017922341942499683,0.0015453639569578091,-0.004912143828080522,0.13676542043685913,0.10718130493164062,0.029584115505218514,18.4,18.4,trapezoid_from_zero_normalized_by_max_fraction
cicids2017_binary,45,rid_9f7c169f3f3451a71e4d1103d54762d8,cnn,gradient_x_input,target_class_donor,dependency_preserving_conditional_on_class,deletion,1,ATTACK,True,1,ATTACK,1.0,0.999999136945064,50,6.973743438720703e-07,0.12401513391260077,0.16170115469127624,-0.12401443653825692,-0.1617004573169324,0.027245447359036203,0.01898878269649876,-0.16123245062339447,0.20451562106609344,0.2097531162649393,-0.005237495198845865,18.4,18.4,trapezoid_from_zero_normalized_by_max_fraction
cicids2017_binary,45,rid_9b7add9a237d82184b6b7ff39481c1e4,cnn,gradient_x_input,target_class_donor,dependency_preserving_conditional_on_class,insertion,1,ATTACK,True,1,ATTACK,1.0,0.999999136945064,50,-4.782676696777344e-05,-0.26479337429947963,-0.2060437305442538,0.26474554753251184,0.205995903777286,0.049552122793574994,0.025518686858486045,0.2147289212898792,0.42526760697364807,0.38565397161245346,0.03961363536119461,18.4,18.4,trapezoid_from_zero_normalized_by_max_fraction
cicids2017_binary,45,rid_dda9091e380531eed540e6956845b29a,cnn,gradient_x_input,target_class_donor,dependency_preserving_conditional_on_class,insertion,1,ATTACK,True,1,ATTACK,1.0,0.999999136945064,50,-2.956986427307129e-05,-0.11520701489159987,-0.25489981948525564,0.11517744502732681,0.2548702496209826,0.0373841686633031,0.018705019614645674,0.07851560658262129,0.19517052173614502,0.2413952327668667,-0.04622471103072168,18.4,18.4,trapezoid_from_zero_normalized_by_max_fraction
cicids2017_binary,45,rid_33a4e24bd932f62baa573a0bddad67d9,cnn,gradient_x_input,target_class_donor,dependency_preserving_conditional_on_class,insertion,0,BENIGN,True,0,BENIGN,0.99999998703493,8.500898660557255e-07,50,-6.404924007830104e-09,-0.0002486903890218705,-0.0021424152191725694,0.0002486839840978627,0.0021424088142485615,0.0002479614796022939,0.0002123408606756661,-0.00016750410282644285,0.5971209406852722,0.5623338891863823,0.03478705149888994,18.4,18.4,trapezoid_from_zero_normalized_by_max_fraction
cicids2017_binary,45,rid_e8510e9693f2cbff6cbd747239acc192,cnn,gradient_x_input,target_class_donor,dependency_preserving_conditional_on_class,insertion,0,BENIGN,True,0,BENIGN,0.9999999990459304,8.621008664722041e-07,50,-1.7069435796324138e-06,-0.013370917499574746,-0.0007474776317393916,0.013369210555995112,0.0007457706881597591,0.009959131328791983,0.007000797799783625,-0.00035235313158079283,0.2835692763328552,0.2671380045711994,0.01643127176165582,18.4,18.4,trapezoid_from_zero_normalized_by_max_fraction
cicids2017_binary,45,rid_3963f478bfc78e4b0a9249ab93167532,cnn,gradient_x_input,target_class_donor,dependency_preserving_conditional_on_class,insertion,0,BENIGN,True,0,BENIGN,1.0,8.630549359534541e-07,50,-5.785812545316959e-06,-0.0075538527913120435,-0.0051530408760106896,0.0075480669787667265,0.005147255063465372,0.007531109160072708,0.005829052398181995,-0.0038768757216699826,0.892076849937439,0.5066607723236084,0.38541607761383057,18.4,18.4,trapezoid_from_zero_normalized_by_max_fraction
cicids2017_binary,45,rid_ea281976da7b154c3824de0ff08c6d17,cnn,gradient_x_input,target_class_donor,dependency_preserving_conditional_on_class,insertion,0,BENIGN,True,0,BENIGN,0.999999999987372,8.630423079603392e-07,50,-0.00028919766904557663,-0.003990229837649932,-0.0015338631207157405,0.0037010321686043552,0.001244665451670164,0.003923263747932231,0.0032139436699935024,-0.002598297424582909,0.8578420877456665,0.9685370783805846,-0.11069499063491806,18.4,18.4,trapezoid_from_zero_normalized_by_max_fraction
cicids2017_binary,45,rid_b99833a79cf0c33e74f98c4109cd68e7,cnn,gradient_x_input,target_class_donor,dependency_preserving_conditional_on_class,insertion,0,BENIGN,True,0,BENIGN,1.0,8.630549359622795e-07,50,2.7139543112841835e-08,-0.012337516716494778,-0.00035031614994755544,0.012337543856037893,0.0003503432894906683,0.007851807402742363,0.005596626674691919,0.0013681555736417324,1.056575059890747,1.0733256654739378,-0.016750605583190747,18.4,18.4,trapezoid_from_zero_normalized_by_max_fraction
cicids2017_binary,45,rid_37306e371682683f03a9eb90718852b4,cnn,gradient_x_input,target_class_donor,dependency_preserving_conditional_on_class,insertion,0,BENIGN,True,0,BENIGN,0.999999997016666,8.600716019380172e-07,50,-1.9625143965473767e-08,-1.5333174813751735e-05,-0.00021027598839575823,1.5313549669786264e-05,0.00021025636325179274,1.2869036672021083e-05,8.00314673190974e-06,-3.726179247568263e-07,0.6179827451705933,0.7055778832435609,-0.0875951380729676,18.4,18.4,trapezoid_from_zero_normalized_by_max_fraction
cicids2017_binary,45,rid_4776f9e633f76666e87767d015ecfe74,cnn,gradient_x_input,target_class_donor,dependency_preserving_conditional_on_class,insertion,0,BENIGN,True,0,BENIGN,0.9999999827510244,8.458059603810852e-07,50,-7.574423416256691e-09,-0.005129407419888657,-0.0011597647831131193,0.005129399845465241,0.0011597572086897029,0.0045490872718808514,0.004348327528685194,-0.0033933221107577387,0.643378734588623,0.7549188044071198,-0.11154006981849673,18.4,18.4,trapezoid_from_zero_normalized_by_max_fraction
cicids2017_binary,45,rid_a6bbfdbe9c8d78aa6e37f292f71f1f39,cnn,gradient_x_input,target_class_donor,dependency_preserving_conditional_on_class,insertion,1,ATTACK,True,1,ATTACK,1.0,0.999999136945064,50,-2.2351741790771484e-07,-0.16337663456291512,-0.16102441941829693,0.16337641104549722,0.16102419590087902,0.03740701594319305,0.021362521649897635,0.12150586861169785,0.28533878922462463,0.28275169008038936,0.002587099144235272,18.4,18.4,trapezoid_from_zero_normalized_by_max_fraction
cicids2017_binary,45,rid_fe8c4afabc3da2bc2ce439f44cbe9d0f,cnn,gradient_x_input,target_class_donor,dependency_preserving_conditional_on_class,insertion,1,ATTACK,True,1,ATTACK,1.0,0.999999136945064,50,-3.5762786865234375e-07,-0.2535933558699838,-0.15548577838585664,0.2535929982421152,0.155485420757988,0.047738385987437695,0.026413209973834936,0.2018231066933987,0.2932719886302948,0.2830047142263502,0.010267274403944593,18.4,18.4,trapezoid_from_zero_normalized_by_max_fraction
cicids2017_binary,45,rid_40c0725634afa7648eb59f1348d0bd80,cnn,gradient_x_input,target_class_donor,dependency_preserving_conditional_on_class,insertion,1,ATTACK,True,1,ATTACK,1.0,0.999999136945064,50,-1.5553832054138183e-05,-0.3193439434006529,-0.2804195551604318,0.31932838956859877,0.2804040013283777,0.04697259978707168,0.027303574382437364,0.26581338377902153,0.29684075713157654,0.34546093828603625,-0.04862018115445971,18.4,18.4,trapezoid_from_zero_normalized_by_max_fraction
cicids2017_binary,45,rid_45d8990f6431caee2b930f2c84a7afbd,cnn,gradient_x_input,target_class_donor,dependency_preserving_conditional_on_class,insertion,1,ATTACK,True,1,ATTACK,1.0,0.999999136945064,50,0.06700000464916228,-0.2394615380675733,-0.1871944716381078,0.3064615427167356,0.2541944762872701,0.05264396698093596,0.02708496681350507,0.2533750077622656,0.8503115773200989,0.9778477150797844,-0.12753613775968553,18.4,18.4,trapezoid_from_zero_normalized_by_max_fraction
cicids2017_binary,45,rid_c38c3c7f0cf70dc32b2fb9fe3aa7d22d,cnn,gradient_x_input,target_class_donor,dependency_preserving_conditional_on_class,insertion,1,ATTACK,True,1,ATTACK,1.0,0.999999136945064,50,-3.576278686523438e-08,-0.305976814749765,-0.2706619867289969,0.3059767789869781,0.27066195096621004,0.048421304783144596,0.026621800475802777,0.2537980500544047,0.37698906660079956,0.35839068253757433,0.018598384063225226,18.4,18.4,trapezoid_from_zero_normalized_by_max_fraction
cicids2017_binary,45,rid_b5463166d26a4db23a0167640c969f51,cnn,gradient_x_input,target_class_donor,dependency_preserving_conditional_on_class,insertion,0,BENIGN,True,0,BENIGN,0.9999999265426992,7.895976352756406e-07,50,-2.998103278528674e-07,-0.00026355395418219384,-0.004733853973664231,0.00026325414385434097,0.004733554163336378,0.00022049547900944043,0.0001458995501212787,-2.2708974383365253e-05,0.13676542043685913,0.10718130493164062,0.029584115505218514,18.4,18.4,trapezoid_from_zero_normalized_by_max_fraction
cicids2017_binary,45,rid_9f7c169f3f3451a71e4d1103d54762d8,cnn,gradient_x_input,target_class_donor,dependency_preserving_conditional_on_class,insertion,1,ATTACK,True,1,ATTACK,1.0,0.999999136945064,50,-0.0006680846214294434,-0.2927386405391618,-0.3030457605947745,0.2920705559177324,0.3023776759733451,0.05151064596812543,0.026460899735121942,0.2402071924368934,0.20451562106609344,0.2097531162649393,-0.005237495198845865,18.4,18.4,trapezoid_from_zero_normalized_by_max_fraction
cicids2017_binary,45,rid_9b7add9a237d82184b6b7ff39481c1e4,cnn,gradient_x_input,conditional_gaussian_mean,conditional_on_retained_coordinates,deletion,1,ATTACK,True,1,ATTACK,1.0,0.999999136945064,50,0.0,0.0,0.0,0.0,0.0,0.0,0.0,0.0,0.4142053723335266,0.3707265116274357,0.043478860706090916,18.4,18.4,trapezoid_from_zero_normalized_by_max_fraction
cicids2017_binary,45,rid_dda9091e380531eed540e6956845b29a,cnn,gradient_x_input,conditional_gaussian_mean,conditional_on_retained_coordinates,deletion,1,ATTACK,True,1,ATTACK,1.0,0.999999136945064,50,0.0,0.0,0.0,0.0,0.0,0.0,0.0,0.0,0.2929292917251587,0.33118877378106115,-0.03825948205590246,18.4,18.4,trapezoid_from_zero_normalized_by_max_fraction
cicids2017_binary,45,rid_33a4e24bd932f62baa573a0bddad67d9,cnn,gradient_x_input,conditional_gaussian_mean,conditional_on_retained_coordinates,deletion,0,BENIGN,True,0,BENIGN,0.99999998703493,8.500898660557255e-07,50,-6.116551343193777e-09,6.895193223192208e-06,7.379852606792526e-11,-6.9013097745354015e-06,-6.190349869261702e-09,6.856195937609949e-06,6.854434642562562e-06,-2.0336001673958023e-05,0.5057427287101746,0.45921820223331455,0.046524526476860006,18.4,18.4,trapezoid_from_zero_normalized_by_max_fraction
cicids2017_binary,45,rid_e8510e9693f2cbff6cbd747239acc192,cnn,gradient_x_input,conditional_gaussian_mean,conditional_on_retained_coordinates,deletion,0,BENIGN,True,0,BENIGN,0.9999999990459304,8.621008664722041e-07,50,2.4385695462925124e-09,4.231293616818733e-09,1.4128627363607647e-09,-1.7927240705262193e-09,1.025706809931748e-09,1.7127312588167839e-09,1.4815565145684966e-09,-4.696574839080473e-09,0.45337986946105957,0.39966409313678747,0.0537157763242721,18.4,18.4,trapezoid_from_zero_normalized_by_max_fraction
cicids2017_binary,45,rid_3963f478bfc78e4b0a9249ab93167532,cnn,gradient_x_input,conditional_gaussian_mean,conditional_on_retained_coordinates,deletion,0,BENIGN,True,0,BENIGN,1.0,8.630549359534541e-07,50,9.415394019995913e-11,7.719349414953003e-07,2.206717895081312e-10,-7.718407875551004e-07,-1.2651784930817207e-10,7.716264083892885e-07,7.715604338975262e-07,-2.2840992379942515e-06,0.8277633786201477,0.702056370973587,0.12570700764656073,18.4,18.4,trapezoid_from_zero_normalized_by_max_fraction
cicids2017_binary,45,rid_ea281976da7b154c3824de0ff08c6d17,cnn,gradient_x_input,conditional_gaussian_mean,conditional_on_retained_coordinates,deletion,0,BENIGN,True,0,BENIGN,0.999999999987372,8.630423079603392e-07,50,1.857145692785167e-08,0.0056002331150424465,5.043429403457145e-06,-0.0056002145435855195,-5.024857946529294e-06,0.004333160630922115,0.00409121003552731,-0.013618986213219046,0.5916365385055542,0.6202005746364593,-0.02856403613090508,18.4,18.4,trapezoid_from_zero_normalized_by_max_fraction
cicids2017_binary,45,rid_b99833a79cf0c33e74f98c4109cd68e7,cnn,gradient_x_input,conditional_gaussian_mean,conditional_on_retained_coordinates,deletion,0,BENIGN,True,0,BENIGN,1.0,8.630549359622795e-07,50,2.2204460492503132e-17,1.0480505352461478e-16,3.876898801991047e-16,-8.260059303211166e-17,-3.6548541970660156e-16,5.894879223567448e-17,4.454090935554077e-17,-1.6990077536897156e-16,0.7649832963943481,0.7042967159748078,0.06068658041954034,18.4,18.4,trapezoid_from_zero_normalized_by_max_fraction
cicids2017_binary,45,rid_37306e371682683f03a9eb90718852b4,cnn,gradient_x_input,conditional_gaussian_mean,conditional_on_retained_coordinates,deletion,0,BENIGN,True,0,BENIGN,0.999999997016666,8.600716019380172e-07,50,-1.3838420021006213e-09,2.0569685730831287e-08,1.2969750207036946e-08,-2.195352773293191e-08,-1.4353592209137568e-08,1.0025673320178707e-08,6.9955536324954316e-09,-3.5664812852622956e-08,0.4071173071861267,0.4060921820402146,0.0010251251459121313,18.4,18.4,trapezoid_from_zero_normalized_by_max_fraction
cicids2017_binary,45,rid_4776f9e633f76666e87767d015ecfe74,cnn,gradient_x_input,conditional_gaussian_mean,conditional_on_retained_coordinates,deletion,0,BENIGN,True,0,BENIGN,0.9999999827510244,8.458059603810852e-07,50,6.600077462337595e-08,5.287199595760406e-08,1.5440018351853268e-08,1.312877866577189e-08,5.056075627152268e-08,2.2736830510678234e-08,1.550005556337e-08,-1.7251330238433312e-08,0.3754726052284241,0.4102700884342193,-0.03479748320579523,18.4,18.4,trapezoid_from_zero_normalized_by_max_fraction
cicids2017_binary,45,rid_a6bbfdbe9c8d78aa6e37f292f71f1f39,cnn,gradient_x_input,conditional_gaussian_mean,conditional_on_retained_coordinates,deletion,1,ATTACK,True,1,ATTACK,1.0,0.999999136945064,50,0.0,1.8407106399536136e-06,5.15512228012085e-05,-1.8407106399536136e-06,-5.15512228012085e-05,1.2054824168064369e-06,1.0923068887248149e-06,-3.981632141854251e-06,0.3020806908607483,0.3410228350758553,-0.038942144215107,18.4,18.4,trapezoid_from_zero_normalized_by_max_fraction
cicids2017_binary,45,rid_fe8c4afabc3da2bc2ce439f44cbe9d0f,cnn,gradient_x_input,conditional_gaussian_mean,conditional_on_retained_coordinates,deletion,1,ATTACK,True,1,ATTACK,1.0,0.999999136945064,50,0.0,1.5146732330322267e-06,5.197525024414063e-08,-1.5146732330322267e-06,-5.197525024414063e-08,1.3557329424385332e-06,1.3557329424385332e-06,-4.171909800211751e-06,0.3202803134918213,0.322931767642498,-0.002651454150676691,18.4,18.4,trapezoid_from_zero_normalized_by_max_fraction
cicids2017_binary,45,rid_40c0725634afa7648eb59f1348d0bd80,cnn,gradient_x_input,conditional_gaussian_mean,conditional_on_retained_coordinates,deletion,1,ATTACK,True,1,ATTACK,1.0,0.999999136945064,50,0.0,0.015656613934785128,0.008775608360767365,-0.015656613934785128,-0.008775608360767365,0.007635797657724211,0.007430930052494075,-0.030221236837673512,0.31782248616218567,0.37117876583337783,-0.053356279671192164,18.4,18.4,trapezoid_from_zero_normalized_by_max_fraction
cicids2017_binary,45,rid_45d8990f6431caee2b930f2c84a7afbd,cnn,gradient_x_input,conditional_gaussian_mean,conditional_on_retained_coordinates,deletion,1,ATTACK,True,1,ATTACK,1.0,0.999999136945064,50,0.0,6.103515625e-08,6.7505836486816415e-06,-6.103515625e-08,-6.7505836486816415e-06,4.3796502218753576e-08,4.3796502218753576e-08,-1.46876300598757e-07,0.41315752267837524,0.3684622637927532,0.044695258885622036,18.4,18.4,trapezoid_from_zero_normalized_by_max_fraction
cicids2017_binary,45,rid_c38c3c7f0cf70dc32b2fb9fe3aa7d22d,cnn,gradient_x_input,conditional_gaussian_mean,conditional_on_retained_coordinates,deletion,1,ATTACK,True,1,ATTACK,1.0,0.999999136945064,50,2.384185791015625e-08,0.0035143512487411503,1.814812421798706e-05,-0.00351432740688324,-1.8124282360076904e-05,0.003508774099809533,0.0035087463400683663,-0.010391470233417237,0.29276901483535767,0.32458025756478315,-0.03181124272942548,18.4,18.4,trapezoid_from_zero_normalized_by_max_fraction
cicids2017_binary,45,rid_b5463166d26a4db23a0167640c969f51,cnn,gradient_x_input,conditional_gaussian_mean,conditional_on_retained_coordinates,deletion,0,BENIGN,True,0,BENIGN,0.9999999265426992,7.895976352756406e-07,50,-6.640020444592664e-09,0.0001686130510442734,1.7134511555383367e-08,-0.00016861969106471796,-2.3774531999976034e-08,0.0001229840655215382,0.00012297102281240966,-0.00040964289577704086,0.5941221714019775,0.5093967553377151,0.08472541606426243,18.4,18.4,trapezoid_from_zero_normalized_by_max_fraction
cicids2017_binary,45,rid_9f7c169f3f3451a71e4d1103d54762d8,cnn,gradient_x_input,conditional_gaussian_mean,conditional_on_retained_coordinates,deletion,1,ATTACK,True,1,ATTACK,1.0,0.999999136945064,50,1.7881393432617188e-07,0.024239487072307383,0.05376574443672325,-0.024239308258373057,-0.053765565622788926,0.011121521259427542,0.008167777179067522,-0.0402481515293454,0.2414715737104416,0.24652156001329423,-0.005049986302852638,18.4,18.4,trapezoid_from_zero_normalized_by_max_fraction
cicids2017_binary,45,rid_9b7add9a237d82184b6b7ff39481c1e4,cnn,gradient_x_input,conditional_gaussian_mean,conditional_on_retained_coordinates,insertion,1,ATTACK,True,1,ATTACK,1.0,0.999999136945064,50,0.8154006824099156,0.7484043115705776,0.8798161629671616,0.06699637083933793,-0.06441548055724597,0.012296457601227277,0.00912391515447768,0.04911349713656168,0.4142053723335266,0.3707265116274357,0.043478860706090916,18.4,18.4,trapezoid_from_zero_normalized_by_max_fraction
cicids2017_binary,45,rid_dda9091e380531eed540e6956845b29a,cnn,gradient_x_input,conditional_gaussian_mean,conditional_on_retained_coordinates,insertion,1,ATTACK,True,1,ATTACK,1.0,0.999999136945064,50,0.7244815279037424,0.7617849926870197,0.8615082576327575,-0.037303464783277264,-0.13702672972901503,0.018591419411649768,0.011702970145746333,-0.06024128626894008,0.2929292917251587,0.33118877378106115,-0.03825948205590246,18.4,18.4,trapezoid_from_zero_normalized_by_max_fraction
cicids2017_binary,45,rid_33a4e24bd932f62baa573a0bddad67d9,cnn,gradient_x_input,conditional_gaussian_mean,conditional_on_retained_coordinates,insertion,0,BENIGN,True,0,BENIGN,0.99999998703493,8.500898660557255e-07,50,1.8629764155897457e-06,-0.0020697549933205448,-0.014384506593762033,0.0020716179697361343,0.014386369570177623,0.002069632475364301,0.00200087803915778,-0.0018501029870131142,0.5057427287101746,0.45921820223331455,0.046524526476860006,18.4,18.4,trapezoid_from_zero_normalized_by_max_fraction
cicids2017_binary,45,rid_e8510e9693f2cbff6cbd747239acc192,cnn,gradient_x_input,conditional_gaussian_mean,conditional_on_retained_coordinates,insertion,0,BENIGN,True,0,BENIGN,0.9999999990459304,8.621008664722041e-07,50,1.8672801924357608e-06,-0.02069469020531488,-0.11003661226878025,0.020696557485507316,0.1100384795489727,0.009234630069087946,0.0065680544599473235,0.007823170744010562,0.45337986946105957,0.39966409313678747,0.0537157763242721,18.4,18.4,trapezoid_from_zero_normalized_by_max_fraction
cicids2017_binary,45,rid_3963f478bfc78e4b0a9249ab93167532,cnn,gradient_x_input,conditional_gaussian_mean,conditional_on_retained_coordinates,insertion,0,BENIGN,True,0,BENIGN,1.0,8.630549359534541e-07,50,1.8636758098100615e-06,-0.008338904886739327,-0.02297562394614334,0.008340768562549138,0.022977487621953153,0.00367035390678955,0.0035717629521021,0.001340113176429022,0.8277633786201477,0.702056370973587,0.12570700764656073,18.4,18.4,trapezoid_from_zero_normalized_by_max_fraction
cicids2017_binary,45,rid_ea281976da7b154c3824de0ff08c6d17,cnn,gradient_x_input,conditional_gaussian_mean,conditional_on_retained_coordinates,insertion,0,BENIGN,True,0,BENIGN,0.999999999987372,8.630423079603392e-07,50,1.8693729315066854e-06,-0.008413030616095194,-0.026668700274302116,0.008414899989026703,0.026670569647233622,0.00713523400437306,0.004136172057826195,0.0003080027556873616,0.5916365385055542,0.6202005746364593,-0.02856403613090508,18.4,18.4,trapezoid_from_zero_normalized_by_max_fraction
cicids2017_binary,45,rid_b99833a79cf0c33e74f98c4109cd68e7,cnn,gradient_x_input,conditional_gaussian_mean,conditional_on_retained_coordinates,insertion,0,BENIGN,True,0,BENIGN,1.0,8.630549359622795e-07,50,1.8694238987038148e-06,-0.001156219993843611,-0.006499950402865349,0.0011580894177423146,0.006501819826764052,0.0010766635901457073,0.001076642856701605,-0.0009521305813928315,0.7649832963943481,0.7042967159748078,0.06068658041954034,18.4,18.4,trapezoid_from_zero_normalized_by_max_fraction
cicids2017_binary,45,rid_37306e371682683f03a9eb90718852b4,cnn,gradient_x_input,conditional_gaussian_mean,conditional_on_retained_coordinates,insertion,0,BENIGN,True,0,BENIGN,0.999999997016666,8.600716019380172e-07,50,-0.0006913818856367993,-0.033584276228070496,-0.0393578420076442,0.0328928943424337,0.03866646012200742,0.007022800076043699,0.006526578100566262,0.020100801265323827,0.4071173071861267,0.4060921820402146,0.0010251251459121313,18.4,18.4,trapezoid_from_zero_normalized_by_max_fraction
cicids2017_binary,45,rid_4776f9e633f76666e87767d015ecfe74,cnn,gradient_x_input,conditional_gaussian_mean,conditional_on_retained_coordinates,insertion,0,BENIGN,True,0,BENIGN,0.9999999827510244,8.458059603810852e-07,50,-0.0009592120941205095,-0.03707380703996973,-0.0670782850603168,0.036114594945849225,0.0661190729661963,0.0105198235483872,0.007605177298527985,0.021208447440734378,0.3754726052284241,0.4102700884342193,-0.03479748320579523,18.4,18.4,trapezoid_from_zero_normalized_by_max_fraction
cicids2017_binary,45,rid_a6bbfdbe9c8d78aa6e37f292f71f1f39,cnn,gradient_x_input,conditional_gaussian_mean,conditional_on_retained_coordinates,insertion,1,ATTACK,True,1,ATTACK,1.0,0.999999136945064,50,0.7049648772249678,0.6414268888406626,0.7753119248698901,0.06353798838430527,-0.07034704764492232,0.034379816331912484,0.018314993126019818,0.027640601857306428,0.3020806908607483,0.3410228350758553,-0.038942144215107,18.4,18.4,trapezoid_from_zero_normalized_by_max_fraction
cicids2017_binary,45,rid_fe8c4afabc3da2bc2ce439f44cbe9d0f,cnn,gradient_x_input,conditional_gaussian_mean,conditional_on_retained_coordinates,insertion,1,ATTACK,True,1,ATTACK,1.0,0.999999136945064,50,0.6858718464435078,0.6711300777993945,0.8077601951532858,0.014741768644113404,-0.12188834870977787,0.022683597731465034,0.01272625980733195,-0.010201700578257217,0.3202803134918213,0.322931767642498,-0.002651454150676691,18.4,18.4,trapezoid_from_zero_normalized_by_max_fraction
cicids2017_binary,45,rid_40c0725634afa7648eb59f1348d0bd80,cnn,gradient_x_input,conditional_gaussian_mean,conditional_on_retained_coordinates,insertion,1,ATTACK,True,1,ATTACK,1.0,0.999999136945064,50,0.18416940439626828,0.46790422837645945,0.5267984765337841,-0.2837348239801911,-0.34262907213751587,0.044539973589429654,0.02375492813980593,-0.3302944831342107,0.31782248616218567,0.37117876583337783,-0.053356279671192164,18.4,18.4,trapezoid_from_zero_normalized_by_max_fraction
cicids2017_binary,45,rid_45d8990f6431caee2b930f2c84a7afbd,cnn,gradient_x_input,conditional_gaussian_mean,conditional_on_retained_coordinates,insertion,1,ATTACK,True,1,ATTACK,1.0,0.999999136945064,50,0.7009101427895068,0.6920709847589774,0.8875854282011184,0.008839158030529395,-0.18667528541161163,0.014752901112339857,0.009262443091074534,-0.00931523042797669,0.41315752267837524,0.3684622637927532,0.044695258885622036,18.4,18.4,trapezoid_from_zero_normalized_by_max_fraction
cicids2017_binary,45,rid_c38c3c7f0cf70dc32b2fb9fe3aa7d22d,cnn,gradient_x_input,conditional_gaussian_mean,conditional_on_retained_coordinates,insertion,1,ATTACK,True,1,ATTACK,1.0,0.999999136945064,50,0.5054265701841059,0.5812845765765601,0.7603852505041164,-0.07585800639245421,-0.25495868032001057,0.030104940921140556,0.016658027845328712,-0.1085077409692985,0.29276901483535767,0.32458025756478315,-0.03181124272942548,18.4,18.4,trapezoid_from_zero_normalized_by_max_fraction
cicids2017_binary,45,rid_b5463166d26a4db23a0167640c969f51,cnn,gradient_x_input,conditional_gaussian_mean,conditional_on_retained_coordinates,insertion,0,BENIGN,True,0,BENIGN,0.9999999265426992,7.895976352756406e-07,50,1.8439681566562173e-06,-0.026627727884372187,-0.06667766264241158,0.026629571852528833,0.06667950661056825,0.00997905434136018,0.007087110968945143,0.012738834353396355,0.5941221714019775,0.5093967553377151,0.08472541606426243,18.4,18.4,trapezoid_from_zero_normalized_by_max_fraction
cicids2017_binary,45,rid_9f7c169f3f3451a71e4d1103d54762d8,cnn,gradient_x_input,conditional_gaussian_mean,conditional_on_retained_coordinates,insertion,1,ATTACK,True,1,ATTACK,1.0,0.999999136945064,50,0.17870619248786657,0.27104014736431625,0.3928819499591889,-0.09233395487644971,-0.21417575747132228,0.045799763053298415,0.024890346265688576,-0.14111903355719932,0.2414715737104416,0.24652156001329423,-0.005049986302852638,18.4,18.4,trapezoid_from_zero_normalized_by_max_fraction
cicids2017_binary,45,rid_9b7add9a237d82184b6b7ff39481c1e4,cnn,gradient_x_input,conditional_gaussian_draw,conditional_on_retained_coordinates,deletion,1,ATTACK,True,1,ATTACK,1.0,0.999999136945064,10,0.0005451679229736328,0.008572506308555602,5.960464477539063e-09,-0.00802733838558197,0.0005451619625091553,0.008473802894903945,0.008462702856207434,-0.02461423598374854,0.4142053723335266,0.3703922468423843,0.0438131254911423,18.4,18.4,trapezoid_from_zero_normalized_by_max_fraction
cicids2017_binary,45,rid_dda9091e380531eed540e6956845b29a,cnn,gradient_x_input,conditional_gaussian_draw,conditional_on_retained_coordinates,deletion,1,ATTACK,True,1,ATTACK,1.0,0.999999136945064,10,4.649162292480469e-06,8.922815322875978e-06,0.0,-4.273653030395508e-06,4.649162292480469e-06,8.800258246012555e-06,8.800258246012555e-06,-2.1522159192580117e-05,0.2929292917251587,0.3286503902077675,-0.03572109848260879,18.4,18.4,trapezoid_from_zero_normalized_by_max_fraction
cicids2017_binary,45,rid_33a4e24bd932f62baa573a0bddad67d9,cnn,gradient_x_input,conditional_gaussian_draw,conditional_on_retained_coordinates,deletion,0,BENIGN,True,0,BENIGN,0.99999998703493,8.500898660557255e-07,10,7.060246005607951e-08,0.02003332673695265,1.027968229094789e-07,-0.020033256134492593,-3.219436285339939e-08,0.019994815425894267,0.01999478754333633,-0.0592230397194318,0.5057427287101746,0.45517031788825985,0.050572410821914715,18.4,18.4,trapezoid_from_zero_normalized_by_max_fraction
cicids2017_binary,45,rid_e8510e9693f2cbff6cbd747239acc192,cnn,gradient_x_input,conditional_gaussian_draw,conditional_on_retained_coordinates,deletion,0,BENIGN,True,0,BENIGN,0.9999999990459304,8.621008664722041e-07,10,7.9348540996671e-07,8.032165029024373e-06,3.1228563461660477e-07,-7.238679619057665e-06,4.811997753501052e-07,6.108363138926262e-06,6.0765130605300475e-06,-1.914864521769656e-05,0.45337986946105957,0.4010752779245377,0.052304591536521894,18.4,18.4,trapezoid_from_zero_normalized_by_max_fraction
cicids2017_binary,45,rid_3963f478bfc78e4b0a9249ab93167532,cnn,gradient_x_input,conditional_gaussian_draw,conditional_on_retained_coordinates,deletion,0,BENIGN,True,0,BENIGN,1.0,8.630549359534541e-07,10,1.0615353140952521e-07,1.2274686105095968e-07,4.879385205269759e-08,-1.659332964143445e-08,5.7359679356827617e-08,1.1956781389642536e-07,1.1816926877055763e-07,-2.482050964317274e-07,0.8277633786201477,0.6802755361795425,0.1474878424406052,18.4,18.4,trapezoid_from_zero_normalized_by_max_fraction
cicids2017_binary,45,rid_ea281976da7b154c3824de0ff08c6d17,cnn,gradient_x_input,conditional_gaussian_draw,conditional_on_retained_coordinates,deletion,0,BENIGN,True,0,BENIGN,0.999999999987372,8.630423079603392e-07,10,5.6933464043229524e-08,0.0001256762149100471,6.93406164944288e-06,-0.0001256192814460039,-6.8771281853996495e-06,0.00012556141154517102,0.0001234174894154729,-0.00036751756070033077,0.5916365385055542,0.6350811475515366,-0.04344460904598235,18.4,18.4,trapezoid_from_zero_normalized_by_max_fraction
cicids2017_binary,45,rid_b99833a79cf0c33e74f98c4109cd68e7,cnn,gradient_x_input,conditional_gaussian_draw,conditional_on_retained_coordinates,deletion,0,BENIGN,True,0,BENIGN,1.0,8.630549359622795e-07,10,8.178223652066664e-07,6.085630792629359e-08,1.7407535246594108e-10,7.569660572803727e-07,8.176482898542004e-07,6.070847417049797e-08,6.070847414829351e-08,6.379774479497174e-07,0.7649832963943481,0.7013783955574036,0.06360490083694459,18.4,18.4,trapezoid_from_zero_normalized_by_max_fraction
cicids2017_binary,45,rid_37306e371682683f03a9eb90718852b4,cnn,gradient_x_input,conditional_gaussian_draw,conditional_on_retained_coordinates,deletion,0,BENIGN,True,0,BENIGN,0.999999997016666,8.600716019380172e-07,10,5.765251245370973e-05,8.138490896104412e-05,5.182678371097316e-06,-2.3732396507334388e-05,5.24698340826124e-05,6.042381485134766e-05,6.037483592127595e-05,-0.00014206707491303525,0.4071173071861267,0.4105973929166794,-0.0034800857305526955,18.4,18.4,trapezoid_from_zero_normalized_by_max_fraction
cicids2017_binary,45,rid_4776f9e633f76666e87767d015ecfe74,cnn,gradient_x_input,conditional_gaussian_draw,conditional_on_retained_coordinates,deletion,0,BENIGN,True,0,BENIGN,0.9999999827510244,8.458059603810852e-07,10,6.771797693705394e-08,3.357394833257811e-05,1.1772262755327389e-06,-3.350623035564105e-05,-1.109508298595685e-06,2.2609592115135318e-05,2.235599842732468e-05,-7.732398727319743e-05,0.3754726052284241,0.42183535993099214,-0.046362754702568065,18.4,18.4,trapezoid_from_zero_normalized_by_max_fraction
cicids2017_binary,45,rid_a6bbfdbe9c8d78aa6e37f292f71f1f39,cnn,gradient_x_input,conditional_gaussian_draw,conditional_on_retained_coordinates,deletion,1,ATTACK,True,1,ATTACK,1.0,0.999999136945064,10,2.384185791015625e-08,0.00039663851261138915,4.2319297790527347e-07,-0.0003966146707534789,-3.993511199951172e-07,0.00039519144917596214,0.00039145953194906773,-0.0011638753533736515,0.3020806908607483,0.33548196479678155,-0.03340127393603326,18.4,18.4,trapezoid_from_zero_normalized_by_max_fraction
cicids2017_binary,45,rid_fe8c4afabc3da2bc2ce439f44cbe9d0f,cnn,gradient_x_input,conditional_gaussian_draw,conditional_on_retained_coordinates,deletion,1,ATTACK,True,1,ATTACK,1.0,0.999999136945064,10,0.0,0.0,0.0017909204959869385,0.0,-0.0017909204959869385,0.0,0.0,0.0,0.3202803134918213,0.33131054595112797,-0.011030232459306677,18.4,18.4,trapezoid_from_zero_normalized_by_max_fraction
cicids2017_binary,45,rid_40c0725634afa7648eb59f1348d0bd80,cnn,gradient_x_input,conditional_gaussian_draw,conditional_on_retained_coordinates,deletion,1,ATTACK,True,1,ATTACK,1.0,0.999999136945064,10,0.001000833511352539,0.03689191978424787,0.02256589904427529,-0.035891086272895334,-0.02156506553292275,0.031956725224826274,0.023279934937294727,-0.081519758749993,0.31782248616218567,0.37662300825119016,-0.05880052208900449,18.4,18.4,trapezoid_from_zero_normalized_by_max_fraction
cicids2017_binary,45,rid_45d8990f6431caee2b930f2c84a7afbd,cnn,gradient_x_input,conditional_gaussian_draw,conditional_on_retained_coordinates,deletion,1,ATTACK,True,1,ATTACK,1.0,0.999999136945064,10,1.978874206542969e-06,2.0313262939453126e-05,1.800656318664551e-06,-1.8334388732910154e-05,1.7821788787841793e-07,1.8299186890845148e-05,1.8288461201795377e-05,-5.4179772688429093e-05,0.41315752267837524,0.3613970920443535,0.05176043063402175,18.4,18.4,trapezoid_from_zero_normalized_by_max_fraction
cicids2017_binary,45,rid_c38c3c7f0cf70dc32b2fb9fe3aa7d22d,cnn,gradient_x_input,conditional_gaussian_draw,conditional_on_retained_coordinates,deletion,1,ATTACK,True,1,ATTACK,1.0,0.999999136945064,10,6.934404373168946e-05,0.0017095720767974856,0.013117222189903258,-0.001640228033065796,-0.01304787814617157,0.0016990631822985862,0.0016958001749773186,-0.004963996376021341,0.29276901483535767,0.32198426410555836,-0.029215249270200694,18.4,18.4,trapezoid_from_zero_normalized_by_max_fraction
cicids2017_binary,45,rid_b5463166d26a4db23a0167640c969f51,cnn,gradient_x_input,conditional_gaussian_draw,conditional_on_retained_coordinates,deletion,0,BENIGN,True,0,BENIGN,0.9999999265426992,7.895976352756406e-07,10,1.1981880817923952e-05,0.0186616929701816,4.514431672151264e-06,-0.018649711089363676,7.467449145772687e-06,0.016703601326550053,0.016698560197525875,-0.05137888907651439,0.5941221714019775,0.5185605329275131,0.0755616384744644,18.4,18.4,trapezoid_from_zero_normalized_by_max_fraction
cicids2017_binary,45,rid_9f7c169f3f3451a71e4d1103d54762d8,cnn,gradient_x_input,conditional_gaussian_draw,conditional_on_retained_coordinates,deletion,1,ATTACK,True,1,ATTACK,1.0,0.999999136945064,10,5.173683166503907e-06,0.058058025643695145,0.023702606847789413,-0.058052851960528645,-0.02369743316462291,0.039974791544855406,0.02912692624286603,-0.11514162739654607,0.2414715737104416,0.2529528000205755,-0.01148122631013393,18.4,18.4,trapezoid_from_zero_normalized_by_max_fraction
cicids2017_binary,45,rid_9b7add9a237d82184b6b7ff39481c1e4,cnn,gradient_x_input,conditional_gaussian_draw,conditional_on_retained_coordinates,insertion,1,ATTACK,True,1,ATTACK,1.0,0.999999136945064,10,0.7697846411911882,0.8259758902502478,0.8750037684836303,-0.05619124905905945,-0.10521912729244202,0.05525196067534291,0.032228274607202886,-0.1193586672891771,0.4142053723335266,0.3703922468423843,0.0438131254911423,18.4,18.4,trapezoid_from_zero_normalized_by_max_fraction
cicids2017_binary,45,rid_dda9091e380531eed540e6956845b29a,cnn,gradient_x_input,conditional_gaussian_draw,conditional_on_retained_coordinates,insertion,1,ATTACK,True,1,ATTACK,1.0,0.999999136945064,10,0.9345808259395993,0.7996126238879262,0.7703850160427725,0.1349682020516733,0.16419580989682683,0.05901145920832723,0.03457009098798644,0.06721082371521989,0.2929292917251587,0.3286503902077675,-0.03572109848260879,18.4,18.4,trapezoid_from_zero_normalized_by_max_fraction
cicids2017_binary,45,rid_33a4e24bd932f62baa573a0bddad67d9,cnn,gradient_x_input,conditional_gaussian_draw,conditional_on_retained_coordinates,insertion,0,BENIGN,True,0,BENIGN,0.99999998703493,8.500898660557255e-07,10,-0.17968909986199097,-0.051323603066186385,-0.07706484939877908,-0.12836549679580458,-0.10262425046321189,0.029431612705579313,0.020511821878679323,-0.16856866767801607,0.5057427287101746,0.45517031788825985,0.050572410821914715,18.4,18.4,trapezoid_from_zero_normalized_by_max_fraction
cicids2017_binary,45,rid_e8510e9693f2cbff6cbd747239acc192,cnn,gradient_x_input,conditional_gaussian_draw,conditional_on_retained_coordinates,insertion,0,BENIGN,True,0,BENIGN,0.9999999990459304,8.621008664722041e-07,10,-0.18508419068658738,-0.050567957003007195,-0.13266482674046853,-0.13451623368358018,-0.05241936394611882,0.036304831929126834,0.02158231159250189,-0.1768175644048839,0.45337986946105957,0.4010752779245377,0.052304591536521894,18.4,18.4,trapezoid_from_zero_normalized_by_max_fraction
cicids2017_binary,45,rid_3963f478bfc78e4b0a9249ab93167532,cnn,gradient_x_input,conditional_gaussian_draw,conditional_on_retained_coordinates,insertion,0,BENIGN,True,0,BENIGN,1.0,8.630549359534541e-07,10,-0.011342991817138558,-0.04767685504983232,-0.10452317478660161,0.03633386323269377,0.09318018296946305,0.035921780935870395,0.022801214027006817,-0.008356516260239595,0.8277633786201477,0.6802755361795425,0.1474878424406052,18.4,18.4,trapezoid_from_zero_normalized_by_max_fraction
cicids2017_binary,45,rid_ea281976da7b154c3824de0ff08c6d17,cnn,gradient_x_input,conditional_gaussian_draw,conditional_on_retained_coordinates,insertion,0,BENIGN,True,0,BENIGN,0.999999999987372,8.630423079603392e-07,10,-3.7325834307477826e-05,-0.05182781806510804,-0.07651150680511859,0.051790492230800574,0.0764741809708111,0.04063661819963721,0.02464240490213932,0.0034913786226075036,0.5916365385055542,0.6350811475515366,-0.04344460904598235,18.4,18.4,trapezoid_from_zero_normalized_by_max_fraction
cicids2017_binary,45,rid_b99833a79cf0c33e74f98c4109cd68e7,cnn,gradient_x_input,conditional_gaussian_draw,conditional_on_retained_coordinates,insertion,0,BENIGN,True,0,BENIGN,1.0,8.630549359622795e-07,10,-1.2123395886032285e-05,-0.06960057155205858,-0.05943257442146489,0.06958844815617254,0.059420451025578865,0.042203697006750064,0.025353169876569014,0.01989623519809728,0.7649832963943481,0.7013783955574036,0.06360490083694459,18.4,18.4,trapezoid_from_zero_normalized_by_max_fraction
cicids2017_binary,45,rid_37306e371682683f03a9eb90718852b4,cnn,gradient_x_input,conditional_gaussian_draw,conditional_on_retained_coordinates,insertion,0,BENIGN,True,0,BENIGN,0.999999997016666,8.600716019380172e-07,10,-0.1953294903982538,-0.08037297992121764,-0.1421137646050476,-0.1149565104770362,-0.05321572579320624,0.033831692918851686,0.022352391570601225,-0.1587671979554146,0.4071173071861267,0.4105973929166794,-0.0034800857305526955,18.4,18.4,trapezoid_from_zero_normalized_by_max_fraction
cicids2017_binary,45,rid_4776f9e633f76666e87767d015ecfe74,cnn,gradient_x_input,conditional_gaussian_draw,conditional_on_retained_coordinates,insertion,0,BENIGN,True,0,BENIGN,0.9999999827510244,8.458059603810852e-07,10,-0.009983683598027288,-0.043342312096614544,-0.047606326216303015,0.033358628498587256,0.037622642618275734,0.03320090358785339,0.02297176427055345,-0.011666029471697502,0.3754726052284241,0.42183535993099214,-0.046362754702568065,18.4,18.4,trapezoid_from_zero_normalized_by_max_fraction
cicids2017_binary,45,rid_a6bbfdbe9c8d78aa6e37f292f71f1f39,cnn,gradient_x_input,conditional_gaussian_draw,conditional_on_retained_coordinates,insertion,1,ATTACK,True,1,ATTACK,1.0,0.999999136945064,10,0.6671754478661456,0.7633214952119967,0.7310526542742458,-0.09614604734585105,-0.0638772064081003,0.056316017874326565,0.03258360835262888,-0.16000991971700365,0.3020806908607483,0.33548196479678155,-0.03340127393603326,18.4,18.4,trapezoid_from_zero_normalized_by_max_fraction
cicids2017_binary,45,rid_fe8c4afabc3da2bc2ce439f44cbe9d0f,cnn,gradient_x_input,conditional_gaussian_draw,conditional_on_retained_coordinates,insertion,1,ATTACK,True,1,ATTACK,1.0,0.999999136945064,10,0.6616731793804206,0.6646980339200708,0.7357742700630073,-0.0030248545396500508,-0.07410109068258672,0.09257230942661489,0.04423164802960758,-0.08971888467768091,0.3202803134918213,0.33131054595112797,-0.011030232459306677,18.4,18.4,trapezoid_from_zero_normalized_by_max_fraction
cicids2017_binary,45,rid_40c0725634afa7648eb59f1348d0bd80,cnn,gradient_x_input,conditional_gaussian_draw,conditional_on_retained_coordinates,insertion,1,ATTACK,True,1,ATTACK,1.0,0.999999136945064,10,0.7995682659437279,0.6525915991030622,0.6763174590528601,0.14697666684066563,0.12325080689086777,0.09636191812527828,0.04912879067831691,0.05068423711116449,0.31782248616218567,0.37662300825119016,-0.05880052208900449,18.4,18.4,trapezoid_from_zero_normalized_by_max_fraction
cicids2017_binary,45,rid_45d8990f6431caee2b930f2c84a7afbd,cnn,gradient_x_input,conditional_gaussian_draw,conditional_on_retained_coordinates,insertion,1,ATTACK,True,1,ATTACK,1.0,0.999999136945064,10,0.6484017260426185,0.754352201151806,0.9068745769503261,-0.10595047510918758,-0.25847285090770755,0.060390773811091904,0.03556439156608199,-0.17565668257870826,0.41315752267837524,0.3613970920443535,0.05176043063402175,18.4,18.4,trapezoid_from_zero_normalized_by_max_fraction
cicids2017_binary,45,rid_c38c3c7f0cf70dc32b2fb9fe3aa7d22d,cnn,gradient_x_input,conditional_gaussian_draw,conditional_on_retained_coordinates,insertion,1,ATTACK,True,1,ATTACK,1.0,0.999999136945064,10,0.647332438956721,0.6261915935571396,0.6546533134155463,0.021140845399581477,-0.007320874458825236,0.11151908295056051,0.05218848083563552,-0.08114857703826414,0.29276901483535767,0.32198426410555836,-0.029215249270200694,18.4,18.4,trapezoid_from_zero_normalized_by_max_fraction
cicids2017_binary,45,rid_b5463166d26a4db23a0167640c969f51,cnn,gradient_x_input,conditional_gaussian_draw,conditional_on_retained_coordinates,insertion,0,BENIGN,True,0,BENIGN,0.9999999265426992,7.895976352756406e-07,10,-0.1374578543166317,-0.053231486660632966,-0.19082868445215223,-0.08422636765599875,0.05337083013552052,0.04728057616759302,0.026358976403038453,-0.1358899614059541,0.5941221714019775,0.5185605329275131,0.0755616384744644,18.4,18.4,trapezoid_from_zero_normalized_by_max_fraction
cicids2017_binary,45,rid_9f7c169f3f3451a71e4d1103d54762d8,cnn,gradient_x_input,conditional_gaussian_draw,conditional_on_retained_coordinates,insertion,1,ATTACK,True,1,ATTACK,1.0,0.999999136945064,10,0.493945354883806,0.4884292839934625,0.3903772090077695,0.0055160708903434635,0.10356814587603648,0.13252527924418847,0.06262875848214766,-0.11723629573466596,0.2414715737104416,0.2529528000205755,-0.01148122631013393,18.4,18.4,trapezoid_from_zero_normalized_by_max_fraction
cicids2017_binary,45,rid_9b7add9a237d82184b6b7ff39481c1e4,cnn,gradient_x_input,nearest_neighbour_donor,nonparametric_conditional,deletion,1,ATTACK,True,1,ATTACK,1.0,0.999999136945064,10,0.0,0.0,0.0,0.0,0.0,0.0,0.0,0.0,0.40265053510665894,0.4874756455421447,-0.08482511043548574,18.4,18.4,trapezoid_from_zero_normalized_by_max_fraction
cicids2017_binary,45,rid_dda9091e380531eed540e6956845b29a,cnn,gradient_x_input,nearest_neighbour_donor,nonparametric_conditional,deletion,1,ATTACK,True,1,ATTACK,1.0,0.999999136945064,10,0.0,0.0,0.0,0.0,0.0,0.0,0.0,0.0,0.2764282524585724,0.2786305497586727,-0.0022022973001002977,18.4,18.4,trapezoid_from_zero_normalized_by_max_fraction
cicids2017_binary,45,rid_33a4e24bd932f62baa573a0bddad67d9,cnn,gradient_x_input,nearest_neighbour_donor,nonparametric_conditional,deletion,0,BENIGN,True,0,BENIGN,0.99999998703493,8.500898660557255e-07,10,-4.614585291662365e-09,-5.152066329117132e-11,2.1553187234957245e-10,-4.563064628371194e-09,-4.830117164011938e-09,9.86015805566554e-10,4.682476616796168e-10,-5.480830045263243e-09,0.5931864976882935,0.5863618850708008,0.006824612617492676,18.4,18.4,trapezoid_from_zero_normalized_by_max_fraction
cicids2017_binary,45,rid_e8510e9693f2cbff6cbd747239acc192,cnn,gradient_x_input,nearest_neighbour_donor,nonparametric_conditional,deletion,0,BENIGN,True,0,BENIGN,0.9999999990459304,8.621008664722041e-07,10,-1.9471366741186103e-10,7.391765477482438e-11,-4.9873993823723595e-11,-2.6863132218668537e-10,-1.4483967358813743e-10,5.693926007072155e-11,3.1001276609853566e-11,-3.2939382434199836e-10,0.5628820657730103,0.5479070842266082,0.014974981546402089,18.4,18.4,trapezoid_from_zero_normalized_by_max_fraction
cicids2017_binary,45,rid_3963f478bfc78e4b0a9249ab93167532,cnn,gradient_x_input,nearest_neighbour_donor,nonparametric_conditional,deletion,0,BENIGN,True,0,BENIGN,1.0,8.630549359534541e-07,10,1.6963434151251456e-07,1.3328067371976004e-10,2.8606061963643015e-13,1.695010608387948e-07,1.6963405545189495e-07,1.3127737576030433e-10,1.0574256021861779e-10,1.692938054207663e-07,0.8925014734268188,0.6653926515579224,0.22710882186889647,18.4,18.4,trapezoid_from_zero_normalized_by_max_fraction
cicids2017_binary,45,rid_ea281976da7b154c3824de0ff08c6d17,cnn,gradient_x_input,nearest_neighbour_donor,nonparametric_conditional,deletion,0,BENIGN,True,0,BENIGN,0.999999999987372,8.630423079603392e-07,10,-6.5118299641397916e-12,4.588723883647283e-09,0.0009389151874352787,-4.595235713611423e-09,-0.0009389151939471086,3.9338076744017815e-09,2.8523962122758535e-09,-1.0185932289672097e-08,0.6664352416992188,0.6805382513999939,-0.01410300970077516,18.4,18.4,trapezoid_from_zero_normalized_by_max_fraction
cicids2017_binary,45,rid_b99833a79cf0c33e74f98c4109cd68e7,cnn,gradient_x_input,nearest_neighbour_donor,nonparametric_conditional,deletion,0,BENIGN,True,0,BENIGN,1.0,8.630549359622795e-07,10,0.0,3.33066907387547e-18,0.0,-3.33066907387547e-18,0.0,3.3306690738754695e-18,3.330669073875469e-18,-9.858780458671389e-18,0.7177965044975281,0.6849430131912231,0.032853491306304994,18.4,18.4,trapezoid_from_zero_normalized_by_max_fraction
cicids2017_binary,45,rid_37306e371682683f03a9eb90718852b4,cnn,gradient_x_input,nearest_neighbour_donor,nonparametric_conditional,deletion,0,BENIGN,True,0,BENIGN,0.999999997016666,8.600716019380172e-07,10,-1.0582036469308775e-09,1.586754144744518e-08,-2.635245877069536e-10,-1.6925745094376057e-08,-7.94679059223924e-10,9.387302226049526e-09,9.301364107617882e-09,-3.5156418745307104e-08,0.523354709148407,0.5181997081637382,0.005155000984668812,18.4,18.4,trapezoid_from_zero_normalized_by_max_fraction
cicids2017_binary,45,rid_4776f9e633f76666e87767d015ecfe74,cnn,gradient_x_input,nearest_neighbour_donor,nonparametric_conditional,deletion,0,BENIGN,True,0,BENIGN,0.9999999827510244,8.458059603810852e-07,10,-1.3792335173956615e-08,-4.509904591998293e-09,8.508220683545178e-10,-9.282430581958324e-09,-1.4643157242311133e-08,1.9953649972000544e-09,1.0371108907479425e-09,-1.131516792782429e-08,0.5262387990951538,0.5168541640043258,0.009384635090827986,18.4,18.4,trapezoid_from_zero_normalized_by_max_fraction
cicids2017_binary,45,rid_a6bbfdbe9c8d78aa6e37f292f71f1f39,cnn,gradient_x_input,nearest_neighbour_donor,nonparametric_conditional,deletion,1,ATTACK,True,1,ATTACK,1.0,0.999999136945064,10,0.0,0.0,0.0,0.0,0.0,0.0,0.0,0.0,0.33364883065223694,0.4238605600595474,-0.09021172940731048,18.4,18.4,trapezoid_from_zero_normalized_by_max_fraction
cicids2017_binary,45,rid_fe8c4afabc3da2bc2ce439f44cbe9d0f,cnn,gradient_x_input,nearest_neighbour_donor,nonparametric_conditional,deletion,1,ATTACK,True,1,ATTACK,1.0,0.999999136945064,10,0.0,0.0,0.0,0.0,0.0,0.0,0.0,0.0,0.35188254714012146,0.3982109287381172,-0.04632838159799574,18.4,18.4,trapezoid_from_zero_normalized_by_max_fraction
cicids2017_binary,45,rid_40c0725634afa7648eb59f1348d0bd80,cnn,gradient_x_input,nearest_neighbour_donor,nonparametric_conditional,deletion,1,ATTACK,True,1,ATTACK,1.0,0.999999136945064,10,0.0,0.21226834860723487,0.06171234157425724,-0.21226834860723487,-0.06171234157425724,0.09234257712256563,0.055196044189252065,-0.32045259521816893,0.3495267629623413,0.3802087971568107,-0.03068203419446941,18.4,18.4,trapezoid_from_zero_normalized_by_max_fraction
cicids2017_binary,45,rid_45d8990f6431caee2b930f2c84a7afbd,cnn,gradient_x_input,nearest_neighbour_donor,nonparametric_conditional,deletion,1,ATTACK,True,1,ATTACK,1.0,0.999999136945064,10,0.0,0.060561561874321705,0.12731385620130836,-0.060561561874321705,-0.12731385620130836,0.047001226006145584,0.03331269442940558,-0.12585444295595663,0.4445423483848572,0.44151857614517215,0.0030237722396850297,18.4,18.4,trapezoid_from_zero_normalized_by_max_fraction
cicids2017_binary,45,rid_c38c3c7f0cf70dc32b2fb9fe3aa7d22d,cnn,gradient_x_input,nearest_neighbour_donor,nonparametric_conditional,deletion,1,ATTACK,True,1,ATTACK,1.0,0.999999136945064,10,0.0,0.0,0.0,0.0,0.0,0.0,0.0,0.0,0.3200438618659973,0.4122182238101959,-0.09217436194419859,18.4,18.4,trapezoid_from_zero_normalized_by_max_fraction
cicids2017_binary,45,rid_b5463166d26a4db23a0167640c969f51,cnn,gradient_x_input,nearest_neighbour_donor,nonparametric_conditional,deletion,0,BENIGN,True,0,BENIGN,0.9999999265426992,7.895976352756406e-07,10,-4.116306939749847e-09,-5.520974344364051e-10,-1.0415036300059909e-09,-3.564209505313442e-09,-3.0748033097438563e-09,3.334126137677032e-09,2.2088693097615764e-09,-7.893593352446132e-09,0.6713005304336548,0.6719637310504915,-0.0006632006168366678,18.4,18.4,trapezoid_from_zero_normalized_by_max_fraction
cicids2017_binary,45,rid_9f7c169f3f3451a71e4d1103d54762d8,cnn,gradient_x_input,nearest_neighbour_donor,nonparametric_conditional,deletion,1,ATTACK,True,1,ATTACK,1.0,0.999999136945064,10,2.5027990341186525e-05,0.3303189454715689,0.3001115271206093,-0.3302939174812277,-0.3000864991302681,0.10110612026741628,0.05561317455682829,-0.43929573961261115,0.2512057423591614,0.2696100494265556,-0.01840430706739421,18.4,18.4,trapezoid_from_zero_normalized_by_max_fraction
cicids2017_binary,45,rid_9b7add9a237d82184b6b7ff39481c1e4,cnn,gradient_x_input,nearest_neighbour_donor,nonparametric_conditional,insertion,1,ATTACK,True,1,ATTACK,1.0,0.999999136945064,10,0.9499998082494934,0.9499998082494934,0.9399998082494934,0.0,0.009999999999999998,0.0,0.0,0.0,0.40265053510665894,0.4874756455421447,-0.08482511043548574,18.4,18.4,trapezoid_from_zero_normalized_by_max_fraction
cicids2017_binary,45,rid_dda9091e380531eed540e6956845b29a,cnn,gradient_x_input,nearest_neighbour_donor,nonparametric_conditional,insertion,1,ATTACK,True,1,ATTACK,1.0,0.999999136945064,10,0.9499998082494934,0.9399998082496961,0.9499998082494934,0.009999999999797317,0.0,0.009999999999797317,0.009999999999797317,-0.009599999999805424,0.2764282524585724,0.2786305497586727,-0.0022022973001002977,18.4,18.4,trapezoid_from_zero_normalized_by_max_fraction
cicids2017_binary,45,rid_33a4e24bd932f62baa573a0bddad67d9,cnn,gradient_x_input,nearest_neighbour_donor,nonparametric_conditional,insertion,0,BENIGN,True,0,BENIGN,0.99999998703493,8.500898660557255e-07,10,1.8137753157176917e-07,1.8002470329347985e-07,1.6409373353232227e-07,1.3528282782893131e-09,1.728379803944691e-08,2.710400521908841e-09,1.4703414841811654e-09,-1.529041030705771e-09,0.5931864976882935,0.5863618850708008,0.006824612617492676,18.4,18.4,trapezoid_from_zero_normalized_by_max_fraction
cicids2017_binary,45,rid_e8510e9693f2cbff6cbd747239acc192,cnn,gradient_x_input,nearest_neighbour_donor,nonparametric_conditional,insertion,0,BENIGN,True,0,BENIGN,0.9999999990459304,8.621008664722041e-07,10,1.9094495664062628e-07,1.7652075849139414e-07,1.469965358513736e-07,1.4424198149232123e-08,4.3948420789252653e-08,1.2778792614764891e-08,9.605658153387954e-09,-4.402891831408266e-09,0.5628820657730103,0.5479070842266082,0.014974981546402089,18.4,18.4,trapezoid_from_zero_normalized_by_max_fraction
cicids2017_binary,45,rid_3963f478bfc78e4b0a9249ab93167532,cnn,gradient_x_input,nearest_neighbour_donor,nonparametric_conditional,insertion,0,BENIGN,True,0,BENIGN,1.0,8.630549359534541e-07,10,-1.9337489765014492e-08,1.9115993021678878e-07,-0.025010844829918742,-2.1049741998180327e-07,0.025010825492428976,5.834095107150562e-10,4.674108143810249e-10,-2.1141354517799008e-07,0.8925014734268188,0.6653926515579224,0.22710882186889647,18.4,18.4,trapezoid_from_zero_normalized_by_max_fraction
cicids2017_binary,45,rid_ea281976da7b154c3824de0ff08c6d17,cnn,gradient_x_input,nearest_neighbour_donor,nonparametric_conditional,insertion,0,BENIGN,True,0,BENIGN,0.999999999987372,8.630423079603392e-07,10,-3.3890273298531333e-06,-1.7988464400336966e-06,-0.02999981329781305,-1.590180889819437e-06,0.029996424270483196,1.978911583487341e-06,1.904781137639876e-06,-5.323551919593595e-06,0.6664352416992188,0.6805382513999939,-0.01410300970077516,18.4,18.4,trapezoid_from_zero_normalized_by_max_fraction
cicids2017_binary,45,rid_b99833a79cf0c33e74f98c4109cd68e7,cnn,gradient_x_input,nearest_neighbour_donor,nonparametric_conditional,insertion,0,BENIGN,True,0,BENIGN,1.0,8.630549359622795e-07,10,1.917503810844323e-07,1.915185463519098e-07,1.9152016607071333e-07,2.3183473252252972e-10,2.3021501371900135e-10,2.3187827229663996e-10,2.3129388243697363e-10,-2.2150127705393858e-10,0.7177965044975281,0.6849430131912231,0.032853491306304994,18.4,18.4,trapezoid_from_zero_normalized_by_max_fraction
cicids2017_binary,45,rid_37306e371682683f03a9eb90718852b4,cnn,gradient_x_input,nearest_neighbour_donor,nonparametric_conditional,insertion,0,BENIGN,True,0,BENIGN,0.999999997016666,8.600716019380172e-07,10,1.8939199848411194e-07,1.8966316253754553e-07,1.8526353761316728e-07,-2.711640534336331e-10,4.12846087094465e-09,2.3016684927098512e-10,1.1357228240167116e-10,-4.937657269409086e-10,0.523354709148407,0.5181997081637382,0.005155000984668812,18.4,18.4,trapezoid_from_zero_normalized_by_max_fraction
cicids2017_binary,45,rid_4776f9e633f76666e87767d015ecfe74,cnn,gradient_x_input,nearest_neighbour_donor,nonparametric_conditional,insertion,0,BENIGN,True,0,BENIGN,0.9999999827510244,8.458059603810852e-07,10,1.783634646645993e-07,-1.2535357506154866e-06,-2.5382996696632353e-07,1.431899215280086e-06,4.3219343163092293e-07,1.2680847440671643e-06,1.0052759479571866e-06,-5.384416427159996e-07,0.5262387990951538,0.5168541640043258,0.009384635090827986,18.4,18.4,trapezoid_from_zero_normalized_by_max_fraction
cicids2017_binary,45,rid_a6bbfdbe9c8d78aa6e37f292f71f1f39,cnn,gradient_x_input,nearest_neighbour_donor,nonparametric_conditional,insertion,1,ATTACK,True,1,ATTACK,1.0,0.999999136945064,10,0.299999814803985,0.8549998082499761,0.8053142664735002,-0.5549999934459912,-0.5053144516695153,0.06624621180777213,0.040034707164664764,-0.6334680194887341,0.33364883065223694,0.4238605600595474,-0.09021172940731048,18.4,18.4,trapezoid_from_zero_normalized_by_max_fraction
cicids2017_binary,45,rid_fe8c4afabc3da2bc2ce439f44cbe9d0f,cnn,gradient_x_input,nearest_neighbour_donor,nonparametric_conditional,insertion,1,ATTACK,True,1,ATTACK,1.0,0.999999136945064,10,0.29999980988631575,0.8749531390875838,0.8599998101428408,-0.5749533292012678,-0.5600000002565251,0.060265083313968876,0.03685136046213521,-0.6471819957070528,0.35188254714012146,0.3982109287381172,-0.04632838159799574,18.4,18.4,trapezoid_from_zero_normalized_by_max_fraction
cicids2017_binary,45,rid_40c0725634afa7648eb59f1348d0bd80,cnn,gradient_x_input,nearest_neighbour_donor,nonparametric_conditional,insertion,1,ATTACK,True,1,ATTACK,1.0,0.999999136945064,10,0.09999981326437478,0.4951186286922865,0.32507921679703394,-0.3951188154279117,-0.2250794035326592,0.15131592480817127,0.07225868065016784,-0.5367458295022407,0.3495267629623413,0.3802087971568107,-0.03068203419446941,18.4,18.4,trapezoid_from_zero_normalized_by_max_fraction
cicids2017_binary,45,rid_45d8990f6431caee2b930f2c84a7afbd,cnn,gradient_x_input,nearest_neighbour_donor,nonparametric_conditional,insertion,1,ATTACK,True,1,ATTACK,1.0,0.999999136945064,10,0.5999998236926538,0.5550441264429761,0.4880326302353335,0.044955697249677753,0.11196719345732034,0.13929403882056854,0.06750824416193485,-0.08736046130771456,0.4445423483848572,0.44151857614517215,0.0030237722396850297,18.4,18.4,trapezoid_from_zero_normalized_by_max_fraction
cicids2017_binary,45,rid_c38c3c7f0cf70dc32b2fb9fe3aa7d22d,cnn,gradient_x_input,nearest_neighbour_donor,nonparametric_conditional,insertion,1,ATTACK,True,1,ATTACK,1.0,0.999999136945064,10,0.19999981170792808,0.6699999459940258,0.7750022243391315,-0.47000013428609766,-0.5750024126312034,0.10171203007349416,0.0520683150978938,-0.5720540318779695,0.3200438618659973,0.4122182238101959,-0.09217436194419859,18.4,18.4,trapezoid_from_zero_normalized_by_max_fraction
cicids2017_binary,45,rid_b5463166d26a4db23a0167640c969f51,cnn,gradient_x_input,nearest_neighbour_donor,nonparametric_conditional,insertion,0,BENIGN,True,0,BENIGN,0.9999999265426992,7.895976352756406e-07,10,1.1423830805767921e-07,1.1663348530088768e-07,1.220161738235692e-07,-2.3951772432084794e-09,-7.77786576589001e-09,7.125923065733152e-09,3.4528734244999186e-09,-9.16280915522832e-09,0.6713005304336548,0.6719637310504915,-0.0006632006168366678,18.4,18.4,trapezoid_from_zero_normalized_by_max_fraction
cicids2017_binary,45,rid_9f7c169f3f3451a71e4d1103d54762d8,cnn,gradient_x_input,nearest_neighbour_donor,nonparametric_conditional,insertion,1,ATTACK,True,1,ATTACK,1.0,0.999999136945064,10,-1.8889164835199544e-07,0.14158705393266519,0.17585056259295578,-0.14158724282431356,-0.17585075148460413,0.07463797533381024,0.042158023260832594,-0.22421696841554545,0.2512057423591614,0.2696100494265556,-0.01840430706739421,18.4,18.4,trapezoid_from_zero_normalized_by_max_fraction
cicids2017_binary,45,rid_9b7add9a237d82184b6b7ff39481c1e4,cnn,gradient_x_input,correlation_group_median,group_wise,deletion,1,ATTACK,True,1,ATTACK,1.0,0.999999136945064,50,0.849999999355463,0.3131888221190603,0.7616567426976764,0.5368111772364028,0.08834325665778664,0.050555396207222936,0.025925026943334633,0.4859981244274669,0.618515133857727,0.3597718589603901,0.25874327489733695,45.6,34.064,trapezoid_from_zero_normalized_by_max_fraction
cicids2017_binary,45,rid_dda9091e380531eed540e6956845b29a,cnn,gradient_x_input,correlation_group_median,group_wise,deletion,1,ATTACK,True,1,ATTACK,1.0,0.999999136945064,50,0.5260328978300095,0.3257285319999701,0.7405236850439811,0.20030436583003938,-0.21449078721397163,0.05070064237377189,0.026785513408762986,0.14780475954886393,0.4605313241481781,0.2857641814760864,0.1747671426720917,45.6,31.156,trapezoid_from_zero_normalized_by_max_fraction
cicids2017_binary,45,rid_33a4e24bd932f62baa573a0bddad67d9,cnn,gradient_x_input,correlation_group_median,group_wise,deletion,0,BENIGN,True,0,BENIGN,0.99999998703493,8.500898660557255e-07,50,8.113080298799425e-07,1.3796000376332663e-06,0.00010380554082821258,-5.682920077533238e-07,-0.00010299423279833264,3.715085713844953e-07,2.558803289534874e-07,-1.0698174525021591e-06,0.4523887634277344,0.4692973066270351,-0.01690854319930074,50.2,35.852,trapezoid_from_zero_normalized_by_max_fraction
cicids2017_binary,45,rid_e8510e9693f2cbff6cbd747239acc192,cnn,gradient_x_input,correlation_group_median,group_wise,deletion,0,BENIGN,True,0,BENIGN,0.9999999990459304,8.621008664722041e-07,50,8.910825978314385e-07,8.492412065184141e-07,2.428406901058033e-05,4.184139131302444e-08,-2.3392986412748895e-05,8.259991389639784e-08,3.935760411262303e-08,-3.52995127477167e-08,0.3899630904197693,0.6996563982740045,-0.3096933078542352,50.2,36.480000000000004,trapezoid_from_zero_normalized_by_max_fraction
cicids2017_binary,45,rid_3963f478bfc78e4b0a9249ab93167532,cnn,gradient_x_input,correlation_group_median,group_wise,deletion,0,BENIGN,True,0,BENIGN,1.0,8.630549359534541e-07,50,5.838754032083671e-06,0.0002973744413116978,0.016714360831034177,-0.0002915356872796141,-0.016708522077002092,5.227769295308732e-05,3.9031867411763205e-05,-0.00036803814740667,0.3822498619556427,0.3628840705528855,0.019365791402757182,49.6,42.664,trapezoid_from_zero_normalized_by_max_fraction
cicids2017_binary,45,rid_ea281976da7b154c3824de0ff08c6d17,cnn,gradient_x_input,correlation_group_median,group_wise,deletion,0,BENIGN,True,0,BENIGN,0.999999999987372,8.630423079603392e-07,50,0.0002963929678658939,0.021608370510319257,0.01577482168166402,-0.021311977542453366,-0.015478428713798124,0.008949269558927756,0.0066466716865952015,-0.03433945404817996,0.2634865343570709,0.21529835504293443,0.04818817931413649,50.2,44.260000000000005,trapezoid_from_zero_normalized_by_max_fraction
cicids2017_binary,45,rid_b99833a79cf0c33e74f98c4109cd68e7,cnn,gradient_x_input,correlation_group_median,group_wise,deletion,0,BENIGN,True,0,BENIGN,1.0,8.630549359622795e-07,50,3.4760855090099076e-05,0.032570976409243696,0.0069794290534856114,-0.032536215554153605,-0.006944668198395513,0.010948578431113812,0.0065434718071304705,-0.04536142029612933,0.596732497215271,0.7081412798166274,-0.11140878260135645,48.4,48.896,trapezoid_from_zero_normalized_by_max_fraction
cicids2017_binary,45,rid_37306e371682683f03a9eb90718852b4,cnn,gradient_x_input,correlation_group_median,group_wise,deletion,0,BENIGN,True,0,BENIGN,0.999999997016666,8.600716019380172e-07,50,5.70536731703264e-07,1.9239260267011058e-06,3.2187459737930134e-05,-1.353389294997842e-06,-3.161692300622687e-05,5.311815267785428e-07,3.1877000040600707e-07,-1.978178495793616e-06,0.2757232189178467,0.47638083565613415,-0.20065761673828747,46.0,34.391999999999996,trapezoid_from_zero_normalized_by_max_fraction
cicids2017_binary,45,rid_4776f9e633f76666e87767d015ecfe74,cnn,gradient_x_input,correlation_group_median,group_wise,deletion,0,BENIGN,True,0,BENIGN,0.9999999827510244,8.458059603810852e-07,50,1.3918518545708026e-06,1.010846842906976e-05,7.185526346732506e-05,-8.716616574498959e-06,-7.046341161275426e-05,2.2561502973812738e-06,1.1272737630120886e-06,-1.0926073150002653e-05,0.2535703480243683,0.5358340703089488,-0.2822637222845805,48.6,38.116,trapezoid_from_zero_normalized_by_max_fraction
cicids2017_binary,45,rid_a6bbfdbe9c8d78aa6e37f292f71f1f39,cnn,gradient_x_input,correlation_group_median,group_wise,deletion,1,ATTACK,True,1,ATTACK,1.0,0.999999136945064,50,0.8418963547446765,0.8035631002083541,0.8439745072378275,0.038333254536322414,-0.0020781524931510822,0.016562508370426027,0.011578312135383347,0.015639762750971054,0.43338871002197266,0.2681719737965613,0.16521673622541133,45.6,34.94,trapezoid_from_zero_normalized_by_max_fraction
cicids2017_binary,45,rid_fe8c4afabc3da2bc2ce439f44cbe9d0f,cnn,gradient_x_input,correlation_group_median,group_wise,deletion,1,ATTACK,True,1,ATTACK,1.0,0.999999136945064,50,0.8466118570417165,0.5059545759319589,0.8108979370136811,0.34065728110975757,0.03571392002803546,0.04776013233494088,0.02585887086591315,0.2899738942125678,0.42054399847984314,0.2309949712911621,0.18954902718868105,45.6,29.919999999999998,trapezoid_from_zero_normalized_by_max_fraction
cicids2017_binary,45,rid_40c0725634afa7648eb59f1348d0bd80,cnn,gradient_x_input,correlation_group_median,group_wise,deletion,1,ATTACK,True,1,ATTACK,1.0,0.999999136945064,50,0.8488733538186808,0.7794164051564143,0.8893869441632909,0.06945694866226629,-0.04051359034461015,0.03911629420727631,0.019453821791202155,0.03132745795151006,0.3918379843235016,0.2985607816725969,0.09327720265090467,45.6,31.072000000000003,trapezoid_from_zero_normalized_by_max_fraction
cicids2017_binary,45,rid_45d8990f6431caee2b930f2c84a7afbd,cnn,gradient_x_input,correlation_group_median,group_wise,deletion,1,ATTACK,True,1,ATTACK,1.0,0.999999136945064,50,0.849999965295565,0.7961831037151269,0.8871041732754326,0.05381686158043804,-0.03710420797986776,0.016823679878656118,0.011181720066739611,0.0319006902496284,0.5095731019973755,0.3129706776132807,0.1966024243840948,45.6,34.316,trapezoid_from_zero_normalized_by_max_fraction
cicids2017_binary,45,rid_c38c3c7f0cf70dc32b2fb9fe3aa7d22d,cnn,gradient_x_input,correlation_group_median,group_wise,deletion,1,ATTACK,True,1,ATTACK,1.0,0.999999136945064,50,0.8488910370637313,0.8366918165394316,0.8835117646107846,0.012199220524299751,-0.03462072754705322,0.01724566669558473,0.012246410955318341,-0.011803744948124197,0.37442705035209656,0.24493292996659877,0.1294941203854978,45.6,33.20399999999999,trapezoid_from_zero_normalized_by_max_fraction
cicids2017_binary,45,rid_b5463166d26a4db23a0167640c969f51,cnn,gradient_x_input,correlation_group_median,group_wise,deletion,0,BENIGN,True,0,BENIGN,0.9999999265426992,7.895976352756406e-07,50,8.03428874540657e-07,2.058110693962667e-06,6.912654954716168e-05,-1.2546818194220099e-06,-6.832312067262103e-05,3.920529340085764e-07,2.3397251568777547e-07,-1.7132679501700497e-06,0.36997321248054504,0.6562422275990248,-0.2862690151184798,50.4,36.251999999999995,trapezoid_from_zero_normalized_by_max_fraction
cicids2017_binary,45,rid_9f7c169f3f3451a71e4d1103d54762d8,cnn,gradient_x_input,correlation_group_median,group_wise,deletion,1,ATTACK,True,1,ATTACK,1.0,0.999999136945064,50,0.9499849079793892,0.8425617858526068,0.8889660940623915,0.10742312212678244,0.06101881391699773,0.03637281048455675,0.01716291083959244,0.07378381688118126,0.35016679763793945,0.3136206353306771,0.036546162307262375,45.6,39.04,trapezoid_from_zero_normalized_by_max_fraction
cicids2017_binary,45,rid_9b7add9a237d82184b6b7ff39481c1e4,cnn,gradient_x_input,correlation_group_median,group_wise,insertion,1,ATTACK,True,1,ATTACK,1.0,0.999999136945064,50,0.8561765715217177,0.2506545756792405,0.8235579337591163,0.6055219958424772,0.03261863776260143,0.04886158299440328,0.025084199144602616,0.5563569655190561,0.618515133857727,0.3597718589603901,0.25874327489733695,45.6,34.064,trapezoid_from_zero_normalized_by_max_fraction
cicids2017_binary,45,rid_dda9091e380531eed540e6956845b29a,cnn,gradient_x_input,correlation_group_median,group_wise,insertion,1,ATTACK,True,1,ATTACK,1.0,0.999999136945064,50,0.8329794883465353,0.30907206841663515,0.8460088266742024,0.5239074199299002,-0.01302933832766709,0.05143023733872348,0.02475024498763716,0.4753969397541314,0.4605313241481781,0.2857641814760864,0.1747671426720917,45.6,31.156,trapezoid_from_zero_normalized_by_max_fraction
cicids2017_binary,45,rid_33a4e24bd932f62baa573a0bddad67d9,cnn,gradient_x_input,correlation_group_median,group_wise,insertion,0,BENIGN,True,0,BENIGN,0.99999998703493,8.500898660557255e-07,50,1.5353710304311096e-06,1.377294242094096e-06,-1.1611502593278366e-05,1.5807678833701376e-07,1.3146873623709477e-05,6.984370701245716e-08,5.146197263547385e-08,5.721132197148502e-08,0.4523887634277344,0.4692973066270351,-0.01690854319930074,50.2,35.852,trapezoid_from_zero_normalized_by_max_fraction
cicids2017_binary,45,rid_e8510e9693f2cbff6cbd747239acc192,cnn,gradient_x_input,correlation_group_median,group_wise,insertion,0,BENIGN,True,0,BENIGN,0.9999999990459304,8.621008664722041e-07,50,1.5506207355853173e-06,1.4309218953607594e-06,-9.431570633108403e-06,1.19698840224558e-07,1.0982191368693718e-05,3.096836342136439e-08,2.0585550628677844e-08,7.935116099234943e-08,0.3899630904197693,0.6996563982740045,-0.3096933078542352,50.2,36.480000000000004,trapezoid_from_zero_normalized_by_max_fraction
cicids2017_binary,45,rid_3963f478bfc78e4b0a9249ab93167532,cnn,gradient_x_input,correlation_group_median,group_wise,insertion,0,BENIGN,True,0,BENIGN,1.0,8.630549359534541e-07,50,-1.6134679015566978e-06,-2.772308059419682e-05,-0.002212070606203142,2.6109612692640116e-05,0.0022104571383015853,1.5783994690396034e-05,1.578396265013099e-05,-4.8269541016166255e-06,0.3822498619556427,0.3628840705528855,0.019365791402757182,49.6,42.664,trapezoid_from_zero_normalized_by_max_fraction
cicids2017_binary,45,rid_ea281976da7b154c3824de0ff08c6d17,cnn,gradient_x_input,correlation_group_median,group_wise,insertion,0,BENIGN,True,0,BENIGN,0.999999999987372,8.630423079603392e-07,50,1.5512345018509066e-06,-0.03319801179657561,-0.0046775262540943744,0.03319956303107747,0.0046790774885962245,0.01207683947641027,0.008337921387014858,0.01685723711252835,0.2634865343570709,0.21529835504293443,0.04818817931413649,50.2,44.260000000000005,trapezoid_from_zero_normalized_by_max_fraction
cicids2017_binary,45,rid_b99833a79cf0c33e74f98c4109cd68e7,cnn,gradient_x_input,correlation_group_median,group_wise,insertion,0,BENIGN,True,0,BENIGN,1.0,8.630549359622795e-07,50,1.5512371476233966e-06,-0.003970091681164327,-0.00025069691689163777,0.00397164291831195,0.00025224815403926117,0.0019277001281621448,0.0015637101358677177,0.0009067710520112232,0.596732497215271,0.7081412798166274,-0.11140878260135645,48.4,48.896,trapezoid_from_zero_normalized_by_max_fraction
cicids2017_binary,45,rid_37306e371682683f03a9eb90718852b4,cnn,gradient_x_input,correlation_group_median,group_wise,insertion,0,BENIGN,True,0,BENIGN,0.999999997016666,8.600716019380172e-07,50,1.506469218193196e-06,8.606976482682382e-07,-5.047164216399059e-06,6.457715699249578e-07,6.553633434592254e-06,1.7490677168893844e-07,1.0448879457577325e-07,4.409735325564422e-07,0.2757232189178467,0.47638083565613415,-0.20065761673828747,46.0,34.391999999999996,trapezoid_from_zero_normalized_by_max_fraction
cicids2017_binary,45,rid_4776f9e633f76666e87767d015ecfe74,cnn,gradient_x_input,correlation_group_median,group_wise,insertion,0,BENIGN,True,0,BENIGN,0.9999999827510244,8.458059603810852e-07,50,1.471497432969926e-06,-4.147287731209537e-06,-1.7756577754984734e-05,5.618785164179463e-06,1.9228075187954664e-05,1.2415049640545982e-06,5.759530204899545e-07,4.4899172440191525e-06,0.2535703480243683,0.5358340703089488,-0.2822637222845805,48.6,38.116,trapezoid_from_zero_normalized_by_max_fraction
cicids2017_binary,45,rid_a6bbfdbe9c8d78aa6e37f292f71f1f39,cnn,gradient_x_input,correlation_group_median,group_wise,insertion,1,ATTACK,True,1,ATTACK,1.0,0.999999136945064,50,0.691940815665238,0.26371941150566924,0.7096837978001961,0.4282214041595688,-0.017742982134958007,0.03967524757999452,0.020848432473280356,0.3873584765119393,0.43338871002197266,0.2681719737965613,0.16521673622541133,45.6,34.94,trapezoid_from_zero_normalized_by_max_fraction
cicids2017_binary,45,rid_fe8c4afabc3da2bc2ce439f44cbe9d0f,cnn,gradient_x_input,correlation_group_median,group_wise,insertion,1,ATTACK,True,1,ATTACK,1.0,0.999999136945064,50,0.7009876099443033,0.2716417164170136,0.7771322066425064,0.4293458935272897,-0.07614459669820307,0.046464891200215255,0.02646878198557215,0.3774670808355683,0.42054399847984314,0.2309949712911621,0.18954902718868105,45.6,29.919999999999998,trapezoid_from_zero_normalized_by_max_fraction
cicids2017_binary,45,rid_40c0725634afa7648eb59f1348d0bd80,cnn,gradient_x_input,correlation_group_median,group_wise,insertion,1,ATTACK,True,1,ATTACK,1.0,0.999999136945064,50,0.20040553803673905,0.06561065079502133,0.5742589227938459,0.13479488724171768,-0.37385338475710694,0.013828898533906946,0.012382661901755215,0.11052486991427746,0.3918379843235016,0.2985607816725969,0.09327720265090467,45.6,31.072000000000003,trapezoid_from_zero_normalized_by_max_fraction
cicids2017_binary,45,rid_45d8990f6431caee2b930f2c84a7afbd,cnn,gradient_x_input,correlation_group_median,group_wise,insertion,1,ATTACK,True,1,ATTACK,1.0,0.999999136945064,50,0.7001106995484576,0.2231552709991242,0.633266963469094,0.4769554285493334,0.06684373607936371,0.04600902871534501,0.02670782089204619,0.4246080996009229,0.5095731019973755,0.3129706776132807,0.1966024243840948,45.6,34.316,trapezoid_from_zero_normalized_by_max_fraction
cicids2017_binary,45,rid_c38c3c7f0cf70dc32b2fb9fe3aa7d22d,cnn,gradient_x_input,correlation_group_median,group_wise,insertion,1,ATTACK,True,1,ATTACK,1.0,0.999999136945064,50,0.6921054593680254,0.24184130982321986,0.611030364748921,0.4502641495448054,0.0810750946191042,0.046281473057717085,0.027239989681328954,0.3968737697694007,0.37442705035209656,0.24493292996659877,0.1294941203854978,45.6,33.20399999999999,trapezoid_from_zero_normalized_by_max_fraction
cicids2017_binary,45,rid_b5463166d26a4db23a0167640c969f51,cnn,gradient_x_input,correlation_group_median,group_wise,insertion,0,BENIGN,True,0,BENIGN,0.9999999265426992,7.895976352756406e-07,50,1.5047321673122838e-06,2.4025343837663635e-07,-1.8612176178095296e-05,1.2644787289356477e-06,2.011690834540758e-05,3.039156684811847e-07,2.0316823580446037e-07,8.662689867589053e-07,0.36997321248054504,0.6562422275990248,-0.2862690151184798,50.4,36.251999999999995,trapezoid_from_zero_normalized_by_max_fraction
cicids2017_binary,45,rid_9f7c169f3f3451a71e4d1103d54762d8,cnn,gradient_x_input,correlation_group_median,group_wise,insertion,1,ATTACK,True,1,ATTACK,1.0,0.999999136945064,50,0.7224738341715409,0.39181630628410546,0.5874806351370083,0.33065752788743535,0.13499319903453258,0.05915036754933019,0.029291621471462716,0.2732459498033684,0.35016679763793945,0.3136206353306771,0.036546162307262375,45.6,39.04,trapezoid_from_zero_normalized_by_max_fraction
cicids2017_binary,45,rid_9b7add9a237d82184b6b7ff39481c1e4,cnn,gradient_x_input,correlation_group_joint_donor,group_wise_dependency_preserving,deletion,1,ATTACK,True,1,ATTACK,1.0,0.999999136945064,50,0.645456440528555,0.3255241768367153,0.5538818973613079,0.31993226369183964,0.0915745431672471,0.054694368812288965,0.02802501989449604,0.2650032246986274,0.6707282066345215,0.4120129751563072,0.2587152314782143,45.6,34.384,trapezoid_from_zero_normalized_by_max_fraction
cicids2017_binary,45,rid_dda9091e380531eed540e6956845b29a,cnn,gradient_x_input,correlation_group_joint_donor,group_wise_dependency_preserving,deletion,1,ATTACK,True,1,ATTACK,1.0,0.999999136945064,50,0.14425828736275437,0.16100175326823196,0.5375905734539324,-0.01674346590547758,-0.393332286091178,0.04389230178603665,0.021544302834781606,-0.05897029946164953,0.38040784001350403,0.359621106415987,0.020786733597517038,45.6,33.767999999999994,trapezoid_from_zero_normalized_by_max_fraction
cicids2017_binary,45,rid_33a4e24bd932f62baa573a0bddad67d9,cnn,gradient_x_input,correlation_group_joint_donor,group_wise_dependency_preserving,deletion,0,BENIGN,True,0,BENIGN,0.99999998703493,8.500898660557255e-07,50,0.21077337112332592,0.1134006664722663,0.3178263402656618,0.09737270465105963,-0.10705296914233593,0.0358081748271671,0.020065764036512855,0.05804380713949443,0.6035289168357849,0.571017657071352,0.03251125976443292,50.2,38.071999999999996,trapezoid_from_zero_normalized_by_max_fraction
cicids2017_binary,45,rid_e8510e9693f2cbff6cbd747239acc192,cnn,gradient_x_input,correlation_group_joint_donor,group_wise_dependency_preserving,deletion,0,BENIGN,True,0,BENIGN,0.9999999990459304,8.621008664722041e-07,50,0.19999830529323057,0.29169116580464727,0.3783633039703594,-0.0916928605114167,-0.1783649986771288,0.05918003078094543,0.028994779054840627,-0.14852262745890432,0.6920796632766724,0.7247746068239213,-0.03269494354724889,50.2,44.547999999999995,trapezoid_from_zero_normalized_by_max_fraction
cicids2017_binary,45,rid_3963f478bfc78e4b0a9249ab93167532,cnn,gradient_x_input,correlation_group_joint_donor,group_wise_dependency_preserving,deletion,0,BENIGN,True,0,BENIGN,1.0,8.630549359534541e-07,50,0.2000347809718242,0.18062409858102452,0.20601988404978888,0.019410682390799655,-0.005985103077964696,0.045846685487270694,0.024575042588433918,-0.028756401082530823,0.3216065764427185,0.4370532333552838,-0.11544665691256528,49.6,43.272000000000006,trapezoid_from_zero_normalized_by_max_fraction
cicids2017_binary,45,rid_ea281976da7b154c3824de0ff08c6d17,cnn,gradient_x_input,correlation_group_joint_donor,group_wise_dependency_preserving,deletion,0,BENIGN,True,0,BENIGN,0.999999999987372,8.630423079603392e-07,50,0.4499996954052551,0.19900813297066755,0.24190888666914626,0.2509915624345875,0.2080908087361088,0.04818800688425262,0.024714549579188713,0.20255104525937762,0.5890198945999146,0.4338831470906734,0.15513674750924117,50.2,33.568,trapezoid_from_zero_normalized_by_max_fraction
cicids2017_binary,45,rid_b99833a79cf0c33e74f98c4109cd68e7,cnn,gradient_x_input,correlation_group_joint_donor,group_wise_dependency_preserving,deletion,0,BENIGN,True,0,BENIGN,1.0,8.630549359622795e-07,50,2.82478763662386e-06,0.24959971928501606,0.19401512666082182,-0.24959689449737943,-0.1940123018731852,0.05377010086746137,0.027683911836199476,-0.3038573616963304,1.0306928157806396,0.9559955723285676,0.07469724345207207,48.4,49.668000000000006,trapezoid_from_zero_normalized_by_max_fraction
cicids2017_binary,45,rid_37306e371682683f03a9eb90718852b4,cnn,gradient_x_input,correlation_group_joint_donor,group_wise_dependency_preserving,deletion,0,BENIGN,True,0,BENIGN,0.999999997016666,8.600716019380172e-07,50,0.35000003559564186,0.13697460067276446,0.3030237184921427,0.21302543492287737,0.04697631710349912,0.039557526035952945,0.021555556228197804,0.17077654471560968,0.47045835852622986,0.6274909783687909,-0.157032619842561,46.0,36.068,trapezoid_from_zero_normalized_by_max_fraction
cicids2017_binary,45,rid_4776f9e633f76666e87767d015ecfe74,cnn,gradient_x_input,correlation_group_joint_donor,group_wise_dependency_preserving,deletion,0,BENIGN,True,0,BENIGN,0.9999999827510244,8.458059603810852e-07,50,0.34332043324150563,0.1957674151488397,0.31395076066742217,0.14755301809266594,0.02936967257408342,0.04742519500965082,0.025198754556526506,0.098163459161874,0.8141430616378784,1.0085961417555809,-0.19445308011770246,48.6,37.952,trapezoid_from_zero_normalized_by_max_fraction
cicids2017_binary,45,rid_a6bbfdbe9c8d78aa6e37f292f71f1f39,cnn,gradient_x_input,correlation_group_joint_donor,group_wise_dependency_preserving,deletion,1,ATTACK,True,1,ATTACK,1.0,0.999999136945064,50,0.19997277790389487,0.5650983759705215,0.6001311944884147,-0.3651255980666266,-0.40015841658451984,0.060789742583654605,0.028447301941798044,-0.42088230987255076,0.5284309387207031,0.33661324346065524,0.19181769526004788,45.6,33.044,trapezoid_from_zero_normalized_by_max_fraction
cicids2017_binary,45,rid_fe8c4afabc3da2bc2ce439f44cbe9d0f,cnn,gradient_x_input,correlation_group_joint_donor,group_wise_dependency_preserving,deletion,1,ATTACK,True,1,ATTACK,1.0,0.999999136945064,50,0.6499568047528556,0.37771665435235474,0.49375286567724086,0.2722401504005007,0.15620393907561464,0.05613497086017384,0.028257069224761143,0.21685629471996887,0.9820477366447449,0.8553514356613159,0.126696300983429,45.6,30.863999999999997,trapezoid_from_zero_normalized_by_max_fraction
cicids2017_binary,45,rid_40c0725634afa7648eb59f1348d0bd80,cnn,gradient_x_input,correlation_group_joint_donor,group_wise_dependency_preserving,deletion,1,ATTACK,True,1,ATTACK,1.0,0.999999136945064,50,0.665452924201891,0.6061623537415375,0.6580292019233813,0.059290570460353444,0.007423722278509626,0.06220057453369199,0.02939672350419679,0.0016729923921277312,0.2763984799385071,0.19095085608959197,0.0854476238489151,45.6,32.084,trapezoid_from_zero_normalized_by_max_fraction
cicids2017_binary,45,rid_45d8990f6431caee2b930f2c84a7afbd,cnn,gradient_x_input,correlation_group_joint_donor,group_wise_dependency_preserving,deletion,1,ATTACK,True,1,ATTACK,1.0,0.999999136945064,50,0.5500000349324319,0.6449007096080117,0.6037647518508373,-0.09490067467557982,-0.053764716918405446,0.056768699811767645,0.026652511986889345,-0.14713959816988292,0.15078957378864288,0.16161702066054567,-0.01082744687190279,45.6,36.628,trapezoid_from_zero_normalized_by_max_fraction
cicids2017_binary,45,rid_c38c3c7f0cf70dc32b2fb9fe3aa7d22d,cnn,gradient_x_input,correlation_group_joint_donor,group_wise_dependency_preserving,deletion,1,ATTACK,True,1,ATTACK,1.0,0.999999136945064,50,0.44998780622222434,0.5349130762922091,0.6231007689097026,-0.08492527006998471,-0.17311296268747822,0.06466532634167116,0.03067196586856062,-0.14504232317236354,0.443854957818985,0.2878649952709674,0.15598996254801756,45.6,33.028,trapezoid_from_zero_normalized_by_max_fraction
cicids2017_binary,45,rid_b5463166d26a4db23a0167640c969f51,cnn,gradient_x_input,correlation_group_joint_donor,group_wise_dependency_preserving,deletion,0,BENIGN,True,0,BENIGN,0.9999999265426992,7.895976352756406e-07,50,0.20237852876754064,0.29812493259527906,0.3771743500742042,-0.09574640382773841,-0.17479582130666352,0.054265932088507635,0.027798413798890233,-0.15023129487356326,0.025615211576223373,0.01844039857760072,0.0071748129986226525,50.4,35.36,trapezoid_from_zero_normalized_by_max_fraction
cicids2017_binary,45,rid_9f7c169f3f3451a71e4d1103d54762d8,cnn,gradient_x_input,correlation_group_joint_donor,group_wise_dependency_preserving,deletion,1,ATTACK,True,1,ATTACK,1.0,0.999999136945064,50,0.3120643440357392,0.6757144545449425,0.6160400471014238,-0.3636501105092033,-0.3039757030656847,0.056387834608096765,0.026441735575833143,-0.41547591223783625,0.3909970223903656,0.2833833461999893,0.10761367619037632,45.6,32.980000000000004,trapezoid_from_zero_normalized_by_max_fraction
cicids2017_binary,45,rid_9b7add9a237d82184b6b7ff39481c1e4,cnn,gradient_x_input,correlation_group_joint_donor,group_wise_dependency_preserving,insertion,1,ATTACK,True,1,ATTACK,1.0,0.999999136945064,50,-1.036226749420166e-05,-0.5540083191162963,-0.16084270074896173,0.5539979568488023,0.16083233848146755,0.06074080817586072,0.029141648572161668,0.4968803256473654,0.6707282066345215,0.4120129751563072,0.2587152314782143,45.6,34.384,trapezoid_from_zero_normalized_by_max_fraction
cicids2017_binary,45,rid_dda9091e380531eed540e6956845b29a,cnn,gradient_x_input,correlation_group_joint_donor,group_wise_dependency_preserving,insertion,1,ATTACK,True,1,ATTACK,1.0,0.999999136945064,50,0.8512554800137739,0.3567023016460502,0.844566220590141,0.4945531783677237,0.006689259423633025,0.06191501646571396,0.029551013828609682,0.43663319126364875,0.38040784001350403,0.359621106415987,0.020786733597517038,45.6,33.767999999999994,trapezoid_from_zero_normalized_by_max_fraction
cicids2017_binary,45,rid_33a4e24bd932f62baa573a0bddad67d9,cnn,gradient_x_input,correlation_group_joint_donor,group_wise_dependency_preserving,insertion,0,BENIGN,True,0,BENIGN,0.99999998703493,8.500898660557255e-07,50,0.866244718193848,0.8608975076763994,0.9388080858757357,0.00534721051744854,-0.07256336768188751,0.035944719602885575,0.01695066921935001,-0.027876101152477475,0.6035289168357849,0.571017657071352,0.03251125976443292,50.2,38.071999999999996,trapezoid_from_zero_normalized_by_max_fraction
cicids2017_binary,45,rid_e8510e9693f2cbff6cbd747239acc192,cnn,gradient_x_input,correlation_group_joint_donor,group_wise_dependency_preserving,insertion,0,BENIGN,True,0,BENIGN,0.9999999990459304,8.621008664722041e-07,50,0.9499956577699997,0.8147938517249405,0.8847275041553803,0.1352018060450592,0.06526815361461949,0.04046318990773832,0.018790845768668563,0.0983717483384688,0.6920796632766724,0.7247746068239213,-0.03269494354724889,50.2,44.547999999999995,trapezoid_from_zero_normalized_by_max_fraction
cicids2017_binary,45,rid_3963f478bfc78e4b0a9249ab93167532,cnn,gradient_x_input,correlation_group_joint_donor,group_wise_dependency_preserving,insertion,0,BENIGN,True,0,BENIGN,1.0,8.630549359534541e-07,50,-1.123485048992734e-07,-0.041741440500642615,-0.009920281731409438,0.04174132815213771,0.00992016938290454,0.011939141649555557,0.008472640271230958,0.025134953220525037,0.3216065764427185,0.4370532333552838,-0.11544665691256528,49.6,43.272000000000006,trapezoid_from_zero_normalized_by_max_fraction
cicids2017_binary,45,rid_ea281976da7b154c3824de0ff08c6d17,cnn,gradient_x_input,correlation_group_joint_donor,group_wise_dependency_preserving,insertion,0,BENIGN,True,0,BENIGN,0.999999999987372,8.630423079603392e-07,50,0.9499999999962344,0.8354830694644921,0.9217730663148269,0.11451693053174233,0.02822693368140736,0.03111833721242451,0.01580928860670915,0.0835307248625924,0.5890198945999146,0.4338831470906734,0.15513674750924117,50.2,33.568,trapezoid_from_zero_normalized_by_max_fraction
cicids2017_binary,45,rid_b99833a79cf0c33e74f98c4109cd68e7,cnn,gradient_x_input,correlation_group_joint_donor,group_wise_dependency_preserving,insertion,0,BENIGN,True,0,BENIGN,1.0,8.630549359622795e-07,50,-2.808137790688559e-07,-0.024764752347221003,-0.008345562920563146,0.024764471533441933,0.008345282106784075,0.01251330943706837,0.007329091733627324,0.010399451735532379,1.0306928157806396,0.9559955723285676,0.07469724345207207,48.4,49.668000000000006,trapezoid_from_zero_normalized_by_max_fraction
cicids2017_binary,45,rid_37306e371682683f03a9eb90718852b4,cnn,gradient_x_input,correlation_group_joint_donor,group_wise_dependency_preserving,insertion,0,BENIGN,True,0,BENIGN,0.999999997016666,8.600716019380172e-07,50,-0.002882147745460212,-0.10128259291693664,-0.033268288950198635,0.09840044517147643,0.03038614120473842,0.03429664133635114,0.01629558717727695,0.06646109430401362,0.47045835852622986,0.6274909783687909,-0.157032619842561,46.0,36.068,trapezoid_from_zero_normalized_by_max_fraction
cicids2017_binary,45,rid_4776f9e633f76666e87767d015ecfe74,cnn,gradient_x_input,correlation_group_joint_donor,group_wise_dependency_preserving,insertion,0,BENIGN,True,0,BENIGN,0.9999999827510244,8.458059603810852e-07,50,0.9499981677784334,0.8793356157371703,0.9162476107083684,0.07066255204126301,0.03375055707006496,0.029345436529592706,0.01356288598094181,0.04407929551861706,0.8141430616378784,1.0085961417555809,-0.19445308011770246,48.6,37.952,trapezoid_from_zero_normalized_by_max_fraction
cicids2017_binary,45,rid_a6bbfdbe9c8d78aa6e37f292f71f1f39,cnn,gradient_x_input,correlation_group_joint_donor,group_wise_dependency_preserving,insertion,1,ATTACK,True,1,ATTACK,1.0,0.999999136945064,50,0.4133681019889771,0.44809131733294527,0.7784423582444265,-0.03472321534396814,-0.3650742562554494,0.06151661592186299,0.02890451028507003,-0.0913760555027054,0.5284309387207031,0.33661324346065524,0.19181769526004788,45.6,33.044,trapezoid_from_zero_normalized_by_max_fraction
cicids2017_binary,45,rid_fe8c4afabc3da2bc2ce439f44cbe9d0f,cnn,gradient_x_input,correlation_group_joint_donor,group_wise_dependency_preserving,insertion,1,ATTACK,True,1,ATTACK,1.0,0.999999136945064,50,0.6994588512703221,0.41612096874430526,0.7814187156752777,0.28333788252601694,-0.08195986440495552,0.05941139197014095,0.02824878815608828,0.2279702577400839,0.9820477366447449,0.8553514356613159,0.126696300983429,45.6,30.863999999999997,trapezoid_from_zero_normalized_by_max_fraction
cicids2017_binary,45,rid_40c0725634afa7648eb59f1348d0bd80,cnn,gradient_x_input,correlation_group_joint_donor,group_wise_dependency_preserving,insertion,1,ATTACK,True,1,ATTACK,1.0,0.999999136945064,50,0.478196478738937,0.2978492394343635,0.6422009074598491,0.18034723930457347,-0.16400442872091217,0.058806594693944475,0.027524572994691188,0.12639907623497876,0.2763984799385071,0.19095085608959197,0.0854476238489151,45.6,32.084,trapezoid_from_zero_normalized_by_max_fraction
cicids2017_binary,45,rid_45d8990f6431caee2b930f2c84a7afbd,cnn,gradient_x_input,correlation_group_joint_donor,group_wise_dependency_preserving,insertion,1,ATTACK,True,1,ATTACK,1.0,0.999999136945064,50,-0.2494406291109044,-0.34792251876327823,-0.256233279328893,0.09848188965237378,0.006792650217988562,0.05725726932714752,0.026900914149465355,0.04575609791942169,0.15078957378864288,0.16161702066054567,-0.01082744687190279,45.6,36.628,trapezoid_from_zero_normalized_by_max_fraction
cicids2017_binary,45,rid_c38c3c7f0cf70dc32b2fb9fe3aa7d22d,cnn,gradient_x_input,correlation_group_joint_donor,group_wise_dependency_preserving,insertion,1,ATTACK,True,1,ATTACK,1.0,0.999999136945064,50,-0.2547449507641421,-0.5286931132409174,-0.2561214607458002,0.27394816247677534,0.001376509981658093,0.06117362771295802,0.029199357463264318,0.21671742184877726,0.443854957818985,0.2878649952709674,0.15598996254801756,45.6,33.028,trapezoid_from_zero_normalized_by_max_fraction
cicids2017_binary,45,rid_b5463166d26a4db23a0167640c969f51,cnn,gradient_x_input,correlation_group_joint_donor,group_wise_dependency_preserving,insertion,0,BENIGN,True,0,BENIGN,0.9999999265426992,7.895976352756406e-07,50,-1.7558213157675694e-05,-0.08704821961598933,-0.05900918169670496,0.08703066140283164,0.058991623483547286,0.02375908784671786,0.013841402895464379,0.05990151172772146,0.025615211576223373,0.01844039857760072,0.0071748129986226525,50.4,35.36,trapezoid_from_zero_normalized_by_max_fraction
cicids2017_binary,45,rid_9f7c169f3f3451a71e4d1103d54762d8,cnn,gradient_x_input,correlation_group_joint_donor,group_wise_dependency_preserving,insertion,1,ATTACK,True,1,ATTACK,1.0,0.999999136945064,50,-0.15050199345532747,-0.458832379994648,-0.2808174746797384,0.3083303865393206,0.13031548122441092,0.06116611222795518,0.028949616960417295,0.2515891372969027,0.3909970223903656,0.2833833461999893,0.10761367619037632,45.6,32.980000000000004,trapezoid_from_zero_normalized_by_max_fraction
