task_id,seed,true_class_id,true_class,flow_id,model,method,functional_check,evaluator,in_central,in_outcome_correct,in_outcome_error,class_specific_inference_eligible,target_class_id,target_class,target_basis,confidence,model_margin,attribution_aopc,random_aopc,attribution_minus_random_aopc,random_aopc_monte_carlo_standard_error,attribution_minus_random_aopc_mc_lower95,uniform_random_aopc,attribution_minus_uniform_random_aopc,attribution_displacement_mean,matched_random_displacement_mean,attribution_minus_matched_displacement,fractions_evaluated,aopc_definition,correct,outcome_status,error_type,confidence_bin,margin_bin,task
cicids2017_binary,46,0,BENIGN,rid_860dad23e703ac90ac6df5f5c1df2e4a,mlp,occlusion,deletion,training_median,False,True,False,True,0,BENIGN,predicted_class_of_audited_model,0.999999533168193,0.0005910126428716,0.2598632428385372,0.005905523134859789,0.2539577197036774,0.0014705017807619468,0.251075536213384,0.00821250900284054,0.2516507338356967,3.2883849143981934,3.790794154167176,-0.5024091444015505,5,trapezoid_from_zero_normalized_by_max_fraction,True,correct,true_negative,medium,medium,binary
cicids2017_binary,46,0,BENIGN,rid_749b18f9c2c1d8cfbe591300195c9641,mlp,occlusion,deletion,training_median,False,True,False,True,0,BENIGN,predicted_class_of_audited_model,0.9997864360630048,0.0003779155376833,0.009921017220767681,0.004698407857215784,0.005222609363551896,0.0006746531058859948,0.0039002892760153455,0.0022197039764364204,0.007701313244331261,0.9022947549819946,0.620747762799263,0.2815469683408737,5,trapezoid_from_zero_normalized_by_max_fraction,True,correct,true_negative,medium,low,binary
cicids2017_binary,46,0,BENIGN,rid_d960e7beef0e0fe8cdca3dca5773e280,mlp,occlusion,deletion,training_median,False,True,False,True,0,BENIGN,predicted_class_of_audited_model,1.0,0.0005914794746786,1.875485322599957e-11,6.901165156780742e-09,-6.882410303554743e-09,4.1952138065571674e-09,-1.510502936440679e-08,3.7298642573282417e-06,-3.729845502475016e-06,1.3131223917007446,1.0070101093053818,0.30611213934421544,5,trapezoid_from_zero_normalized_by_max_fraction,True,correct,true_negative,high,medium,binary
cicids2017_binary,46,1,ATTACK,rid_fe31f29478bce8d44e56f5aac7392779,mlp,occlusion,deletion,training_median,False,True,False,True,1,ATTACK,predicted_class_of_audited_model,0.9698349833488464,0.9692435038741678,0.9088071153193595,0.6921725097539092,0.21663460556545033,0.018504430926088822,0.18036592095031623,0.23882442230369633,0.6699826930156633,0.48664695024490356,0.29130740985274317,0.19533952251076697,5,trapezoid_from_zero_normalized_by_max_fraction,True,correct,true_positive,medium,high,binary
cicids2017_binary,46,0,BENIGN,rid_4dcfda53e32b352db216637150cc932c,mlp,occlusion,deletion,training_median,False,False,True,True,1,ATTACK,predicted_class_of_audited_model,0.0006534442072734,6.19647325948e-05,-0.002375432915869169,-0.004225860206133177,0.0018504272902640086,0.0004474726436964185,0.0009733809086190283,-0.003955292843323946,0.001579859927454777,1.0611556768417358,0.658617574453354,0.4025381679534913,5,trapezoid_from_zero_normalized_by_max_fraction,False,error,false_positive,low,low,binary
cicids2017_binary,46,0,BENIGN,rid_5417f304ac152526060a3c3c5bf9c3d5,mlp,occlusion,deletion,training_median,False,True,False,True,0,BENIGN,predicted_class_of_audited_model,0.9999973897033668,0.0005888691780455,0.005132848110110899,0.0026152485375061756,0.0025175995726047238,0.00016003842294549573,0.0022039242636315523,0.0005385994831636402,0.004594248626947258,0.6852811574935913,0.45139555138349535,0.23388557928800582,5,trapezoid_from_zero_normalized_by_max_fraction,True,correct,true_negative,medium,low,binary
cicids2017_binary,46,0,BENIGN,rid_f954d941b37ca74a5060cdba8b5214cf,mlp,occlusion,deletion,training_median,False,True,False,True,0,BENIGN,predicted_class_of_audited_model,0.9998125255515332,0.000404005026212,0.010668737920059358,0.005580252176063482,0.0050884857439958756,0.000637196349076958,0.0038395808998050378,0.002707110723914923,0.007961627196144435,0.9236503839492798,0.6303801640272141,0.2932701185941696,5,trapezoid_from_zero_normalized_by_max_fraction,True,correct,true_negative,medium,low,binary
cicids2017_binary,46,0,BENIGN,rid_ae3af0e467603c6207a301a895eab46f,mlp,occlusion,deletion,training_median,False,True,False,True,0,BENIGN,predicted_class_of_audited_model,0.99999836908421,0.0005898485588886,0.005117220596065408,0.003378846482092633,0.0017383741139727748,0.00010351053886112058,0.0015354934578049786,0.00038375976099702935,0.004733460835068379,1.0366857051849365,0.7282436403036118,0.3084420410394668,5,trapezoid_from_zero_normalized_by_max_fraction,True,correct,true_negative,medium,low,binary
cicids2017_binary,46,0,BENIGN,rid_d4e3257509c9bbbd3dc20638aa63b25d,mlp,occlusion,deletion,training_median,False,True,False,True,0,BENIGN,predicted_class_of_audited_model,0.999971280725731,0.0005627602004096,0.0036428644492843883,0.0038600994047670555,-0.00021723495548266647,0.0003458376304890797,-0.0008950767112412627,0.0014225172398081441,0.0022203472094762446,0.8552595973014832,0.5102535923719407,0.34500599300861357,5,trapezoid_from_zero_normalized_by_max_fraction,True,correct,true_negative,medium,low,binary
cicids2017_binary,46,1,ATTACK,rid_b785e844537ba823afa28178d1299224,mlp,occlusion,deletion,training_median,False,True,False,True,1,ATTACK,predicted_class_of_audited_model,1.0,0.9994085205253214,0.0,6.914138793945312e-09,-6.914138793945312e-09,5.4699652262782335e-09,-1.763527063745065e-08,0.04068830454952101,-0.04068830454952101,0.3552767336368561,0.3249608528465033,0.030315857693552974,5,trapezoid_from_zero_normalized_by_max_fraction,True,correct,true_positive,high,high,binary
cicids2017_binary,46,1,ATTACK,rid_86ab7b38bb2fc35a17e2f243a2787acc,mlp,occlusion,deletion,training_median,False,True,False,True,1,ATTACK,predicted_class_of_audited_model,1.0,0.9994085205253214,1.0967254638671876e-06,0.004231194031999621,-0.004230097306535754,0.004003548344682476,-0.012077052062113406,0.053674275462141985,-0.053673178736678116,0.2663213610649109,0.29322854217886923,-0.02690717440843583,5,trapezoid_from_zero_normalized_by_max_fraction,True,correct,true_positive,high,high,binary
cicids2017_binary,46,1,ATTACK,rid_4ba0c8545e5aa37ce506ab2470a4f493,mlp,occlusion,deletion,training_median,False,True,False,True,1,ATTACK,predicted_class_of_audited_model,1.0,0.9994085205253214,5.078315734863281e-06,0.004770544350147248,-0.004765466034412385,0.0034565516248299057,-0.011540307219079,0.10424995575092856,-0.1042448774351937,0.273120254278183,0.29022879438102245,-0.017108540847897525,5,trapezoid_from_zero_normalized_by_max_fraction,True,correct,true_positive,high,high,binary
cicids2017_binary,46,1,ATTACK,rid_21570fcd536c195365b862d55e950d97,mlp,occlusion,deletion,training_median,False,True,False,True,1,ATTACK,predicted_class_of_audited_model,1.0,0.9994085205253214,0.0,3.778934478759766e-08,-3.778934478759766e-08,3.648749050805035e-08,-1.0930482618337632e-07,0.039912524805806045,-0.039912524805806045,0.3767474293708801,0.3465298914462328,0.030217523768544207,5,trapezoid_from_zero_normalized_by_max_fraction,True,correct,true_positive,high,high,binary
cicids2017_binary,46,1,ATTACK,rid_68735f841398fcec6dab1e120fbb91c5,mlp,occlusion,deletion,training_median,False,True,False,True,1,ATTACK,predicted_class_of_audited_model,1.0,0.9994085205253214,0.0,0.0002499237060546875,-0.0002499237060546875,0.0002006080914876082,-0.0006431155653703996,0.05578823876582147,-0.05578823876582147,0.2519054710865021,0.30114397600293163,-0.04923851162195206,5,trapezoid_from_zero_normalized_by_max_fraction,True,correct,true_positive,high,high,binary
cicids2017_binary,46,1,ATTACK,rid_d854f94c966e5456ab499f4b11182583,mlp,occlusion,deletion,training_median,False,True,False,True,1,ATTACK,predicted_class_of_audited_model,1.0,0.9994085205253214,8.344650268554688e-08,0.0038810263276100156,-0.00388094288110733,0.0038008973559214847,-0.01133070169871344,0.09538423862128209,-0.0953841551747794,0.2798601984977722,0.2314780079871416,0.04838221584260463,5,trapezoid_from_zero_normalized_by_max_fraction,True,correct,true_positive,high,high,binary
cicids2017_binary,46,1,ATTACK,rid_b579819cdc2e371992343189006ba33b,mlp,occlusion,deletion,training_median,False,True,False,True,1,ATTACK,predicted_class_of_audited_model,1.0,0.9994085205253214,0.0,6.941795349121095e-06,-6.941795349121095e-06,5.4931680381477984e-06,-1.7708404703890782e-05,0.03144537140338859,-0.03144537140338859,0.36759132146835327,0.3594730860441923,0.008118230208754532,5,trapezoid_from_zero_normalized_by_max_fraction,True,correct,true_positive,high,high,binary
cicids2017_binary,46,1,ATTACK,rid_a4446ec396983204fbdfd835428e3b8e,mlp,occlusion,deletion,training_median,False,True,False,True,1,ATTACK,predicted_class_of_audited_model,1.0,0.9994085205253214,0.0,0.00017456698417663572,-0.00017456698417663572,0.00015690413198105827,-0.00048209908285950994,0.054010310621159865,-0.054010310621159865,0.39783599972724915,0.38254641027748587,0.015289593175053596,5,trapezoid_from_zero_normalized_by_max_fraction,True,correct,true_positive,high,high,binary
cicids2017_binary,46,1,ATTACK,rid_5689d104e75c20d1ae62639fc1bcd232,mlp,occlusion,deletion,training_median,False,True,False,True,1,ATTACK,predicted_class_of_audited_model,1.0,0.9994085205253214,0.0,1.0776519775390625e-07,-1.0776519775390625e-07,7.077171783695778e-08,-2.464777647143435e-07,0.022622402905247557,-0.022622402905247557,0.41241320967674255,0.4059141531586647,0.006499071419239039,5,trapezoid_from_zero_normalized_by_max_fraction,True,correct,true_positive,high,high,binary
cicids2017_binary,46,1,ATTACK,rid_46332a1166bf2a376abd3d6b1cef591c,mlp,occlusion,deletion,training_median,False,True,False,True,1,ATTACK,predicted_class_of_audited_model,1.0,0.9994085205253214,8.344650268554688e-08,0.0002814185619354248,-0.0002813351154327393,0.00019464502973426924,-0.000662839373711907,0.10142301764181053,-0.10142293419530785,0.28242528438568115,0.2264231285266578,0.05600215809419753,5,trapezoid_from_zero_normalized_by_max_fraction,True,correct,true_positive,high,high,binary
cicids2017_binary,46,1,ATTACK,rid_eb46a3126b8839da52b19b40a9e5c645,mlp,occlusion,deletion,training_median,False,True,False,True,1,ATTACK,predicted_class_of_audited_model,1.0,0.9994085205253214,4.315376281738282e-06,0.010445405065634987,-0.010441089689353249,0.007093080030891845,-0.024343526549901268,0.08362007010261006,-0.08361575472632833,0.2890225946903229,0.3166693056076765,-0.027646713897585863,5,trapezoid_from_zero_normalized_by_max_fraction,True,correct,true_positive,high,high,binary
cicids2017_binary,46,1,ATTACK,rid_8a7b53354b6c94cccfcb8312c53c68b1,mlp,occlusion,deletion,training_median,False,True,False,True,1,ATTACK,predicted_class_of_audited_model,1.0,0.9994085205253214,4.053115844726563e-07,0.0007201888561248779,-0.0007197835445404052,0.0005057164126660708,-0.0017109877133659039,0.0951659563463126,-0.09516555103472812,0.2832205891609192,0.2787353525906801,0.004485252216458319,5,trapezoid_from_zero_normalized_by_max_fraction,True,correct,true_positive,high,high,binary
cicids2017_binary,46,1,ATTACK,rid_51182125800d94af836309b8d070a311,mlp,occlusion,deletion,training_median,False,True,False,True,1,ATTACK,predicted_class_of_audited_model,1.0,0.9994085205253214,0.0,9.488105773925781e-06,-9.488105773925781e-06,7.490589572019756e-06,-2.4169661335084503e-05,0.047040420081772026,-0.047040420081772026,0.33868664503097534,0.3539205075204373,-0.015233850568532959,5,trapezoid_from_zero_normalized_by_max_fraction,True,correct,true_positive,high,high,binary
cicids2017_binary,46,1,ATTACK,rid_1aa3fd28d9fa0d06c5cebcb672ddc684,mlp,occlusion,deletion,training_median,False,True,False,True,1,ATTACK,predicted_class_of_audited_model,1.0,0.9994085205253214,0.0,0.004496574930846691,-0.004496574930846691,0.0039195682594103136,-0.012178928719290907,0.0569836008580921,-0.0569836008580921,0.36261993646621704,0.34410411135852337,0.01851582734286784,5,trapezoid_from_zero_normalized_by_max_fraction,True,correct,true_positive,high,high,binary
cicids2017_binary,46,1,ATTACK,rid_e2cc461658961cfbb86e8fb715750ca2,mlp,occlusion,deletion,training_median,False,True,False,True,1,ATTACK,predicted_class_of_audited_model,1.0,0.9994085205253214,0.0,5.797147750854493e-07,-5.797147750854493e-07,4.4776808522341344e-07,-1.4573402221233397e-06,0.04754862817498447,-0.04754862817498447,0.29961544275283813,0.24265533868223427,0.056960096061229704,5,trapezoid_from_zero_normalized_by_max_fraction,True,correct,true_positive,high,high,binary
cicids2017_binary,46,1,ATTACK,rid_8e407066993c4d736edb4b68b10e4f52,mlp,occlusion,deletion,training_median,False,True,False,True,1,ATTACK,predicted_class_of_audited_model,1.0,0.9994085205253214,0.0,0.0,0.0,0.0,0.0,0.041056965061527284,-0.041056965061527284,0.407482773065567,0.35283055694401266,0.05465220047533511,5,trapezoid_from_zero_normalized_by_max_fraction,True,correct,true_positive,high,high,binary
cicids2017_binary,46,1,ATTACK,rid_1356283bd0164ba8dcdd73ccd3dbee8f,mlp,occlusion,deletion,training_median,False,True,False,True,1,ATTACK,predicted_class_of_audited_model,1.0,0.9994085205253214,0.0,2.1290779113769532e-07,-2.1290779113769532e-07,1.878885263474439e-07,-5.811693027786854e-07,0.05729847253960848,-0.05729847253960848,0.38966673612594604,0.3059425351694226,0.08372421362251044,5,trapezoid_from_zero_normalized_by_max_fraction,True,correct,true_positive,high,high,binary
cicids2017_binary,46,1,ATTACK,rid_2494b0b775424676204029b6eadc8be2,mlp,occlusion,deletion,training_median,False,True,False,True,1,ATTACK,predicted_class_of_audited_model,1.0,0.9994085205253214,1.049041748046875e-06,0.012151068047271112,-0.012150019005523064,0.006833420382399075,-0.025543522955025252,0.07360234775084075,-0.0736012987090927,0.29828715324401855,0.30174496965110303,-0.003457797035574914,5,trapezoid_from_zero_normalized_by_max_fraction,True,correct,true_positive,high,high,binary
cicids2017_binary,46,1,ATTACK,rid_d56fe4e375bdf0ced8e8cb1e503b09ae,mlp,occlusion,deletion,training_median,False,True,False,True,1,ATTACK,predicted_class_of_audited_model,1.0,0.9994085205253214,0.0,1.3911724090576172e-07,-1.3911724090576172e-07,9.108482728579594e-08,-3.1764350238592174e-07,0.032397355630642624,-0.032397355630642624,0.3541526198387146,0.2789571293964982,0.0751954841092229,5,trapezoid_from_zero_normalized_by_max_fraction,True,correct,true_positive,high,high,binary
cicids2017_binary,46,0,BENIGN,rid_566acc55b43e4ca74b80cac32be19e53,mlp,occlusion,deletion,training_median,False,False,True,True,1,ATTACK,predicted_class_of_audited_model,0.0010218978859484,0.0004304184112698,-0.020515087316744028,-0.008126427490555671,-0.01238865982618836,0.0007449755913151669,-0.013848811985166088,-0.0045788096793726255,-0.015936277637371404,0.9870637059211731,0.7776148471832275,0.2094487931728363,5,trapezoid_from_zero_normalized_by_max_fraction,False,error,false_positive,low,low,binary
cicids2017_binary,46,1,ATTACK,rid_89f71f1a1b346d25cb1c8fab0333b5d0,mlp,occlusion,deletion,training_median,False,True,False,True,1,ATTACK,predicted_class_of_audited_model,1.0,0.9994085205253214,8.028745651245117e-06,0.0007348868846893311,-0.000726858139038086,0.0003476783171718277,-0.0014083076406948682,0.12470138753806981,-0.12469335879241855,0.20674148201942444,0.21701474732905623,-0.010273272015154353,5,trapezoid_from_zero_normalized_by_max_fraction,True,correct,true_positive,high,high,binary
cicids2017_binary,46,1,ATTACK,rid_ca6478946d57ca947c42a3738ee48c1b,mlp,occlusion,deletion,training_median,False,True,False,True,1,ATTACK,predicted_class_of_audited_model,1.0,0.9994085205253214,0.0,1.0119676589965821e-06,-1.0119676589965821e-06,6.88093129266808e-07,-2.360630192359526e-06,0.04805191523588383,-0.04805191523588383,0.23533861339092255,0.23641135676950217,-0.001072748966515065,5,trapezoid_from_zero_normalized_by_max_fraction,True,correct,true_positive,high,high,binary
cicids2017_binary,46,0,BENIGN,rid_70863f1c52133d2cc6a9a1b7ba846fa9,mlp,occlusion,deletion,training_median,False,True,False,True,0,BENIGN,predicted_class_of_audited_model,0.9999995684165128,0.0005910478911914,0.326419214588796,0.028119898124285926,0.29829931646451013,0.007146248912781808,0.28429266859545776,0.032825904626993196,0.2935933099618029,0.7814385294914246,0.6698769999742507,0.11156158912181854,5,trapezoid_from_zero_normalized_by_max_fraction,True,correct,true_negative,medium,medium,binary
cicids2017_binary,46,0,BENIGN,rid_bfbdf04618e4bc984a3c4246c21fc042,mlp,occlusion,deletion,training_median,False,True,False,True,0,BENIGN,predicted_class_of_audited_model,0.999996361079866,0.0005878405545444,0.005015446853167305,0.003191027987028974,0.0018244188661383305,9.622965142570606e-05,0.0016358087493439466,0.0004591725927871835,0.004556274260380121,0.7018369436264038,0.4380138044767081,0.26382322259619834,5,trapezoid_from_zero_normalized_by_max_fraction,True,correct,true_negative,medium,low,binary
cicids2017_binary,46,0,BENIGN,rid_6e38cf887f2dfed098670ed789185540,mlp,occlusion,deletion,training_median,False,False,True,True,1,ATTACK,predicted_class_of_audited_model,0.0008178696152754,0.0002263901405967,-0.01964856477279682,-0.00835964932134675,-0.011288915451450067,0.0009477504711444663,-0.013146506374893221,-0.004936182450151591,-0.014712382322645226,0.9806974530220032,0.7682674988508225,0.21242985880374912,5,trapezoid_from_zero_normalized_by_max_fraction,False,error,false_positive,low,low,binary
cicids2017_binary,46,1,ATTACK,rid_407fe0cd419a10168734aa7599ff3c7e,mlp,occlusion,deletion,training_median,False,True,False,True,1,ATTACK,predicted_class_of_audited_model,1.0,0.9994085205253214,0.0,2.9765963554382323e-05,-2.9765963554382323e-05,1.967673538407652e-05,-6.833236490717229e-05,0.0523342077040426,-0.0523342077040426,0.2656446397304535,0.21503638262115418,0.050608273873105646,5,trapezoid_from_zero_normalized_by_max_fraction,True,correct,true_positive,high,high,binary
cicids2017_binary,46,1,ATTACK,rid_469317ac1b20036f8591e5ad06e4e729,mlp,occlusion,deletion,training_median,False,True,False,True,1,ATTACK,predicted_class_of_audited_model,1.0,0.9994085205253214,0.0,0.004264645324758022,-0.004264645324758022,0.004000198596315429,-0.012105034573536263,0.05923939089045706,-0.05923939089045706,0.3475956916809082,0.34155008041858675,0.006045623928308486,5,trapezoid_from_zero_normalized_by_max_fraction,True,correct,true_positive,high,high,binary
cicids2017_binary,46,0,BENIGN,rid_ce029086a2a4391cf0a82b58dedd2d2d,mlp,occlusion,deletion,training_median,False,True,False,True,0,BENIGN,predicted_class_of_audited_model,0.9999997441108236,0.000591223585502,0.0072423328915931515,0.004215681948314973,0.0030266509432781783,0.0003567099676732776,0.0023274994066385542,0.0002614385110841742,0.006980894380508977,1.1831715106964111,0.8742622582912446,0.308909282207489,5,trapezoid_from_zero_normalized_by_max_fraction,True,correct,true_negative,medium,medium,binary
cicids2017_binary,46,0,BENIGN,rid_5d83816c055ce550e2ba5ad0b239a54c,mlp,occlusion,deletion,training_median,False,True,False,True,0,BENIGN,predicted_class_of_audited_model,0.9999999993645776,0.0005914788392562,0.05898107714190557,0.03449531255518169,0.02448576458672388,0.006922020151953756,0.01091860508889452,0.01933120406471238,0.0396498730771932,0.7177898287773132,0.4291056461930275,0.28868418258428574,5,trapezoid_from_zero_normalized_by_max_fraction,True,correct,true_negative,medium,medium,binary
cicids2017_binary,46,0,BENIGN,rid_04543e065ddf99b828216c0c30edd5a1,mlp,occlusion,deletion,training_median,False,False,True,True,1,ATTACK,predicted_class_of_audited_model,0.1610105633735656,0.1604190838988869,0.04881953885778785,0.03658578633714858,0.012233752520639265,0.01317982544898827,-0.013598705359377742,-0.10843311034520219,0.15725264920299,0.9777736663818359,0.8082055777311326,0.16956807672977448,5,trapezoid_from_zero_normalized_by_max_fraction,False,error,false_positive,low,medium,binary
cicids2017_binary,46,0,BENIGN,rid_c5eb42d2d94c9f33b829422d7e3ddb1c,mlp,occlusion,deletion,training_median,False,False,True,True,1,ATTACK,predicted_class_of_audited_model,0.0007181295659393,0.0001266500912606,-0.004486590076703578,-0.006606836639391248,0.0021202465626876687,0.0006678554434643033,0.0008112498934976342,-0.0034621276168895748,-0.0010244624598140036,0.8894590139389038,0.5372688924968243,0.35219010356068614,5,trapezoid_from_zero_normalized_by_max_fraction,False,error,false_positive,low,low,binary
cicids2017_binary,46,1,ATTACK,rid_93df33d32566a5d03ecac084704c814f,mlp,occlusion,deletion,training_median,False,True,False,True,1,ATTACK,predicted_class_of_audited_model,1.0,0.9994085205253214,1.3113021850585939e-07,0.00012463438510894776,-0.0001245032548904419,0.0001228854884974058,-0.00036535881234535725,0.07405119158331579,-0.07405106045309728,0.29592275619506836,0.31725570067763326,-0.021332936286926275,5,trapezoid_from_zero_normalized_by_max_fraction,True,correct,true_positive,high,high,binary
cicids2017_binary,46,0,BENIGN,rid_ecd5ab654ec1b8f11a6e2d8be5888bc9,mlp,occlusion,deletion,training_median,False,True,False,True,0,BENIGN,predicted_class_of_audited_model,0.9999129233619896,0.0005044028366682,0.103770649224316,0.08133821924401381,0.022432429980302183,0.012589357063976231,-0.0022427098650912303,0.09887147293479068,0.004899176289525332,0.7821767926216125,0.6811661657094955,0.10101066267490386,5,trapezoid_from_zero_normalized_by_max_fraction,True,correct,true_negative,medium,low,binary
cicids2017_binary,46,0,BENIGN,rid_b70ecb0622de4eb3e3a7dfa95d3d34d6,mlp,occlusion,deletion,training_median,False,False,True,True,1,ATTACK,predicted_class_of_audited_model,0.0008520666742697,0.0002605871995911,-0.016305690963054075,-0.006713241983189164,-0.009592448979864911,0.0008999181363487217,-0.011356288527108406,-0.006026364125909822,-0.010279326837144255,0.8818724751472473,0.5859876531362535,0.29588486373424533,5,trapezoid_from_zero_normalized_by_max_fraction,False,error,false_positive,low,low,binary
cicids2017_binary,46,0,BENIGN,rid_97982dd319a712d3b46cd983b0e2d461,mlp,occlusion,deletion,training_median,False,True,False,True,0,BENIGN,predicted_class_of_audited_model,0.9999999999999942,0.0005914794746728,0.5026962626259719,0.015908803954756426,0.4867874586712155,0.006067671191583902,0.474894823135711,0.00017143274489069384,0.5025248298810812,2.0818514823913574,1.588095419883728,0.49375606250762943,5,trapezoid_from_zero_normalized_by_max_fraction,True,correct,true_negative,medium,medium,binary
cicids2017_binary,46,1,ATTACK,rid_da6b30556bb1291c7be54ca06b12c8b7,mlp,occlusion,deletion,training_median,False,True,False,True,1,ATTACK,predicted_class_of_audited_model,1.0,0.9994085205253214,0.0,3.9321184158325195e-06,-3.9321184158325195e-06,2.2957314903796393e-06,-8.431752136976613e-06,0.07749779060244583,-0.07749779060244583,0.3014642894268036,0.3073212135285139,-0.0058569278270006134,5,trapezoid_from_zero_normalized_by_max_fraction,True,correct,true_positive,high,high,binary
cicids2017_binary,46,1,ATTACK,rid_c80dce30e1df715781dab46e74044bdb,mlp,occlusion,deletion,training_median,False,True,False,True,1,ATTACK,predicted_class_of_audited_model,1.0,0.9994085205253214,0.0,8.55565071105957e-07,-8.55565071105957e-07,8.338914652049158e-07,-2.489992342907592e-06,0.023076578872046727,-0.023076578872046727,0.45592331886291504,0.4003626397103071,0.055560654565691946,5,trapezoid_from_zero_normalized_by_max_fraction,True,correct,true_positive,high,high,binary
cicids2017_binary,46,0,BENIGN,rid_8c7dba6b9ac21fcdd14b42025e3ef935,mlp,occlusion,deletion,training_median,False,False,True,True,1,ATTACK,predicted_class_of_audited_model,0.0075274263508617,0.0069359468761831,-0.12055842734407635,-0.06332556701491193,-0.0572328603291644,0.011843467855320925,-0.08044605732559341,-0.15936642032486464,0.03880799298078831,0.6687024235725403,0.5142987951636314,0.15440357476472855,5,trapezoid_from_zero_normalized_by_max_fraction,False,error,false_positive,low,medium,binary
cicids2017_binary,46,1,ATTACK,rid_7c2f69461c4f2b82623c47d32d7714b5,mlp,occlusion,deletion,training_median,False,True,False,True,1,ATTACK,predicted_class_of_audited_model,1.0,0.9994085205253214,0.0,3.5257339477539067e-06,-3.5257339477539067e-06,2.537829183829696e-06,-8.499879148060111e-06,0.06638962094643606,-0.06638962094643606,0.2358129769563675,0.29798783300817017,-0.06217485977709294,5,trapezoid_from_zero_normalized_by_max_fraction,True,correct,true_positive,high,high,binary
cicids2017_binary,46,0,BENIGN,rid_37fca82f9548447583b37c1dbae345ac,mlp,occlusion,deletion,training_median,False,False,True,True,1,ATTACK,predicted_class_of_audited_model,0.0006807447061873,8.926523150869995e-05,-0.016622850197018126,-0.007249362929869563,-0.00937348726714856,0.0007471396091794759,-0.010837880901140334,-0.006462064807881688,-0.010160785389136435,0.8626123666763306,0.5465019608438014,0.3161104117929935,5,trapezoid_from_zero_normalized_by_max_fraction,False,error,false_positive,low,low,binary
cicids2017_binary,46,1,ATTACK,rid_21a1094d7454515206ffc4c2b1935241,mlp,occlusion,deletion,training_median,False,True,False,True,1,ATTACK,predicted_class_of_audited_model,1.0,0.9994085205253214,0.0,0.00010117149353027345,-0.00010117149353027345,0.00010114646267744418,-0.000299418560378064,0.03818361132087477,-0.03818361132087477,0.37670761346817017,0.2875128604620695,0.0891947585940361,5,trapezoid_from_zero_normalized_by_max_fraction,True,correct,true_positive,high,high,binary
cicids2017_binary,46,1,ATTACK,rid_6c3fce54cc1108b8bff9408752bfa515,mlp,occlusion,deletion,training_median,False,True,False,True,1,ATTACK,predicted_class_of_audited_model,1.0,0.9994085205253214,4.971027374267579e-05,0.002950941681861877,-0.0029012314081192014,0.0020126418865408302,-0.006846009505739228,0.12021919996544289,-0.12016948969170022,0.21042859554290771,0.18505822725594046,0.0253703511506319,5,trapezoid_from_zero_normalized_by_max_fraction,True,correct,true_positive,high,high,binary
cicids2017_binary,46,0,BENIGN,rid_891694cbb12651e5534c78fc14406c1e,mlp,occlusion,deletion,training_median,False,True,False,True,0,BENIGN,predicted_class_of_audited_model,0.9998504109971692,0.0004418904718477,0.006627978097822052,0.00860123740055247,-0.0019732593027304186,0.0010854562268862943,-0.004100753507427555,0.005927741033424642,0.0007002370643974095,0.8170171976089478,0.6342354245185852,0.18278179693222046,5,trapezoid_from_zero_normalized_by_max_fraction,True,correct,true_negative,medium,low,binary
cicids2017_binary,46,1,ATTACK,rid_caf597a34ce18982fc074037af25c1dc,mlp,occlusion,deletion,training_median,False,True,False,True,1,ATTACK,predicted_class_of_audited_model,1.0,0.9994085205253214,1.0341405868530275e-05,0.0029844959974288945,-0.0029741545915603637,0.0023839564590123316,-0.007646709251224534,0.09133196773074079,-0.09132162632487226,0.22391000390052795,0.19519471942167727,0.028715280753560363,5,trapezoid_from_zero_normalized_by_max_fraction,True,correct,true_positive,high,high,binary
cicids2017_binary,46,0,BENIGN,rid_6d9f452d34eb1ef9a6754ad9623de0d3,mlp,occlusion,deletion,training_median,False,True,False,True,0,BENIGN,predicted_class_of_audited_model,0.9999997762011787,0.0005912556758573,0.037951706408479426,0.0203795191348592,0.017572187273620227,0.0031067574123208874,0.011482942745471288,0.029357896461063054,0.008593809947416372,0.5529363751411438,0.347247329801321,0.20568902745842937,5,trapezoid_from_zero_normalized_by_max_fraction,True,correct,true_negative,medium,medium,binary
cicids2017_binary,46,0,BENIGN,rid_e98d8a25928dd3a72c936708ad629495,mlp,occlusion,deletion,training_median,False,True,False,True,0,BENIGN,predicted_class_of_audited_model,0.9999968859985984,0.0005883654732769,0.005345831146121327,0.0033281795594419065,0.0020176515866794204,0.00011091260945110833,0.0018002628721552482,0.0008612425694732906,0.004484588576648037,0.7613080739974976,0.4654002165049314,0.2959077829867601,5,trapezoid_from_zero_normalized_by_max_fraction,True,correct,true_negative,medium,low,binary
cicids2017_binary,46,0,BENIGN,rid_760c37bb2f9358ddfa6d13deea0f95e2,mlp,occlusion,deletion,training_median,False,False,True,True,1,ATTACK,predicted_class_of_audited_model,0.0006658071652054,7.432769052679992e-05,-0.002158709365176037,-0.005508646659864318,0.0033499372946882815,0.0007533777333666556,0.0018733169372896366,-0.0032598832469131157,0.0011011738817370792,1.3615161180496216,0.8977850187420845,0.4637310099005699,5,trapezoid_from_zero_normalized_by_max_fraction,False,error,false_positive,low,low,binary
cicids2017_binary,46,0,BENIGN,rid_af22b4ee575e62de7312457043dad201,mlp,occlusion,deletion,training_median,False,False,True,True,1,ATTACK,predicted_class_of_audited_model,0.0122079290449619,0.0116164495702833,-0.03505203570239246,-0.055441824286176826,0.02038978858378437,0.010206023008989854,0.0003859834861642576,-0.1412493500979199,0.10619731439552743,0.45846328139305115,0.3260111213326454,0.13245216304063795,5,trapezoid_from_zero_normalized_by_max_fraction,False,error,false_positive,low,medium,binary
cicids2017_binary,46,0,BENIGN,rid_44c29849a0448ca4a2d06cb3ba914bf2,mlp,occlusion,deletion,training_median,False,False,True,True,1,ATTACK,predicted_class_of_audited_model,0.0010273375082761,0.0004358580335974,-0.02504674840020016,-0.0075541508071080435,-0.01749259759309212,0.0008566313973778463,-0.0191715951319527,-0.009731023948972052,-0.015315724451228106,1.0757215023040771,0.9171103932261466,0.15861113888025286,5,trapezoid_from_zero_normalized_by_max_fraction,False,error,false_positive,low,low,binary
cicids2017_binary,46,0,BENIGN,rid_e22ab9cbf16d87a48ca01c05dad56d90,mlp,occlusion,deletion,training_median,False,False,True,True,1,ATTACK,predicted_class_of_audited_model,0.0017185928300023,0.0011271133553237,-0.0023649337730603293,-0.00422575936074793,0.0018608255876876002,0.0006025866677761777,0.0006797557188462919,-0.004985895411448837,0.002620961638388508,1.0951135158538818,0.7055351489782333,0.3895784503221512,5,trapezoid_from_zero_normalized_by_max_fraction,False,error,false_positive,low,medium,binary
cicids2017_binary,46,0,BENIGN,rid_9a4f6a786084aba7b36291e9c990822f,mlp,occlusion,deletion,training_median,False,True,False,True,0,BENIGN,predicted_class_of_audited_model,0.9999983781576702,0.0005898576323488,0.0046381969303411095,0.003310816691686284,0.0013273802386548255,6.0860750790844334e-05,0.0012080931671047705,0.0003176339707945477,0.004320562959546562,1.029679298400879,0.7482251479327678,0.28145422199368475,5,trapezoid_from_zero_normalized_by_max_fraction,True,correct,true_negative,medium,low,binary
cicids2017_binary,46,1,ATTACK,rid_b17381ec2c1e5da8f2e02c5b5bf59293,mlp,occlusion,deletion,training_median,False,True,False,True,1,ATTACK,predicted_class_of_audited_model,1.0,0.9994085205253214,0.0,1.894235610961914e-07,-1.894235610961914e-07,1.881154695268305e-07,-5.581298813687792e-07,0.02090027159242891,-0.02090027159242891,0.3899923861026764,0.29051499734818936,0.09947737981379032,5,trapezoid_from_zero_normalized_by_max_fraction,True,correct,true_positive,high,high,binary
cicids2017_binary,46,1,ATTACK,rid_06381e57a9bfcdafcd061e3c23370c7d,mlp,occlusion,deletion,training_median,False,True,False,True,1,ATTACK,predicted_class_of_audited_model,1.0,0.9994085205253214,8.83936882019043e-06,0.0038147848844528195,-0.003805945515632629,0.0035692773005872604,-0.010801729024783659,0.09791138990453863,-0.09790255053571845,0.24568037688732147,0.25663457306474446,-0.010954196922481063,5,trapezoid_from_zero_normalized_by_max_fraction,True,correct,true_positive,high,high,binary
cicids2017_binary,46,1,ATTACK,rid_0d198137c5eac75b9db6b287d5f7c208,mlp,occlusion,deletion,training_median,False,True,False,True,1,ATTACK,predicted_class_of_audited_model,1.0,0.9994085205253214,9.280443191528321e-06,0.004641900660004468,-0.004632620216812939,0.003996089075281708,-0.012464954804365085,0.10861458238537236,-0.10860530194218082,0.2543308734893799,0.21623802890256044,0.03809285539016129,5,trapezoid_from_zero_normalized_by_max_fraction,True,correct,true_positive,high,high,binary
cicids2017_binary,46,1,ATTACK,rid_e51ca574c4add1afa61b30ee8d53bd9d,mlp,occlusion,deletion,training_median,False,True,False,True,1,ATTACK,predicted_class_of_audited_model,1.0,0.9994085205253214,5.590915679931641e-06,0.026358979161721294,-0.026353388246041363,0.009713900749703812,-0.04539263371546083,0.1219484826974007,-0.12194289178172077,0.2775559425354004,0.322692179530859,-0.04513621762394907,5,trapezoid_from_zero_normalized_by_max_fraction,True,correct,true_positive,high,high,binary
cicids2017_binary,46,0,BENIGN,rid_9ed6dfdc7005af87f9b096c8121663b0,mlp,occlusion,deletion,training_median,False,True,False,True,0,BENIGN,predicted_class_of_audited_model,0.9999999999583018,0.0005914794329804,0.01899664860652113,0.03392063181556121,-0.014923983209040084,0.008728157862190371,-0.032031172618933214,0.012160456588334626,0.006836192018186502,0.8048898577690125,0.5434097598791123,0.26148018133640283,5,trapezoid_from_zero_normalized_by_max_fraction,True,correct,true_negative,medium,medium,binary
cicids2017_binary,46,0,BENIGN,rid_541bf50c81e0dd63312a8f9e857a962b,mlp,occlusion,deletion,training_median,False,False,True,True,1,ATTACK,predicted_class_of_audited_model,0.5354564189910889,0.5348649395164102,0.5042273499512475,0.3656605239775924,0.13856682597365516,0.014225900704360783,0.11068406059310804,0.14798650592471263,0.35624084402653494,3.205648899078369,3.0524625129699707,0.1531861238479615,5,trapezoid_from_zero_normalized_by_max_fraction,False,error,false_positive,low,medium,binary
cicids2017_binary,46,0,BENIGN,rid_8f1f724a79f4ebc8b330bb76eb44e023,mlp,occlusion,deletion,training_median,False,False,True,True,1,ATTACK,predicted_class_of_audited_model,0.0021073536481708,0.0015158741734922,-0.1034834348014556,-0.15336667623222433,0.049883241430768735,0.01731140706005406,0.01595288359306278,-0.11031913660881254,0.006835701807356952,0.8460577130317688,0.7343274351358414,0.11173031365871429,5,trapezoid_from_zero_normalized_by_max_fraction,False,error,false_positive,low,medium,binary
cicids2017_binary,46,0,BENIGN,rid_087069df6761c679d1eecbceb47917dd,mlp,occlusion,deletion,training_median,False,True,False,True,0,BENIGN,predicted_class_of_audited_model,0.999985865324561,0.0005773447992396,0.007461464144216734,0.004255724654542746,0.0032057394896739875,0.00027630284662463924,0.0026641859102896947,0.0015072857189654771,0.005954178425251258,0.7050520181655884,0.4578714920133352,0.24718054701387882,5,trapezoid_from_zero_normalized_by_max_fraction,True,correct,true_negative,medium,low,binary
cicids2017_binary,46,0,BENIGN,rid_c8689c9f8d42da0af9f1de86fbc5480b,mlp,occlusion,deletion,training_median,False,False,True,True,1,ATTACK,predicted_class_of_audited_model,0.0006554778665304,6.399839185179993e-05,-0.02547963843680918,-0.008507920193890925,-0.01697171824291826,0.0010544451115916656,-0.019038430661637924,-0.005355524088855418,-0.02012411434795377,1.0274266004562378,0.774817870914936,0.2526087355017662,5,trapezoid_from_zero_normalized_by_max_fraction,False,error,false_positive,low,low,binary
cicids2017_binary,46,1,ATTACK,rid_5232157fff83d3f89980544dcad32623,mlp,occlusion,deletion,training_median,False,True,False,True,1,ATTACK,predicted_class_of_audited_model,1.0,0.9994085205253214,2.228021621704102e-05,0.00010303401947021482,-8.07538032531738e-05,6.167844200135357e-05,-0.0002016435495758268,0.14713709143626277,-0.14711481122004572,0.18503621220588684,0.18870106492191555,-0.003664850480854509,5,trapezoid_from_zero_normalized_by_max_fraction,True,correct,true_positive,high,high,binary
cicids2017_binary,46,1,ATTACK,rid_d298105465da70296857906eebacbc7c,mlp,occlusion,deletion,training_median,False,True,False,True,1,ATTACK,predicted_class_of_audited_model,1.0,0.9994085205253214,0.0,0.0007393075227737426,-0.0007393075227737426,0.0007392941616912115,-0.0021883240796885172,0.006879498720169068,-0.006879498720169068,0.4318104684352875,0.40262145335972316,0.02918904562294482,5,trapezoid_from_zero_normalized_by_max_fraction,True,correct,true_positive,high,high,binary
cicids2017_binary,46,1,ATTACK,rid_3bf01c7131bf0f9fa6ef0a6a9b8391c2,mlp,occlusion,deletion,training_median,False,True,False,True,1,ATTACK,predicted_class_of_audited_model,1.0,0.9994085205253214,0.0,1.6258955001831056e-06,-1.6258955001831056e-06,1.425536014531466e-06,-4.419946088664779e-06,0.04145889839203816,-0.04145889839203816,0.41024094820022583,0.38269281969964497,0.027548131480813042,5,trapezoid_from_zero_normalized_by_max_fraction,True,correct,true_positive,high,high,binary
cicids2017_binary,46,1,ATTACK,rid_7f727e8f51af3217842313e16b80c670,mlp,occlusion,deletion,training_median,False,True,False,True,1,ATTACK,predicted_class_of_audited_model,1.0,0.9994085205253214,0.0,7.53570795059204e-05,-7.53570795059204e-05,5.058646575934208e-05,-0.0001745065523942309,0.10388187544944151,-0.10388187544944151,0.2875436842441559,0.3091910424828529,-0.021647371649742127,5,trapezoid_from_zero_normalized_by_max_fraction,True,correct,true_positive,high,high,binary
cicids2017_binary,46,1,ATTACK,rid_faf9c7bad93a5648f19f06a04abcf365,mlp,occlusion,deletion,training_median,False,True,False,True,1,ATTACK,predicted_class_of_audited_model,1.0,0.9994085205253214,2.384185791015625e-08,0.0012607989311218262,-0.0012607750892639161,0.0012596229598286729,-0.003729636090528115,0.06906695841131306,-0.06906693456945515,0.2775781452655792,0.23734820324927566,0.04022993307560683,5,trapezoid_from_zero_normalized_by_max_fraction,True,correct,true_positive,high,high,binary
cicids2017_binary,46,1,ATTACK,rid_e9b881ac096e057c398e678529f5178c,mlp,occlusion,deletion,training_median,False,True,False,True,1,ATTACK,predicted_class_of_audited_model,1.0,0.9994085205253214,0.0,3.3152103424072267e-07,-3.3152103424072267e-07,2.1432401967227387e-07,-7.515961127983794e-07,0.056952054005538225,-0.056952054005538225,0.3369395136833191,0.2819923125207424,0.054947168380022046,5,trapezoid_from_zero_normalized_by_max_fraction,True,correct,true_positive,high,high,binary
cicids2017_binary,46,1,ATTACK,rid_8784094b9cc1da68712dc73856610546,mlp,occlusion,deletion,training_median,False,True,False,True,1,ATTACK,predicted_class_of_audited_model,1.0,0.9994085205253214,0.0,0.002655346632003784,-0.002655346632003784,0.0026466282312738545,-0.007842737965300538,0.1050478914251335,-0.1050478914251335,0.2418186217546463,0.200054233295843,0.04176437486149372,5,trapezoid_from_zero_normalized_by_max_fraction,True,correct,true_positive,high,high,binary
cicids2017_binary,46,1,ATTACK,rid_1b1892f3c60b56ef9fc5f3f9e24bbab3,mlp,occlusion,deletion,training_median,False,True,False,True,1,ATTACK,predicted_class_of_audited_model,1.0,0.9994085205253214,1.5312433242797854e-05,0.0029535640478134152,-0.0029382516145706177,0.0021039787342069715,-0.0070620499336162814,0.08278816695893124,-0.08277285452568844,0.274882972240448,0.28926427347958084,-0.014381288573145865,5,trapezoid_from_zero_normalized_by_max_fraction,True,correct,true_positive,high,high,binary
cicids2017_binary,46,0,BENIGN,rid_490c89997272b274c71bfad035a389ea,mlp,occlusion,deletion,training_median,False,True,False,True,0,BENIGN,predicted_class_of_audited_model,0.99999547883408,0.0005869583087587,0.005197045184490889,0.0032436689039599858,0.001953376280530904,0.00014678357740900184,0.0016656804688092602,0.0006018615447332536,0.004595183639757636,0.7452234029769897,0.4424486411064864,0.3027747529298067,5,trapezoid_from_zero_normalized_by_max_fraction,True,correct,true_negative,medium,low,binary
cicids2017_binary,46,1,ATTACK,rid_0ef86dce6a71b148302af11eb5c1fa82,mlp,occlusion,deletion,training_median,False,True,False,True,1,ATTACK,predicted_class_of_audited_model,1.0,0.9994085205253214,1.7881393432617188e-07,1.5169739723205566e-05,-1.4990925788879395e-05,1.4709498437247742e-05,-4.3821542725884964e-05,0.08128775335240263,-0.0812875745384683,0.2840786576271057,0.3125720517784357,-0.028493422463536266,5,trapezoid_from_zero_normalized_by_max_fraction,True,correct,true_positive,high,high,binary
cicids2017_binary,46,1,ATTACK,rid_62c49cdcb1417f9a98271d25fda2a1f5,mlp,occlusion,deletion,training_median,False,True,False,True,1,ATTACK,predicted_class_of_audited_model,1.0,0.9994085205253214,0.0,1.8019676208496093e-06,-1.8019676208496093e-06,1.7920183213177731e-06,-5.3143235306324445e-06,0.031577889587071015,-0.031577889587071015,0.31569942831993103,0.3190465309768915,-0.0033470698744058475,5,trapezoid_from_zero_normalized_by_max_fraction,True,correct,true_positive,high,high,binary
cicids2017_binary,46,1,ATTACK,rid_4e9e484d6d78af5368531ac22acc5940,mlp,occlusion,deletion,training_median,False,True,False,True,1,ATTACK,predicted_class_of_audited_model,1.0,0.9994085205253214,0.0,1.078331470489502e-05,-1.078331470489502e-05,1.0781512045593472e-05,-3.1915078314258224e-05,0.04280493197524923,-0.04280493197524923,0.3753093183040619,0.37170609344542027,0.0036032203882932767,5,trapezoid_from_zero_normalized_by_max_fraction,True,correct,true_positive,high,high,binary
cicids2017_binary,46,0,BENIGN,rid_975a14975027ed8cf9a5f51f97d69d47,mlp,occlusion,deletion,training_median,False,True,False,True,0,BENIGN,predicted_class_of_audited_model,0.999999999999994,0.0005914794746726,0.37343972207744963,0.035531336117063064,0.33790838596038664,0.008358797165348356,0.32152514351630385,0.00021168959130087817,0.3732280324861487,1.9854094982147217,1.5045503034591676,0.48085917091369634,5,trapezoid_from_zero_normalized_by_max_fraction,True,correct,true_negative,medium,medium,binary
cicids2017_binary,46,0,BENIGN,rid_573c3a31d4ff09664e0f22c1a9484f27,mlp,occlusion,deletion,training_median,False,True,False,True,0,BENIGN,predicted_class_of_audited_model,0.9999996694168658,0.0005911488915443,0.015843672619303105,0.004464791950377164,0.011378880668925942,0.00039870059198497947,0.010597427508635382,0.0004903830803359513,0.015353289538967155,0.8370223045349121,0.7161370514631271,0.12088524711132047,5,trapezoid_from_zero_normalized_by_max_fraction,True,correct,true_negative,medium,medium,binary
cicids2017_binary,46,0,BENIGN,rid_38176129e8c2e0fd7b9f1ce0f4f00d04,mlp,occlusion,deletion,training_median,False,False,True,True,1,ATTACK,predicted_class_of_audited_model,0.0011100348783656,0.000518555403687,-0.041047660325421016,-0.02531727028659759,-0.015730390038823434,0.0039024838971709473,-0.02337925847727849,-0.026056542847028137,-0.014991117478392877,0.6101003885269165,0.43894402450323106,0.171156358063221,5,trapezoid_from_zero_normalized_by_max_fraction,False,error,false_positive,low,low,binary
cicids2017_binary,46,1,ATTACK,rid_a6f0d2efc8215f0508db29e97ca1001f,mlp,occlusion,deletion,training_median,False,True,False,True,1,ATTACK,predicted_class_of_audited_model,1.0,0.9994085205253214,2.300739288330078e-06,0.004573414683341981,-0.004571113944053651,0.00268935273564056,-0.009842245305909148,0.06792499968481844,-0.06792269894553012,0.26904216408729553,0.2511371356025338,0.01790502252429723,5,trapezoid_from_zero_normalized_by_max_fraction,True,correct,true_positive,high,high,binary
cicids2017_binary,46,0,BENIGN,rid_19fbd5ab00303c4fa93f37fd9b4d4c88,mlp,occlusion,deletion,training_median,False,True,False,True,0,BENIGN,predicted_class_of_audited_model,0.9999997657378116,0.0005912452124902,0.00643476491304682,0.0032990805784466042,0.0031356843346002153,0.00017803456602559527,0.0027867365851900485,0.0003118002298270959,0.006122964683219724,1.0121668577194214,0.6466883618831634,0.36547851967811584,5,trapezoid_from_zero_normalized_by_max_fraction,True,correct,true_negative,medium,medium,binary
cicids2017_binary,46,1,ATTACK,rid_b161464e7161dfacc99c114813ec1b39,mlp,occlusion,deletion,training_median,False,True,False,True,1,ATTACK,predicted_class_of_audited_model,1.0,0.9994085205253214,0.9482474320476553,0.8596548765904501,0.08859255545720521,0.007721587872158232,0.07345824322777507,0.29832685006509513,0.6499205819825602,1.0813181400299072,1.0225755400657655,0.05874263572692875,5,trapezoid_from_zero_normalized_by_max_fraction,True,correct,true_positive,high,high,binary
cicids2017_binary,46,0,BENIGN,rid_ca0e4cbc50d2f7dfe3556452147b60f0,mlp,occlusion,deletion,training_median,False,True,False,True,0,BENIGN,predicted_class_of_audited_model,0.999788182307384,0.0003796617820626,0.011442412081669318,0.004034878728210174,0.007407533353459146,0.00048820120451070395,0.006450658992618166,0.003702726906370288,0.007739685175299033,1.1023226976394653,0.7911228740811349,0.3111998533606529,5,trapezoid_from_zero_normalized_by_max_fraction,True,correct,true_negative,medium,low,binary
cicids2017_binary,46,0,BENIGN,rid_9efd86602a5385a2a95289523eb3ac70,mlp,occlusion,deletion,training_median,False,True,False,True,0,BENIGN,predicted_class_of_audited_model,0.9999967478574944,0.000588227332173,0.005380474542403136,0.0033606678307599508,0.002019806711643184,0.00010541988810779142,0.0018131837309519126,0.0005553619824437987,0.004825112559959337,0.7619837522506714,0.4632891498655082,0.2986945934444666,5,trapezoid_from_zero_normalized_by_max_fraction,True,correct,true_negative,medium,low,binary
cicids2017_binary,46,0,BENIGN,rid_00a8aa6dc5d02412a6de923761e7e3f7,mlp,occlusion,deletion,training_median,False,True,False,True,0,BENIGN,predicted_class_of_audited_model,1.0,0.0005914794746786,0.27104721860960124,0.036577917277586566,0.2344693013320147,0.010340969439073228,0.21420100123143118,0.007051012118673892,0.26399620649092737,2.795384168624878,2.01431955909729,0.7810646095275879,5,trapezoid_from_zero_normalized_by_max_fraction,True,correct,true_negative,high,medium,binary
cicids2017_binary,46,0,BENIGN,rid_f926fc93fc3560c8978d787f9f9b030f,mlp,occlusion,deletion,training_median,False,False,True,True,1,ATTACK,predicted_class_of_audited_model,0.0098836561664938,0.0092921766918152,-0.7430632786359637,-0.20737221301805275,-0.535691065617911,0.0227131694913543,-0.5802088778209654,-0.21251299634442594,-0.5305502822915378,2.230611562728882,2.486555884361267,-0.25594422626495367,5,trapezoid_from_zero_normalized_by_max_fraction,False,error,false_positive,low,medium,binary
cicids2017_binary,46,0,BENIGN,rid_bf5879af6b9ed09bb4048e353456451f,mlp,occlusion,deletion,training_median,False,True,False,True,0,BENIGN,predicted_class_of_audited_model,0.9999999999988958,0.0005914794735743,0.12696314960380423,0.041877460589059126,0.08508568901474511,0.010443761295968171,0.0646159168746475,0.00030653472211242353,0.1266566148816918,2.480678081512451,2.3397647438049316,0.14091343307495113,5,trapezoid_from_zero_normalized_by_max_fraction,True,correct,true_negative,medium,medium,binary
cicids2017_binary,46,0,BENIGN,rid_4e675e80c8e3306f2366473cf11ab0ac,mlp,occlusion,deletion,training_median,False,True,False,True,0,BENIGN,predicted_class_of_audited_model,0.9998119741794652,0.000403453654144,0.13358646866690832,0.016571486295679963,0.11701498237122837,0.0038193635215282087,0.10952902986903308,0.018329782501889103,0.11525668616501923,2.450059413909912,2.4313438658714293,0.01871561956405645,5,trapezoid_from_zero_normalized_by_max_fraction,True,correct,true_negative,medium,low,binary
cicids2017_binary,46,0,BENIGN,rid_ffa24a48dd2983c6dca365eed31ea353,mlp,occlusion,deletion,training_median,False,False,True,True,1,ATTACK,predicted_class_of_audited_model,0.1042201444506645,0.1036286649759859,-0.16600245734443891,-0.007006707155569919,-0.15899575018886897,0.013076610488290149,-0.18462590674591767,-0.21643545219056062,0.05043299484612175,4.615206718444824,5.502491762161255,-0.8872850914001467,5,trapezoid_from_zero_normalized_by_max_fraction,False,error,false_positive,low,medium,binary
cicids2017_binary,46,0,BENIGN,rid_8496b91f72a2d99ec685695fd2a8a199,mlp,occlusion,deletion,training_median,False,True,False,True,0,BENIGN,predicted_class_of_audited_model,0.9999989949989184,0.0005904744735971,0.22006634459261817,0.04134012684530563,0.17872621774731257,0.010195816107387066,0.1587424181768339,0.01640906316748038,0.20365728142513778,2.296139717102051,1.8981697077751156,0.39797010469436644,5,trapezoid_from_zero_normalized_by_max_fraction,True,correct,true_negative,medium,low,binary
cicids2017_binary,46,0,BENIGN,rid_bbf14f7fcbf6d6800407135e3d149019,mlp,occlusion,deletion,training_median,False,True,False,True,0,BENIGN,predicted_class_of_audited_model,0.9997462586034088,0.0003377380780876,0.0204414393636398,0.006079277569830139,0.014362161793809664,0.00048646333302464467,0.01340869366108136,0.004803723137035831,0.01563771622660397,0.9915167689323425,0.7024290013313292,0.2890877377986908,5,trapezoid_from_zero_normalized_by_max_fraction,True,correct,true_negative,medium,low,binary
cicids2017_binary,46,0,BENIGN,rid_75b129c224661d8dd23bb6a8bd175503,mlp,occlusion,deletion,training_median,False,True,False,True,0,BENIGN,predicted_class_of_audited_model,0.9999999966113376,0.0005914760860161,0.07367722179589684,0.1963572710877035,-0.12268004929180668,0.0192940728358486,-0.16049643205006994,0.021373761099699684,0.052303460696197145,7.496288299560547,5.025250043869018,2.4710384464263915,5,trapezoid_from_zero_normalized_by_max_fraction,True,correct,true_negative,medium,medium,binary
cicids2017_binary,46,0,BENIGN,rid_a89bfa21ffacfde7a89fb6ad5e660b02,mlp,occlusion,deletion,training_median,False,False,True,True,1,ATTACK,predicted_class_of_audited_model,0.0013308533234521,0.0007393738487735,-0.0207010762009304,-0.010056384116383016,-0.010644692084547384,0.0011028027799433332,-0.012806185533236317,-0.004780102038103905,-0.015920974162826503,1.0027066469192505,0.7796576445102692,0.22304902625083928,5,trapezoid_from_zero_normalized_by_max_fraction,False,error,false_positive,low,medium,binary
cicids2017_binary,46,0,BENIGN,rid_7912c863659518b36c41df99a87c5b56,mlp,occlusion,deletion,training_median,False,True,False,True,0,BENIGN,predicted_class_of_audited_model,0.9999853015406188,0.0005767810152974,0.00893765384512335,0.003196869136071797,0.005740784709051554,0.00023516726392429894,0.0052798568717599284,0.0012200694935327477,0.0077175843515906025,0.9022296667098999,0.5815880205631256,0.3206417534351349,5,trapezoid_from_zero_normalized_by_max_fraction,True,correct,true_negative,medium,low,binary
cicids2017_binary,46,0,BENIGN,rid_a20824ef144ecdc3922bcc1a96955450,mlp,occlusion,deletion,training_median,False,True,False,True,0,BENIGN,predicted_class_of_audited_model,0.9999932551195344,0.0005847345942128,0.0037512349921826173,0.0029172777011031315,0.0008339572910794858,0.0002232542519753903,0.0003963789572077208,0.0009747000412044001,0.002776534950978217,0.7898474335670471,0.44451577398180964,0.3453315880596638,5,trapezoid_from_zero_normalized_by_max_fraction,True,correct,true_negative,medium,low,binary
cicids2017_binary,46,0,BENIGN,rid_8758fdc4ff5685ecde53b61ff765e3ed,mlp,occlusion,deletion,training_median,False,True,False,True,0,BENIGN,predicted_class_of_audited_model,0.9998873611475574,0.000478840622236,0.005353757892589783,0.004799878545353042,0.0005538793472367421,0.0006546311422361622,-0.0007291976915461357,0.002220632929692422,0.003133124962897361,1.067020297050476,0.8582606037855148,0.20875971114635467,5,trapezoid_from_zero_normalized_by_max_fraction,True,correct,true_negative,medium,low,binary
cicids2017_binary,46,0,BENIGN,rid_48f94ae286d65222dfc44ac8512c5662,mlp,occlusion,deletion,training_median,False,True,False,True,0,BENIGN,predicted_class_of_audited_model,0.99995819799733,0.0005496774720085,0.003260113130636455,0.003185442116735814,7.46710139006412e-05,0.00037703334090241256,-0.0006643143342680874,0.00235007446418993,0.0009100386664465249,0.8878917694091797,0.5484017952680588,0.3394900158643722,5,trapezoid_from_zero_normalized_by_max_fraction,True,correct,true_negative,medium,low,binary
cicids2017_binary,46,0,BENIGN,rid_c48998b335b5469e20d69cd600e86b7c,mlp,occlusion,deletion,training_median,False,False,True,True,1,ATTACK,predicted_class_of_audited_model,0.0008195675909519,0.0002280881162733,-0.01515195593237877,-0.006096266116245374,-0.009055689816133397,0.0007024304515960835,-0.010432453501261721,-0.00307283051691536,-0.012079125415463412,0.8541545867919922,0.5950582047402859,0.2590963999330997,5,trapezoid_from_zero_normalized_by_max_fraction,False,error,false_positive,low,low,binary
cicids2017_binary,46,0,BENIGN,rid_67ee6355cb8386fb76545c2d34eab1c8,mlp,occlusion,deletion,training_median,False,False,True,True,1,ATTACK,predicted_class_of_audited_model,0.0165551155805587,0.0159636361058801,-0.47972071599215266,-0.13039745065419256,-0.3493232653379601,0.018716513055575413,-0.3860076309268879,-0.15746355180672789,-0.3222571641854248,4.237857818603516,5.052257898330688,-0.8144000797271727,5,trapezoid_from_zero_normalized_by_max_fraction,False,error,false_positive,low,medium,binary
cicids2017_binary,46,0,BENIGN,rid_738fb70158d37651b76ada1e423e77c9,mlp,occlusion,deletion,training_median,False,True,False,True,0,BENIGN,predicted_class_of_audited_model,0.9999755212684248,0.0005670007431035,0.09292643622402466,0.052741790139077,0.04018464608494767,0.009985160964738513,0.020613730594060187,0.06117639565471998,0.03175004056930468,1.1613255739212036,0.7848967877626418,0.3764287623167038,5,trapezoid_from_zero_normalized_by_max_fraction,True,correct,true_negative,medium,low,binary
cicids2017_binary,46,0,BENIGN,rid_cd682ca793c52cc1ebe362c9399373b5,mlp,occlusion,deletion,training_median,False,True,False,True,0,BENIGN,predicted_class_of_audited_model,0.9999999472874066,0.0005914267620851,0.24690740977439063,0.06250483470750372,0.18440257506688693,0.012785470040076463,0.15934305378833705,0.09099160249080196,0.15591580728358867,0.720093309879303,0.4740072225332261,0.24608608138561244,5,trapezoid_from_zero_normalized_by_max_fraction,True,correct,true_negative,medium,medium,binary
cicids2017_binary,46,0,BENIGN,rid_31e4125e46c7e94e4315f45742a03086,mlp,occlusion,deletion,training_median,False,True,False,True,0,BENIGN,predicted_class_of_audited_model,0.9999998223545816,0.0005913018292602,0.2288269264548554,0.04475207694060324,0.1840748495142521,0.009055068720803281,0.16632691482147766,0.008518777265897372,0.22030814918895797,1.9938465356826782,1.376390662908554,0.6174557654857635,5,trapezoid_from_zero_normalized_by_max_fraction,True,correct,true_negative,medium,medium,binary
cicids2017_binary,46,0,BENIGN,rid_0ee6964c28005d1134f467286c086ae0,mlp,occlusion,deletion,training_median,False,False,True,True,1,ATTACK,predicted_class_of_audited_model,0.000711454253178,0.0001199747784993,-0.016619013107265344,-0.007920647673105349,-0.008698365434159997,0.0009578790138690933,-0.01057580830134342,-0.005457442492867812,-0.011161570614397534,0.9297773241996765,0.6172169049978257,0.312560395359993,5,trapezoid_from_zero_normalized_by_max_fraction,False,error,false_positive,low,low,binary
cicids2017_binary,46,0,BENIGN,rid_33c74b66d36ad400cee70e3459c4f9a1,mlp,occlusion,deletion,training_median,False,False,True,True,1,ATTACK,predicted_class_of_audited_model,0.0442583598196506,0.043666880344972,-0.0031487413623835885,-0.04851516882125239,0.045366427458868805,0.01570998978497265,0.014574847480322412,-0.022780860170885646,0.019632118808502057,1.9929958581924438,1.4487906239032744,0.5442051866054536,5,trapezoid_from_zero_normalized_by_max_fraction,False,error,false_positive,low,medium,binary
cicids2017_binary,46,0,BENIGN,rid_404e4a59dddfd125b37146daf3a4bb51,mlp,occlusion,deletion,training_median,False,True,False,True,0,BENIGN,predicted_class_of_audited_model,0.9999999997918276,0.000591479266506,0.039946975636564803,0.03141873338547983,0.008528242251084976,0.00700569948853912,-0.0052029287464517,0.027391285876864672,0.012555689759700134,1.6409542560577393,1.2508620555400847,0.3900922362804414,5,trapezoid_from_zero_normalized_by_max_fraction,True,correct,true_negative,medium,medium,binary
cicids2017_binary,46,0,BENIGN,rid_17767d860612eb92ec94b81fde3edd9e,mlp,occlusion,deletion,training_median,False,False,True,True,1,ATTACK,predicted_class_of_audited_model,0.0015570735558867,0.000965594081208,-0.020121319545432927,-0.009093756567434524,-0.0110275629779984,0.0010202447144331901,-0.013027242618287454,-0.006403547286714343,-0.013717772258718586,0.959488034248352,0.739250931084156,0.22023710316419604,5,trapezoid_from_zero_normalized_by_max_fraction,False,error,false_positive,low,medium,binary
cicids2017_binary,46,0,BENIGN,rid_c9d6beebeeb6e075b5be1f02bb66a9a2,mlp,occlusion,deletion,training_median,False,True,False,True,0,BENIGN,predicted_class_of_audited_model,0.9999972244363562,0.0005887039110347,0.00761417308651744,0.007689897080388968,-7.572399387152868e-05,0.0011438755874970078,-0.002317720145365664,0.0018606241436437796,0.005753548942873661,0.7052050232887268,0.5098631629943847,0.19534184241294858,5,trapezoid_from_zero_normalized_by_max_fraction,True,correct,true_negative,medium,low,binary
cicids2017_binary,46,0,BENIGN,rid_43274cae4f335cd2e483d913b1cf0b56,mlp,occlusion,deletion,training_median,False,False,True,True,1,ATTACK,predicted_class_of_audited_model,0.0006323402049019,4.08607302233e-05,-0.027059161040233447,-0.006578134853011648,-0.020481026187221807,0.0006797560768939945,-0.021813348097934036,-0.007195331879868264,-0.019863829160365186,1.0518972873687744,0.7975242435336113,0.25437299615144726,5,trapezoid_from_zero_normalized_by_max_fraction,False,error,false_positive,low,low,binary
cicids2017_binary,46,0,BENIGN,rid_29abb4587de9f66544316c349f6c8ae9,mlp,occlusion,deletion,training_median,False,True,False,True,0,BENIGN,predicted_class_of_audited_model,0.9999999999999988,0.0005914794746772,0.1238913323148141,0.02890386163822988,0.09498747067658422,0.00661132793454424,0.08202926792487751,0.00011446517236668963,0.12377686714244741,2.038268566131592,1.7756440052986147,0.26262444162368775,5,trapezoid_from_zero_normalized_by_max_fraction,True,correct,true_negative,high,medium,binary
cicids2017_binary,46,0,BENIGN,rid_25e2bb619b65a6334f8a28659c35b7c1,mlp,occlusion,deletion,training_median,False,False,True,True,1,ATTACK,predicted_class_of_audited_model,0.0013893332798033,0.0007978538051247,-0.017758632195182145,-0.007775565440090759,-0.009983066755091387,0.0010397132930925648,-0.012020904809552814,-0.0064356190018968395,-0.011323013193285304,0.8720605969429016,0.6214919180870055,0.2505686848163605,5,trapezoid_from_zero_normalized_by_max_fraction,False,error,false_positive,low,medium,binary
cicids2017_binary,46,0,BENIGN,rid_d299090fcdf84f6c9f5ae25b87eb79e0,mlp,occlusion,deletion,training_median,False,False,True,True,1,ATTACK,predicted_class_of_audited_model,0.001185136497952,0.0005936570232734,-0.01737011690274812,-0.00730647497511211,-0.010063641927636013,0.0007452076976739745,-0.011524249015077002,-0.007370719421696379,-0.009999397481051744,0.9044995307922363,0.6264638748168945,0.2780357155799866,5,trapezoid_from_zero_normalized_by_max_fraction,False,error,false_positive,low,medium,binary
cicids2017_binary,46,0,BENIGN,rid_576ab03eda22c9324601ba233da161c3,mlp,occlusion,deletion,training_median,False,True,False,True,0,BENIGN,predicted_class_of_audited_model,0.9999999450226652,0.0005914244973439,0.26233719216669865,0.028348076866427686,0.23398911530027103,0.0077631783793578385,0.21877328567672966,0.01706914847919697,0.2452680436875017,1.3316701650619507,0.9542632799148558,0.3774069089889526,5,trapezoid_from_zero_normalized_by_max_fraction,True,correct,true_negative,medium,medium,binary
cicids2017_binary,46,0,BENIGN,rid_59592a75017d75f3c5c8aa1b1670312d,mlp,occlusion,deletion,training_median,False,True,False,True,0,BENIGN,predicted_class_of_audited_model,0.999995394659436,0.0005868741341145,0.0053662341326116796,0.0033050770058541163,0.002061157126757564,0.00015491306928372653,0.0017575275109614603,0.0007974174913861702,0.00456881664122551,0.7577289938926697,0.4752832486331463,0.28244572737813,5,trapezoid_from_zero_normalized_by_max_fraction,True,correct,true_negative,medium,low,binary
cicids2017_binary,46,0,BENIGN,rid_a015297c2d8f5f21cb12561a0da20e3d,mlp,occlusion,deletion,training_median,False,True,False,True,0,BENIGN,predicted_class_of_audited_model,0.9999999099025558,0.0005913893772344,0.2703462564346154,0.07497599616173023,0.19537026027288518,0.013810616968279864,0.16830145101505664,0.01711881099530458,0.25322744543931086,1.4660279750823975,1.3377594900131227,0.1282686042785644,5,trapezoid_from_zero_normalized_by_max_fraction,True,correct,true_negative,medium,medium,binary
cicids2017_binary,46,0,BENIGN,rid_cf05a87d3be1cefdf0b2e3b47d86acbb,mlp,occlusion,deletion,training_median,False,True,False,True,0,BENIGN,predicted_class_of_audited_model,0.9999896337521932,0.0005811132268717,0.006143343411258684,0.004268841729573154,0.0018745016816855298,0.00021899374220955394,0.001445273946954804,0.001517816340054992,0.004625527071203692,0.67610764503479,0.42935143437981615,0.24675618979334826,5,trapezoid_from_zero_normalized_by_max_fraction,True,correct,true_negative,medium,low,binary
cicids2017_binary,46,0,BENIGN,rid_d2153ff0be36c656f979a303ac30c363,mlp,occlusion,deletion,training_median,False,False,True,True,1,ATTACK,predicted_class_of_audited_model,0.000997703638859,0.0004062241641803,-0.01720067095593549,-0.00849773526659783,-0.008702935689337664,0.0009355794999589934,-0.01053667150925729,-0.0042638569753280535,-0.012936813980607439,0.9014727473258972,0.6772700963616372,0.22420263904333115,5,trapezoid_from_zero_normalized_by_max_fraction,False,error,false_positive,low,low,binary
cicids2017_binary,46,0,BENIGN,rid_16a5dcaff82be6659ceb8badc1d1cbc8,mlp,occlusion,deletion,training_median,False,False,True,True,1,ATTACK,predicted_class_of_audited_model,0.0012150056427344,0.0006235261680557,-0.012334466131869703,-0.0070093509745762506,-0.005325115157293453,0.0007503180607066364,-0.00679573855627846,-0.004967866080183398,-0.0073666000516863055,1.02965247631073,0.7718639953136444,0.2577884094715118,5,trapezoid_from_zero_normalized_by_max_fraction,False,error,false_positive,low,medium,binary
cicids2017_binary,46,0,BENIGN,rid_10e1ffd3024894e3dc4f3a42f187b985,mlp,occlusion,deletion,training_median,False,False,True,True,1,ATTACK,predicted_class_of_audited_model,0.0011487684678286,0.0005572889931499,-0.01656217712443322,-0.006559535280508725,-0.010002641843924492,0.0008812494271194558,-0.011729890721078625,-0.004029261916875498,-0.012532915207557721,0.8451453447341919,0.6110544930696488,0.2340908337831497,5,trapezoid_from_zero_normalized_by_max_fraction,False,error,false_positive,low,low,binary
cicids2017_binary,46,0,BENIGN,rid_bbe7b9f096241b542d1bd97d37ae1d09,mlp,occlusion,deletion,training_median,False,True,False,True,0,BENIGN,predicted_class_of_audited_model,0.9999999999998954,0.0005914794745739,0.18915572529648741,0.025815033973275364,0.16334069132321205,0.005895452072771835,0.15178560526057924,0.00439037657240063,0.1847653487240868,1.5719949007034302,1.2027662460803985,0.36922853541374206,5,trapezoid_from_zero_normalized_by_max_fraction,True,correct,true_negative,medium,medium,binary
cicids2017_binary,46,0,BENIGN,rid_3d336a6d73aec3edfdfa1f4990f17477,mlp,occlusion,deletion,training_median,False,True,False,True,0,BENIGN,predicted_class_of_audited_model,0.999992220770764,0.0005837002454427,0.003880032475944972,0.0038023827572666847,7.764971867828775e-05,0.00021673734293631413,-0.00034715547347688794,0.001068221198344702,0.00281181127760027,0.7832764387130737,0.4559904066473246,0.3272860469669103,5,trapezoid_from_zero_normalized_by_max_fraction,True,correct,true_negative,medium,low,binary
cicids2017_binary,46,0,BENIGN,rid_2b8b5d73c5f1426bd19a2f530bb5249a,mlp,occlusion,deletion,training_median,False,True,False,True,0,BENIGN,predicted_class_of_audited_model,0.999999999998223,0.0005914794729015,0.31676877941767434,0.046534907474560974,0.27023387194311344,0.011532152640392597,0.24763085276794394,0.007566106677703471,0.3092026727399709,2.0268120765686035,1.4491561045646668,0.5776560196876526,5,trapezoid_from_zero_normalized_by_max_fraction,True,correct,true_negative,medium,medium,binary
cicids2017_binary,46,0,BENIGN,rid_36accd7ba3e5e1d29c2de2096f079d4d,mlp,occlusion,deletion,training_median,False,False,True,True,1,ATTACK,predicted_class_of_audited_model,0.1423956304788589,0.1418041510041802,-0.04504281721199222,-0.0034560999623550245,-0.04158671724963722,0.01736298133483617,-0.07561816066591612,-0.048093301473586654,0.003050484261594419,1.8841469287872314,2.0508035640716553,-0.16665663528442387,5,trapezoid_from_zero_normalized_by_max_fraction,False,error,false_positive,low,medium,binary
cicids2017_binary,46,0,BENIGN,rid_49ce8e05264e5aa4ca90818a8c098f95,mlp,occlusion,deletion,training_median,False,True,False,True,0,BENIGN,predicted_class_of_audited_model,0.9999818400556252,0.0005733195303036,0.0036954790589334152,0.003559525534066182,0.00013595352486723314,0.00021090748926553995,-0.00027742515409322514,0.001133952830823489,0.0025615262281099265,0.8022502660751343,0.488985358119011,0.31326490795612333,5,trapezoid_from_zero_normalized_by_max_fraction,True,correct,true_negative,medium,low,binary
cicids2017_binary,46,0,BENIGN,rid_218adb25f7da8734889649a3c04b6cc0,mlp,occlusion,deletion,training_median,False,True,False,True,0,BENIGN,predicted_class_of_audited_model,0.9999999893780602,0.0005914688527388,0.28263557610571394,0.011444107062888276,0.27119146904282565,0.005239072399144682,0.26092288714050205,0.011081909535201374,0.2715536665705125,1.3985693454742432,1.0307438607215882,0.3678256039619446,5,trapezoid_from_zero_normalized_by_max_fraction,True,correct,true_negative,medium,medium,binary
cicids2017_binary,46,0,BENIGN,rid_6fb4e963cb5cb7966bf59bf42b943c3f,mlp,occlusion,deletion,training_median,False,False,True,True,1,ATTACK,predicted_class_of_audited_model,0.0009801760315895,0.0003886965569109,-0.020759065775200723,-0.0066300282299275185,-0.014129037545273209,0.0006498096209873661,-0.015402664402408447,-0.00539705740209729,-0.015362008373103435,0.9122506976127625,0.6155604636669159,0.2966902637481689,5,trapezoid_from_zero_normalized_by_max_fraction,False,error,false_positive,low,low,binary
cicids2017_binary,46,0,BENIGN,rid_11058294fd9f2ee2f9a8f51f08f4fc4c,mlp,occlusion,deletion,training_median,False,True,False,True,0,BENIGN,predicted_class_of_audited_model,0.9999962814545142,0.0005877609291928,0.004015176387110841,0.003231477480435842,0.0007836989066749994,0.0001249126594739047,0.0005388700941061462,0.0005174811136423614,0.00349769527346848,0.717552125453949,0.4143833443969488,0.3031687601953745,5,trapezoid_from_zero_normalized_by_max_fraction,True,correct,true_negative,medium,low,binary
cicids2017_binary,46,0,BENIGN,rid_8aaa9e0ebb0532091fd178b435845ee8,mlp,occlusion,deletion,training_median,False,False,True,True,1,ATTACK,predicted_class_of_audited_model,0.0046414756216108,0.0040499961469322,-0.1482005259266771,-0.17659246606612578,0.0283919401394487,0.02019282282778716,-0.011185992603014137,-0.20477231680147157,0.05657179087479447,1.3739653825759888,0.9212223223447799,0.452743024468422,5,trapezoid_from_zero_normalized_by_max_fraction,False,error,false_positive,low,medium,binary
cicids2017_binary,46,0,BENIGN,rid_55233f6705e497375a0ec0101649f0c0,mlp,occlusion,deletion,training_median,False,True,False,True,0,BENIGN,predicted_class_of_audited_model,0.9999999999999932,0.0005914794746718,0.5250458072870905,0.04010353826261377,0.4849422690244768,0.011002855504609214,0.4633766722354427,0.007561530079946015,0.5174842772071445,2.182821273803711,1.5401101388931275,0.6427112064361571,5,trapezoid_from_zero_normalized_by_max_fraction,True,correct,true_negative,medium,medium,binary
cicids2017_binary,46,0,BENIGN,rid_a3e5b70fbc80c4e69385e7bda5970aca,mlp,occlusion,deletion,training_median,False,True,False,True,0,BENIGN,predicted_class_of_audited_model,0.999999999984996,0.0005914794596745,0.14255704598938587,0.01854486223765869,0.12401218375172722,0.0035731796478861233,0.11700875164187041,0.002676923515321643,0.13988012247406426,1.6267125606536865,0.9824429664611818,0.6442695465087891,5,trapezoid_from_zero_normalized_by_max_fraction,True,correct,true_negative,medium,medium,binary
cicids2017_binary,46,0,BENIGN,rid_e0a0071473a01dd72ab005d7b86d1491,mlp,occlusion,deletion,training_median,False,True,False,True,0,BENIGN,predicted_class_of_audited_model,0.9999999996827856,0.000591479157464,0.002296851021715651,0.03432739732766189,-0.03203054630594624,0.006496562731153215,-0.04476380925900654,0.04754951651573866,-0.04525266549402302,1.6359946727752686,1.2636404776573182,0.37235431432724,5,trapezoid_from_zero_normalized_by_max_fraction,True,correct,true_negative,medium,medium,binary
cicids2017_binary,46,0,BENIGN,rid_9a58adfbe12585e92b539cb67966edca,mlp,occlusion,deletion,training_median,False,False,True,True,1,ATTACK,predicted_class_of_audited_model,0.0009930917294695,0.0004016122547908,-0.015030571533134208,-0.006302134357436216,-0.008728437175697993,0.0007587858828905479,-0.010215657506163467,-0.0048001667480484685,-0.010230404785085738,0.8660557866096497,0.6629060291647912,0.20314970380067826,5,trapezoid_from_zero_normalized_by_max_fraction,False,error,false_positive,low,low,binary
cicids2017_binary,46,0,BENIGN,rid_4c5e4caea98f2bde83943abe9dbb58a4,mlp,occlusion,deletion,training_median,False,False,True,True,1,ATTACK,predicted_class_of_audited_model,0.0005966452881693,5.165813490699942e-06,-0.025136245554313062,-0.06252946362438541,0.03739321807007235,0.014562373977531393,0.00885096507411082,-0.03136237101827118,0.006226125463958123,1.1021242141723633,0.7983325449228287,0.30379171693325036,5,trapezoid_from_zero_normalized_by_max_fraction,False,error,false_positive,low,low,binary
cicids2017_binary,46,0,BENIGN,rid_2aa6d3827b6f9f3c5a2b6d5b774bf0f3,mlp,occlusion,deletion,training_median,False,False,True,True,1,ATTACK,predicted_class_of_audited_model,0.0014818387571722,0.0008903592824936,-0.06743839582195506,-0.07739002807454833,0.009951632252593271,0.011154601360493902,-0.011911386413974778,-0.12444652707639216,0.057008131254437086,0.8226315379142761,0.5186933535933494,0.30393821412324906,5,trapezoid_from_zero_normalized_by_max_fraction,False,error,false_positive,low,medium,binary
cicids2017_binary,46,0,BENIGN,rid_faabbeb1376b780e2712ce30663bf964,mlp,occlusion,deletion,training_median,False,True,False,True,0,BENIGN,predicted_class_of_audited_model,0.9999771537768538,0.0005686332515324,0.004510920333632384,0.003786978715890541,0.0007239416177418434,0.00017795606926419434,0.0003751477219840225,0.0015666115082262877,0.0029443088254060973,0.756074070930481,0.44457212573289884,0.3115019779801368,5,trapezoid_from_zero_normalized_by_max_fraction,True,correct,true_negative,medium,low,binary
cicids2017_binary,46,0,BENIGN,rid_ffe995d64809d47d80c2aeae4a80e95e,mlp,occlusion,deletion,training_median,False,False,True,True,1,ATTACK,predicted_class_of_audited_model,0.0007342118769884,0.0001427324023097,-0.0035909945145249367,-0.006058170552685056,0.002467176038160119,0.000653370768828109,0.0011865693312570252,-0.006431236588315869,0.0028402420737909328,0.9230064153671265,0.6002094742357731,0.3227969530522824,5,trapezoid_from_zero_normalized_by_max_fraction,False,error,false_positive,low,low,binary
cicids2017_binary,46,0,BENIGN,rid_e495cde113ca9f0d5ee9ee7fd15385f6,mlp,occlusion,deletion,training_median,False,True,False,True,0,BENIGN,predicted_class_of_audited_model,0.9999871375530348,0.0005786170277132,0.003846962237821572,0.004004412207179172,-0.00015744996935760012,0.0002944203028379804,-0.0007345137629200416,0.0005478394645276126,0.003299122773293959,0.7728411555290222,0.45108116286993016,0.3217599866986275,5,trapezoid_from_zero_normalized_by_max_fraction,True,correct,true_negative,medium,low,binary
cicids2017_binary,46,0,BENIGN,rid_c13874781c601a071326c9e28f136be4,mlp,occlusion,deletion,training_median,False,True,False,True,0,BENIGN,predicted_class_of_audited_model,0.999485985841602,7.746531628070007e-05,0.003920343273784965,0.007130793220811029,-0.0032104499470260632,0.0007118125516620719,-0.004605602548283724,0.005365071266337508,-0.0014447279925525437,0.8919256329536438,0.55610766980052,0.33581789162755016,5,trapezoid_from_zero_normalized_by_max_fraction,True,correct,true_negative,medium,low,binary
cicids2017_binary,46,0,BENIGN,rid_5df29c8a5f5b2ad4ccd55c10766f4259,mlp,occlusion,deletion,training_median,False,False,True,True,1,ATTACK,predicted_class_of_audited_model,0.000984277925454,0.0003927984507754,-0.01689384322962724,-0.007022068720979689,-0.009871774508647546,0.0008662655738936135,-0.011569655033479028,-0.007185870524853272,-0.009707972704773964,0.8994189500808716,0.601876961529255,0.29754193490743636,5,trapezoid_from_zero_normalized_by_max_fraction,False,error,false_positive,low,low,binary
cicids2017_binary,46,0,BENIGN,rid_3e8698108279fbea4c2f47b0a87217da,mlp,occlusion,deletion,training_median,False,True,False,True,0,BENIGN,predicted_class_of_audited_model,0.9999765372103866,0.0005680166850651,0.24443544826508512,0.058313087401512684,0.18612236086357248,0.010160021315568531,0.16620871908505816,0.026961060761922492,0.21747438750316267,1.5525603294372559,1.1585451191663743,0.3940152102708817,5,trapezoid_from_zero_normalized_by_max_fraction,True,correct,true_negative,medium,low,binary
cicids2017_binary,46,0,BENIGN,rid_49dd598d53abe12b066b4d046b9b8d53,mlp,occlusion,deletion,training_median,False,False,True,True,1,ATTACK,predicted_class_of_audited_model,0.0034513594582676,0.002859879983589,-0.10840971777215601,-0.05813724196056891,-0.050272475811587086,0.009096703554538973,-0.06810201477848347,-0.13052339167029164,0.022113673898135615,0.6996361017227173,0.6559239063262939,0.04371219539642336,5,trapezoid_from_zero_normalized_by_max_fraction,False,error,false_positive,low,medium,binary
cicids2017_binary,46,0,BENIGN,rid_c3b3ebfdce93e4ff3712f985c9636557,mlp,occlusion,deletion,training_median,False,True,False,True,0,BENIGN,predicted_class_of_audited_model,0.999999999996912,0.0005914794715904,0.16893300637309436,0.04146901262618549,0.1274639937469089,0.009797862017863637,0.10826018419189616,0.005015744311406329,0.16391726206168802,1.6516406536102295,1.319387241601944,0.33225354313850397,5,trapezoid_from_zero_normalized_by_max_fraction,True,correct,true_negative,medium,medium,binary
cicids2017_binary,46,0,BENIGN,rid_bc50109dd4fb5fea2bca98b424714fd2,mlp,occlusion,deletion,training_median,False,False,True,True,1,ATTACK,predicted_class_of_audited_model,0.0008645756170153,0.0002730961423366,-0.11009390257531777,-0.02365068490988565,-0.08644321766543211,0.006902652479780715,-0.09997241652580231,-0.01541709166297511,-0.09467681091234265,1.0875722169876099,1.0282951996326448,0.05927707695961,5,trapezoid_from_zero_normalized_by_max_fraction,False,error,false_positive,low,low,binary
cicids2017_binary,46,0,BENIGN,rid_e84705870f74d95090d7a7d1040e950b,mlp,occlusion,deletion,training_median,False,True,False,True,0,BENIGN,predicted_class_of_audited_model,0.9999689516043871,0.0005604310790658,0.0034797947850165657,0.003863914106241935,-0.0003841193212253699,0.00034474796533595176,-0.0010598253332838353,0.001626081437417554,0.0018537133475990117,0.8329946398735046,0.4969810705482959,0.33601351568102833,5,trapezoid_from_zero_normalized_by_max_fraction,True,correct,true_negative,medium,low,binary
cicids2017_binary,46,0,BENIGN,rid_4c03d196d9c6c2499292a5e3ace5365b,mlp,occlusion,deletion,training_median,False,True,False,True,0,BENIGN,predicted_class_of_audited_model,0.999998446340669,0.0005899258153476,0.12044382806163867,0.01445481024474264,0.10598901781689604,0.0026152306362333903,0.1008631657698786,0.01584259163923388,0.10460123642240479,0.8776146769523621,0.6127203930616378,0.264894343495369,5,trapezoid_from_zero_normalized_by_max_fraction,True,correct,true_negative,medium,low,binary
cicids2017_binary,46,0,BENIGN,rid_0b9a15cce4bf307f2699c1a89b526898,mlp,occlusion,deletion,training_median,False,False,True,True,1,ATTACK,predicted_class_of_audited_model,0.0010520187206566,0.0004605392459779,-0.021099894889630377,-0.008303433943335221,-0.012796460946295156,0.0009219061560723617,-0.014603397012196985,-0.004924659723883451,-0.01617523516574693,1.007350206375122,0.7807027266025544,0.22664762282371523,5,trapezoid_from_zero_normalized_by_max_fraction,False,error,false_positive,low,low,binary
cicids2017_binary,46,0,BENIGN,rid_68a14792a8c1adc501061694f4530e5a,mlp,occlusion,deletion,training_median,False,True,False,True,0,BENIGN,predicted_class_of_audited_model,0.9999998547502288,0.0005913342249072,0.004031539615041879,0.003322257612309364,0.0007092820027325147,0.000160680062080124,0.00039434908105547174,0.0001338488996204248,0.003897690715421454,0.9537633061408997,0.6081731465607881,0.34559011785686017,5,trapezoid_from_zero_normalized_by_max_fraction,True,correct,true_negative,medium,medium,binary
cicids2017_binary,46,0,BENIGN,rid_6d0224305d5c92e2f5022ff95e7a2a31,mlp,occlusion,deletion,training_median,False,True,False,True,0,BENIGN,predicted_class_of_audited_model,0.9999990227718172,0.0005905022464957,0.004159496024965393,0.0028274629133149174,0.0013320331116504747,8.400959581802669e-05,0.0011673743038471424,0.0005234296563423299,0.003636066368623062,0.699414849281311,0.4642789478003979,0.23513585975766177,5,trapezoid_from_zero_normalized_by_max_fraction,True,correct,true_negative,medium,low,binary
cicids2017_binary,46,0,BENIGN,rid_b8c98e3538d08ba7648e12b04de387a3,mlp,occlusion,deletion,training_median,False,True,False,True,0,BENIGN,predicted_class_of_audited_model,0.999999999048778,0.0005914785234564,0.6906693538927486,0.07631169822295392,0.6143576556697947,0.014030810225345133,0.5868572676281183,0.018167421957970817,0.6725019319347778,2.9958677291870117,2.665536088943482,0.33033171176910403,5,trapezoid_from_zero_normalized_by_max_fraction,True,correct,true_negative,medium,medium,binary
cicids2017_binary,46,0,BENIGN,rid_1be00245891f948f976f37add33b7c0e,mlp,occlusion,deletion,training_median,False,True,False,True,0,BENIGN,predicted_class_of_audited_model,0.9999203617189778,0.0005118411936564,0.0062274677453388,0.004309241081367544,0.0019182266639712559,0.000582792590895473,0.0007759531858161288,0.002744164965129257,0.0034833027802095426,0.8412443995475769,0.6176063134074211,0.22363802653551104,5,trapezoid_from_zero_normalized_by_max_fraction,True,correct,true_negative,medium,low,binary
cicids2017_binary,46,0,BENIGN,rid_db9829bc01aeb0c0075f56d08cbf953b,mlp,occlusion,deletion,training_median,False,False,True,True,1,ATTACK,predicted_class_of_audited_model,0.0008719611214473,0.0002804816467686,-0.01430439479299821,-0.006369929829287173,-0.007934464963711037,0.0008120098159617093,-0.009526004202995987,-0.0032944209790703102,-0.011009973813927897,0.8620175123214722,0.6293999458253383,0.23261756053566937,5,trapezoid_from_zero_normalized_by_max_fraction,False,error,false_positive,low,low,binary
cicids2017_binary,46,0,BENIGN,rid_0e9c99dc41546daa5951f3bced0eabc1,mlp,occlusion,deletion,training_median,False,True,False,True,0,BENIGN,predicted_class_of_audited_model,0.999990497579347,0.0005819770540255,0.004048373001478467,0.0037391495004367244,0.0003092235010417425,0.00027019769782931345,-0.00022036398670371185,0.001027707881892695,0.003020665119585772,0.8288214802742004,0.5268548697382213,0.30196656881272793,5,trapezoid_from_zero_normalized_by_max_fraction,True,correct,true_negative,medium,low,binary
cicids2017_binary,46,0,BENIGN,rid_9f8f311c0e26a69354ca77932b274f8e,mlp,occlusion,deletion,training_median,False,False,True,True,1,ATTACK,predicted_class_of_audited_model,0.3284410238265991,0.3278495443519205,0.3119818637517671,0.2500631564784716,0.06191870727329551,0.009097395362836186,0.04408781236213659,0.11578564664631319,0.1961962171054539,2.7400906085968018,2.6336702096462252,0.10642042279243476,5,trapezoid_from_zero_normalized_by_max_fraction,False,error,false_positive,low,medium,binary
cicids2017_binary,46,0,BENIGN,rid_ee1e56492640e611e5eb2d6f96ac0a57,mlp,occlusion,deletion,training_median,False,False,True,True,1,ATTACK,predicted_class_of_audited_model,0.0006599251064471,6.844563176849991e-05,-0.011680989080923609,-0.00532589125041079,-0.006355097830512819,0.0008051748790779868,-0.007933240593505673,-0.00420186546701143,-0.007479123613912179,0.9103966951370239,0.7208659772872925,0.18953069996833802,5,trapezoid_from_zero_normalized_by_max_fraction,False,error,false_positive,low,low,binary
cicids2017_binary,46,0,BENIGN,rid_49a96b66cc0bdcade5b6593e1d7771ff,mlp,occlusion,deletion,training_median,False,True,False,True,0,BENIGN,predicted_class_of_audited_model,0.9999670856304874,0.000558565105166,0.0033299462907962155,0.004618215796974198,-0.0012882695061779829,0.0004564022365718206,-0.002182817889858751,0.0006302134539238863,0.0026997328368723286,0.8224865794181824,0.4729539249837399,0.349532660394907,5,trapezoid_from_zero_normalized_by_max_fraction,True,correct,true_negative,medium,low,binary
cicids2017_binary,46,0,BENIGN,rid_84230b431820cc322bd6c83d072bc328,mlp,occlusion,deletion,training_median,False,False,True,True,1,ATTACK,predicted_class_of_audited_model,0.0009448603377677,0.0003533808630891,-0.015597031117067674,-0.0048146222507086806,-0.010782408866358993,0.000571133341958122,-0.011901830216596913,-0.003881013057772861,-0.01171601805929481,0.8746250867843628,0.624885668516159,0.249739483833313,5,trapezoid_from_zero_normalized_by_max_fraction,False,error,false_positive,low,low,binary
cicids2017_binary,46,0,BENIGN,rid_d80090d05ad351c5884370e8ce7ff9f4,mlp,occlusion,deletion,training_median,False,True,False,True,0,BENIGN,predicted_class_of_audited_model,0.9999378805296146,0.0005293600042932,0.0030431001938268313,0.005519711971132267,-0.002476611777305436,0.0006494265579929234,-0.0037494878309715656,0.0019056224196293955,0.0011374777741974353,0.8477648496627808,0.475657131627202,0.3721077120751143,5,trapezoid_from_zero_normalized_by_max_fraction,True,correct,true_negative,medium,low,binary
cicids2017_binary,46,0,BENIGN,rid_f45ac44eeb5ae0c3614b26626c5a5935,mlp,occlusion,deletion,training_median,False,True,False,True,0,BENIGN,predicted_class_of_audited_model,0.9999990818031392,0.0005905612778178,0.004456238112362598,0.003043539544661315,0.0014126985677012838,7.702152852908717e-05,0.001261736371784273,0.0003968192404128104,0.004059418871949787,0.6529462933540344,0.3872178048044443,0.26572850345075133,5,trapezoid_from_zero_normalized_by_max_fraction,True,correct,true_negative,medium,medium,binary
cicids2017_binary,46,0,BENIGN,rid_9f99993c4216d94b35b69cf246779315,mlp,occlusion,deletion,training_median,False,True,False,True,0,BENIGN,predicted_class_of_audited_model,0.999996120727701,0.0005876002023796,0.00518493664444577,0.003346679282566157,0.001838257361879613,0.00011589588235121426,0.001611101432471233,0.0006775837714180285,0.004507352873027741,0.7155763506889343,0.43250721606612197,0.28306917038559914,5,trapezoid_from_zero_normalized_by_max_fraction,True,correct,true_negative,medium,low,binary
cicids2017_binary,46,0,BENIGN,rid_dc908e1b1de5d582a7a2f5c25de5225a,mlp,occlusion,deletion,training_median,False,False,True,True,1,ATTACK,predicted_class_of_audited_model,0.0031761967111378,0.0025847172364592,0.0010808968291712517,-0.05635737016043006,0.05743826698960131,0.010519792964899993,0.036819472778397325,-0.12466256640123403,0.12574346323040528,0.9507004022598267,0.7005792789459229,0.2501211829185485,5,trapezoid_from_zero_normalized_by_max_fraction,False,error,false_positive,low,medium,binary
cicids2017_binary,46,0,BENIGN,rid_d0132bcff76b43b113799a0bb19617ab,mlp,occlusion,deletion,training_median,False,False,True,True,1,ATTACK,predicted_class_of_audited_model,0.001066593802534,0.0004751143278553,-0.0024961237504612654,-0.005882307061334472,0.003386183310873207,0.0007485884852042946,0.0019189498798727895,-0.003720436968952299,0.0012243132184910337,0.9798439145088196,0.6300317119359969,0.3498121787309646,5,trapezoid_from_zero_normalized_by_max_fraction,False,error,false_positive,low,low,binary
cicids2017_binary,46,0,BENIGN,rid_002d9e02b038b2533b2cdb615f4d0517,mlp,occlusion,deletion,training_median,False,True,False,True,0,BENIGN,predicted_class_of_audited_model,0.9999957930881463,0.000587272562825,0.01241328876433272,0.006178048280434648,0.006235240483898071,0.0007930253657931428,0.004680910766943511,0.008512179582355537,0.003901109181977183,0.7155789136886597,0.5500413433313369,0.16553761804103853,5,trapezoid_from_zero_normalized_by_max_fraction,True,correct,true_negative,medium,low,binary
cicids2017_binary,46,0,BENIGN,rid_13eb10a4da788e219937fc01f87bb695,mlp,occlusion,deletion,training_median,False,True,False,True,0,BENIGN,predicted_class_of_audited_model,0.9999995532559184,0.0005910327305968,0.07941924386805398,0.04812128495958194,0.031297958908472034,0.011820738659182803,0.008129311136473742,0.008496646626855084,0.07092259724119891,1.0655324459075928,0.7748769793510437,0.2906554188728333,5,trapezoid_from_zero_normalized_by_max_fraction,True,correct,true_negative,medium,medium,binary
cicids2017_binary,46,0,BENIGN,rid_32607538c0d178d91936ec27d94ad84c,mlp,occlusion,deletion,training_median,False,True,False,True,0,BENIGN,predicted_class_of_audited_model,0.9999958411558508,0.0005873206305295,0.020952506224944045,0.0072536601407446576,0.013698846084199388,0.0007948840158487486,0.012140873413135841,0.004082074543017908,0.01687043168192614,0.7005978226661682,0.509770956516266,0.19082684230804442,5,trapezoid_from_zero_normalized_by_max_fraction,True,correct,true_negative,medium,low,binary
cicids2017_binary,46,0,BENIGN,rid_69321433923ded1c3ab537a0ee0ebc44,mlp,occlusion,deletion,training_median,False,True,False,True,0,BENIGN,predicted_class_of_audited_model,0.9999999999961522,0.0005914794708308,0.39366728588573174,0.016682431481896482,0.3769848544038353,0.006665075639999032,0.3639213061494372,0.001247213429382706,0.3924200724563489,1.967660665512085,1.256132276058197,0.7115283775329589,5,trapezoid_from_zero_normalized_by_max_fraction,True,correct,true_negative,medium,medium,binary
cicids2017_binary,46,0,BENIGN,rid_e2d5386b9a8fe4db9b08703490da531d,mlp,occlusion,deletion,training_median,False,False,True,True,1,ATTACK,predicted_class_of_audited_model,0.6675968170166016,0.6670053375419229,0.632207211650675,0.38506674070082514,0.24714047094984976,0.02025980322172367,0.20743125663527137,0.21130243874056742,0.4209047729101075,3.3189539909362793,3.0059834895133974,0.31297050142288213,5,trapezoid_from_zero_normalized_by_max_fraction,False,error,false_positive,low,medium,binary
cicids2017_binary,46,0,BENIGN,rid_08130a9659a906eb5d715f9a53ee628d,mlp,occlusion,deletion,training_median,False,True,False,True,0,BENIGN,predicted_class_of_audited_model,0.9999999715799516,0.00059145105463,0.006982251180156584,0.010529196760575395,-0.0035469455804188104,0.0034892826414328238,-0.010385939557627144,0.017670649316263824,-0.010688398136107238,1.1018333435058594,0.7955495618581772,0.30628372204303744,5,trapezoid_from_zero_normalized_by_max_fraction,True,correct,true_negative,medium,medium,binary
cicids2017_binary,46,0,BENIGN,rid_1b4b8ca64de99d674a91a73d6955b447,mlp,occlusion,deletion,training_median,False,False,True,True,1,ATTACK,predicted_class_of_audited_model,0.0008015941129997,0.000210114638321,-0.003721138200489804,-0.0050782713961657466,0.001357133195675942,0.0004850259728270016,0.0004064822889350188,-0.003931801525594551,0.00021066332510474666,0.9198711514472961,0.5808690707981586,0.33900202700495724,5,trapezoid_from_zero_normalized_by_max_fraction,False,error,false_positive,low,low,binary
cicids2017_binary,46,0,BENIGN,rid_ed124c0cfb9f341244613144a9873c27,mlp,occlusion,deletion,training_median,False,True,False,True,0,BENIGN,predicted_class_of_audited_model,0.9998593588825316,0.0004508383572102,0.11293169494892936,0.06900923173099385,0.04392246321793551,0.012140092915305153,0.020127881103937414,0.07623319537481532,0.03669849957411403,1.01764976978302,0.8632140831947327,0.15443569850921632,5,trapezoid_from_zero_normalized_by_max_fraction,True,correct,true_negative,medium,low,binary
cicids2017_binary,46,0,BENIGN,rid_cb84ffe73ccd663a7ba7be1a2f94208b,mlp,occlusion,deletion,training_median,False,True,False,True,0,BENIGN,predicted_class_of_audited_model,0.9999971938639192,0.0005886733385977,0.0049954326009469694,0.0030863706089880906,0.0019090619919588786,0.0001383890205933792,0.0016378195115958555,0.0006767914355826007,0.004318641165364369,0.6961920261383057,0.4113671148121357,0.28482489046454423,5,trapezoid_from_zero_normalized_by_max_fraction,True,correct,true_negative,medium,low,binary
cicids2017_binary,46,0,BENIGN,rid_3926f72071b867c679e8fcde026ad243,mlp,occlusion,deletion,training_median,False,False,True,True,1,ATTACK,predicted_class_of_audited_model,0.0007477153558284,0.0001562358811497,-0.23803474713349715,-0.18345576661767848,-0.05457898051581867,0.020753680511022648,-0.09525619431742306,-0.12814719303276434,-0.10988755410073285,1.5013861656188965,0.9041534465551377,0.5972326236963271,5,trapezoid_from_zero_normalized_by_max_fraction,False,error,false_positive,low,low,binary
cicids2017_binary,46,1,ATTACK,rid_d1afa288ac204a797025ab9d0458aaf4,mlp,occlusion,deletion,training_median,False,True,False,True,1,ATTACK,predicted_class_of_audited_model,0.9527955651283264,0.9522040856536478,0.9005334811631166,0.8224466213970387,0.07808685976607802,0.009625542910436134,0.05922079566162319,0.4555180757754803,0.44501540538763634,0.7480913996696472,0.6798289712667465,0.06826240456104278,5,trapezoid_from_zero_normalized_by_max_fraction,True,correct,true_positive,medium,high,binary
cicids2017_binary,46,0,BENIGN,rid_df2092d4c76cfacc9f416f9a5c0aba42,mlp,occlusion,deletion,training_median,False,True,False,True,0,BENIGN,predicted_class_of_audited_model,0.999995247291281,0.0005867267659595,0.027637053683088195,0.01710418719991341,0.01053286648317479,0.003537286093949328,0.0035997857390341077,0.013878204222479321,0.013758849460608878,0.8131774067878723,0.6358482738733292,0.17732910907268523,5,trapezoid_from_zero_normalized_by_max_fraction,True,correct,true_negative,medium,low,binary
cicids2017_binary,46,0,BENIGN,rid_128839b76407e20f8af0c75233803f63,mlp,occlusion,deletion,training_median,False,False,True,True,1,ATTACK,predicted_class_of_audited_model,0.0050165602006018,0.0044250807259232,-0.10062625399759782,-0.10723709041014011,0.006610836412542297,0.013360903121397824,-0.01957653370539744,-0.2112527818067431,0.11062652780914524,1.3293654918670654,0.9448685711622238,0.3844970041513443,5,trapezoid_from_zero_normalized_by_max_fraction,False,error,false_positive,low,medium,binary
cicids2017_binary,46,0,BENIGN,rid_0a9037feccf16ba1543e7d103d52f84f,mlp,occlusion,deletion,training_median,False,False,True,True,1,ATTACK,predicted_class_of_audited_model,0.0064581832848489,0.0058667038101703,-0.09699529466452077,-0.07757264877166767,-0.0194226458928531,0.012671373631406862,-0.04425853821041055,-0.19814844599655082,0.10115315133203005,0.6837960481643677,0.5820246303081512,0.1017714536190033,5,trapezoid_from_zero_normalized_by_max_fraction,False,error,false_positive,low,medium,binary
cicids2017_binary,46,0,BENIGN,rid_3cc8a2ed18c39d306dde4ff03e6351a8,mlp,occlusion,deletion,training_median,False,False,True,True,1,ATTACK,predicted_class_of_audited_model,0.0017168306512758,0.0011253511765971,-0.03359861897188239,-0.07793163508562226,0.04433301611373986,0.010772258600167754,0.023219389257411065,-0.1392809780881527,0.10568235911627033,0.9274944067001343,0.6990594658851623,0.22843495273590092,5,trapezoid_from_zero_normalized_by_max_fraction,False,error,false_positive,low,medium,binary
cicids2017_binary,46,0,BENIGN,rid_3453b6c76d89fe140f20f4064c84ccfe,mlp,occlusion,deletion,training_median,False,False,True,True,1,ATTACK,predicted_class_of_audited_model,0.0083368336781859,0.0077453542035073,-0.0028406724548403865,-0.08329326367031573,0.08045259121547535,0.01317587497365278,0.054627876267115905,-0.15530870634117677,0.15246803388633637,0.8524141311645508,0.6121087970733643,0.24030536389350887,5,trapezoid_from_zero_normalized_by_max_fraction,False,error,false_positive,low,medium,binary
cicids2017_binary,46,0,BENIGN,rid_bc0ed2367be1555b07214841c995ed1b,mlp,occlusion,deletion,training_median,False,False,True,True,1,ATTACK,predicted_class_of_audited_model,0.4315876066684723,0.4309961271937937,0.40430603656688474,0.2291591826581498,0.17514685390873497,0.016048332008940253,0.14369212317121208,0.07718084073404137,0.3271251958328434,9.993744850158691,4.697412558317184,5.296332339525223,5,trapezoid_from_zero_normalized_by_max_fraction,False,error,false_positive,low,medium,binary
cicids2017_binary,46,0,BENIGN,rid_a1e96d77431662451ef4e130fa4f3fcf,mlp,occlusion,deletion,training_median,False,False,True,True,1,ATTACK,predicted_class_of_audited_model,0.0009567154920659,0.0003652360173872,-0.024910184074542485,-0.015943021513128094,-0.008967162561414386,0.0031392467859733993,-0.015120086261922249,-0.025497187125350443,0.0005870030508079594,1.4661140441894531,0.9103031283617019,0.5558109515905381,5,trapezoid_from_zero_normalized_by_max_fraction,False,error,false_positive,low,low,binary
cicids2017_binary,46,0,BENIGN,rid_d8de40d0c84dcda670239cd28002b34c,mlp,occlusion,deletion,training_median,False,False,True,True,1,ATTACK,predicted_class_of_audited_model,0.0086649991571903,0.0080735196825117,-0.0021450044558150687,-0.0796660573454869,0.07752105288967182,0.013247647134722196,0.051555664505616314,-0.1818772544339539,0.17973224997813883,0.8604949116706848,0.6150005398988723,0.2454943479299546,5,trapezoid_from_zero_normalized_by_max_fraction,False,error,false_positive,low,medium,binary
cicids2017_binary,46,0,BENIGN,rid_065ba8581948bca671d15fb9c3c3b168,mlp,occlusion,deletion,training_median,False,False,True,True,1,ATTACK,predicted_class_of_audited_model,0.0063427472487092,0.0057512677740306,-0.09802594683133065,-0.09354533700494844,-0.004480609826382223,0.014973254736814072,-0.0338281891105378,-0.14462258549070783,0.046596638659377146,0.6676314473152161,0.552585431098938,0.11504598045349121,5,trapezoid_from_zero_normalized_by_max_fraction,False,error,false_positive,low,medium,binary
cicids2017_binary,46,0,BENIGN,rid_5466ee84ce085dec531cf7aa7718cfbb,mlp,occlusion,deletion,training_median,False,True,False,True,0,BENIGN,predicted_class_of_audited_model,0.99999999999495,0.0005914794696285,0.08315267301616133,0.022554784375861003,0.060597888640300336,0.0020293220086824728,0.05662041750328269,0.0007238359364495442,0.08242883707971178,1.6020033359527588,1.0702687423229218,0.5317345459461212,5,trapezoid_from_zero_normalized_by_max_fraction,True,correct,true_negative,medium,medium,binary
cicids2017_binary,46,0,BENIGN,rid_50d1717711073665ee4afa3401563b63,mlp,occlusion,deletion,training_median,False,False,True,True,1,ATTACK,predicted_class_of_audited_model,0.0007510692812502,0.0001595898065716,-0.022885322268120945,-0.008306149793295617,-0.014579172474825328,0.0009047992028059647,-0.016352578912325017,-0.0067102665957443144,-0.01617505567237663,1.0342843532562256,0.7653491488695146,0.26893512094020844,5,trapezoid_from_zero_normalized_by_max_fraction,False,error,false_positive,low,low,binary
cicids2017_binary,46,0,BENIGN,rid_eb466fece862abe734c122a475d58c22,mlp,occlusion,deletion,training_median,False,True,False,True,0,BENIGN,predicted_class_of_audited_model,0.9999967405512962,0.0005882200259747,0.004618045649419856,0.0033150729433801818,0.0013029727060396737,0.00013452054366881855,0.0010393124404487893,0.0006277048767375284,0.003990340772682327,1.0471348762512207,0.7290860778689385,0.31804876261949533,5,trapezoid_from_zero_normalized_by_max_fraction,True,correct,true_negative,medium,low,binary
cicids2017_binary,46,0,BENIGN,rid_d6c30c35089599244c8582562eae186f,mlp,occlusion,deletion,training_median,False,True,False,True,0,BENIGN,predicted_class_of_audited_model,0.9999999982393872,0.0005914777140659,0.09230592698238671,0.022073572159251473,0.07023235482313525,0.007687450475218063,0.05516495189170785,0.005612000317173573,0.08669392666521315,1.1037991046905518,0.7933424038887024,0.31045672464370727,5,trapezoid_from_zero_normalized_by_max_fraction,True,correct,true_negative,medium,medium,binary
cicids2017_binary,46,0,BENIGN,rid_988d2d6b6008fe479e9a1d8cd3533616,mlp,occlusion,deletion,training_median,False,True,False,True,0,BENIGN,predicted_class_of_audited_model,0.999999999999916,0.0005914794745945,0.354306496330457,0.015789942814794157,0.33851655351566284,0.0034870945532626163,0.3316818481912681,0.003138468619938123,0.3511680277105189,1.260074257850647,1.198056404352188,0.0620177819728851,5,trapezoid_from_zero_normalized_by_max_fraction,True,correct,true_negative,medium,medium,binary
cicids2017_binary,46,0,BENIGN,rid_183b5fde2aa4738c37c8c8f2e6c23630,mlp,occlusion,deletion,training_median,False,False,True,True,1,ATTACK,predicted_class_of_audited_model,0.0063749849796295,0.0057835055049509,-0.09642375109251587,-0.061540323403012735,-0.03488342768950316,0.011041271155820117,-0.05652431915491059,-0.131147207005711,0.03472345591319514,0.6958115100860596,0.5937287415266037,0.10208274471759796,5,trapezoid_from_zero_normalized_by_max_fraction,False,error,false_positive,low,medium,binary
cicids2017_binary,46,1,ATTACK,rid_d097e7724fa9f92e0935d7b66f1828ae,mlp,occlusion,deletion,training_median,False,True,False,True,1,ATTACK,predicted_class_of_audited_model,0.4056569337844848,0.4050654543098062,0.3809576456202194,0.25085332312641007,0.1301043224938094,0.013558948697116503,0.10352878304746106,0.01620692024458822,0.36475072537563114,1.044525384902954,0.6050031524002553,0.4395221430957316,5,trapezoid_from_zero_normalized_by_max_fraction,True,correct,true_positive,low,medium,binary
cicids2017_binary,46,0,BENIGN,rid_a3e42b1cf69f189e09f2b508f7f7273c,mlp,occlusion,deletion,training_median,False,True,False,True,0,BENIGN,predicted_class_of_audited_model,0.9999895304272286,0.0005810099019072,0.0037530808129758956,0.003463523354126778,0.00028955745884911714,0.00022858065947547652,-0.00015846063372281681,0.000876445017182391,0.0028766357957935042,0.7574650645256042,0.42961877214908595,0.32784626853466037,5,trapezoid_from_zero_normalized_by_max_fraction,True,correct,true_negative,medium,low,binary
cicids2017_binary,46,1,ATTACK,rid_cb1d18b54442084b37f3093e6a85ed34,mlp,occlusion,deletion,training_median,False,True,False,True,1,ATTACK,predicted_class_of_audited_model,0.9999999403953552,0.9994084609206766,0.806161254184427,0.689634704093424,0.11652655009100296,0.014313679701826185,0.08847173787542364,0.16091221502520753,0.6452490391592194,2.7182092666625977,1.9433146505355836,0.7748944253921509,5,trapezoid_from_zero_normalized_by_max_fraction,True,correct,true_positive,medium,high,binary
cicids2017_binary,46,1,ATTACK,rid_90bf460c23de7f169569a903b5e5bcd4,mlp,occlusion,deletion,training_median,False,False,True,False,0,BENIGN,predicted_class_of_audited_model,0.9997036708227824,0.0002951502974611,0.01229322216968285,0.005758051185990837,0.006535170983692013,0.0005823506475705831,0.00539376371445367,0.0034754055238563524,0.008817816645826499,0.9096851348876953,0.6439163747429848,0.26576877802610394,5,trapezoid_from_zero_normalized_by_max_fraction,False,error,false_negative,medium,low,binary
cicids2017_binary,46,0,BENIGN,rid_925d38c41b222c06fa8bf565a6ad4fa2,mlp,occlusion,deletion,training_median,False,False,True,True,1,ATTACK,predicted_class_of_audited_model,0.0181432794779539,0.0175518000032753,-0.06565554677508771,-0.0634114400199842,-0.00224410675510353,0.01167129093888785,-0.025119836995323715,-0.14288269863908953,0.07722715186400182,0.4432877004146576,0.3169087792634964,0.1263789211511612,5,trapezoid_from_zero_normalized_by_max_fraction,False,error,false_positive,low,medium,binary
cicids2017_binary,46,0,BENIGN,rid_4d004efc514939388e1451fb90ee062f,mlp,occlusion,deletion,training_median,False,True,False,True,0,BENIGN,predicted_class_of_audited_model,0.9999999999704796,0.0005914794451583,0.42432443260437597,0.07726123333527542,0.34706319926910056,0.013544024489417621,0.32051691126984205,0.020824954567947977,0.40349947803642794,2.6282505989074707,1.862678623199463,0.7655722141265868,5,trapezoid_from_zero_normalized_by_max_fraction,True,correct,true_negative,medium,medium,binary
cicids2017_binary,46,0,BENIGN,rid_189c29f8197fee8b97d16eac414ce930,mlp,occlusion,deletion,training_median,False,False,True,True,1,ATTACK,predicted_class_of_audited_model,0.0013658951502293,0.0007744156755506,-0.1024453870137222,-0.08466004821866807,-0.017785338795054156,0.012875034185350165,-0.043020405798340475,-0.12471675913904073,0.022271372125318517,0.4659697413444519,0.3458204140365124,0.1201493481695652,5,trapezoid_from_zero_normalized_by_max_fraction,False,error,false_positive,low,medium,binary
cicids2017_binary,46,0,BENIGN,rid_ea00bda307e3b0a7b9da8da91cf7c43c,mlp,occlusion,deletion,training_median,False,False,True,True,1,ATTACK,predicted_class_of_audited_model,0.0013672227505594,0.0007757432758807,-0.10244451825274155,-0.05761011327829098,-0.044834404974450556,0.01051825874253099,-0.06545019210981129,-0.11054987749379552,0.008105359241053982,0.46596279740333557,0.3631108918190002,0.10285189962387084,5,trapezoid_from_zero_normalized_by_max_fraction,False,error,false_positive,low,medium,binary
cicids2017_binary,46,0,BENIGN,rid_b490b01ced1d5fc05b44101c0d0fb9b1,mlp,occlusion,deletion,training_median,False,True,False,True,0,BENIGN,predicted_class_of_audited_model,0.9998396324372152,0.0004311119118938,0.010659628299617906,0.004349365005619348,0.00631026329399856,0.0005400239856038647,0.005251816282214985,0.003212411844545329,0.007447216455072577,0.9337939023971558,0.6197241115570068,0.3140698027610779,5,trapezoid_from_zero_normalized_by_max_fraction,True,correct,true_negative,medium,low,binary
cicids2017_binary,46,0,BENIGN,rid_5896e64a3b34f1ec42a8d28a0e77879b,mlp,occlusion,deletion,training_median,False,True,False,True,0,BENIGN,predicted_class_of_audited_model,0.9999994843304308,0.0005909638051093,0.4512099031371207,0.013366255533757605,0.43784364760336314,0.0037034243974616663,0.43058493578433826,0.025435354774075564,0.4257745483630451,3.7199103832244873,4.415982681274413,-0.6960722503662111,5,trapezoid_from_zero_normalized_by_max_fraction,True,correct,true_negative,medium,medium,binary
cicids2017_binary,46,0,BENIGN,rid_6633ce22e5c7da00cb2a5f898084afd9,mlp,occlusion,deletion,training_median,False,True,False,True,0,BENIGN,predicted_class_of_audited_model,0.99999999993971,0.0005914794143884,0.24286434293755957,0.07912601630298405,0.16373832663457552,0.016462191187244728,0.13147243190757585,0.017496706148945648,0.2253676367886139,3.105193614959717,2.9220971603393555,0.18309664535522466,5,trapezoid_from_zero_normalized_by_max_fraction,True,correct,true_negative,medium,medium,binary
cicids2017_binary,46,0,BENIGN,rid_0ad303697dc796c42432ca676fe053fa,mlp,occlusion,deletion,training_median,False,False,True,True,1,ATTACK,predicted_class_of_audited_model,0.0010945537360385,0.0005030742613598,-0.020934650447452442,-0.011081953203401555,-0.009852697244050888,0.001256548145329878,-0.01231553160889745,-0.007552145860269775,-0.013382504587182664,1.0444159507751465,0.8172171791791915,0.22719875967502595,5,trapezoid_from_zero_normalized_by_max_fraction,False,error,false_positive,low,low,binary
cicids2017_binary,46,0,BENIGN,rid_2170b6fd137387bfcb2d8b5fb8e30e73,mlp,occlusion,deletion,training_median,False,True,False,True,0,BENIGN,predicted_class_of_audited_model,0.9999974744634984,0.0005889539381768,0.3814984972724119,0.03758990254702624,0.3439085947253856,0.009024330063094098,0.3262209078017212,0.09334485703751831,0.2881536402348936,5.33956241607666,6.479476600646973,-1.139914613723755,5,trapezoid_from_zero_normalized_by_max_fraction,True,correct,true_negative,medium,low,binary
cicids2017_binary,46,0,BENIGN,rid_bc5bac4fd5b318a74743b7e4b536c066,mlp,occlusion,deletion,training_median,False,False,True,True,1,ATTACK,predicted_class_of_audited_model,0.0012498664436861,0.0006583869690075,-0.015595217898953706,-0.006129704663992697,-0.009465513234961009,0.0007225535224219304,-0.010881718138907993,-0.004575103489970502,-0.011020114408983204,0.8320287466049194,0.6180682296156883,0.21396053487062452,5,trapezoid_from_zero_normalized_by_max_fraction,False,error,false_positive,low,medium,binary
cicids2017_binary,46,0,BENIGN,rid_6032361bbec96d8ea48e544c9482e598,mlp,occlusion,deletion,training_median,False,False,True,True,1,ATTACK,predicted_class_of_audited_model,0.0011647968785837,0.0005733174039051,-0.01527408811962232,-0.00548071106457337,-0.009793377055048949,0.0007590877958861352,-0.011281189134985773,-0.0053721754398537765,-0.009901912679768546,0.8296781778335571,0.6193925391435624,0.21028556716442104,5,trapezoid_from_zero_normalized_by_max_fraction,False,error,false_positive,low,low,binary
cicids2017_binary,46,0,BENIGN,rid_e917776c2952c8979597799a67905d08,mlp,occlusion,deletion,training_median,False,False,True,True,1,ATTACK,predicted_class_of_audited_model,0.0006161797209642,2.470024628559999e-05,-0.013253205092041753,-0.006582649268945601,-0.006670555823096152,0.0008499169598742855,-0.008336393064449752,-0.003853443845293896,-0.009399761246747858,0.9627618789672852,0.7448203405737878,0.21794150263071055,5,trapezoid_from_zero_normalized_by_max_fraction,False,error,false_positive,low,low,binary
cicids2017_binary,46,0,BENIGN,rid_ac0b2618908439840e886aa3839643b4,mlp,occlusion,deletion,training_median,False,False,True,True,1,ATTACK,predicted_class_of_audited_model,0.0089307520538568,0.0083392725791782,-0.09507791640935466,-0.04807031323845843,-0.047007603170896244,0.010108971448230138,-0.06682118720942731,-0.09579376053885665,0.0007158441295019857,0.6173332929611206,0.3976895450651646,0.21964374193549158,5,trapezoid_from_zero_normalized_by_max_fraction,False,error,false_positive,low,medium,binary
cicids2017_binary,46,0,BENIGN,rid_88a0e5b273c78d1eb7bc1ae9ab8fe495,mlp,occlusion,deletion,training_median,False,True,False,True,0,BENIGN,predicted_class_of_audited_model,0.9999999983867482,0.0005914778614268,0.8005462958984029,0.05056406555721358,0.7499822303411894,0.009813668651902172,0.7307474397834611,0.021109217610989137,0.7794370782874138,2.9151673316955566,2.636504778385162,0.27866276788711547,5,trapezoid_from_zero_normalized_by_max_fraction,True,correct,true_negative,medium,medium,binary
cicids2017_binary,46,0,BENIGN,rid_7b55b0a491943a8951ec2d43fedd60f4,mlp,occlusion,deletion,training_median,False,False,True,True,1,ATTACK,predicted_class_of_audited_model,0.0027485033497214,0.0021570238750428,-0.3256845424650237,-0.07113404555322073,-0.25455049691180304,0.013599369746291518,-0.2812052616145344,-0.07613813261743216,-0.24954640984759158,1.9448320865631104,2.2757998828887938,-0.33096793937683106,5,trapezoid_from_zero_normalized_by_max_fraction,False,error,false_positive,low,medium,binary
cicids2017_binary,46,0,BENIGN,rid_1aa13315224483b5ec543274f20fd45e,mlp,occlusion,deletion,training_median,False,True,False,True,0,BENIGN,predicted_class_of_audited_model,0.999999999999999,0.0005914794746776,0.027501443168147448,0.05017110002943199,-0.02266965686128454,0.013099335439455132,-0.0483443543226166,0.008172606368003418,0.01932883680014403,2.7312259674072266,2.5655209946632387,0.16570492506027215,5,trapezoid_from_zero_normalized_by_max_fraction,True,correct,true_negative,high,medium,binary
cicids2017_binary,46,0,BENIGN,rid_0cb5a904f57b1aaa80fb070c339fbc11,mlp,occlusion,deletion,training_median,False,True,False,True,0,BENIGN,predicted_class_of_audited_model,0.9999985935116912,0.0005900729863696,0.004448407578695424,0.002499658357105375,0.001948749221590049,7.668433212610984e-05,0.0017984479306228738,0.00039052655103500916,0.004057881027660415,0.6975609660148621,0.4633265340328217,0.23423444390296938,5,trapezoid_from_zero_normalized_by_max_fraction,True,correct,true_negative,medium,low,binary
cicids2017_binary,46,0,BENIGN,rid_7b6b080ceefe571495dc2ff7e861c9f1,mlp,occlusion,deletion,training_median,False,False,True,True,1,ATTACK,predicted_class_of_audited_model,0.0112895127385854,0.0106980332639067,-0.07540726254228501,-0.11642694497522962,0.04101968243294458,0.013491631134691352,0.014576085408949526,-0.16535869499456385,0.08995143245227882,0.4914894700050354,0.3442091361880303,0.14728030401468276,5,trapezoid_from_zero_normalized_by_max_fraction,False,error,false_positive,low,medium,binary
cicids2017_binary,46,0,BENIGN,rid_9be758aa0870a51c47f2cc79ff0cf4f2,mlp,occlusion,deletion,training_median,False,True,False,True,0,BENIGN,predicted_class_of_audited_model,0.999980212374794,0.0005716918494726,0.007530234255136747,0.004955949847650459,0.002574284407486289,0.0003648867705379274,0.0018591063372319515,0.0024891565491348046,0.005041077706001942,0.6917885541915894,0.45336242415010924,0.23842615686357022,5,trapezoid_from_zero_normalized_by_max_fraction,True,correct,true_negative,medium,low,binary
cicids2017_binary,46,0,BENIGN,rid_10843db073a419b5ad249f57a61cdeb1,mlp,occlusion,deletion,training_median,False,False,True,True,1,ATTACK,predicted_class_of_audited_model,0.4389364719390869,0.4383449924644083,0.41350132269435563,0.2998336475438328,0.11366767515052283,0.010894045159338752,0.09231534663821887,0.06976086236178207,0.34374046033257355,0.5246680974960327,0.3494428771138191,0.17522526210546494,5,trapezoid_from_zero_normalized_by_max_fraction,False,error,false_positive,low,medium,binary
cicids2017_binary,46,0,BENIGN,rid_b802fbc0c498520fb72f9e7343799ffe,mlp,occlusion,deletion,training_median,False,False,True,True,1,ATTACK,predicted_class_of_audited_model,0.0075911707244813,0.0069996912498027,-0.1156403920496814,-0.09106178449305366,-0.024578607556627715,0.012965102517387899,-0.049990208490707996,-0.1414686962030955,0.025828304153414066,0.673768162727356,0.5437275468111038,0.1300406278371811,5,trapezoid_from_zero_normalized_by_max_fraction,False,error,false_positive,low,medium,binary
cicids2017_binary,46,0,BENIGN,rid_bafbd04c2e547a66e0dc2954535a0cd7,mlp,occlusion,deletion,training_median,False,True,False,True,0,BENIGN,predicted_class_of_audited_model,0.9999947791684464,0.0005862586431248,0.0038771551484842346,0.0027170412492028787,0.0011601138992813561,0.00013754852034753064,0.0008905187994001961,0.0007430222489682592,0.003134132899515976,0.7511275410652161,0.4429876583814621,0.30813987970352175,5,trapezoid_from_zero_normalized_by_max_fraction,True,correct,true_negative,medium,low,binary
cicids2017_binary,46,0,BENIGN,rid_6d656ac569bb8cd6bcf80fd7d1186b92,mlp,occlusion,deletion,training_median,False,True,False,True,0,BENIGN,predicted_class_of_audited_model,0.9995910167344846,0.0001824962091632,0.029804595312452876,0.010643100982142393,0.01916149433031048,0.0010997732544759603,0.0170059387515376,0.013691673166498495,0.016112922145954382,0.538623571395874,0.3801749522686005,0.15844861912727354,5,trapezoid_from_zero_normalized_by_max_fraction,True,correct,true_negative,medium,low,binary
cicids2017_binary,46,0,BENIGN,rid_a3005b8914bc938faaf722639af08655,mlp,occlusion,deletion,training_median,False,False,True,True,1,ATTACK,predicted_class_of_audited_model,0.0012185915838927,0.0006271121092141,-0.005555285315494984,-0.07496557748371924,0.06941029216822425,0.011639557805479104,0.04659675886948521,-0.13484938171739802,0.12929409640190304,0.4911438822746277,0.32877982208132744,0.16236406019330024,5,trapezoid_from_zero_normalized_by_max_fraction,False,error,false_positive,low,medium,binary
cicids2017_binary,46,0,BENIGN,rid_8eb853e989b02d5c0eb77f36fb436c1f,mlp,occlusion,deletion,training_median,False,True,False,True,0,BENIGN,predicted_class_of_audited_model,0.9999999946054065,0.0005914740800849,0.4444756931832239,0.05840176285468037,0.38607393032854354,0.013490170093637918,0.3596331969450132,0.024836915180014192,0.4196387780032097,1.1091153621673584,1.045160435438156,0.06395493865013124,5,trapezoid_from_zero_normalized_by_max_fraction,True,correct,true_negative,medium,medium,binary
cicids2017_binary,46,0,BENIGN,rid_878754f5f1023f8dd9e23e93e1005cb3,mlp,occlusion,deletion,training_median,False,True,False,True,0,BENIGN,predicted_class_of_audited_model,1.0,0.0005914794746786,1.5149659304825036e-12,0.0006148076945929436,-0.0006148076930779776,0.0004966038287088235,-0.0015881511973472717,0.0007626904351606678,-0.0007626904336457019,0.31657224893569946,0.35952978047728534,-0.04295751664042472,5,trapezoid_from_zero_normalized_by_max_fraction,True,correct,true_negative,high,medium,binary
cicids2017_binary,46,0,BENIGN,rid_e4965edd10e51d0f59ba06631a5604a4,mlp,occlusion,deletion,training_median,False,False,True,True,1,ATTACK,predicted_class_of_audited_model,0.8812999129295349,0.8807084334548563,0.8244308412212717,0.5030605092937936,0.3213703319274782,0.02036351019111695,0.28145785195288897,0.2165920242811137,0.607838816940158,3.5008740425109863,3.2247701787948606,0.27610357761383064,5,trapezoid_from_zero_normalized_by_max_fraction,False,error,false_positive,low,high,binary
cicids2017_binary,46,0,BENIGN,rid_e40daaad7f7cd2ce93273653f94513d0,mlp,occlusion,deletion,training_median,False,False,True,True,1,ATTACK,predicted_class_of_audited_model,0.0029207344632595,0.0023292549885809,0.0007606423439938225,-0.06631237856260913,0.06707302090660297,0.011209701185027923,0.045102006583948244,-0.1237406643517143,0.12450130669570812,0.9275344014167786,0.6388930588960647,0.28864128291606905,5,trapezoid_from_zero_normalized_by_max_fraction,False,error,false_positive,low,medium,binary
cicids2017_binary,46,0,BENIGN,rid_c438d9e167ee9a40230a2466c8e8d067,mlp,occlusion,deletion,training_median,False,True,False,True,0,BENIGN,predicted_class_of_audited_model,0.9997416644764598,0.0003331439511385,0.09599037685111397,0.035399570627941586,0.060590806223172415,0.006518264133014421,0.04781500852246415,0.06157724364928399,0.03441313320182999,0.9738951921463013,0.8098497977256776,0.16404535269737242,5,trapezoid_from_zero_normalized_by_max_fraction,True,correct,true_negative,medium,low,binary
cicids2017_binary,46,0,BENIGN,rid_35763d7910cbc7d0bd0c71a5d4647ed1,mlp,occlusion,deletion,training_median,False,True,False,True,0,BENIGN,predicted_class_of_audited_model,0.9999999999999988,0.0005914794746773,0.05175888868979983,0.004560843220311762,0.04719804546948807,0.0008361080224417615,0.04555927374550221,0.00044320817286464486,0.05131568051693518,2.2714314460754395,1.409448345899582,0.8619831717014312,5,trapezoid_from_zero_normalized_by_max_fraction,True,correct,true_negative,high,medium,binary
cicids2017_binary,46,0,BENIGN,rid_9efbd13f3717e5d914ae94e2e807a5f6,mlp,occlusion,deletion,training_median,False,False,True,True,1,ATTACK,predicted_class_of_audited_model,0.0777472108602523,0.0771557313855737,-0.03251521245629904,0.01666092746740017,-0.0491761399236992,0.01024576637841669,-0.06925784202539592,-0.12939171077725548,0.09687649832095646,1.5686638355255127,1.3653128163814547,0.20335109066963195,5,trapezoid_from_zero_normalized_by_max_fraction,False,error,false_positive,low,medium,binary
cicids2017_binary,46,0,BENIGN,rid_b802449e854f73ea84311c579907ce80,mlp,occlusion,deletion,training_median,False,True,False,True,0,BENIGN,predicted_class_of_audited_model,0.9999984873768426,0.0005899668515212,0.004375670434990297,0.00305106855774477,0.0013246018772455274,7.174668935568797e-05,0.0011839783661083789,0.00040129432873689557,0.003974376106253402,0.6652313470840454,0.4030497582107782,0.26218153224885465,5,trapezoid_from_zero_normalized_by_max_fraction,True,correct,true_negative,medium,low,binary
cicids2017_binary,46,0,BENIGN,rid_79fedbc6f1dc324932e51be4e75f485e,mlp,occlusion,deletion,training_median,False,False,True,True,1,ATTACK,predicted_class_of_audited_model,0.0078330691903829,0.0072415897157043,-0.004303889476432232,-0.04143980333505033,0.0371359138586181,0.008721725392702917,0.020041332088920383,-0.14790221138537898,0.14359832190894672,0.8466861844062805,0.5992619731426239,0.24742419338226318,5,trapezoid_from_zero_normalized_by_max_fraction,False,error,false_positive,low,medium,binary
cicids2017_binary,46,0,BENIGN,rid_a6493a2fbd83c587a31f909ce740d716,mlp,occlusion,deletion,training_median,False,False,True,True,1,ATTACK,predicted_class_of_audited_model,0.0025366756599396,0.0019451961852609,0.0011576803499679044,-0.04768693233574066,0.04884461268570856,0.008786846277747399,0.03162239398132366,-0.07780198588194714,0.07895966623191505,0.938442587852478,0.7084193023443223,0.230023249745369,5,trapezoid_from_zero_normalized_by_max_fraction,False,error,false_positive,low,medium,binary
cicids2017_binary,46,0,BENIGN,rid_6d04c23e4d954941de8dfe0bdf5241fc,mlp,occlusion,deletion,training_median,False,True,False,True,0,BENIGN,predicted_class_of_audited_model,0.9999999999999998,0.0005914794746784,0.3894246814226787,0.032617084141098346,0.3568075972815804,0.00968303574911958,0.337828847213306,0.011407077578484259,0.3780176038441945,1.9133765697479248,1.829458145618439,0.08391851949691768,5,trapezoid_from_zero_normalized_by_max_fraction,True,correct,true_negative,high,medium,binary
cicids2017_binary,46,0,BENIGN,rid_f7d307d72a471320dbdf7a358750bd68,mlp,occlusion,deletion,training_median,False,False,True,True,1,ATTACK,predicted_class_of_audited_model,0.4352786242961883,0.4346871448215097,0.41056890788576883,0.2983739445392585,0.11219496334651034,0.0106022503122436,0.09141455273451289,0.09733813565275465,0.3132307722330142,18.061777114868164,8.68919352632761,9.372582920968531,5,trapezoid_from_zero_normalized_by_max_fraction,False,error,false_positive,low,medium,binary
cicids2017_binary,46,1,ATTACK,rid_7ec0a68964b1e289b9bf406e4f329018,mlp,occlusion,deletion,training_median,False,True,False,True,1,ATTACK,predicted_class_of_audited_model,0.999997079372406,0.9994055998977274,0.9250940906189499,0.7763269276734155,0.14876716294553446,0.015302679664086907,0.11877391080392413,0.26932348103001125,0.6557706095889386,1.2508032321929932,1.0330260872840882,0.2177770614624023,5,trapezoid_from_zero_normalized_by_max_fraction,True,correct,true_positive,medium,high,binary
cicids2017_binary,46,0,BENIGN,rid_50c9973503e1f3afaf815567b7106023,mlp,occlusion,deletion,training_median,False,False,True,True,1,ATTACK,predicted_class_of_audited_model,0.0009868093766272,0.0003953299019486,-0.020337702403776345,-0.009804760213559463,-0.010532942190216887,0.001130964338080957,-0.012749632292855563,-0.005748668756032771,-0.014589033647743579,0.9793161153793335,0.7392063101530074,0.24010978138446815,5,trapezoid_from_zero_normalized_by_max_fraction,False,error,false_positive,low,low,binary
cicids2017_binary,46,0,BENIGN,rid_f8b0fa47dff2c66a7955cbf980736a54,mlp,occlusion,deletion,training_median,False,True,False,True,0,BENIGN,predicted_class_of_audited_model,0.9999986949761706,0.0005901744508491,0.0049455067648239035,0.0031734535209784836,0.00177205324384542,6.557928030825029e-05,0.0016435178544412495,0.0005317662307649016,0.004413740534059002,0.6874837875366211,0.41684220738708977,0.2706416278332472,5,trapezoid_from_zero_normalized_by_max_fraction,True,correct,true_negative,medium,low,binary
cicids2017_binary,46,0,BENIGN,rid_7a0598fcbb5a8b91fdb8ddf46de5c770,mlp,occlusion,deletion,training_median,False,True,False,True,0,BENIGN,predicted_class_of_audited_model,0.9999938651981212,0.0005853446727996,0.0030281046528216394,0.005029816628810406,-0.002001711975988767,0.0008172974507960559,-0.0036036149795490363,0.005366260423779564,-0.002338155770957925,0.74164879322052,0.5702671380043028,0.17138163137435916,5,trapezoid_from_zero_normalized_by_max_fraction,True,correct,true_negative,medium,low,binary
cicids2017_binary,46,0,BENIGN,rid_14bb75df2d40ea1abddc3c3512ecc903,mlp,occlusion,deletion,training_median,False,False,True,True,1,ATTACK,predicted_class_of_audited_model,0.0030867939349263,0.0024953144602477,0.0016263032865026616,-0.06509662792712925,0.06672293121363192,0.012096920921462537,0.04301296620756534,-0.1345117451455302,0.13613804843203287,0.9330180883407593,0.6831294813156129,0.24988861298561096,5,trapezoid_from_zero_normalized_by_max_fraction,False,error,false_positive,low,medium,binary
cicids2017_binary,46,0,BENIGN,rid_ae16f2248190486b14d8c6281a76f209,mlp,occlusion,deletion,training_median,False,False,True,True,1,ATTACK,predicted_class_of_audited_model,0.0014829384163022,0.0008914589416236,-0.016250946442596614,-0.007966392718723228,-0.008284553723873388,0.001027736952757939,-0.010298918151278948,-0.005392776360222343,-0.010858170082374274,0.9150632619857788,0.6775864581465721,0.2374768753647804,5,trapezoid_from_zero_normalized_by_max_fraction,False,error,false_positive,low,medium,binary
cicids2017_binary,46,0,BENIGN,rid_f7aacf2731962ae6d5c6ca190369b7ee,mlp,occlusion,deletion,training_median,False,True,False,True,0,BENIGN,predicted_class_of_audited_model,0.9999934328297968,0.0005849123044754,0.013413563512222025,0.004574363511618841,0.008839200000603184,0.0005680284669973464,0.007725864205288385,0.007673938653011374,0.005739624859210653,0.7188612222671509,0.5058758679628372,0.21298534834384916,5,trapezoid_from_zero_normalized_by_max_fraction,True,correct,true_negative,medium,low,binary
cicids2017_binary,46,0,BENIGN,rid_928b86e9d5264ba55b5e609d3c2b9aa1,mlp,occlusion,deletion,training_median,False,True,False,True,0,BENIGN,predicted_class_of_audited_model,1.0,0.0005914794746786,0.021218055754944183,0.0022916107448188237,0.01892644501012536,0.0021333699404383673,0.014745039926866158,0.001111264465963217,0.020106791288980963,1.5772364139556885,0.9239273108243943,0.653309138894081,5,trapezoid_from_zero_normalized_by_max_fraction,True,correct,true_negative,high,medium,binary
cicids2017_binary,46,0,BENIGN,rid_e3f5defb39bd0d7c523a27967236f766,mlp,occlusion,deletion,training_median,False,False,True,True,1,ATTACK,predicted_class_of_audited_model,0.0008617697749286,0.0002702903002499,-0.056066993929562166,-0.04455625502666122,-0.011510738902900951,0.009280355260542076,-0.029700235213563422,-0.074191680814083,0.018124686884520853,0.9874055981636047,0.7252103953361511,0.2621951730251313,5,trapezoid_from_zero_normalized_by_max_fraction,False,error,false_positive,low,low,binary
cicids2017_binary,46,0,BENIGN,rid_85088121508f3b34935e761b021d6f66,mlp,occlusion,deletion,training_median,False,False,True,True,1,ATTACK,predicted_class_of_audited_model,0.0516236834228038,0.0510322039481252,-0.27965455325320365,-0.04402037419582028,-0.23563417905738337,0.012696091466913534,-0.2605185183325339,-0.18510739876145754,-0.09454715449174612,0.601800799369812,0.5261557922363281,0.07564504289627075,5,trapezoid_from_zero_normalized_by_max_fraction,False,error,false_positive,low,medium,binary
cicids2017_binary,46,0,BENIGN,rid_333d854b7ff20a7275eaf942a4c0d945,mlp,occlusion,deletion,training_median,False,False,True,True,1,ATTACK,predicted_class_of_audited_model,0.0007705768803134,0.0001790974056347,-0.019554354954743763,-0.0075403746971294365,-0.012013980257614321,0.0007983262768618888,-0.013578699760263623,-0.005066003831123226,-0.01448835112362053,0.985183835029602,0.7363521705269813,0.24883162277936935,5,trapezoid_from_zero_normalized_by_max_fraction,False,error,false_positive,low,low,binary
cicids2017_binary,46,0,BENIGN,rid_4783f078f82453f3517e666f43454899,mlp,occlusion,deletion,training_median,False,True,False,True,0,BENIGN,predicted_class_of_audited_model,0.9999985758990988,0.0005900553737773,0.16995243946009853,0.08489034420414696,0.08506209525595154,0.01518780291743166,0.05529400153778549,0.042931370168602295,0.1270210692914962,1.0135388374328613,0.9986495275497436,0.014889238357543966,5,trapezoid_from_zero_normalized_by_max_fraction,True,correct,true_negative,medium,low,binary
cicids2017_binary,46,0,BENIGN,rid_9df87c12194dc3c52a1cbcf03ba38e3c,mlp,occlusion,deletion,training_median,False,True,False,True,0,BENIGN,predicted_class_of_audited_model,0.9999993124952198,0.0005907919698983,0.09257237369427004,0.03473983465238537,0.057832539041884665,0.009885041806230573,0.03845785710167274,0.011263031112641358,0.08130934258162868,1.0596935749053955,0.7660010877847673,0.29369259440898887,5,trapezoid_from_zero_normalized_by_max_fraction,True,correct,true_negative,medium,medium,binary
cicids2017_binary,46,0,BENIGN,rid_35dc41a5d6be4e97b00a2db556f849ac,mlp,occlusion,deletion,training_median,False,False,True,True,1,ATTACK,predicted_class_of_audited_model,0.0023154360242187,0.0017239565495401,-0.06812801635684523,-0.11406076135311354,0.045932744996268295,0.014112603874738627,0.018272041401780587,-0.1308252295094816,0.0626972131526364,1.1896036863327026,0.9213219424486161,0.26828173196315763,5,trapezoid_from_zero_normalized_by_max_fraction,False,error,false_positive,low,medium,binary
cicids2017_binary,46,0,BENIGN,rid_9418439e255138bbbd9bec0bf347f1a2,mlp,occlusion,deletion,training_median,False,False,True,True,1,ATTACK,predicted_class_of_audited_model,0.0418825596570968,0.0412910801824182,-0.00586911551072262,-0.06510354321660486,0.05923442770588223,0.016911923270449394,0.02608705809580141,-0.0462185133883219,0.04034939787759928,2.015955686569214,1.4608901357650756,0.5550654792785645,5,trapezoid_from_zero_normalized_by_max_fraction,False,error,false_positive,low,medium,binary
cicids2017_binary,46,0,BENIGN,rid_8ab9df8b651f3e96c70308b7c2e8495a,mlp,occlusion,deletion,training_median,False,True,False,True,0,BENIGN,predicted_class_of_audited_model,0.999980028387654,0.0005715078623324,0.09858709584204918,0.029624220825366036,0.06896287501668313,0.006503999354255619,0.05621503628234212,0.06619848731180666,0.03238860853024251,1.2491799592971802,0.8208767225742338,0.4283031651973726,5,trapezoid_from_zero_normalized_by_max_fraction,True,correct,true_negative,medium,low,binary
cicids2017_binary,46,0,BENIGN,rid_bef7935fd705e4a2fb2fc07c518fff6d,mlp,occlusion,deletion,training_median,False,False,True,True,1,ATTACK,predicted_class_of_audited_model,0.0058941934257745,0.0053027139510959,-0.07238073791377246,-0.15227108650803575,0.07989034859426328,0.019723520916643377,0.04123224759764226,-0.13610018058327294,0.06371944266950047,0.8715278506278992,0.5587250328063964,0.31280281186103825,5,trapezoid_from_zero_normalized_by_max_fraction,False,error,false_positive,low,medium,binary
cicids2017_binary,46,0,BENIGN,rid_e18af19982d5c9148b21d19a9177bbdb,mlp,occlusion,deletion,training_median,False,True,False,True,0,BENIGN,predicted_class_of_audited_model,0.9999657701409888,0.0005572496156673,0.18561839290923673,0.06340051213629422,0.1222178807729425,0.011513313492575717,0.0996517863274941,0.06686001762826134,0.11875837528097538,0.7904249429702759,0.7067626106739044,0.08366235613822937,5,trapezoid_from_zero_normalized_by_max_fraction,True,correct,true_negative,medium,low,binary
cicids2017_binary,46,0,BENIGN,rid_042db76e52081120f8712b711e669593,mlp,occlusion,deletion,training_median,False,False,True,True,1,ATTACK,predicted_class_of_audited_model,0.0441392287611961,0.0435477492865175,-0.0033088940952438846,-0.016018620817873825,0.01270972672262994,0.009695807548334278,-0.006294056072105245,-0.06121000805000405,0.057901113954760164,1.995313048362732,1.4662519075870515,0.5290611288547515,5,trapezoid_from_zero_normalized_by_max_fraction,False,error,false_positive,low,medium,binary
cicids2017_binary,46,1,ATTACK,rid_719ddd1671bed421c15ac1922161bdb6,mlp,occlusion,deletion,training_median,False,True,False,True,1,ATTACK,predicted_class_of_audited_model,0.999997615814209,0.9994061363395303,0.9336681703476644,0.7345658446967247,0.19910232565093963,0.016439683099513006,0.16688054677589415,0.2738050280931362,0.659863142254528,1.2526775598526,1.0251870062351227,0.22749051785469057,5,trapezoid_from_zero_normalized_by_max_fraction,True,correct,true_positive,medium,high,binary
cicids2017_binary,46,0,BENIGN,rid_e4b98da9557c21d4e6fc6724148e4ee9,mlp,occlusion,deletion,training_median,False,True,False,True,0,BENIGN,predicted_class_of_audited_model,0.9995738258003256,0.0001653052750044,0.10268255760020112,0.10271861670694397,-3.6059106742861e-05,0.013846212285602112,-0.027174635186523,0.1058184366739191,-0.0031358790737179704,0.681069016456604,0.4689263487458229,0.21214268857240678,5,trapezoid_from_zero_normalized_by_max_fraction,True,correct,true_negative,medium,low,binary
cicids2017_binary,46,0,BENIGN,rid_c8cb3f2ba7448496ae904e82636730e2,mlp,occlusion,deletion,training_median,False,False,True,True,1,ATTACK,predicted_class_of_audited_model,0.0025668663438409,0.0019753868691623,-0.24875725332408363,-0.04344750765977936,-0.2053097456643043,0.010660705169867092,-0.2262047277972438,-0.10181575938591575,-0.1469414939381679,1.6860313415527344,1.573520530462265,0.11251064419746397,5,trapezoid_from_zero_normalized_by_max_fraction,False,error,false_positive,low,medium,binary
cicids2017_binary,46,0,BENIGN,rid_6189b5e93ffb0e5793b244b21747bcae,mlp,occlusion,deletion,training_median,False,False,True,True,1,ATTACK,predicted_class_of_audited_model,0.0008220666204579,0.0002305871457792,-0.005605420531355775,-0.10486517440002593,0.09925975386867016,0.016698687425571762,0.0665303265145495,-0.058877200637425985,0.053271780106070206,0.9941419363021851,0.8095343233346938,0.18460760104656215,5,trapezoid_from_zero_normalized_by_max_fraction,False,error,false_positive,low,low,binary
cicids2017_binary,46,0,BENIGN,rid_6a6f5c3da2329fbb5fe9fb16e57f06ba,mlp,occlusion,deletion,training_median,False,True,False,True,0,BENIGN,predicted_class_of_audited_model,0.9999949654174998,0.0005864448921783,0.005482950236455508,0.0033084549648190777,0.0021744952716364306,0.0001494238963676297,0.0018816244347558764,0.0007970002798902555,0.004685949956565252,0.7651411890983582,0.4672278744578361,0.29791337424516684,5,trapezoid_from_zero_normalized_by_max_fraction,True,correct,true_negative,medium,low,binary
cicids2017_binary,46,0,BENIGN,rid_63e415c0e648dbfe402441905d5c492c,mlp,occlusion,deletion,training_median,False,False,True,True,1,ATTACK,predicted_class_of_audited_model,0.0006948875379748,0.0001034080632961,-0.029178775640320967,-0.009739143746443005,-0.01943963189387796,0.0009619735950537651,-0.02132510014018334,-0.00848554924716791,-0.020693226393153057,1.0574910640716553,0.8033172132968902,0.2541737434864044,5,trapezoid_from_zero_normalized_by_max_fraction,False,error,false_positive,low,low,binary
cicids2017_binary,46,0,BENIGN,rid_b437bc0830bd9ff08a6699101982a1b3,mlp,occlusion,deletion,training_median,False,False,True,True,1,ATTACK,predicted_class_of_audited_model,0.8812562823295593,0.8806648028548807,0.8243885906189803,0.4706514321243101,0.35373715849467025,0.022340402617628433,0.3099499693641185,0.19043384601456118,0.6339547446044191,3.501133441925049,3.244687467098236,0.25644583177566527,5,trapezoid_from_zero_normalized_by_max_fraction,False,error,false_positive,low,high,binary
cicids2017_binary,46,0,BENIGN,rid_8f63eb091ac3b6952adf8b3dfeaa97cd,mlp,occlusion,deletion,training_median,False,True,False,True,0,BENIGN,predicted_class_of_audited_model,0.9999870940564506,0.0005785735311291,0.02126534258127322,0.006213161286012301,0.015052181295260918,0.0005778051422706302,0.013919683216410482,0.002630179688191013,0.018635162893082202,0.6165382266044617,0.45482612836360936,0.16171208035945894,5,trapezoid_from_zero_normalized_by_max_fraction,True,correct,true_negative,medium,low,binary
cicids2017_binary,46,0,BENIGN,rid_33ee3d558b7bbed21c0fe289e7c9504b,mlp,occlusion,deletion,training_median,False,True,False,True,0,BENIGN,predicted_class_of_audited_model,0.9999757989025966,0.0005672783772751,0.005041675950451463,0.004361530703929046,0.0006801452465224178,0.00042218474779863663,-0.00014733685916291006,0.0011236845436322512,0.003917991406819211,1.0683900117874146,0.7408343194127083,0.32755564469099047,5,trapezoid_from_zero_normalized_by_max_fraction,True,correct,true_negative,medium,low,binary
cicids2017_binary,46,0,BENIGN,rid_b0f7a8141065fa363b51984fd9fc02d3,mlp,occlusion,deletion,training_median,False,False,True,True,1,ATTACK,predicted_class_of_audited_model,0.0159329175949096,0.0153414381202309,0.009214459039503707,-0.01337136046838856,0.022585819507892266,0.007058802248235223,0.00875056710135123,-0.00960043874807871,0.01881489778758242,3.4762606620788574,2.281451583147049,1.1948093888759612,5,trapezoid_from_zero_normalized_by_max_fraction,False,error,false_positive,low,medium,binary
cicids2017_binary,46,0,BENIGN,rid_1ab373dc440fd331ecb4f2e6e21acb2b,mlp,occlusion,deletion,training_median,False,False,True,True,1,ATTACK,predicted_class_of_audited_model,0.0416127480566501,0.0410212685819715,-0.3646627130103297,-0.08536013953153877,-0.27930257347879095,0.015988795959530407,-0.31064061355947054,-0.21306952013649727,-0.1515931928738325,0.8659451603889465,0.8547646448612213,0.011180491685867322,5,trapezoid_from_zero_normalized_by_max_fraction,False,error,false_positive,low,medium,binary
cicids2017_binary,46,0,BENIGN,rid_8df30faff4248e2057031c3ff6af5de5,mlp,occlusion,deletion,training_median,False,True,False,True,0,BENIGN,predicted_class_of_audited_model,0.99999999998509,0.0005914794597685,0.327938364199168,0.050504526672333495,0.2774338375268345,0.011328554804852882,0.25522987010932285,0.015437008210169682,0.31250135598899825,2.007265329360962,1.4318557121753692,0.5754093787670136,5,trapezoid_from_zero_normalized_by_max_fraction,True,correct,true_negative,medium,medium,binary
cicids2017_binary,46,0,BENIGN,rid_a4b76d5f23619914bc822827e72e113f,mlp,occlusion,deletion,training_median,False,False,True,True,1,ATTACK,predicted_class_of_audited_model,0.0044561643153429,0.0038646848406642,-0.38232780965045093,-0.08459937345308918,-0.2977284361973618,0.014995221677639184,-0.3271190706855346,-0.07105179887384103,-0.31127601077660993,1.0901987552642822,1.2156735920906068,-0.1254748487472534,5,trapezoid_from_zero_normalized_by_max_fraction,False,error,false_positive,low,medium,binary
cicids2017_binary,46,0,BENIGN,rid_8e8c70e5622b2a9c84a94e7d150795fe,mlp,occlusion,deletion,training_median,False,False,True,True,1,ATTACK,predicted_class_of_audited_model,0.0010861249174922,0.0004946454428136,-0.03232948601944372,-0.02172337133036816,-0.010606114689075564,0.003920160712165968,-0.01828962968492086,-0.05689569537469886,0.02456620935525514,0.7288782000541687,0.45516285419464103,0.27371538758277897,5,trapezoid_from_zero_normalized_by_max_fraction,False,error,false_positive,low,low,binary
cicids2017_binary,46,0,BENIGN,rid_100df7ac2e4365c1c64ba6b8167897cf,mlp,occlusion,deletion,training_median,False,False,True,True,1,ATTACK,predicted_class_of_audited_model,0.0006539482856169,6.24688109383e-05,-0.021389275282854215,-0.014256078605325274,-0.00713319667752894,0.0016664861503421884,-0.01039950953219963,-0.021881741754090356,0.0004924664712361408,0.6933225393295288,0.6354461716413498,0.0578763974905014,5,trapezoid_from_zero_normalized_by_max_fraction,False,error,false_positive,low,low,binary
cicids2017_binary,46,1,ATTACK,rid_043f92e873111ba870b05b87f34e986d,mlp,occlusion,deletion,training_median,False,False,True,False,0,BENIGN,predicted_class_of_audited_model,1.0,0.0005914794746786,0.009854621751583182,0.026223398776936607,-0.01636877702535343,0.007841108680288892,-0.03173735003871966,0.014575010328364748,-0.004720388576781568,30.46282958984375,6.81766243648529,23.6451669626236,5,trapezoid_from_zero_normalized_by_max_fraction,False,error,false_negative,high,medium,binary
cicids2017_binary,46,1,ATTACK,rid_41b9d0d8dadb3902684d48a1bbcc8aeb,mlp,occlusion,deletion,training_median,False,True,False,True,1,ATTACK,predicted_class_of_audited_model,1.0,0.9994085205253214,0.018216663599014284,0.10641367240142427,-0.08819700880240998,0.016266555332592428,-0.12007945725429114,0.12736482847316388,-0.10914816487414962,2.526118516921997,2.0933118557929995,0.43280670881271366,5,trapezoid_from_zero_normalized_by_max_fraction,True,correct,true_positive,high,high,binary
cicids2017_binary,46,1,ATTACK,rid_b18ee366292057ba9053de2b71ea0230,mlp,occlusion,deletion,training_median,False,True,False,True,1,ATTACK,predicted_class_of_audited_model,1.0,0.9994085205253214,0.03580124378204346,0.11051447289811624,-0.07471322911607278,0.017982384621677304,-0.1099587029745603,0.1154404202668532,-0.07963917648480974,2.9655704498291016,2.242705402135849,0.7228651669025422,5,trapezoid_from_zero_normalized_by_max_fraction,True,correct,true_positive,high,high,binary
cicids2017_binary,46,1,ATTACK,rid_393feb2e851e739937273bb31513172c,mlp,occlusion,deletion,training_median,False,False,True,False,0,BENIGN,predicted_class_of_audited_model,0.999982028739396,0.0005735082140745,0.10396910608333203,0.05834274586541981,0.045626360217912214,0.010367444615157002,0.025306168772204492,0.18585105134656935,-0.08188194526323733,4.013680458068848,2.51434468126297,1.4993354191780088,5,trapezoid_from_zero_normalized_by_max_fraction,False,error,false_negative,medium,low,binary
cicids2017_binary,46,1,ATTACK,rid_9e693af0cdcc14c504f8df727f2e487e,mlp,occlusion,deletion,training_median,False,True,False,True,1,ATTACK,predicted_class_of_audited_model,0.8812386989593506,0.880647219484672,0.8243678034944765,0.46396977124257727,0.36039803225189915,0.021655762792250767,0.3179527371790877,0.22304429673776055,0.6013235067567159,3.5016064643859863,3.3445008549690245,0.1571053709983825,5,trapezoid_from_zero_normalized_by_max_fraction,True,correct,true_positive,low,high,binary
cicids2017_binary,46,1,ATTACK,rid_01cd375109c733963332b017e0d71843,mlp,occlusion,deletion,training_median,False,True,False,True,1,ATTACK,predicted_class_of_audited_model,1.0,0.9994085205253214,0.788978756556753,0.19046263975816413,0.5985161167985888,0.022465860131846854,0.554483030940169,0.13881427465135293,0.6501644819054002,0.48925986886024475,0.4011570098400116,0.08810285902023315,5,trapezoid_from_zero_normalized_by_max_fraction,True,correct,true_positive,high,high,binary
cicids2017_binary,46,1,ATTACK,rid_efea114b298e64657601e68ad49cca42,mlp,occlusion,deletion,training_median,False,False,True,False,0,BENIGN,predicted_class_of_audited_model,0.9999754254877188,0.0005669049623974,0.49706656453427056,0.1227534057351421,0.3743131587991285,0.01796963614493899,0.3390926719550481,0.08635166384326043,0.41071490069101013,1.252463459968567,1.1686129090785982,0.08385047936439516,5,trapezoid_from_zero_normalized_by_max_fraction,False,error,false_negative,medium,low,binary
cicids2017_binary,46,1,ATTACK,rid_9c4ca9c523696359bfb19650cc092759,mlp,occlusion,deletion,training_median,False,False,True,False,0,BENIGN,predicted_class_of_audited_model,0.999415471800603,6.951275281600082e-06,0.1679866105725523,0.1280463982802177,0.039940212292334624,0.01691151931114775,0.0067936344424850345,0.04903846680385615,0.11894814376869617,2.9621200561523438,2.563153460025787,0.39896664381027214,5,trapezoid_from_zero_normalized_by_max_fraction,False,error,false_negative,medium,low,binary
cicids2017_binary,46,1,ATTACK,rid_b557eaf96a3995f55a9ec4a98d5cd1ae,mlp,occlusion,deletion,training_median,False,True,False,True,1,ATTACK,predicted_class_of_audited_model,1.0,0.9994085205253214,0.006525832414627075,0.08238219296952093,-0.07585636055489385,0.015749130521323037,-0.106724656376687,0.10865462394871064,-0.10212879153408357,0.6501017212867737,0.5035526852607728,0.14654903602600097,5,trapezoid_from_zero_normalized_by_max_fraction,True,correct,true_positive,high,high,binary
cicids2017_binary,46,1,ATTACK,rid_2b7d213a3e1b8196da76433d7f81ba94,mlp,occlusion,deletion,training_median,False,True,False,True,1,ATTACK,predicted_class_of_audited_model,1.0,0.9994085205253214,0.9433254844294424,0.2514997830621012,0.6918257013673412,0.025909160678651903,0.6410437464371835,0.14259869689110133,0.800726787538341,0.8409759402275085,0.8439333001375198,-0.002957347989082315,5,trapezoid_from_zero_normalized_by_max_fraction,True,correct,true_positive,high,high,binary
cicids2017_binary,46,1,ATTACK,rid_6b6b50c38a1c33ae2f6e237b62874f71,mlp,occlusion,deletion,training_median,False,True,False,True,1,ATTACK,predicted_class_of_audited_model,1.0,0.9994085205253214,0.0,0.003965891003608704,-0.003965891003608704,0.0030375118840138913,-0.00991941429627593,0.09947243215323283,-0.09947243215323283,0.26435714960098267,0.23987451091315598,0.024482663041912024,5,trapezoid_from_zero_normalized_by_max_fraction,True,correct,true_positive,high,high,binary
cicids2017_binary,46,1,ATTACK,rid_ee26c8eebb9af0f9908d20094a307bc6,mlp,occlusion,deletion,training_median,False,True,False,True,1,ATTACK,predicted_class_of_audited_model,1.0,0.9994085205253214,0.0,0.005067465841770172,-0.005067465841770172,0.004986097269155499,-0.01484021648931495,0.0906061487404321,-0.0906061487404321,0.2545313239097595,0.24238411100395024,0.012147208621725442,5,trapezoid_from_zero_normalized_by_max_fraction,True,correct,true_positive,high,high,binary
cicids2017_binary,46,1,ATTACK,rid_b31549a41ee9580a6231befc82d6d415,mlp,occlusion,deletion,training_median,False,True,False,True,1,ATTACK,predicted_class_of_audited_model,1.0,0.9994085205253214,0.0,0.003116150498390198,-0.003116150498390198,0.0031150271657254,-0.009221603743211982,0.04037864639432866,-0.04037864639432866,0.28869742155075073,0.3245282801967114,-0.035830881742760536,5,trapezoid_from_zero_normalized_by_max_fraction,True,correct,true_positive,high,high,binary
cicids2017_binary,46,1,ATTACK,rid_5c3df38ff590ecc8f4e7a23c611b0aa4,mlp,occlusion,deletion,training_median,False,True,False,True,1,ATTACK,predicted_class_of_audited_model,1.0,0.9994085205253214,0.0,0.017815271705389026,-0.017815271705389026,0.007758696944083384,-0.03302231771579246,0.07022332296485764,-0.07022332296485764,0.2824302613735199,0.3560685320235789,-0.0736382533274591,5,trapezoid_from_zero_normalized_by_max_fraction,True,correct,true_positive,high,high,binary
cicids2017_binary,46,1,ATTACK,rid_2899dafea6e146b3c0d532ccc5e37d6d,mlp,occlusion,deletion,training_median,False,True,False,True,1,ATTACK,predicted_class_of_audited_model,1.0,0.9994085205253214,0.0,0.029439467703183706,-0.029439467703183706,0.010086517835675818,-0.04920904266110831,0.10801011169085155,-0.10801011169085155,0.3220691680908203,0.3204930540672503,0.0015761224054731404,5,trapezoid_from_zero_normalized_by_max_fraction,True,correct,true_positive,high,high,binary
cicids2017_binary,46,1,ATTACK,rid_35be18284ecf2d3c64d73f48d17f6e1f,mlp,occlusion,deletion,training_median,False,True,False,True,1,ATTACK,predicted_class_of_audited_model,1.0,0.9994085205253214,0.0,1.952648162841797e-07,-1.952648162841797e-07,1.8958568148463667e-07,-5.668527519940675e-07,0.03658574198266226,-0.03658574198266226,0.30275943875312805,0.2795120125748217,0.023247426737099897,5,trapezoid_from_zero_normalized_by_max_fraction,True,correct,true_positive,high,high,binary
cicids2017_binary,46,1,ATTACK,rid_a9138c7420dc9fd50bcd353f1065ccb9,mlp,occlusion,deletion,training_median,False,True,False,True,1,ATTACK,predicted_class_of_audited_model,1.0,0.9994085205253214,0.0,9.703636169433594e-08,-9.703636169433594e-08,6.644010128178782e-08,-2.272589602066401e-07,0.118715691589759,-0.118715691589759,0.29112738370895386,0.24914966443367303,0.04197771499119699,5,trapezoid_from_zero_normalized_by_max_fraction,True,correct,true_positive,high,high,binary
cicids2017_binary,46,1,ATTACK,rid_f601cc577922c5436b8292ed23e6273b,mlp,occlusion,deletion,training_median,False,True,False,True,1,ATTACK,predicted_class_of_audited_model,1.0,0.9994085205253214,0.0,0.002599167585372925,-0.002599167585372925,0.002510428667808723,-0.007519607774278022,0.08504972403698151,-0.08504972403698151,0.31399816274642944,0.2687459592176601,0.04525218755658715,5,trapezoid_from_zero_normalized_by_max_fraction,True,correct,true_positive,high,high,binary
cicids2017_binary,46,1,ATTACK,rid_e0e0e428f306b381ce71b1008d195a3b,mlp,occlusion,deletion,training_median,False,True,False,True,1,ATTACK,predicted_class_of_audited_model,1.0,0.9994085205253214,0.0,6.079673767089844e-09,-6.079673767089844e-09,6.079673767089837e-09,-1.7995834350585922e-08,0.06370217724767874,-0.06370217724767874,0.2767544686794281,0.27426203700993207,0.0024924486195668583,5,trapezoid_from_zero_normalized_by_max_fraction,True,correct,true_positive,high,high,binary
cicids2017_binary,46,1,ATTACK,rid_7871f025d7378b68115694c75caee2d4,mlp,occlusion,deletion,training_median,False,True,False,True,1,ATTACK,predicted_class_of_audited_model,1.0,0.9994085205253214,4.053115844726563e-07,0.017877003330737353,-0.01787659801915288,0.00838852535756585,-0.03431810771998195,0.18710326015386383,-0.18710285484227934,0.2504734992980957,0.21176251465966925,0.03871099562803283,5,trapezoid_from_zero_normalized_by_max_fraction,True,correct,true_positive,high,high,binary
cicids2017_binary,46,1,ATTACK,rid_76378fe82f326e570808951f9403cc3a,mlp,occlusion,deletion,training_median,False,True,False,True,1,ATTACK,predicted_class_of_audited_model,1.0,0.9994085205253214,0.9285641102702356,0.29987201319581813,0.6286920970744175,0.025338817508824364,0.5790280147571217,0.2020068406609074,0.7265572696093283,0.92510986328125,0.6515469452142715,0.2735629240274429,5,trapezoid_from_zero_normalized_by_max_fraction,True,correct,true_positive,high,high,binary
cicids2017_binary,46,1,ATTACK,rid_6832d880cedd76c2bcda127db15f7915,mlp,occlusion,deletion,training_median,False,True,False,True,1,ATTACK,predicted_class_of_audited_model,1.0,0.9994085205253214,0.024591302871704104,0.020036698386073113,0.004554604485630989,0.007783635126820482,-0.010701320362937155,0.1378156489064143,-0.11322434603471018,0.655247688293457,0.40892107641696934,0.24632657611370087,5,trapezoid_from_zero_normalized_by_max_fraction,True,correct,true_positive,high,high,binary
cicids2017_binary,46,1,ATTACK,rid_e63a7105c01a8803d2ca78da34aa92d7,mlp,occlusion,deletion,training_median,False,True,False,True,1,ATTACK,predicted_class_of_audited_model,1.0,0.9994085205253214,0.0,0.0029334017038345336,-0.0029334017038345336,0.0017309597370723602,-0.00632608278849636,0.05401531507163407,-0.05401531507163407,0.4297681450843811,0.45617758521437646,-0.026409466952085504,5,trapezoid_from_zero_normalized_by_max_fraction,True,correct,true_positive,high,high,binary
cicids2017_binary,46,1,ATTACK,rid_cd0816038b1a9c9c6d24521998859a3e,mlp,occlusion,deletion,training_median,False,True,False,True,1,ATTACK,predicted_class_of_audited_model,1.0,0.9994085205253214,0.0,0.0016364816427230835,-0.0016364816427230835,0.0016364587813898102,-0.004843940854247112,0.09831757457292185,-0.09831757457292185,0.30644306540489197,0.2591081001358107,0.04733497062418609,5,trapezoid_from_zero_normalized_by_max_fraction,True,correct,true_positive,high,high,binary
cicids2017_binary,46,1,ATTACK,rid_df40be4a087023d6d5b334902ac8b3f1,mlp,occlusion,deletion,training_median,False,True,False,True,1,ATTACK,predicted_class_of_audited_model,1.0,0.9994085205253214,2.384185791015625e-08,0.010181145460577683,-0.010181121618719771,0.007165068118842059,-0.024224655131650206,0.19168496411085065,-0.19168494026899274,0.24553799629211426,0.256626179006882,-0.011088174705393628,5,trapezoid_from_zero_normalized_by_max_fraction,True,correct,true_positive,high,high,binary
cicids2017_binary,46,1,ATTACK,rid_9a521f464fff5e9f129f40ec1a5c8eab,mlp,occlusion,deletion,training_median,False,True,False,True,1,ATTACK,predicted_class_of_audited_model,1.0,0.9994085205253214,0.0,0.05765361192247258,-0.05765361192247258,0.015075286522775361,-0.08720117350711229,0.11829312860102763,-0.11829312860102763,0.29553988575935364,0.3127521819202229,-0.017212305660359556,5,trapezoid_from_zero_normalized_by_max_fraction,True,correct,true_positive,high,high,binary
cicids2017_binary,46,1,ATTACK,rid_2ccdcd043013c5903c88a7948e0e91bd,mlp,occlusion,deletion,training_median,False,True,False,True,1,ATTACK,predicted_class_of_audited_model,1.0,0.9994085205253214,0.8445117853349073,0.3255686679374894,0.518943117397418,0.027438245783959685,0.46516415566085706,0.26414103561270147,0.580370749722206,0.8151110410690308,0.6608163831233977,0.1542946937084198,5,trapezoid_from_zero_normalized_by_max_fraction,True,correct,true_positive,high,high,binary
cicids2017_binary,46,1,ATTACK,rid_24c5868bfb0e1ba323f7d1de24048c44,mlp,occlusion,deletion,training_median,False,True,False,True,1,ATTACK,predicted_class_of_audited_model,1.0,0.9994085205253214,0.055090689659118654,0.0418212626632303,0.01326942699588835,0.01267831007358132,-0.011580060748331037,0.14300341498140584,-0.0879127253222872,0.6672264933586121,0.4341892008781433,0.233037358045578,5,trapezoid_from_zero_normalized_by_max_fraction,True,correct,true_positive,high,high,binary
cicids2017_binary,46,1,ATTACK,rid_8bacb71dbef0ec8d1056f999af8a97c8,mlp,occlusion,deletion,training_median,False,True,False,True,1,ATTACK,predicted_class_of_audited_model,1.0,0.9994085205253214,0.0,0.0030248055458068847,-0.0030248055458068847,0.0025321546210987267,-0.007987828603160389,0.05219143311265051,-0.05219143311265051,0.3946094512939453,0.28533179656788704,0.10927766478434206,5,trapezoid_from_zero_normalized_by_max_fraction,True,correct,true_positive,high,high,binary
cicids2017_binary,46,1,ATTACK,rid_c9724cb31a12195da4d3bbc822ddc22a,mlp,occlusion,deletion,training_median,False,True,False,True,1,ATTACK,predicted_class_of_audited_model,1.0,0.9994085205253214,0.0,0.0003023015260696411,-0.0003023015260696411,0.0002173711276950881,-0.0007283489363520137,0.08219839019463167,-0.08219839019463167,0.2524293065071106,0.231539700852707,0.02088958716765047,5,trapezoid_from_zero_normalized_by_max_fraction,True,correct,true_positive,high,high,binary
cicids2017_binary,46,1,ATTACK,rid_6794ba9f58c4e032e23935422b170c19,mlp,occlusion,deletion,training_median,False,True,False,True,1,ATTACK,predicted_class_of_audited_model,1.0,0.9994085205253214,0.9499999907572412,0.7081517446388993,0.24184824611834196,0.02172434450637037,0.19926853088585605,0.2949536728016483,0.655046317955593,1.269258975982666,1.1404574674367904,0.12880152046680454,5,trapezoid_from_zero_normalized_by_max_fraction,True,correct,true_positive,high,high,binary
cicids2017_binary,46,1,ATTACK,rid_2dcf561f2fde3110dac017e8e35ab90c,mlp,occlusion,deletion,training_median,False,True,False,True,1,ATTACK,predicted_class_of_audited_model,1.0,0.9994085205253214,0.0,0.00012052047252655028,-0.00012052047252655028,0.00011247847831322624,-0.0003409782900204737,0.09670221173562767,-0.09670221173562767,0.28303879499435425,0.23981392623856665,0.043224891293793914,5,trapezoid_from_zero_normalized_by_max_fraction,True,correct,true_positive,high,high,binary
cicids2017_binary,46,1,ATTACK,rid_00882e9c6b382975428efdbf9818e8da,mlp,occlusion,deletion,training_median,False,True,False,True,1,ATTACK,predicted_class_of_audited_model,1.0,0.9994085205253214,0.0,0.0006273936033248902,-0.0006273936033248902,0.00041200465920921537,-0.0014349227353749523,0.10581529522013106,-0.10581529522013106,0.2665838301181793,0.23434608940780163,0.032237733818590644,5,trapezoid_from_zero_normalized_by_max_fraction,True,correct,true_positive,high,high,binary
cicids2017_binary,46,1,ATTACK,rid_1cc47c3983ca1481ebabd149b789850f,mlp,occlusion,deletion,training_median,False,True,False,True,1,ATTACK,predicted_class_of_audited_model,1.0,0.9994085205253214,0.0,0.0005448682308197021,-0.0005448682308197021,0.0005426039569445812,-0.0016083719864310813,0.12041408295961936,-0.12041408295961936,0.25237756967544556,0.23643771425727755,0.015939863055013114,5,trapezoid_from_zero_normalized_by_max_fraction,True,correct,true_positive,high,high,binary
cicids2017_binary,46,1,ATTACK,rid_e5ad06577fb54df48cfd9919ec065639,mlp,occlusion,deletion,training_median,False,True,False,True,1,ATTACK,predicted_class_of_audited_model,1.0,0.9994085205253214,0.054780286550521855,0.03433482056832872,0.02044546598219313,0.011268462859694545,-0.0016407212228081794,0.12589984131316964,-0.07111955476264778,0.6324297189712524,0.41603515595197677,0.2163945272564888,5,trapezoid_from_zero_normalized_by_max_fraction,True,correct,true_positive,high,high,binary
cicids2017_binary,46,1,ATTACK,rid_f06c153fb392b1b458c3e08163607e16,mlp,occlusion,deletion,training_median,False,True,False,True,1,ATTACK,predicted_class_of_audited_model,1.0,0.9994085205253214,0.024756032228469848,0.04811533432011493,-0.02335930209164508,0.012926018312474603,-0.0486942979840953,0.13958147141913058,-0.1148254391906607,0.6583019495010376,0.421970952808857,0.23633097881078718,5,trapezoid_from_zero_normalized_by_max_fraction,True,correct,true_positive,high,high,binary
cicids2017_binary,46,1,ATTACK,rid_b876b32bc44bafe843adc483ea6607ef,mlp,occlusion,deletion,training_median,False,True,False,True,1,ATTACK,predicted_class_of_audited_model,1.0,0.9994085205253214,2.0265579223632815e-07,0.10284242728185375,-0.10284222462606152,0.01808853690618613,-0.13829575696218632,0.14531775543344208,-0.14531755277764985,0.22396907210350037,0.2721537703964859,-0.04818468618579208,5,trapezoid_from_zero_normalized_by_max_fraction,True,correct,true_positive,high,high,binary
cicids2017_binary,46,1,ATTACK,rid_952bac54f7629a781051a22cb99f5b80,mlp,occlusion,deletion,training_median,False,True,False,True,1,ATTACK,predicted_class_of_audited_model,1.0,0.9994085205253214,0.0,0.055650376849627856,-0.055650376849627856,0.01416242264138887,-0.08340872522675004,0.10313152308749104,-0.10313152308749104,0.4067789912223816,0.38290356934955344,0.02387543528387322,5,trapezoid_from_zero_normalized_by_max_fraction,True,correct,true_positive,high,high,binary
cicids2017_binary,46,1,ATTACK,rid_b280887d3073faee074e7ccc36625ef5,mlp,occlusion,deletion,training_median,False,True,False,True,1,ATTACK,predicted_class_of_audited_model,1.0,0.9994085205253214,0.0,0.025633049054071308,-0.025633049054071308,0.009287438082457973,-0.043836427695688934,0.055567340194596915,-0.055567340194596915,0.38264065980911255,0.36118029785901307,0.021460368748754257,5,trapezoid_from_zero_normalized_by_max_fraction,True,correct,true_positive,high,high,binary
cicids2017_binary,46,1,ATTACK,rid_9782bd819ac10d73f42c8248ab049f64,mlp,occlusion,deletion,training_median,False,True,False,True,1,ATTACK,predicted_class_of_audited_model,1.0,0.9994085205253214,0.0,0.005218563497066498,-0.005218563497066498,0.003519068127447016,-0.012115937026862648,0.09275446247236264,-0.09275446247236264,0.31282830238342285,0.2730726988427341,0.03975560922175646,5,trapezoid_from_zero_normalized_by_max_fraction,True,correct,true_positive,high,high,binary
cicids2017_binary,46,1,ATTACK,rid_a288c2509768e93b842394e67cfc612f,mlp,occlusion,deletion,training_median,False,True,False,True,1,ATTACK,predicted_class_of_audited_model,1.0,0.9994085205253214,0.003189706802368164,0.08674660824461534,-0.08355690144224717,0.015960539702026343,-0.1148395592582188,0.12394682853688341,-0.12075712173451525,0.6713749170303345,0.5159848045110703,0.15539016020298005,5,trapezoid_from_zero_normalized_by_max_fraction,True,correct,true_positive,high,high,binary
cicids2017_binary,46,1,ATTACK,rid_a99450cc492a9d3903f07e9b30356254,mlp,occlusion,deletion,training_median,False,True,False,True,1,ATTACK,predicted_class_of_audited_model,1.0,0.9994085205253214,8.344650268554688e-08,0.05318232183455303,-0.053182238388050335,0.014671218541053705,-0.0819378267285156,0.12566946009235247,-0.12566937664584976,0.28732216358184814,0.2895916894506663,-0.0022695238199084864,5,trapezoid_from_zero_normalized_by_max_fraction,True,correct,true_positive,high,high,binary
cicids2017_binary,46,1,ATTACK,rid_db978d3eb682e84c4c512452dca4bba4,mlp,occlusion,deletion,training_median,False,True,False,True,1,ATTACK,predicted_class_of_audited_model,1.0,0.9994085205253214,0.0,0.018775353595614434,-0.018775353595614434,0.00807764231842183,-0.03460753253972122,0.11836061708748916,-0.11836061708748916,0.3109496235847473,0.31347194938827305,-0.002522321891970933,5,trapezoid_from_zero_normalized_by_max_fraction,True,correct,true_positive,high,high,binary
cicids2017_binary,46,1,ATTACK,rid_2ac35c7cac090c9618ec4a731363fa4e,mlp,occlusion,deletion,training_median,False,True,False,True,1,ATTACK,predicted_class_of_audited_model,1.0,0.9994085205253214,2.384185791015625e-08,0.04802973643849555,-0.04802971259663764,0.011777634165521158,-0.07111387556105911,0.14331415573536394,-0.143314131893506,0.23768682777881622,0.2987115957736969,-0.061024768181145196,5,trapezoid_from_zero_normalized_by_max_fraction,True,correct,true_positive,high,high,binary
cicids2017_binary,46,1,ATTACK,rid_61fa7c54b3e30319c1ffdd224f0dcc65,mlp,occlusion,deletion,training_median,False,True,False,True,1,ATTACK,predicted_class_of_audited_model,1.0,0.9994085205253214,1.3113021850585939e-07,0.057112331824828284,-0.05711220069460978,0.013853103985290563,-0.08426428450577929,0.1362323314943683,-0.1362322003641498,0.2345963418483734,0.27148085802979766,-0.036884510407224284,5,trapezoid_from_zero_normalized_by_max_fraction,True,correct,true_positive,high,high,binary
cicids2017_binary,46,1,ATTACK,rid_1af951f7ef9b6c82f93f49fd0cb3c545,mlp,occlusion,deletion,training_median,False,True,False,True,1,ATTACK,predicted_class_of_audited_model,1.0,0.9994085205253214,0.0,0.004022679389483528,-0.004022679389483528,0.003999682646895214,-0.011862057377398146,0.09133463014796772,-0.09133463014796772,0.28895658254623413,0.24770602207258344,0.04125059530511499,5,trapezoid_from_zero_normalized_by_max_fraction,True,correct,true_positive,high,high,binary
cicids2017_binary,46,1,ATTACK,rid_c5fdf35fcf1dfef73b8c09396c5228aa,mlp,occlusion,deletion,training_median,False,True,False,True,1,ATTACK,predicted_class_of_audited_model,1.0,0.9994085205253214,0.0,0.0043863882422447206,-0.0043863882422447206,0.004317292526281938,-0.012848281593757319,0.1443759062165683,-0.1443759062165683,0.263415664434433,0.23203886666661128,0.03137682477617636,5,trapezoid_from_zero_normalized_by_max_fraction,True,correct,true_positive,high,high,binary
cicids2017_binary,46,1,ATTACK,rid_9b7cd804e6b2a65a8c3344c5663c88ec,mlp,occlusion,deletion,training_median,False,True,False,True,1,ATTACK,predicted_class_of_audited_model,1.0,0.9994085205253214,0.0,0.0034378855228424073,-0.0034378855228424073,0.001898545558037935,-0.00715903481659676,0.1416463329666095,-0.1416463329666095,0.22361359000205994,0.2188716994421557,0.004741906392388038,5,trapezoid_from_zero_normalized_by_max_fraction,True,correct,true_positive,high,high,binary
cicids2017_binary,46,1,ATTACK,rid_17133ffc242d0df3b30d356227b12887,mlp,occlusion,deletion,training_median,False,True,False,True,1,ATTACK,predicted_class_of_audited_model,1.0,0.9994085205253214,0.0,0.006790258944034577,-0.006790258944034577,0.004372323337301412,-0.015360012685145343,0.13420639389308137,-0.13420639389308137,0.24792484939098358,0.2433075040681288,0.00461734588164836,5,trapezoid_from_zero_normalized_by_max_fraction,True,correct,true_positive,high,high,binary
cicids2017_binary,46,1,ATTACK,rid_8c897ab70ccc0198209dc92ff1c1fc37,mlp,occlusion,deletion,training_median,False,True,False,True,1,ATTACK,predicted_class_of_audited_model,1.0,0.9994085205253214,0.0,0.0036898438334465027,-0.0036898438334465027,0.0036898435901622437,-0.0109219372701645,0.03971644831671665,-0.03971644831671665,0.4282223582267761,0.333666211837437,0.09455617768177763,5,trapezoid_from_zero_normalized_by_max_fraction,True,correct,true_positive,high,high,binary
cicids2017_binary,46,1,ATTACK,rid_cfab898dcb7e7331ace3ae2356430543,mlp,occlusion,deletion,training_median,False,True,False,True,1,ATTACK,predicted_class_of_audited_model,1.0,0.9994085205253214,2.384185791015625e-08,0.060464376763342445,-0.06046435292148453,0.014743139928520586,-0.08936090718138487,0.13995933015438014,-0.13995930631252224,0.2351408302783966,0.2786003718245775,-0.04345955663360655,5,trapezoid_from_zero_normalized_by_max_fraction,True,correct,true_positive,high,high,binary
cicids2017_binary,46,1,ATTACK,rid_1bfbb240aaa0c7e17b277fbeaa370223,mlp,occlusion,deletion,training_median,False,True,False,True,1,ATTACK,predicted_class_of_audited_model,1.0,0.9994085205253214,0.0,0.02776989607512951,-0.02776989607512951,0.009965789339963818,-0.047302843181458595,0.09277372946007498,-0.09277372946007498,0.26991042494773865,0.2899670035145246,-0.02005655789142475,5,trapezoid_from_zero_normalized_by_max_fraction,True,correct,true_positive,high,high,binary
cicids2017_binary,46,1,ATTACK,rid_0e52ebd1c5f1a28ea2021a005238aff3,mlp,occlusion,deletion,training_median,False,True,False,True,1,ATTACK,predicted_class_of_audited_model,1.0,0.9994085205253214,0.0,0.00013332939147949217,-0.00013332939147949217,7.75759453497734e-05,-0.00028537824436504803,0.12659307703540632,-0.12659307703540632,0.2818160951137543,0.2391791423028335,0.04263695895764977,5,trapezoid_from_zero_normalized_by_max_fraction,True,correct,true_positive,high,high,binary
cicids2017_binary,46,1,ATTACK,rid_d1aaf6ea6d39a82e3911e6eae5688c33,mlp,occlusion,deletion,training_median,False,True,False,True,1,ATTACK,predicted_class_of_audited_model,1.0,0.9994085205253214,0.0017337679862976074,0.11545817103968,-0.11372440305338238,0.0203818115084313,-0.15367275360990773,0.15836523896112273,-0.1566314709748251,0.7332180738449097,0.5240052605867386,0.2092128847837448,5,trapezoid_from_zero_normalized_by_max_fraction,True,correct,true_positive,high,high,binary
cicids2017_binary,46,1,ATTACK,rid_e200ce610ce9420beeb804ee4de0848c,mlp,occlusion,deletion,training_median,False,True,False,True,1,ATTACK,predicted_class_of_audited_model,1.0,0.9994085205253214,0.0,0.006158808469772339,-0.006158808469772339,0.0022588899912080675,-0.01058623285254015,0.1037894902945248,-0.1037894902945248,0.2246864289045334,0.22467624675296247,1.0169625282289984e-05,5,trapezoid_from_zero_normalized_by_max_fraction,True,correct,true_positive,high,high,binary
cicids2017_binary,46,1,ATTACK,rid_918b1c3906d22ac74fc55195f28b6488,mlp,occlusion,deletion,training_median,False,True,False,True,1,ATTACK,predicted_class_of_audited_model,1.0,0.9994085205253214,0.0,1.430511474609375e-09,-1.430511474609375e-09,1.0662402999400078e-09,-3.5203424624917903e-09,0.054698459318634804,-0.054698459318634804,0.3003312945365906,0.2587416306715459,0.04158969981409609,5,trapezoid_from_zero_normalized_by_max_fraction,True,correct,true_positive,high,high,binary
cicids2017_binary,46,1,ATTACK,rid_9433173ad10eb8128bb9dae843b31229,mlp,occlusion,deletion,training_median,False,True,False,True,1,ATTACK,predicted_class_of_audited_model,1.0,0.9994085205253214,0.0,4.146575927734376e-06,-4.146575927734376e-06,4.059286805009358e-06,-1.2102778065552717e-05,0.07195788797303619,-0.07195788797303619,0.2744625508785248,0.2503024510936812,0.02416010146122426,5,trapezoid_from_zero_normalized_by_max_fraction,True,correct,true_positive,high,high,binary
cicids2017_binary,46,1,ATTACK,rid_c8f71593c13d26e45cb33335e0e7645b,mlp,occlusion,deletion,training_median,False,True,False,True,1,ATTACK,predicted_class_of_audited_model,1.0,0.9994085205253214,4.76837158203125e-08,0.00020233166217803954,-0.00020228397846221922,0.0001283737357337664,-0.00045389650050040134,0.17087415334313338,-0.17087410565941757,0.22774581611156464,0.2221288151126355,0.005616999322548515,5,trapezoid_from_zero_normalized_by_max_fraction,True,correct,true_positive,high,high,binary
cicids2017_binary,46,1,ATTACK,rid_6beaa7d7f6c0bdb3c0fc63f0fcebb9b5,mlp,occlusion,deletion,training_median,False,True,False,True,1,ATTACK,predicted_class_of_audited_model,1.0,0.9994085205253214,0.0,0.005876320838928223,-0.005876320838928223,0.0028706645849923902,-0.011502823425513307,0.14481351759612848,-0.14481351759612848,0.23488183319568634,0.22692478509945796,0.007957044836599373,5,trapezoid_from_zero_normalized_by_max_fraction,True,correct,true_positive,high,high,binary
cicids2017_binary,46,1,ATTACK,rid_59faa43e35f1899942654451e1acbc4e,mlp,occlusion,deletion,training_median,False,True,False,True,1,ATTACK,predicted_class_of_audited_model,1.0,0.9994085205253214,0.9396256084597553,0.11472094686269954,0.8249046615970558,0.01865731774217524,0.7883363188223923,0.18930070538021662,0.7503249030795386,0.6819416284561157,0.5630649641752242,0.11887669408321382,5,trapezoid_from_zero_normalized_by_max_fraction,True,correct,true_positive,high,high,binary
cicids2017_binary,46,1,ATTACK,rid_6160d0dcb905bd7dd4cd5cc90fa20a97,mlp,occlusion,deletion,training_median,False,True,False,True,1,ATTACK,predicted_class_of_audited_model,1.0,0.9994085205253214,0.00449773669242859,0.026948012763401495,-0.022450276070972903,0.008541340154012806,-0.039191302772838,0.13637574210810754,-0.13187800541567896,0.6846094131469727,0.42092588239908213,0.26368354266881944,5,trapezoid_from_zero_normalized_by_max_fraction,True,correct,true_positive,high,high,binary
cicids2017_binary,46,1,ATTACK,rid_ff5f3763b854f3982f6d3e9f231a04dc,mlp,occlusion,deletion,training_median,False,True,False,True,1,ATTACK,predicted_class_of_audited_model,1.0,0.9994085205253214,0.0,5.960464477539063e-09,-5.960464477539063e-09,5.960464477539063e-09,-1.7642974853515627e-08,0.07200863715849187,-0.07200863715849187,0.3601152300834656,0.3134579162653536,0.0466573180090636,5,trapezoid_from_zero_normalized_by_max_fraction,True,correct,true_positive,high,high,binary
cicids2017_binary,46,1,ATTACK,rid_c7afb0bd8a4c4bc3d3da7b9443f3e53a,mlp,occlusion,deletion,training_median,False,True,False,True,1,ATTACK,predicted_class_of_audited_model,1.0,0.9994085205253214,0.0,0.001903813600540161,-0.001903813600540161,0.0014576408634063855,-0.004760789692816677,0.08499181830076742,-0.08499181830076742,0.2849014699459076,0.24168803897220642,0.04321344261523335,5,trapezoid_from_zero_normalized_by_max_fraction,True,correct,true_positive,high,high,binary
cicids2017_binary,46,1,ATTACK,rid_b54e8e21f16bd7e57d08a52837fbb8ee,mlp,occlusion,deletion,training_median,False,True,False,True,1,ATTACK,predicted_class_of_audited_model,1.0,0.9994085205253214,0.0,0.007761546611785889,-0.007761546611785889,0.004247319642614762,-0.016086293111310823,0.10120431528907109,-0.10120431528907109,0.27011579275131226,0.23371512857545168,0.03640069043915718,5,trapezoid_from_zero_normalized_by_max_fraction,True,correct,true_positive,high,high,binary
cicids2017_binary,46,1,ATTACK,rid_35175d1704f81d0bb724a7b2d63ecdad,mlp,occlusion,deletion,training_median,False,True,False,True,1,ATTACK,predicted_class_of_audited_model,1.0,0.9994085205253214,0.9499999973236213,0.5770592207008634,0.37294077662275804,0.024429133288580752,0.32505967537713976,0.2855486216204709,0.6644513757031505,1.3795726299285889,1.2401215306520461,0.1394510992765427,5,trapezoid_from_zero_normalized_by_max_fraction,True,correct,true_positive,high,high,binary
cicids2017_binary,46,1,ATTACK,rid_81e695c9c07e97deedaf462eeee5a6a3,mlp,occlusion,deletion,training_median,False,True,False,True,1,ATTACK,predicted_class_of_audited_model,1.0,0.9994085205253214,0.0,0.002233752846717834,-0.002233752846717834,0.002046405236798376,-0.0062447071108426505,0.0828685910704463,-0.0828685910704463,0.2608073353767395,0.2285460621099919,0.0322612491454929,5,trapezoid_from_zero_normalized_by_max_fraction,True,correct,true_positive,high,high,binary
cicids2017_binary,46,1,ATTACK,rid_1efb058350838f6f1e3ad858eb7da16f,mlp,occlusion,deletion,training_median,False,True,False,True,1,ATTACK,predicted_class_of_audited_model,1.0,0.9994085205253214,0.0,2.6117801666259764e-05,-2.6117801666259764e-05,2.2144076617845274e-05,-6.95201918372365e-05,0.09264277129603106,-0.09264277129603106,0.28344982862472534,0.24512379903439432,0.038326041697524474,5,trapezoid_from_zero_normalized_by_max_fraction,True,correct,true_positive,high,high,binary
cicids2017_binary,46,1,ATTACK,rid_8210651594f25a838b84a3f197d9043a,mlp,occlusion,deletion,training_median,False,True,False,True,1,ATTACK,predicted_class_of_audited_model,1.0,0.9994085205253214,0.0,3.700220584869385e-05,-3.700220584869385e-05,3.4919385954592e-05,-0.00010544420231969415,0.06637875572703729,-0.06637875572703729,0.3815687596797943,0.3181156667787582,0.06345308256335556,5,trapezoid_from_zero_normalized_by_max_fraction,True,correct,true_positive,high,high,binary
cicids2017_binary,46,1,ATTACK,rid_ad29305c8f38f2570abcab2deba31a32,mlp,occlusion,deletion,training_median,False,True,False,True,1,ATTACK,predicted_class_of_audited_model,0.9999990463256836,0.999407566851005,0.9473138976298794,0.8873827919166933,0.059931105713186196,0.008293035352497528,0.04367675642229104,0.37349691310541155,0.573816984524468,1.7098362445831299,1.5984818906784057,0.1113543419837952,5,trapezoid_from_zero_normalized_by_max_fraction,True,correct,true_positive,medium,high,binary
cicids2017_binary,46,1,ATTACK,rid_c49d2ddf29a5992393300a0a087605fb,mlp,occlusion,deletion,training_median,False,True,False,True,1,ATTACK,predicted_class_of_audited_model,1.0,0.9994085205253214,0.0,0.050271838948014194,-0.050271838948014194,0.014106515459401699,-0.07792060924844152,0.11571395717034594,-0.11571395717034594,0.2608998119831085,0.3023109104353935,-0.04141111651994288,5,trapezoid_from_zero_normalized_by_max_fraction,True,correct,true_positive,high,high,binary
cicids2017_binary,46,0,BENIGN,rid_b14b648b945c1c13a7a39d77a65b2f72,mlp,occlusion,deletion,training_median,False,True,False,True,0,BENIGN,predicted_class_of_audited_model,1.0,0.0005914794746785,0.012413793607629486,0.004362710753460109,0.008051082854169375,0.002085427107752986,0.003963645722973522,0.0009608512963292402,0.011452942311300245,1.7279472351074219,2.147621816635132,-0.41967462921142584,5,trapezoid_from_zero_normalized_by_max_fraction,True,correct,true_negative,high,medium,binary
cicids2017_binary,46,1,ATTACK,rid_5bbeffed68f7c86e4e05c8167c7cbe43,mlp,occlusion,deletion,training_median,False,True,False,True,1,ATTACK,predicted_class_of_audited_model,1.0,0.9994085205253214,0.0,0.007212645634168439,-0.007212645634168439,0.004433726761845815,-0.015902750087386237,0.10400288496905026,-0.10400288496905026,0.3275081515312195,0.3296448334502056,-0.002136666552163663,5,trapezoid_from_zero_normalized_by_max_fraction,True,correct,true_positive,high,high,binary
cicids2017_binary,46,1,ATTACK,rid_8ad97cec426f42065b770b544cc37856,mlp,occlusion,deletion,training_median,False,True,False,True,1,ATTACK,predicted_class_of_audited_model,1.0,0.9994085205253214,0.0,0.008017809808254242,-0.008017809808254242,0.0039010362772555623,-0.015663840911675143,0.1394853490238114,-0.1394853490238114,0.2687252163887024,0.23951442655036229,0.02921079598506913,5,trapezoid_from_zero_normalized_by_max_fraction,True,correct,true_positive,high,high,binary
cicids2017_binary,46,1,ATTACK,rid_1be50bee2b28f515472d418c684ea42e,mlp,occlusion,deletion,training_median,False,True,False,True,1,ATTACK,predicted_class_of_audited_model,1.0,0.9994085205253214,8.344650268554688e-08,0.08193068954342698,-0.08193060609692429,0.017880559028899828,-0.11697650179356794,0.12728298720455972,-0.127282903758057,0.2379196137189865,0.2929297651126981,-0.055010135188698774,5,trapezoid_from_zero_normalized_by_max_fraction,True,correct,true_positive,high,high,binary
cicids2017_binary,46,1,ATTACK,rid_d2da62d7bcf6df46058510d7e45683e3,mlp,occlusion,deletion,training_median,False,False,True,False,0,BENIGN,predicted_class_of_audited_model,0.9997541404154616,0.0003456198901404,0.2207001539281919,0.056099940065312374,0.16460021386287949,0.009899704618898575,0.14519679280983827,0.09206265703935244,0.12863749688883944,2.2366645336151123,2.2292093505859376,0.007455183029174828,5,trapezoid_from_zero_normalized_by_max_fraction,False,error,false_negative,medium,low,binary
cicids2017_binary,46,1,ATTACK,rid_f93c1b34c8df20ef03ea9472304de20d,mlp,occlusion,deletion,training_median,False,True,False,True,1,ATTACK,predicted_class_of_audited_model,1.0,0.9994085205253214,0.0,0.05444641145618516,-0.05444641145618516,0.011931918653262513,-0.07783297201657968,0.1062500184751829,-0.1062500184751829,0.28041455149650574,0.27499357297085225,0.005420988397672755,5,trapezoid_from_zero_normalized_by_max_fraction,True,correct,true_positive,high,high,binary
cicids2017_binary,46,1,ATTACK,rid_2ceb753772c58ae09d256bcf116f7afc,mlp,occlusion,deletion,training_median,False,True,False,True,1,ATTACK,predicted_class_of_audited_model,1.0,0.9994085205253214,0.0,0.001221074342727661,-0.001221074342727661,0.0009043811827434997,-0.0029936614609049205,0.05392507573262263,-0.05392507573262263,0.24834683537483215,0.22221331607643516,0.026133500858210024,5,trapezoid_from_zero_normalized_by_max_fraction,True,correct,true_positive,high,high,binary
cicids2017_binary,46,0,BENIGN,rid_7c3ca92418340b554ff61c703b0a8f02,mlp,occlusion,deletion,training_median,False,True,False,True,0,BENIGN,predicted_class_of_audited_model,0.9999336685432354,0.0005251480179139,0.011408016163477442,0.004975400019134781,0.006432616144342661,0.00035257558540119333,0.005741567996956322,0.0026816325735221653,0.008726383589955275,0.8038899302482605,0.5194193778038025,0.2844705166816711,5,trapezoid_from_zero_normalized_by_max_fraction,True,correct,true_negative,medium,low,binary
cicids2017_binary,46,0,BENIGN,rid_c631e0574a922ce1552a5b516d87ae2c,mlp,occlusion,deletion,training_median,False,True,False,True,0,BENIGN,predicted_class_of_audited_model,0.9999999987852743,0.0005914782599529,0.16716423916075226,0.025647338708503074,0.14151690045224918,0.00542449920785387,0.1308848820048556,0.005327812574414559,0.1618364265863377,1.863756537437439,1.2888207240104677,0.5749358253479003,5,trapezoid_from_zero_normalized_by_max_fraction,True,correct,true_negative,medium,medium,binary
cicids2017_binary,46,0,BENIGN,rid_2a41f59551170f86ab5bfc31481984db,mlp,occlusion,deletion,training_median,False,False,True,True,1,ATTACK,predicted_class_of_audited_model,0.0007681309361942,0.0001766514615155,-0.0035367136966669935,-0.005682726910180691,0.0021460132135136976,0.0006104207143061327,0.0009495886134736776,-0.004649085641004831,0.0011123719443378378,0.8865580558776855,0.5511144571006298,0.33544365838170054,5,trapezoid_from_zero_normalized_by_max_fraction,False,error,false_positive,low,low,binary
cicids2017_binary,46,0,BENIGN,rid_3203916c20297c2d5e1adf365b1c156b,mlp,occlusion,deletion,training_median,False,False,True,True,1,ATTACK,predicted_class_of_audited_model,0.0014164086896926,0.000824929215014,-0.002418263081926853,-0.005683070448512751,0.003264807366585899,0.0007444328431176751,0.0018057189940752557,-0.007114530066520955,0.004696266984594103,0.9595658183097839,0.6211168456673621,0.33844898456335065,5,trapezoid_from_zero_normalized_by_max_fraction,False,error,false_positive,low,medium,binary
cicids2017_binary,46,0,BENIGN,rid_434f4fc554fcb318be765c587829eace,mlp,occlusion,deletion,training_median,False,False,True,True,1,ATTACK,predicted_class_of_audited_model,0.0006565457442775,6.506626959889997e-05,-0.018696154380450025,-0.006534592316606677,-0.01216156206384335,0.0008429555952028006,-0.01381375503044084,-0.006088266577334252,-0.012607887803115775,0.9741159677505493,0.7392357963323594,0.2348801654577255,5,trapezoid_from_zero_normalized_by_max_fraction,False,error,false_positive,low,low,binary
cicids2017_binary,46,0,BENIGN,rid_b769bf3c3943c99e7410edc86e31d190,mlp,occlusion,deletion,training_median,False,True,False,True,0,BENIGN,predicted_class_of_audited_model,0.9999980387538016,0.0005895182284802,0.005144089224313575,0.002863756688709799,0.0022803325356037757,9.692425221347326e-05,0.0020903610012653682,0.0005864449929764532,0.004557644231337122,0.7182307839393616,0.4501183978617191,0.2681123741567135,5,trapezoid_from_zero_normalized_by_max_fraction,True,correct,true_negative,medium,low,binary
cicids2017_binary,46,0,BENIGN,rid_3947562cecb3a15474c45152417d05d8,mlp,occlusion,deletion,training_median,False,True,False,True,0,BENIGN,predicted_class_of_audited_model,0.999998135515284,0.0005896149899626,0.004930281893854272,0.0025759346013805385,0.0023543472924737333,0.00010624434980111422,0.0021461083668635494,0.000572719000760685,0.0043575628930935875,0.6986911296844482,0.43690850791335106,0.2617825889885425,5,trapezoid_from_zero_normalized_by_max_fraction,True,correct,true_negative,medium,low,binary
cicids2017_binary,46,0,BENIGN,rid_ef59aa063bc0602240e0a77df47ecc26,mlp,occlusion,deletion,training_median,False,False,True,True,1,ATTACK,predicted_class_of_audited_model,0.3572798669338226,0.356688387459144,0.24876905772835017,0.23034654879191432,0.01842250893643586,0.012107429556164317,-0.005308052993646201,-0.03509483473939144,0.2838638924677416,0.46725741028785706,0.31144892576336863,0.15580848452448842,5,trapezoid_from_zero_normalized_by_max_fraction,False,error,false_positive,low,medium,binary
cicids2017_binary,46,0,BENIGN,rid_f7cb6445551439bdeb6c1df40a6e625c,mlp,occlusion,deletion,training_median,False,False,True,True,1,ATTACK,predicted_class_of_audited_model,0.3614027202129364,0.3608112407382578,0.09236744137870119,0.2466832262875504,-0.1543157849088492,0.011458913113381446,-0.17677525461107685,-0.07457763171174789,0.16694507309044904,4.554344654083252,5.521941529273987,-0.9675971612930298,5,trapezoid_from_zero_normalized_by_max_fraction,False,error,false_positive,low,medium,binary
cicids2017_binary,46,0,BENIGN,rid_affdb3390b55b074f17d0faf08e588ef,mlp,occlusion,deletion,training_median,False,False,True,True,1,ATTACK,predicted_class_of_audited_model,0.0486362613737583,0.0480447818990797,-0.28447439754381776,-0.07843268353995528,-0.2060417140038625,0.015220042530729993,-0.23587299736409328,-0.22182519846641546,-0.06264919907740234,0.6074970960617065,0.5410045943260193,0.06649248385429381,5,trapezoid_from_zero_normalized_by_max_fraction,False,error,false_positive,low,medium,binary
cicids2017_binary,46,0,BENIGN,rid_20866184f667da854ae94ed1883a8b4b,mlp,occlusion,deletion,training_median,False,False,True,True,1,ATTACK,predicted_class_of_audited_model,0.0008984768064692,0.0003069973317905,-0.093625087646069,-0.05088866827955746,-0.04273641936651155,0.00865947890535439,-0.059708998021006154,-0.11980749917329427,0.02618241152722526,0.7819217443466187,0.6186615744829178,0.16326008045673368,5,trapezoid_from_zero_normalized_by_max_fraction,False,error,false_positive,low,low,binary
cicids2017_binary,46,0,BENIGN,rid_6897bf64428ec40255254b9597c26bad,mlp,occlusion,deletion,training_median,False,False,True,True,1,ATTACK,predicted_class_of_audited_model,0.0063157323747873,0.0057242529001087,-0.22568128379061822,-0.0736175078023168,-0.15206377598830143,0.010246067738654809,-0.17214606875606486,-0.19831193061854485,-0.02736935317207337,1.3075990676879883,1.2103953137397767,0.09720376586914059,5,trapezoid_from_zero_normalized_by_max_fraction,False,error,false_positive,low,medium,binary
cicids2017_binary,46,0,BENIGN,rid_7f85d0921fd6c3e154c10145ab18b6b6,mlp,occlusion,deletion,training_median,False,False,True,True,1,ATTACK,predicted_class_of_audited_model,0.0056965784169733,0.0051050989422947,-0.08183356946101412,-0.04507251037013117,-0.03676105909088297,0.008026543752405172,-0.05249308484559711,-0.17610035907567753,0.0942667896146634,0.8189653158187866,0.6212816355228423,0.19768369817733764,5,trapezoid_from_zero_normalized_by_max_fraction,False,error,false_positive,low,medium,binary
cicids2017_binary,46,0,BENIGN,rid_9c977fa011bbef6c1265baf3bac8738b,mlp,occlusion,deletion,training_median,False,False,True,True,1,ATTACK,predicted_class_of_audited_model,0.0013563783140853,0.0007648988394066,-0.10336926121381113,-0.12023646079144418,0.016867199577633052,0.012693950438516205,-0.008012943281858708,-0.1323598463322005,0.028990585118389395,0.8708974123001099,0.6960711864233017,0.17482621395587922,5,trapezoid_from_zero_normalized_by_max_fraction,False,error,false_positive,low,medium,binary
cicids2017_binary,46,0,BENIGN,rid_99d8d9a2d27d90787626a1d5415917bc,mlp,occlusion,deletion,training_median,False,True,False,True,0,BENIGN,predicted_class_of_audited_model,0.9999999993046258,0.0005914787793043,0.498153242017776,0.027854183251765995,0.4702990587660101,0.005552134732400569,0.45941687469050496,0.002424958058389332,0.49572828395938673,1.9413211345672607,1.6055190870761868,0.33580207133293155,5,trapezoid_from_zero_normalized_by_max_fraction,True,correct,true_negative,medium,medium,binary
cicids2017_binary,46,1,ATTACK,rid_65b0f2d3edc992df96ced1276c3d9cdf,mlp,occlusion,deletion,training_median,False,True,False,True,1,ATTACK,predicted_class_of_audited_model,1.0,0.9994085205253214,0.011013376712799073,0.03357955684101034,-0.022566180128211273,0.009924450571582491,-0.042018103248512954,0.11964118441212668,-0.10862780769932759,0.6629136800765991,0.4195114442706108,0.2434021881222725,5,trapezoid_from_zero_normalized_by_max_fraction,True,correct,true_positive,high,high,binary
cicids2017_binary,46,1,ATTACK,rid_2e4b6fca177b423d3489213643516cc5,mlp,occlusion,deletion,training_median,False,True,False,True,1,ATTACK,predicted_class_of_audited_model,1.0,0.9994085205253214,2.384185791015625e-08,0.02960871062098886,-0.02960868677913095,0.009517071067751001,-0.04826214607192291,0.1210795871602359,-0.12107956331837799,0.30385342240333557,0.29787494538072495,0.005978446940891435,5,trapezoid_from_zero_normalized_by_max_fraction,True,correct,true_positive,high,high,binary
cicids2017_binary,46,0,BENIGN,rid_1da39f99f2d9dd756fcd3af649efca90,mlp,occlusion,deletion,training_median,False,True,False,True,0,BENIGN,predicted_class_of_audited_model,0.9999999996607264,0.0005914791354051,0.6262587395731467,0.028090697826027217,0.5981680417471196,0.0059282902873983735,0.5865485927838188,0.005267754385499789,0.620990985187647,2.088148832321167,1.4669855926036834,0.6211632397174836,5,trapezoid_from_zero_normalized_by_max_fraction,True,correct,true_negative,medium,medium,binary
cicids2017_binary,46,0,BENIGN,rid_41125286925a58bfd8c5fbb069f1ab2a,mlp,occlusion,deletion,training_median,False,True,False,True,0,BENIGN,predicted_class_of_audited_model,0.99999686561614,0.0005883450908185,0.3742153052770618,0.016733532776111493,0.35748177250095037,0.004284478671707351,0.34908419430440396,0.010364840139683664,0.3638504651373782,0.9867583513259888,0.798518670797348,0.1882396447658539,5,trapezoid_from_zero_normalized_by_max_fraction,True,correct,true_negative,medium,low,binary
cicids2017_binary,46,0,BENIGN,rid_0e0d90bfa1c82f171c554e7e9126fb42,mlp,occlusion,deletion,training_median,False,False,True,True,1,ATTACK,predicted_class_of_audited_model,0.001967727439478,0.0013762479647993,-0.32515510302037,-0.04234920115922994,-0.28280590186114,0.006825928044346847,-0.29618472082805986,-0.14927195179662334,-0.17588315122374665,4.7086896896362305,5.607633759498597,-0.8989438314437865,5,trapezoid_from_zero_normalized_by_max_fraction,False,error,false_positive,low,medium,binary
cicids2017_binary,46,0,BENIGN,rid_e76fab150fc5874515d0daec55e4c549,mlp,occlusion,deletion,training_median,False,False,True,True,1,ATTACK,predicted_class_of_audited_model,0.0016587902791798,0.0010673108045012,-0.002981541084591299,-0.005270998899718166,0.0022894578151268666,0.0006829238614347567,0.0009509270467147435,-0.00729348461692598,0.004311943532334681,1.0735976696014404,0.6929168568849564,0.3806808425188065,5,trapezoid_from_zero_normalized_by_max_fraction,False,error,false_positive,low,medium,binary
cicids2017_binary,46,0,BENIGN,rid_2744e40df6c70a6c726dc5741a53cbae,mlp,occlusion,deletion,training_median,False,True,False,True,0,BENIGN,predicted_class_of_audited_model,0.9999999999999718,0.0005914794746503,0.47107631403484496,0.036838822872546084,0.4342374911622989,0.009580330777346832,0.41546004283869914,0.001931259726445959,0.469145054308399,1.6103378534317017,1.5142580633163452,0.09607964706420899,5,trapezoid_from_zero_normalized_by_max_fraction,True,correct,true_negative,medium,medium,binary
cicids2017_binary,46,1,ATTACK,rid_bd3da43da14738707a1433238ce5d42b,mlp,occlusion,deletion,training_median,False,True,False,True,1,ATTACK,predicted_class_of_audited_model,1.0,0.9994085205253214,0.9499513078693611,0.22824229944509725,0.7217090084242637,0.023572308944743665,0.6755072828925661,0.20345471360863548,0.7464965942607256,0.7552894949913025,0.7780863502025606,-0.022796825408935528,5,trapezoid_from_zero_normalized_by_max_fraction,True,correct,true_positive,high,high,binary
cicids2017_binary,46,0,BENIGN,rid_e53c30dc3efaeb4c15a6e87e84719470,mlp,occlusion,deletion,training_median,False,True,False,True,0,BENIGN,predicted_class_of_audited_model,0.9999999998639584,0.0005914793386368,0.55943728793527,0.04897983455527437,0.5104574533799956,0.01234226501966315,0.4862666139414558,0.02046964960715376,0.5389676383281162,1.5028929710388184,1.1800933322906493,0.3227996029853821,5,trapezoid_from_zero_normalized_by_max_fraction,True,correct,true_negative,medium,medium,binary
cicids2017_binary,46,0,BENIGN,rid_24a0916e3c85cd48aedadd0e0b51b6e5,mlp,occlusion,deletion,training_median,False,False,True,True,1,ATTACK,predicted_class_of_audited_model,0.0007302880403585,0.0001388085656798,-0.0027349584041076016,-0.05316568761353388,0.050430729209426275,0.013487809076914534,0.02399462341867379,-0.10623379024194742,0.10349883183783981,0.7429782748222351,0.5483954111337661,0.19458286368846894,5,trapezoid_from_zero_normalized_by_max_fraction,False,error,false_positive,low,low,binary
cicids2017_binary,46,0,BENIGN,rid_2c8ba8578a1f948174b311f6b93ed794,mlp,occlusion,deletion,training_median,False,True,False,True,0,BENIGN,predicted_class_of_audited_model,0.999999939076659,0.0005914185513375,0.018963333899022675,0.006700240803418206,0.012263093095604466,0.0019373777000580813,0.008465832803490628,0.004218389934227962,0.014744943964794711,0.9859104156494141,0.6740989183187485,0.31181142580509186,5,trapezoid_from_zero_normalized_by_max_fraction,True,correct,true_negative,medium,medium,binary
cicids2017_binary,46,0,BENIGN,rid_a3256e21f1100fd022d62bf0be8430ac,mlp,occlusion,deletion,training_median,False,False,True,True,1,ATTACK,predicted_class_of_audited_model,0.0059817782603204,0.0053902987856418,0.0017265198698908084,-0.04989716949260999,0.05162368936250081,0.009208812057790453,0.03357441772923152,-0.098508670102157,0.10023518997204779,0.8815863728523254,0.6260219659805298,0.25556440687179566,5,trapezoid_from_zero_normalized_by_max_fraction,False,error,false_positive,low,medium,binary
cicids2017_binary,46,0,BENIGN,rid_7e68efe9c4173e3e13ebf602c7bdf123,mlp,occlusion,deletion,training_median,False,False,True,True,1,ATTACK,predicted_class_of_audited_model,0.0008126734755933,0.0002211940009146,-0.16507105267373842,-0.13142286744749754,-0.03364818522624091,0.017987819817350908,-0.0689043120682487,-0.14664577760826147,-0.01842527506547699,0.7334955930709839,0.657418960571289,0.07607660865783691,5,trapezoid_from_zero_normalized_by_max_fraction,False,error,false_positive,low,low,binary
cicids2017_binary,46,0,BENIGN,rid_0394651c39c5300d79ada10de6d141ed,mlp,occlusion,deletion,training_median,False,True,False,True,0,BENIGN,predicted_class_of_audited_model,0.999998907395252,0.0005903868699305,0.0037060205669661173,0.003253502520471443,0.0004525180464946745,0.0002458803573256341,-2.9407453863568376e-05,0.0004626690299434043,0.003243351537022713,1.0013060569763184,0.6666086331009864,0.3346973583102226,5,trapezoid_from_zero_normalized_by_max_fraction,True,correct,true_negative,medium,low,binary
cicids2017_binary,46,0,BENIGN,rid_ff27f70bc2d71efc96753b46ef748bd4,mlp,occlusion,deletion,training_median,False,False,True,True,1,ATTACK,predicted_class_of_audited_model,0.0855619832873344,0.0849705038126558,-0.30282143065624934,-0.06491902616599203,-0.2379024044902573,0.01696989104984952,-0.2711633909479624,-0.16176403039161938,-0.1410574002646299,3.8811511993408203,4.40319705581665,-0.52204585647583,5,trapezoid_from_zero_normalized_by_max_fraction,False,error,false_positive,low,medium,binary
cicids2017_binary,46,0,BENIGN,rid_0db604f8625f200f4eb60f0eb03bcdea,mlp,occlusion,deletion,training_median,False,True,False,True,0,BENIGN,predicted_class_of_audited_model,1.0,0.0005914794746786,0.0,5.4345275683855385e-05,-5.4345275683855385e-05,5.429289862717833e-05,-0.0001607593569931249,7.615544093745165e-05,-7.615544093745165e-05,0.49523407220840454,0.4865208102166652,0.00871327689290049,5,trapezoid_from_zero_normalized_by_max_fraction,True,correct,true_negative,high,medium,binary
cicids2017_binary,46,0,BENIGN,rid_ca06ee9dc52cd5d656827b0328ae42f2,mlp,occlusion,deletion,training_median,False,True,False,True,0,BENIGN,predicted_class_of_audited_model,0.9999908515956122,0.0005823310702907,0.003700449039979503,0.003257503191389929,0.00044294584858957365,0.00021660239498244932,1.8405154423972996e-05,0.0008493058281421498,0.0028511432118373536,0.750684916973114,0.418234082788229,0.33245085504651073,5,trapezoid_from_zero_normalized_by_max_fraction,True,correct,true_negative,medium,low,binary
cicids2017_binary,46,0,BENIGN,rid_53ec67a2a5db40ea2465c1552085e5d5,mlp,occlusion,deletion,training_median,False,False,True,True,1,ATTACK,predicted_class_of_audited_model,0.0006178466137498,2.636713907119999e-05,-0.014580419578123838,-0.0058536154246528445,-0.008726804153470994,0.0005575588808835065,-0.009819619560002667,-0.0038699742010084035,-0.010710445377115435,0.8695942759513855,0.5982880845665932,0.2713062033057213,5,trapezoid_from_zero_normalized_by_max_fraction,False,error,false_positive,low,low,binary
cicids2017_binary,46,0,BENIGN,rid_5390c2334b21c1b86e72a6a16d524132,mlp,occlusion,deletion,training_median,False,False,True,True,1,ATTACK,predicted_class_of_audited_model,0.0006134523428045,2.1972868125899928e-05,-0.014307016399106944,-0.006232162122205863,-0.00807485427690108,0.0006987758180894399,-0.009444454880356381,-0.0035774588477258933,-0.01072955755138105,0.8463748693466187,0.5710421094298362,0.2753327718377113,5,trapezoid_from_zero_normalized_by_max_fraction,False,error,false_positive,low,low,binary
cicids2017_binary,46,0,BENIGN,rid_8ebe713bc384ec168cbe31a7285740b7,mlp,occlusion,deletion,training_median,False,False,True,True,1,ATTACK,predicted_class_of_audited_model,0.0293456129729747,0.0287541334982961,-0.22882823627442125,-0.08197231655060602,-0.1468559197238152,0.013243989870409653,-0.1728141398698181,-0.225093958099363,-0.0037342781750582116,0.5859030485153198,0.4856886786818504,0.10021435195207595,5,trapezoid_from_zero_normalized_by_max_fraction,False,error,false_positive,low,medium,binary
cicids2017_binary,46,0,BENIGN,rid_5821730c24a51333546af5bb2fb07e3a,mlp,occlusion,deletion,training_median,False,False,True,True,1,ATTACK,predicted_class_of_audited_model,0.0010428682435303,0.0004513887688517,-0.01638214758131653,-0.005263207605029607,-0.011118939976286924,0.0006191516990873216,-0.012332477306498075,-0.006118036073311715,-0.01026411150800482,0.865002453327179,0.6340289742946624,0.23097346711158756,5,trapezoid_from_zero_normalized_by_max_fraction,False,error,false_positive,low,low,binary
cicids2017_binary,46,0,BENIGN,rid_fa05e985003ba971ab566eb11f2f5666,mlp,occlusion,deletion,training_median,False,False,True,True,1,ATTACK,predicted_class_of_audited_model,0.0015332236653193,0.0009417441906407,-0.017018823832040654,-0.006738640635808679,-0.010280183196231975,0.0009356100210676731,-0.012113978837524615,-0.00398112633295807,-0.013037697499082583,0.8770912289619446,0.6893358167409896,0.18775535857677456,5,trapezoid_from_zero_normalized_by_max_fraction,False,error,false_positive,low,medium,binary
cicids2017_binary,46,0,BENIGN,rid_cb32a928b22137696d1267dda184c253,mlp,occlusion,deletion,training_median,False,False,True,True,1,ATTACK,predicted_class_of_audited_model,0.0011181399459019,0.0005266604712232,-0.09560171124176124,-0.029279245641673696,-0.06632246560008753,0.003575128731526661,-0.0733297179138798,-0.02309256433467817,-0.07250914690708304,2.0693728923797607,1.6564651845693585,0.4129078627824783,5,trapezoid_from_zero_normalized_by_max_fraction,False,error,false_positive,low,low,binary
cicids2017_binary,46,0,BENIGN,rid_cfd6aa8c94f55bcb81cb641d00f1739c,mlp,occlusion,deletion,training_median,False,False,True,True,1,ATTACK,predicted_class_of_audited_model,0.0012806390877813,0.0006891596131027,-0.11281773647060617,-0.029900271883697933,-0.08291746458690825,0.003987379370800802,-0.09073272815367783,-0.016233895209388442,-0.09658384126121773,1.7014007568359375,1.149487542629242,0.5519132499694823,5,trapezoid_from_zero_normalized_by_max_fraction,False,error,false_positive,low,medium,binary
cicids2017_binary,46,0,BENIGN,rid_a7a4c7f410072957d6e6e483bbd28773,mlp,occlusion,deletion,training_median,False,False,True,True,1,ATTACK,predicted_class_of_audited_model,0.0007598344236612,0.0001683549489825,-0.03404833106324077,-0.01112012568937708,-0.022928205373863687,0.0015216016659265036,-0.025910544639079634,-0.025415358157030204,-0.00863297290621056,0.691769003868103,0.5794788874387742,0.11229010450839996,5,trapezoid_from_zero_normalized_by_max_fraction,False,error,false_positive,low,low,binary
cicids2017_binary,46,0,BENIGN,rid_99201083439d490e84665f35e06094d9,mlp,occlusion,deletion,training_median,False,False,True,True,1,ATTACK,predicted_class_of_audited_model,0.0041385125368833,0.0035470330622047,-0.00022529294319610906,-0.16228407056689295,0.16205877762369686,0.018271244660488427,0.12624713808913954,-0.19957538383650444,0.19935009089330832,1.323564052581787,0.9267108472585678,0.39685319340229036,5,trapezoid_from_zero_normalized_by_max_fraction,False,error,false_positive,low,medium,binary
cicids2017_binary,46,0,BENIGN,rid_1f6e5f66b4e7e485f1841c9d6b6fc88f,mlp,occlusion,deletion,training_median,False,False,True,True,1,ATTACK,predicted_class_of_audited_model,0.8811854720115662,0.8805939925368875,0.8243218109142503,0.5129417468934305,0.3113800640208198,0.021475792585853973,0.269287510552546,0.21732934314156777,0.6069924677726826,3.5014381408691406,3.3189288539886475,0.18250938224792482,5,trapezoid_from_zero_normalized_by_max_fraction,False,error,false_positive,low,high,binary
cicids2017_binary,46,1,ATTACK,rid_624e6a0ad4bb892251dc9b72797ab8a6,mlp,occlusion,deletion,training_median,False,True,False,True,1,ATTACK,predicted_class_of_audited_model,1.0,0.9994085205253214,0.9499972225702953,0.33015361442157964,0.6198436081487155,0.026737093177579056,0.5674389055206606,0.14349755554140176,0.8064996670288935,1.1389061212539673,1.1742730355262756,-0.03536698579788209,5,trapezoid_from_zero_normalized_by_max_fraction,True,correct,true_positive,high,high,binary
cicids2017_binary,46,0,BENIGN,rid_250b9445c0446273915207b64534a8d0,mlp,occlusion,deletion,training_median,False,False,True,True,1,ATTACK,predicted_class_of_audited_model,0.0010399720631539,0.0004484925884752,-0.024542956217192116,-0.009791255740275631,-0.014751700476916483,0.0012126400964773158,-0.017128475066012023,-0.0077765321421866245,-0.016766424075005493,1.0665562152862549,0.8514139293432235,0.21514233362674715,5,trapezoid_from_zero_normalized_by_max_fraction,False,error,false_positive,low,low,binary
cicids2017_binary,46,0,BENIGN,rid_2f0415ed639fc8afddc6146c884d6e8a,mlp,occlusion,deletion,training_median,False,False,True,True,1,ATTACK,predicted_class_of_audited_model,0.0007404754869639,0.0001489960122852,-0.0183952679624781,-0.11701983019906628,0.09862456223658818,0.01657346729886607,0.06614056633081068,-0.13024741980745663,0.11185215184497854,0.8263729214668274,0.6421784067153931,0.18419447898864746,5,trapezoid_from_zero_normalized_by_max_fraction,False,error,false_positive,low,low,binary
cicids2017_binary,46,0,BENIGN,rid_03cafe0d129efc0a7868eb35c00323c8,mlp,occlusion,deletion,training_median,False,False,True,True,1,ATTACK,predicted_class_of_audited_model,0.0013498387997969,0.0007583593251183,-0.004016208386747167,-0.0060086535078243625,0.0019924451210771963,0.0007867006268178824,0.0004505118925141468,-0.007689421899072044,0.003673213512324878,0.8958659172058105,0.5429144738316536,0.352951455295086,5,trapezoid_from_zero_normalized_by_max_fraction,False,error,false_positive,low,medium,binary
cicids2017_binary,46,0,BENIGN,rid_dea7db7817f6e8a682cb6eb57567bdaf,mlp,occlusion,deletion,training_median,False,True,False,True,0,BENIGN,predicted_class_of_audited_model,0.999998364113594,0.0005898435882727,0.40309529612451905,0.1557165364564931,0.247378759668026,0.016265504405338964,0.21549837103356162,0.13864204168480765,0.26445325443971146,5.7357330322265625,5.129260878562928,0.6064720582962038,5,trapezoid_from_zero_normalized_by_max_fraction,True,correct,true_negative,medium,low,binary
cicids2017_binary,46,0,BENIGN,rid_aa3fd58c9168d5555825407148d3ddd9,mlp,occlusion,deletion,training_median,False,False,True,True,1,ATTACK,predicted_class_of_audited_model,0.0006109684472903,1.948897261169996e-05,-0.004399403504794464,-0.006333985404381792,0.001934581899587329,0.0006198311116978939,0.0007197129206594568,-0.004136572980227811,-0.0002628305245666526,0.8971453905105591,0.5711937074661255,0.3259517068862915,5,trapezoid_from_zero_normalized_by_max_fraction,False,error,false_positive,low,low,binary
cicids2017_binary,46,0,BENIGN,rid_860dad23e703ac90ac6df5f5c1df2e4a,mlp,occlusion,insertion,training_median,False,True,False,True,0,BENIGN,predicted_class_of_audited_model,0.999999533168193,0.0005910126428716,0.0042669390918070975,-0.08792592328052795,0.09219286237233505,0.015756462845247204,0.061310195195650535,-0.04217684348936199,0.04644378258116909,3.2883849143981934,3.790794154167176,-0.5024091444015505,5,trapezoid_from_zero_normalized_by_max_fraction,True,correct,true_negative,medium,medium,binary
cicids2017_binary,46,0,BENIGN,rid_749b18f9c2c1d8cfbe591300195c9641,mlp,occlusion,insertion,training_median,False,True,False,True,0,BENIGN,predicted_class_of_audited_model,0.9997864360630048,0.0003779155376833,0.0041003155627123535,0.0005910717247425907,0.003509243837969763,0.0005749200763815517,0.0023824004882619216,-0.006202198644875466,0.010302514207587819,0.9022947549819946,0.620747762799263,0.2815469683408737,5,trapezoid_from_zero_normalized_by_max_fraction,True,correct,true_negative,medium,low,binary
cicids2017_binary,46,0,BENIGN,rid_d960e7beef0e0fe8cdca3dca5773e280,mlp,occlusion,insertion,training_median,False,True,False,True,0,BENIGN,predicted_class_of_audited_model,1.0,0.0005914794746786,0.004263915698174603,-0.0025698999271908554,0.006833815625365459,0.0032320699229017205,0.0004989585764780874,-0.016830370692942794,0.0210942863911174,1.3131223917007446,1.0070101093053818,0.30611213934421544,5,trapezoid_from_zero_normalized_by_max_fraction,True,correct,true_negative,high,medium,binary
cicids2017_binary,46,1,ATTACK,rid_fe31f29478bce8d44e56f5aac7392779,mlp,occlusion,insertion,training_median,False,True,False,True,1,ATTACK,predicted_class_of_audited_model,0.9698349833488464,0.9692435038741678,0.9224521405529231,0.672299142564797,0.2501529979881262,0.016873552135154447,0.21708083580322346,0.3021091534489424,0.6203429871039807,0.48664695024490356,0.29130740985274317,0.19533952251076697,5,trapezoid_from_zero_normalized_by_max_fraction,True,correct,true_positive,medium,high,binary
cicids2017_binary,46,0,BENIGN,rid_4dcfda53e32b352db216637150cc932c,mlp,occlusion,insertion,training_median,False,False,True,True,1,ATTACK,predicted_class_of_audited_model,0.0006534442072734,6.19647325948e-05,-0.0036581933061825113,-0.0015674776054260065,-0.002090715700756505,0.0003987049455577566,-0.002872177394049708,0.0030994993343809937,-0.006757692640563505,1.0611556768417358,0.658617574453354,0.4025381679534913,5,trapezoid_from_zero_normalized_by_max_fraction,False,error,false_positive,low,low,binary
cicids2017_binary,46,0,BENIGN,rid_5417f304ac152526060a3c3c5bf9c3d5,mlp,occlusion,insertion,training_median,False,True,False,True,0,BENIGN,predicted_class_of_audited_model,0.9999973897033668,0.0005888691780455,0.004265040330990999,0.0036656193992964173,0.0005994209316945817,9.785532896102894e-05,0.00040762448693096494,0.0015626158392110625,0.0027024244917799364,0.6852811574935913,0.45139555138349535,0.23388557928800582,5,trapezoid_from_zero_normalized_by_max_fraction,True,correct,true_negative,medium,low,binary
cicids2017_binary,46,0,BENIGN,rid_f954d941b37ca74a5060cdba8b5214cf,mlp,occlusion,insertion,training_median,False,True,False,True,0,BENIGN,predicted_class_of_audited_model,0.9998125255515332,0.000404005026212,0.004118326557835417,0.002596430333013814,0.0015218962248216032,0.0003187156034465455,0.000897213642066374,-0.002836400792048039,0.0069547273498834555,0.9236503839492798,0.6303801640272141,0.2932701185941696,5,trapezoid_from_zero_normalized_by_max_fraction,True,correct,true_negative,medium,low,binary
cicids2017_binary,46,0,BENIGN,rid_ae3af0e467603c6207a301a895eab46f,mlp,occlusion,insertion,training_median,False,True,False,True,0,BENIGN,predicted_class_of_audited_model,0.99999836908421,0.0005898485588886,0.004265910261845818,0.003924306984705147,0.0003416032771406705,6.149047842070122e-05,0.00022108193943609611,0.00080732936449013,0.0034585808973556873,1.0366857051849365,0.7282436403036118,0.3084420410394668,5,trapezoid_from_zero_normalized_by_max_fraction,True,correct,true_negative,medium,low,binary
cicids2017_binary,46,0,BENIGN,rid_d4e3257509c9bbbd3dc20638aa63b25d,mlp,occlusion,insertion,training_median,False,True,False,True,0,BENIGN,predicted_class_of_audited_model,0.999971280725731,0.0005627602004096,0.004242829535769488,0.0031819912571496895,0.001060838278619798,0.00023829212081427295,0.000593785721823823,0.0005209433121121948,0.003721886223657293,0.8552595973014832,0.5102535923719407,0.34500599300861357,5,trapezoid_from_zero_normalized_by_max_fraction,True,correct,true_negative,medium,low,binary
cicids2017_binary,46,1,ATTACK,rid_b785e844537ba823afa28178d1299224,mlp,occlusion,insertion,training_median,False,True,False,True,1,ATTACK,predicted_class_of_audited_model,1.0,0.9994085205253214,0.20190616622567176,0.19442530117682866,0.007480865048843134,0.02234763937386679,-0.03632050812393577,0.3987733028008975,-0.19686713657522575,0.3552767336368561,0.3249608528465033,0.030315857693552974,5,trapezoid_from_zero_normalized_by_max_fraction,True,correct,true_positive,high,high,binary
cicids2017_binary,46,1,ATTACK,rid_86ab7b38bb2fc35a17e2f243a2787acc,mlp,occlusion,insertion,training_median,False,True,False,True,1,ATTACK,predicted_class_of_audited_model,1.0,0.9994085205253214,0.10574771107640119,0.0876644589457907,0.018083252130610475,0.014212777770284292,-0.009773792299146739,0.24641158611274588,-0.1406638750363447,0.2663213610649109,0.29322854217886923,-0.02690717440843583,5,trapezoid_from_zero_normalized_by_max_fraction,True,correct,true_positive,high,high,binary
cicids2017_binary,46,1,ATTACK,rid_4ba0c8545e5aa37ce506ab2470a4f493,mlp,occlusion,insertion,training_median,False,True,False,True,1,ATTACK,predicted_class_of_audited_model,1.0,0.9994085205253214,0.059253213182091716,0.10197706289623958,-0.04272384971414786,0.014717536242716317,-0.07157022074987185,0.21638509470459272,-0.15713188152250096,0.273120254278183,0.29022879438102245,-0.017108540847897525,5,trapezoid_from_zero_normalized_by_max_fraction,True,correct,true_positive,high,high,binary
cicids2017_binary,46,1,ATTACK,rid_21570fcd536c195365b862d55e950d97,mlp,occlusion,insertion,training_median,False,True,False,True,1,ATTACK,predicted_class_of_audited_model,1.0,0.9994085205253214,0.5748276585480199,0.2522100900879792,0.32261756846004064,0.023985826714264545,0.27560534810008214,0.4380223269815996,0.13680533156642022,0.3767474293708801,0.3465298914462328,0.030217523768544207,5,trapezoid_from_zero_normalized_by_max_fraction,True,correct,true_positive,high,high,binary
cicids2017_binary,46,1,ATTACK,rid_68735f841398fcec6dab1e120fbb91c5,mlp,occlusion,insertion,training_median,False,True,False,True,1,ATTACK,predicted_class_of_audited_model,1.0,0.9994085205253214,0.07979902180377395,0.11363763553597458,-0.033838613732200644,0.01569201974551892,-0.06459497243341772,0.2429955622836263,-0.16319654047985238,0.2519054710865021,0.30114397600293163,-0.04923851162195206,5,trapezoid_from_zero_normalized_by_max_fraction,True,correct,true_positive,high,high,binary
cicids2017_binary,46,1,ATTACK,rid_d854f94c966e5456ab499f4b11182583,mlp,occlusion,insertion,training_median,False,True,False,True,1,ATTACK,predicted_class_of_audited_model,1.0,0.9994085205253214,0.07699671075679361,0.1513095989836265,-0.07431288822683288,0.019567089377237206,-0.1126643834062178,0.3661403036059525,-0.2891435928491588,0.2798601984977722,0.2314780079871416,0.04838221584260463,5,trapezoid_from_zero_normalized_by_max_fraction,True,correct,true_positive,high,high,binary
cicids2017_binary,46,1,ATTACK,rid_b579819cdc2e371992343189006ba33b,mlp,occlusion,insertion,training_median,False,True,False,True,1,ATTACK,predicted_class_of_audited_model,1.0,0.9994085205253214,0.34844601426739247,0.21967065065299207,0.1287753636144004,0.02441060307231331,0.0809305815926663,0.3686529004044741,-0.02020688613708168,0.36759132146835327,0.3594730860441923,0.008118230208754532,5,trapezoid_from_zero_normalized_by_max_fraction,True,correct,true_positive,high,high,binary
cicids2017_binary,46,1,ATTACK,rid_a4446ec396983204fbdfd835428e3b8e,mlp,occlusion,insertion,training_median,False,True,False,True,1,ATTACK,predicted_class_of_audited_model,1.0,0.9994085205253214,0.45328564771916713,0.24596327012020264,0.20732237759896455,0.02469780939080835,0.1589146711929802,0.4094748756601058,0.04381077205906135,0.39783599972724915,0.38254641027748587,0.015289593175053596,5,trapezoid_from_zero_normalized_by_max_fraction,True,correct,true_positive,high,high,binary
cicids2017_binary,46,1,ATTACK,rid_5689d104e75c20d1ae62639fc1bcd232,mlp,occlusion,insertion,training_median,False,True,False,True,1,ATTACK,predicted_class_of_audited_model,1.0,0.9994085205253214,0.5886074430774897,0.26538762779072134,0.3232198152867684,0.025130603606940548,0.2739638322171649,0.4707834345431271,0.11782400853436262,0.41241320967674255,0.4059141531586647,0.006499071419239039,5,trapezoid_from_zero_normalized_by_max_fraction,True,correct,true_positive,high,high,binary
cicids2017_binary,46,1,ATTACK,rid_46332a1166bf2a376abd3d6b1cef591c,mlp,occlusion,insertion,training_median,False,True,False,True,1,ATTACK,predicted_class_of_audited_model,1.0,0.9994085205253214,0.09430528825614602,0.12840724240425905,-0.03410195414811304,0.017529693617099943,-0.06846015363762892,0.35983511375358146,-0.2655298254974355,0.28242528438568115,0.2264231285266578,0.05600215809419753,5,trapezoid_from_zero_normalized_by_max_fraction,True,correct,true_positive,high,high,binary
cicids2017_binary,46,1,ATTACK,rid_eb46a3126b8839da52b19b40a9e5c645,mlp,occlusion,insertion,training_median,False,True,False,True,1,ATTACK,predicted_class_of_audited_model,1.0,0.9994085205253214,0.18371454300358891,0.16044594271456672,0.023268600289022168,0.021161221495148406,-0.01820739384146871,0.33807587398129524,-0.15436133097770635,0.2890225946903229,0.3166693056076765,-0.027646713897585863,5,trapezoid_from_zero_normalized_by_max_fraction,True,correct,true_positive,high,high,binary
cicids2017_binary,46,1,ATTACK,rid_8a7b53354b6c94cccfcb8312c53c68b1,mlp,occlusion,insertion,training_median,False,True,False,True,1,ATTACK,predicted_class_of_audited_model,1.0,0.9994085205253214,0.06142618206795305,0.08228256324721403,-0.020856381179260988,0.014399553979868798,-0.04907950697980383,0.3227323214997451,-0.26130613943179204,0.2832205891609192,0.2787353525906801,0.004485252216458319,5,trapezoid_from_zero_normalized_by_max_fraction,True,correct,true_positive,high,high,binary
cicids2017_binary,46,1,ATTACK,rid_51182125800d94af836309b8d070a311,mlp,occlusion,insertion,training_median,False,True,False,True,1,ATTACK,predicted_class_of_audited_model,1.0,0.9994085205253214,0.28035649405792357,0.203201230365315,0.07715526369260854,0.023423476754800276,0.0312452492532,0.39241208169586383,-0.11205558763794027,0.33868664503097534,0.3539205075204373,-0.015233850568532959,5,trapezoid_from_zero_normalized_by_max_fraction,True,correct,true_positive,high,high,binary
cicids2017_binary,46,1,ATTACK,rid_1aa3fd28d9fa0d06c5cebcb672ddc684,mlp,occlusion,insertion,training_median,False,True,False,True,1,ATTACK,predicted_class_of_audited_model,1.0,0.9994085205253214,0.3513462397037074,0.27036846691510236,0.08097777278860507,0.024823513440871057,0.032323686444497804,0.4019355966008742,-0.05058935689716676,0.36261993646621704,0.34410411135852337,0.01851582734286784,5,trapezoid_from_zero_normalized_by_max_fraction,True,correct,true_positive,high,high,binary
cicids2017_binary,46,1,ATTACK,rid_e2cc461658961cfbb86e8fb715750ca2,mlp,occlusion,insertion,training_median,False,True,False,True,1,ATTACK,predicted_class_of_audited_model,1.0,0.9994085205253214,0.07540623336099088,0.21572356951505883,-0.14031733615406797,0.02330254151760227,-0.18599031752856843,0.41061566330253624,-0.33520942994154534,0.29961544275283813,0.24265533868223427,0.056960096061229704,5,trapezoid_from_zero_normalized_by_max_fraction,True,correct,true_positive,high,high,binary
cicids2017_binary,46,1,ATTACK,rid_8e407066993c4d736edb4b68b10e4f52,mlp,occlusion,insertion,training_median,False,True,False,True,1,ATTACK,predicted_class_of_audited_model,1.0,0.9994085205253214,0.5483433963498101,0.25111859734519765,0.2972247990046124,0.026259521854602206,0.24575613616959208,0.44518410957194887,0.10315928677786118,0.407482773065567,0.35283055694401266,0.05465220047533511,5,trapezoid_from_zero_normalized_by_max_fraction,True,correct,true_positive,high,high,binary
cicids2017_binary,46,1,ATTACK,rid_1356283bd0164ba8dcdd73ccd3dbee8f,mlp,occlusion,insertion,training_median,False,True,False,True,1,ATTACK,predicted_class_of_audited_model,1.0,0.9994085205253214,0.633296364126727,0.26473087952551183,0.36856548460121513,0.024166311874720754,0.32119951332676244,0.4741104504980674,0.15918591362865958,0.38966673612594604,0.3059425351694226,0.08372421362251044,5,trapezoid_from_zero_normalized_by_max_fraction,True,correct,true_positive,high,high,binary
cicids2017_binary,46,1,ATTACK,rid_2494b0b775424676204029b6eadc8be2,mlp,occlusion,insertion,training_median,False,True,False,True,1,ATTACK,predicted_class_of_audited_model,1.0,0.9994085205253214,0.11126212317030876,0.16005676768825433,-0.048794644517945567,0.020959213413487564,-0.0898747028083812,0.2859420143084101,-0.1746798911381013,0.29828715324401855,0.30174496965110303,-0.003457797035574914,5,trapezoid_from_zero_normalized_by_max_fraction,True,correct,true_positive,high,high,binary
cicids2017_binary,46,1,ATTACK,rid_d56fe4e375bdf0ced8e8cb1e503b09ae,mlp,occlusion,insertion,training_median,False,True,False,True,1,ATTACK,predicted_class_of_audited_model,1.0,0.9994085205253214,0.6152247827267274,0.26946032613082893,0.34576445659589844,0.02563093045877023,0.2955278328967088,0.4174472696364554,0.19777751309027203,0.3541526198387146,0.2789571293964982,0.0751954841092229,5,trapezoid_from_zero_normalized_by_max_fraction,True,correct,true_positive,high,high,binary
cicids2017_binary,46,0,BENIGN,rid_566acc55b43e4ca74b80cac32be19e53,mlp,occlusion,insertion,training_median,False,False,True,True,1,ATTACK,predicted_class_of_audited_model,0.0010218978859484,0.0004304184112698,-0.0034942465392447273,0.0007157997780250296,-0.004210046317269757,0.0007009838342564111,-0.005583974632412322,0.010997079488560076,-0.014491326027804802,0.9870637059211731,0.7776148471832275,0.2094487931728363,5,trapezoid_from_zero_normalized_by_max_fraction,False,error,false_positive,low,low,binary
cicids2017_binary,46,1,ATTACK,rid_89f71f1a1b346d25cb1c8fab0333b5d0,mlp,occlusion,insertion,training_median,False,True,False,True,1,ATTACK,predicted_class_of_audited_model,1.0,0.9994085205253214,0.003305686346720905,0.030865210750092305,-0.0275595244033714,0.007299727318718059,-0.04186698994805879,0.20435463162435769,-0.20104894527763678,0.20674148201942444,0.21701474732905623,-0.010273272015154353,5,trapezoid_from_zero_normalized_by_max_fraction,True,correct,true_positive,high,high,binary
cicids2017_binary,46,1,ATTACK,rid_ca6478946d57ca947c42a3738ee48c1b,mlp,occlusion,insertion,training_median,False,True,False,True,1,ATTACK,predicted_class_of_audited_model,1.0,0.9994085205253214,0.013906780420802534,0.11877188101460578,-0.10486510059380325,0.01598755133311346,-0.13620070120670563,0.318009789384693,-0.3041030089638905,0.23533861339092255,0.23641135676950217,-0.001072748966515065,5,trapezoid_from_zero_normalized_by_max_fraction,True,correct,true_positive,high,high,binary
cicids2017_binary,46,0,BENIGN,rid_70863f1c52133d2cc6a9a1b7ba846fa9,mlp,occlusion,insertion,training_median,False,True,False,True,0,BENIGN,predicted_class_of_audited_model,0.9999995684165128,0.0005910478911914,0.004266998938445699,-0.03148465745728595,0.03575165639573164,0.0072763786514725756,0.021489954238845393,-0.06343692620675659,0.06770392514520228,0.7814385294914246,0.6698769999742507,0.11156158912181854,5,trapezoid_from_zero_normalized_by_max_fraction,True,correct,true_negative,medium,medium,binary
cicids2017_binary,46,0,BENIGN,rid_bfbdf04618e4bc984a3c4246c21fc042,mlp,occlusion,insertion,training_median,False,True,False,True,0,BENIGN,predicted_class_of_audited_model,0.999996361079866,0.0005878405545444,0.004264066449312053,0.0036242556870654144,0.0006398107622466397,8.932887035229784e-05,0.00046472617635613596,0.0017163219892341317,0.002547744460077922,0.7018369436264038,0.4380138044767081,0.26382322259619834,5,trapezoid_from_zero_normalized_by_max_fraction,True,correct,true_negative,medium,low,binary
cicids2017_binary,46,0,BENIGN,rid_6e38cf887f2dfed098670ed789185540,mlp,occlusion,insertion,training_median,False,False,True,True,1,ATTACK,predicted_class_of_audited_model,0.0008178696152754,0.0002263901405967,-0.0036527564103522535,5.75140723935877e-05,-0.003710270482745841,0.0005547679555270229,-0.004797615675578806,0.008840754433935217,-0.012493510844287471,0.9806974530220032,0.7682674988508225,0.21242985880374912,5,trapezoid_from_zero_normalized_by_max_fraction,False,error,false_positive,low,low,binary
cicids2017_binary,46,1,ATTACK,rid_407fe0cd419a10168734aa7599ff3c7e,mlp,occlusion,insertion,training_median,False,True,False,True,1,ATTACK,predicted_class_of_audited_model,1.0,0.9994085205253214,0.10702615051995963,0.16446881827388865,-0.057442667753929026,0.02067681122331715,-0.09796921775163064,0.3629425383057208,-0.2559163877857612,0.2656446397304535,0.21503638262115418,0.050608273873105646,5,trapezoid_from_zero_normalized_by_max_fraction,True,correct,true_positive,high,high,binary
cicids2017_binary,46,1,ATTACK,rid_469317ac1b20036f8591e5ad06e4e729,mlp,occlusion,insertion,training_median,False,True,False,True,1,ATTACK,predicted_class_of_audited_model,1.0,0.9994085205253214,0.29105389285832645,0.24308586287355022,0.04796802998477623,0.02313601524225121,0.002621440109963853,0.39230467422964255,-0.10125078137131607,0.3475956916809082,0.34155008041858675,0.006045623928308486,5,trapezoid_from_zero_normalized_by_max_fraction,True,correct,true_positive,high,high,binary
cicids2017_binary,46,0,BENIGN,rid_ce029086a2a4391cf0a82b58dedd2d2d,mlp,occlusion,insertion,training_median,False,True,False,True,0,BENIGN,predicted_class_of_audited_model,0.9999997441108236,0.000591223585502,0.004266608797197858,0.00412449524111713,0.0001421135560807275,3.4502809951051286e-05,7.448804857666698e-05,0.001808703148960345,0.002457905648237512,1.1831715106964111,0.8742622582912446,0.308909282207489,5,trapezoid_from_zero_normalized_by_max_fraction,True,correct,true_negative,medium,medium,binary
cicids2017_binary,46,0,BENIGN,rid_5d83816c055ce550e2ba5ad0b239a54c,mlp,occlusion,insertion,training_median,False,True,False,True,0,BENIGN,predicted_class_of_audited_model,0.9999999993645776,0.0005914788392562,0.004267135489429729,-0.02805215824263631,0.03231929373206604,0.00573539617717431,0.021077917224804392,-0.0441453608579362,0.04841249634736594,0.7177898287773132,0.4291056461930275,0.28868418258428574,5,trapezoid_from_zero_normalized_by_max_fraction,True,correct,true_negative,medium,medium,binary
cicids2017_binary,46,0,BENIGN,rid_04543e065ddf99b828216c0c30edd5a1,mlp,occlusion,insertion,training_median,False,False,True,True,1,ATTACK,predicted_class_of_audited_model,0.1610105633735656,0.1604190838988869,0.1260626763687469,0.23823235164514872,-0.11216967527640181,0.015474515627680121,-0.14249972590665486,0.202148871833111,-0.07608619546436411,0.9777736663818359,0.8082055777311326,0.16956807672977448,5,trapezoid_from_zero_normalized_by_max_fraction,False,error,false_positive,low,medium,binary
cicids2017_binary,46,0,BENIGN,rid_c5eb42d2d94c9f33b829422d7e3ddb1c,mlp,occlusion,insertion,training_median,False,False,True,True,1,ATTACK,predicted_class_of_audited_model,0.0007181295659393,0.0001266500912606,-0.0037093937200552317,-0.0005483800287743463,-0.0031610136912808857,0.0005584732073129519,-0.004255621177614272,0.0047442620122465085,-0.008453655732301741,0.8894590139389038,0.5372688924968243,0.35219010356068614,5,trapezoid_from_zero_normalized_by_max_fraction,False,error,false_positive,low,low,binary
cicids2017_binary,46,1,ATTACK,rid_93df33d32566a5d03ecac084704c814f,mlp,occlusion,insertion,training_median,False,True,False,True,1,ATTACK,predicted_class_of_audited_model,1.0,0.9994085205253214,0.16092238144483417,0.1033227340351139,0.05759964740972028,0.016203360717219797,0.025841060403969482,0.31545925547070286,-0.1545368740258687,0.29592275619506836,0.31725570067763326,-0.021332936286926275,5,trapezoid_from_zero_normalized_by_max_fraction,True,correct,true_positive,high,high,binary
cicids2017_binary,46,0,BENIGN,rid_ecd5ab654ec1b8f11a6e2d8be5888bc9,mlp,occlusion,insertion,training_median,False,True,False,True,0,BENIGN,predicted_class_of_audited_model,0.9999129233619896,0.0005044028366682,0.003862861993044486,-0.10737284421159615,0.11123570620464064,0.018520031162665034,0.07493644512581718,-0.07017293917251957,0.07403580116556405,0.7821767926216125,0.6811661657094955,0.10101066267490386,5,trapezoid_from_zero_normalized_by_max_fraction,True,correct,true_negative,medium,low,binary
cicids2017_binary,46,0,BENIGN,rid_b70ecb0622de4eb3e3a7dfa95d3d34d6,mlp,occlusion,insertion,training_median,False,False,True,True,1,ATTACK,predicted_class_of_audited_model,0.0008520666742697,0.0002605871995911,-0.0036138283312453718,0.0003977460168579515,-0.0040115743481033235,0.0007004778144737222,-0.005384510864471819,0.005185783626799775,-0.008799611958045147,0.8818724751472473,0.5859876531362535,0.29588486373424533,5,trapezoid_from_zero_normalized_by_max_fraction,False,error,false_positive,low,low,binary
cicids2017_binary,46,0,BENIGN,rid_97982dd319a712d3b46cd983b0e2d461,mlp,occlusion,insertion,training_median,False,True,False,True,0,BENIGN,predicted_class_of_audited_model,0.9999999999999942,0.0005914794746728,0.004267140523887658,-0.006491069766790393,0.010758210290678052,0.0044313465524263886,0.0020727710479223303,-0.030081205732083782,0.03434834625597144,2.0818514823913574,1.588095419883728,0.49375606250762943,5,trapezoid_from_zero_normalized_by_max_fraction,True,correct,true_negative,medium,medium,binary
cicids2017_binary,46,1,ATTACK,rid_da6b30556bb1291c7be54ca06b12c8b7,mlp,occlusion,insertion,training_median,False,True,False,True,1,ATTACK,predicted_class_of_audited_model,1.0,0.9994085205253214,0.11708795977756381,0.1606830331507918,-0.043595073373227974,0.021498004448628715,-0.08573116209254025,0.35138705329730036,-0.23429909351973655,0.3014642894268036,0.3073212135285139,-0.0058569278270006134,5,trapezoid_from_zero_normalized_by_max_fraction,True,correct,true_positive,high,high,binary
cicids2017_binary,46,1,ATTACK,rid_c80dce30e1df715781dab46e74044bdb,mlp,occlusion,insertion,training_median,False,True,False,True,1,ATTACK,predicted_class_of_audited_model,1.0,0.9994085205253214,0.6786823035683482,0.33293937405766844,0.3457429295106798,0.026432555355830046,0.2939351210132529,0.4198191372831639,0.2588631662851844,0.45592331886291504,0.4003626397103071,0.055560654565691946,5,trapezoid_from_zero_normalized_by_max_fraction,True,correct,true_positive,high,high,binary
cicids2017_binary,46,0,BENIGN,rid_8c7dba6b9ac21fcdd14b42025e3ef935,mlp,occlusion,insertion,training_median,False,False,True,True,1,ATTACK,predicted_class_of_audited_model,0.0075274263508617,0.0069359468761831,-0.0012578222764886959,0.3120271387449914,-0.31328496102148007,0.022645418615469284,-0.3576699815077999,0.12757814803641848,-0.12883597031290717,0.6687024235725403,0.5142987951636314,0.15440357476472855,5,trapezoid_from_zero_normalized_by_max_fraction,False,error,false_positive,low,medium,binary
cicids2017_binary,46,1,ATTACK,rid_7c2f69461c4f2b82623c47d32d7714b5,mlp,occlusion,insertion,training_median,False,True,False,True,1,ATTACK,predicted_class_of_audited_model,1.0,0.9994085205253214,0.018549853353761137,0.07332254034774137,-0.05477268699398023,0.011362253615668897,-0.07704270408069128,0.30956620849203154,-0.2910163551382704,0.2358129769563675,0.29798783300817017,-0.06217485977709294,5,trapezoid_from_zero_normalized_by_max_fraction,True,correct,true_positive,high,high,binary
cicids2017_binary,46,0,BENIGN,rid_37fca82f9548447583b37c1dbae345ac,mlp,occlusion,insertion,training_median,False,False,True,True,1,ATTACK,predicted_class_of_audited_model,0.0006807447061873,8.926523150869995e-05,-0.0037539456437940544,0.0009928088301527397,-0.004746754473946795,0.000690657036491381,-0.0061004422654699015,0.004741106281597013,-0.008495051925391066,0.8626123666763306,0.5465019608438014,0.3161104117929935,5,trapezoid_from_zero_normalized_by_max_fraction,False,error,false_positive,low,low,binary
cicids2017_binary,46,1,ATTACK,rid_21a1094d7454515206ffc4c2b1935241,mlp,occlusion,insertion,training_median,False,True,False,True,1,ATTACK,predicted_class_of_audited_model,1.0,0.9994085205253214,0.5182117625372484,0.2357736825118314,0.28243808002541704,0.024903185602730672,0.2336278362440649,0.45748194623315946,0.060729816304088954,0.37670761346817017,0.2875128604620695,0.0891947585940361,5,trapezoid_from_zero_normalized_by_max_fraction,True,correct,true_positive,high,high,binary
cicids2017_binary,46,1,ATTACK,rid_6c3fce54cc1108b8bff9408752bfa515,mlp,occlusion,insertion,training_median,False,True,False,True,1,ATTACK,predicted_class_of_audited_model,1.0,0.9994085205253214,0.049605769431218506,0.1026603636147283,-0.05305459418350978,0.016284048949687876,-0.08497133012489802,0.3038954747963595,-0.254289705365141,0.21042859554290771,0.18505822725594046,0.0253703511506319,5,trapezoid_from_zero_normalized_by_max_fraction,True,correct,true_positive,high,high,binary
cicids2017_binary,46,0,BENIGN,rid_891694cbb12651e5534c78fc14406c1e,mlp,occlusion,insertion,training_median,False,True,False,True,0,BENIGN,predicted_class_of_audited_model,0.9998504109971692,0.0004418904718477,0.004171277891146019,-0.006919234715653758,0.011090512606799779,0.0031749209341808728,0.004867667575805269,-0.01577462577416594,0.019945903665311963,0.8170171976089478,0.6342354245185852,0.18278179693222046,5,trapezoid_from_zero_normalized_by_max_fraction,True,correct,true_negative,medium,low,binary
cicids2017_binary,46,1,ATTACK,rid_caf597a34ce18982fc074037af25c1dc,mlp,occlusion,insertion,training_median,False,True,False,True,1,ATTACK,predicted_class_of_audited_model,1.0,0.9994085205253214,0.0351674132514745,0.11556525875560557,-0.08039784550413105,0.01777687309977094,-0.11524051677968208,0.2771165207027784,-0.24194910745130394,0.22391000390052795,0.19519471942167727,0.028715280753560363,5,trapezoid_from_zero_normalized_by_max_fraction,True,correct,true_positive,high,high,binary
cicids2017_binary,46,0,BENIGN,rid_6d9f452d34eb1ef9a6754ad9623de0d3,mlp,occlusion,insertion,training_median,False,True,False,True,0,BENIGN,predicted_class_of_audited_model,0.9999997762011787,0.0005912556758573,0.004266952022787329,-0.010253169882495493,0.014520121905282821,0.002539055007584753,0.009543574090416706,-0.03899335596835707,0.0432603079911444,0.5529363751411438,0.347247329801321,0.20568902745842937,5,trapezoid_from_zero_normalized_by_max_fraction,True,correct,true_negative,medium,medium,binary
cicids2017_binary,46,0,BENIGN,rid_e98d8a25928dd3a72c936708ad629495,mlp,occlusion,insertion,training_median,False,True,False,True,0,BENIGN,predicted_class_of_audited_model,0.9999968859985984,0.0005883654732769,0.004264474043250743,0.0036803905876956265,0.0005840834555551171,8.017181190322997e-05,0.00042694670422478633,0.0017167010167631815,0.002547773026487562,0.7613080739974976,0.4654002165049314,0.2959077829867601,5,trapezoid_from_zero_normalized_by_max_fraction,True,correct,true_negative,medium,low,binary
cicids2017_binary,46,0,BENIGN,rid_760c37bb2f9358ddfa6d13deea0f95e2,mlp,occlusion,insertion,training_median,False,False,True,True,1,ATTACK,predicted_class_of_audited_model,0.0006658071652054,7.432769052679992e-05,-0.0036678875287179833,-0.0016521423226719813,-0.002015745206046002,0.0003455946170145206,-0.0026931106553944625,0.0015771743751508967,-0.00524506190386888,1.3615161180496216,0.8977850187420845,0.4637310099005699,5,trapezoid_from_zero_normalized_by_max_fraction,False,error,false_positive,low,low,binary
cicids2017_binary,46,0,BENIGN,rid_af22b4ee575e62de7312457043dad201,mlp,occlusion,insertion,training_median,False,False,True,True,1,ATTACK,predicted_class_of_audited_model,0.0122079290449619,0.0116164495702833,0.005866055935621261,0.07831325591459791,-0.07244719997897665,0.010118272014598749,-0.0922790131275902,0.18441261294406375,-0.17854655700844252,0.45846328139305115,0.3260111213326454,0.13245216304063795,5,trapezoid_from_zero_normalized_by_max_fraction,False,error,false_positive,low,medium,binary
cicids2017_binary,46,0,BENIGN,rid_44c29849a0448ca4a2d06cb3ba914bf2,mlp,occlusion,insertion,training_median,False,False,True,True,1,ATTACK,predicted_class_of_audited_model,0.0010273375082761,0.0004358580335974,-0.0034903790653572743,0.0009985607150259168,-0.004488939780383191,0.0008048412704346118,-0.00606642867043503,0.01302826186886682,-0.016518640934224095,1.0757215023040771,0.9171103932261466,0.15861113888025286,5,trapezoid_from_zero_normalized_by_max_fraction,False,error,false_positive,low,low,binary
cicids2017_binary,46,0,BENIGN,rid_e22ab9cbf16d87a48ca01c05dad56d90,mlp,occlusion,insertion,training_median,False,False,True,True,1,ATTACK,predicted_class_of_audited_model,0.0017185928300023,0.0011271133553237,-0.0027767979248892512,0.0006666853151165242,-0.003443483240005776,0.0005821560802373613,-0.004584509157271004,0.005319792258229768,-0.008096590183119019,1.0951135158538818,0.7055351489782333,0.3895784503221512,5,trapezoid_from_zero_normalized_by_max_fraction,False,error,false_positive,low,medium,binary
cicids2017_binary,46,0,BENIGN,rid_9a4f6a786084aba7b36291e9c990822f,mlp,occlusion,insertion,training_median,False,True,False,True,0,BENIGN,predicted_class_of_audited_model,0.9999983781576702,0.0005898576323488,0.004265874430980432,0.003914172987254187,0.0003517014437262453,7.091353086935064e-05,0.00021271092322231805,0.001164806445720984,0.0031010679852594477,1.029679298400879,0.7482251479327678,0.28145422199368475,5,trapezoid_from_zero_normalized_by_max_fraction,True,correct,true_negative,medium,low,binary
cicids2017_binary,46,1,ATTACK,rid_b17381ec2c1e5da8f2e02c5b5bf59293,mlp,occlusion,insertion,training_median,False,True,False,True,1,ATTACK,predicted_class_of_audited_model,1.0,0.9994085205253214,0.5297268311725929,0.20162701429807345,0.3280998168745195,0.024266610372979936,0.28053726054347883,0.4524456011878232,0.07728122998476976,0.3899923861026764,0.29051499734818936,0.09947737981379032,5,trapezoid_from_zero_normalized_by_max_fraction,True,correct,true_positive,high,high,binary
cicids2017_binary,46,1,ATTACK,rid_06381e57a9bfcdafcd061e3c23370c7d,mlp,occlusion,insertion,training_median,False,True,False,True,1,ATTACK,predicted_class_of_audited_model,1.0,0.9994085205253214,0.08142677145078779,0.11911136319918686,-0.03768459174839906,0.017397090586035523,-0.07178288929702868,0.26446589308560237,-0.18303912163481456,0.24568037688732147,0.25663457306474446,-0.010954196922481063,5,trapezoid_from_zero_normalized_by_max_fraction,True,correct,true_positive,high,high,binary
cicids2017_binary,46,1,ATTACK,rid_0d198137c5eac75b9db6b287d5f7c208,mlp,occlusion,insertion,training_median,False,True,False,True,1,ATTACK,predicted_class_of_audited_model,1.0,0.9994085205253214,0.0619863617932424,0.136383785409002,-0.0743974236157596,0.01792872869700051,-0.1095377318618806,0.299976671887353,-0.23799031009411065,0.2543308734893799,0.21623802890256044,0.03809285539016129,5,trapezoid_from_zero_normalized_by_max_fraction,True,correct,true_positive,high,high,binary
cicids2017_binary,46,1,ATTACK,rid_e51ca574c4add1afa61b30ee8d53bd9d,mlp,occlusion,insertion,training_median,False,True,False,True,1,ATTACK,predicted_class_of_audited_model,1.0,0.9994085205253214,0.052976780582685026,0.11365420615040664,-0.06067742556772161,0.018211688585411563,-0.09637233519512828,0.25580835740784885,-0.20283157682516384,0.2775559425354004,0.322692179530859,-0.04513621762394907,5,trapezoid_from_zero_normalized_by_max_fraction,True,correct,true_positive,high,high,binary
cicids2017_binary,46,0,BENIGN,rid_9ed6dfdc7005af87f9b096c8121663b0,mlp,occlusion,insertion,training_median,False,True,False,True,0,BENIGN,predicted_class_of_audited_model,0.9999999999583018,0.0005914794329804,0.004267135980832004,-0.026157706309875493,0.030424842290707493,0.006441549106070678,0.017799406042808965,-0.02604428114980487,0.030311417130636873,0.8048898577690125,0.5434097598791123,0.26148018133640283,5,trapezoid_from_zero_normalized_by_max_fraction,True,correct,true_negative,medium,medium,binary
cicids2017_binary,46,0,BENIGN,rid_541bf50c81e0dd63312a8f9e857a962b,mlp,occlusion,insertion,training_median,False,False,True,True,1,ATTACK,predicted_class_of_audited_model,0.5354564189910889,0.5348649395164102,0.7487999863456934,0.3673161147074885,0.381483871638205,0.017034378126237253,0.34809649051078,0.1795188957171485,0.569281090628545,3.205648899078369,3.0524625129699707,0.1531861238479615,5,trapezoid_from_zero_normalized_by_max_fraction,False,error,false_positive,low,medium,binary
cicids2017_binary,46,0,BENIGN,rid_8f1f724a79f4ebc8b330bb76eb44e023,mlp,occlusion,insertion,training_median,False,False,True,True,1,ATTACK,predicted_class_of_audited_model,0.0021073536481708,0.0015158741734922,0.0035707569506485013,0.1537549939305835,-0.150184236979935,0.019166485135776706,-0.18775054784605733,0.12280807447181774,-0.11923731752116924,0.8460577130317688,0.7343274351358414,0.11173031365871429,5,trapezoid_from_zero_normalized_by_max_fraction,False,error,false_positive,low,medium,binary
cicids2017_binary,46,0,BENIGN,rid_087069df6761c679d1eecbceb47917dd,mlp,occlusion,insertion,training_median,False,True,False,True,0,BENIGN,predicted_class_of_audited_model,0.999985865324561,0.0005773447992396,0.004255447011823321,0.00289919201578283,0.0013562549960404909,0.00019488888653119318,0.0009742727784393522,-0.0006419552330009992,0.004897402244824321,0.7050520181655884,0.4578714920133352,0.24718054701387882,5,trapezoid_from_zero_normalized_by_max_fraction,True,correct,true_negative,medium,low,binary
cicids2017_binary,46,0,BENIGN,rid_c8689c9f8d42da0af9f1de86fbc5480b,mlp,occlusion,insertion,training_median,False,False,True,True,1,ATTACK,predicted_class_of_audited_model,0.0006554778665304,6.399839185179993e-05,-0.003794137757151361,0.0017172393594569262,-0.005511377116608287,0.0009857797749126009,-0.0074435054754369845,0.0094670659592457,-0.013261203716397062,1.0274266004562378,0.774817870914936,0.2526087355017662,5,trapezoid_from_zero_normalized_by_max_fraction,False,error,false_positive,low,low,binary
cicids2017_binary,46,1,ATTACK,rid_5232157fff83d3f89980544dcad32623,mlp,occlusion,insertion,training_median,False,True,False,True,1,ATTACK,predicted_class_of_audited_model,1.0,0.9994085205253214,0.002026740566361696,0.027694561208250396,-0.025667820641888703,0.007166181013538262,-0.039713535428423694,0.22452868585897626,-0.22250194529261455,0.18503621220588684,0.18870106492191555,-0.003664850480854509,5,trapezoid_from_zero_normalized_by_max_fraction,True,correct,true_positive,high,high,binary
cicids2017_binary,46,1,ATTACK,rid_d298105465da70296857906eebacbc7c,mlp,occlusion,insertion,training_median,False,True,False,True,1,ATTACK,predicted_class_of_audited_model,1.0,0.9994085205253214,0.5720925356727093,0.3471794098304107,0.22491312584229867,0.025163206203236754,0.17559324168395463,0.4361468844668509,0.1359456512058584,0.4318104684352875,0.40262145335972316,0.02918904562294482,5,trapezoid_from_zero_normalized_by_max_fraction,True,correct,true_positive,high,high,binary
cicids2017_binary,46,1,ATTACK,rid_3bf01c7131bf0f9fa6ef0a6a9b8391c2,mlp,occlusion,insertion,training_median,False,True,False,True,1,ATTACK,predicted_class_of_audited_model,1.0,0.9994085205253214,0.4729041197570041,0.23552087391040605,0.23738324584659803,0.023735894950278696,0.1908608917440518,0.4227757267936184,0.05012839296338566,0.41024094820022583,0.38269281969964497,0.027548131480813042,5,trapezoid_from_zero_normalized_by_max_fraction,True,correct,true_positive,high,high,binary
cicids2017_binary,46,1,ATTACK,rid_7f727e8f51af3217842313e16b80c670,mlp,occlusion,insertion,training_median,False,True,False,True,1,ATTACK,predicted_class_of_audited_model,1.0,0.9994085205253214,0.10472971037961543,0.1275429675109376,-0.02281325713132218,0.01748948574080774,-0.05709264918330535,0.3013577010848531,-0.19662799070523765,0.2875436842441559,0.3091910424828529,-0.021647371649742127,5,trapezoid_from_zero_normalized_by_max_fraction,True,correct,true_positive,high,high,binary
cicids2017_binary,46,1,ATTACK,rid_faf9c7bad93a5648f19f06a04abcf365,mlp,occlusion,insertion,training_median,False,True,False,True,1,ATTACK,predicted_class_of_audited_model,1.0,0.9994085205253214,0.11496927549596876,0.12629964963160425,-0.011330374135635497,0.017701382715472145,-0.046025084257960897,0.31996452464023145,-0.2049952491442627,0.2775781452655792,0.23734820324927566,0.04022993307560683,5,trapezoid_from_zero_normalized_by_max_fraction,True,correct,true_positive,high,high,binary
cicids2017_binary,46,1,ATTACK,rid_e9b881ac096e057c398e678529f5178c,mlp,occlusion,insertion,training_median,False,True,False,True,1,ATTACK,predicted_class_of_audited_model,1.0,0.9994085205253214,0.34322434319183226,0.24122097474904525,0.10200336844278703,0.025590217099620616,0.05184654292753062,0.44955288245949043,-0.10632853926765815,0.3369395136833191,0.2819923125207424,0.054947168380022046,5,trapezoid_from_zero_normalized_by_max_fraction,True,correct,true_positive,high,high,binary
cicids2017_binary,46,1,ATTACK,rid_8784094b9cc1da68712dc73856610546,mlp,occlusion,insertion,training_median,False,True,False,True,1,ATTACK,predicted_class_of_audited_model,1.0,0.9994085205253214,0.015363962016999723,0.1492201578333499,-0.1338561958163502,0.02061179283935477,-0.17425530978148554,0.40098795719103136,-0.3856239951740316,0.2418186217546463,0.200054233295843,0.04176437486149372,5,trapezoid_from_zero_normalized_by_max_fraction,True,correct,true_positive,high,high,binary
cicids2017_binary,46,1,ATTACK,rid_1b1892f3c60b56ef9fc5f3f9e24bbab3,mlp,occlusion,insertion,training_median,False,True,False,True,1,ATTACK,predicted_class_of_audited_model,1.0,0.9994085205253214,0.08385009812191128,0.06060600725184191,0.02324409087006938,0.01299287605292908,-0.002221946193671616,0.2432765906941224,-0.15942649257221114,0.274882972240448,0.28926427347958084,-0.014381288573145865,5,trapezoid_from_zero_normalized_by_max_fraction,True,correct,true_positive,high,high,binary
cicids2017_binary,46,0,BENIGN,rid_490c89997272b274c71bfad035a389ea,mlp,occlusion,insertion,training_median,False,True,False,True,0,BENIGN,predicted_class_of_audited_model,0.99999547883408,0.0005869583087587,0.004263333063772734,0.003531345913699397,0.000731987150073337,0.00010291912965906852,0.0005302656559415627,0.0016029998345798615,0.002660333229192872,0.7452234029769897,0.4424486411064864,0.3027747529298067,5,trapezoid_from_zero_normalized_by_max_fraction,True,correct,true_negative,medium,low,binary
cicids2017_binary,46,1,ATTACK,rid_0ef86dce6a71b148302af11eb5c1fa82,mlp,occlusion,insertion,training_median,False,True,False,True,1,ATTACK,predicted_class_of_audited_model,1.0,0.9994085205253214,0.10699418191798031,0.10018085698595647,0.006813324932023836,0.016356931105389348,-0.025246260034539288,0.3475496732886164,-0.24055549137063614,0.2840786576271057,0.3125720517784357,-0.028493422463536266,5,trapezoid_from_zero_normalized_by_max_fraction,True,correct,true_positive,high,high,binary
cicids2017_binary,46,1,ATTACK,rid_62c49cdcb1417f9a98271d25fda2a1f5,mlp,occlusion,insertion,training_median,False,True,False,True,1,ATTACK,predicted_class_of_audited_model,1.0,0.9994085205253214,0.1355122997891158,0.17475473497268862,-0.039242435183572864,0.020942896747561827,-0.08029051280879404,0.34876193858951904,-0.21324963880040324,0.31569942831993103,0.3190465309768915,-0.0033470698744058475,5,trapezoid_from_zero_normalized_by_max_fraction,True,correct,true_positive,high,high,binary
cicids2017_binary,46,1,ATTACK,rid_4e9e484d6d78af5368531ac22acc5940,mlp,occlusion,insertion,training_median,False,True,False,True,1,ATTACK,predicted_class_of_audited_model,1.0,0.9994085205253214,0.3430756198242307,0.2209743717544002,0.12210124806983043,0.023429837925586432,0.07617876573568103,0.42036719805535394,-0.07729157823112322,0.3753093183040619,0.37170609344542027,0.0036032203882932767,5,trapezoid_from_zero_normalized_by_max_fraction,True,correct,true_positive,high,high,binary
cicids2017_binary,46,0,BENIGN,rid_975a14975027ed8cf9a5f51f97d69d47,mlp,occlusion,insertion,training_median,False,True,False,True,0,BENIGN,predicted_class_of_audited_model,0.999999999999994,0.0005914794746726,0.004267140520686474,0.00352910707632623,0.000738033444360244,0.0003796428252878439,-6.066493203929946e-06,-0.006947179108838984,0.01121431962952546,1.9854094982147217,1.5045503034591676,0.48085917091369634,5,trapezoid_from_zero_normalized_by_max_fraction,True,correct,true_negative,medium,medium,binary
cicids2017_binary,46,0,BENIGN,rid_573c3a31d4ff09664e0f22c1a9484f27,mlp,occlusion,insertion,training_median,False,True,False,True,0,BENIGN,predicted_class_of_audited_model,0.9999996694168658,0.0005911488915443,0.004266832385073238,0.003569562677789675,0.0006972697072835628,0.00011896746754102516,0.0004640934709031535,-0.0006805508698493554,0.004947383254922593,0.8370223045349121,0.7161370514631271,0.12088524711132047,5,trapezoid_from_zero_normalized_by_max_fraction,True,correct,true_negative,medium,medium,binary
cicids2017_binary,46,0,BENIGN,rid_38176129e8c2e0fd7b9f1ce0f4f00d04,mlp,occlusion,insertion,training_median,False,False,True,True,1,ATTACK,predicted_class_of_audited_model,0.0011100348783656,0.000518555403687,-0.002488262244150974,0.023601965433063924,-0.0260902276772149,0.003901098933053079,-0.03373638158599893,0.03855730715463778,-0.041045569398788756,0.6101003885269165,0.43894402450323106,0.171156358063221,5,trapezoid_from_zero_normalized_by_max_fraction,False,error,false_positive,low,low,binary
cicids2017_binary,46,1,ATTACK,rid_a6f0d2efc8215f0508db29e97ca1001f,mlp,occlusion,insertion,training_median,False,True,False,True,1,ATTACK,predicted_class_of_audited_model,1.0,0.9994085205253214,0.10422007178422064,0.15680448196118377,-0.052584410176963144,0.01976704558246762,-0.09132781951859967,0.3329754419337957,-0.2287553701495751,0.26904216408729553,0.2511371356025338,0.01790502252429723,5,trapezoid_from_zero_normalized_by_max_fraction,True,correct,true_positive,high,high,binary
cicids2017_binary,46,0,BENIGN,rid_19fbd5ab00303c4fa93f37fd9b4d4c88,mlp,occlusion,insertion,training_median,False,True,False,True,0,BENIGN,predicted_class_of_audited_model,0.9999997657378116,0.0005912452124902,0.004266962459579649,0.003865552901511013,0.00040140955806863577,6.005115062209417e-05,0.0002837093028493312,0.0018615684171621183,0.00240539404241753,1.0121668577194214,0.6466883618831634,0.36547851967811584,5,trapezoid_from_zero_normalized_by_max_fraction,True,correct,true_negative,medium,medium,binary
cicids2017_binary,46,1,ATTACK,rid_b161464e7161dfacc99c114813ec1b39,mlp,occlusion,insertion,training_median,False,True,False,True,1,ATTACK,predicted_class_of_audited_model,1.0,0.9994085205253214,0.9111629344057292,0.7436817718577611,0.16748116254796805,0.011104567364497914,0.14571621051355213,0.11307529069257335,0.7980876437131559,1.0813181400299072,1.0225755400657655,0.05874263572692875,5,trapezoid_from_zero_normalized_by_max_fraction,True,correct,true_positive,high,high,binary
cicids2017_binary,46,0,BENIGN,rid_ca0e4cbc50d2f7dfe3556452147b60f0,mlp,occlusion,insertion,training_median,False,True,False,True,0,BENIGN,predicted_class_of_audited_model,0.999788182307384,0.0003796617820626,0.004094898605029584,0.0013900278853572843,0.0027048707196723,0.00039242852741254436,0.001935710805943713,-0.006174810870605484,0.010269709475635068,1.1023226976394653,0.7911228740811349,0.3111998533606529,5,trapezoid_from_zero_normalized_by_max_fraction,True,correct,true_negative,medium,low,binary
cicids2017_binary,46,0,BENIGN,rid_9efd86602a5385a2a95289523eb3ac70,mlp,occlusion,insertion,training_median,False,True,False,True,0,BENIGN,predicted_class_of_audited_model,0.9999967478574944,0.000588227332173,0.0042643659980768685,0.003613094307642001,0.0006512716904348677,8.305993083558184e-05,0.0004884742259971273,0.0012506499410048946,0.003013716057071974,0.7619837522506714,0.4632891498655082,0.2986945934444666,5,trapezoid_from_zero_normalized_by_max_fraction,True,correct,true_negative,medium,low,binary
cicids2017_binary,46,0,BENIGN,rid_00a8aa6dc5d02412a6de923761e7e3f7,mlp,occlusion,insertion,training_median,False,True,False,True,0,BENIGN,predicted_class_of_audited_model,1.0,0.0005914794746786,0.004267140524461865,-0.029350182725837167,0.033617323250299036,0.006971623885408924,0.019952940434897544,-0.05872569296630001,0.06299283349076187,2.795384168624878,2.01431955909729,0.7810646095275879,5,trapezoid_from_zero_normalized_by_max_fraction,True,correct,true_negative,high,medium,binary
cicids2017_binary,46,0,BENIGN,rid_f926fc93fc3560c8978d787f9f9b030f,mlp,occlusion,insertion,training_median,False,False,True,True,1,ATTACK,predicted_class_of_audited_model,0.0098836561664938,0.0092921766918152,-0.001233116403160154,0.22654899809950754,-0.22778211450266772,0.022952583155626226,-0.27276917748769514,0.18459046389252187,-0.18582358029568202,2.230611562728882,2.486555884361267,-0.25594422626495367,5,trapezoid_from_zero_normalized_by_max_fraction,False,error,false_positive,low,medium,binary
cicids2017_binary,46,0,BENIGN,rid_bf5879af6b9ed09bb4048e353456451f,mlp,occlusion,insertion,training_median,False,True,False,True,0,BENIGN,predicted_class_of_audited_model,0.9999999999988958,0.0005914794735743,0.0042671405231218375,-0.0020637569377308994,0.006330897460852738,0.002455819889087547,0.0015174904782411461,-0.024498920404305173,0.028766060927427003,2.480678081512451,2.3397647438049316,0.14091343307495113,5,trapezoid_from_zero_normalized_by_max_fraction,True,correct,true_negative,medium,medium,binary
cicids2017_binary,46,0,BENIGN,rid_4e675e80c8e3306f2366473cf11ab0ac,mlp,occlusion,insertion,training_median,False,True,False,True,0,BENIGN,predicted_class_of_audited_model,0.9998119741794652,0.000403453654144,0.004123775368588855,-0.06980770940043185,0.07393148476902071,0.010585106322195495,0.053184676377517545,-0.07902980500450785,0.0831535803730967,2.450059413909912,2.4313438658714293,0.01871561956405645,5,trapezoid_from_zero_normalized_by_max_fraction,True,correct,true_negative,medium,low,binary
cicids2017_binary,46,0,BENIGN,rid_ffa24a48dd2983c6dca365eed31ea353,mlp,occlusion,insertion,training_median,False,False,True,True,1,ATTACK,predicted_class_of_audited_model,0.1042201444506645,0.1036286649759859,0.0515179283451289,0.528486245709438,-0.47696831736430906,0.01843637342817822,-0.5131036092835384,0.2309269716914417,-0.1794090433463128,4.615206718444824,5.502491762161255,-0.8872850914001467,5,trapezoid_from_zero_normalized_by_max_fraction,False,error,false_positive,low,medium,binary
cicids2017_binary,46,0,BENIGN,rid_8496b91f72a2d99ec685695fd2a8a199,mlp,occlusion,insertion,training_median,False,True,False,True,0,BENIGN,predicted_class_of_audited_model,0.9999989949989184,0.0005904744735971,0.00426689611721267,-0.057371799568425266,0.06163869568563793,0.010036325171296231,0.04196749834989731,-0.08275486812884589,0.08702176424605854,2.296139717102051,1.8981697077751156,0.39797010469436644,5,trapezoid_from_zero_normalized_by_max_fraction,True,correct,true_negative,medium,low,binary
cicids2017_binary,46,0,BENIGN,rid_bbf14f7fcbf6d6800407135e3d149019,mlp,occlusion,insertion,training_median,False,True,False,True,0,BENIGN,predicted_class_of_audited_model,0.9997462586034088,0.0003377380780876,0.004078714146771745,0.001446331006473883,0.0026323831402978617,0.0005190717615326104,0.0016150024876939455,-0.00411621163044606,0.008194925777217806,0.9915167689323425,0.7024290013313292,0.2890877377986908,5,trapezoid_from_zero_normalized_by_max_fraction,True,correct,true_negative,medium,low,binary
cicids2017_binary,46,0,BENIGN,rid_75b129c224661d8dd23bb6a8bd175503,mlp,occlusion,insertion,training_median,False,True,False,True,0,BENIGN,predicted_class_of_audited_model,0.9999999966113376,0.0005914760860161,0.004267138751890864,-0.02047272622861867,0.024739864980509535,0.005836369278180956,0.013300581195274861,-0.1163920921040841,0.12065923085597496,7.496288299560547,5.025250043869018,2.4710384464263915,5,trapezoid_from_zero_normalized_by_max_fraction,True,correct,true_negative,medium,medium,binary
cicids2017_binary,46,0,BENIGN,rid_a89bfa21ffacfde7a89fb6ad5e660b02,mlp,occlusion,insertion,training_median,False,False,True,True,1,ATTACK,predicted_class_of_audited_model,0.0013308533234521,0.0007393738487735,-0.0032392580555153927,0.0019979132865822757,-0.0052371713420976684,0.0007581518292478514,-0.0067231489274234574,0.010083765006562316,-0.01332302306207771,1.0027066469192505,0.7796576445102692,0.22304902625083928,5,trapezoid_from_zero_normalized_by_max_fraction,False,error,false_positive,low,medium,binary
cicids2017_binary,46,0,BENIGN,rid_7912c863659518b36c41df99a87c5b56,mlp,occlusion,insertion,training_median,False,True,False,True,0,BENIGN,predicted_class_of_audited_model,0.9999853015406188,0.0005767810152974,0.004255781265413816,0.002803579791429911,0.0014522014739839053,0.0002419494522650119,0.0009779805475444818,0.0003152275138337473,0.003940553751580069,0.9022296667098999,0.5815880205631256,0.3206417534351349,5,trapezoid_from_zero_normalized_by_max_fraction,True,correct,true_negative,medium,low,binary
cicids2017_binary,46,0,BENIGN,rid_a20824ef144ecdc3922bcc1a96955450,mlp,occlusion,insertion,training_median,False,True,False,True,0,BENIGN,predicted_class_of_audited_model,0.9999932551195344,0.0005847345942128,0.00426082160556689,0.0034524923323500474,0.0008083292732168417,0.00012223873429436727,0.0005687413539998819,0.0008445288080390583,0.0034162927975278307,0.7898474335670471,0.44451577398180964,0.3453315880596638,5,trapezoid_from_zero_normalized_by_max_fraction,True,correct,true_negative,medium,low,binary
cicids2017_binary,46,0,BENIGN,rid_8758fdc4ff5685ecde53b61ff765e3ed,mlp,occlusion,insertion,training_median,False,True,False,True,0,BENIGN,predicted_class_of_audited_model,0.9998873611475574,0.000478840622236,0.004182113092128825,0.002875634153659333,0.0013064789384694925,0.00029678109098699125,0.0007247880001349896,-0.0013772105827730766,0.005559323674901901,1.067020297050476,0.8582606037855148,0.20875971114635467,5,trapezoid_from_zero_normalized_by_max_fraction,True,correct,true_negative,medium,low,binary
cicids2017_binary,46,0,BENIGN,rid_48f94ae286d65222dfc44ac8512c5662,mlp,occlusion,insertion,training_median,False,True,False,True,0,BENIGN,predicted_class_of_audited_model,0.99995819799733,0.0005496774720085,0.004232028688875289,0.00278480705066994,0.0014472216382053489,0.00022407380115395934,0.0010080369879435886,-0.0009406844334879593,0.005172713122363249,0.8878917694091797,0.5484017952680588,0.3394900158643722,5,trapezoid_from_zero_normalized_by_max_fraction,True,correct,true_negative,medium,low,binary
cicids2017_binary,46,0,BENIGN,rid_c48998b335b5469e20d69cd600e86b7c,mlp,occlusion,insertion,training_median,False,False,True,True,1,ATTACK,predicted_class_of_audited_model,0.0008195675909519,0.0002280881162733,-0.0036286579485334865,-6.273592021670965e-05,-0.003565922028316777,0.0005919382218584296,-0.004726120943159299,0.007537124735466933,-0.011165782684000418,0.8541545867919922,0.5950582047402859,0.2590963999330997,5,trapezoid_from_zero_normalized_by_max_fraction,False,error,false_positive,low,low,binary
cicids2017_binary,46,0,BENIGN,rid_67ee6355cb8386fb76545c2d34eab1c8,mlp,occlusion,insertion,training_median,False,False,True,True,1,ATTACK,predicted_class_of_audited_model,0.0165551155805587,0.0159636361058801,0.00459214800503105,0.27017116818074766,-0.26557902017571666,0.022950671027214275,-0.31056233538905664,0.2686995160364856,-0.2641073680314546,4.237857818603516,5.052257898330688,-0.8144000797271727,5,trapezoid_from_zero_normalized_by_max_fraction,False,error,false_positive,low,medium,binary
cicids2017_binary,46,0,BENIGN,rid_738fb70158d37651b76ada1e423e77c9,mlp,occlusion,insertion,training_median,False,True,False,True,0,BENIGN,predicted_class_of_audited_model,0.9999755212684248,0.0005670007431035,0.004247098083613565,-0.04379878319804951,0.04804588128166307,0.008664396763029112,0.031063663626126014,-0.1166723269684298,0.12091942505204337,1.1613255739212036,0.7848967877626418,0.3764287623167038,5,trapezoid_from_zero_normalized_by_max_fraction,True,correct,true_negative,medium,low,binary
cicids2017_binary,46,0,BENIGN,rid_cd682ca793c52cc1ebe362c9399373b5,mlp,occlusion,insertion,training_median,False,True,False,True,0,BENIGN,predicted_class_of_audited_model,0.9999999472874066,0.0005914267620851,0.004267102545365619,-0.1371791294980991,0.1414462320434647,0.017670851708224657,0.10681136269534439,-0.10810914321691807,0.1123762457622837,0.720093309879303,0.4740072225332261,0.24608608138561244,5,trapezoid_from_zero_normalized_by_max_fraction,True,correct,true_negative,medium,medium,binary
cicids2017_binary,46,0,BENIGN,rid_31e4125e46c7e94e4315f45742a03086,mlp,occlusion,insertion,training_median,False,True,False,True,0,BENIGN,predicted_class_of_audited_model,0.9999998223545816,0.0005913018292602,0.004266995295692061,-0.02078291013596976,0.02504990543166182,0.006076321007345206,0.013140316257265219,-0.06831402959419407,0.07258102488988613,1.9938465356826782,1.376390662908554,0.6174557654857635,5,trapezoid_from_zero_normalized_by_max_fraction,True,correct,true_negative,medium,medium,binary
cicids2017_binary,46,0,BENIGN,rid_0ee6964c28005d1134f467286c086ae0,mlp,occlusion,insertion,training_median,False,False,True,True,1,ATTACK,predicted_class_of_audited_model,0.000711454253178,0.0001199747784993,-0.003724272222095237,0.0007493719117254616,-0.004473644133820699,0.0005995199029769539,-0.005648703143655528,0.0066315690291721685,-0.010355841251267407,0.9297773241996765,0.6172169049978257,0.312560395359993,5,trapezoid_from_zero_normalized_by_max_fraction,False,error,false_positive,low,low,binary
cicids2017_binary,46,0,BENIGN,rid_33c74b66d36ad400cee70e3459c4f9a1,mlp,occlusion,insertion,training_median,False,False,True,True,1,ATTACK,predicted_class_of_audited_model,0.0442583598196506,0.043666880344972,0.027346605061393348,0.08227960340916259,-0.054932998347769234,0.009466043764344132,-0.07348644412588373,0.15948645103082273,-0.13213984596942938,1.9929958581924438,1.4487906239032744,0.5442051866054536,5,trapezoid_from_zero_normalized_by_max_fraction,False,error,false_positive,low,medium,binary
cicids2017_binary,46,0,BENIGN,rid_404e4a59dddfd125b37146daf3a4bb51,mlp,occlusion,insertion,training_median,False,True,False,True,0,BENIGN,predicted_class_of_audited_model,0.9999999997918276,0.000591479266506,0.004267140393718005,-0.020918889970134094,0.025186030363852096,0.004854799567966854,0.01567062321063706,-0.04874611011560052,0.05301325050931852,1.6409542560577393,1.2508620555400847,0.3900922362804414,5,trapezoid_from_zero_normalized_by_max_fraction,True,correct,true_negative,medium,medium,binary
cicids2017_binary,46,0,BENIGN,rid_17767d860612eb92ec94b81fde3edd9e,mlp,occlusion,insertion,training_median,False,False,True,True,1,ATTACK,predicted_class_of_audited_model,0.0015570735558867,0.000965594081208,-0.003074558054279919,0.0015160831454049909,-0.0045906411996849104,0.0007777517568597087,-0.00611503464312994,0.009231068903646758,-0.012305626957926676,0.959488034248352,0.739250931084156,0.22023710316419604,5,trapezoid_from_zero_normalized_by_max_fraction,False,error,false_positive,low,medium,binary
cicids2017_binary,46,0,BENIGN,rid_c9d6beebeeb6e075b5be1f02bb66a9a2,mlp,occlusion,insertion,training_median,False,True,False,True,0,BENIGN,predicted_class_of_audited_model,0.9999972244363562,0.0005887039110347,0.004250621665461552,-0.004815771506908995,0.009066393172370546,0.0019347376475420223,0.0052743073831881815,-0.012544612301687071,0.016795233967148625,0.7052050232887268,0.5098631629943847,0.19534184241294858,5,trapezoid_from_zero_normalized_by_max_fraction,True,correct,true_negative,medium,low,binary
cicids2017_binary,46,0,BENIGN,rid_43274cae4f335cd2e483d913b1cf0b56,mlp,occlusion,insertion,training_median,False,False,True,True,1,ATTACK,predicted_class_of_audited_model,0.0006323402049019,4.08607302233e-05,-0.0038119151084231363,0.0029643263518973994,-0.006776241460320536,0.0010206796344554476,-0.008776773543853214,0.010841592774140964,-0.014653507882564098,1.0518972873687744,0.7975242435336113,0.25437299615144726,5,trapezoid_from_zero_normalized_by_max_fraction,False,error,false_positive,low,low,binary
cicids2017_binary,46,0,BENIGN,rid_29abb4587de9f66544316c349f6c8ae9,mlp,occlusion,insertion,training_median,False,True,False,True,0,BENIGN,predicted_class_of_audited_model,0.9999999999999988,0.0005914794746772,0.004267140478578679,-0.007949517763387965,0.012216658241966645,0.004981010730453577,0.002453877210277634,-0.04062211386760785,0.04488925434618653,2.038268566131592,1.7756440052986147,0.26262444162368775,5,trapezoid_from_zero_normalized_by_max_fraction,True,correct,true_negative,high,medium,binary
cicids2017_binary,46,0,BENIGN,rid_25e2bb619b65a6334f8a28659c35b7c1,mlp,occlusion,insertion,training_median,False,False,True,True,1,ATTACK,predicted_class_of_audited_model,0.0013893332798033,0.0007978538051247,-0.0031966234787205398,0.0003438793999979736,-0.003540502878718514,0.0006607642995498904,-0.004835600905836299,0.008081463754256675,-0.011278087232977213,0.8720605969429016,0.6214919180870055,0.2505686848163605,5,trapezoid_from_zero_normalized_by_max_fraction,False,error,false_positive,low,medium,binary
cicids2017_binary,46,0,BENIGN,rid_d299090fcdf84f6c9f5ae25b87eb79e0,mlp,occlusion,insertion,training_median,False,False,True,True,1,ATTACK,predicted_class_of_audited_model,0.001185136497952,0.0005936570232734,-0.0033640955690998455,0.0012952451263258807,-0.004659340695425727,0.000829767383213519,-0.006285684766524224,0.008474729808246706,-0.011838825377346554,0.9044995307922363,0.6264638748168945,0.2780357155799866,5,trapezoid_from_zero_normalized_by_max_fraction,False,error,false_positive,low,medium,binary
cicids2017_binary,46,0,BENIGN,rid_576ab03eda22c9324601ba233da161c3,mlp,occlusion,insertion,training_median,False,True,False,True,0,BENIGN,predicted_class_of_audited_model,0.9999999450226652,0.0005914244973439,0.004267098445278372,-0.04119882875362183,0.0454659271989002,0.00888837168528012,0.028044718695751165,-0.08524907616768165,0.08951617461296002,1.3316701650619507,0.9542632799148558,0.3774069089889526,5,trapezoid_from_zero_normalized_by_max_fraction,True,correct,true_negative,medium,medium,binary
cicids2017_binary,46,0,BENIGN,rid_59592a75017d75f3c5c8aa1b1670312d,mlp,occlusion,insertion,training_median,False,True,False,True,0,BENIGN,predicted_class_of_audited_model,0.999995394659436,0.0005868741341145,0.004263256555520911,0.0036211027017023414,0.0006421538538185701,8.680788825142201e-05,0.00047201039284578295,0.0014937600176959903,0.002769496537824921,0.7577289938926697,0.4752832486331463,0.28244572737813,5,trapezoid_from_zero_normalized_by_max_fraction,True,correct,true_negative,medium,low,binary
cicids2017_binary,46,0,BENIGN,rid_a015297c2d8f5f21cb12561a0da20e3d,mlp,occlusion,insertion,training_median,False,True,False,True,0,BENIGN,predicted_class_of_audited_model,0.9999999099025558,0.0005913893772344,0.0042671261920811335,-0.0362103490919055,0.040477475283986625,0.008356954794717205,0.024097843886340904,-0.04379596311419802,0.04806308930627916,1.4660279750823975,1.3377594900131227,0.1282686042785644,5,trapezoid_from_zero_normalized_by_max_fraction,True,correct,true_negative,medium,medium,binary
cicids2017_binary,46,0,BENIGN,rid_cf05a87d3be1cefdf0b2e3b47d86acbb,mlp,occlusion,insertion,training_median,False,True,False,True,0,BENIGN,predicted_class_of_audited_model,0.9999896337521932,0.0005811132268717,0.004258316974568289,0.0032968555324634106,0.000961461442104877,0.00014792274401075306,0.000671532863843801,-0.0004356534323077312,0.0046939704068760186,0.67610764503479,0.42935143437981615,0.24675618979334826,5,trapezoid_from_zero_normalized_by_max_fraction,True,correct,true_negative,medium,low,binary
cicids2017_binary,46,0,BENIGN,rid_d2153ff0be36c656f979a303ac30c363,mlp,occlusion,insertion,training_median,False,False,True,True,1,ATTACK,predicted_class_of_audited_model,0.000997703638859,0.0004062241641803,-0.003502709199486276,-0.0007378366337646862,-0.0027648725657215896,0.0004830358670157162,-0.0037116228650723934,0.007364943599544404,-0.01086765279903068,0.9014727473258972,0.6772700963616372,0.22420263904333115,5,trapezoid_from_zero_normalized_by_max_fraction,False,error,false_positive,low,low,binary
cicids2017_binary,46,0,BENIGN,rid_16a5dcaff82be6659ceb8badc1d1cbc8,mlp,occlusion,insertion,training_median,False,False,True,True,1,ATTACK,predicted_class_of_audited_model,0.0012150056427344,0.0006235261680557,-0.003304813504465187,0.0004221441150341432,-0.0037269576194993302,0.0005407031876372548,-0.0047867358672683494,0.006394012164098967,-0.009698825668564155,1.02965247631073,0.7718639953136444,0.2577884094715118,5,trapezoid_from_zero_normalized_by_max_fraction,False,error,false_positive,low,medium,binary
cicids2017_binary,46,0,BENIGN,rid_10e1ffd3024894e3dc4f3a42f187b985,mlp,occlusion,insertion,training_median,False,False,True,True,1,ATTACK,predicted_class_of_audited_model,0.0011487684678286,0.0005572889931499,-0.0033831633856920007,-0.00013451178221509947,-0.0032486516034769012,0.0005157611742454203,-0.004259543504997925,0.007784381656766073,-0.011167545042458073,0.8451453447341919,0.6110544930696488,0.2340908337831497,5,trapezoid_from_zero_normalized_by_max_fraction,False,error,false_positive,low,low,binary
cicids2017_binary,46,0,BENIGN,rid_bbe7b9f096241b542d1bd97d37ae1d09,mlp,occlusion,insertion,training_median,False,True,False,True,0,BENIGN,predicted_class_of_audited_model,0.9999999999998954,0.0005914794745739,0.00426714052439261,0.0024761725542053123,0.0017909679701872973,0.0005523758584944509,0.0007083112875381735,-0.021804176412823017,0.02607131693721563,1.5719949007034302,1.2027662460803985,0.36922853541374206,5,trapezoid_from_zero_normalized_by_max_fraction,True,correct,true_negative,medium,medium,binary
cicids2017_binary,46,0,BENIGN,rid_3d336a6d73aec3edfdfa1f4990f17477,mlp,occlusion,insertion,training_median,False,True,False,True,0,BENIGN,predicted_class_of_audited_model,0.999992220770764,0.0005837002454427,0.0042596586279159965,0.0034828541707687464,0.0007768044571472503,0.00011334968346509702,0.0005546390775556601,0.0012021968761974904,0.0030574617517185056,0.7832764387130737,0.4559904066473246,0.3272860469669103,5,trapezoid_from_zero_normalized_by_max_fraction,True,correct,true_negative,medium,low,binary
cicids2017_binary,46,0,BENIGN,rid_2b8b5d73c5f1426bd19a2f530bb5249a,mlp,occlusion,insertion,training_median,False,True,False,True,0,BENIGN,predicted_class_of_audited_model,0.999999999998223,0.0005914794729015,0.004267140522031698,-0.02684140345923417,0.03110854398126587,0.009305436522529433,0.01286988839710818,-0.07603908235320793,0.08030622287523963,2.0268120765686035,1.4491561045646668,0.5776560196876526,5,trapezoid_from_zero_normalized_by_max_fraction,True,correct,true_negative,medium,medium,binary
cicids2017_binary,46,0,BENIGN,rid_36accd7ba3e5e1d29c2de2096f079d4d,mlp,occlusion,insertion,training_median,False,False,True,True,1,ATTACK,predicted_class_of_audited_model,0.1423956304788589,0.1418041510041802,0.0576763665925398,0.19708331279890845,-0.13940694620636862,0.019548794436960153,-0.17772258330281052,0.12145310506541734,-0.06377673847287754,1.8841469287872314,2.0508035640716553,-0.16665663528442387,5,trapezoid_from_zero_normalized_by_max_fraction,False,error,false_positive,low,medium,binary
cicids2017_binary,46,0,BENIGN,rid_49ce8e05264e5aa4ca90818a8c098f95,mlp,occlusion,insertion,training_median,False,True,False,True,0,BENIGN,predicted_class_of_audited_model,0.9999818400556252,0.0005733195303036,0.0042504502329848036,0.003178664781821169,0.0010717854511636347,0.00018266313506464467,0.0007137657064369312,0.0008691726547492636,0.00338127757823554,0.8022502660751343,0.488985358119011,0.31326490795612333,5,trapezoid_from_zero_normalized_by_max_fraction,True,correct,true_negative,medium,low,binary
cicids2017_binary,46,0,BENIGN,rid_218adb25f7da8734889649a3c04b6cc0,mlp,occlusion,insertion,training_median,False,True,False,True,0,BENIGN,predicted_class_of_audited_model,0.9999999893780602,0.0005914688527388,0.004266837454811889,-0.025932465792174977,0.030199303246986862,0.007501769087247818,0.01549583583598114,-0.05922281873392461,0.0634896561887365,1.3985693454742432,1.0307438607215882,0.3678256039619446,5,trapezoid_from_zero_normalized_by_max_fraction,True,correct,true_negative,medium,medium,binary
cicids2017_binary,46,0,BENIGN,rid_6fb4e963cb5cb7966bf59bf42b943c3f,mlp,occlusion,insertion,training_median,False,False,True,True,1,ATTACK,predicted_class_of_audited_model,0.0009801760315895,0.0003886965569109,-0.0035339433645248165,0.0007914156643898879,-0.004325359028914705,0.0006572497351277575,-0.00561356850976511,0.005917616751615924,-0.00945156011614074,0.9122506976127625,0.6155604636669159,0.2966902637481689,5,trapezoid_from_zero_normalized_by_max_fraction,False,error,false_positive,low,low,binary
cicids2017_binary,46,0,BENIGN,rid_11058294fd9f2ee2f9a8f51f08f4fc4c,mlp,occlusion,insertion,training_median,False,True,False,True,0,BENIGN,predicted_class_of_audited_model,0.9999962814545142,0.0005877609291928,0.004263114793047862,0.0036148219941620425,0.0006482927988858194,7.972808628670022e-05,0.000492025749763887,0.001540853992877601,0.002722260800170261,0.717552125453949,0.4143833443969488,0.3031687601953745,5,trapezoid_from_zero_normalized_by_max_fraction,True,correct,true_negative,medium,low,binary
cicids2017_binary,46,0,BENIGN,rid_8aaa9e0ebb0532091fd178b435845ee8,mlp,occlusion,insertion,training_median,False,False,True,True,1,ATTACK,predicted_class_of_audited_model,0.0046414756216108,0.0040499961469322,-0.0011454278632299973,0.0998355699032478,-0.1009809977664778,0.011527586752965354,-0.1235750678022899,0.23122772089165156,-0.23237314875488155,1.3739653825759888,0.9212223223447799,0.452743024468422,5,trapezoid_from_zero_normalized_by_max_fraction,False,error,false_positive,low,medium,binary
cicids2017_binary,46,0,BENIGN,rid_55233f6705e497375a0ec0101649f0c0,mlp,occlusion,insertion,training_median,False,True,False,True,0,BENIGN,predicted_class_of_audited_model,0.9999999999999932,0.0005914794746718,0.004267140506800415,-0.022843607170815756,0.027110747677616173,0.0077150087666525155,0.011989330494977243,-0.05339446533013144,0.05766160583693185,2.182821273803711,1.5401101388931275,0.6427112064361571,5,trapezoid_from_zero_normalized_by_max_fraction,True,correct,true_negative,medium,medium,binary
cicids2017_binary,46,0,BENIGN,rid_a3e5b70fbc80c4e69385e7bda5970aca,mlp,occlusion,insertion,training_median,False,True,False,True,0,BENIGN,predicted_class_of_audited_model,0.999999999984996,0.0005914794596745,0.004267140511836303,0.003030616788535112,0.0012365237233011917,0.0002432537989470243,0.0007597462773650241,-0.005452336020616762,0.009719476532453065,1.6267125606536865,0.9824429664611818,0.6442695465087891,5,trapezoid_from_zero_normalized_by_max_fraction,True,correct,true_negative,medium,medium,binary
cicids2017_binary,46,0,BENIGN,rid_e0a0071473a01dd72ab005d7b86d1491,mlp,occlusion,insertion,training_median,False,True,False,True,0,BENIGN,predicted_class_of_audited_model,0.9999999996827856,0.000591479157464,0.004267140307070904,-0.01850183803921791,0.02276897834628882,0.005378495539665067,0.012227127088545288,-0.06355709779784105,0.06782423810491195,1.6359946727752686,1.2636404776573182,0.37235431432724,5,trapezoid_from_zero_normalized_by_max_fraction,True,correct,true_negative,medium,medium,binary
cicids2017_binary,46,0,BENIGN,rid_9a58adfbe12585e92b539cb67966edca,mlp,occlusion,insertion,training_median,False,False,True,True,1,ATTACK,predicted_class_of_audited_model,0.0009930917294695,0.0004016122547908,-0.003490918231213414,-0.00038096429495715236,-0.0031099539362562613,0.0005790424165223953,-0.004244877072640156,0.007110959062122446,-0.01060187729333586,0.8660557866096497,0.6629060291647912,0.20314970380067826,5,trapezoid_from_zero_normalized_by_max_fraction,False,error,false_positive,low,low,binary
cicids2017_binary,46,0,BENIGN,rid_4c5e4caea98f2bde83943abe9dbb58a4,mlp,occlusion,insertion,training_median,False,False,True,True,1,ATTACK,predicted_class_of_audited_model,0.0005966452881693,5.165813490699942e-06,-0.0031602905369254586,0.053947379123060114,-0.05710766965998558,0.00998052952177258,-0.07666950752265983,0.10076082508525147,-0.10392111562217693,1.1021242141723633,0.7983325449228287,0.30379171693325036,5,trapezoid_from_zero_normalized_by_max_fraction,False,error,false_positive,low,low,binary
cicids2017_binary,46,0,BENIGN,rid_2aa6d3827b6f9f3c5a2b6d5b774bf0f3,mlp,occlusion,insertion,training_median,False,False,True,True,1,ATTACK,predicted_class_of_audited_model,0.0014818387571722,0.0008903592824936,-0.002829684899188578,0.07696601014172266,-0.07979569504091125,0.012867189100166019,-0.10501538567723664,0.08233622632617454,-0.08516591122536311,0.8226315379142761,0.5186933535933494,0.30393821412324906,5,trapezoid_from_zero_normalized_by_max_fraction,False,error,false_positive,low,medium,binary
cicids2017_binary,46,0,BENIGN,rid_faabbeb1376b780e2712ce30663bf964,mlp,occlusion,insertion,training_median,False,True,False,True,0,BENIGN,predicted_class_of_audited_model,0.9999771537768538,0.0005686332515324,0.00424809346964139,0.003152829856715698,0.0010952636129256917,0.00016345685509823644,0.0007748881769331483,0.0003216189610861875,0.003926474508555202,0.756074070930481,0.44457212573289884,0.3115019779801368,5,trapezoid_from_zero_normalized_by_max_fraction,True,correct,true_negative,medium,low,binary
cicids2017_binary,46,0,BENIGN,rid_ffe995d64809d47d80c2aeae4a80e95e,mlp,occlusion,insertion,training_median,False,False,True,True,1,ATTACK,predicted_class_of_audited_model,0.0007342118769884,0.0001427324023097,-0.00368617813437595,-0.0014930627935378312,-0.002193115340838119,0.00042455356263213515,-0.0030252403235971038,0.004274711879848837,-0.007960890014224786,0.9230064153671265,0.6002094742357731,0.3227969530522824,5,trapezoid_from_zero_normalized_by_max_fraction,False,error,false_positive,low,low,binary
cicids2017_binary,46,0,BENIGN,rid_e495cde113ca9f0d5ee9ee7fd15385f6,mlp,occlusion,insertion,training_median,False,True,False,True,0,BENIGN,predicted_class_of_audited_model,0.9999871375530348,0.0005786170277132,0.004255065733559604,0.003336548765354593,0.0009185169682050115,0.00015699642838449832,0.0006108039685713948,0.0005677104252738445,0.0036873553082857596,0.7728411555290222,0.45108116286993016,0.3217599866986275,5,trapezoid_from_zero_normalized_by_max_fraction,True,correct,true_negative,medium,low,binary
cicids2017_binary,46,0,BENIGN,rid_c13874781c601a071326c9e28f136be4,mlp,occlusion,insertion,training_median,False,True,False,True,0,BENIGN,predicted_class_of_audited_model,0.999485985841602,7.746531628070007e-05,0.0038652919109154024,0.000951930824116573,0.0029133610867988296,0.0005877477181625968,0.0017613755592001399,-0.004135933657592091,0.008001225568507492,0.8919256329536438,0.55610766980052,0.33581789162755016,5,trapezoid_from_zero_normalized_by_max_fraction,True,correct,true_negative,medium,low,binary
cicids2017_binary,46,0,BENIGN,rid_5df29c8a5f5b2ad4ccd55c10766f4259,mlp,occlusion,insertion,training_median,False,False,True,True,1,ATTACK,predicted_class_of_audited_model,0.000984277925454,0.0003927984507754,-0.0035145945352041963,0.00209660151939147,-0.005611196054595665,0.000880975517088554,-0.007337908068089231,0.005985868111138416,-0.00950046264634261,0.8994189500808716,0.601876961529255,0.29754193490743636,5,trapezoid_from_zero_normalized_by_max_fraction,False,error,false_positive,low,low,binary
cicids2017_binary,46,0,BENIGN,rid_3e8698108279fbea4c2f47b0a87217da,mlp,occlusion,insertion,training_median,False,True,False,True,0,BENIGN,predicted_class_of_audited_model,0.9999765372103866,0.0005680166850651,0.004245259463260503,-0.03618068803950223,0.04042594750276273,0.007364677044845129,0.025991180494866276,-0.0914623038051548,0.09570756326841531,1.5525603294372559,1.1585451191663743,0.3940152102708817,5,trapezoid_from_zero_normalized_by_max_fraction,True,correct,true_negative,medium,low,binary
cicids2017_binary,46,0,BENIGN,rid_49dd598d53abe12b066b4d046b9b8d53,mlp,occlusion,insertion,training_median,False,False,True,True,1,ATTACK,predicted_class_of_audited_model,0.0034513594582676,0.002859879983589,-0.002283974852088022,0.04116779202713554,-0.043451766879223565,0.008723193019765155,-0.06054922519796327,0.13278462096403312,-0.13506859581612113,0.6996361017227173,0.6559239063262939,0.04371219539642336,5,trapezoid_from_zero_normalized_by_max_fraction,False,error,false_positive,low,medium,binary
cicids2017_binary,46,0,BENIGN,rid_c3b3ebfdce93e4ff3712f985c9636557,mlp,occlusion,insertion,training_median,False,True,False,True,0,BENIGN,predicted_class_of_audited_model,0.999999999996912,0.0005914794715904,0.0042671405240363395,-0.0143552705777443,0.018622411101780645,0.00570804309536144,0.007434646634872222,-0.03070179614122846,0.0349689366652648,1.6516406536102295,1.319387241601944,0.33225354313850397,5,trapezoid_from_zero_normalized_by_max_fraction,True,correct,true_negative,medium,medium,binary
cicids2017_binary,46,0,BENIGN,rid_bc50109dd4fb5fea2bca98b424714fd2,mlp,occlusion,insertion,training_median,False,False,True,True,1,ATTACK,predicted_class_of_audited_model,0.0008645756170153,0.0002730961423366,-0.003001421218500733,0.023967931012876767,-0.0269693522313775,0.004767641677775943,-0.03631392991981835,0.03128029378022366,-0.034281714998724386,1.0875722169876099,1.0282951996326448,0.05927707695961,5,trapezoid_from_zero_normalized_by_max_fraction,False,error,false_positive,low,low,binary
cicids2017_binary,46,0,BENIGN,rid_e84705870f74d95090d7a7d1040e950b,mlp,occlusion,insertion,training_median,False,True,False,True,0,BENIGN,predicted_class_of_audited_model,0.9999689516043871,0.0005604310790658,0.0042394196360874044,0.0033043675609127376,0.0009350520751746672,0.00017561380189616126,0.0005908490234581912,-0.00046405988672944433,0.004703479522816849,0.8329946398735046,0.4969810705482959,0.33601351568102833,5,trapezoid_from_zero_normalized_by_max_fraction,True,correct,true_negative,medium,low,binary
cicids2017_binary,46,0,BENIGN,rid_4c03d196d9c6c2499292a5e3ace5365b,mlp,occlusion,insertion,training_median,False,True,False,True,0,BENIGN,predicted_class_of_audited_model,0.999998446340669,0.0005899258153476,0.004265910091426783,-0.014632373138509855,0.018898283229936638,0.004522476469012091,0.010034229350672939,-0.02053055209799541,0.02479646218942219,0.8776146769523621,0.6127203930616378,0.264894343495369,5,trapezoid_from_zero_normalized_by_max_fraction,True,correct,true_negative,medium,low,binary
cicids2017_binary,46,0,BENIGN,rid_0b9a15cce4bf307f2699c1a89b526898,mlp,occlusion,insertion,training_median,False,False,True,True,1,ATTACK,predicted_class_of_audited_model,0.0010520187206566,0.0004605392459779,-0.0034689602940034094,0.0002742358891607635,-0.003743196183164173,0.0005820931999903879,-0.004884098855145333,0.007570931000166183,-0.011039891294169593,1.007350206375122,0.7807027266025544,0.22664762282371523,5,trapezoid_from_zero_normalized_by_max_fraction,False,error,false_positive,low,low,binary
cicids2017_binary,46,0,BENIGN,rid_68a14792a8c1adc501061694f4530e5a,mlp,occlusion,insertion,training_median,False,True,False,True,0,BENIGN,predicted_class_of_audited_model,0.9999998547502288,0.0005913342249072,0.004267021981071473,0.004027790140434406,0.00023923184063706589,4.6356675046825704e-05,0.0001483727575452875,0.0021356082994894907,0.0021314136815819822,0.9537633061408997,0.6081731465607881,0.34559011785686017,5,trapezoid_from_zero_normalized_by_max_fraction,True,correct,true_negative,medium,medium,binary
cicids2017_binary,46,0,BENIGN,rid_6d0224305d5c92e2f5022ff95e7a2a31,mlp,occlusion,insertion,training_median,False,True,False,True,0,BENIGN,predicted_class_of_audited_model,0.9999990227718172,0.0005905022464957,0.0042662860885513965,0.003740477986489715,0.0005258081020616816,8.15877471788747e-05,0.0003658961175910872,0.0017734247426247976,0.0024928613459265993,0.699414849281311,0.4642789478003979,0.23513585975766177,5,trapezoid_from_zero_normalized_by_max_fraction,True,correct,true_negative,medium,low,binary
cicids2017_binary,46,0,BENIGN,rid_b8c98e3538d08ba7648e12b04de387a3,mlp,occlusion,insertion,training_median,False,True,False,True,0,BENIGN,predicted_class_of_audited_model,0.999999999048778,0.0005914785234564,0.0042671404511934845,-0.043636852960840584,0.04790399341203406,0.00954540856537873,0.029194992623891747,-0.08133877994726509,0.08560592039845857,2.9958677291870117,2.665536088943482,0.33033171176910403,5,trapezoid_from_zero_normalized_by_max_fraction,True,correct,true_negative,medium,medium,binary
cicids2017_binary,46,0,BENIGN,rid_1be00245891f948f976f37add33b7c0e,mlp,occlusion,insertion,training_median,False,True,False,True,0,BENIGN,predicted_class_of_audited_model,0.9999203617189778,0.0005118411936564,0.0042076212684987405,0.0015499655519544324,0.0026576557165443075,0.00046250284016539244,0.0017511501498201384,-0.0033181474557277203,0.0075257687242264604,0.8412443995475769,0.6176063134074211,0.22363802653551104,5,trapezoid_from_zero_normalized_by_max_fraction,True,correct,true_negative,medium,low,binary
cicids2017_binary,46,0,BENIGN,rid_db9829bc01aeb0c0075f56d08cbf953b,mlp,occlusion,insertion,training_median,False,False,True,True,1,ATTACK,predicted_class_of_audited_model,0.0008719611214473,0.0002804816467686,-0.003584601965516754,-0.00045874373937601826,-0.003125858226140736,0.0005727219643605996,-0.004248393276287512,0.008816388252793786,-0.012400990218310539,0.8620175123214722,0.6293999458253383,0.23261756053566937,5,trapezoid_from_zero_normalized_by_max_fraction,False,error,false_positive,low,low,binary
cicids2017_binary,46,0,BENIGN,rid_0e9c99dc41546daa5951f3bced0eabc1,mlp,occlusion,insertion,training_median,False,True,False,True,0,BENIGN,predicted_class_of_audited_model,0.999990497579347,0.0005819770540255,0.004258706903283382,0.0035033086588224763,0.0007553982444609061,0.00012175335235273085,0.0005167616738495535,0.0005050996718415491,0.0037536072314418335,0.8288214802742004,0.5268548697382213,0.30196656881272793,5,trapezoid_from_zero_normalized_by_max_fraction,True,correct,true_negative,medium,low,binary
cicids2017_binary,46,0,BENIGN,rid_9f8f311c0e26a69354ca77932b274f8e,mlp,occlusion,insertion,training_median,False,False,True,True,1,ATTACK,predicted_class_of_audited_model,0.3284410238265991,0.3278495443519205,0.4257817284669727,0.32232296780113956,0.10345876066583314,0.01815838009848214,0.06786833567280814,0.11435044987274684,0.3114312785942258,2.7400906085968018,2.6336702096462252,0.10642042279243476,5,trapezoid_from_zero_normalized_by_max_fraction,False,error,false_positive,low,medium,binary
cicids2017_binary,46,0,BENIGN,rid_ee1e56492640e611e5eb2d6f96ac0a57,mlp,occlusion,insertion,training_median,False,False,True,True,1,ATTACK,predicted_class_of_audited_model,0.0006599251064471,6.844563176849991e-05,-0.0037765584382128733,-0.0009203401786235189,-0.002856218259589355,0.00044426071237755455,-0.0037269692558493618,0.003741829290253633,-0.007518387728466507,0.9103966951370239,0.7208659772872925,0.18953069996833802,5,trapezoid_from_zero_normalized_by_max_fraction,False,error,false_positive,low,low,binary
cicids2017_binary,46,0,BENIGN,rid_49a96b66cc0bdcade5b6593e1d7771ff,mlp,occlusion,insertion,training_median,False,True,False,True,0,BENIGN,predicted_class_of_audited_model,0.9999670856304874,0.000558565105166,0.0042371502264359154,0.0031766016625767294,0.0010605485638591858,0.0001973700565829681,0.0006737032529565683,-9.927980417319301e-05,0.004336430030609108,0.8224865794181824,0.4729539249837399,0.349532660394907,5,trapezoid_from_zero_normalized_by_max_fraction,True,correct,true_negative,medium,low,binary
cicids2017_binary,46,0,BENIGN,rid_84230b431820cc322bd6c83d072bc328,mlp,occlusion,insertion,training_median,False,False,True,True,1,ATTACK,predicted_class_of_audited_model,0.0009448603377677,0.0003533808630891,-0.003532064985151351,2.9682086245430127e-05,-0.003561747071396781,0.0005706790538659048,-0.004680278016973955,0.006478430812364877,-0.010010495797516226,0.8746250867843628,0.624885668516159,0.249739483833313,5,trapezoid_from_zero_normalized_by_max_fraction,False,error,false_positive,low,low,binary
cicids2017_binary,46,0,BENIGN,rid_d80090d05ad351c5884370e8ce7ff9f4,mlp,occlusion,insertion,training_median,False,True,False,True,0,BENIGN,predicted_class_of_audited_model,0.9999378805296146,0.0005293600042932,0.004211056258827739,0.0029228338639052252,0.0012882223949225136,0.000235007175264853,0.0008276083314034018,-0.0021194800965006378,0.006330536355328377,0.8477648496627808,0.475657131627202,0.3721077120751143,5,trapezoid_from_zero_normalized_by_max_fraction,True,correct,true_negative,medium,low,binary
cicids2017_binary,46,0,BENIGN,rid_f45ac44eeb5ae0c3614b26626c5a5935,mlp,occlusion,insertion,training_median,False,True,False,True,0,BENIGN,predicted_class_of_audited_model,0.9999990818031392,0.0005905612778178,0.004266312355548507,0.0038567298110922365,0.0004095825444562706,5.131453981399779e-05,0.00030900604642083497,0.002187923370721194,0.0020783889848273135,0.6529462933540344,0.3872178048044443,0.26572850345075133,5,trapezoid_from_zero_normalized_by_max_fraction,True,correct,true_negative,medium,medium,binary
cicids2017_binary,46,0,BENIGN,rid_9f99993c4216d94b35b69cf246779315,mlp,occlusion,insertion,training_median,False,True,False,True,0,BENIGN,predicted_class_of_audited_model,0.999996120727701,0.0005876002023796,0.004263880865198643,0.00369121079440211,0.0005726700707965336,9.689408385381485e-05,0.0003827576664430565,0.0014590047810945635,0.0028048760841040805,0.7155763506889343,0.43250721606612197,0.28306917038559914,5,trapezoid_from_zero_normalized_by_max_fraction,True,correct,true_negative,medium,low,binary
cicids2017_binary,46,0,BENIGN,rid_dc908e1b1de5d582a7a2f5c25de5225a,mlp,occlusion,insertion,training_median,False,False,True,True,1,ATTACK,predicted_class_of_audited_model,0.0031761967111378,0.0025847172364592,-0.0015098909323569385,0.11318842629286895,-0.11469831722522587,0.01861933697620581,-0.15119221769858926,0.11914992737880388,-0.12065981831116082,0.9507004022598267,0.7005792789459229,0.2501211829185485,5,trapezoid_from_zero_normalized_by_max_fraction,False,error,false_positive,low,medium,binary
cicids2017_binary,46,0,BENIGN,rid_d0132bcff76b43b113799a0bb19617ab,mlp,occlusion,insertion,training_median,False,False,True,True,1,ATTACK,predicted_class_of_audited_model,0.001066593802534,0.0004751143278553,-0.0033616664877627045,0.0009725611716460778,-0.004334227659408782,0.0007900348176805385,-0.0058826959020626375,0.008330264466609151,-0.011691930954371856,0.9798439145088196,0.6300317119359969,0.3498121787309646,5,trapezoid_from_zero_normalized_by_max_fraction,False,error,false_positive,low,low,binary
cicids2017_binary,46,0,BENIGN,rid_002d9e02b038b2533b2cdb615f4d0517,mlp,occlusion,insertion,training_median,False,True,False,True,0,BENIGN,predicted_class_of_audited_model,0.9999957930881463,0.000587272562825,0.0042502925933618485,-0.010993360756876019,0.015243653350237866,0.0032653382766582983,0.0088435903279876,-0.013154068321030258,0.017404360914392104,0.7155789136886597,0.5500413433313369,0.16553761804103853,5,trapezoid_from_zero_normalized_by_max_fraction,True,correct,true_negative,medium,low,binary
cicids2017_binary,46,0,BENIGN,rid_13eb10a4da788e219937fc01f87bb695,mlp,occlusion,insertion,training_median,False,True,False,True,0,BENIGN,predicted_class_of_audited_model,0.9999995532559184,0.0005910327305968,0.004265778266142206,-0.0014928312012728675,0.005758609467415073,0.002448115397612133,0.0009603032880952924,-0.036319596539266474,0.04058537480540868,1.0655324459075928,0.7748769793510437,0.2906554188728333,5,trapezoid_from_zero_normalized_by_max_fraction,True,correct,true_negative,medium,medium,binary
cicids2017_binary,46,0,BENIGN,rid_32607538c0d178d91936ec27d94ad84c,mlp,occlusion,insertion,training_median,False,True,False,True,0,BENIGN,predicted_class_of_audited_model,0.9999958411558508,0.0005873206305295,0.004249239459538501,-0.0028852279241176606,0.007134467383656162,0.0018250872624913164,0.003557296349173182,-0.010070928063847209,0.014320167523385708,0.7005978226661682,0.509770956516266,0.19082684230804442,5,trapezoid_from_zero_normalized_by_max_fraction,True,correct,true_negative,medium,low,binary
cicids2017_binary,46,0,BENIGN,rid_69321433923ded1c3ab537a0ee0ebc44,mlp,occlusion,insertion,training_median,False,True,False,True,0,BENIGN,predicted_class_of_audited_model,0.9999999999961522,0.0005914794708308,0.004267140502075384,-0.0008857675706320954,0.005152908072707479,0.0020550300313117056,0.0011250492113365363,-0.022034474793237543,0.026301615295312927,1.967660665512085,1.256132276058197,0.7115283775329589,5,trapezoid_from_zero_normalized_by_max_fraction,True,correct,true_negative,medium,medium,binary
cicids2017_binary,46,0,BENIGN,rid_e2d5386b9a8fe4db9b08703490da531d,mlp,occlusion,insertion,training_median,False,False,True,True,1,ATTACK,predicted_class_of_audited_model,0.6675968170166016,0.6670053375419229,0.7192988343071193,0.3937320392878636,0.3255667950192556,0.01387877885009142,0.29836438847307645,0.21563715165215552,0.5036616826549638,3.3189539909362793,3.0059834895133974,0.31297050142288213,5,trapezoid_from_zero_normalized_by_max_fraction,False,error,false_positive,low,medium,binary
cicids2017_binary,46,0,BENIGN,rid_08130a9659a906eb5d715f9a53ee628d,mlp,occlusion,insertion,training_median,False,True,False,True,0,BENIGN,predicted_class_of_audited_model,0.9999999715799516,0.00059145105463,0.004266616925493594,-0.03260261320403089,0.03686923012952449,0.0076313967901548,0.021911692420821083,-0.03319805204239235,0.037464668967885945,1.1018333435058594,0.7955495618581772,0.30628372204303744,5,trapezoid_from_zero_normalized_by_max_fraction,True,correct,true_negative,medium,medium,binary
cicids2017_binary,46,0,BENIGN,rid_1b4b8ca64de99d674a91a73d6955b447,mlp,occlusion,insertion,training_median,False,False,True,True,1,ATTACK,predicted_class_of_audited_model,0.0008015941129997,0.000210114638321,-0.0036358770485094283,0.00016047129461412642,-0.003796348343123555,0.0006230657525504015,-0.005017557218122342,0.007967382701968746,-0.011603259750478172,0.9198711514472961,0.5808690707981586,0.33900202700495724,5,trapezoid_from_zero_normalized_by_max_fraction,False,error,false_positive,low,low,binary
cicids2017_binary,46,0,BENIGN,rid_ed124c0cfb9f341244613144a9873c27,mlp,occlusion,insertion,training_median,False,True,False,True,0,BENIGN,predicted_class_of_audited_model,0.9998593588825316,0.0004508383572102,0.004220551713416575,-0.12250353660539488,0.12672408831881143,0.017198165738734814,0.0930156834708912,-0.11184974226225618,0.11607029397567276,1.01764976978302,0.8632140831947327,0.15443569850921632,5,trapezoid_from_zero_normalized_by_max_fraction,True,correct,true_negative,medium,low,binary
cicids2017_binary,46,0,BENIGN,rid_cb84ffe73ccd663a7ba7be1a2f94208b,mlp,occlusion,insertion,training_median,False,True,False,True,0,BENIGN,predicted_class_of_audited_model,0.9999971938639192,0.0005886733385977,0.004264741572231401,0.003714728895142144,0.0005500126770892566,8.02408661518769e-05,0.00039274057943157795,0.0018287297805042045,0.002436011791727196,0.6961920261383057,0.4113671148121357,0.28482489046454423,5,trapezoid_from_zero_normalized_by_max_fraction,True,correct,true_negative,medium,low,binary
cicids2017_binary,46,0,BENIGN,rid_3926f72071b867c679e8fcde026ad243,mlp,occlusion,insertion,training_median,False,False,True,True,1,ATTACK,predicted_class_of_audited_model,0.0007477153558284,0.0001562358811497,-0.0035853785283393334,0.11954104642268942,-0.12312642495102875,0.014376175246237582,-0.15130372843365442,0.19766830227715815,-0.2012536808054975,1.5013861656188965,0.9041534465551377,0.5972326236963271,5,trapezoid_from_zero_normalized_by_max_fraction,False,error,false_positive,low,low,binary
cicids2017_binary,46,1,ATTACK,rid_d1afa288ac204a797025ab9d0458aaf4,mlp,occlusion,insertion,training_median,False,True,False,True,1,ATTACK,predicted_class_of_audited_model,0.9527955651283264,0.9522040856536478,0.8750637746881693,0.6664956070422956,0.20856816764587383,0.015458490240565463,0.17826952677436553,0.1673532133636768,0.7077105613244925,0.7480913996696472,0.6798289712667465,0.06826240456104278,5,trapezoid_from_zero_normalized_by_max_fraction,True,correct,true_positive,medium,high,binary
cicids2017_binary,46,0,BENIGN,rid_df2092d4c76cfacc9f416f9a5c0aba42,mlp,occlusion,insertion,training_median,False,True,False,True,0,BENIGN,predicted_class_of_audited_model,0.999995247291281,0.0005867267659595,0.00418705468142822,-0.019068974472830496,0.023256029154258714,0.004065799728972428,0.015287061685472756,-0.010477611919584342,0.014664666601012566,0.8131774067878723,0.6358482738733292,0.17732910907268523,5,trapezoid_from_zero_normalized_by_max_fraction,True,correct,true_negative,medium,low,binary
cicids2017_binary,46,0,BENIGN,rid_128839b76407e20f8af0c75233803f63,mlp,occlusion,insertion,training_median,False,False,True,True,1,ATTACK,predicted_class_of_audited_model,0.0050165602006018,0.0044250807259232,-0.0009798054557904833,0.1007939411201869,-0.10177374657597738,0.011416958888289355,-0.12415098599702451,0.2568017695692748,-0.25778157502506527,1.3293654918670654,0.9448685711622238,0.3844970041513443,5,trapezoid_from_zero_normalized_by_max_fraction,False,error,false_positive,low,medium,binary
cicids2017_binary,46,0,BENIGN,rid_0a9037feccf16ba1543e7d103d52f84f,mlp,occlusion,insertion,training_median,False,False,True,True,1,ATTACK,predicted_class_of_audited_model,0.0064581832848489,0.0058667038101703,-0.0005796098517976134,0.23615582647351469,-0.23673543632531227,0.023881683048157857,-0.28354353509970165,0.10705365331076144,-0.10763326316255906,0.6837960481643677,0.5820246303081512,0.1017714536190033,5,trapezoid_from_zero_normalized_by_max_fraction,False,error,false_positive,low,medium,binary
cicids2017_binary,46,0,BENIGN,rid_3cc8a2ed18c39d306dde4ff03e6351a8,mlp,occlusion,insertion,training_median,False,False,True,True,1,ATTACK,predicted_class_of_audited_model,0.0017168306512758,0.0011253511765971,-0.0024037673074161605,0.0836154256141985,-0.08601919292161465,0.01221122944518352,-0.10995320263417435,0.15094065225927283,-0.153344419566689,0.9274944067001343,0.6990594658851623,0.22843495273590092,5,trapezoid_from_zero_normalized_by_max_fraction,False,error,false_positive,low,medium,binary
cicids2017_binary,46,0,BENIGN,rid_3453b6c76d89fe140f20f4064c84ccfe,mlp,occlusion,insertion,training_median,False,False,True,True,1,ATTACK,predicted_class_of_audited_model,0.0083368336781859,0.0077453542035073,0.00047572568291798234,0.2434890183604989,-0.24301329267758093,0.022641303344888,-0.28739024723356144,0.11219947447417075,-0.11172374879125277,0.8524141311645508,0.6121087970733643,0.24030536389350887,5,trapezoid_from_zero_normalized_by_max_fraction,False,error,false_positive,low,medium,binary
cicids2017_binary,46,0,BENIGN,rid_bc0ed2367be1555b07214841c995ed1b,mlp,occlusion,insertion,training_median,False,False,True,True,1,ATTACK,predicted_class_of_audited_model,0.4315876066684723,0.4309961271937937,0.40648995707742863,0.30720976760778257,0.09928018946964615,0.010360870823358561,0.07897288265586336,0.1623611172358137,0.24412883984161496,9.993744850158691,4.697412558317184,5.296332339525223,5,trapezoid_from_zero_normalized_by_max_fraction,False,error,false_positive,low,medium,binary
cicids2017_binary,46,0,BENIGN,rid_a1e96d77431662451ef4e130fa4f3fcf,mlp,occlusion,insertion,training_median,False,False,True,True,1,ATTACK,predicted_class_of_audited_model,0.0009567154920659,0.0003652360173872,-0.0033039202651366393,0.01130327892865678,-0.014607199193793418,0.003627803090220022,-0.021717693250624663,0.023589940459484097,-0.026893860724620737,1.4661140441894531,0.9103031283617019,0.5558109515905381,5,trapezoid_from_zero_normalized_by_max_fraction,False,error,false_positive,low,low,binary
cicids2017_binary,46,0,BENIGN,rid_d8de40d0c84dcda670239cd28002b34c,mlp,occlusion,insertion,training_median,False,False,True,True,1,ATTACK,predicted_class_of_audited_model,0.0086649991571903,0.0080735196825117,0.0011899479781277479,0.2532324706966499,-0.2520425227185221,0.023822756023819044,-0.29873512452520745,0.13016770296433175,-0.128977754986204,0.8604949116706848,0.6150005398988723,0.2454943479299546,5,trapezoid_from_zero_normalized_by_max_fraction,False,error,false_positive,low,medium,binary
cicids2017_binary,46,0,BENIGN,rid_065ba8581948bca671d15fb9c3c3b168,mlp,occlusion,insertion,training_median,False,False,True,True,1,ATTACK,predicted_class_of_audited_model,0.0063427472487092,0.0057512677740306,-0.0010498999570586424,0.22685779819486945,-0.22790769815192813,0.022054652291344505,-0.27113481664296335,0.1566089489881865,-0.15765884894524512,0.6676314473152161,0.552585431098938,0.11504598045349121,5,trapezoid_from_zero_normalized_by_max_fraction,False,error,false_positive,low,medium,binary
cicids2017_binary,46,0,BENIGN,rid_5466ee84ce085dec531cf7aa7718cfbb,mlp,occlusion,insertion,training_median,False,True,False,True,0,BENIGN,predicted_class_of_audited_model,0.99999999999495,0.0005914794696285,0.00426714052054194,0.003578840703610064,0.0006882998169318755,0.0002334186563371189,0.0002307992505111225,-0.0033266714518230397,0.00759381197236498,1.6020033359527588,1.0702687423229218,0.5317345459461212,5,trapezoid_from_zero_normalized_by_max_fraction,True,correct,true_negative,medium,medium,binary
cicids2017_binary,46,0,BENIGN,rid_50d1717711073665ee4afa3401563b63,mlp,occlusion,insertion,training_median,False,False,True,True,1,ATTACK,predicted_class_of_audited_model,0.0007510692812502,0.0001595898065716,-0.0037069288957809476,0.0007243612257339012,-0.004431290121514849,0.0006466246632939903,-0.0056986744615710695,0.009443101374435058,-0.013150030270216006,1.0342843532562256,0.7653491488695146,0.26893512094020844,5,trapezoid_from_zero_normalized_by_max_fraction,False,error,false_positive,low,low,binary
cicids2017_binary,46,0,BENIGN,rid_eb466fece862abe734c122a475d58c22,mlp,occlusion,insertion,training_median,False,True,False,True,0,BENIGN,predicted_class_of_audited_model,0.9999967405512962,0.0005882200259747,0.004264719686405271,0.003554099796987636,0.000710619889417636,0.0001512552451573159,0.00041415960890929683,0.001080796216842131,0.0031839234695631405,1.0471348762512207,0.7290860778689385,0.31804876261949533,5,trapezoid_from_zero_normalized_by_max_fraction,True,correct,true_negative,medium,low,binary
cicids2017_binary,46,0,BENIGN,rid_d6c30c35089599244c8582562eae186f,mlp,occlusion,insertion,training_median,False,True,False,True,0,BENIGN,predicted_class_of_audited_model,0.9999999982393872,0.0005914777140659,0.004267136883945805,-0.009233289034592047,0.013500425918537852,0.004292441763571698,0.005087240061937323,-0.02703491360526017,0.03130205048920597,1.1037991046905518,0.7933424038887024,0.31045672464370727,5,trapezoid_from_zero_normalized_by_max_fraction,True,correct,true_negative,medium,medium,binary
cicids2017_binary,46,0,BENIGN,rid_988d2d6b6008fe479e9a1d8cd3533616,mlp,occlusion,insertion,training_median,False,True,False,True,0,BENIGN,predicted_class_of_audited_model,0.999999999999916,0.0005914794745945,0.004267140255001184,-0.007933398645509872,0.012200538900511055,0.004417770659884795,0.0035417084071368565,-0.030677867280895325,0.03494500753589651,1.260074257850647,1.198056404352188,0.0620177819728851,5,trapezoid_from_zero_normalized_by_max_fraction,True,correct,true_negative,medium,medium,binary
cicids2017_binary,46,0,BENIGN,rid_183b5fde2aa4738c37c8c8f2e6c23630,mlp,occlusion,insertion,training_median,False,False,True,True,1,ATTACK,predicted_class_of_audited_model,0.0063749849796295,0.0057835055049509,-0.0009446005858308128,0.3077763417013299,-0.3087209422871607,0.022621524143248008,-0.3530591296079268,0.13665287412734356,-0.1375974747131744,0.6958115100860596,0.5937287415266037,0.10208274471759796,5,trapezoid_from_zero_normalized_by_max_fraction,False,error,false_positive,low,medium,binary
cicids2017_binary,46,1,ATTACK,rid_d097e7724fa9f92e0935d7b66f1828ae,mlp,occlusion,insertion,training_median,False,True,False,True,1,ATTACK,predicted_class_of_audited_model,0.4056569337844848,0.4050654543098062,0.34379331390373413,0.36638474265122384,-0.022591428747489768,0.01262092120466451,-0.047328434308632206,0.2511953952597178,0.09259791864401631,1.044525384902954,0.6050031524002553,0.4395221430957316,5,trapezoid_from_zero_normalized_by_max_fraction,True,correct,true_positive,low,medium,binary
cicids2017_binary,46,0,BENIGN,rid_a3e42b1cf69f189e09f2b508f7f7273c,mlp,occlusion,insertion,training_median,False,True,False,True,0,BENIGN,predicted_class_of_audited_model,0.9999895304272286,0.0005810099019072,0.0042570120367145135,0.0034694415224023486,0.0007875705143121651,0.00012001889337143636,0.0005523334833041499,0.0009809892602114588,0.0032760227765030545,0.7574650645256042,0.42961877214908595,0.32784626853466037,5,trapezoid_from_zero_normalized_by_max_fraction,True,correct,true_negative,medium,low,binary
cicids2017_binary,46,1,ATTACK,rid_cb1d18b54442084b37f3093e6a85ed34,mlp,occlusion,insertion,training_median,False,True,False,True,1,ATTACK,predicted_class_of_audited_model,0.9999999403953552,0.9994084609206766,0.945732707483694,0.7749248111960237,0.1708078962876702,0.012671784957861153,0.14597119777026235,0.306436262681733,0.639296444801961,2.7182092666625977,1.9433146505355836,0.7748944253921509,5,trapezoid_from_zero_normalized_by_max_fraction,True,correct,true_positive,medium,high,binary
cicids2017_binary,46,1,ATTACK,rid_90bf460c23de7f169569a903b5e5bcd4,mlp,occlusion,insertion,training_median,False,False,True,False,0,BENIGN,predicted_class_of_audited_model,0.9997036708227824,0.0002951502974611,0.0040400151454633715,0.0015448643728620368,0.0024951507726013347,0.00048090017070834664,0.0015525864380129752,-0.0037914244686309074,0.007831439614094278,0.9096851348876953,0.6439163747429848,0.26576877802610394,5,trapezoid_from_zero_normalized_by_max_fraction,False,error,false_negative,medium,low,binary
cicids2017_binary,46,0,BENIGN,rid_925d38c41b222c06fa8bf565a6ad4fa2,mlp,occlusion,insertion,training_median,False,False,True,True,1,ATTACK,predicted_class_of_audited_model,0.0181432794779539,0.0175518000032753,0.011862880922853945,0.10991915077838667,-0.09805626985553273,0.012669426136867643,-0.12288834508379332,0.2204417996456723,-0.20857891872281834,0.4432877004146576,0.3169087792634964,0.1263789211511612,5,trapezoid_from_zero_normalized_by_max_fraction,False,error,false_positive,low,medium,binary
cicids2017_binary,46,0,BENIGN,rid_4d004efc514939388e1451fb90ee062f,mlp,occlusion,insertion,training_median,False,True,False,True,0,BENIGN,predicted_class_of_audited_model,0.9999999999704796,0.0005914794451583,0.004267140515620049,-0.021627376242138355,0.025894516757758407,0.0054275009070255745,0.015256614979988281,-0.09617376912566011,0.10044090964128016,2.6282505989074707,1.862678623199463,0.7655722141265868,5,trapezoid_from_zero_normalized_by_max_fraction,True,correct,true_negative,medium,medium,binary
cicids2017_binary,46,0,BENIGN,rid_189c29f8197fee8b97d16eac414ce930,mlp,occlusion,insertion,training_median,False,False,True,True,1,ATTACK,predicted_class_of_audited_model,0.0013658951502293,0.0007744156755506,-0.002894912048941478,0.056439838795113044,-0.05933475084405452,0.009695670558459312,-0.07833826513863477,0.16664208524056268,-0.16953699728950414,0.4659697413444519,0.3458204140365124,0.1201493481695652,5,trapezoid_from_zero_normalized_by_max_fraction,False,error,false_positive,low,medium,binary
cicids2017_binary,46,0,BENIGN,rid_ea00bda307e3b0a7b9da8da91cf7c43c,mlp,occlusion,insertion,training_median,False,False,True,True,1,ATTACK,predicted_class_of_audited_model,0.0013672227505594,0.0007757432758807,-0.002893731324002147,0.0650008575000328,-0.06789458882403494,0.00998655760815134,-0.08746824173601157,0.2195552133014534,-0.22244894462545553,0.46596279740333557,0.3631108918190002,0.10285189962387084,5,trapezoid_from_zero_normalized_by_max_fraction,False,error,false_positive,low,medium,binary
cicids2017_binary,46,0,BENIGN,rid_b490b01ced1d5fc05b44101c0d0fb9b1,mlp,occlusion,insertion,training_median,False,True,False,True,0,BENIGN,predicted_class_of_audited_model,0.9998396324372152,0.0004311119118938,0.004143657044326687,0.0023798383874564593,0.001763818656870228,0.00025565062922516596,0.0012627434235889029,-0.001814626416955093,0.005958283461281781,0.9337939023971558,0.6197241115570068,0.3140698027610779,5,trapezoid_from_zero_normalized_by_max_fraction,True,correct,true_negative,medium,low,binary
cicids2017_binary,46,0,BENIGN,rid_5896e64a3b34f1ec42a8d28a0e77879b,mlp,occlusion,insertion,training_median,False,True,False,True,0,BENIGN,predicted_class_of_audited_model,0.9999994843304308,0.0005909638051093,0.0042668862532820985,-0.09492847745995381,0.0991953637132359,0.014424522256207972,0.07092330009106827,-0.08554448642151663,0.08981137267479872,3.7199103832244873,4.415982681274413,-0.6960722503662111,5,trapezoid_from_zero_normalized_by_max_fraction,True,correct,true_negative,medium,medium,binary
cicids2017_binary,46,0,BENIGN,rid_6633ce22e5c7da00cb2a5f898084afd9,mlp,occlusion,insertion,training_median,False,True,False,True,0,BENIGN,predicted_class_of_audited_model,0.99999999993971,0.0005914794143884,0.004267140509319034,-0.0517602674143395,0.05602740792365853,0.009545860199407737,0.03731752193281937,-0.10958008826652973,0.11384722877584877,3.105193614959717,2.9220971603393555,0.18309664535522466,5,trapezoid_from_zero_normalized_by_max_fraction,True,correct,true_negative,medium,medium,binary
cicids2017_binary,46,0,BENIGN,rid_0ad303697dc796c42432ca676fe053fa,mlp,occlusion,insertion,training_median,False,False,True,True,1,ATTACK,predicted_class_of_audited_model,0.0010945537360385,0.0005030742613598,-0.0034154849598621697,0.001192003648637638,-0.004607488608499806,0.0006704231045343734,-0.005921517893387178,0.011662075325868842,-0.015077560285731012,1.0444159507751465,0.8172171791791915,0.22719875967502595,5,trapezoid_from_zero_normalized_by_max_fraction,False,error,false_positive,low,low,binary
cicids2017_binary,46,0,BENIGN,rid_2170b6fd137387bfcb2d8b5fb8e30e73,mlp,occlusion,insertion,training_median,False,True,False,True,0,BENIGN,predicted_class_of_audited_model,0.9999974744634984,0.0005889539381768,0.004266031753323662,-0.23988349581357205,0.24414952756689567,0.022275408081008263,0.2004897277281195,-0.13967709649364435,0.143943128246968,5.33956241607666,6.479476600646973,-1.139914613723755,5,trapezoid_from_zero_normalized_by_max_fraction,True,correct,true_negative,medium,low,binary
cicids2017_binary,46,0,BENIGN,rid_bc5bac4fd5b318a74743b7e4b536c066,mlp,occlusion,insertion,training_median,False,False,True,True,1,ATTACK,predicted_class_of_audited_model,0.0012498664436861,0.0006583869690075,-0.003273772248479645,-0.00021807946594884693,-0.0030556927825307985,0.0005033059418845883,-0.004042172428624592,0.00857469697255533,-0.011848469221034975,0.8320287466049194,0.6180682296156883,0.21396053487062452,5,trapezoid_from_zero_normalized_by_max_fraction,False,error,false_positive,low,medium,binary
cicids2017_binary,46,0,BENIGN,rid_6032361bbec96d8ea48e544c9482e598,mlp,occlusion,insertion,training_median,False,False,True,True,1,ATTACK,predicted_class_of_audited_model,0.0011647968785837,0.0005733174039051,-0.0033413395528384625,0.0011188196015611998,-0.004460159154399662,0.0006334173956240702,-0.00570165724982284,0.009666873345234535,-0.013008212898072996,0.8296781778335571,0.6193925391435624,0.21028556716442104,5,trapezoid_from_zero_normalized_by_max_fraction,False,error,false_positive,low,low,binary
cicids2017_binary,46,0,BENIGN,rid_e917776c2952c8979597799a67905d08,mlp,occlusion,insertion,training_median,False,False,True,True,1,ATTACK,predicted_class_of_audited_model,0.0006161797209642,2.470024628559999e-05,-0.0037963073733379817,-0.001391273639462213,-0.0024050337338757687,0.00045374690827482914,-0.0032943776740944337,0.004392511914142005,-0.008188819287479986,0.9627618789672852,0.7448203405737878,0.21794150263071055,5,trapezoid_from_zero_normalized_by_max_fraction,False,error,false_positive,low,low,binary
cicids2017_binary,46,0,BENIGN,rid_ac0b2618908439840e886aa3839643b4,mlp,occlusion,insertion,training_median,False,False,True,True,1,ATTACK,predicted_class_of_audited_model,0.0089307520538568,0.0083392725791782,0.002849337281077169,0.08958278526414275,-0.08673344798306558,0.011652133449162973,-0.109571629543425,0.1483626960244685,-0.14551335874339133,0.6173332929611206,0.3976895450651646,0.21964374193549158,5,trapezoid_from_zero_normalized_by_max_fraction,False,error,false_positive,low,medium,binary
cicids2017_binary,46,0,BENIGN,rid_88a0e5b273c78d1eb7bc1ae9ab8fe495,mlp,occlusion,insertion,training_median,False,True,False,True,0,BENIGN,predicted_class_of_audited_model,0.9999999983867482,0.0005914778614268,0.0042671400560187036,-0.051368486838691746,0.05563562689471045,0.01008515616088331,0.03586872081937917,-0.08701068379337795,0.09127782384939666,2.9151673316955566,2.636504778385162,0.27866276788711547,5,trapezoid_from_zero_normalized_by_max_fraction,True,correct,true_negative,medium,medium,binary
cicids2017_binary,46,0,BENIGN,rid_7b55b0a491943a8951ec2d43fedd60f4,mlp,occlusion,insertion,training_median,False,False,True,True,1,ATTACK,predicted_class_of_audited_model,0.0027485033497214,0.0021570238750428,-0.003703327595491146,0.05654865691931039,-0.060251984514801536,0.009998811787520398,-0.07984965561834151,0.10107897565979881,-0.10478230325528998,1.9448320865631104,2.2757998828887938,-0.33096793937683106,5,trapezoid_from_zero_normalized_by_max_fraction,False,error,false_positive,low,medium,binary
cicids2017_binary,46,0,BENIGN,rid_1aa13315224483b5ec543274f20fd45e,mlp,occlusion,insertion,training_median,False,True,False,True,0,BENIGN,predicted_class_of_audited_model,0.999999999999999,0.0005914794746776,0.004267140494743121,-0.010754661006679555,0.015021801501422676,0.004404268737387549,0.00638943477614308,-0.12099746264812605,0.12526460314286916,2.7312259674072266,2.5655209946632387,0.16570492506027215,5,trapezoid_from_zero_normalized_by_max_fraction,True,correct,true_negative,high,medium,binary
cicids2017_binary,46,0,BENIGN,rid_0cb5a904f57b1aaa80fb070c339fbc11,mlp,occlusion,insertion,training_median,False,True,False,True,0,BENIGN,predicted_class_of_audited_model,0.9999985935116912,0.0005900729863696,0.004265932994496779,0.003623047160268698,0.0006428858342280821,8.857459048929511e-05,0.00046927963686906363,0.0019900210550151767,0.002275911939481603,0.6975609660148621,0.4633265340328217,0.23423444390296938,5,trapezoid_from_zero_normalized_by_max_fraction,True,correct,true_negative,medium,low,binary
cicids2017_binary,46,0,BENIGN,rid_7b6b080ceefe571495dc2ff7e861c9f1,mlp,occlusion,insertion,training_median,False,False,True,True,1,ATTACK,predicted_class_of_audited_model,0.0112895127385854,0.0106980332639067,0.0056290230713784695,0.1171590838688344,-0.11153006079745592,0.012417378204131786,-0.13586812207755422,0.22898548793467763,-0.22335646486329916,0.4914894700050354,0.3442091361880303,0.14728030401468276,5,trapezoid_from_zero_normalized_by_max_fraction,False,error,false_positive,low,medium,binary
cicids2017_binary,46,0,BENIGN,rid_9be758aa0870a51c47f2cc79ff0cf4f2,mlp,occlusion,insertion,training_median,False,True,False,True,0,BENIGN,predicted_class_of_audited_model,0.999980212374794,0.0005716918494726,0.0042505289423075965,0.0031846869652446797,0.0010658419770629166,0.00016672786147663672,0.0007390553685687086,-0.0007364913391429581,0.004987020281450554,0.6917885541915894,0.45336242415010924,0.23842615686357022,5,trapezoid_from_zero_normalized_by_max_fraction,True,correct,true_negative,medium,low,binary
cicids2017_binary,46,0,BENIGN,rid_10843db073a419b5ad249f57a61cdeb1,mlp,occlusion,insertion,training_median,False,False,True,True,1,ATTACK,predicted_class_of_audited_model,0.4389364719390869,0.4383449924644083,0.39802636723034085,0.34130380853506515,0.05672255869527566,0.01015359787652294,0.0368215068572907,0.1438701587824644,0.25415620844787645,0.5246680974960327,0.3494428771138191,0.17522526210546494,5,trapezoid_from_zero_normalized_by_max_fraction,False,error,false_positive,low,medium,binary
cicids2017_binary,46,0,BENIGN,rid_b802fbc0c498520fb72f9e7343799ffe,mlp,occlusion,insertion,training_median,False,False,True,True,1,ATTACK,predicted_class_of_audited_model,0.0075911707244813,0.0069996912498027,-0.0004582339769513055,0.3165316273756761,-0.3169898613526274,0.0236306410747808,-0.3633059178591978,0.14909483883830643,-0.14955307281525773,0.673768162727356,0.5437275468111038,0.1300406278371811,5,trapezoid_from_zero_normalized_by_max_fraction,False,error,false_positive,low,medium,binary
cicids2017_binary,46,0,BENIGN,rid_bafbd04c2e547a66e0dc2954535a0cd7,mlp,occlusion,insertion,training_median,False,True,False,True,0,BENIGN,predicted_class_of_audited_model,0.9999947791684464,0.0005862586431248,0.004262045485893396,0.0036783023223341048,0.0005837431635592906,8.744228254715331e-05,0.0004123562897668701,0.0017984463375966585,0.0024635991482967368,0.7511275410652161,0.4429876583814621,0.30813987970352175,5,trapezoid_from_zero_normalized_by_max_fraction,True,correct,true_negative,medium,low,binary
cicids2017_binary,46,0,BENIGN,rid_6d656ac569bb8cd6bcf80fd7d1186b92,mlp,occlusion,insertion,training_median,False,True,False,True,0,BENIGN,predicted_class_of_audited_model,0.9995910167344846,0.0001824962091632,0.003965070147836513,-0.0042653307837050534,0.008230400931541567,0.0009349947968353592,0.006397811129744263,-0.010781892777496239,0.014746962925332752,0.538623571395874,0.3801749522686005,0.15844861912727354,5,trapezoid_from_zero_normalized_by_max_fraction,True,correct,true_negative,medium,low,binary
cicids2017_binary,46,0,BENIGN,rid_a3005b8914bc938faaf722639af08655,mlp,occlusion,insertion,training_median,False,False,True,True,1,ATTACK,predicted_class_of_audited_model,0.0012185915838927,0.0006271121092141,-0.003245623374823481,0.052806793339748775,-0.05605241671457225,0.009525477970988122,-0.07472235353770897,0.12749063274405067,-0.13073625611887416,0.4911438822746277,0.32877982208132744,0.16236406019330024,5,trapezoid_from_zero_normalized_by_max_fraction,False,error,false_positive,low,medium,binary
cicids2017_binary,46,0,BENIGN,rid_8eb853e989b02d5c0eb77f36fb436c1f,mlp,occlusion,insertion,training_median,False,True,False,True,0,BENIGN,predicted_class_of_audited_model,0.9999999946054065,0.0005914740800849,0.004267139579006134,-0.10104101859449163,0.10530815817349777,0.017124045975393104,0.07174502806172728,-0.08076061566104384,0.08502775524004999,1.1091153621673584,1.045160435438156,0.06395493865013124,5,trapezoid_from_zero_normalized_by_max_fraction,True,correct,true_negative,medium,medium,binary
cicids2017_binary,46,0,BENIGN,rid_878754f5f1023f8dd9e23e93e1005cb3,mlp,occlusion,insertion,training_median,False,True,False,True,0,BENIGN,predicted_class_of_audited_model,1.0,0.0005914794746786,0.0035595455059592497,-0.026472564002496698,0.030032109508455945,0.009233806401090491,0.011933848962318583,-0.028581999037228644,0.03214154454318789,0.31657224893569946,0.35952978047728534,-0.04295751664042472,5,trapezoid_from_zero_normalized_by_max_fraction,True,correct,true_negative,high,medium,binary
cicids2017_binary,46,0,BENIGN,rid_e4965edd10e51d0f59ba06631a5604a4,mlp,occlusion,insertion,training_median,False,False,True,True,1,ATTACK,predicted_class_of_audited_model,0.8812999129295349,0.8807084334548563,0.8714189834427088,0.5907211983258217,0.28069778511688714,0.010243780831575115,0.26061997468699993,0.30480018517349383,0.566618798269215,3.5008740425109863,3.2247701787948606,0.27610357761383064,5,trapezoid_from_zero_normalized_by_max_fraction,False,error,false_positive,low,high,binary
cicids2017_binary,46,0,BENIGN,rid_e40daaad7f7cd2ce93273653f94513d0,mlp,occlusion,insertion,training_median,False,False,True,True,1,ATTACK,predicted_class_of_audited_model,0.0029207344632595,0.0023292549885809,-0.0014487523876596242,0.12642638887042768,-0.1278751412580873,0.01870864136170194,-0.1645440783270231,0.07263512163619132,-0.07408387402385096,0.9275344014167786,0.6388930588960647,0.28864128291606905,5,trapezoid_from_zero_normalized_by_max_fraction,False,error,false_positive,low,medium,binary
cicids2017_binary,46,0,BENIGN,rid_c438d9e167ee9a40230a2466c8e8d067,mlp,occlusion,insertion,training_median,False,True,False,True,0,BENIGN,predicted_class_of_audited_model,0.9997416644764598,0.0003331439511385,0.0041159660356636435,-0.03199585179881233,0.03611181783447597,0.006044794966977325,0.024264019699200418,-0.09026464341487203,0.09438060945053567,0.9738951921463013,0.8098497977256776,0.16404535269737242,5,trapezoid_from_zero_normalized_by_max_fraction,True,correct,true_negative,medium,low,binary
cicids2017_binary,46,0,BENIGN,rid_35763d7910cbc7d0bd0c71a5d4647ed1,mlp,occlusion,insertion,training_median,False,True,False,True,0,BENIGN,predicted_class_of_audited_model,0.9999999999999988,0.0005914794746773,0.004267140524461444,-0.0013522849690993433,0.005619425493560788,0.0019193775327728626,0.0018574455293259768,-0.013158752284028286,0.01742589280848973,2.2714314460754395,1.409448345899582,0.8619831717014312,5,trapezoid_from_zero_normalized_by_max_fraction,True,correct,true_negative,high,medium,binary
cicids2017_binary,46,0,BENIGN,rid_9efbd13f3717e5d914ae94e2e807a5f6,mlp,occlusion,insertion,training_median,False,False,True,True,1,ATTACK,predicted_class_of_audited_model,0.0777472108602523,0.0771557313855737,0.08026752710723621,0.1907554394446152,-0.11048791233737898,0.019750107570837377,-0.14919812317622022,0.13312521562925766,-0.052857688522021454,1.5686638355255127,1.3653128163814547,0.20335109066963195,5,trapezoid_from_zero_normalized_by_max_fraction,False,error,false_positive,low,medium,binary
cicids2017_binary,46,0,BENIGN,rid_b802449e854f73ea84311c579907ce80,mlp,occlusion,insertion,training_median,False,True,False,True,0,BENIGN,predicted_class_of_audited_model,0.9999984873768426,0.0005899668515212,0.004265807216634698,0.00384543965238484,0.00042036756424985793,5.426424998194586e-05,0.0003140096342852441,0.002069715458786618,0.00219609175784808,0.6652313470840454,0.4030497582107782,0.26218153224885465,5,trapezoid_from_zero_normalized_by_max_fraction,True,correct,true_negative,medium,low,binary
cicids2017_binary,46,0,BENIGN,rid_79fedbc6f1dc324932e51be4e75f485e,mlp,occlusion,insertion,training_median,False,False,True,True,1,ATTACK,predicted_class_of_audited_model,0.0078330691903829,0.0072415897157043,0.00031555123860016476,0.2975419230269833,-0.29722637178838307,0.023102269090378495,-0.34250681920552495,0.09586705572946505,-0.09555150449086489,0.8466861844062805,0.5992619731426239,0.24742419338226318,5,trapezoid_from_zero_normalized_by_max_fraction,False,error,false_positive,low,medium,binary
cicids2017_binary,46,0,BENIGN,rid_a6493a2fbd83c587a31f909ce740d716,mlp,occlusion,insertion,training_median,False,False,True,True,1,ATTACK,predicted_class_of_audited_model,0.0025366756599396,0.0019451961852609,0.12331226121168584,0.09007025534416241,0.03324200586752342,0.015690419594327897,0.002488783462640743,0.09230210944006789,0.031010151771617943,0.938442587852478,0.7084193023443223,0.230023249745369,5,trapezoid_from_zero_normalized_by_max_fraction,False,error,false_positive,low,medium,binary
cicids2017_binary,46,0,BENIGN,rid_6d04c23e4d954941de8dfe0bdf5241fc,mlp,occlusion,insertion,training_median,False,True,False,True,0,BENIGN,predicted_class_of_audited_model,0.9999999999999998,0.0005914794746784,0.004267140524460233,-0.02090035171648682,0.02516749224094705,0.007591290313531226,0.010288563226425847,-0.033770724140440994,0.03803786466490123,1.9133765697479248,1.829458145618439,0.08391851949691768,5,trapezoid_from_zero_normalized_by_max_fraction,True,correct,true_negative,high,medium,binary
cicids2017_binary,46,0,BENIGN,rid_f7d307d72a471320dbdf7a358750bd68,mlp,occlusion,insertion,training_median,False,False,True,True,1,ATTACK,predicted_class_of_audited_model,0.4352786242961883,0.4346871448215097,0.409150082571432,0.35693898599414425,0.05221109657728776,0.008396294321842142,0.03575435970647716,0.21586798965346854,0.19328209291796344,18.061777114868164,8.68919352632761,9.372582920968531,5,trapezoid_from_zero_normalized_by_max_fraction,False,error,false_positive,low,medium,binary
cicids2017_binary,46,1,ATTACK,rid_7ec0a68964b1e289b9bf406e4f329018,mlp,occlusion,insertion,training_median,False,True,False,True,1,ATTACK,predicted_class_of_audited_model,0.999997079372406,0.9994055998977274,0.9457297659944743,0.7619190457615073,0.18381072023296705,0.01463083086855148,0.15513429173060614,0.2638107232029767,0.6819190427914976,1.2508032321929932,1.0330260872840882,0.2177770614624023,5,trapezoid_from_zero_normalized_by_max_fraction,True,correct,true_positive,medium,high,binary
cicids2017_binary,46,0,BENIGN,rid_50c9973503e1f3afaf815567b7106023,mlp,occlusion,insertion,training_median,False,False,True,True,1,ATTACK,predicted_class_of_audited_model,0.0009868093766272,0.0003953299019486,-0.0035240866072598466,0.001719411974195623,-0.005243498581455469,0.001005428819918598,-0.00721413906849592,0.008954896616353382,-0.012478983223613228,0.9793161153793335,0.7392063101530074,0.24010978138446815,5,trapezoid_from_zero_normalized_by_max_fraction,False,error,false_positive,low,low,binary
cicids2017_binary,46,0,BENIGN,rid_f8b0fa47dff2c66a7955cbf980736a54,mlp,occlusion,insertion,training_median,False,True,False,True,0,BENIGN,predicted_class_of_audited_model,0.9999986949761706,0.0005901744508491,0.004265989089520872,0.0038901282237897307,0.0003758608657311413,5.124968491330382e-05,0.0002754114833010658,0.0017907936732426038,0.002475195416278268,0.6874837875366211,0.41684220738708977,0.2706416278332472,5,trapezoid_from_zero_normalized_by_max_fraction,True,correct,true_negative,medium,low,binary
cicids2017_binary,46,0,BENIGN,rid_7a0598fcbb5a8b91fdb8ddf46de5c770,mlp,occlusion,insertion,training_median,False,True,False,True,0,BENIGN,predicted_class_of_audited_model,0.9999938651981212,0.0005853446727996,0.004211947582690811,-0.0017271754243912453,0.005939123007082056,0.0020386836818589546,0.0019433029906385044,-0.008160905475404349,0.01237285305809516,0.74164879322052,0.5702671380043028,0.17138163137435916,5,trapezoid_from_zero_normalized_by_max_fraction,True,correct,true_negative,medium,low,binary
cicids2017_binary,46,0,BENIGN,rid_14bb75df2d40ea1abddc3c3512ecc903,mlp,occlusion,insertion,training_median,False,False,True,True,1,ATTACK,predicted_class_of_audited_model,0.0030867939349263,0.0024953144602477,-0.001201675570337102,0.13596789258534914,-0.13716956815568626,0.020462580103038603,-0.1772762251576419,0.09378062917150774,-0.09498230474184485,0.9330180883407593,0.6831294813156129,0.24988861298561096,5,trapezoid_from_zero_normalized_by_max_fraction,False,error,false_positive,low,medium,binary
cicids2017_binary,46,0,BENIGN,rid_ae16f2248190486b14d8c6281a76f209,mlp,occlusion,insertion,training_median,False,False,True,True,1,ATTACK,predicted_class_of_audited_model,0.0014829384163022,0.0008914589416236,-0.003109305255716777,-9.753376864807305e-06,-0.00309955187885197,0.0006165798807960142,-0.004308048445212157,0.009565733841673136,-0.012675039097389913,0.9150632619857788,0.6775864581465721,0.2374768753647804,5,trapezoid_from_zero_normalized_by_max_fraction,False,error,false_positive,low,medium,binary
cicids2017_binary,46,0,BENIGN,rid_f7aacf2731962ae6d5c6ca190369b7ee,mlp,occlusion,insertion,training_median,False,True,False,True,0,BENIGN,predicted_class_of_audited_model,0.9999934328297968,0.0005849123044754,0.004247867966070374,-0.008053274123226026,0.012301142089296398,0.0028673377204079388,0.006681160157296838,-0.008070703001106724,0.012318570967177096,0.7188612222671509,0.5058758679628372,0.21298534834384916,5,trapezoid_from_zero_normalized_by_max_fraction,True,correct,true_negative,medium,low,binary
cicids2017_binary,46,0,BENIGN,rid_928b86e9d5264ba55b5e609d3c2b9aa1,mlp,occlusion,insertion,training_median,False,True,False,True,0,BENIGN,predicted_class_of_audited_model,1.0,0.0005914794746786,0.0042671405244559864,-0.027391662197154713,0.0316588027216107,0.008254402256190854,0.015480174299476627,-0.03623968321877777,0.04050682374323376,1.5772364139556885,0.9239273108243943,0.653309138894081,5,trapezoid_from_zero_normalized_by_max_fraction,True,correct,true_negative,high,medium,binary
cicids2017_binary,46,0,BENIGN,rid_e3f5defb39bd0d7c523a27967236f766,mlp,occlusion,insertion,training_median,False,False,True,True,1,ATTACK,predicted_class_of_audited_model,0.0008617697749286,0.0002702903002499,-0.003574250247220334,0.09339826330748513,-0.09697251355470546,0.014986877217242235,-0.12634679290050024,0.08068421124629961,-0.08425846149351995,0.9874055981636047,0.7252103953361511,0.2621951730251313,5,trapezoid_from_zero_normalized_by_max_fraction,False,error,false_positive,low,low,binary
cicids2017_binary,46,0,BENIGN,rid_85088121508f3b34935e761b021d6f66,mlp,occlusion,insertion,training_median,False,False,True,True,1,ATTACK,predicted_class_of_audited_model,0.0516236834228038,0.0510322039481252,0.015051545097151476,0.4257704747002172,-0.4107189296030658,0.023366565861024497,-0.45651739869067376,0.13206639120702582,-0.11701484610987434,0.601800799369812,0.5261557922363281,0.07564504289627075,5,trapezoid_from_zero_normalized_by_max_fraction,False,error,false_positive,low,medium,binary
cicids2017_binary,46,0,BENIGN,rid_333d854b7ff20a7275eaf942a4c0d945,mlp,occlusion,insertion,training_median,False,False,True,True,1,ATTACK,predicted_class_of_audited_model,0.0007705768803134,0.0001790974056347,-0.003687998240462775,-0.0002242910534682777,-0.003463707186994498,0.0005572364768296551,-0.004555890681580622,0.009042686894437338,-0.012730685134900114,0.985183835029602,0.7363521705269813,0.24883162277936935,5,trapezoid_from_zero_normalized_by_max_fraction,False,error,false_positive,low,low,binary
cicids2017_binary,46,0,BENIGN,rid_4783f078f82453f3517e666f43454899,mlp,occlusion,insertion,training_median,False,True,False,True,0,BENIGN,predicted_class_of_audited_model,0.9999985758990988,0.0005900553737773,0.004266424425803028,-0.03311036016890341,0.03737678459470643,0.00815156110160121,0.02139972483556806,-0.14449287265038513,0.14875929707618818,1.0135388374328613,0.9986495275497436,0.014889238357543966,5,trapezoid_from_zero_normalized_by_max_fraction,True,correct,true_negative,medium,low,binary
cicids2017_binary,46,0,BENIGN,rid_9df87c12194dc3c52a1cbcf03ba38e3c,mlp,occlusion,insertion,training_median,False,True,False,True,0,BENIGN,predicted_class_of_audited_model,0.9999993124952198,0.0005907919698983,0.004265155693650513,-0.024234229651294972,0.028499385344945484,0.0073386271217744815,0.0141156761862675,-0.03784951891192435,0.04211467460557486,1.0596935749053955,0.7660010877847673,0.29369259440898887,5,trapezoid_from_zero_normalized_by_max_fraction,True,correct,true_negative,medium,medium,binary
cicids2017_binary,46,0,BENIGN,rid_35dc41a5d6be4e97b00a2db556f849ac,mlp,occlusion,insertion,training_median,False,False,True,True,1,ATTACK,predicted_class_of_audited_model,0.0023154360242187,0.0017239565495401,-0.0012173799565061926,0.062237425505421544,-0.06345480546192774,0.009773006530214325,-0.08260989826114781,0.2260738345886818,-0.22729121454518797,1.1896036863327026,0.9213219424486161,0.26828173196315763,5,trapezoid_from_zero_normalized_by_max_fraction,False,error,false_positive,low,medium,binary
cicids2017_binary,46,0,BENIGN,rid_9418439e255138bbbd9bec0bf347f1a2,mlp,occlusion,insertion,training_median,False,False,True,True,1,ATTACK,predicted_class_of_audited_model,0.0418825596570968,0.0412910801824182,0.025375426595019235,0.08908814908051202,-0.06371272248549278,0.010897401569204351,-0.08507162956113332,0.1431218986271422,-0.11774647203212293,2.015955686569214,1.4608901357650756,0.5550654792785645,5,trapezoid_from_zero_normalized_by_max_fraction,False,error,false_positive,low,medium,binary
cicids2017_binary,46,0,BENIGN,rid_8ab9df8b651f3e96c70308b7c2e8495a,mlp,occlusion,insertion,training_median,False,True,False,True,0,BENIGN,predicted_class_of_audited_model,0.999980028387654,0.0005715078623324,0.004251299041037626,-0.050254348837826174,0.0545056478788638,0.009410204917102294,0.0360616462413433,-0.13297463072517993,0.13722592976621756,1.2491799592971802,0.8208767225742338,0.4283031651973726,5,trapezoid_from_zero_normalized_by_max_fraction,True,correct,true_negative,medium,low,binary
cicids2017_binary,46,0,BENIGN,rid_bef7935fd705e4a2fb2fc07c518fff6d,mlp,occlusion,insertion,training_median,False,False,True,True,1,ATTACK,predicted_class_of_audited_model,0.0058941934257745,0.0053027139510959,0.0015347418491728603,0.12559260093521663,-0.12405785908604379,0.013344405957803314,-0.1502128947633383,0.1868399285003456,-0.18530518665117274,0.8715278506278992,0.5587250328063964,0.31280281186103825,5,trapezoid_from_zero_normalized_by_max_fraction,False,error,false_positive,low,medium,binary
cicids2017_binary,46,0,BENIGN,rid_e18af19982d5c9148b21d19a9177bbdb,mlp,occlusion,insertion,training_median,False,True,False,True,0,BENIGN,predicted_class_of_audited_model,0.9999657701409888,0.0005572496156673,0.0037341329952255368,-0.06899691010828002,0.07273104310350556,0.012383331583987786,0.048459713198889504,-0.08962239155821652,0.09335652455344207,0.7904249429702759,0.7067626106739044,0.08366235613822937,5,trapezoid_from_zero_normalized_by_max_fraction,True,correct,true_negative,medium,low,binary
cicids2017_binary,46,0,BENIGN,rid_042db76e52081120f8712b711e669593,mlp,occlusion,insertion,training_median,False,False,True,True,1,ATTACK,predicted_class_of_audited_model,0.0441392287611961,0.0435477492865175,0.027219613184934134,0.06795317082650604,-0.040733557641571896,0.007571412457819365,-0.05557352605889785,0.1340873922722615,-0.10686777908732735,1.995313048362732,1.4662519075870515,0.5290611288547515,5,trapezoid_from_zero_normalized_by_max_fraction,False,error,false_positive,low,medium,binary
cicids2017_binary,46,1,ATTACK,rid_719ddd1671bed421c15ac1922161bdb6,mlp,occlusion,insertion,training_median,False,True,False,True,1,ATTACK,predicted_class_of_audited_model,0.999997615814209,0.9994061363395303,0.9457303083967418,0.6985722632257952,0.24715804517094644,0.016626912856305135,0.2145692959725884,0.24895668911836416,0.6967736192783776,1.2526775598526,1.0251870062351227,0.22749051785469057,5,trapezoid_from_zero_normalized_by_max_fraction,True,correct,true_positive,medium,high,binary
cicids2017_binary,46,0,BENIGN,rid_e4b98da9557c21d4e6fc6724148e4ee9,mlp,occlusion,insertion,training_median,False,True,False,True,0,BENIGN,predicted_class_of_audited_model,0.9995738258003256,0.0001653052750044,0.003861279133707285,-0.06644046645016573,0.07030174558387302,0.00957680134768171,0.05153121494241687,-0.2062745522454029,0.21013583137911018,0.681069016456604,0.4689263487458229,0.21214268857240678,5,trapezoid_from_zero_normalized_by_max_fraction,True,correct,true_negative,medium,low,binary
cicids2017_binary,46,0,BENIGN,rid_c8cb3f2ba7448496ae904e82636730e2,mlp,occlusion,insertion,training_median,False,False,True,True,1,ATTACK,predicted_class_of_audited_model,0.0025668663438409,0.0019753868691623,-0.002952102874101965,0.18972551266077048,-0.19267761553487245,0.019505581744673386,-0.23090855575443228,0.10119064959083908,-0.10414275246494105,1.6860313415527344,1.573520530462265,0.11251064419746397,5,trapezoid_from_zero_normalized_by_max_fraction,False,error,false_positive,low,medium,binary
cicids2017_binary,46,0,BENIGN,rid_6189b5e93ffb0e5793b244b21747bcae,mlp,occlusion,insertion,training_median,False,False,True,True,1,ATTACK,predicted_class_of_audited_model,0.0008220666204579,0.0002305871457792,-0.0035108574971673082,0.0752429801623604,-0.0787538376595277,0.01280126125663122,-0.1038443097225249,0.08427264251842313,-0.08778350001559043,0.9941419363021851,0.8095343233346938,0.18460760104656215,5,trapezoid_from_zero_normalized_by_max_fraction,False,error,false_positive,low,low,binary
cicids2017_binary,46,0,BENIGN,rid_6a6f5c3da2329fbb5fe9fb16e57f06ba,mlp,occlusion,insertion,training_median,False,True,False,True,0,BENIGN,predicted_class_of_audited_model,0.9999949654174998,0.0005864448921783,0.004262915471508677,0.0037670176569689602,0.0004958978145397171,7.132406076908223e-05,0.0003561026554323159,0.001199422260685651,0.003063493210823026,0.7651411890983582,0.4672278744578361,0.29791337424516684,5,trapezoid_from_zero_normalized_by_max_fraction,True,correct,true_negative,medium,low,binary
cicids2017_binary,46,0,BENIGN,rid_63e415c0e648dbfe402441905d5c492c,mlp,occlusion,insertion,training_median,False,False,True,True,1,ATTACK,predicted_class_of_audited_model,0.0006948875379748,0.0001034080632961,-0.0037643823212363263,0.0016122050182113977,-0.005376587339447724,0.0008297909847356476,-0.007002977669529593,0.008947272108553079,-0.012711654429789403,1.0574910640716553,0.8033172132968902,0.2541737434864044,5,trapezoid_from_zero_normalized_by_max_fraction,False,error,false_positive,low,low,binary
cicids2017_binary,46,0,BENIGN,rid_b437bc0830bd9ff08a6699101982a1b3,mlp,occlusion,insertion,training_median,False,False,True,True,1,ATTACK,predicted_class_of_audited_model,0.8812562823295593,0.8806648028548807,0.8713878400158137,0.5782133536315714,0.29317448638424226,0.012764866443076103,0.2681553481558131,0.2924654508070698,0.578922389208744,3.501133441925049,3.244687467098236,0.25644583177566527,5,trapezoid_from_zero_normalized_by_max_fraction,False,error,false_positive,low,high,binary
cicids2017_binary,46,0,BENIGN,rid_8f63eb091ac3b6952adf8b3dfeaa97cd,mlp,occlusion,insertion,training_median,False,True,False,True,0,BENIGN,predicted_class_of_audited_model,0.9999870940564506,0.0005785735311291,0.004257610111847221,2.122865323984837e-05,0.004236381458607373,0.0015120657007812648,0.0012727326850760948,-0.005168889072797377,0.009426499184644598,0.6165382266044617,0.45482612836360936,0.16171208035945894,5,trapezoid_from_zero_normalized_by_max_fraction,True,correct,true_negative,medium,low,binary
cicids2017_binary,46,0,BENIGN,rid_33ee3d558b7bbed21c0fe289e7c9504b,mlp,occlusion,insertion,training_median,False,True,False,True,0,BENIGN,predicted_class_of_audited_model,0.9999757989025966,0.0005672783772751,0.004250350885810406,0.0030226814322717333,0.001227669453538672,0.0002638596527882344,0.0007105045340737325,-0.0011891045279563525,0.005439455413766758,1.0683900117874146,0.7408343194127083,0.32755564469099047,5,trapezoid_from_zero_normalized_by_max_fraction,True,correct,true_negative,medium,low,binary
cicids2017_binary,46,0,BENIGN,rid_b0f7a8141065fa363b51984fd9fc02d3,mlp,occlusion,insertion,training_median,False,False,True,True,1,ATTACK,predicted_class_of_audited_model,0.0159329175949096,0.0153414381202309,0.012854373958543873,0.023338479527623975,-0.0104841055690801,0.004433551615265931,-0.019173866735001325,0.06152432613886891,-0.048669952180325035,3.4762606620788574,2.281451583147049,1.1948093888759612,5,trapezoid_from_zero_normalized_by_max_fraction,False,error,false_positive,low,medium,binary
cicids2017_binary,46,0,BENIGN,rid_1ab373dc440fd331ecb4f2e6e21acb2b,mlp,occlusion,insertion,training_median,False,False,True,True,1,ATTACK,predicted_class_of_audited_model,0.0416127480566501,0.0410212685819715,0.009224118341161968,0.29349666804938307,-0.28427254970822113,0.024100896427971783,-0.33151030670704584,0.140211871536281,-0.13098775319511902,0.8659451603889465,0.8547646448612213,0.011180491685867322,5,trapezoid_from_zero_normalized_by_max_fraction,False,error,false_positive,low,medium,binary
cicids2017_binary,46,0,BENIGN,rid_8df30faff4248e2057031c3ff6af5de5,mlp,occlusion,insertion,training_median,False,True,False,True,0,BENIGN,predicted_class_of_audited_model,0.99999999998509,0.0005914794597685,0.004267140520039925,-0.0050261880499041164,0.00929332856994404,0.0038361929430971524,0.0017743904014736215,-0.059787492201172236,0.06405463272121217,2.007265329360962,1.4318557121753692,0.5754093787670136,5,trapezoid_from_zero_normalized_by_max_fraction,True,correct,true_negative,medium,medium,binary
cicids2017_binary,46,0,BENIGN,rid_a4b76d5f23619914bc822827e72e113f,mlp,occlusion,insertion,training_median,False,False,True,True,1,ATTACK,predicted_class_of_audited_model,0.0044561643153429,0.0038646848406642,-0.002865988178851353,0.08293927499536508,-0.08580526317421643,0.012647104995862008,-0.11059358896610597,0.057474352552477875,-0.06034034073132923,1.0901987552642822,1.2156735920906068,-0.1254748487472534,5,trapezoid_from_zero_normalized_by_max_fraction,False,error,false_positive,low,medium,binary
cicids2017_binary,46,0,BENIGN,rid_8e8c70e5622b2a9c84a94e7d150795fe,mlp,occlusion,insertion,training_median,False,False,True,True,1,ATTACK,predicted_class_of_audited_model,0.0010861249174922,0.0004946454428136,-0.0028994419655646196,0.05692412357208402,-0.05982356553764864,0.01219503500270034,-0.08372583414294131,0.029583587299784195,-0.032483029265348816,0.7288782000541687,0.45516285419464103,0.27371538758277897,5,trapezoid_from_zero_normalized_by_max_fraction,False,error,false_positive,low,low,binary
cicids2017_binary,46,0,BENIGN,rid_100df7ac2e4365c1c64ba6b8167897cf,mlp,occlusion,insertion,training_median,False,False,True,True,1,ATTACK,predicted_class_of_audited_model,0.0006539482856169,6.24688109383e-05,-0.0037730644995178867,0.013632843225906213,-0.017405907725424098,0.003276256546506005,-0.023827370556575866,0.02421610501470721,-0.027989169514225098,0.6933225393295288,0.6354461716413498,0.0578763974905014,5,trapezoid_from_zero_normalized_by_max_fraction,False,error,false_positive,low,low,binary
cicids2017_binary,46,1,ATTACK,rid_043f92e873111ba870b05b87f34e986d,mlp,occlusion,insertion,training_median,False,False,True,False,0,BENIGN,predicted_class_of_audited_model,1.0,0.0005914794746786,0.004267140524461865,-0.04775084364128636,0.052017984165748224,0.011520261377173581,0.029438271866488005,-0.05598050921561458,0.060247649740076445,30.46282958984375,6.81766243648529,23.6451669626236,5,trapezoid_from_zero_normalized_by_max_fraction,False,error,false_negative,high,medium,binary
cicids2017_binary,46,1,ATTACK,rid_41b9d0d8dadb3902684d48a1bbcc8aeb,mlp,occlusion,insertion,training_median,False,True,False,True,1,ATTACK,predicted_class_of_audited_model,1.0,0.9994085205253214,0.4739132451548358,0.4313225120505089,0.042590733104326844,0.025340416144904877,-0.007076482539686714,0.4311866115649854,0.04272663358985038,2.526118516921997,2.0933118557929995,0.43280670881271366,5,trapezoid_from_zero_normalized_by_max_fraction,True,correct,true_positive,high,high,binary
cicids2017_binary,46,1,ATTACK,rid_b18ee366292057ba9053de2b71ea0230,mlp,occlusion,insertion,training_median,False,True,False,True,1,ATTACK,predicted_class_of_audited_model,1.0,0.9994085205253214,0.6078048559546005,0.4304435606602233,0.17736129529437716,0.02686386394921454,0.12470812195391667,0.43177684676331574,0.17602800919128486,2.9655704498291016,2.242705402135849,0.7228651669025422,5,trapezoid_from_zero_normalized_by_max_fraction,True,correct,true_positive,high,high,binary
cicids2017_binary,46,1,ATTACK,rid_393feb2e851e739937273bb31513172c,mlp,occlusion,insertion,training_median,False,False,True,False,0,BENIGN,predicted_class_of_audited_model,0.999982028739396,0.0005735082140745,0.0042506252111707,-0.07010430037147691,0.07435492558264761,0.011472733294868939,0.0518683683247045,-0.16767042552693695,0.17192105073810765,4.013680458068848,2.51434468126297,1.4993354191780088,5,trapezoid_from_zero_normalized_by_max_fraction,False,error,false_negative,medium,low,binary
cicids2017_binary,46,1,ATTACK,rid_9e693af0cdcc14c504f8df727f2e487e,mlp,occlusion,insertion,training_median,False,True,False,True,1,ATTACK,predicted_class_of_audited_model,0.8812386989593506,0.880647219484672,0.871362493140623,0.592098310926213,0.27926418221440996,0.0121672418303691,0.2554163882268865,0.304712574863675,0.566649918276948,3.5016064643859863,3.3445008549690245,0.1571053709983825,5,trapezoid_from_zero_normalized_by_max_fraction,True,correct,true_positive,low,high,binary
cicids2017_binary,46,1,ATTACK,rid_01cd375109c733963332b017e0d71843,mlp,occlusion,insertion,training_median,False,True,False,True,1,ATTACK,predicted_class_of_audited_model,1.0,0.9994085205253214,0.9404773361515253,0.20526079720501564,0.7352165389465097,0.022306629982975314,0.6914955441798781,0.1689709811743539,0.7715063549771715,0.48925986886024475,0.4011570098400116,0.08810285902023315,5,trapezoid_from_zero_normalized_by_max_fraction,True,correct,true_positive,high,high,binary
cicids2017_binary,46,1,ATTACK,rid_efea114b298e64657601e68ad49cca42,mlp,occlusion,insertion,training_median,False,False,True,False,0,BENIGN,predicted_class_of_audited_model,0.9999754254877188,0.0005669049623974,0.004262146215714108,-0.027325738257779824,0.03158788447349393,0.006962681721746346,0.017941028298871092,-0.12230866122709522,0.12657080744280932,1.252463459968567,1.1686129090785982,0.08385047936439516,5,trapezoid_from_zero_normalized_by_max_fraction,False,error,false_negative,medium,low,binary
cicids2017_binary,46,1,ATTACK,rid_9c4ca9c523696359bfb19650cc092759,mlp,occlusion,insertion,training_median,False,False,True,False,0,BENIGN,predicted_class_of_audited_model,0.999415471800603,6.951275281600082e-06,0.0035939324345235944,-0.044252860040824925,0.04784679247534851,0.00843593186689129,0.031312366016241586,-0.12675076071376462,0.13034469314828823,2.9621200561523438,2.563153460025787,0.39896664381027214,5,trapezoid_from_zero_normalized_by_max_fraction,False,error,false_negative,medium,low,binary
cicids2017_binary,46,1,ATTACK,rid_b557eaf96a3995f55a9ec4a98d5cd1ae,mlp,occlusion,insertion,training_median,False,True,False,True,1,ATTACK,predicted_class_of_audited_model,1.0,0.9994085205253214,0.15889260715339332,0.2829752394584776,-0.12408263230508423,0.024965283275614543,-0.17301458752528875,0.3023819885669106,-0.14348938141351728,0.6501017212867737,0.5035526852607728,0.14654903602600097,5,trapezoid_from_zero_normalized_by_max_fraction,True,correct,true_positive,high,high,binary
cicids2017_binary,46,1,ATTACK,rid_2b7d213a3e1b8196da76433d7f81ba94,mlp,occlusion,insertion,training_median,False,True,False,True,1,ATTACK,predicted_class_of_audited_model,1.0,0.9994085205253214,0.8935934640001506,0.394418404403176,0.4991750595969745,0.026841001339458374,0.4465666969716361,0.25224752619617874,0.6413459378039718,0.8409759402275085,0.8439333001375198,-0.002957347989082315,5,trapezoid_from_zero_normalized_by_max_fraction,True,correct,true_positive,high,high,binary
cicids2017_binary,46,1,ATTACK,rid_6b6b50c38a1c33ae2f6e237b62874f71,mlp,occlusion,insertion,training_median,False,True,False,True,1,ATTACK,predicted_class_of_audited_model,1.0,0.9994085205253214,-0.0034453192594810387,0.12819705177683693,-0.13164237103631798,0.017261438174371233,-0.1654747898580856,0.35550494436791436,-0.35895026362739535,0.26435714960098267,0.23987451091315598,0.024482663041912024,5,trapezoid_from_zero_normalized_by_max_fraction,True,correct,true_positive,high,high,binary
cicids2017_binary,46,1,ATTACK,rid_ee26c8eebb9af0f9908d20094a307bc6,mlp,occlusion,insertion,training_median,False,True,False,True,1,ATTACK,predicted_class_of_audited_model,1.0,0.9994085205253214,0.01727510088494455,0.07520550037077048,-0.05793039948582594,0.013066546032205657,-0.08354082970894902,0.2864792221170511,-0.2692041212321066,0.2545313239097595,0.24238411100395024,0.012147208621725442,5,trapezoid_from_zero_normalized_by_max_fraction,True,correct,true_positive,high,high,binary
cicids2017_binary,46,1,ATTACK,rid_b31549a41ee9580a6231befc82d6d415,mlp,occlusion,insertion,training_median,False,True,False,True,1,ATTACK,predicted_class_of_audited_model,1.0,0.9994085205253214,-0.0033779218669224066,0.17675769809242015,-0.18013561995934257,0.01928764615971497,-0.2179394064323839,0.35939707973059176,-0.36277500159751414,0.28869742155075073,0.3245282801967114,-0.035830881742760536,5,trapezoid_from_zero_normalized_by_max_fraction,True,correct,true_positive,high,high,binary
cicids2017_binary,46,1,ATTACK,rid_5c3df38ff590ecc8f4e7a23c611b0aa4,mlp,occlusion,insertion,training_median,False,True,False,True,1,ATTACK,predicted_class_of_audited_model,1.0,0.9994085205253214,-0.003346479328320129,0.2183167236877297,-0.2216632030160498,0.02224655184135049,-0.26526644462509674,0.33627466166603437,-0.3396211409943545,0.2824302613735199,0.3560685320235789,-0.0736382533274591,5,trapezoid_from_zero_normalized_by_max_fraction,True,correct,true_positive,high,high,binary
cicids2017_binary,46,1,ATTACK,rid_2899dafea6e146b3c0d532ccc5e37d6d,mlp,occlusion,insertion,training_median,False,True,False,True,1,ATTACK,predicted_class_of_audited_model,1.0,0.9994085205253214,0.02120180586971401,0.2311343776437459,-0.20993257177403185,0.022729204867389198,-0.2544818133141147,0.2982665329684811,-0.2770647270987671,0.3220691680908203,0.3204930540672503,0.0015761224054731404,5,trapezoid_from_zero_normalized_by_max_fraction,True,correct,true_positive,high,high,binary
cicids2017_binary,46,1,ATTACK,rid_35be18284ecf2d3c64d73f48d17f6e1f,mlp,occlusion,insertion,training_median,False,True,False,True,1,ATTACK,predicted_class_of_audited_model,1.0,0.9994085205253214,-0.0009076325681235175,0.08211557544295014,-0.08302320801107366,0.013980544984971406,-0.1104250761816176,0.3330014202186468,-0.33390905278677036,0.30275943875312805,0.2795120125748217,0.023247426737099897,5,trapezoid_from_zero_normalized_by_max_fraction,True,correct,true_positive,high,high,binary
cicids2017_binary,46,1,ATTACK,rid_a9138c7420dc9fd50bcd353f1065ccb9,mlp,occlusion,insertion,training_median,False,True,False,True,1,ATTACK,predicted_class_of_audited_model,1.0,0.9994085205253214,0.011192750679038,0.10858742160025643,-0.09739467092121842,0.016176655826592876,-0.12910091634134047,0.32064847369978844,-0.3094557230207504,0.29112738370895386,0.24914966443367303,0.04197771499119699,5,trapezoid_from_zero_normalized_by_max_fraction,True,correct,true_positive,high,high,binary
cicids2017_binary,46,1,ATTACK,rid_f601cc577922c5436b8292ed23e6273b,mlp,occlusion,insertion,training_median,False,True,False,True,1,ATTACK,predicted_class_of_audited_model,1.0,0.9994085205253214,-0.0032981888551148588,0.12639662684386774,-0.1296948156989826,0.019290368697371274,-0.1675039383458303,0.3672906085822366,-0.37058879743735146,0.31399816274642944,0.2687459592176601,0.04525218755658715,5,trapezoid_from_zero_normalized_by_max_fraction,True,correct,true_positive,high,high,binary
cicids2017_binary,46,1,ATTACK,rid_e0e0e428f306b381ce71b1008d195a3b,mlp,occlusion,insertion,training_median,False,True,False,True,1,ATTACK,predicted_class_of_audited_model,1.0,0.9994085205253214,0.08786492139624898,0.12799717663667085,-0.04013225524042187,0.018377580735829218,-0.07615231348264714,0.34158629272649277,-0.2537213713302438,0.2767544686794281,0.27426203700993207,0.0024924486195668583,5,trapezoid_from_zero_normalized_by_max_fraction,True,correct,true_positive,high,high,binary
cicids2017_binary,46,1,ATTACK,rid_7871f025d7378b68115694c75caee2d4,mlp,occlusion,insertion,training_median,False,True,False,True,1,ATTACK,predicted_class_of_audited_model,1.0,0.9994085205253214,-0.0028354748548736096,0.0766538672119438,-0.0794893420668174,0.013946072057898488,-0.10682364330029845,0.24076235588899805,-0.24359783074387165,0.2504734992980957,0.21176251465966925,0.03871099562803283,5,trapezoid_from_zero_normalized_by_max_fraction,True,correct,true_positive,high,high,binary
cicids2017_binary,46,1,ATTACK,rid_76378fe82f326e570808951f9403cc3a,mlp,occlusion,insertion,training_median,False,True,False,True,1,ATTACK,predicted_class_of_audited_model,1.0,0.9994085205253214,0.4267029709648341,0.2250540919913939,0.2016488789734402,0.024259378038480158,0.1541004980180191,0.16520453722661665,0.26149843373821746,0.92510986328125,0.6515469452142715,0.2735629240274429,5,trapezoid_from_zero_normalized_by_max_fraction,True,correct,true_positive,high,high,binary
cicids2017_binary,46,1,ATTACK,rid_6832d880cedd76c2bcda127db15f7915,mlp,occlusion,insertion,training_median,False,True,False,True,1,ATTACK,predicted_class_of_audited_model,1.0,0.9994085205253214,0.18931796038523316,0.15303599345684768,0.036281966928385485,0.01852264555471275,-2.2418358851500342e-05,0.3373194983900665,-0.1480015380048333,0.655247688293457,0.40892107641696934,0.24632657611370087,5,trapezoid_from_zero_normalized_by_max_fraction,True,correct,true_positive,high,high,binary
cicids2017_binary,46,1,ATTACK,rid_e63a7105c01a8803d2ca78da34aa92d7,mlp,occlusion,insertion,training_median,False,True,False,True,1,ATTACK,predicted_class_of_audited_model,1.0,0.9994085205253214,0.06700776094658067,0.25457880847463293,-0.1875710475280523,0.02334526168701205,-0.2333277604345959,0.3623395922761602,-0.2953318313295795,0.4297681450843811,0.45617758521437646,-0.026409466952085504,5,trapezoid_from_zero_normalized_by_max_fraction,True,correct,true_positive,high,high,binary
cicids2017_binary,46,1,ATTACK,rid_cd0816038b1a9c9c6d24521998859a3e,mlp,occlusion,insertion,training_median,False,True,False,True,1,ATTACK,predicted_class_of_audited_model,1.0,0.9994085205253214,0.027056083870775183,0.10252604535958312,-0.07546996148880794,0.016758408318233695,-0.10831644179254599,0.3476216723463736,-0.3205655884755984,0.30644306540489197,0.2591081001358107,0.04733497062418609,5,trapezoid_from_zero_normalized_by_max_fraction,True,correct,true_positive,high,high,binary
cicids2017_binary,46,1,ATTACK,rid_df40be4a087023d6d5b334902ac8b3f1,mlp,occlusion,insertion,training_median,False,True,False,True,1,ATTACK,predicted_class_of_audited_model,1.0,0.9994085205253214,0.056217842880869284,0.058092358053906265,-0.0018745151730369738,0.010449930741376953,-0.0223563794261358,0.21375945180049472,-0.1575416089196254,0.24553799629211426,0.256626179006882,-0.011088174705393628,5,trapezoid_from_zero_normalized_by_max_fraction,True,correct,true_positive,high,high,binary
cicids2017_binary,46,1,ATTACK,rid_9a521f464fff5e9f129f40ec1a5c8eab,mlp,occlusion,insertion,training_median,False,True,False,True,1,ATTACK,predicted_class_of_audited_model,1.0,0.9994085205253214,-0.002557353217707714,0.17118914953604003,-0.17374650275374773,0.020792425263494257,-0.21449965627019646,0.24441800670330743,-0.24697535992101516,0.29553988575935364,0.3127521819202229,-0.017212305660359556,5,trapezoid_from_zero_normalized_by_max_fraction,True,correct,true_positive,high,high,binary
cicids2017_binary,46,1,ATTACK,rid_2ccdcd043013c5903c88a7948e0e91bd,mlp,occlusion,insertion,training_median,False,True,False,True,1,ATTACK,predicted_class_of_audited_model,1.0,0.9994085205253214,0.38599665979854764,0.19294931814448324,0.19304734165406437,0.022012261016934355,0.14990331006087304,0.20585177993872023,0.18014487985982738,0.8151110410690308,0.6608163831233977,0.1542946937084198,5,trapezoid_from_zero_normalized_by_max_fraction,True,correct,true_positive,high,high,binary
cicids2017_binary,46,1,ATTACK,rid_24c5868bfb0e1ba323f7d1de24048c44,mlp,occlusion,insertion,training_median,False,True,False,True,1,ATTACK,predicted_class_of_audited_model,1.0,0.9994085205253214,0.16130490084178745,0.17604099058135056,-0.014736089739563099,0.019902572407890416,-0.05374513165902831,0.3057884154862891,-0.14448351464450165,0.6672264933586121,0.4341892008781433,0.233037358045578,5,trapezoid_from_zero_normalized_by_max_fraction,True,correct,true_positive,high,high,binary
cicids2017_binary,46,1,ATTACK,rid_8bacb71dbef0ec8d1056f999af8a97c8,mlp,occlusion,insertion,training_median,False,True,False,True,1,ATTACK,predicted_class_of_audited_model,1.0,0.9994085205253214,0.04072413529502228,0.23244025915447877,-0.19171612385945647,0.024650914705199714,-0.24003191668164792,0.4039852877091552,-0.3632611524141329,0.3946094512939453,0.28533179656788704,0.10927766478434206,5,trapezoid_from_zero_normalized_by_max_fraction,True,correct,true_positive,high,high,binary
cicids2017_binary,46,1,ATTACK,rid_c9724cb31a12195da4d3bbc822ddc22a,mlp,occlusion,insertion,training_median,False,True,False,True,1,ATTACK,predicted_class_of_audited_model,1.0,0.9994085205253214,-0.0034071840538672403,0.09888898704670987,-0.10229617110057711,0.015610864602310866,-0.1328934657211064,0.2929351374969089,-0.2963423215507762,0.2524293065071106,0.231539700852707,0.02088958716765047,5,trapezoid_from_zero_normalized_by_max_fraction,True,correct,true_positive,high,high,binary
cicids2017_binary,46,1,ATTACK,rid_6794ba9f58c4e032e23935422b170c19,mlp,occlusion,insertion,training_median,False,True,False,True,1,ATTACK,predicted_class_of_audited_model,1.0,0.9994085205253214,0.9441108144354076,0.4438236638851145,0.500287150550293,0.027651050549782886,0.4460910914727186,0.17238555785359555,0.771725256581812,1.269258975982666,1.1404574674367904,0.12880152046680454,5,trapezoid_from_zero_normalized_by_max_fraction,True,correct,true_positive,high,high,binary
cicids2017_binary,46,1,ATTACK,rid_2dcf561f2fde3110dac017e8e35ab90c,mlp,occlusion,insertion,training_median,False,True,False,True,1,ATTACK,predicted_class_of_audited_model,1.0,0.9994085205253214,0.013419018649074133,0.08768434642820062,-0.07426532777912648,0.014429852313915713,-0.10254783831440127,0.25770637192228985,-0.24428735327321566,0.28303879499435425,0.23981392623856665,0.043224891293793914,5,trapezoid_from_zero_normalized_by_max_fraction,True,correct,true_positive,high,high,binary
cicids2017_binary,46,1,ATTACK,rid_00882e9c6b382975428efdbf9818e8da,mlp,occlusion,insertion,training_median,False,True,False,True,1,ATTACK,predicted_class_of_audited_model,1.0,0.9994085205253214,-0.001713720023326459,0.10672600317744924,-0.10843972320077569,0.01576174566768995,-0.13933274470944798,0.2949181880413376,-0.2966319080646641,0.2665838301181793,0.23434608940780163,0.032237733818590644,5,trapezoid_from_zero_normalized_by_max_fraction,True,correct,true_positive,high,high,binary
cicids2017_binary,46,1,ATTACK,rid_1cc47c3983ca1481ebabd149b789850f,mlp,occlusion,insertion,training_median,False,True,False,True,1,ATTACK,predicted_class_of_audited_model,1.0,0.9994085205253214,0.02045492105280573,0.09203053127035649,-0.07157561021755075,0.013404944090782358,-0.09784930063548417,0.26171497583227965,-0.24126005477947388,0.25237756967544556,0.23643771425727755,0.015939863055013114,5,trapezoid_from_zero_normalized_by_max_fraction,True,correct,true_positive,high,high,binary
cicids2017_binary,46,1,ATTACK,rid_e5ad06577fb54df48cfd9919ec065639,mlp,occlusion,insertion,training_median,False,True,False,True,1,ATTACK,predicted_class_of_audited_model,1.0,0.9994085205253214,0.1514103153720498,0.1759822434066074,-0.024571928034557614,0.020050045730296555,-0.06387001766593886,0.2510533791397621,-0.09964306376771227,0.6324297189712524,0.41603515595197677,0.2163945272564888,5,trapezoid_from_zero_normalized_by_max_fraction,True,correct,true_positive,high,high,binary
cicids2017_binary,46,1,ATTACK,rid_f06c153fb392b1b458c3e08163607e16,mlp,occlusion,insertion,training_median,False,True,False,True,1,ATTACK,predicted_class_of_audited_model,1.0,0.9994085205253214,0.1676946936175227,0.1988115983261683,-0.031116904708645577,0.021226159898840632,-0.07272017811037322,0.26771705473332663,-0.10002236111580393,0.6583019495010376,0.421970952808857,0.23633097881078718,5,trapezoid_from_zero_normalized_by_max_fraction,True,correct,true_positive,high,high,binary
cicids2017_binary,46,1,ATTACK,rid_b876b32bc44bafe843adc483ea6607ef,mlp,occlusion,insertion,training_median,False,True,False,True,1,ATTACK,predicted_class_of_audited_model,1.0,0.9994085205253214,0.02220005019044038,0.14468344465565508,-0.1224833944652147,0.019387588402703746,-0.16048306773451404,0.2038014611873724,-0.181601410996932,0.22396907210350037,0.2721537703964859,-0.04818468618579208,5,trapezoid_from_zero_normalized_by_max_fraction,True,correct,true_positive,high,high,binary
cicids2017_binary,46,1,ATTACK,rid_952bac54f7629a781051a22cb99f5b80,mlp,occlusion,insertion,training_median,False,True,False,True,1,ATTACK,predicted_class_of_audited_model,1.0,0.9994085205253214,0.015781217959010975,0.29450096500244155,-0.2787197470434306,0.02575615336177585,-0.3292018076325113,0.35809393426302827,-0.3423127163040173,0.4067789912223816,0.38290356934955344,0.02387543528387322,5,trapezoid_from_zero_normalized_by_max_fraction,True,correct,true_positive,high,high,binary
cicids2017_binary,46,1,ATTACK,rid_b280887d3073faee074e7ccc36625ef5,mlp,occlusion,insertion,training_median,False,True,False,True,1,ATTACK,predicted_class_of_audited_model,1.0,0.9994085205253214,-0.001855920988600701,0.25151809093464705,-0.2533740119232478,0.02588147735256057,-0.3041017075342665,0.399917365771719,-0.4017732867603197,0.38264065980911255,0.36118029785901307,0.021460368748754257,5,trapezoid_from_zero_normalized_by_max_fraction,True,correct,true_positive,high,high,binary
cicids2017_binary,46,1,ATTACK,rid_9782bd819ac10d73f42c8248ab049f64,mlp,occlusion,insertion,training_median,False,True,False,True,1,ATTACK,predicted_class_of_audited_model,1.0,0.9994085205253214,-0.0031698788399808107,0.1638435219365515,-0.16701340077653232,0.020862398643327434,-0.20790370211745407,0.3861730219033179,-0.3893429007432988,0.31282830238342285,0.2730726988427341,0.03975560922175646,5,trapezoid_from_zero_normalized_by_max_fraction,True,correct,true_positive,high,high,binary
cicids2017_binary,46,1,ATTACK,rid_a288c2509768e93b842394e67cfc612f,mlp,occlusion,insertion,training_median,False,True,False,True,1,ATTACK,predicted_class_of_audited_model,1.0,0.9994085205253214,0.13091001983266323,0.2612020593741743,-0.13029203954151103,0.023586897106424937,-0.1765223578701039,0.317623753015233,-0.18671373318256976,0.6713749170303345,0.5159848045110703,0.15539016020298005,5,trapezoid_from_zero_normalized_by_max_fraction,True,correct,true_positive,high,high,binary
cicids2017_binary,46,1,ATTACK,rid_a99450cc492a9d3903f07e9b30356254,mlp,occlusion,insertion,training_median,False,True,False,True,1,ATTACK,predicted_class_of_audited_model,1.0,0.9994085205253214,-0.0010585496624116785,0.17955390482027123,-0.18061245448268293,0.022261095198106835,-0.22424420107097232,0.3209184396136646,-0.3219769892760763,0.28732216358184814,0.2895916894506663,-0.0022695238199084864,5,trapezoid_from_zero_normalized_by_max_fraction,True,correct,true_positive,high,high,binary
cicids2017_binary,46,1,ATTACK,rid_db978d3eb682e84c4c512452dca4bba4,mlp,occlusion,insertion,training_median,False,True,False,True,1,ATTACK,predicted_class_of_audited_model,1.0,0.9994085205253214,0.03624630186677678,0.22838951635725407,-0.1921432144904773,0.023780771619931678,-0.2387535268655434,0.31922619130288604,-0.2829798894361093,0.3109496235847473,0.31347194938827305,-0.002522321891970933,5,trapezoid_from_zero_normalized_by_max_fraction,True,correct,true_positive,high,high,binary
cicids2017_binary,46,1,ATTACK,rid_2ac35c7cac090c9618ec4a731363fa4e,mlp,occlusion,insertion,training_median,False,True,False,True,1,ATTACK,predicted_class_of_audited_model,1.0,0.9994085205253214,-0.002130048342223745,0.11995194538422067,-0.1220819937264444,0.018218005774695633,-0.15778928504484785,0.23730983838987932,-0.23943988673210306,0.23768682777881622,0.2987115957736969,-0.061024768181145196,5,trapezoid_from_zero_normalized_by_max_fraction,True,correct,true_positive,high,high,binary
cicids2017_binary,46,1,ATTACK,rid_61fa7c54b3e30319c1ffdd224f0dcc65,mlp,occlusion,insertion,training_median,False,True,False,True,1,ATTACK,predicted_class_of_audited_model,1.0,0.9994085205253214,-0.002268796873249812,0.11610015617555847,-0.11836895304880829,0.01664716835374746,-0.1509974030221533,0.23740370516470827,-0.23967250203795806,0.2345963418483734,0.27148085802979766,-0.036884510407224284,5,trapezoid_from_zero_normalized_by_max_fraction,True,correct,true_positive,high,high,binary
cicids2017_binary,46,1,ATTACK,rid_1af951f7ef9b6c82f93f49fd0cb3c545,mlp,occlusion,insertion,training_median,False,True,False,True,1,ATTACK,predicted_class_of_audited_model,1.0,0.9994085205253214,-0.0014291366169345565,0.07067616787600692,-0.07210530449294147,0.013996650954543036,-0.09953874036384583,0.35062528703360296,-0.3520544236505375,0.28895658254623413,0.24770602207258344,0.04125059530511499,5,trapezoid_from_zero_normalized_by_max_fraction,True,correct,true_positive,high,high,binary
cicids2017_binary,46,1,ATTACK,rid_c5fdf35fcf1dfef73b8c09396c5228aa,mlp,occlusion,insertion,training_median,False,True,False,True,1,ATTACK,predicted_class_of_audited_model,1.0,0.9994085205253214,0.01782309854752384,0.08011431725304849,-0.06229121870552465,0.013458286430001054,-0.08866946010832671,0.26016142892941313,-0.2423383303818893,0.263415664434433,0.23203886666661128,0.03137682477617636,5,trapezoid_from_zero_normalized_by_max_fraction,True,correct,true_positive,high,high,binary
cicids2017_binary,46,1,ATTACK,rid_9b7cd804e6b2a65a8c3344c5663c88ec,mlp,occlusion,insertion,training_median,False,True,False,True,1,ATTACK,predicted_class_of_audited_model,1.0,0.9994085205253214,-0.003316243502922589,0.09861613610620226,-0.10193237960912485,0.015812296252025175,-0.1329244802630942,0.30093194473446067,-0.30424818823738325,0.22361359000205994,0.2188716994421557,0.004741906392388038,5,trapezoid_from_zero_normalized_by_max_fraction,True,correct,true_positive,high,high,binary
cicids2017_binary,46,1,ATTACK,rid_17133ffc242d0df3b30d356227b12887,mlp,occlusion,insertion,training_median,False,True,False,True,1,ATTACK,predicted_class_of_audited_model,1.0,0.9994085205253214,0.07285175897122827,0.07337204887960128,-0.000520289908373002,0.012675699503917726,-0.025364660936051744,0.19755894944924896,-0.12470719047802067,0.24792484939098358,0.2433075040681288,0.00461734588164836,5,trapezoid_from_zero_normalized_by_max_fraction,True,correct,true_positive,high,high,binary
cicids2017_binary,46,1,ATTACK,rid_8c897ab70ccc0198209dc92ff1c1fc37,mlp,occlusion,insertion,training_median,False,True,False,True,1,ATTACK,predicted_class_of_audited_model,1.0,0.9994085205253214,0.21027268514735625,0.22658524592256374,-0.016312560775207534,0.025210131021069695,-0.06572441757650413,0.5141000686951749,-0.30382738354781863,0.4282223582267761,0.333666211837437,0.09455617768177763,5,trapezoid_from_zero_normalized_by_max_fraction,True,correct,true_positive,high,high,binary
cicids2017_binary,46,1,ATTACK,rid_cfab898dcb7e7331ace3ae2356430543,mlp,occlusion,insertion,training_median,False,True,False,True,1,ATTACK,predicted_class_of_audited_model,1.0,0.9994085205253214,-0.0023155035625677554,0.13861515087252563,-0.1409306544350934,0.018279163027462943,-0.17675781396892076,0.20330273771320398,-0.20561824127577175,0.2351408302783966,0.2786003718245775,-0.04345955663360655,5,trapezoid_from_zero_normalized_by_max_fraction,True,correct,true_positive,high,high,binary
cicids2017_binary,46,1,ATTACK,rid_1bfbb240aaa0c7e17b277fbeaa370223,mlp,occlusion,insertion,training_median,False,True,False,True,1,ATTACK,predicted_class_of_audited_model,1.0,0.9994085205253214,-0.0026893065030890286,0.19320285806876775,-0.19589216457185676,0.021728214688974082,-0.23847946536224596,0.2791545963700813,-0.2818439028731703,0.26991042494773865,0.2899670035145246,-0.02005655789142475,5,trapezoid_from_zero_normalized_by_max_fraction,True,correct,true_positive,high,high,binary
cicids2017_binary,46,1,ATTACK,rid_0e52ebd1c5f1a28ea2021a005238aff3,mlp,occlusion,insertion,training_median,False,True,False,True,1,ATTACK,predicted_class_of_audited_model,1.0,0.9994085205253214,0.014214714243826164,0.12728864390457134,-0.11307392966074517,0.017670453565255956,-0.14770801864864685,0.3393763518256618,-0.32516163758183564,0.2818160951137543,0.2391791423028335,0.04263695895764977,5,trapezoid_from_zero_normalized_by_max_fraction,True,correct,true_positive,high,high,binary
cicids2017_binary,46,1,ATTACK,rid_d1aaf6ea6d39a82e3911e6eae5688c33,mlp,occlusion,insertion,training_median,False,True,False,True,1,ATTACK,predicted_class_of_audited_model,1.0,0.9994085205253214,0.09921316601103172,0.2725689887480216,-0.17335582273698985,0.024314887875035805,-0.22101300297206003,0.31810707432511487,-0.21889390831408315,0.7332180738449097,0.5240052605867386,0.2092128847837448,5,trapezoid_from_zero_normalized_by_max_fraction,True,correct,true_positive,high,high,binary
cicids2017_binary,46,1,ATTACK,rid_e200ce610ce9420beeb804ee4de0848c,mlp,occlusion,insertion,training_median,False,True,False,True,1,ATTACK,predicted_class_of_audited_model,1.0,0.9994085205253214,-0.0033157995421788655,0.08418124051143552,-0.08749704005361439,0.014608179595113778,-0.11612907206003739,0.29474722611400817,-0.29806302565618703,0.2246864289045334,0.22467624675296247,1.0169625282289984e-05,5,trapezoid_from_zero_normalized_by_max_fraction,True,correct,true_positive,high,high,binary
cicids2017_binary,46,1,ATTACK,rid_918b1c3906d22ac74fc55195f28b6488,mlp,occlusion,insertion,training_median,False,True,False,True,1,ATTACK,predicted_class_of_audited_model,1.0,0.9994085205253214,0.03513205807430495,0.14720326238860748,-0.11207120431430254,0.01912392323047527,-0.14955409384603408,0.3784546640519898,-0.3433226059776848,0.3003312945365906,0.2587416306715459,0.04158969981409609,5,trapezoid_from_zero_normalized_by_max_fraction,True,correct,true_positive,high,high,binary
cicids2017_binary,46,1,ATTACK,rid_9433173ad10eb8128bb9dae843b31229,mlp,occlusion,insertion,training_median,False,True,False,True,1,ATTACK,predicted_class_of_audited_model,1.0,0.9994085205253214,0.022045907586289104,0.08435723185537344,-0.06231132426908434,0.014992166474924845,-0.09169597055993703,0.3412919361938008,-0.3192460286075117,0.2744625508785248,0.2503024510936812,0.02416010146122426,5,trapezoid_from_zero_normalized_by_max_fraction,True,correct,true_positive,high,high,binary
cicids2017_binary,46,1,ATTACK,rid_c8f71593c13d26e45cb33335e0e7645b,mlp,occlusion,insertion,training_median,False,True,False,True,1,ATTACK,predicted_class_of_audited_model,1.0,0.9994085205253214,-0.0015213638922432437,0.051901030283849445,-0.053422394176092694,0.011190239659562408,-0.07535526390883501,0.2830947467695235,-0.2846161106617668,0.22774581611156464,0.2221288151126355,0.005616999322548515,5,trapezoid_from_zero_normalized_by_max_fraction,True,correct,true_positive,high,high,binary
cicids2017_binary,46,1,ATTACK,rid_6beaa7d7f6c0bdb3c0fc63f0fcebb9b5,mlp,occlusion,insertion,training_median,False,True,False,True,1,ATTACK,predicted_class_of_audited_model,1.0,0.9994085205253214,-0.0033726197056239467,0.1471751689688421,-0.15054778867446605,0.019602997196225533,-0.1889696631790681,0.3277233907436248,-0.33109601044924875,0.23488183319568634,0.22692478509945796,0.007957044836599373,5,trapezoid_from_zero_normalized_by_max_fraction,True,correct,true_positive,high,high,binary
cicids2017_binary,46,1,ATTACK,rid_59faa43e35f1899942654451e1acbc4e,mlp,occlusion,insertion,training_median,False,True,False,True,1,ATTACK,predicted_class_of_audited_model,1.0,0.9994085205253214,0.34888744945637884,0.10297311689019942,0.2459143325661794,0.016140629921050538,0.21427869792092033,0.15875747380681968,0.19012997564955914,0.6819416284561157,0.5630649641752242,0.11887669408321382,5,trapezoid_from_zero_normalized_by_max_fraction,True,correct,true_positive,high,high,binary
cicids2017_binary,46,1,ATTACK,rid_6160d0dcb905bd7dd4cd5cc90fa20a97,mlp,occlusion,insertion,training_median,False,True,False,True,1,ATTACK,predicted_class_of_audited_model,1.0,0.9994085205253214,0.1810131465084851,0.18823549255868488,-0.007222346050199811,0.020284307949351786,-0.04697958963092931,0.3467909202288416,-0.1657777737203565,0.6846094131469727,0.42092588239908213,0.26368354266881944,5,trapezoid_from_zero_normalized_by_max_fraction,True,correct,true_positive,high,high,binary
cicids2017_binary,46,1,ATTACK,rid_ff5f3763b854f3982f6d3e9f231a04dc,mlp,occlusion,insertion,training_median,False,True,False,True,1,ATTACK,predicted_class_of_audited_model,1.0,0.9994085205253214,0.14821482529223431,0.17461693668603534,-0.026402111393800998,0.02074363913885333,-0.06705964410595353,0.3960631836088425,-0.24784835831660817,0.3601152300834656,0.3134579162653536,0.0466573180090636,5,trapezoid_from_zero_normalized_by_max_fraction,True,correct,true_positive,high,high,binary
cicids2017_binary,46,1,ATTACK,rid_c7afb0bd8a4c4bc3d3da7b9443f3e53a,mlp,occlusion,insertion,training_median,False,True,False,True,1,ATTACK,predicted_class_of_audited_model,1.0,0.9994085205253214,-0.003457171211994137,0.18399590988140369,-0.1874530810933978,0.02091279619783091,-0.2284421616411464,0.3421009677162382,-0.34555813892823234,0.2849014699459076,0.24168803897220642,0.04321344261523335,5,trapezoid_from_zero_normalized_by_max_fraction,True,correct,true_positive,high,high,binary
cicids2017_binary,46,1,ATTACK,rid_b54e8e21f16bd7e57d08a52837fbb8ee,mlp,occlusion,insertion,training_median,False,True,False,True,1,ATTACK,predicted_class_of_audited_model,1.0,0.9994085205253214,-0.003489259668640443,0.08631496788386767,-0.08980422755250811,0.015072348052441377,-0.11934602973529321,0.2698663340779647,-0.2733555937466051,0.27011579275131226,0.23371512857545168,0.03640069043915718,5,trapezoid_from_zero_normalized_by_max_fraction,True,correct,true_positive,high,high,binary
cicids2017_binary,46,1,ATTACK,rid_35175d1704f81d0bb724a7b2d63ecdad,mlp,occlusion,insertion,training_median,False,True,False,True,1,ATTACK,predicted_class_of_audited_model,1.0,0.9994085205253214,0.9354800618719309,0.4089009613028547,0.5265791005690763,0.027173027720125156,0.473319966237631,0.18894352036550913,0.7465365415064218,1.3795726299285889,1.2401215306520461,0.1394510992765427,5,trapezoid_from_zero_normalized_by_max_fraction,True,correct,true_positive,high,high,binary
cicids2017_binary,46,1,ATTACK,rid_81e695c9c07e97deedaf462eeee5a6a3,mlp,occlusion,insertion,training_median,False,True,False,True,1,ATTACK,predicted_class_of_audited_model,1.0,0.9994085205253214,-0.0034709392730292166,0.1507691877237059,-0.15424012699673512,0.0198074814763011,-0.19306279069028526,0.29480781246088467,-0.29827875173391394,0.2608073353767395,0.2285460621099919,0.0322612491454929,5,trapezoid_from_zero_normalized_by_max_fraction,True,correct,true_positive,high,high,binary
cicids2017_binary,46,1,ATTACK,rid_1efb058350838f6f1e3ad858eb7da16f,mlp,occlusion,insertion,training_median,False,True,False,True,1,ATTACK,predicted_class_of_audited_model,1.0,0.9994085205253214,0.01903499919244496,0.09796340511022879,-0.07892840591778383,0.015712744212696812,-0.10972538457466957,0.3169591800265211,-0.29792418083407624,0.28344982862472534,0.24512379903439432,0.038326041697524474,5,trapezoid_from_zero_normalized_by_max_fraction,True,correct,true_positive,high,high,binary
cicids2017_binary,46,1,ATTACK,rid_8210651594f25a838b84a3f197d9043a,mlp,occlusion,insertion,training_median,False,True,False,True,1,ATTACK,predicted_class_of_audited_model,1.0,0.9994085205253214,0.027755945862736556,0.15734219689730675,-0.1295862510345702,0.022127584266074883,-0.17295631619607696,0.39444245108934484,-0.3666865052266083,0.3815687596797943,0.3181156667787582,0.06345308256335556,5,trapezoid_from_zero_normalized_by_max_fraction,True,correct,true_positive,high,high,binary
cicids2017_binary,46,1,ATTACK,rid_ad29305c8f38f2570abcab2deba31a32,mlp,occlusion,insertion,training_median,False,True,False,True,1,ATTACK,predicted_class_of_audited_model,0.9999990463256836,0.999407566851005,0.9455171681474894,0.789206034320219,0.15631113382727052,0.010999326086759532,0.13475245469722183,0.15023923363438846,0.7952779345131009,1.7098362445831299,1.5984818906784057,0.1113543419837952,5,trapezoid_from_zero_normalized_by_max_fraction,True,correct,true_positive,medium,high,binary
cicids2017_binary,46,1,ATTACK,rid_c49d2ddf29a5992393300a0a087605fb,mlp,occlusion,insertion,training_median,False,True,False,True,1,ATTACK,predicted_class_of_audited_model,1.0,0.9994085205253214,-0.0029494978149159578,0.1761486681772806,-0.17909816599219658,0.020410498075488375,-0.2191027422201538,0.26242601847274744,-0.26537551628766337,0.2608998119831085,0.3023109104353935,-0.04141111651994288,5,trapezoid_from_zero_normalized_by_max_fraction,True,correct,true_positive,high,high,binary
cicids2017_binary,46,0,BENIGN,rid_b14b648b945c1c13a7a39d77a65b2f72,mlp,occlusion,insertion,training_median,False,True,False,True,0,BENIGN,predicted_class_of_audited_model,1.0,0.0005914794746785,0.004267140524459157,-0.021696781071730578,0.025963921596189734,0.007182656561504856,0.011885914735640218,-0.02777467284609752,0.03204181337055668,1.7279472351074219,2.147621816635132,-0.41967462921142584,5,trapezoid_from_zero_normalized_by_max_fraction,True,correct,true_negative,high,medium,binary
cicids2017_binary,46,1,ATTACK,rid_5bbeffed68f7c86e4e05c8167c7cbe43,mlp,occlusion,insertion,training_median,False,True,False,True,1,ATTACK,predicted_class_of_audited_model,1.0,0.9994085205253214,0.009192232759960462,0.2566302086368073,-0.24743797587684685,0.023504286538668706,-0.2935063774926375,0.3745868260839526,-0.36539459332399216,0.3275081515312195,0.3296448334502056,-0.002136666552163663,5,trapezoid_from_zero_normalized_by_max_fraction,True,correct,true_positive,high,high,binary
cicids2017_binary,46,1,ATTACK,rid_8ad97cec426f42065b770b544cc37856,mlp,occlusion,insertion,training_median,False,True,False,True,1,ATTACK,predicted_class_of_audited_model,1.0,0.9994085205253214,0.01051066546679067,0.09868649446906283,-0.08817582900227217,0.015919765030427024,-0.11937856846190914,0.28615561466117034,-0.27564494919437965,0.2687252163887024,0.23951442655036229,0.02921079598506913,5,trapezoid_from_zero_normalized_by_max_fraction,True,correct,true_positive,high,high,binary
cicids2017_binary,46,1,ATTACK,rid_1be50bee2b28f515472d418c684ea42e,mlp,occlusion,insertion,training_median,False,True,False,True,1,ATTACK,predicted_class_of_audited_model,1.0,0.9994085205253214,-0.0022910063264134804,0.1602771576033038,-0.1625681639297173,0.02037077112528543,-0.20249487533527674,0.2101867839121289,-0.2124777902385424,0.2379196137189865,0.2929297651126981,-0.055010135188698774,5,trapezoid_from_zero_normalized_by_max_fraction,True,correct,true_positive,high,high,binary
cicids2017_binary,46,1,ATTACK,rid_d2da62d7bcf6df46058510d7e45683e3,mlp,occlusion,insertion,training_median,False,False,True,False,0,BENIGN,predicted_class_of_audited_model,0.9997541404154616,0.0003456198901404,0.004134342429803539,-0.11104834717098068,0.11518268960078422,0.020687422119250478,0.07463534224705329,-0.08384064202981426,0.0879749844596178,2.2366645336151123,2.2292093505859376,0.007455183029174828,5,trapezoid_from_zero_normalized_by_max_fraction,False,error,false_negative,medium,low,binary
cicids2017_binary,46,1,ATTACK,rid_f93c1b34c8df20ef03ea9472304de20d,mlp,occlusion,insertion,training_median,False,True,False,True,1,ATTACK,predicted_class_of_audited_model,1.0,0.9994085205253214,-0.003509743580798385,0.20457898506471892,-0.20808872864551728,0.020721973775321076,-0.24870379724514657,0.29768453431971215,-0.30119427790051057,0.28041455149650574,0.27499357297085225,0.005420988397672755,5,trapezoid_from_zero_normalized_by_max_fraction,True,correct,true_positive,high,high,binary
cicids2017_binary,46,1,ATTACK,rid_2ceb753772c58ae09d256bcf116f7afc,mlp,occlusion,insertion,training_median,False,True,False,True,1,ATTACK,predicted_class_of_audited_model,1.0,0.9994085205253214,-0.0033867353700770763,0.10665867277950984,-0.11004540814958692,0.017363714811858312,-0.1440782891808292,0.30312108190966747,-0.3065078172797445,0.24834683537483215,0.22221331607643516,0.026133500858210024,5,trapezoid_from_zero_normalized_by_max_fraction,True,correct,true_positive,high,high,binary
cicids2017_binary,46,0,BENIGN,rid_7c3ca92418340b554ff61c703b0a8f02,mlp,occlusion,insertion,training_median,False,True,False,True,0,BENIGN,predicted_class_of_audited_model,0.9999336685432354,0.0005251480179139,0.004215930112013665,0.002266087739310706,0.0019498423727029605,0.00029506037913337225,0.001371524029601551,-0.0022037169195073146,0.006419647031520981,0.8038899302482605,0.5194193778038025,0.2844705166816711,5,trapezoid_from_zero_normalized_by_max_fraction,True,correct,true_negative,medium,low,binary
cicids2017_binary,46,0,BENIGN,rid_c631e0574a922ce1552a5b516d87ae2c,mlp,occlusion,insertion,training_median,False,True,False,True,0,BENIGN,predicted_class_of_audited_model,0.9999999987852743,0.0005914782599529,0.004267138282027394,-0.005578870423856654,0.009846008705884049,0.0038755313108883,0.0022499673365429813,-0.028668412005723336,0.032935550287750734,1.863756537437439,1.2888207240104677,0.5749358253479003,5,trapezoid_from_zero_normalized_by_max_fraction,True,correct,true_negative,medium,medium,binary
cicids2017_binary,46,0,BENIGN,rid_2a41f59551170f86ab5bfc31481984db,mlp,occlusion,insertion,training_median,False,False,True,True,1,ATTACK,predicted_class_of_audited_model,0.0007681309361942,0.0001766514615155,-0.003662298841663869,0.0007468051251930774,-0.004409103966856946,0.0006910188505000681,-0.00576350091383708,0.005757545337655188,-0.009419844179319056,0.8865580558776855,0.5511144571006298,0.33544365838170054,5,trapezoid_from_zero_normalized_by_max_fraction,False,error,false_positive,low,low,binary
cicids2017_binary,46,0,BENIGN,rid_3203916c20297c2d5e1adf365b1c156b,mlp,occlusion,insertion,training_median,False,False,True,True,1,ATTACK,predicted_class_of_audited_model,0.0014164086896926,0.000824929215014,-0.0030993572727311403,0.0009435492453129658,-0.0040429065180441065,0.0007946949197995458,-0.005600508560851216,0.006458182626548705,-0.009557539899279845,0.9595658183097839,0.6211168456673621,0.33844898456335065,5,trapezoid_from_zero_normalized_by_max_fraction,False,error,false_positive,low,medium,binary
cicids2017_binary,46,0,BENIGN,rid_434f4fc554fcb318be765c587829eace,mlp,occlusion,insertion,training_median,False,False,True,True,1,ATTACK,predicted_class_of_audited_model,0.0006565457442775,6.506626959889997e-05,-0.003776344259145503,0.00023330223040295595,-0.004009646489548459,0.0005545038393435017,-0.005096474014661722,0.008630036674304505,-0.01240638093345001,0.9741159677505493,0.7392357963323594,0.2348801654577255,5,trapezoid_from_zero_normalized_by_max_fraction,False,error,false_positive,low,low,binary
cicids2017_binary,46,0,BENIGN,rid_b769bf3c3943c99e7410edc86e31d190,mlp,occlusion,insertion,training_median,False,True,False,True,0,BENIGN,predicted_class_of_audited_model,0.9999980387538016,0.0005895182284802,0.0042654879946212535,0.003610607982076885,0.0006548800125443678,8.626749357498463e-05,0.00048579572513739796,0.0012885873126453477,0.0029769006819759056,0.7182307839393616,0.4501183978617191,0.2681123741567135,5,trapezoid_from_zero_normalized_by_max_fraction,True,correct,true_negative,medium,low,binary
cicids2017_binary,46,0,BENIGN,rid_3947562cecb3a15474c45152417d05d8,mlp,occlusion,insertion,training_median,False,True,False,True,0,BENIGN,predicted_class_of_audited_model,0.999998135515284,0.0005896149899626,0.004265564223715046,0.0036426827342536396,0.000622881489461406,6.726207968099625e-05,0.0004910478132866534,0.0017934195702106308,0.002472144653504415,0.6986911296844482,0.43690850791335106,0.2617825889885425,5,trapezoid_from_zero_normalized_by_max_fraction,True,correct,true_negative,medium,low,binary
cicids2017_binary,46,0,BENIGN,rid_ef59aa063bc0602240e0a77df47ecc26,mlp,occlusion,insertion,training_median,False,False,True,True,1,ATTACK,predicted_class_of_audited_model,0.3572798669338226,0.356688387459144,0.2822043612133711,0.4621501014983751,-0.17994574028500393,0.016114818250658934,-0.21153078405629544,0.2614170206447743,0.020787340568596845,0.46725741028785706,0.31144892576336863,0.15580848452448842,5,trapezoid_from_zero_normalized_by_max_fraction,False,error,false_positive,low,medium,binary
cicids2017_binary,46,0,BENIGN,rid_f7cb6445551439bdeb6c1df40a6e625c,mlp,occlusion,insertion,training_median,False,False,True,True,1,ATTACK,predicted_class_of_audited_model,0.3614027202129364,0.3608112407382578,0.20404986809007825,0.5404167381916949,-0.3363668701016167,0.01604537775238039,-0.36781581049628226,0.18190937068737878,0.02214049740269948,4.554344654083252,5.521941529273987,-0.9675971612930298,5,trapezoid_from_zero_normalized_by_max_fraction,False,error,false_positive,low,medium,binary
cicids2017_binary,46,0,BENIGN,rid_affdb3390b55b074f17d0faf08e588ef,mlp,occlusion,insertion,training_median,False,False,True,True,1,ATTACK,predicted_class_of_audited_model,0.0486362613737583,0.0480447818990797,0.014429157112814651,0.36350753917124756,-0.3490783820584329,0.024526482845413942,-0.3971502884354442,0.14164611371673577,-0.1272169566039211,0.6074970960617065,0.5410045943260193,0.06649248385429381,5,trapezoid_from_zero_normalized_by_max_fraction,False,error,false_positive,low,medium,binary
cicids2017_binary,46,0,BENIGN,rid_20866184f667da854ae94ed1883a8b4b,mlp,occlusion,insertion,training_median,False,False,True,True,1,ATTACK,predicted_class_of_audited_model,0.0008984768064692,0.0003069973317905,-0.0032519834974664265,0.07532385873528571,-0.07857584223275216,0.012257220429955166,-0.10259999427546429,0.12884152440509763,-0.13209350790256408,0.7819217443466187,0.6186615744829178,0.16326008045673368,5,trapezoid_from_zero_normalized_by_max_fraction,False,error,false_positive,low,low,binary
cicids2017_binary,46,0,BENIGN,rid_6897bf64428ec40255254b9597c26bad,mlp,occlusion,insertion,training_median,False,False,True,True,1,ATTACK,predicted_class_of_audited_model,0.0063157323747873,0.0057242529001087,0.0011553518544902691,0.14311139598594944,-0.14195604413145915,0.01858256883455255,-0.17837787904718216,0.12285634974222726,-0.12170099788773699,1.3075990676879883,1.2103953137397767,0.09720376586914059,5,trapezoid_from_zero_normalized_by_max_fraction,False,error,false_positive,low,medium,binary
cicids2017_binary,46,0,BENIGN,rid_7f85d0921fd6c3e154c10145ab18b6b6,mlp,occlusion,insertion,training_median,False,False,True,True,1,ATTACK,predicted_class_of_audited_model,0.0056965784169733,0.0051050989422947,0.00016354928520740937,0.3098165370364885,-0.30965298775128103,0.024297390279697118,-0.35727587269948735,0.14909476881371622,-0.14893121952850882,0.8189653158187866,0.6212816355228423,0.19768369817733764,5,trapezoid_from_zero_normalized_by_max_fraction,False,error,false_positive,low,medium,binary
cicids2017_binary,46,0,BENIGN,rid_9c977fa011bbef6c1265baf3bac8738b,mlp,occlusion,insertion,training_median,False,False,True,True,1,ATTACK,predicted_class_of_audited_model,0.0013563783140853,0.0007648988394066,-0.003230095330349414,0.055769165394195075,-0.05899926072454449,0.010784282233803583,-0.08013645390279951,0.1290396715302229,-0.1322697668605723,0.8708974123001099,0.6960711864233017,0.17482621395587922,5,trapezoid_from_zero_normalized_by_max_fraction,False,error,false_positive,low,medium,binary
cicids2017_binary,46,0,BENIGN,rid_99d8d9a2d27d90787626a1d5415917bc,mlp,occlusion,insertion,training_median,False,True,False,True,0,BENIGN,predicted_class_of_audited_model,0.9999999993046258,0.0005914787793043,0.004267140312101359,-0.0026113328102921694,0.006878473122393528,0.0014271865188767712,0.004081187545395056,-0.03905898662054015,0.04332612693264151,1.9413211345672607,1.6055190870761868,0.33580207133293155,5,trapezoid_from_zero_normalized_by_max_fraction,True,correct,true_negative,medium,medium,binary
cicids2017_binary,46,1,ATTACK,rid_65b0f2d3edc992df96ced1276c3d9cdf,mlp,occlusion,insertion,training_median,False,True,False,True,1,ATTACK,predicted_class_of_audited_model,1.0,0.9994085205253214,0.14123932071961462,0.16859747527371247,-0.027358154554097847,0.019730613649522354,-0.06603015730716166,0.25917677817708396,-0.11793745745746932,0.6629136800765991,0.4195114442706108,0.2434021881222725,5,trapezoid_from_zero_normalized_by_max_fraction,True,correct,true_positive,high,high,binary
cicids2017_binary,46,1,ATTACK,rid_2e4b6fca177b423d3489213643516cc5,mlp,occlusion,insertion,training_median,False,True,False,True,1,ATTACK,predicted_class_of_audited_model,1.0,0.9994085205253214,0.004499948215379846,0.22521397109976465,-0.2207140228843848,0.023681860998391313,-0.2671304704412318,0.33175708452522457,-0.3272571363098447,0.30385342240333557,0.29787494538072495,0.005978446940891435,5,trapezoid_from_zero_normalized_by_max_fraction,True,correct,true_positive,high,high,binary
cicids2017_binary,46,0,BENIGN,rid_1da39f99f2d9dd756fcd3af649efca90,mlp,occlusion,insertion,training_median,False,True,False,True,0,BENIGN,predicted_class_of_audited_model,0.9999999996607264,0.0005914791354051,0.004267140492805244,-0.00010245688149115948,0.004369597374296403,0.001470554400661492,0.001487310748999879,-0.01812398496486231,0.022391125457667554,2.088148832321167,1.4669855926036834,0.6211632397174836,5,trapezoid_from_zero_normalized_by_max_fraction,True,correct,true_negative,medium,medium,binary
cicids2017_binary,46,0,BENIGN,rid_41125286925a58bfd8c5fbb069f1ab2a,mlp,occlusion,insertion,training_median,False,True,False,True,0,BENIGN,predicted_class_of_audited_model,0.99999686561614,0.0005883450908185,0.0042663004362164855,-0.018937450408491693,0.02320375084470818,0.0065196319617492025,0.010425272199679744,-0.02267848728234002,0.026944787718556504,0.9867583513259888,0.798518670797348,0.1882396447658539,5,trapezoid_from_zero_normalized_by_max_fraction,True,correct,true_negative,medium,low,binary
cicids2017_binary,46,0,BENIGN,rid_0e0d90bfa1c82f171c554e7e9126fb42,mlp,occlusion,insertion,training_median,False,False,True,True,1,ATTACK,predicted_class_of_audited_model,0.001967727439478,0.0013762479647993,-0.0028324322658590225,0.2580079204075061,-0.26084035267336514,0.020613128158121694,-0.30124208386328366,0.1623070234955646,-0.16513945576142364,4.7086896896362305,5.607633759498597,-0.8989438314437865,5,trapezoid_from_zero_normalized_by_max_fraction,False,error,false_positive,low,medium,binary
cicids2017_binary,46,0,BENIGN,rid_e76fab150fc5874515d0daec55e4c549,mlp,occlusion,insertion,training_median,False,False,True,True,1,ATTACK,predicted_class_of_audited_model,0.0016587902791798,0.0010673108045012,-0.002877850813092664,0.0004218568121259526,-0.0032997076252186167,0.000583940777501752,-0.004444231549122051,0.008374899120347208,-0.011252749933439872,1.0735976696014404,0.6929168568849564,0.3806808425188065,5,trapezoid_from_zero_normalized_by_max_fraction,False,error,false_positive,low,medium,binary
cicids2017_binary,46,0,BENIGN,rid_2744e40df6c70a6c726dc5741a53cbae,mlp,occlusion,insertion,training_median,False,True,False,True,0,BENIGN,predicted_class_of_audited_model,0.9999999999999718,0.0005914794746503,0.004267140517243995,-0.015130249917992913,0.019397390435236906,0.005001338299049462,0.00959476736909996,-0.04711628311033032,0.05138342362757432,1.6103378534317017,1.5142580633163452,0.09607964706420899,5,trapezoid_from_zero_normalized_by_max_fraction,True,correct,true_negative,medium,medium,binary
cicids2017_binary,46,1,ATTACK,rid_bd3da43da14738707a1433238ce5d42b,mlp,occlusion,insertion,training_median,False,True,False,True,1,ATTACK,predicted_class_of_audited_model,1.0,0.9994085205253214,0.780310035450384,0.24817272944172777,0.5321373060086563,0.024221536752023105,0.484663093974691,0.21010147603484994,0.570208559415534,0.7552894949913025,0.7780863502025606,-0.022796825408935528,5,trapezoid_from_zero_normalized_by_max_fraction,True,correct,true_positive,high,high,binary
cicids2017_binary,46,0,BENIGN,rid_e53c30dc3efaeb4c15a6e87e84719470,mlp,occlusion,insertion,training_median,False,True,False,True,0,BENIGN,predicted_class_of_audited_model,0.9999999998639584,0.0005914793386368,0.004267140236251598,-0.025518867710314003,0.0297860079465656,0.00839181468148163,0.013338051170861603,-0.0548535347587367,0.0591206749949883,1.5028929710388184,1.1800933322906493,0.3227996029853821,5,trapezoid_from_zero_normalized_by_max_fraction,True,correct,true_negative,medium,medium,binary
cicids2017_binary,46,0,BENIGN,rid_24a0916e3c85cd48aedadd0e0b51b6e5,mlp,occlusion,insertion,training_median,False,False,True,True,1,ATTACK,predicted_class_of_audited_model,0.0007302880403585,0.0001388085656798,-0.003505202394444495,0.13718401576700212,-0.1406892181614466,0.019616838233813768,-0.1791382210997216,0.11534528103005545,-0.11885048342449994,0.7429782748222351,0.5483954111337661,0.19458286368846894,5,trapezoid_from_zero_normalized_by_max_fraction,False,error,false_positive,low,low,binary
cicids2017_binary,46,0,BENIGN,rid_2c8ba8578a1f948174b311f6b93ed794,mlp,occlusion,insertion,training_median,False,True,False,True,0,BENIGN,predicted_class_of_audited_model,0.999999939076659,0.0005914185513375,0.004267103998237087,-0.0064835457820476335,0.010750649780284722,0.0025550711349527195,0.005742710355777392,-0.007380179494687077,0.011647283492924163,0.9859104156494141,0.6740989183187485,0.31181142580509186,5,trapezoid_from_zero_normalized_by_max_fraction,True,correct,true_negative,medium,medium,binary
cicids2017_binary,46,0,BENIGN,rid_a3256e21f1100fd022d62bf0be8430ac,mlp,occlusion,insertion,training_median,False,False,True,True,1,ATTACK,predicted_class_of_audited_model,0.0059817782603204,0.0053902987856418,0.012652604375034572,0.13065890210258235,-0.11800629772754778,0.017714286933738898,-0.15272630011767602,0.1002929012279479,-0.08764029685291333,0.8815863728523254,0.6260219659805298,0.25556440687179566,5,trapezoid_from_zero_normalized_by_max_fraction,False,error,false_positive,low,medium,binary
cicids2017_binary,46,0,BENIGN,rid_7e68efe9c4173e3e13ebf602c7bdf123,mlp,occlusion,insertion,training_median,False,False,True,True,1,ATTACK,predicted_class_of_audited_model,0.0008126734755933,0.0002211940009146,-0.002103076812522886,0.13819676750454904,-0.14029984431707193,0.01975406097261055,-0.1790178038233886,0.10237684276938405,-0.10447991958190694,0.7334955930709839,0.657418960571289,0.07607660865783691,5,trapezoid_from_zero_normalized_by_max_fraction,False,error,false_positive,low,low,binary
cicids2017_binary,46,0,BENIGN,rid_0394651c39c5300d79ada10de6d141ed,mlp,occlusion,insertion,training_median,False,True,False,True,0,BENIGN,predicted_class_of_audited_model,0.999998907395252,0.0005903868699305,0.004266333810269885,0.003934803624170421,0.00033153018609946366,6.440040994164027e-05,0.00020530538261384875,0.0009816677567029474,0.0032846660535669372,1.0013060569763184,0.6666086331009864,0.3346973583102226,5,trapezoid_from_zero_normalized_by_max_fraction,True,correct,true_negative,medium,low,binary
cicids2017_binary,46,0,BENIGN,rid_ff27f70bc2d71efc96753b46ef748bd4,mlp,occlusion,insertion,training_median,False,False,True,True,1,ATTACK,predicted_class_of_audited_model,0.0855619832873344,0.0849705038126558,0.07519371067566394,0.21188377602854647,-0.13669006535288253,0.019609534392481132,-0.17512475276214556,0.15048356789474215,-0.07528985721907822,3.8811511993408203,4.40319705581665,-0.52204585647583,5,trapezoid_from_zero_normalized_by_max_fraction,False,error,false_positive,low,medium,binary
cicids2017_binary,46,0,BENIGN,rid_0db604f8625f200f4eb60f0eb03bcdea,mlp,occlusion,insertion,training_median,False,True,False,True,0,BENIGN,predicted_class_of_audited_model,1.0,0.0005914794746786,0.0039015383207697592,-0.004295409464422202,0.008196947785191961,0.0037855079895718316,0.0007773521256311715,-0.011260880529621597,0.015162418850391358,0.49523407220840454,0.4865208102166652,0.00871327689290049,5,trapezoid_from_zero_normalized_by_max_fraction,True,correct,true_negative,high,medium,binary
cicids2017_binary,46,0,BENIGN,rid_ca06ee9dc52cd5d656827b0328ae42f2,mlp,occlusion,insertion,training_median,False,True,False,True,0,BENIGN,predicted_class_of_audited_model,0.9999908515956122,0.0005823310702907,0.0042581228609833485,0.0034957553395828993,0.0007623675214004493,0.00010293175855254368,0.0005606212746374637,0.0007832197098442749,0.003474903151139074,0.750684916973114,0.418234082788229,0.33245085504651073,5,trapezoid_from_zero_normalized_by_max_fraction,True,correct,true_negative,medium,low,binary
cicids2017_binary,46,0,BENIGN,rid_53ec67a2a5db40ea2465c1552085e5d5,mlp,occlusion,insertion,training_median,False,False,True,True,1,ATTACK,predicted_class_of_audited_model,0.0006178466137498,2.636713907119999e-05,-0.003787641941573838,-0.0010865972513446418,-0.0027010446902291964,0.00045320281107812777,-0.003589322199942327,0.005670858143667374,-0.009458500085241212,0.8695942759513855,0.5982880845665932,0.2713062033057213,5,trapezoid_from_zero_normalized_by_max_fraction,False,error,false_positive,low,low,binary
cicids2017_binary,46,0,BENIGN,rid_5390c2334b21c1b86e72a6a16d524132,mlp,occlusion,insertion,training_median,False,False,True,True,1,ATTACK,predicted_class_of_audited_model,0.0006134523428045,2.1972868125899928e-05,-0.003788512700370461,-0.0010643496320691384,-0.002724163068301323,0.00045177253249108315,-0.003609637231983846,0.008320844245746457,-0.012109356946116916,0.8463748693466187,0.5710421094298362,0.2753327718377113,5,trapezoid_from_zero_normalized_by_max_fraction,False,error,false_positive,low,low,binary
cicids2017_binary,46,0,BENIGN,rid_8ebe713bc384ec168cbe31a7285740b7,mlp,occlusion,insertion,training_median,False,False,True,True,1,ATTACK,predicted_class_of_audited_model,0.0293456129729747,0.0287541334982961,0.006694627105748907,0.4549046773949598,-0.4482100502892109,0.021661566635869746,-0.4906667208955156,0.1386058968359724,-0.13191126973022352,0.5859030485153198,0.4856886786818504,0.10021435195207595,5,trapezoid_from_zero_normalized_by_max_fraction,False,error,false_positive,low,medium,binary
cicids2017_binary,46,0,BENIGN,rid_5821730c24a51333546af5bb2fb07e3a,mlp,occlusion,insertion,training_median,False,False,True,True,1,ATTACK,predicted_class_of_audited_model,0.0010428682435303,0.0004513887688517,-0.0034637233355852004,-0.0011423277855985249,-0.0023213955499866755,0.0005030403232735914,-0.0033073545836029145,0.007206236364344249,-0.01066995969992945,0.865002453327179,0.6340289742946624,0.23097346711158756,5,trapezoid_from_zero_normalized_by_max_fraction,False,error,false_positive,low,low,binary
cicids2017_binary,46,0,BENIGN,rid_fa05e985003ba971ab566eb11f2f5666,mlp,occlusion,insertion,training_median,False,False,True,True,1,ATTACK,predicted_class_of_audited_model,0.0015332236653193,0.0009417441906407,-0.003076999954313919,0.0006870868101653124,-0.003764086764479232,0.0006943849360173266,-0.005125081239073192,0.0080325112362882,-0.01110951119060212,0.8770912289619446,0.6893358167409896,0.18775535857677456,5,trapezoid_from_zero_normalized_by_max_fraction,False,error,false_positive,low,medium,binary
cicids2017_binary,46,0,BENIGN,rid_cb32a928b22137696d1267dda184c253,mlp,occlusion,insertion,training_median,False,False,True,True,1,ATTACK,predicted_class_of_audited_model,0.0011181399459019,0.0005266604712232,-0.0034813713017683772,0.016228707465939803,-0.019710078767708188,0.0027264457934283266,-0.02505391252282771,0.04816740852294311,-0.051648779824711485,2.0693728923797607,1.6564651845693585,0.4129078627824783,5,trapezoid_from_zero_normalized_by_max_fraction,False,error,false_positive,low,low,binary
cicids2017_binary,46,0,BENIGN,rid_cfd6aa8c94f55bcb81cb641d00f1739c,mlp,occlusion,insertion,training_median,False,False,True,True,1,ATTACK,predicted_class_of_audited_model,0.0012806390877813,0.0006891596131027,-0.0030306438684419845,0.014563953864562284,-0.01759459773300427,0.0028715673596031977,-0.023222869757826538,0.054471889354367094,-0.057502533222809085,1.7014007568359375,1.149487542629242,0.5519132499694823,5,trapezoid_from_zero_normalized_by_max_fraction,False,error,false_positive,low,medium,binary
cicids2017_binary,46,0,BENIGN,rid_a7a4c7f410072957d6e6e483bbd28773,mlp,occlusion,insertion,training_median,False,False,True,True,1,ATTACK,predicted_class_of_audited_model,0.0007598344236612,0.0001683549489825,-0.00350596789056965,0.020107607639707824,-0.023613575530277472,0.00414574750453533,-0.03173924063916672,0.016057904118972514,-0.019563872009542165,0.691769003868103,0.5794788874387742,0.11229010450839996,5,trapezoid_from_zero_normalized_by_max_fraction,False,error,false_positive,low,low,binary
cicids2017_binary,46,0,BENIGN,rid_99201083439d490e84665f35e06094d9,mlp,occlusion,insertion,training_median,False,False,True,True,1,ATTACK,predicted_class_of_audited_model,0.0041385125368833,0.0035470330622047,-0.001461090951488586,0.09504144167725011,-0.09650253262873867,0.011497950284306198,-0.11903851518597883,0.23588294407761715,-0.23734403502910573,1.323564052581787,0.9267108472585678,0.39685319340229036,5,trapezoid_from_zero_normalized_by_max_fraction,False,error,false_positive,low,medium,binary
cicids2017_binary,46,0,BENIGN,rid_1f6e5f66b4e7e485f1841c9d6b6fc88f,mlp,occlusion,insertion,training_median,False,False,True,True,1,ATTACK,predicted_class_of_audited_model,0.8811854720115662,0.8805939925368875,0.8713278151582926,0.6115690530964699,0.2597587620618227,0.012600456096275537,0.23506186811312263,0.29816856143848913,0.5731592537198036,3.5014381408691406,3.3189288539886475,0.18250938224792482,5,trapezoid_from_zero_normalized_by_max_fraction,False,error,false_positive,low,high,binary
cicids2017_binary,46,1,ATTACK,rid_624e6a0ad4bb892251dc9b72797ab8a6,mlp,occlusion,insertion,training_median,False,True,False,True,1,ATTACK,predicted_class_of_audited_model,1.0,0.9994085205253214,0.9457306958269328,0.5589310124898343,0.3867996833370983,0.02665987087733527,0.3345463364175212,0.25989041068794727,0.6858402851389855,1.1389061212539673,1.1742730355262756,-0.03536698579788209,5,trapezoid_from_zero_normalized_by_max_fraction,True,correct,true_positive,high,high,binary
cicids2017_binary,46,0,BENIGN,rid_250b9445c0446273915207b64534a8d0,mlp,occlusion,insertion,training_median,False,False,True,True,1,ATTACK,predicted_class_of_audited_model,0.0010399720631539,0.0004484925884752,-0.003455237615347073,0.001079322629754444,-0.004534560245101517,0.0007794177109875232,-0.006062218958637062,0.013028824851931176,-0.01648406246727825,1.0665562152862549,0.8514139293432235,0.21514233362674715,5,trapezoid_from_zero_normalized_by_max_fraction,False,error,false_positive,low,low,binary
cicids2017_binary,46,0,BENIGN,rid_2f0415ed639fc8afddc6146c884d6e8a,mlp,occlusion,insertion,training_median,False,False,True,True,1,ATTACK,predicted_class_of_audited_model,0.0007404754869639,0.0001489960122852,-0.0035315644534421155,0.1266715131073675,-0.13020307756080962,0.01815763560313955,-0.16579204334296313,0.09704471200880906,-0.10057627646225117,0.8263729214668274,0.6421784067153931,0.18419447898864746,5,trapezoid_from_zero_normalized_by_max_fraction,False,error,false_positive,low,low,binary
cicids2017_binary,46,0,BENIGN,rid_03cafe0d129efc0a7868eb35c00323c8,mlp,occlusion,insertion,training_median,False,False,True,True,1,ATTACK,predicted_class_of_audited_model,0.0013498387997969,0.0007583593251183,-0.003205924637586577,0.0008054617875999383,-0.004011386425186515,0.0006113023227616852,-0.0052095389777994175,0.007317153247119221,-0.010523077884705799,0.8958659172058105,0.5429144738316536,0.352951455295086,5,trapezoid_from_zero_normalized_by_max_fraction,False,error,false_positive,low,medium,binary
cicids2017_binary,46,0,BENIGN,rid_dea7db7817f6e8a682cb6eb57567bdaf,mlp,occlusion,insertion,training_median,False,True,False,True,0,BENIGN,predicted_class_of_audited_model,0.999998364113594,0.0005898435882727,0.004253881178517815,-0.10117089658986905,0.10542477776838687,0.013407391879161033,0.07914628968523124,-0.19818445338227236,0.2024383345607902,5.7357330322265625,5.129260878562928,0.6064720582962038,5,trapezoid_from_zero_normalized_by_max_fraction,True,correct,true_negative,medium,low,binary
cicids2017_binary,46,0,BENIGN,rid_aa3fd58c9168d5555825407148d3ddd9,mlp,occlusion,insertion,training_median,False,False,True,True,1,ATTACK,predicted_class_of_audited_model,0.0006109684472903,1.948897261169996e-05,-0.0037924307431239867,0.0001473142530790028,-0.003939744996202989,0.0006851179996779995,-0.005282576275571868,0.006325659281848289,-0.010118090024972274,0.8971453905105591,0.5711937074661255,0.3259517068862915,5,trapezoid_from_zero_normalized_by_max_fraction,False,error,false_positive,low,low,binary
cicids2017_binary,46,0,BENIGN,rid_860dad23e703ac90ac6df5f5c1df2e4a,mlp,occlusion,deletion,target_class_median,False,True,False,True,0,BENIGN,predicted_class_of_audited_model,0.999999533168193,0.0005910126428716,0.0004537660443929781,0.0003334106344992297,0.00012035540989374846,9.066931582963805e-05,-5.7356449132342114e-05,0.00013596831238651264,0.0003177977320064654,2.831757068634033,3.222421887874603,-0.3906645808219909,5,trapezoid_from_zero_normalized_by_max_fraction,True,correct,true_negative,medium,medium,binary
cicids2017_binary,46,0,BENIGN,rid_749b18f9c2c1d8cfbe591300195c9641,mlp,occlusion,deletion,target_class_median,False,True,False,True,0,BENIGN,predicted_class_of_audited_model,0.9997864360630048,0.0003779155376833,-0.00017335428997284908,-0.00014453663582310127,-2.8817654149747803e-05,3.5874788075219085e-06,-3.5849112612490745e-05,-4.426494222457222e-05,-0.00012908934774827685,0.212302565574646,0.1398531960248947,0.07244936656951903,5,trapezoid_from_zero_normalized_by_max_fraction,True,correct,true_negative,medium,low,binary
cicids2017_binary,46,0,BENIGN,rid_d960e7beef0e0fe8cdca3dca5773e280,mlp,occlusion,deletion,target_class_median,False,True,False,True,0,BENIGN,predicted_class_of_audited_model,1.0,0.0005914794746786,3.406496806857007e-09,9.544166022869782e-06,-9.540759526062925e-06,7.853078962544822e-06,-2.4932794292650774e-05,1.2359186504831254e-05,-1.2355780008024397e-05,1.612858772277832,1.4574596314430237,0.15539911699295042,5,trapezoid_from_zero_normalized_by_max_fraction,True,correct,true_negative,high,medium,binary
cicids2017_binary,46,1,ATTACK,rid_fe31f29478bce8d44e56f5aac7392779,mlp,occlusion,deletion,target_class_median,False,True,False,True,1,ATTACK,predicted_class_of_audited_model,0.9698349833488464,0.9692435038741678,-0.02864592373371124,0.10616634091548621,-0.13481226464919743,0.018770633911520916,-0.17160270711577844,0.11068587730824947,-0.13933180104196072,0.11138144880533218,0.04995958394627087,0.06142185144801624,5,trapezoid_from_zero_normalized_by_max_fraction,True,correct,true_positive,medium,high,binary
cicids2017_binary,46,0,BENIGN,rid_4dcfda53e32b352db216637150cc932c,mlp,occlusion,deletion,target_class_median,False,False,True,True,1,ATTACK,predicted_class_of_audited_model,0.0006534442072734,6.19647325948e-05,-0.4562373232969548,-0.35946824848050546,-0.09676907481644942,0.022219271978151902,-0.14031884789362714,-0.029521453968890134,-0.42671586932806477,1.2672312259674072,0.8797909532785416,0.387440165400505,5,trapezoid_from_zero_normalized_by_max_fraction,False,error,false_positive,low,low,binary
cicids2017_binary,46,0,BENIGN,rid_5417f304ac152526060a3c3c5bf9c3d5,mlp,occlusion,deletion,target_class_median,False,True,False,True,0,BENIGN,predicted_class_of_audited_model,0.9999973897033668,0.0005888691780455,-1.6742242792133766e-07,3.246116023092326e-08,-1.9988358815226088e-07,1.086293720938511e-07,-4.1279715745620903e-07,2.4347304554339644e-07,-4.108954734647341e-07,0.07017882168292999,0.04878887411952019,0.021389946818351747,5,trapezoid_from_zero_normalized_by_max_fraction,True,correct,true_negative,medium,low,binary
cicids2017_binary,46,0,BENIGN,rid_f954d941b37ca74a5060cdba8b5214cf,mlp,occlusion,deletion,target_class_median,False,True,False,True,0,BENIGN,predicted_class_of_audited_model,0.9998125255515332,0.000404005026212,-0.0001500428594795267,-0.00013480180486294556,-1.5241054616581096e-05,2.558113214660426e-06,-2.025495651731553e-05,-5.432440717640929e-05,-9.571845230311737e-05,0.233677476644516,0.14861270169913768,0.08506478835642338,5,trapezoid_from_zero_normalized_by_max_fraction,True,correct,true_negative,medium,low,binary
cicids2017_binary,46,0,BENIGN,rid_ae3af0e467603c6207a301a895eab46f,mlp,occlusion,deletion,target_class_median,False,True,False,True,0,BENIGN,predicted_class_of_audited_model,0.99999836908421,0.0005898485588886,1.0377862224686394e-06,1.0077032749649106e-06,3.008294750372913e-08,1.0475056413187806e-07,-1.7522815819475186e-07,7.870922434562999e-07,2.506939790123398e-07,0.49098777770996094,0.22249274453520776,0.2684949974119663,5,trapezoid_from_zero_normalized_by_max_fraction,True,correct,true_negative,medium,low,binary
cicids2017_binary,46,0,BENIGN,rid_d4e3257509c9bbbd3dc20638aa63b25d,mlp,occlusion,deletion,target_class_median,False,True,False,True,0,BENIGN,predicted_class_of_audited_model,0.999971280725731,0.0005627602004096,-2.5271480865285412e-05,-1.827761360846125e-05,-6.99386725682416e-06,4.7230099060678037e-07,-7.91957719841345e-06,-8.755387145356507e-06,-1.65160937199289e-05,0.17604945600032806,0.08102922873944043,0.09502023471146823,5,trapezoid_from_zero_normalized_by_max_fraction,True,correct,true_negative,medium,low,binary
cicids2017_binary,46,1,ATTACK,rid_b785e844537ba823afa28178d1299224,mlp,occlusion,deletion,target_class_median,False,True,False,True,1,ATTACK,predicted_class_of_audited_model,1.0,0.9994085205253214,0.0,6.866455078125001e-08,-6.866455078125001e-08,6.795305944355181e-08,-2.0185254729061155e-07,0.028523965913795808,-0.028523965913795808,0.3668301999568939,0.3263276265114546,0.04050257866084576,5,trapezoid_from_zero_normalized_by_max_fraction,True,correct,true_positive,high,high,binary
cicids2017_binary,46,1,ATTACK,rid_86ab7b38bb2fc35a17e2f243a2787acc,mlp,occlusion,deletion,target_class_median,False,True,False,True,1,ATTACK,predicted_class_of_audited_model,1.0,0.9994085205253214,0.0,0.0008696299791336059,-0.0008696299791336059,0.0004843873177824312,-0.001819029121987171,0.05185761614549814,-0.05185761614549814,0.2780592739582062,0.29602887018769974,-0.01796960964053869,5,trapezoid_from_zero_normalized_by_max_fraction,True,correct,true_positive,high,high,binary
cicids2017_binary,46,1,ATTACK,rid_4ba0c8545e5aa37ce506ab2470a4f493,mlp,occlusion,deletion,target_class_median,False,True,False,True,1,ATTACK,predicted_class_of_audited_model,1.0,0.9994085205253214,5.3644180297851564e-08,0.01264326313813217,-0.012643209493951871,0.005860023713413102,-0.02412885597224155,0.047274481962621046,-0.04727442831844075,0.28467294573783875,0.2888122621327639,-0.004139306709170345,5,trapezoid_from_zero_normalized_by_max_fraction,True,correct,true_positive,high,high,binary
cicids2017_binary,46,1,ATTACK,rid_21570fcd536c195365b862d55e950d97,mlp,occlusion,deletion,target_class_median,False,True,False,True,1,ATTACK,predicted_class_of_audited_model,1.0,0.9994085205253214,0.0,1.1777877807617189e-07,-1.1777877807617189e-07,9.661981017934088e-08,-3.0715360602768003e-07,0.019046322768394474,-0.019046322768394474,0.3884851038455963,0.3411995670199394,0.0472855219244957,5,trapezoid_from_zero_normalized_by_max_fraction,True,correct,true_positive,high,high,binary
cicids2017_binary,46,1,ATTACK,rid_68735f841398fcec6dab1e120fbb91c5,mlp,occlusion,deletion,target_class_median,False,True,False,True,1,ATTACK,predicted_class_of_audited_model,1.0,0.9994085205253214,0.0,0.00500727538135834,-0.00500727538135834,0.004049672299124288,-0.012944633087641943,0.042915364691595584,-0.042915364691595584,0.2636413276195526,0.3067148351371288,-0.043073503792285917,5,trapezoid_from_zero_normalized_by_max_fraction,True,correct,true_positive,high,high,binary
cicids2017_binary,46,1,ATTACK,rid_d854f94c966e5456ab499f4b11182583,mlp,occlusion,deletion,target_class_median,False,True,False,True,1,ATTACK,predicted_class_of_audited_model,1.0,0.9994085205253214,0.0,0.004314967930316925,-0.004314967930316925,0.0035693348998181496,-0.011310864333960498,0.05208964064592147,-0.05208964064592147,0.2915979027748108,0.25296121686697004,0.038636673241853714,5,trapezoid_from_zero_normalized_by_max_fraction,True,correct,true_positive,high,high,binary
cicids2017_binary,46,1,ATTACK,rid_b579819cdc2e371992343189006ba33b,mlp,occlusion,deletion,target_class_median,False,True,False,True,1,ATTACK,predicted_class_of_audited_model,1.0,0.9994085205253214,0.0,0.0023497059345245364,-0.0023497059345245364,0.0023312561414993533,-0.0069189679718632685,0.02773191950953596,-0.02773191950953596,0.3793286979198456,0.35407280038297173,0.02525588189065455,5,trapezoid_from_zero_normalized_by_max_fraction,True,correct,true_positive,high,high,binary
cicids2017_binary,46,1,ATTACK,rid_a4446ec396983204fbdfd835428e3b8e,mlp,occlusion,deletion,target_class_median,False,True,False,True,1,ATTACK,predicted_class_of_audited_model,1.0,0.9994085205253214,0.0,0.005207898223772645,-0.005207898223772645,0.004139174186745829,-0.013320679629794469,0.019508264966731078,-0.019508264966731078,0.4095730185508728,0.38161349881440404,0.02795952718704938,5,trapezoid_from_zero_normalized_by_max_fraction,True,correct,true_positive,high,high,binary
cicids2017_binary,46,1,ATTACK,rid_5689d104e75c20d1ae62639fc1bcd232,mlp,occlusion,deletion,target_class_median,False,True,False,True,1,ATTACK,predicted_class_of_audited_model,1.0,0.9994085205253214,0.0,5.753874778747559e-05,-5.753874778747559e-05,4.952226640302756e-05,-0.0001546023899374096,0.02132039253728476,-0.02132039253728476,0.424385130405426,0.4167200338840485,0.007665105462074262,5,trapezoid_from_zero_normalized_by_max_fraction,True,correct,true_positive,high,high,binary
cicids2017_binary,46,1,ATTACK,rid_46332a1166bf2a376abd3d6b1cef591c,mlp,occlusion,deletion,target_class_median,False,True,False,True,1,ATTACK,predicted_class_of_audited_model,1.0,0.9994085205253214,0.0,0.01851074680243619,-0.01851074680243619,0.007174869573089231,-0.03257349116569108,0.019845315331358887,-0.019845315331358887,0.29416292905807495,0.26745488597080114,0.02670805500820279,5,trapezoid_from_zero_normalized_by_max_fraction,True,correct,true_positive,high,high,binary
cicids2017_binary,46,1,ATTACK,rid_eb46a3126b8839da52b19b40a9e5c645,mlp,occlusion,deletion,target_class_median,False,True,False,True,1,ATTACK,predicted_class_of_audited_model,1.0,0.9994085205253214,0.0,0.008447533632763226,-0.008447533632763226,0.005591458214288987,-0.01940679173276964,0.037789987450087784,-0.037789987450087784,0.3009971082210541,0.32031812019646166,-0.019321006014943114,5,trapezoid_from_zero_normalized_by_max_fraction,True,correct,true_positive,high,high,binary
cicids2017_binary,46,1,ATTACK,rid_8a7b53354b6c94cccfcb8312c53c68b1,mlp,occlusion,deletion,target_class_median,False,True,False,True,1,ATTACK,predicted_class_of_audited_model,1.0,0.9994085205253214,0.0,0.004857469737529754,-0.004857469737529754,0.004499927262532789,-0.013677327172094019,0.089727395746234,-0.089727395746234,0.2949585020542145,0.2812018738314509,0.013756642378866679,5,trapezoid_from_zero_normalized_by_max_fraction,True,correct,true_positive,high,high,binary
cicids2017_binary,46,1,ATTACK,rid_51182125800d94af836309b8d070a311,mlp,occlusion,deletion,target_class_median,False,True,False,True,1,ATTACK,predicted_class_of_audited_model,1.0,0.9994085205253214,0.0,1.500082015991211e-05,-1.500082015991211e-05,1.2555737593934106e-05,-3.961006584402296e-05,0.02026827438392138,-0.02026827438392138,0.35066157579421997,0.35567087434232236,-0.005009313449263589,5,trapezoid_from_zero_normalized_by_max_fraction,True,correct,true_positive,high,high,binary
cicids2017_binary,46,1,ATTACK,rid_1aa3fd28d9fa0d06c5cebcb672ddc684,mlp,occlusion,deletion,target_class_median,False,True,False,True,1,ATTACK,predicted_class_of_audited_model,1.0,0.9994085205253214,0.0,2.8819799423217775e-05,-2.8819799423217775e-05,1.8795250446872654e-05,-6.565849029908818e-05,0.04390950646312604,-0.04390950646312604,0.37435781955718994,0.34768567100167275,0.026672148555517194,5,trapezoid_from_zero_normalized_by_max_fraction,True,correct,true_positive,high,high,binary
cicids2017_binary,46,1,ATTACK,rid_e2cc461658961cfbb86e8fb715750ca2,mlp,occlusion,deletion,target_class_median,False,True,False,True,1,ATTACK,predicted_class_of_audited_model,1.0,0.9994085205253214,0.0,0.002514927983283997,-0.002514927983283997,0.0024924678733887744,-0.007400165015125994,0.03213392297502507,-0.03213392297502507,0.31159037351608276,0.2626288877055049,0.04896146979182958,5,trapezoid_from_zero_normalized_by_max_fraction,True,correct,true_positive,high,high,binary
cicids2017_binary,46,1,ATTACK,rid_8e407066993c4d736edb4b68b10e4f52,mlp,occlusion,deletion,target_class_median,False,True,False,True,1,ATTACK,predicted_class_of_audited_model,1.0,0.9994085205253214,0.0,0.0001559398174285889,-0.0001559398174285889,0.0001492094262193838,-0.00044839029281858113,0.03497362679723567,-0.03497362679723567,0.41922062635421753,0.36187605014443397,0.05734455832839012,5,trapezoid_from_zero_normalized_by_max_fraction,True,correct,true_positive,high,high,binary
cicids2017_binary,46,1,ATTACK,rid_1356283bd0164ba8dcdd73ccd3dbee8f,mlp,occlusion,deletion,target_class_median,False,True,False,True,1,ATTACK,predicted_class_of_audited_model,1.0,0.9994085205253214,0.0,0.01193419875325344,-0.01193419875325344,0.006222199688721551,-0.02412971014314768,0.022157656296330975,-0.022157656296330975,0.40164169669151306,0.3606908578425646,0.040950850024819366,5,trapezoid_from_zero_normalized_by_max_fraction,True,correct,true_positive,high,high,binary
cicids2017_binary,46,1,ATTACK,rid_2494b0b775424676204029b6eadc8be2,mlp,occlusion,deletion,target_class_median,False,True,False,True,1,ATTACK,predicted_class_of_audited_model,1.0,0.9994085205253214,0.0,0.009726475355005619,-0.009726475355005619,0.004839803205432907,-0.019212489637654116,0.058782532549531384,-0.058782532549531384,0.3100244998931885,0.31073507647216314,-0.0007105706185102451,5,trapezoid_from_zero_normalized_by_max_fraction,True,correct,true_positive,high,high,binary
cicids2017_binary,46,1,ATTACK,rid_d56fe4e375bdf0ced8e8cb1e503b09ae,mlp,occlusion,deletion,target_class_median,False,True,False,True,1,ATTACK,predicted_class_of_audited_model,1.0,0.9994085205253214,0.0,0.0001091921329498291,-0.0001091921329498291,0.00010916027956771618,-0.0003231462809025528,0.03219141296625821,-0.03219141296625821,0.3661273121833801,0.30132556200027466,0.06480172410607338,5,trapezoid_from_zero_normalized_by_max_fraction,True,correct,true_positive,high,high,binary
cicids2017_binary,46,0,BENIGN,rid_566acc55b43e4ca74b80cac32be19e53,mlp,occlusion,deletion,target_class_median,False,False,True,True,1,ATTACK,predicted_class_of_audited_model,0.0010218978859484,0.0004304184112698,-0.46692186056170615,-0.43466759245393705,-0.03225426810776911,0.02130630678433037,-0.07401462940505663,-0.05264249857625782,-0.4142793619854483,1.186102032661438,0.9619589307308196,0.2241430065631867,5,trapezoid_from_zero_normalized_by_max_fraction,False,error,false_positive,low,low,binary
cicids2017_binary,46,1,ATTACK,rid_89f71f1a1b346d25cb1c8fab0333b5d0,mlp,occlusion,deletion,target_class_median,False,True,False,True,1,ATTACK,predicted_class_of_audited_model,1.0,0.9994085205253214,0.0,0.011605221949517729,-0.011605221949517729,0.006936038754851103,-0.02519985790902589,0.11761290193391687,-0.11761290193391687,0.21847935020923615,0.22884111514687538,-0.010361770898103709,5,trapezoid_from_zero_normalized_by_max_fraction,True,correct,true_positive,high,high,binary
cicids2017_binary,46,1,ATTACK,rid_ca6478946d57ca947c42a3738ee48c1b,mlp,occlusion,deletion,target_class_median,False,True,False,True,1,ATTACK,predicted_class_of_audited_model,1.0,0.9994085205253214,0.0,4.1861653327941895e-05,-4.1861653327941895e-05,3.720346680361056e-05,-0.00011478044826301859,0.04010497500103792,-0.04010497500103792,0.24731354415416718,0.24407375119253993,0.0032398030199110583,5,trapezoid_from_zero_normalized_by_max_fraction,True,correct,true_positive,high,high,binary
cicids2017_binary,46,0,BENIGN,rid_70863f1c52133d2cc6a9a1b7ba846fa9,mlp,occlusion,deletion,target_class_median,False,True,False,True,0,BENIGN,predicted_class_of_audited_model,0.9999995684165128,0.0005910478911914,0.18822302493380508,0.00788969548967526,0.1803333294441298,0.0022260834008989757,0.17597020597836782,0.016576758941390615,0.17164626599241448,0.7989081144332886,0.7707953823804855,0.028112755894660956,5,trapezoid_from_zero_normalized_by_max_fraction,True,correct,true_negative,medium,medium,binary
cicids2017_binary,46,0,BENIGN,rid_bfbdf04618e4bc984a3c4246c21fc042,mlp,occlusion,deletion,target_class_median,False,True,False,True,0,BENIGN,predicted_class_of_audited_model,0.999996361079866,0.0005878405545444,-1.3598088628441474e-06,-5.826718279422493e-07,-7.771370349018979e-07,7.802653411875437e-08,-9.300690417746566e-07,-2.1921485711118293e-07,-1.1405940057329644e-06,0.041173964738845825,0.021823968440294265,0.01934999480843544,5,trapezoid_from_zero_normalized_by_max_fraction,True,correct,true_negative,medium,low,binary
cicids2017_binary,46,0,BENIGN,rid_6e38cf887f2dfed098670ed789185540,mlp,occlusion,deletion,target_class_median,False,False,True,True,1,ATTACK,predicted_class_of_audited_model,0.0008178696152754,0.0002263901405967,-0.485502977509168,-0.3519151094619624,-0.13358786804720552,0.023121080301168113,-0.178905185437495,-0.02809873254052218,-0.4574042449686458,1.1848422288894653,0.9589356154203414,0.22590652406215667,5,trapezoid_from_zero_normalized_by_max_fraction,False,error,false_positive,low,low,binary
cicids2017_binary,46,1,ATTACK,rid_407fe0cd419a10168734aa7599ff3c7e,mlp,occlusion,deletion,target_class_median,False,True,False,True,1,ATTACK,predicted_class_of_audited_model,1.0,0.9994085205253214,0.0,0.011613287763204427,-0.011613287763204427,0.006172967222789009,-0.023712303519870886,0.04444120439271711,-0.04444120439271711,0.2776196002960205,0.239933025194332,0.037686571935191746,5,trapezoid_from_zero_normalized_by_max_fraction,True,correct,true_positive,high,high,binary
cicids2017_binary,46,1,ATTACK,rid_469317ac1b20036f8591e5ad06e4e729,mlp,occlusion,deletion,target_class_median,False,True,False,True,1,ATTACK,predicted_class_of_audited_model,1.0,0.9994085205253214,0.0,0.004435509443283081,-0.004435509443283081,0.0027512066566886552,-0.009827874490392845,0.022163215414620935,-0.022163215414620935,0.3593316078186035,0.3452163379788399,0.014115280270576463,5,trapezoid_from_zero_normalized_by_max_fraction,True,correct,true_positive,high,high,binary
cicids2017_binary,46,0,BENIGN,rid_ce029086a2a4391cf0a82b58dedd2d2d,mlp,occlusion,deletion,target_class_median,False,True,False,True,0,BENIGN,predicted_class_of_audited_model,0.9999997441108236,0.000591223585502,1.5575807253753736e-06,1.39954597796077e-06,1.5803474741460384e-07,6.847660420326602e-08,2.3820603176202442e-08,5.252662771511042e-07,1.0323144482242695e-06,0.652158260345459,0.3809883327484131,0.27116990375518796,5,trapezoid_from_zero_normalized_by_max_fraction,True,correct,true_negative,medium,medium,binary
cicids2017_binary,46,0,BENIGN,rid_5d83816c055ce550e2ba5ad0b239a54c,mlp,occlusion,deletion,target_class_median,False,True,False,True,0,BENIGN,predicted_class_of_audited_model,0.9999999993645776,0.0005914788392562,0.010976070120776437,0.001563932161996285,0.009412137958780153,0.00038624154237423467,0.008655104535726654,0.0026958820138164074,0.00828018810696003,0.6265300512313843,0.5634349501132965,0.06309507131576539,5,trapezoid_from_zero_normalized_by_max_fraction,True,correct,true_negative,medium,medium,binary
cicids2017_binary,46,0,BENIGN,rid_04543e065ddf99b828216c0c30edd5a1,mlp,occlusion,deletion,target_class_median,False,False,True,True,1,ATTACK,predicted_class_of_audited_model,0.1610105633735656,0.1604190838988869,-0.1465404268121347,-0.3144408216966131,0.16790039488447836,0.023052731506573963,0.1227170411315934,-0.12156484740097222,-0.024975579411162505,0.49264127016067505,0.34783994713425637,0.14480132898688317,5,trapezoid_from_zero_normalized_by_max_fraction,False,error,false_positive,low,medium,binary
cicids2017_binary,46,0,BENIGN,rid_c5eb42d2d94c9f33b829422d7e3ddb1c,mlp,occlusion,deletion,target_class_median,False,False,True,True,1,ATTACK,predicted_class_of_audited_model,0.0007181295659393,0.0001266500912606,-0.5350348626612685,-0.40759344845323175,-0.12744141420803679,0.022567283486965344,-0.17167328984248886,-0.030223963811623206,-0.5048108988496454,1.0699265003204346,0.7426946001052855,0.3272320253849029,5,trapezoid_from_zero_normalized_by_max_fraction,False,error,false_positive,low,low,binary
cicids2017_binary,46,1,ATTACK,rid_93df33d32566a5d03ecac084704c814f,mlp,occlusion,deletion,target_class_median,False,True,False,True,1,ATTACK,predicted_class_of_audited_model,1.0,0.9994085205253214,0.0,0.0004912889003753663,-0.0004912889003753663,0.00045920497246823165,-0.0013913306464131002,0.02693530386092607,-0.02693530386092607,0.30789750814437866,0.3248928448408842,-0.016995331481099114,5,trapezoid_from_zero_normalized_by_max_fraction,True,correct,true_positive,high,high,binary
cicids2017_binary,46,0,BENIGN,rid_ecd5ab654ec1b8f11a6e2d8be5888bc9,mlp,occlusion,deletion,target_class_median,False,True,False,True,0,BENIGN,predicted_class_of_audited_model,0.9999129233619896,0.0005044028366682,0.10024844938379829,0.0300554657234604,0.0701929836603379,0.006869018344531554,0.05672970770505605,0.05777662659650465,0.042471822787293646,0.8307079076766968,0.7807881793975829,0.04991982364654542,5,trapezoid_from_zero_normalized_by_max_fraction,True,correct,true_negative,medium,low,binary
cicids2017_binary,46,0,BENIGN,rid_b70ecb0622de4eb3e3a7dfa95d3d34d6,mlp,occlusion,deletion,target_class_median,False,False,True,True,1,ATTACK,predicted_class_of_audited_model,0.0008520666742697,0.0002605871995911,-0.48330145530053414,-0.4420644031097262,-0.041237052190807894,0.02216483467566616,-0.08468012815511357,-0.03085558718497862,-0.4524458681155555,1.0664453506469727,0.8060249135494232,0.2604204370975494,5,trapezoid_from_zero_normalized_by_max_fraction,False,error,false_positive,low,low,binary
cicids2017_binary,46,0,BENIGN,rid_97982dd319a712d3b46cd983b0e2d461,mlp,occlusion,deletion,target_class_median,False,True,False,True,0,BENIGN,predicted_class_of_audited_model,0.9999999999999942,0.0005914794746728,0.48921682251383936,0.0006805796326100576,0.4885362428812293,0.0002299083096134966,0.48808562259438687,0.00038557807377030337,0.488831244440069,2.0783820152282715,1.6040610666275026,0.4743210678100585,5,trapezoid_from_zero_normalized_by_max_fraction,True,correct,true_negative,medium,medium,binary
cicids2017_binary,46,1,ATTACK,rid_da6b30556bb1291c7be54ca06b12c8b7,mlp,occlusion,deletion,target_class_median,False,True,False,True,1,ATTACK,predicted_class_of_audited_model,1.0,0.9994085205253214,0.0,0.0101067004352808,-0.0101067004352808,0.005691419424950402,-0.02126188250818359,0.03656197131789168,-0.03656197131789168,0.3132022023200989,0.3108374757021666,0.0023647035211324663,5,trapezoid_from_zero_normalized_by_max_fraction,True,correct,true_positive,high,high,binary
cicids2017_binary,46,1,ATTACK,rid_c80dce30e1df715781dab46e74044bdb,mlp,occlusion,deletion,target_class_median,False,True,False,True,1,ATTACK,predicted_class_of_audited_model,1.0,0.9994085205253214,0.0,7.028579711914063e-07,-7.028579711914063e-07,7.004284393229631e-07,-2.075697712264414e-06,0.014344297839998034,-0.014344297839998034,0.46789827942848206,0.4021541484072804,0.06574409972876312,5,trapezoid_from_zero_normalized_by_max_fraction,True,correct,true_positive,high,high,binary
cicids2017_binary,46,0,BENIGN,rid_8c7dba6b9ac21fcdd14b42025e3ef935,mlp,occlusion,deletion,target_class_median,False,False,True,True,1,ATTACK,predicted_class_of_audited_model,0.0075274263508617,0.0069359468761831,-0.35575052828062326,-0.33518655794488494,-0.020563970335738313,0.025200128526855946,-0.06995622224837597,-0.26218152646848464,-0.09356900181213859,0.5598605871200562,0.46486426854133606,0.09499631261825561,5,trapezoid_from_zero_normalized_by_max_fraction,False,error,false_positive,low,medium,binary
cicids2017_binary,46,1,ATTACK,rid_7c2f69461c4f2b82623c47d32d7714b5,mlp,occlusion,deletion,target_class_median,False,True,False,True,1,ATTACK,predicted_class_of_audited_model,1.0,0.9994085205253214,0.0,2.674698829650879e-06,-2.674698829650879e-06,1.6724294844504459e-06,-5.952660619173753e-06,0.04529093202771037,-0.04529093202771037,0.24778790771961212,0.3138889033943415,-0.06610098822414875,5,trapezoid_from_zero_normalized_by_max_fraction,True,correct,true_positive,high,high,binary
cicids2017_binary,46,0,BENIGN,rid_37fca82f9548447583b37c1dbae345ac,mlp,occlusion,deletion,target_class_median,False,False,True,True,1,ATTACK,predicted_class_of_audited_model,0.0006807447061873,8.926523150869995e-05,-0.48476133788062725,-0.3550494184526177,-0.12971191942800958,0.02248838357902257,-0.17378915124289382,-0.04215389041916896,-0.4426074474614583,1.0384472608566284,0.7564833562374116,0.28196395230293275,5,trapezoid_from_zero_normalized_by_max_fraction,False,error,false_positive,low,low,binary
cicids2017_binary,46,1,ATTACK,rid_21a1094d7454515206ffc4c2b1935241,mlp,occlusion,deletion,target_class_median,False,True,False,True,1,ATTACK,predicted_class_of_audited_model,1.0,0.9994085205253214,0.0,0.00601661219552625,-0.00601661219552625,0.004427490925093845,-0.014694494408710186,0.011631107215303927,-0.011631107215303927,0.3884454667568207,0.3416284091174603,0.046817066952586174,5,trapezoid_from_zero_normalized_by_max_fraction,True,correct,true_positive,high,high,binary
cicids2017_binary,46,1,ATTACK,rid_6c3fce54cc1108b8bff9408752bfa515,mlp,occlusion,deletion,target_class_median,False,True,False,True,1,ATTACK,predicted_class_of_audited_model,1.0,0.9994085205253214,9.536743164062499e-08,0.0075126482397317885,-0.007512552872300148,0.004693917070247915,-0.016712630329986062,0.08452883894691254,-0.0845287435794809,0.22216644883155823,0.2051923816911876,0.01697407496348024,5,trapezoid_from_zero_normalized_by_max_fraction,True,correct,true_positive,high,high,binary
cicids2017_binary,46,0,BENIGN,rid_891694cbb12651e5534c78fc14406c1e,mlp,occlusion,deletion,target_class_median,False,True,False,True,0,BENIGN,predicted_class_of_audited_model,0.9998504109971692,0.0004418904718477,0.0014214060967788103,0.0008388256637020219,0.000582580433076788,0.000394604246291143,-0.00019084388965385222,0.0021090890179807976,-0.0006876829212019877,0.9197908639907837,0.775046290397644,0.14474459743499754,5,trapezoid_from_zero_normalized_by_max_fraction,True,correct,true_negative,medium,low,binary
cicids2017_binary,46,1,ATTACK,rid_caf597a34ce18982fc074037af25c1dc,mlp,occlusion,deletion,target_class_median,False,True,False,True,1,ATTACK,predicted_class_of_audited_model,1.0,0.9994085205253214,0.0,0.0037644445896148683,-0.0037644445896148683,0.002941675379000899,-0.00953012833245663,0.07616557336921914,-0.07616557336921914,0.23564788699150085,0.20927490305341784,0.026372978350147604,5,trapezoid_from_zero_normalized_by_max_fraction,True,correct,true_positive,high,high,binary
cicids2017_binary,46,0,BENIGN,rid_6d9f452d34eb1ef9a6754ad9623de0d3,mlp,occlusion,deletion,target_class_median,False,True,False,True,0,BENIGN,predicted_class_of_audited_model,0.9999997762011787,0.0005912556758573,0.015885373310142368,0.00349633411227957,0.0123890391978628,0.0006229277004575534,0.011168100904965995,0.005614797791281276,0.010270575518861095,0.48537006974220276,0.4845374987125397,0.0008325859308242589,5,trapezoid_from_zero_normalized_by_max_fraction,True,correct,true_negative,medium,medium,binary
cicids2017_binary,46,0,BENIGN,rid_e98d8a25928dd3a72c936708ad629495,mlp,occlusion,deletion,target_class_median,False,True,False,True,0,BENIGN,predicted_class_of_audited_model,0.9999968859985984,0.0005883654732769,-8.478121799271321e-07,-6.22383848735808e-07,-2.2542833119132408e-07,2.9246917880683935e-08,-2.827522902374646e-07,-2.0372086692077573e-07,-6.440913130063564e-07,0.07404769212007523,0.036491356559097764,0.037556331835687164,5,trapezoid_from_zero_normalized_by_max_fraction,True,correct,true_negative,medium,low,binary
cicids2017_binary,46,0,BENIGN,rid_760c37bb2f9358ddfa6d13deea0f95e2,mlp,occlusion,deletion,target_class_median,False,False,True,True,1,ATTACK,predicted_class_of_audited_model,0.0006658071652054,7.432769052679992e-05,-0.16224406670080496,-0.34360628680284927,0.18136222010204428,0.021920133272064435,0.138398758888798,-0.02303532184874746,-0.13920874485205753,1.5636752843856812,1.1443843208551407,0.4192909992933272,5,trapezoid_from_zero_normalized_by_max_fraction,False,error,false_positive,low,low,binary
cicids2017_binary,46,0,BENIGN,rid_af22b4ee575e62de7312457043dad201,mlp,occlusion,deletion,target_class_median,False,False,True,True,1,ATTACK,predicted_class_of_audited_model,0.0122079290449619,0.0116164495702833,-0.8260657304897904,-0.47399315595440566,-0.35207257453538476,0.02569623481977028,-0.4024371947821345,-0.3815693200940732,-0.4444964103957172,0.023475129157304764,0.03440103741968051,-0.010925909193698317,5,trapezoid_from_zero_normalized_by_max_fraction,False,error,false_positive,low,medium,binary
cicids2017_binary,46,0,BENIGN,rid_44c29849a0448ca4a2d06cb3ba914bf2,mlp,occlusion,deletion,target_class_median,False,False,True,True,1,ATTACK,predicted_class_of_audited_model,0.0010273375082761,0.0004358580335974,-0.4208317334880121,-0.3415154171668705,-0.07931631632114158,0.024303233093268328,-0.1269506531839475,-0.039541782220632454,-0.38128995126737963,1.2776261568069458,1.0550888669490814,0.22253732562065123,5,trapezoid_from_zero_normalized_by_max_fraction,False,error,false_positive,low,low,binary
cicids2017_binary,46,0,BENIGN,rid_e22ab9cbf16d87a48ca01c05dad56d90,mlp,occlusion,deletion,target_class_median,False,False,True,True,1,ATTACK,predicted_class_of_audited_model,0.0017185928300023,0.0011271133553237,-0.5198699753265827,-0.46633928783493966,-0.05353068749164305,0.022216614606811815,-0.09707525212099422,-0.038363746898220794,-0.481506228428362,1.2843644618988037,0.8916671987771988,0.39269723927974703,5,trapezoid_from_zero_normalized_by_max_fraction,False,error,false_positive,low,medium,binary
cicids2017_binary,46,0,BENIGN,rid_9a4f6a786084aba7b36291e9c990822f,mlp,occlusion,deletion,target_class_median,False,True,False,True,0,BENIGN,predicted_class_of_audited_model,0.9999983781576702,0.0005898576323488,1.1525359127517733e-06,1.3612711747157393e-06,-2.0873526196396591e-07,1.696549682991876e-07,-5.412589998303736e-07,1.245490289875306e-06,-9.295437712353286e-08,0.48515772819519043,0.20436323913186788,0.28079445032030337,5,trapezoid_from_zero_normalized_by_max_fraction,True,correct,true_negative,medium,low,binary
cicids2017_binary,46,1,ATTACK,rid_b17381ec2c1e5da8f2e02c5b5bf59293,mlp,occlusion,deletion,target_class_median,False,True,False,True,1,ATTACK,predicted_class_of_audited_model,1.0,0.9994085205253214,0.0,0.004396809041500092,-0.004396809041500092,0.0033518817200966743,-0.010966497212889573,0.032606748821986914,-0.032606748821986914,0.40154585242271423,0.38361029820144177,0.017935584768652913,5,trapezoid_from_zero_normalized_by_max_fraction,True,correct,true_positive,high,high,binary
cicids2017_binary,46,1,ATTACK,rid_06381e57a9bfcdafcd061e3c23370c7d,mlp,occlusion,deletion,target_class_median,False,True,False,True,1,ATTACK,predicted_class_of_audited_model,1.0,0.9994085205253214,0.0,0.01070431936485693,-0.01070431936485693,0.0059899784636196305,-0.022444677153551404,0.06219288917414302,-0.06219288917414302,0.2574182450771332,0.26376242318004367,-0.0063441661819815575,5,trapezoid_from_zero_normalized_by_max_fraction,True,correct,true_positive,high,high,binary
cicids2017_binary,46,1,ATTACK,rid_0d198137c5eac75b9db6b287d5f7c208,mlp,occlusion,deletion,target_class_median,False,True,False,True,1,ATTACK,predicted_class_of_audited_model,1.0,0.9994085205253214,0.0,0.004168653527129209,-0.004168653527129209,0.004000237925195357,-0.012009119860512108,0.05144047700009832,-0.05144047700009832,0.2660687565803528,0.2577496113851666,0.0083191597238183,5,trapezoid_from_zero_normalized_by_max_fraction,True,correct,true_positive,high,high,binary
cicids2017_binary,46,1,ATTACK,rid_e51ca574c4add1afa61b30ee8d53bd9d,mlp,occlusion,deletion,target_class_median,False,True,False,True,1,ATTACK,predicted_class_of_audited_model,1.0,0.9994085205253214,0.0,0.015165612497832628,-0.015165612497832628,0.007184549872935331,-0.029247330248785876,0.0652560541829105,-0.0652560541829105,0.2892909348011017,0.3199228067249059,-0.03063189129531383,5,trapezoid_from_zero_normalized_by_max_fraction,True,correct,true_positive,high,high,binary
cicids2017_binary,46,0,BENIGN,rid_9ed6dfdc7005af87f9b096c8121663b0,mlp,occlusion,deletion,target_class_median,False,True,False,True,0,BENIGN,predicted_class_of_audited_model,0.9999999999583018,0.0005914794329804,0.00261857614068024,0.0015614422875511883,0.0010571338531290518,0.0005428580169828928,-6.867860157417976e-06,0.0024782734169938774,0.0001403027236863625,0.7131425142288208,0.6095135250091552,0.10362904286384582,5,trapezoid_from_zero_normalized_by_max_fraction,True,correct,true_negative,medium,medium,binary
cicids2017_binary,46,0,BENIGN,rid_541bf50c81e0dd63312a8f9e857a962b,mlp,occlusion,deletion,target_class_median,False,False,True,True,1,ATTACK,predicted_class_of_audited_model,0.5354564189910889,0.5348649395164102,0.4515105278613189,0.1430078203211071,0.3085027075402118,0.02582179664452657,0.25789198611693975,0.07110987722206236,0.3804006506392566,3.1088969707489014,2.7121627998352054,0.3967342185974121,5,trapezoid_from_zero_normalized_by_max_fraction,False,error,false_positive,low,medium,binary
cicids2017_binary,46,0,BENIGN,rid_8f1f724a79f4ebc8b330bb76eb44e023,mlp,occlusion,deletion,target_class_median,False,False,True,True,1,ATTACK,predicted_class_of_audited_model,0.0021073536481708,0.0015158741734922,-0.2608436449780129,-0.2739886174601934,0.013144972482180495,0.024196286360465925,-0.034279748784332716,-0.19232543596046525,-0.06851820901754764,0.8056028485298157,0.7515849853754043,0.05401787507534028,5,trapezoid_from_zero_normalized_by_max_fraction,False,error,false_positive,low,medium,binary
cicids2017_binary,46,0,BENIGN,rid_087069df6761c679d1eecbceb47917dd,mlp,occlusion,deletion,target_class_median,False,True,False,True,0,BENIGN,predicted_class_of_audited_model,0.999985865324561,0.0005773447992396,-1.0264842842389044e-05,-8.739807460187877e-06,-1.5250353822011674e-06,1.3305231304783512e-07,-1.7858179157749242e-06,-4.509998675985117e-06,-5.754844166403927e-06,0.07383262366056442,0.056850732654333117,0.016981893241405487,5,trapezoid_from_zero_normalized_by_max_fraction,True,correct,true_negative,medium,low,binary
cicids2017_binary,46,0,BENIGN,rid_c8689c9f8d42da0af9f1de86fbc5480b,mlp,occlusion,deletion,target_class_median,False,False,True,True,1,ATTACK,predicted_class_of_audited_model,0.0006554778665304,6.399839185179993e-05,-0.4041296205483377,-0.33049193172770297,-0.07363768882063472,0.022704635605818452,-0.11813877460803889,-0.04553717824212572,-0.358592442306212,1.221480131149292,0.9558242973089218,0.2656559172868729,5,trapezoid_from_zero_normalized_by_max_fraction,False,error,false_positive,low,low,binary
cicids2017_binary,46,1,ATTACK,rid_5232157fff83d3f89980544dcad32623,mlp,occlusion,deletion,target_class_median,False,True,False,True,1,ATTACK,predicted_class_of_audited_model,1.0,0.9994085205253214,0.0,0.008094947995152325,-0.008094947995152325,0.0047285538218012945,-0.017362913485882862,0.06964418374694321,-0.06964418374694321,0.19701102375984192,0.2012749877423048,-0.004263958021998397,5,trapezoid_from_zero_normalized_by_max_fraction,True,correct,true_positive,high,high,binary
cicids2017_binary,46,1,ATTACK,rid_d298105465da70296857906eebacbc7c,mlp,occlusion,deletion,target_class_median,False,True,False,True,1,ATTACK,predicted_class_of_audited_model,1.0,0.9994085205253214,0.0,1.6236305236816407e-07,-1.6236305236816407e-07,1.3006893777069303e-07,-4.172981703987224e-07,0.021603109612391563,-0.021603109612391563,0.4435481131076813,0.4127650431916118,0.030783098228275785,5,trapezoid_from_zero_normalized_by_max_fraction,True,correct,true_positive,high,high,binary
cicids2017_binary,46,1,ATTACK,rid_3bf01c7131bf0f9fa6ef0a6a9b8391c2,mlp,occlusion,deletion,target_class_median,False,True,False,True,1,ATTACK,predicted_class_of_audited_model,1.0,0.9994085205253214,0.0,0.0040980831400922926,-0.0040980831400922926,0.003999200644148035,-0.01193651640262244,0.019760265341734633,-0.019760265341734633,0.42221346497535706,0.3963021225631237,0.025911364763975153,5,trapezoid_from_zero_normalized_by_max_fraction,True,correct,true_positive,high,high,binary
cicids2017_binary,46,1,ATTACK,rid_7f727e8f51af3217842313e16b80c670,mlp,occlusion,deletion,target_class_median,False,True,False,True,1,ATTACK,predicted_class_of_audited_model,1.0,0.9994085205253214,0.0,0.006114262104034424,-0.006114262104034424,0.0042944442135532165,-0.014531372762598728,0.03798748115285782,-0.03798748115285782,0.29927852749824524,0.3156425494402647,-0.016364026412367824,5,trapezoid_from_zero_normalized_by_max_fraction,True,correct,true_positive,high,high,binary
cicids2017_binary,46,1,ATTACK,rid_faf9c7bad93a5648f19f06a04abcf365,mlp,occlusion,deletion,target_class_median,False,True,False,True,1,ATTACK,predicted_class_of_audited_model,1.0,0.9994085205253214,0.0,0.002351159572601318,-0.002351159572601318,0.0022858111698675593,-0.006831349465541734,0.0573400115036361,-0.0573400115036361,0.28913164138793945,0.26544898728281263,0.023682655595242973,5,trapezoid_from_zero_normalized_by_max_fraction,True,correct,true_positive,high,high,binary
cicids2017_binary,46,1,ATTACK,rid_e9b881ac096e057c398e678529f5178c,mlp,occlusion,deletion,target_class_median,False,True,False,True,1,ATTACK,predicted_class_of_audited_model,1.0,0.9994085205253214,0.0,0.00011333799362182618,-0.00011333799362182618,7.235095361960061e-05,-0.0002551458627162434,0.023601305381057817,-0.023601305381057817,0.34891441464424133,0.2881155042350292,0.060798911154270184,5,trapezoid_from_zero_normalized_by_max_fraction,True,correct,true_positive,high,high,binary
cicids2017_binary,46,1,ATTACK,rid_8784094b9cc1da68712dc73856610546,mlp,occlusion,deletion,target_class_median,False,True,False,True,1,ATTACK,predicted_class_of_audited_model,1.0,0.9994085205253214,0.0,0.007980608205209136,-0.007980608205209136,0.005513204163658795,-0.018786488365980375,0.043977933154340156,-0.043977933154340156,0.253556489944458,0.21827252396941182,0.03528395330905916,5,trapezoid_from_zero_normalized_by_max_fraction,True,correct,true_positive,high,high,binary
cicids2017_binary,46,1,ATTACK,rid_1b1892f3c60b56ef9fc5f3f9e24bbab3,mlp,occlusion,deletion,target_class_median,False,True,False,True,1,ATTACK,predicted_class_of_audited_model,1.0,0.9994085205253214,0.0,0.022318814352795018,-0.022318814352795018,0.008485434510134098,-0.03895026599265785,0.09178462304380808,-0.09178462304380808,0.28685736656188965,0.30875522453337906,-0.021897869892418376,5,trapezoid_from_zero_normalized_by_max_fraction,True,correct,true_positive,high,high,binary
cicids2017_binary,46,0,BENIGN,rid_490c89997272b274c71bfad035a389ea,mlp,occlusion,deletion,target_class_median,False,True,False,True,0,BENIGN,predicted_class_of_audited_model,0.99999547883408,0.0005869583087587,-2.0895268107778974e-06,-1.4970683845376697e-06,-5.924584262402277e-07,8.193364179661391e-08,-7.530483641615909e-07,-6.487131635140031e-07,-1.4408136472638943e-06,0.06821513175964355,0.03990045629069209,0.028314679194241764,5,trapezoid_from_zero_normalized_by_max_fraction,True,correct,true_negative,medium,low,binary
cicids2017_binary,46,1,ATTACK,rid_0ef86dce6a71b148302af11eb5c1fa82,mlp,occlusion,deletion,target_class_median,False,True,False,True,1,ATTACK,predicted_class_of_audited_model,1.0,0.9994085205253214,0.0,0.004575815588235855,-0.004575815588235855,0.003720598709828995,-0.011868189059500685,0.040498026210581885,-0.040498026210581885,0.2958165109157562,0.30973864924907685,-0.013922139078378673,5,trapezoid_from_zero_normalized_by_max_fraction,True,correct,true_positive,high,high,binary
cicids2017_binary,46,1,ATTACK,rid_62c49cdcb1417f9a98271d25fda2a1f5,mlp,occlusion,deletion,target_class_median,False,True,False,True,1,ATTACK,predicted_class_of_audited_model,1.0,0.9994085205253214,0.0,6.93798065185547e-08,-6.93798065185547e-08,6.937980651855463e-08,-2.0536422729492177e-07,0.0323575262337572,-0.0323575262337572,0.3276740610599518,0.33311967039108276,-0.0054456070959568005,5,trapezoid_from_zero_normalized_by_max_fraction,True,correct,true_positive,high,high,binary
cicids2017_binary,46,1,ATTACK,rid_4e9e484d6d78af5368531ac22acc5940,mlp,occlusion,deletion,target_class_median,False,True,False,True,1,ATTACK,predicted_class_of_audited_model,1.0,0.9994085205253214,0.0,0.0001057126522064209,-0.0001057126522064209,9.563495921247164e-05,-0.0002931571722628653,0.03261605801710389,-0.03261605801710389,0.38704487681388855,0.378336579784751,0.008708295539021475,5,trapezoid_from_zero_normalized_by_max_fraction,True,correct,true_positive,high,high,binary
cicids2017_binary,46,0,BENIGN,rid_975a14975027ed8cf9a5f51f97d69d47,mlp,occlusion,deletion,target_class_median,False,True,False,True,0,BENIGN,predicted_class_of_audited_model,0.999999999999994,0.0005914794746726,0.2437686487333792,0.004160110768499613,0.2396085379648796,0.0025731416179054414,0.23456518039378493,0.0030285619406615442,0.24074008679271766,2.0061776638031006,1.5703676571846006,0.4358099589347839,5,trapezoid_from_zero_normalized_by_max_fraction,True,correct,true_negative,medium,medium,binary
cicids2017_binary,46,0,BENIGN,rid_573c3a31d4ff09664e0f22c1a9484f27,mlp,occlusion,deletion,target_class_median,False,True,False,True,0,BENIGN,predicted_class_of_audited_model,0.9999996694168658,0.0005911488915443,3.457087132119341e-06,1.4298285133840238e-06,2.027258618735317e-06,7.799953114480709e-08,1.874379537691495e-06,7.57545730564857e-07,2.699541401554484e-06,0.2997361123561859,0.2942754719257355,0.00546064639091492,5,trapezoid_from_zero_normalized_by_max_fraction,True,correct,true_negative,medium,medium,binary
cicids2017_binary,46,0,BENIGN,rid_38176129e8c2e0fd7b9f1ce0f4f00d04,mlp,occlusion,deletion,target_class_median,False,False,True,True,1,ATTACK,predicted_class_of_audited_model,0.0011100348783656,0.000518555403687,-0.024810111214173963,-0.3617209364160953,0.3369108252019214,0.02476973503076442,0.2883621445416231,-0.05832548918332031,0.03351537796914636,0.4244369566440582,0.3681473381221294,0.05628961256146431,5,trapezoid_from_zero_normalized_by_max_fraction,False,error,false_positive,low,low,binary
cicids2017_binary,46,1,ATTACK,rid_a6f0d2efc8215f0508db29e97ca1001f,mlp,occlusion,deletion,target_class_median,False,True,False,True,1,ATTACK,predicted_class_of_audited_model,1.0,0.9994085205253214,0.0,0.007254848957061768,-0.007254848957061768,0.005280525325841041,-0.01760467859571021,0.042135364410642064,-0.042135364410642064,0.28101712465286255,0.2888988521844148,-0.007881729021668438,5,trapezoid_from_zero_normalized_by_max_fraction,True,correct,true_positive,high,high,binary
cicids2017_binary,46,0,BENIGN,rid_19fbd5ab00303c4fa93f37fd9b4d4c88,mlp,occlusion,deletion,target_class_median,False,True,False,True,0,BENIGN,predicted_class_of_audited_model,0.9999997657378116,0.0005912452124902,1.7330545915683615e-06,1.3385412204911516e-06,3.9451337107720976e-07,3.4351693164247226e-08,3.271840524752852e-07,5.117412013930789e-07,1.2213133901752826e-06,0.4845566749572754,0.22554930856823924,0.25900735446810724,5,trapezoid_from_zero_normalized_by_max_fraction,True,correct,true_negative,medium,medium,binary
cicids2017_binary,46,1,ATTACK,rid_b161464e7161dfacc99c114813ec1b39,mlp,occlusion,deletion,target_class_median,False,True,False,True,1,ATTACK,predicted_class_of_audited_model,1.0,0.9994085205253214,0.949710356344156,0.5419758309220506,0.4077345254221055,0.027411733760020113,0.35400752725246604,0.18308074327310903,0.7666296130710472,1.0825865268707275,1.0089489133358003,0.07363758969306945,5,trapezoid_from_zero_normalized_by_max_fraction,True,correct,true_positive,high,high,binary
cicids2017_binary,46,0,BENIGN,rid_ca0e4cbc50d2f7dfe3556452147b60f0,mlp,occlusion,deletion,target_class_median,False,True,False,True,0,BENIGN,predicted_class_of_audited_model,0.999788182307384,0.0003796617820626,-0.00015108222864910204,-0.00015113539237790973,5.316372880769562e-08,3.473255942970699e-06,-6.754417919414875e-06,-3.738939556455989e-05,-0.00011369283308454214,0.40776675939559937,0.24841100688278678,0.15935577933490278,5,trapezoid_from_zero_normalized_by_max_fraction,True,correct,true_negative,medium,low,binary
cicids2017_binary,46,0,BENIGN,rid_9efd86602a5385a2a95289523eb3ac70,mlp,occlusion,deletion,target_class_median,False,True,False,True,0,BENIGN,predicted_class_of_audited_model,0.9999967478574944,0.000588227332173,-9.65642345818196e-07,-6.569052471832038e-07,-3.0873709863499244e-07,3.8716901829858924e-08,-3.8462222622151594e-07,-2.8346820135993767e-07,-6.821741444582584e-07,0.07336506247520447,0.03601216945052147,0.03735289078950882,5,trapezoid_from_zero_normalized_by_max_fraction,True,correct,true_negative,medium,low,binary
cicids2017_binary,46,0,BENIGN,rid_00a8aa6dc5d02412a6de923761e7e3f7,mlp,occlusion,deletion,target_class_median,False,True,False,True,0,BENIGN,predicted_class_of_audited_model,1.0,0.0005914794746786,0.1370330265723169,0.006725139258739793,0.1303078873135771,0.002343308931222651,0.1257150018083807,0.006885968043597413,0.1301470585287195,3.0582377910614014,2.28598934173584,0.7722484731674195,5,trapezoid_from_zero_normalized_by_max_fraction,True,correct,true_negative,high,medium,binary
cicids2017_binary,46,0,BENIGN,rid_f926fc93fc3560c8978d787f9f9b030f,mlp,occlusion,deletion,target_class_median,False,False,True,True,1,ATTACK,predicted_class_of_audited_model,0.0098836561664938,0.0092921766918152,-0.7501129025127738,-0.3636113603299507,-0.3865015421828232,0.028261774411048903,-0.441894620028479,-0.3313403068257832,-0.41877259568699066,2.297633171081543,2.5555991177558894,-0.257965922832489,5,trapezoid_from_zero_normalized_by_max_fraction,False,error,false_positive,low,medium,binary
cicids2017_binary,46,0,BENIGN,rid_bf5879af6b9ed09bb4048e353456451f,mlp,occlusion,deletion,target_class_median,False,True,False,True,0,BENIGN,predicted_class_of_audited_model,0.9999999999988958,0.0005914794735743,0.002781930316947723,0.0001485479644168014,0.002633382352530921,9.25417790936214e-05,0.002452000465507423,6.419893858762594e-05,0.002717731378360097,2.3110337257385254,2.0813292112350466,0.22970451450347892,5,trapezoid_from_zero_normalized_by_max_fraction,True,correct,true_negative,medium,medium,binary
cicids2017_binary,46,0,BENIGN,rid_4e675e80c8e3306f2366473cf11ab0ac,mlp,occlusion,deletion,target_class_median,False,True,False,True,0,BENIGN,predicted_class_of_audited_model,0.9998119741794652,0.000403453654144,5.675105967384297e-07,0.0005320647890067895,-0.000531497278410051,0.0001485990522431104,-0.0008227514208065474,0.0007512108614346764,-0.0007506433508379379,1.8957445621490479,1.966881153821945,-0.07113680624961856,5,trapezoid_from_zero_normalized_by_max_fraction,True,correct,true_negative,medium,low,binary
cicids2017_binary,46,0,BENIGN,rid_ffa24a48dd2983c6dca365eed31ea353,mlp,occlusion,deletion,target_class_median,False,False,True,True,1,ATTACK,predicted_class_of_audited_model,0.1042201444506645,0.1036286649759859,-0.31151349521242083,-0.08831296435140833,-0.22320053086101244,0.01777124876121116,-0.2580321784329863,-0.33373979308677465,0.022226297874353818,4.723090171813965,5.655353598594665,-0.9322631406784059,5,trapezoid_from_zero_normalized_by_max_fraction,False,error,false_positive,low,medium,binary
cicids2017_binary,46,0,BENIGN,rid_8496b91f72a2d99ec685695fd2a8a199,mlp,occlusion,deletion,target_class_median,False,True,False,True,0,BENIGN,predicted_class_of_audited_model,0.9999989949989184,0.0005904744735971,0.09023210710742548,0.004949853600138403,0.08528225350728705,0.002271168459225525,0.08083076332720501,0.003414838296522918,0.08681726881090253,2.253629684448242,1.7834346752166748,0.4701949377059937,5,trapezoid_from_zero_normalized_by_max_fraction,True,correct,true_negative,medium,low,binary
cicids2017_binary,46,0,BENIGN,rid_bbf14f7fcbf6d6800407135e3d149019,mlp,occlusion,deletion,target_class_median,False,True,False,True,0,BENIGN,predicted_class_of_audited_model,0.9997462586034088,0.0003377380780876,-0.0001972439077690069,-0.00019980982137622052,2.565913607213594e-06,2.6034027905974395e-06,-2.536755862357387e-06,-0.00010749613889493047,-8.974776887407643e-05,0.30505943298339844,0.17472220593690874,0.13033726876974105,5,trapezoid_from_zero_normalized_by_max_fraction,True,correct,true_negative,medium,low,binary
cicids2017_binary,46,0,BENIGN,rid_75b129c224661d8dd23bb6a8bd175503,mlp,occlusion,deletion,target_class_median,False,True,False,True,0,BENIGN,predicted_class_of_audited_model,0.9999999966113376,0.0005914760860161,0.03916769208992256,0.03709330105935705,0.0020743910305655137,0.008161299766107796,-0.013921756511005766,0.0070101385385822786,0.03215755355134029,7.391820430755615,4.967770120620727,2.42405073928833,5,trapezoid_from_zero_normalized_by_max_fraction,True,correct,true_negative,medium,medium,binary
cicids2017_binary,46,0,BENIGN,rid_a89bfa21ffacfde7a89fb6ad5e660b02,mlp,occlusion,deletion,target_class_median,False,False,True,True,1,ATTACK,predicted_class_of_audited_model,0.0013308533234521,0.0007393738487735,-0.3726371172524523,-0.3354181287618996,-0.03721898849055269,0.022603952366771356,-0.08152273512942454,-0.03886740243439999,-0.3337697148180523,1.1989175081253052,0.9679106212854386,0.2310068629980087,5,trapezoid_from_zero_normalized_by_max_fraction,False,error,false_positive,low,medium,binary
cicids2017_binary,46,0,BENIGN,rid_7912c863659518b36c41df99a87c5b56,mlp,occlusion,deletion,target_class_median,False,True,False,True,0,BENIGN,predicted_class_of_audited_model,0.9999853015406188,0.0005767810152974,-9.836930780693365e-06,-8.825940177985104e-06,-1.0109906027082616e-06,2.1818326057316563e-07,-1.4386297934316663e-06,-3.951328063294568e-06,-5.885602717398797e-06,0.2127462923526764,0.1151273072436452,0.09761898212879896,5,trapezoid_from_zero_normalized_by_max_fraction,True,correct,true_negative,medium,low,binary
cicids2017_binary,46,0,BENIGN,rid_a20824ef144ecdc3922bcc1a96955450,mlp,occlusion,deletion,target_class_median,False,True,False,True,0,BENIGN,predicted_class_of_audited_model,0.9999932551195344,0.0005847345942128,-4.565050687688199e-06,-3.0927012429629034e-06,-1.472349444725296e-06,1.456027596924207e-07,-1.7577308537224405e-06,-8.478132258460391e-07,-3.71723746184216e-06,0.11469171941280365,0.05454269865900278,0.060149016283452504,5,trapezoid_from_zero_normalized_by_max_fraction,True,correct,true_negative,medium,low,binary
cicids2017_binary,46,0,BENIGN,rid_8758fdc4ff5685ecde53b61ff765e3ed,mlp,occlusion,deletion,target_class_median,False,True,False,True,0,BENIGN,predicted_class_of_audited_model,0.9998873611475574,0.000478840622236,-6.907102929289976e-05,-4.55087568298822e-05,-2.3562272463017564e-05,8.19887761019669e-06,-3.963207257900307e-05,2.115121636744277e-05,-9.022224566034254e-05,0.4350857138633728,0.31758572663366796,0.11750002299249174,5,trapezoid_from_zero_normalized_by_max_fraction,True,correct,true_negative,medium,low,binary
cicids2017_binary,46,0,BENIGN,rid_48f94ae286d65222dfc44ac8512c5662,mlp,occlusion,deletion,target_class_median,False,True,False,True,0,BENIGN,predicted_class_of_audited_model,0.99995819799733,0.0005496774720085,-3.7750210117337696e-05,-2.5897304465729578e-05,-1.1852905651608128e-05,8.75334142818658e-07,-1.3568560571532698e-05,-9.145638937752666e-06,-2.8604571179585037e-05,0.2092437744140625,0.09717167050391436,0.11207210689038039,5,trapezoid_from_zero_normalized_by_max_fraction,True,correct,true_negative,medium,low,binary
cicids2017_binary,46,0,BENIGN,rid_c48998b335b5469e20d69cd600e86b7c,mlp,occlusion,deletion,target_class_median,False,False,True,True,1,ATTACK,predicted_class_of_audited_model,0.0008195675909519,0.0002280881162733,-0.49410810638219116,-0.43554363622215586,-0.05856447016003527,0.024048247012061565,-0.10569903430367594,-0.022251646630563844,-0.4718564597516273,1.0444397926330566,0.7998268823623657,0.2446129519939423,5,trapezoid_from_zero_normalized_by_max_fraction,False,error,false_positive,low,low,binary
cicids2017_binary,46,0,BENIGN,rid_67ee6355cb8386fb76545c2d34eab1c8,mlp,occlusion,deletion,target_class_median,False,False,True,True,1,ATTACK,predicted_class_of_audited_model,0.0165551155805587,0.0159636361058801,-0.7416867077350617,-0.26657278437405774,-0.47511392336100394,0.022020470823150548,-0.518274046174379,-0.2266516852462634,-0.5150350224887982,4.267159461975098,4.948640098571778,-0.6814803504943847,5,trapezoid_from_zero_normalized_by_max_fraction,False,error,false_positive,low,medium,binary
cicids2017_binary,46,0,BENIGN,rid_738fb70158d37651b76ada1e423e77c9,mlp,occlusion,deletion,target_class_median,False,True,False,True,0,BENIGN,predicted_class_of_audited_model,0.9999755212684248,0.0005670007431035,0.08665875817468988,0.012358915993197467,0.0742998421814924,0.004049520329316479,0.0663627823360321,0.04297380531593365,0.043684952858756204,1.2643678188323975,0.9809128142595291,0.2834550105333328,5,trapezoid_from_zero_normalized_by_max_fraction,True,correct,true_negative,medium,low,binary
cicids2017_binary,46,0,BENIGN,rid_cd682ca793c52cc1ebe362c9399373b5,mlp,occlusion,deletion,target_class_median,False,True,False,True,0,BENIGN,predicted_class_of_audited_model,0.9999999472874066,0.0005914267620851,0.11047982692452579,0.006645666638548188,0.10383416028597761,0.0016459417428899205,0.10060811446991337,0.022895247932095346,0.08758457899243044,0.6818544864654541,0.5188130830526353,0.16304137957096101,5,trapezoid_from_zero_normalized_by_max_fraction,True,correct,true_negative,medium,medium,binary
cicids2017_binary,46,0,BENIGN,rid_31e4125e46c7e94e4315f45742a03086,mlp,occlusion,deletion,target_class_median,False,True,False,True,0,BENIGN,predicted_class_of_audited_model,0.9999998223545816,0.0005913018292602,0.21017876757956133,0.008092242740551349,0.20208652483901,0.0019242169900716643,0.19831505953846953,0.014596939375646538,0.19558182820391476,2.033120632171631,1.4808931953907014,0.5522276513576506,5,trapezoid_from_zero_normalized_by_max_fraction,True,correct,true_negative,medium,medium,binary
cicids2017_binary,46,0,BENIGN,rid_0ee6964c28005d1134f467286c086ae0,mlp,occlusion,deletion,target_class_median,False,False,True,True,1,ATTACK,predicted_class_of_audited_model,0.000711454253178,0.0001199747784993,-0.47304828923370223,-0.40609550155238155,-0.06695278768132061,0.020911056067329986,-0.10793845757328738,-0.025757383435637608,-0.4472909057980647,1.1205999851226807,0.8547443587779998,0.26585551309585564,5,trapezoid_from_zero_normalized_by_max_fraction,False,error,false_positive,low,low,binary
cicids2017_binary,46,0,BENIGN,rid_33c74b66d36ad400cee70e3459c4f9a1,mlp,occlusion,deletion,target_class_median,False,False,True,True,1,ATTACK,predicted_class_of_audited_model,0.0442583598196506,0.043666880344972,-0.16718465853482484,-0.2563680516001509,0.08918339306532605,0.025026872696225447,0.04013072258072417,-0.07338101342954247,-0.09380364510528238,1.8326375484466553,1.3533611323833465,0.47927651143074035,5,trapezoid_from_zero_normalized_by_max_fraction,False,error,false_positive,low,medium,binary
cicids2017_binary,46,0,BENIGN,rid_404e4a59dddfd125b37146daf3a4bb51,mlp,occlusion,deletion,target_class_median,False,True,False,True,0,BENIGN,predicted_class_of_audited_model,0.9999999997918276,0.000591479266506,0.014359247033471061,0.0141198574152898,0.00023938961818126096,0.004675646960400744,-0.008924878424204197,0.007498236976487442,0.006861010056983618,1.68389093875885,1.355069128751755,0.32882177424430853,5,trapezoid_from_zero_normalized_by_max_fraction,True,correct,true_negative,medium,medium,binary
cicids2017_binary,46,0,BENIGN,rid_17767d860612eb92ec94b81fde3edd9e,mlp,occlusion,deletion,target_class_median,False,False,True,True,1,ATTACK,predicted_class_of_audited_model,0.0015570735558867,0.000965594081208,-0.4591982403304428,-0.40484971710776185,-0.05434852322268094,0.022482431895967745,-0.09841408973877772,-0.02386522706765072,-0.43533301326279206,1.156930923461914,0.9430978997945785,0.2138329819440842,5,trapezoid_from_zero_normalized_by_max_fraction,False,error,false_positive,low,medium,binary
cicids2017_binary,46,0,BENIGN,rid_c9d6beebeeb6e075b5be1f02bb66a9a2,mlp,occlusion,deletion,target_class_median,False,True,False,True,0,BENIGN,predicted_class_of_audited_model,0.9999972244363562,0.0005887039110347,0.008301389897428634,0.0029711450823798917,0.005330244815048744,0.0008061883729256147,0.0037501156041145397,0.002014000550998477,0.006287389346430159,0.7982708215713501,0.7444047528505324,0.053866068720817596,5,trapezoid_from_zero_normalized_by_max_fraction,True,correct,true_negative,medium,low,binary
cicids2017_binary,46,0,BENIGN,rid_43274cae4f335cd2e483d913b1cf0b56,mlp,occlusion,deletion,target_class_median,False,False,True,True,1,ATTACK,predicted_class_of_audited_model,0.0006323402049019,4.08607302233e-05,-0.45507886706036516,-0.40557043460466186,-0.049508432455703306,0.023730484496938917,-0.09602018206970359,-0.02476907117898294,-0.43030979588138224,1.2511184215545654,1.0353907333612442,0.215727735877037,5,trapezoid_from_zero_normalized_by_max_fraction,False,error,false_positive,low,low,binary
cicids2017_binary,46,0,BENIGN,rid_29abb4587de9f66544316c349f6c8ae9,mlp,occlusion,deletion,target_class_median,False,True,False,True,0,BENIGN,predicted_class_of_audited_model,0.9999999999999988,0.0005914794746772,0.10027499538846187,0.006845832747098218,0.09342916264136365,0.0019713779606725223,0.08956526183844551,0.002629322189286689,0.09764567319917518,2.042196750640869,1.8212921509742734,0.22090462350845344,5,trapezoid_from_zero_normalized_by_max_fraction,True,correct,true_negative,high,medium,binary
cicids2017_binary,46,0,BENIGN,rid_25e2bb619b65a6334f8a28659c35b7c1,mlp,occlusion,deletion,target_class_median,False,False,True,True,1,ATTACK,predicted_class_of_audited_model,0.0013893332798033,0.0007978538051247,-0.5458062939462252,-0.43366204005097897,-0.1121442538952462,0.02207928414197729,-0.1554196508135217,-0.04100971005312499,-0.5047965838931002,1.0577281713485718,0.8427305555343629,0.2149975800514221,5,trapezoid_from_zero_normalized_by_max_fraction,False,error,false_positive,low,medium,binary
cicids2017_binary,46,0,BENIGN,rid_d299090fcdf84f6c9f5ae25b87eb79e0,mlp,occlusion,deletion,target_class_median,False,False,True,True,1,ATTACK,predicted_class_of_audited_model,0.001185136497952,0.0005936570232734,-0.48532817205996254,-0.44851061865309794,-0.03681755340686459,0.021069882628031614,-0.07811452335780655,-0.03916972221679408,-0.44615844984316844,1.0839415788650513,0.8219210953712464,0.26202045965194704,5,trapezoid_from_zero_normalized_by_max_fraction,False,error,false_positive,low,medium,binary
cicids2017_binary,46,0,BENIGN,rid_576ab03eda22c9324601ba233da161c3,mlp,occlusion,deletion,target_class_median,False,True,False,True,0,BENIGN,predicted_class_of_audited_model,0.9999999450226652,0.0005914244973439,0.10942605550643947,0.006051326139860385,0.10337472936657911,0.0027297477100260417,0.09802442385492807,0.015346275646820048,0.09407977985961943,1.3767633438110352,1.0100635969638823,0.36669972300529485,5,trapezoid_from_zero_normalized_by_max_fraction,True,correct,true_negative,medium,medium,binary
cicids2017_binary,46,0,BENIGN,rid_59592a75017d75f3c5c8aa1b1670312d,mlp,occlusion,deletion,target_class_median,False,True,False,True,0,BENIGN,predicted_class_of_audited_model,0.999995394659436,0.0005868741341145,-2.1478882786141186e-06,-1.5149922359114498e-06,-6.328960427026686e-07,7.816516444492462e-08,-7.860997650147209e-07,-5.083266069050297e-07,-1.6395616717090887e-06,0.07426340878009796,0.04286354787275195,0.03139986239746213,5,trapezoid_from_zero_normalized_by_max_fraction,True,correct,true_negative,medium,low,binary
cicids2017_binary,46,0,BENIGN,rid_a015297c2d8f5f21cb12561a0da20e3d,mlp,occlusion,deletion,target_class_median,False,True,False,True,0,BENIGN,predicted_class_of_audited_model,0.9999999099025558,0.0005913893772344,0.1622113816399832,0.012103144834847986,0.15010823680513521,0.006019688107458571,0.1383096481145164,0.008924706786801663,0.15328667485318154,1.5012824535369873,1.3100014488697052,0.1912810046672821,5,trapezoid_from_zero_normalized_by_max_fraction,True,correct,true_negative,medium,medium,binary
cicids2017_binary,46,0,BENIGN,rid_cf05a87d3be1cefdf0b2e3b47d86acbb,mlp,occlusion,deletion,target_class_median,False,True,False,True,0,BENIGN,predicted_class_of_audited_model,0.9999896337521932,0.0005811132268717,-7.798643196110788e-06,-5.220562642534787e-06,-2.578080553576001e-06,1.651876309757243e-07,-2.9018483102884207e-06,-2.2274473533343554e-06,-5.571195842776433e-06,0.05590806156396866,0.05050163976848125,0.005406422540545463,5,trapezoid_from_zero_normalized_by_max_fraction,True,correct,true_negative,medium,low,binary
cicids2017_binary,46,0,BENIGN,rid_d2153ff0be36c656f979a303ac30c363,mlp,occlusion,deletion,target_class_median,False,False,True,True,1,ATTACK,predicted_class_of_audited_model,0.000997703638859,0.0004062241641803,-0.5087828756135423,-0.41390301262040363,-0.09487986299313865,0.021960831191072904,-0.13792309212764153,-0.035310046177590426,-0.4734728294359518,1.1086841821670532,0.8947727053165435,0.21391147685050965,5,trapezoid_from_zero_normalized_by_max_fraction,False,error,false_positive,low,low,binary
cicids2017_binary,46,0,BENIGN,rid_16a5dcaff82be6659ceb8badc1d1cbc8,mlp,occlusion,deletion,target_class_median,False,False,True,True,1,ATTACK,predicted_class_of_audited_model,0.0012150056427344,0.0006235261680557,-0.38413750170147976,-0.4084127380899505,0.024275236388470706,0.022170283768494163,-0.019178519797777856,-0.030433204003682476,-0.3537042976977973,1.2263531684875488,0.9668993579149247,0.2594537628889083,5,trapezoid_from_zero_normalized_by_max_fraction,False,error,false_positive,low,medium,binary
cicids2017_binary,46,0,BENIGN,rid_10e1ffd3024894e3dc4f3a42f187b985,mlp,occlusion,deletion,target_class_median,False,False,True,True,1,ATTACK,predicted_class_of_audited_model,0.0011487684678286,0.0005572889931499,-0.5447886665235273,-0.41852154460650615,-0.12626712191702116,0.022603724250873654,-0.17057042144873352,-0.027612425386332518,-0.5171762411371948,1.0321507453918457,0.7934195028543473,0.2387312842607498,5,trapezoid_from_zero_normalized_by_max_fraction,False,error,false_positive,low,low,binary
cicids2017_binary,46,0,BENIGN,rid_bbe7b9f096241b542d1bd97d37ae1d09,mlp,occlusion,deletion,target_class_median,False,True,False,True,0,BENIGN,predicted_class_of_audited_model,0.9999999999998954,0.0005914794745739,0.1500181193462511,0.000782829593373894,0.14923528975287717,0.00028164912031544584,0.1486832574770589,0.0018415366743443765,0.14817658267190673,1.5887495279312134,1.2807049646377564,0.30804458713531496,5,trapezoid_from_zero_normalized_by_max_fraction,True,correct,true_negative,medium,medium,binary
cicids2017_binary,46,0,BENIGN,rid_3d336a6d73aec3edfdfa1f4990f17477,mlp,occlusion,deletion,target_class_median,False,True,False,True,0,BENIGN,predicted_class_of_audited_model,0.999992220770764,0.0005837002454427,-5.446257341645833e-06,-3.6436341432590777e-06,-1.8026231983867548e-06,1.3081400224275038e-07,-2.0590186427825455e-06,-1.609818784345407e-06,-3.836438557300426e-06,0.10270023345947266,0.04247465128265321,0.06022558366693557,5,trapezoid_from_zero_normalized_by_max_fraction,True,correct,true_negative,medium,low,binary
cicids2017_binary,46,0,BENIGN,rid_2b8b5d73c5f1426bd19a2f530bb5249a,mlp,occlusion,deletion,target_class_median,False,True,False,True,0,BENIGN,predicted_class_of_audited_model,0.999999999998223,0.0005914794729015,0.16900698596995775,0.003230669915772111,0.16577631605418564,0.0013740527537617056,0.16308317265681269,0.00034324280885436684,0.1686637431611034,2.0644962787628174,1.5364095311164856,0.528086699962616,5,trapezoid_from_zero_normalized_by_max_fraction,True,correct,true_negative,medium,medium,binary
cicids2017_binary,46,0,BENIGN,rid_36accd7ba3e5e1d29c2de2096f079d4d,mlp,occlusion,deletion,target_class_median,False,False,True,True,1,ATTACK,predicted_class_of_audited_model,0.1423956304788589,0.1418041510041802,-0.05570120457234159,-0.11522981363713417,0.0595286090647926,0.021671295609632674,0.017052869669912554,-0.096990889223481,0.041289684651139455,1.737666368484497,1.7509393675327303,-0.01327314209938053,5,trapezoid_from_zero_normalized_by_max_fraction,False,error,false_positive,low,medium,binary
cicids2017_binary,46,0,BENIGN,rid_49ce8e05264e5aa4ca90818a8c098f95,mlp,occlusion,deletion,target_class_median,False,True,False,True,0,BENIGN,predicted_class_of_audited_model,0.9999818400556252,0.0005733195303036,-1.5370819789950473e-05,-1.081369867313242e-05,-4.5571211168180525e-06,3.2796732730499786e-07,-5.1999370783358486e-06,-3.939418435948028e-06,-1.1431401354002446e-05,0.1308879554271698,0.05462111609429121,0.07626684380322694,5,trapezoid_from_zero_normalized_by_max_fraction,True,correct,true_negative,medium,low,binary
cicids2017_binary,46,0,BENIGN,rid_218adb25f7da8734889649a3c04b6cc0,mlp,occlusion,deletion,target_class_median,False,True,False,True,0,BENIGN,predicted_class_of_audited_model,0.9999999893780602,0.0005914688527388,0.1762852730602399,0.001718251289076162,0.17456702177116376,0.0005135323522149674,0.17356049836082243,0.0013538058733439913,0.17493146718689592,1.4351918697357178,1.1453977267742157,0.2897940952777862,5,trapezoid_from_zero_normalized_by_max_fraction,True,correct,true_negative,medium,medium,binary
cicids2017_binary,46,0,BENIGN,rid_6fb4e963cb5cb7966bf59bf42b943c3f,mlp,occlusion,deletion,target_class_median,False,False,True,True,1,ATTACK,predicted_class_of_audited_model,0.0009801760315895,0.0003886965569109,-0.4867476601153612,-0.48436867670050926,-0.0023789834148519665,0.022697619997020843,-0.046866318609012816,-0.03632261553534625,-0.450425044580015,1.0894931554794312,0.8572650266885757,0.23222817647457122,5,trapezoid_from_zero_normalized_by_max_fraction,False,error,false_positive,low,low,binary
cicids2017_binary,46,0,BENIGN,rid_11058294fd9f2ee2f9a8f51f08f4fc4c,mlp,occlusion,deletion,target_class_median,False,True,False,True,0,BENIGN,predicted_class_of_audited_model,0.9999962814545142,0.0005877609291928,-2.3682019786974705e-06,-6.826227649980865e-07,-1.6855792136993842e-06,9.22781311343419e-08,-1.8664443507226942e-06,-2.896901266922214e-07,-2.0785118520052494e-06,0.06187330558896065,0.0355618759021163,0.02631143043190241,5,trapezoid_from_zero_normalized_by_max_fraction,True,correct,true_negative,medium,low,binary
cicids2017_binary,46,0,BENIGN,rid_8aaa9e0ebb0532091fd178b435845ee8,mlp,occlusion,deletion,target_class_median,False,False,True,True,1,ATTACK,predicted_class_of_audited_model,0.0046414756216108,0.0040499961469322,-0.9296241857344285,-0.7646038964261824,-0.165020289308246,0.012849925576237318,-0.19020614343767114,-0.237127383062616,-0.6924968026718125,0.9564770460128784,0.6948426860570908,0.2616344672441483,5,trapezoid_from_zero_normalized_by_max_fraction,False,error,false_positive,low,medium,binary
cicids2017_binary,46,0,BENIGN,rid_55233f6705e497375a0ec0101649f0c0,mlp,occlusion,deletion,target_class_median,False,True,False,True,0,BENIGN,predicted_class_of_audited_model,0.9999999999999932,0.0005914794746718,0.34167581861838053,0.0028171583195311326,0.3388586602988494,0.0010996663220016274,0.3367033143077262,0.0001751341680888786,0.34150068445029164,2.204394817352295,1.705913625240326,0.4984812159538269,5,trapezoid_from_zero_normalized_by_max_fraction,True,correct,true_negative,medium,medium,binary
cicids2017_binary,46,0,BENIGN,rid_a3e5b70fbc80c4e69385e7bda5970aca,mlp,occlusion,deletion,target_class_median,False,True,False,True,0,BENIGN,predicted_class_of_audited_model,0.999999999984996,0.0005914794596745,0.11717458719824915,0.0013530921229621493,0.115821495075287,0.0004668041607184049,0.11490655892027893,0.0005904800925422347,0.11658410710570692,1.6377103328704834,1.0652402950525284,0.572470025897026,5,trapezoid_from_zero_normalized_by_max_fraction,True,correct,true_negative,medium,medium,binary
cicids2017_binary,46,0,BENIGN,rid_e0a0071473a01dd72ab005d7b86d1491,mlp,occlusion,deletion,target_class_median,False,True,False,True,0,BENIGN,predicted_class_of_audited_model,0.9999999996827856,0.000591479157464,0.0052538238728461525,0.012524566179776426,-0.007270742306930273,0.0039619580238169725,-0.015036180033611539,0.00766720316118724,-0.0024133792883410865,1.6792722940444946,1.3981549247503282,0.2811172739267349,5,trapezoid_from_zero_normalized_by_max_fraction,True,correct,true_negative,medium,medium,binary
cicids2017_binary,46,0,BENIGN,rid_9a58adfbe12585e92b539cb67966edca,mlp,occlusion,deletion,target_class_median,False,False,True,True,1,ATTACK,predicted_class_of_audited_model,0.0009930917294695,0.0004016122547908,-0.5334905293595511,-0.41631705247380246,-0.11717347688574864,0.023143444728848106,-0.16253462855429093,-0.028851705027647768,-0.5046388243319034,1.064233422279358,0.8313006719350815,0.23293274438381198,5,trapezoid_from_zero_normalized_by_max_fraction,False,error,false_positive,low,low,binary
cicids2017_binary,46,0,BENIGN,rid_4c5e4caea98f2bde83943abe9dbb58a4,mlp,occlusion,deletion,target_class_median,False,False,True,True,1,ATTACK,predicted_class_of_audited_model,0.0005966452881693,5.165813490699942e-06,-0.2078049804782495,-0.2687728142195265,0.060967833741277,0.02214959292214264,0.017554631613877422,-0.12015329072812891,-0.08765168975012057,0.8004978895187378,0.5184732956290246,0.2820246832966804,5,trapezoid_from_zero_normalized_by_max_fraction,False,error,false_positive,low,low,binary
cicids2017_binary,46,0,BENIGN,rid_2aa6d3827b6f9f3c5a2b6d5b774bf0f3,mlp,occlusion,deletion,target_class_median,False,False,True,True,1,ATTACK,predicted_class_of_audited_model,0.0014818387571722,0.0008903592824936,-0.252065248193685,-0.5003327806940652,0.24826753250038017,0.025862392783980098,0.19757724264377918,-0.17945302054300555,-0.07261222765067941,0.5691956281661987,0.3885330805182457,0.1806625357270241,5,trapezoid_from_zero_normalized_by_max_fraction,False,error,false_positive,low,medium,binary
cicids2017_binary,46,0,BENIGN,rid_faabbeb1376b780e2712ce30663bf964,mlp,occlusion,deletion,target_class_median,False,True,False,True,0,BENIGN,predicted_class_of_audited_model,0.9999771537768538,0.0005686332515324,-1.9417071530369864e-05,-1.4401310897255826e-05,-5.015760633114042e-06,2.6855028376212353e-07,-5.542119189287804e-06,-7.932328305514601e-06,-1.1484743224855265e-05,0.09649354964494705,0.045390511780977257,0.05110303637385368,5,trapezoid_from_zero_normalized_by_max_fraction,True,correct,true_negative,medium,low,binary
cicids2017_binary,46,0,BENIGN,rid_ffe995d64809d47d80c2aeae4a80e95e,mlp,occlusion,deletion,target_class_median,False,False,True,True,1,ATTACK,predicted_class_of_audited_model,0.0007342118769884,0.0001427324023097,-0.5678791844286024,-0.3887223279754759,-0.17915685645312657,0.02466359781445817,-0.22749750816946457,-0.06246551548672324,-0.5054136689418791,1.1100882291793823,0.793480390071869,0.31660788083076474,5,trapezoid_from_zero_normalized_by_max_fraction,False,error,false_positive,low,low,binary
cicids2017_binary,46,0,BENIGN,rid_e495cde113ca9f0d5ee9ee7fd15385f6,mlp,occlusion,deletion,target_class_median,False,True,False,True,0,BENIGN,predicted_class_of_audited_model,0.9999871375530348,0.0005786170277132,-1.0402995320646368e-05,-5.8084351911702464e-06,-4.594560129476122e-06,3.2523902625011044e-07,-5.232028620926338e-06,-2.343438945786147e-06,-8.059556374860222e-06,0.10463100671768188,0.03730009812302887,0.06733091306500136,5,trapezoid_from_zero_normalized_by_max_fraction,True,correct,true_negative,medium,low,binary
cicids2017_binary,46,0,BENIGN,rid_c13874781c601a071326c9e28f136be4,mlp,occlusion,deletion,target_class_median,False,True,False,True,0,BENIGN,predicted_class_of_audited_model,0.999485985841602,7.746531628070007e-05,-0.0004847630157655658,-0.00039522946446027165,-8.953355130529415e-05,5.193517131058027e-06,-9.971284488216789e-05,-0.0002248932927948317,-0.0002598697229707341,0.22598476707935333,0.11017269472777842,0.1158120872527361,5,trapezoid_from_zero_normalized_by_max_fraction,True,correct,true_negative,medium,low,binary
cicids2017_binary,46,0,BENIGN,rid_5df29c8a5f5b2ad4ccd55c10766f4259,mlp,occlusion,deletion,target_class_median,False,False,True,True,1,ATTACK,predicted_class_of_audited_model,0.000984277925454,0.0003927984507754,-0.4822802009468432,-0.4201728887501381,-0.06210731219670515,0.02229581974228458,-0.10580711889158292,-0.03985891079631324,-0.44242129015053,1.0824350118637085,0.8201030857563018,0.2623320512771607,5,trapezoid_from_zero_normalized_by_max_fraction,False,error,false_positive,low,low,binary
cicids2017_binary,46,0,BENIGN,rid_3e8698108279fbea4c2f47b0a87217da,mlp,occlusion,deletion,target_class_median,False,True,False,True,0,BENIGN,predicted_class_of_audited_model,0.9999765372103866,0.0005680166850651,0.23869576791339567,0.013642053132080776,0.2250537147813149,0.00318048793724467,0.21881995842431534,0.015968241049292436,0.22272752686410327,1.5949041843414307,1.2417446913719177,0.3531593499183655,5,trapezoid_from_zero_normalized_by_max_fraction,True,correct,true_negative,medium,low,binary
cicids2017_binary,46,0,BENIGN,rid_49dd598d53abe12b066b4d046b9b8d53,mlp,occlusion,deletion,target_class_median,False,False,True,True,1,ATTACK,predicted_class_of_audited_model,0.0034513594582676,0.002859879983589,-0.27883150619454683,-0.5048258282745082,0.2259943220799614,0.025969545422235386,0.17509401305238004,-0.20628129330552475,-0.07255021288902208,0.5677670240402222,0.5823131610155106,-0.014546131014823905,5,trapezoid_from_zero_normalized_by_max_fraction,False,error,false_positive,low,medium,binary
cicids2017_binary,46,0,BENIGN,rid_c3b3ebfdce93e4ff3712f985c9636557,mlp,occlusion,deletion,target_class_median,False,True,False,True,0,BENIGN,predicted_class_of_audited_model,0.999999999996912,0.0005914794715904,0.15691039343071167,0.010935548446477435,0.14597484498423427,0.0037888023409598636,0.13854879239595294,0.00256191213981062,0.15434848129090104,1.6474250555038452,1.3746413264274597,0.27278383636474607,5,trapezoid_from_zero_normalized_by_max_fraction,True,correct,true_negative,medium,medium,binary
cicids2017_binary,46,0,BENIGN,rid_bc50109dd4fb5fea2bca98b424714fd2,mlp,occlusion,deletion,target_class_median,False,False,True,True,1,ATTACK,predicted_class_of_audited_model,0.0008645756170153,0.0002730961423366,-0.03562151147634723,-0.14634534637926616,0.11072383490291896,0.018038007543295306,0.07536934011806015,-0.03262676045732847,-0.002994751019018752,1.1033103466033936,1.017501407623291,0.08580891513824465,5,trapezoid_from_zero_normalized_by_max_fraction,False,error,false_positive,low,low,binary
cicids2017_binary,46,0,BENIGN,rid_e84705870f74d95090d7a7d1040e950b,mlp,occlusion,deletion,target_class_median,False,True,False,True,0,BENIGN,predicted_class_of_audited_model,0.9999689516043871,0.0005604310790658,-2.756180198275615e-05,-1.9498345017154862e-05,-8.06345696560129e-06,5.027859243837257e-07,-9.048917377393392e-06,-8.426809489492371e-06,-1.913499249326378e-05,0.15710647404193878,0.06521763873472809,0.09188883009180428,5,trapezoid_from_zero_normalized_by_max_fraction,True,correct,true_negative,medium,low,binary
cicids2017_binary,46,0,BENIGN,rid_4c03d196d9c6c2499292a5e3ace5365b,mlp,occlusion,deletion,target_class_median,False,True,False,True,0,BENIGN,predicted_class_of_audited_model,0.999998446340669,0.0005899258153476,0.12229163654376407,0.0052728927939080855,0.117018743749856,0.0012675101105072892,0.11453442393326171,0.007935566830945671,0.1143560697128184,0.8877781629562378,0.7180280858278275,0.16975007116794585,5,trapezoid_from_zero_normalized_by_max_fraction,True,correct,true_negative,medium,low,binary
cicids2017_binary,46,0,BENIGN,rid_0b9a15cce4bf307f2699c1a89b526898,mlp,occlusion,deletion,target_class_median,False,False,True,True,1,ATTACK,predicted_class_of_audited_model,0.0010520187206566,0.0004605392459779,-0.46520790171343834,-0.3711812078443929,-0.09402669386904541,0.022309558234328626,-0.13775342800832951,-0.04548796416710491,-0.4197199375463334,1.206230640411377,0.986901673913002,0.21932890689373022,5,trapezoid_from_zero_normalized_by_max_fraction,False,error,false_positive,low,low,binary
cicids2017_binary,46,0,BENIGN,rid_68a14792a8c1adc501061694f4530e5a,mlp,occlusion,deletion,target_class_median,False,True,False,True,0,BENIGN,predicted_class_of_audited_model,0.9999998547502288,0.0005913342249072,1.6158668842081168e-06,1.3362836549219992e-06,2.795832292861178e-07,3.155369731123916e-08,2.1773798255608907e-07,6.123951219763057e-07,1.0034717622318114e-06,0.46456480026245117,0.21313695380091668,0.25142782261967656,5,trapezoid_from_zero_normalized_by_max_fraction,True,correct,true_negative,medium,medium,binary
cicids2017_binary,46,0,BENIGN,rid_6d0224305d5c92e2f5022ff95e7a2a31,mlp,occlusion,deletion,target_class_median,False,True,False,True,0,BENIGN,predicted_class_of_audited_model,0.9999990227718172,0.0005905022464957,1.0203264537267385e-06,6.615008925905384e-07,3.5882556113620013e-07,2.052522288943425e-08,3.18596124272909e-07,2.3498799828303162e-07,7.85338455443707e-07,0.0952199324965477,0.07538298582285644,0.019836952634155747,5,trapezoid_from_zero_normalized_by_max_fraction,True,correct,true_negative,medium,low,binary
cicids2017_binary,46,0,BENIGN,rid_b8c98e3538d08ba7648e12b04de387a3,mlp,occlusion,deletion,target_class_median,False,True,False,True,0,BENIGN,predicted_class_of_audited_model,0.999999999048778,0.0005914785234564,0.44586240931386256,0.00789310425471451,0.43796930505914805,0.0032630653609906253,0.4315736969516064,0.00494889548287098,0.4409135138309916,3.003420114517212,2.7679065308570863,0.2355135121345521,5,trapezoid_from_zero_normalized_by_max_fraction,True,correct,true_negative,medium,medium,binary
cicids2017_binary,46,0,BENIGN,rid_1be00245891f948f976f37add33b7c0e,mlp,occlusion,deletion,target_class_median,False,True,False,True,0,BENIGN,predicted_class_of_audited_model,0.9999203617189778,0.0005118411936564,-5.249178594795012e-05,-4.9057433670299136e-05,-3.434352277650986e-06,2.6742063062381534e-06,-8.675796637877766e-06,-4.047930252170317e-06,-4.84438556957798e-05,0.20812387764453888,0.1532137175500393,0.05491014295816421,5,trapezoid_from_zero_normalized_by_max_fraction,True,correct,true_negative,medium,low,binary
cicids2017_binary,46,0,BENIGN,rid_db9829bc01aeb0c0075f56d08cbf953b,mlp,occlusion,deletion,target_class_median,False,False,True,True,1,ATTACK,predicted_class_of_audited_model,0.0008719611214473,0.0002804816467686,-0.5324606131121983,-0.3864778216474106,-0.14598279146478751,0.02208920264052575,-0.18927762864021797,-0.028339204489967983,-0.5041214086222301,1.062609314918518,0.8147167186737061,0.24789260816574094,5,trapezoid_from_zero_normalized_by_max_fraction,False,error,false_positive,low,low,binary
cicids2017_binary,46,0,BENIGN,rid_0e9c99dc41546daa5951f3bced0eabc1,mlp,occlusion,deletion,target_class_median,False,True,False,True,0,BENIGN,predicted_class_of_audited_model,0.999990497579347,0.0005819770540255,-6.965436500649957e-06,-4.8969837653203285e-06,-2.0684527353296287e-06,1.784304609358563e-07,-2.418176438763907e-06,-2.1035733482221987e-06,-4.8618631524277586e-06,0.14620818197727203,0.07768570270761846,0.06852247330918909,5,trapezoid_from_zero_normalized_by_max_fraction,True,correct,true_negative,medium,low,binary
cicids2017_binary,46,0,BENIGN,rid_9f8f311c0e26a69354ca77932b274f8e,mlp,occlusion,deletion,target_class_median,False,False,True,True,1,ATTACK,predicted_class_of_audited_model,0.3284410238265991,0.3278495443519205,0.3103419992559623,0.1246416134365848,0.18570038581937748,0.019893774703299692,0.14670858740091008,0.03154276033239806,0.2787992389235642,2.656846523284912,2.3359115486145017,0.32093490314483647,5,trapezoid_from_zero_normalized_by_max_fraction,False,error,false_positive,low,medium,binary
cicids2017_binary,46,0,BENIGN,rid_ee1e56492640e611e5eb2d6f96ac0a57,mlp,occlusion,deletion,target_class_median,False,False,True,True,1,ATTACK,predicted_class_of_audited_model,0.0006599251064471,6.844563176849991e-05,-0.17434746815997643,-0.292372005497177,0.11802453733720059,0.021375205572994122,0.0761291344141321,-0.039157095348178954,-0.13519037281179747,1.1163220405578613,0.8951527051925658,0.2211693234443665,5,trapezoid_from_zero_normalized_by_max_fraction,False,error,false_positive,low,low,binary
cicids2017_binary,46,0,BENIGN,rid_49a96b66cc0bdcade5b6593e1d7771ff,mlp,occlusion,deletion,target_class_median,False,True,False,True,0,BENIGN,predicted_class_of_audited_model,0.9999670856304874,0.000558565105166,-2.942822820841684e-05,-2.1289298113742916e-05,-8.138930094673924e-06,5.785238967300968e-07,-9.272836932264915e-06,-7.904736969067018e-06,-2.1523491239349824e-05,0.15365402400493622,0.06881459406018257,0.08483942770957946,5,trapezoid_from_zero_normalized_by_max_fraction,True,correct,true_negative,medium,low,binary
cicids2017_binary,46,0,BENIGN,rid_84230b431820cc322bd6c83d072bc328,mlp,occlusion,deletion,target_class_median,False,False,True,True,1,ATTACK,predicted_class_of_audited_model,0.0009448603377677,0.0003533808630891,-0.5570769842161098,-0.45909165502099514,-0.09798532919511474,0.02244976014428294,-0.1419868590779093,-0.03309633851306637,-0.5239806457030435,1.065198302268982,0.8309090504646302,0.2342893829345703,5,trapezoid_from_zero_normalized_by_max_fraction,False,error,false_positive,low,low,binary
cicids2017_binary,46,0,BENIGN,rid_d80090d05ad351c5884370e8ce7ff9f4,mlp,occlusion,deletion,target_class_median,False,True,False,True,0,BENIGN,predicted_class_of_audited_model,0.9999378805296146,0.0005293600042932,-5.733419405373752e-05,-3.8675282313192834e-05,-1.8658911740544682e-05,1.2745400526732932e-06,-2.1157010243784337e-05,-1.8251125138476714e-05,-3.9083068915260805e-05,0.18021363019943237,0.0697541932836175,0.11045943915098903,5,trapezoid_from_zero_normalized_by_max_fraction,True,correct,true_negative,medium,low,binary
cicids2017_binary,46,0,BENIGN,rid_f45ac44eeb5ae0c3614b26626c5a5935,mlp,occlusion,deletion,target_class_median,False,True,False,True,0,BENIGN,predicted_class_of_audited_model,0.9999990818031392,0.0005905612778178,9.453598124764539e-07,7.74457607860768e-07,1.7090220461568607e-07,1.8298778241137028e-08,1.3503659926305748e-07,2.486307047320224e-07,6.967291077444315e-07,0.0662500411272049,0.04991302417963743,0.0163370199277997,5,trapezoid_from_zero_normalized_by_max_fraction,True,correct,true_negative,medium,medium,binary
cicids2017_binary,46,0,BENIGN,rid_9f99993c4216d94b35b69cf246779315,mlp,occlusion,deletion,target_class_median,False,True,False,True,0,BENIGN,predicted_class_of_audited_model,0.999996120727701,0.0005876002023796,-1.5609145748385345e-06,-9.913578446685279e-07,-5.695567301700067e-07,7.885366202587805e-08,-7.241099077407277e-07,-3.239977029352303e-07,-1.2369168719033042e-06,0.049953389912843704,0.03418791328370571,0.01576547774672508,5,trapezoid_from_zero_normalized_by_max_fraction,True,correct,true_negative,medium,low,binary
cicids2017_binary,46,0,BENIGN,rid_dc908e1b1de5d582a7a2f5c25de5225a,mlp,occlusion,deletion,target_class_median,False,False,True,True,1,ATTACK,predicted_class_of_audited_model,0.0031761967111378,0.0025847172364592,-0.037153575581032786,-0.3665911730812431,0.32943759750021034,0.024816415498526756,0.2807974231230979,-0.174315929506849,0.13716235392581622,0.7879079580307007,0.6696563049554826,0.11825168883800505,5,trapezoid_from_zero_normalized_by_max_fraction,False,error,false_positive,low,medium,binary
cicids2017_binary,46,0,BENIGN,rid_d0132bcff76b43b113799a0bb19617ab,mlp,occlusion,deletion,target_class_median,False,False,True,True,1,ATTACK,predicted_class_of_audited_model,0.001066593802534,0.0004751143278553,-0.4954820096900221,-0.39346658469678997,-0.10201542499323213,0.02176283542389979,-0.1446705824240757,-0.04587614321997944,-0.44960586647004264,1.1727709770202637,0.8053068515062332,0.3674641135931015,5,trapezoid_from_zero_normalized_by_max_fraction,False,error,false_positive,low,low,binary
cicids2017_binary,46,0,BENIGN,rid_002d9e02b038b2533b2cdb615f4d0517,mlp,occlusion,deletion,target_class_median,False,True,False,True,0,BENIGN,predicted_class_of_audited_model,0.9999957930881463,0.000587272562825,0.013665881625752262,0.001690372273248393,0.011975509352503869,0.0003623807851274546,0.011265243013654058,0.0033182312257452416,0.01034765040000702,0.8042652010917664,0.7894281554222109,0.01483699798583985,5,trapezoid_from_zero_normalized_by_max_fraction,True,correct,true_negative,medium,low,binary
cicids2017_binary,46,0,BENIGN,rid_13eb10a4da788e219937fc01f87bb695,mlp,occlusion,deletion,target_class_median,False,True,False,True,0,BENIGN,predicted_class_of_audited_model,0.9999995532559184,0.0005910327305968,0.06377906952521073,0.005257300565863581,0.058521768959347166,0.002848507829619649,0.052938693613292655,0.012963677562245195,0.05081539196296554,1.126888632774353,0.9555024938583374,0.17138609719276426,5,trapezoid_from_zero_normalized_by_max_fraction,True,correct,true_negative,medium,medium,binary
cicids2017_binary,46,0,BENIGN,rid_32607538c0d178d91936ec27d94ad84c,mlp,occlusion,deletion,target_class_median,False,True,False,True,0,BENIGN,predicted_class_of_audited_model,0.9999958411558508,0.0005873206305295,0.02478433759076779,0.0023496508438072363,0.022434686746960558,0.00048110861797553273,0.021491713855728515,0.0028286791752593853,0.021955658415508405,0.7338021397590637,0.7054869685173035,0.028315177202224717,5,trapezoid_from_zero_normalized_by_max_fraction,True,correct,true_negative,medium,low,binary
cicids2017_binary,46,0,BENIGN,rid_69321433923ded1c3ab537a0ee0ebc44,mlp,occlusion,deletion,target_class_median,False,True,False,True,0,BENIGN,predicted_class_of_audited_model,0.9999999999961522,0.0005914794708308,0.38098598681024737,3.5464771858100375e-05,0.3809505220383893,1.1969561515236123e-05,0.3809270616978194,0.0016014969838698348,0.37938448982637757,1.982421636581421,1.2415045623779295,0.7409170503616334,5,trapezoid_from_zero_normalized_by_max_fraction,True,correct,true_negative,medium,medium,binary
cicids2017_binary,46,0,BENIGN,rid_e2d5386b9a8fe4db9b08703490da531d,mlp,occlusion,deletion,target_class_median,False,False,True,True,1,ATTACK,predicted_class_of_audited_model,0.6675968170166016,0.6670053375419229,0.6056617264895976,0.22994594869420057,0.3757157777953971,0.023935706323887612,0.3288017934005774,0.17302548106829657,0.4326362454213011,3.142843008041382,2.873454678058624,0.2693883061408996,5,trapezoid_from_zero_normalized_by_max_fraction,False,error,false_positive,low,medium,binary
cicids2017_binary,46,0,BENIGN,rid_08130a9659a906eb5d715f9a53ee628d,mlp,occlusion,deletion,target_class_median,False,True,False,True,0,BENIGN,predicted_class_of_audited_model,0.9999999715799516,0.00059145105463,0.0015558403595012924,0.0021261438256201188,-0.0005703034661188259,0.0015256547258131771,-0.003560586728712653,0.00047716707070046476,0.001078673288800828,1.1261087656021118,0.8625855491161347,0.2635232045650482,5,trapezoid_from_zero_normalized_by_max_fraction,True,correct,true_negative,medium,medium,binary
cicids2017_binary,46,0,BENIGN,rid_1b4b8ca64de99d674a91a73d6955b447,mlp,occlusion,deletion,target_class_median,False,False,True,True,1,ATTACK,predicted_class_of_audited_model,0.0008015941129997,0.000210114638321,-0.572113285708474,-0.39597317218930905,-0.17614011351916495,0.024013724861587222,-0.2232070142478759,-0.035097719631785027,-0.537015566076689,1.1039906740188599,0.8016392211914061,0.30235144686698917,5,trapezoid_from_zero_normalized_by_max_fraction,False,error,false_positive,low,low,binary
cicids2017_binary,46,0,BENIGN,rid_ed124c0cfb9f341244613144a9873c27,mlp,occlusion,deletion,target_class_median,False,True,False,True,0,BENIGN,predicted_class_of_audited_model,0.9998593588825316,0.0004508383572102,0.09531155748045421,0.021612837911747416,0.07369871956870681,0.006163380242815438,0.06161849429278855,0.027865403098550096,0.06744615438190413,1.0840694904327393,1.0119854938983919,0.07208399653434752,5,trapezoid_from_zero_normalized_by_max_fraction,True,correct,true_negative,medium,low,binary
cicids2017_binary,46,0,BENIGN,rid_cb84ffe73ccd663a7ba7be1a2f94208b,mlp,occlusion,deletion,target_class_median,False,True,False,True,0,BENIGN,predicted_class_of_audited_model,0.9999971938639192,0.0005886733385977,-6.763415285604424e-07,-3.399673871626874e-07,-3.36374141397755e-07,4.8810555023248976e-08,-4.32042829243323e-07,-2.858647746961651e-08,-6.477550510908259e-07,0.03729214146733284,0.021884834915399554,0.015407306551933286,5,trapezoid_from_zero_normalized_by_max_fraction,True,correct,true_negative,medium,low,binary
cicids2017_binary,46,0,BENIGN,rid_3926f72071b867c679e8fcde026ad243,mlp,occlusion,deletion,target_class_median,False,False,True,True,1,ATTACK,predicted_class_of_audited_model,0.0007477153558284,0.0001562358811497,-0.9414179293555207,-0.6024973024719511,-0.3389206268835697,0.023746065213038566,-0.3854629147011253,-0.17941167058290375,-0.7620062587726171,1.1698415279388428,0.7488718227148056,0.42096975290775307,5,trapezoid_from_zero_normalized_by_max_fraction,False,error,false_positive,low,low,binary
cicids2017_binary,46,1,ATTACK,rid_d1afa288ac204a797025ab9d0458aaf4,mlp,occlusion,deletion,target_class_median,False,True,False,True,1,ATTACK,predicted_class_of_audited_model,0.9527955651283264,0.9522040856536478,0.8576502185589562,0.5724734366229295,0.2851767819360266,0.024958035811928393,0.23625903174464694,0.4039957178213226,0.4536545007376335,0.5289884209632874,0.5882594190835952,-0.05927102196216584,5,trapezoid_from_zero_normalized_by_max_fraction,True,correct,true_positive,medium,high,binary
cicids2017_binary,46,0,BENIGN,rid_df2092d4c76cfacc9f416f9a5c0aba42,mlp,occlusion,deletion,target_class_median,False,True,False,True,0,BENIGN,predicted_class_of_audited_model,0.999995247291281,0.0005867267659595,0.02558502839021912,0.009786124017104762,0.015798904373114365,0.0026525907736977003,0.010599826456666872,0.0037819011995139725,0.02180312719070515,0.8246217966079712,0.6978370060920716,0.1267847905158997,5,trapezoid_from_zero_normalized_by_max_fraction,True,correct,true_negative,medium,low,binary
cicids2017_binary,46,0,BENIGN,rid_128839b76407e20f8af0c75233803f63,mlp,occlusion,deletion,target_class_median,False,False,True,True,1,ATTACK,predicted_class_of_audited_model,0.0050165602006018,0.0044250807259232,-0.9324908454203978,-0.7741902848017344,-0.15830056061866346,0.013094576385857813,-0.18396593033494477,-0.26276968060736544,-0.6697211648130323,0.9041935205459595,0.6969476487636566,0.20724580621719363,5,trapezoid_from_zero_normalized_by_max_fraction,False,error,false_positive,low,medium,binary
cicids2017_binary,46,0,BENIGN,rid_0a9037feccf16ba1543e7d103d52f84f,mlp,occlusion,deletion,target_class_median,False,False,True,True,1,ATTACK,predicted_class_of_audited_model,0.0064581832848489,0.0058667038101703,-0.22922335972543803,-0.41184693780863013,0.18262357808319207,0.026347242206211693,0.13098298335901715,-0.19313855139219593,-0.036084808333242124,0.5872040390968323,0.5238086881637573,0.06339530324935913,5,trapezoid_from_zero_normalized_by_max_fraction,False,error,false_positive,low,medium,binary
cicids2017_binary,46,0,BENIGN,rid_3cc8a2ed18c39d306dde4ff03e6351a8,mlp,occlusion,deletion,target_class_median,False,False,True,True,1,ATTACK,predicted_class_of_audited_model,0.0017168306512758,0.0011253511765971,-0.1912793397612404,-0.4896428648377186,0.29836352507647823,0.024027129388927447,0.2512703514741804,-0.11883534724914353,-0.07244399251209688,0.8589761853218079,0.741108916401863,0.11786732256412509,5,trapezoid_from_zero_normalized_by_max_fraction,False,error,false_positive,low,medium,binary
cicids2017_binary,46,0,BENIGN,rid_3453b6c76d89fe140f20f4064c84ccfe,mlp,occlusion,deletion,target_class_median,False,False,True,True,1,ATTACK,predicted_class_of_audited_model,0.0083368336781859,0.0077453542035073,-0.2555047610308975,-0.31663595810397693,0.06113119707307943,0.024812956204457674,0.012497802912342391,-0.19629985397915972,-0.05920490705173777,0.6661472320556641,0.5230447615385055,0.14310253012180327,5,trapezoid_from_zero_normalized_by_max_fraction,False,error,false_positive,low,medium,binary
cicids2017_binary,46,0,BENIGN,rid_bc0ed2367be1555b07214841c995ed1b,mlp,occlusion,deletion,target_class_median,False,False,True,True,1,ATTACK,predicted_class_of_audited_model,0.4315876066684723,0.4309961271937937,0.24836403396825021,0.0956452648093998,0.15271876915885044,0.019456048182479545,0.11458491472119053,0.07729044444425867,0.17107358952399157,10.023073196411133,4.514352307081222,5.508720317125321,5,trapezoid_from_zero_normalized_by_max_fraction,False,error,false_positive,low,medium,binary
cicids2017_binary,46,0,BENIGN,rid_a1e96d77431662451ef4e130fa4f3fcf,mlp,occlusion,deletion,target_class_median,False,False,True,True,1,ATTACK,predicted_class_of_audited_model,0.0009567154920659,0.0003652360173872,-0.0339220547437435,-0.29822472944687095,0.26430267470312746,0.025559459623742092,0.21420613384059295,-0.043062602022751945,0.00914054727900844,1.5143932104110718,0.9699057773351669,0.5444874569177627,5,trapezoid_from_zero_normalized_by_max_fraction,False,error,false_positive,low,low,binary
cicids2017_binary,46,0,BENIGN,rid_d8de40d0c84dcda670239cd28002b34c,mlp,occlusion,deletion,target_class_median,False,False,True,True,1,ATTACK,predicted_class_of_audited_model,0.0086649991571903,0.0080735196825117,-0.21362066101282837,-0.32125433225034683,0.10763367123751844,0.024877044566083632,0.05887466388799452,-0.19779081232720547,-0.015829848685622885,0.6742280721664429,0.5402600228786468,0.1339680016040802,5,trapezoid_from_zero_normalized_by_max_fraction,False,error,false_positive,low,medium,binary
cicids2017_binary,46,0,BENIGN,rid_065ba8581948bca671d15fb9c3c3b168,mlp,occlusion,deletion,target_class_median,False,False,True,True,1,ATTACK,predicted_class_of_audited_model,0.0063427472487092,0.0057512677740306,-0.23808699795044957,-0.4236995274169476,0.185612529466498,0.025826823354891934,0.13499195569090983,-0.24737218582497372,0.009285187874524134,0.5724281072616577,0.5308142302632332,0.04161390680074691,5,trapezoid_from_zero_normalized_by_max_fraction,False,error,false_positive,low,medium,binary
cicids2017_binary,46,0,BENIGN,rid_5466ee84ce085dec531cf7aa7718cfbb,mlp,occlusion,deletion,target_class_median,False,True,False,True,0,BENIGN,predicted_class_of_audited_model,0.99999999999495,0.0005914794696285,0.05748680480276109,0.0021307602641106147,0.055356044538650465,0.0005741688357206994,0.054230673620637895,0.00044627230522902586,0.05704053249753206,1.6087138652801514,1.169988775730133,0.43872516107559206,5,trapezoid_from_zero_normalized_by_max_fraction,True,correct,true_negative,medium,medium,binary
cicids2017_binary,46,0,BENIGN,rid_50d1717711073665ee4afa3401563b63,mlp,occlusion,deletion,target_class_median,False,False,True,True,1,ATTACK,predicted_class_of_audited_model,0.0007510692812502,0.0001595898065716,-0.3884105207631364,-0.3486856906817508,-0.03972483008138558,0.023588444638554886,-0.08595818157295315,-0.039301840673006155,-0.3491086800901303,1.2349400520324707,0.9899128844738007,0.24502728676795957,5,trapezoid_from_zero_normalized_by_max_fraction,False,error,false_positive,low,low,binary
cicids2017_binary,46,0,BENIGN,rid_eb466fece862abe734c122a475d58c22,mlp,occlusion,deletion,target_class_median,False,True,False,True,0,BENIGN,predicted_class_of_audited_model,0.9999967405512962,0.0005882200259747,1.5204950614133867e-07,5.898119273837209e-07,-4.3776242124238236e-07,2.464806257293403e-07,-9.208644476718894e-07,1.8596358948457234e-06,-1.7075863887043851e-06,0.5001526474952698,0.22209390944987537,0.27805872910469764,5,trapezoid_from_zero_normalized_by_max_fraction,True,correct,true_negative,medium,low,binary
cicids2017_binary,46,0,BENIGN,rid_d6c30c35089599244c8582562eae186f,mlp,occlusion,deletion,target_class_median,False,True,False,True,0,BENIGN,predicted_class_of_audited_model,0.9999999982393872,0.0005914777140659,0.07140633422911981,0.005705315646025928,0.06570101858309386,0.003395239207962133,0.059046349735488085,0.001987451453480586,0.06941888277563922,1.1577426195144653,0.9988394457101821,0.15890307843685153,5,trapezoid_from_zero_normalized_by_max_fraction,True,correct,true_negative,medium,medium,binary
cicids2017_binary,46,0,BENIGN,rid_988d2d6b6008fe479e9a1d8cd3533616,mlp,occlusion,deletion,target_class_median,False,True,False,True,0,BENIGN,predicted_class_of_audited_model,0.999999999999916,0.0005914794745945,0.3262815947934652,0.0006554517444467544,0.3256261430490185,0.00025501540665849186,0.32512631285196786,0.0007309778115539876,0.32555061698191123,1.2514076232910156,1.2449559972286224,0.0064516260623931785,5,trapezoid_from_zero_normalized_by_max_fraction,True,correct,true_negative,medium,medium,binary
cicids2017_binary,46,0,BENIGN,rid_183b5fde2aa4738c37c8c8f2e6c23630,mlp,occlusion,deletion,target_class_median,False,False,True,True,1,ATTACK,predicted_class_of_audited_model,0.0063749849796295,0.0057835055049509,-0.26596485674381254,-0.33011139594294764,0.06414653919913506,0.024420487246664284,0.016282384195673065,-0.2726715455442973,0.006706688800484681,0.5988070368766785,0.5717257096767425,0.027081345081329346,5,trapezoid_from_zero_normalized_by_max_fraction,False,error,false_positive,low,medium,binary
cicids2017_binary,46,1,ATTACK,rid_d097e7724fa9f92e0935d7b66f1828ae,mlp,occlusion,deletion,target_class_median,False,True,False,True,1,ATTACK,predicted_class_of_audited_model,0.4056569337844848,0.4050654543098062,-0.5624852865934372,-0.25967652193737745,-0.30280876465605977,0.023858508690258365,-0.34957144168896614,-0.09923478954416351,-0.4632504970492737,0.597606897354126,0.15588023488316685,0.44172667439188806,5,trapezoid_from_zero_normalized_by_max_fraction,True,correct,true_positive,low,medium,binary
cicids2017_binary,46,0,BENIGN,rid_a3e42b1cf69f189e09f2b508f7f7273c,mlp,occlusion,deletion,target_class_median,False,True,False,True,0,BENIGN,predicted_class_of_audited_model,0.9999895304272286,0.0005810099019072,-8.558412775983016e-06,-5.0331655336322006e-06,-3.525247242350816e-06,2.5775904930225687e-07,-4.030454978983239e-06,-1.9450993999043934e-06,-6.613313376078622e-06,0.10479384660720825,0.04597333084046841,0.05882051800191401,5,trapezoid_from_zero_normalized_by_max_fraction,True,correct,true_negative,medium,low,binary
cicids2017_binary,46,1,ATTACK,rid_cb1d18b54442084b37f3093e6a85ed34,mlp,occlusion,deletion,target_class_median,False,True,False,True,1,ATTACK,predicted_class_of_audited_model,0.9999999403953552,0.9994084609206766,0.6181633331580088,0.5147483152802451,0.1034150178777636,0.022650367320021608,0.05902029793052124,0.051174437891691925,0.5669888952663168,2.4800045490264893,1.8019243240356446,0.6780802726745606,5,trapezoid_from_zero_normalized_by_max_fraction,True,correct,true_positive,medium,high,binary
cicids2017_binary,46,1,ATTACK,rid_90bf460c23de7f169569a903b5e5bcd4,mlp,occlusion,deletion,target_class_median,False,False,True,False,0,BENIGN,predicted_class_of_audited_model,0.9997036708227824,0.0002951502974611,-0.00023971530285962216,-0.00020926728182189434,-3.0448021037727814e-05,3.603261208435512e-06,-3.751041300626142e-05,-9.332299862808214e-05,-0.00014639230423154004,0.21975727379322052,0.13273824021965264,0.08701902910321951,5,trapezoid_from_zero_normalized_by_max_fraction,False,error,false_negative,medium,low,binary
cicids2017_binary,46,0,BENIGN,rid_925d38c41b222c06fa8bf565a6ad4fa2,mlp,occlusion,deletion,target_class_median,False,False,True,True,1,ATTACK,predicted_class_of_audited_model,0.0181432794779539,0.0175518000032753,-0.822114611696452,-0.512732611796353,-0.30938199990009885,0.02375672090909501,-0.35594517288192506,-0.3437412398285233,-0.47837337186792867,0.022801803424954414,0.035538676009746265,-0.012736872957320882,5,trapezoid_from_zero_normalized_by_max_fraction,False,error,false_positive,low,medium,binary
cicids2017_binary,46,0,BENIGN,rid_4d004efc514939388e1451fb90ee062f,mlp,occlusion,deletion,target_class_median,False,True,False,True,0,BENIGN,predicted_class_of_audited_model,0.9999999999704796,0.0005914794451583,0.4209294736155834,0.016674614382106875,0.4042548592334766,0.0038715511731117016,0.39666661893417765,0.005353581275680703,0.4155758923399028,2.645026445388794,1.8941801881790163,0.7508461856842041,5,trapezoid_from_zero_normalized_by_max_fraction,True,correct,true_negative,medium,medium,binary
cicids2017_binary,46,0,BENIGN,rid_189c29f8197fee8b97d16eac414ce930,mlp,occlusion,deletion,target_class_median,False,False,True,True,1,ATTACK,predicted_class_of_audited_model,0.0013658951502293,0.0007744156755506,-0.7982738571125083,-0.4162446249002242,-0.3820292322122841,0.023459209922602,-0.428009283660584,-0.27518076371506317,-0.523093093397445,0.09768915921449661,0.05480485770315864,0.0428843030014541,5,trapezoid_from_zero_normalized_by_max_fraction,False,error,false_positive,low,medium,binary
cicids2017_binary,46,0,BENIGN,rid_ea00bda307e3b0a7b9da8da91cf7c43c,mlp,occlusion,deletion,target_class_median,False,False,True,True,1,ATTACK,predicted_class_of_audited_model,0.0013672227505594,0.0007757432758807,-0.7982935230829753,-0.4216888005515502,-0.37660472253142513,0.023635088577952965,-0.42292949614421294,-0.268066884720145,-0.5302266383628302,0.09768219292163849,0.0557016975840088,0.041980499062919986,5,trapezoid_from_zero_normalized_by_max_fraction,False,error,false_positive,low,medium,binary
cicids2017_binary,46,0,BENIGN,rid_b490b01ced1d5fc05b44101c0d0fb9b1,mlp,occlusion,deletion,target_class_median,False,True,False,True,0,BENIGN,predicted_class_of_audited_model,0.9998396324372152,0.0004311119118938,-0.00012743773083911947,-0.00011346776094978848,-1.3969969889330973e-05,2.251709574623013e-06,-1.838332065559208e-05,-4.820043985478151e-05,-7.923729098433796e-05,0.24380120635032654,0.16090255765616895,0.08289865018427371,5,trapezoid_from_zero_normalized_by_max_fraction,True,correct,true_negative,medium,low,binary
cicids2017_binary,46,0,BENIGN,rid_5896e64a3b34f1ec42a8d28a0e77879b,mlp,occlusion,deletion,target_class_median,False,True,False,True,0,BENIGN,predicted_class_of_audited_model,0.9999994843304308,0.0005909638051093,0.004813373101657703,0.001038738861285951,0.003774634240371752,0.0002781860061019355,0.003229389668411958,0.0004885996655692406,0.004324773436088463,3.240790605545044,3.7290438184738166,-0.48825321292877194,5,trapezoid_from_zero_normalized_by_max_fraction,True,correct,true_negative,medium,medium,binary
cicids2017_binary,46,0,BENIGN,rid_6633ce22e5c7da00cb2a5f898084afd9,mlp,occlusion,deletion,target_class_median,False,True,False,True,0,BENIGN,predicted_class_of_audited_model,0.99999999993971,0.0005914794143884,0.2381163371461241,0.022021571507933956,0.21609476563819016,0.0069515172937950655,0.20246979174235183,0.028027977821283256,0.21008835932484085,3.1267318725585938,3.0698509397506712,0.05688078975677495,5,trapezoid_from_zero_normalized_by_max_fraction,True,correct,true_negative,medium,medium,binary
cicids2017_binary,46,0,BENIGN,rid_0ad303697dc796c42432ca676fe053fa,mlp,occlusion,deletion,target_class_median,False,False,True,True,1,ATTACK,predicted_class_of_audited_model,0.0010945537360385,0.0005030742613598,-0.3713218361895997,-0.2854228917510495,-0.08589894443855019,0.022933441320925375,-0.1308484894275639,-0.04512818669520902,-0.32619364949439067,1.2456915378570557,0.9804643564224245,0.2652271099090576,5,trapezoid_from_zero_normalized_by_max_fraction,False,error,false_positive,low,low,binary
cicids2017_binary,46,0,BENIGN,rid_2170b6fd137387bfcb2d8b5fb8e30e73,mlp,occlusion,deletion,target_class_median,False,True,False,True,0,BENIGN,predicted_class_of_audited_model,0.9999974744634984,0.0005889539381768,0.24967002342232264,0.012161834208533692,0.23750818921378894,0.0045384600521088045,0.2286128075116557,0.027333406208940578,0.2223366172133821,4.826684474945068,5.686829678535462,-0.8601453466415403,5,trapezoid_from_zero_normalized_by_max_fraction,True,correct,true_negative,medium,low,binary
cicids2017_binary,46,0,BENIGN,rid_bc5bac4fd5b318a74743b7e4b536c066,mlp,occlusion,deletion,target_class_median,False,False,True,True,1,ATTACK,predicted_class_of_audited_model,0.0012498664436861,0.0006583869690075,-0.6626037793408615,-0.25971553694832616,-0.4028882423925352,0.021942851086795334,-0.44589623052265404,-0.02196016958737755,-0.6406436097534838,0.9998205900192261,0.72880701982975,0.27101366555690765,5,trapezoid_from_zero_normalized_by_max_fraction,False,error,false_positive,low,medium,binary
cicids2017_binary,46,0,BENIGN,rid_6032361bbec96d8ea48e544c9482e598,mlp,occlusion,deletion,target_class_median,False,False,True,True,1,ATTACK,predicted_class_of_audited_model,0.0011647968785837,0.0005733174039051,-0.6623207820870448,-0.28125991442633747,-0.38106086766070735,0.023148209283995084,-0.4264313578573377,-0.035070393626916205,-0.6272503884601286,0.9991844892501831,0.7283809280395508,0.2708036267757416,5,trapezoid_from_zero_normalized_by_max_fraction,False,error,false_positive,low,low,binary
cicids2017_binary,46,0,BENIGN,rid_e917776c2952c8979597799a67905d08,mlp,occlusion,deletion,target_class_median,False,False,True,True,1,ATTACK,predicted_class_of_audited_model,0.0006161797209642,2.470024628559999e-05,-0.34939136277826033,-0.32160488564388007,-0.027786477134380278,0.021653495577678174,-0.0702273284666295,-0.026011338813761026,-0.3233800239644994,1.1719026565551758,0.9164512412548065,0.25545141530036936,5,trapezoid_from_zero_normalized_by_max_fraction,False,error,false_positive,low,low,binary
cicids2017_binary,46,0,BENIGN,rid_ac0b2618908439840e886aa3839643b4,mlp,occlusion,deletion,target_class_median,False,False,True,True,1,ATTACK,predicted_class_of_audited_model,0.0089307520538568,0.0083392725791782,-0.8216335446573795,-0.5294266668320633,-0.292206877825316,0.023350563739077925,-0.3379739827539088,-0.3152942122933455,-0.506339332364034,0.2744124233722687,0.10977755194739439,0.16463486099406147,5,trapezoid_from_zero_normalized_by_max_fraction,False,error,false_positive,low,medium,binary
cicids2017_binary,46,0,BENIGN,rid_88a0e5b273c78d1eb7bc1ae9ab8fe495,mlp,occlusion,deletion,target_class_median,False,True,False,True,0,BENIGN,predicted_class_of_audited_model,0.9999999983867482,0.0005914778614268,0.48225190933271767,0.00507710907244161,0.4771748002602761,0.0016470500092259839,0.47394658224219316,0.013615442416771957,0.46863646691594574,2.922318935394287,2.5587540702819824,0.3635652227401733,5,trapezoid_from_zero_normalized_by_max_fraction,True,correct,true_negative,medium,medium,binary
cicids2017_binary,46,0,BENIGN,rid_7b55b0a491943a8951ec2d43fedd60f4,mlp,occlusion,deletion,target_class_median,False,False,True,True,1,ATTACK,predicted_class_of_audited_model,0.0027485033497214,0.0021570238750428,-0.3621562886983156,-0.20383469601592796,-0.15832159268238766,0.0199311286931673,-0.19738660492099558,-0.10514508906712279,-0.25701119963119284,2.003370761871338,2.479164975166321,-0.47579447555541987,5,trapezoid_from_zero_normalized_by_max_fraction,False,error,false_positive,low,medium,binary
cicids2017_binary,46,0,BENIGN,rid_1aa13315224483b5ec543274f20fd45e,mlp,occlusion,deletion,target_class_median,False,True,False,True,0,BENIGN,predicted_class_of_audited_model,0.999999999999999,0.0005914794746776,0.000512686287480807,0.0019140201686492098,-0.001401333881168403,0.0008418495881146198,-0.003051359073873058,0.0022540432348826423,-0.0017413569474018355,2.6885194778442383,2.2559226951599123,0.43259673500061024,5,trapezoid_from_zero_normalized_by_max_fraction,True,correct,true_negative,high,medium,binary
cicids2017_binary,46,0,BENIGN,rid_0cb5a904f57b1aaa80fb070c339fbc11,mlp,occlusion,deletion,target_class_median,False,True,False,True,0,BENIGN,predicted_class_of_audited_model,0.9999985935116912,0.0005900729863696,7.268936883519928e-07,4.3075916494217376e-07,2.9613452340981893e-07,2.1391426183527244e-08,2.5420732809010556e-07,1.941864569516838e-07,5.327072314003089e-07,0.09379889070987701,0.07373511312901973,0.020063781306147575,5,trapezoid_from_zero_normalized_by_max_fraction,True,correct,true_negative,medium,low,binary
cicids2017_binary,46,0,BENIGN,rid_7b6b080ceefe571495dc2ff7e861c9f1,mlp,occlusion,deletion,target_class_median,False,False,True,True,1,ATTACK,predicted_class_of_audited_model,0.0112895127385854,0.0106980332639067,-0.8027963659726083,-0.4798067597008776,-0.32298960627173073,0.025506472906030402,-0.3729822931675503,-0.40302896755887196,-0.3997673984137364,0.0508241280913353,0.04789823207235895,0.0029258943425957114,5,trapezoid_from_zero_normalized_by_max_fraction,False,error,false_positive,low,medium,binary
cicids2017_binary,46,0,BENIGN,rid_9be758aa0870a51c47f2cc79ff0cf4f2,mlp,occlusion,deletion,target_class_median,False,True,False,True,0,BENIGN,predicted_class_of_audited_model,0.999980212374794,0.0005716918494726,-1.5197621581819477e-05,-1.187352169552014e-05,-3.324099886299336e-06,2.1763281100362668e-07,-3.750660195866444e-06,-6.164941810311575e-06,-9.0326797715079e-06,0.0680258721113205,0.04616407350450754,0.021861792646348476,5,trapezoid_from_zero_normalized_by_max_fraction,True,correct,true_negative,medium,low,binary
cicids2017_binary,46,0,BENIGN,rid_10843db073a419b5ad249f57a61cdeb1,mlp,occlusion,deletion,target_class_median,False,False,True,True,1,ATTACK,predicted_class_of_audited_model,0.4389364719390869,0.4383449924644083,-0.07356591760180889,-0.1271613612723784,0.05359544367056952,0.026576684514127414,0.0015051420228797893,0.03708945040439442,-0.11065536800620332,0.5877286195755005,0.3668416428230703,0.220886899266392,5,trapezoid_from_zero_normalized_by_max_fraction,False,error,false_positive,low,medium,binary
cicids2017_binary,46,0,BENIGN,rid_b802fbc0c498520fb72f9e7343799ffe,mlp,occlusion,deletion,target_class_median,False,False,True,True,1,ATTACK,predicted_class_of_audited_model,0.0075911707244813,0.0069996912498027,-0.3012410968309268,-0.32649654164571307,0.0252554448147862,0.023491871215996912,-0.02078862276856775,-0.21662128489873428,-0.08461981193219255,0.5654665231704712,0.5059507905840873,0.05951577430963517,5,trapezoid_from_zero_normalized_by_max_fraction,False,error,false_positive,low,medium,binary
cicids2017_binary,46,0,BENIGN,rid_bafbd04c2e547a66e0dc2954535a0cd7,mlp,occlusion,deletion,target_class_median,False,True,False,True,0,BENIGN,predicted_class_of_audited_model,0.9999947791684464,0.0005862586431248,-3.1355960402379423e-06,-1.969861499560466e-06,-1.1657345406774767e-06,7.778230293167794e-08,-1.3181878544235655e-06,-1.0065363252351744e-06,-2.129059715002768e-06,0.0868319645524025,0.04175352792814374,0.04507844034954906,5,trapezoid_from_zero_normalized_by_max_fraction,True,correct,true_negative,medium,low,binary
cicids2017_binary,46,0,BENIGN,rid_6d656ac569bb8cd6bcf80fd7d1186b92,mlp,occlusion,deletion,target_class_median,False,True,False,True,0,BENIGN,predicted_class_of_audited_model,0.9995910167344846,0.0001824962091632,0.028517821928835476,0.019521352199379973,0.008996469729455505,0.0056600791759595604,-0.002097285455425233,0.022387723330201618,0.006130098598633858,0.6268272399902344,0.5980274474024774,0.0287997925877571,5,trapezoid_from_zero_normalized_by_max_fraction,True,correct,true_negative,medium,low,binary
cicids2017_binary,46,0,BENIGN,rid_a3005b8914bc938faaf722639af08655,mlp,occlusion,deletion,target_class_median,False,False,True,True,1,ATTACK,predicted_class_of_audited_model,0.0012185915838927,0.0006271121092141,-0.7586847591097466,-0.3794924477551831,-0.37919231135456355,0.022564128328570215,-0.4234180028785612,-0.23597382321476473,-0.522710935894982,0.03973814472556114,0.03706903813476674,0.0026691065907943996,5,trapezoid_from_zero_normalized_by_max_fraction,False,error,false_positive,low,medium,binary
cicids2017_binary,46,0,BENIGN,rid_8eb853e989b02d5c0eb77f36fb436c1f,mlp,occlusion,deletion,target_class_median,False,True,False,True,0,BENIGN,predicted_class_of_audited_model,0.9999999946054065,0.0005914740800849,0.32657940182830536,0.007628062861884399,0.31895133896642097,0.003675048870439507,0.31174824318035954,0.024440205860534733,0.30213919596777067,1.114023208618164,1.1558088395595552,-0.04178564286231996,5,trapezoid_from_zero_normalized_by_max_fraction,True,correct,true_negative,medium,medium,binary
cicids2017_binary,46,0,BENIGN,rid_878754f5f1023f8dd9e23e93e1005cb3,mlp,occlusion,deletion,target_class_median,False,True,False,True,0,BENIGN,predicted_class_of_audited_model,1.0,0.0005914794746786,4.898092242910934e-08,0.0005424944739519613,-0.0005424454930295321,0.0003947368036560878,-0.001316129628195464,0.00016409616764562207,-0.00016404718672319296,0.6228914260864258,0.605661547780037,0.0172298902273178,5,trapezoid_from_zero_normalized_by_max_fraction,True,correct,true_negative,high,medium,binary
cicids2017_binary,46,0,BENIGN,rid_e4965edd10e51d0f59ba06631a5604a4,mlp,occlusion,deletion,target_class_median,False,False,True,True,1,ATTACK,predicted_class_of_audited_model,0.8812999129295349,0.8807084334548563,0.7186673277523368,0.34250505263256126,0.37616227511977557,0.023511075556425117,0.3300805670291823,0.1407691079453798,0.5778982198069571,3.3247616291046143,3.1489683771133423,0.1757933712005615,5,trapezoid_from_zero_normalized_by_max_fraction,False,error,false_positive,low,high,binary
cicids2017_binary,46,0,BENIGN,rid_e40daaad7f7cd2ce93273653f94513d0,mlp,occlusion,deletion,target_class_median,False,False,True,True,1,ATTACK,predicted_class_of_audited_model,0.0029207344632595,0.0023292549885809,-0.046281690138857814,-0.3177266822453084,0.2714449921064506,0.02455870216534405,0.2233099358623763,-0.16049034727570688,0.11420865713684905,0.7591127157211304,0.6178159980773927,0.1412967116832733,5,trapezoid_from_zero_normalized_by_max_fraction,False,error,false_positive,low,medium,binary
cicids2017_binary,46,0,BENIGN,rid_c438d9e167ee9a40230a2466c8e8d067,mlp,occlusion,deletion,target_class_median,False,True,False,True,0,BENIGN,predicted_class_of_audited_model,0.9997416644764598,0.0003331439511385,0.0902064516048995,0.00799856101990294,0.08220789058499654,0.0026065944840092036,0.07709896539633851,0.027191516942444347,0.06301493466245515,1.0440020561218262,1.0311830914020539,0.012818940877914442,5,trapezoid_from_zero_normalized_by_max_fraction,True,correct,true_negative,medium,low,binary
cicids2017_binary,46,0,BENIGN,rid_35763d7910cbc7d0bd0c71a5d4647ed1,mlp,occlusion,deletion,target_class_median,False,True,False,True,0,BENIGN,predicted_class_of_audited_model,0.9999999999999988,0.0005914794746773,0.030196535773574038,0.0010322292116227618,0.029164306561951278,0.00039493022810452316,0.028390243314866413,3.660705163777656e-05,0.03015992872193626,2.2813119888305664,1.426661670446396,0.8546505091190338,5,trapezoid_from_zero_normalized_by_max_fraction,True,correct,true_negative,high,medium,binary
cicids2017_binary,46,0,BENIGN,rid_9efbd13f3717e5d914ae94e2e807a5f6,mlp,occlusion,deletion,target_class_median,False,False,True,True,1,ATTACK,predicted_class_of_audited_model,0.0777472108602523,0.0771557313855737,-0.17161910360373445,-0.22974489224726896,0.05812578864353453,0.025225355682625433,0.00868409150558868,-0.1357708268582524,-0.035848276745481994,1.5152606964111328,1.2456261997222902,0.269634437084198,5,trapezoid_from_zero_normalized_by_max_fraction,False,error,false_positive,low,medium,binary
cicids2017_binary,46,0,BENIGN,rid_b802449e854f73ea84311c579907ce80,mlp,occlusion,deletion,target_class_median,False,True,False,True,0,BENIGN,predicted_class_of_audited_model,0.9999984873768426,0.0005899668515212,4.153283043706324e-07,3.912189157517787e-07,2.41093886188537e-08,3.171046993457474e-08,-3.804313245291279e-08,1.618916215875288e-07,2.534366827831036e-07,0.07098114490509033,0.047233872197568416,0.02374727717787027,5,trapezoid_from_zero_normalized_by_max_fraction,True,correct,true_negative,medium,low,binary
cicids2017_binary,46,0,BENIGN,rid_79fedbc6f1dc324932e51be4e75f485e,mlp,occlusion,deletion,target_class_median,False,False,True,True,1,ATTACK,predicted_class_of_audited_model,0.0078330691903829,0.0072415897157043,-0.16427053259685634,-0.3029878787826401,0.13871734618578377,0.02493840576919953,0.08983807087815268,-0.17919864858535217,0.014928115988495846,0.6588169932365417,0.5340557531118394,0.1247612580060959,5,trapezoid_from_zero_normalized_by_max_fraction,False,error,false_positive,low,medium,binary
cicids2017_binary,46,0,BENIGN,rid_a6493a2fbd83c587a31f909ce740d716,mlp,occlusion,deletion,target_class_median,False,False,True,True,1,ATTACK,predicted_class_of_audited_model,0.0025366756599396,0.0019451961852609,-0.027239320916123688,-0.27360197169909634,0.24636265078297265,0.02325915299086349,0.2007747109208802,-0.12908302808527242,0.10184370716914873,0.7243458032608032,0.6048875830173492,0.11945818448066711,5,trapezoid_from_zero_normalized_by_max_fraction,False,error,false_positive,low,medium,binary
cicids2017_binary,46,0,BENIGN,rid_6d04c23e4d954941de8dfe0bdf5241fc,mlp,occlusion,deletion,target_class_median,False,True,False,True,0,BENIGN,predicted_class_of_audited_model,0.9999999999999998,0.0005914794746784,0.3877479869444867,0.0054247615608262086,0.3823232253836605,0.003587638379375285,0.3752914541600849,0.006986327800310152,0.38076165914417653,1.9469959735870361,1.6909881410598753,0.25600785636901857,5,trapezoid_from_zero_normalized_by_max_fraction,True,correct,true_negative,high,medium,binary
cicids2017_binary,46,0,BENIGN,rid_f7d307d72a471320dbdf7a358750bd68,mlp,occlusion,deletion,target_class_median,False,False,True,True,1,ATTACK,predicted_class_of_audited_model,0.4352786242961883,0.4346871448215097,0.2606554090729254,0.09292038496732208,0.16773502410560337,0.019938124881752575,0.12865629933736833,0.07108518170951832,0.1895702273634071,18.105995178222656,7.186363928914071,10.91963144004345,5,trapezoid_from_zero_normalized_by_max_fraction,False,error,false_positive,low,medium,binary
cicids2017_binary,46,1,ATTACK,rid_7ec0a68964b1e289b9bf406e4f329018,mlp,occlusion,deletion,target_class_median,False,True,False,True,1,ATTACK,predicted_class_of_audited_model,0.999997079372406,0.9994055998977274,0.7916593177942559,0.4263413687853608,0.36531794900889514,0.02427832123111357,0.31773243939591256,0.07415596491005272,0.7175033528842032,0.9524075388908386,0.8160548050403594,0.13635274577140813,5,trapezoid_from_zero_normalized_by_max_fraction,True,correct,true_positive,medium,high,binary
cicids2017_binary,46,0,BENIGN,rid_50c9973503e1f3afaf815567b7106023,mlp,occlusion,deletion,target_class_median,False,False,True,True,1,ATTACK,predicted_class_of_audited_model,0.0009868093766272,0.0003953299019486,-0.4875234559411183,-0.40334425280053104,-0.08417920314058724,0.02292035852201772,-0.12910310584374196,-0.03580039747732417,-0.4517230584637941,1.1795570850372314,0.9593271198272705,0.2202300724983215,5,trapezoid_from_zero_normalized_by_max_fraction,False,error,false_positive,low,low,binary
cicids2017_binary,46,0,BENIGN,rid_f8b0fa47dff2c66a7955cbf980736a54,mlp,occlusion,deletion,target_class_median,False,True,False,True,0,BENIGN,predicted_class_of_audited_model,0.9999986949761706,0.0005901744508491,6.306276873146998e-07,4.6274805242774164e-07,1.6787963488695823e-07,1.240419633511705e-08,1.435674100701288e-07,1.650870921139358e-07,4.6554059520076403e-07,0.02744808793067932,0.026656981162726877,0.0007911075130105028,5,trapezoid_from_zero_normalized_by_max_fraction,True,correct,true_negative,medium,low,binary
cicids2017_binary,46,0,BENIGN,rid_7a0598fcbb5a8b91fdb8ddf46de5c770,mlp,occlusion,deletion,target_class_median,False,True,False,True,0,BENIGN,predicted_class_of_audited_model,0.9999938651981212,0.0005853446727996,0.003698074144313069,0.0029995015506750627,0.0006985725936380057,0.002130151309313093,-0.003476523972615657,0.0011901438266426064,0.0025079303176704613,0.8342119455337524,0.8362452487945558,-0.0020333747863769402,5,trapezoid_from_zero_normalized_by_max_fraction,True,correct,true_negative,medium,low,binary
cicids2017_binary,46,0,BENIGN,rid_14bb75df2d40ea1abddc3c3512ecc903,mlp,occlusion,deletion,target_class_median,False,False,True,True,1,ATTACK,predicted_class_of_audited_model,0.0030867939349263,0.0024953144602477,-0.03556482599815354,-0.3202653158394794,0.2847004898413259,0.022966935331200145,0.2396852965921736,-0.19436080858897187,0.1587959825908183,0.772196888923645,0.6378761996030808,0.13432068336009978,5,trapezoid_from_zero_normalized_by_max_fraction,False,error,false_positive,low,medium,binary
cicids2017_binary,46,0,BENIGN,rid_ae16f2248190486b14d8c6281a76f209,mlp,occlusion,deletion,target_class_median,False,False,True,True,1,ATTACK,predicted_class_of_audited_model,0.0014829384163022,0.0008914589416236,-0.534898816468194,-0.38311188882081887,-0.15178692764737525,0.02124572943644013,-0.1934285573427979,-0.026751429181641015,-0.5081473872865531,1.1086280345916748,0.8710602775812148,0.23756778681278234,5,trapezoid_from_zero_normalized_by_max_fraction,False,error,false_positive,low,medium,binary
cicids2017_binary,46,0,BENIGN,rid_f7aacf2731962ae6d5c6ca190369b7ee,mlp,occlusion,deletion,target_class_median,False,True,False,True,0,BENIGN,predicted_class_of_audited_model,0.9999934328297968,0.0005849123044754,0.015614549145175263,0.002732733240842317,0.012881815904332947,0.000656288691178543,0.011595490069623002,0.0033148174346652043,0.012299731710510057,0.8076086044311523,0.7863122988939285,0.021296281695365894,5,trapezoid_from_zero_normalized_by_max_fraction,True,correct,true_negative,medium,low,binary
cicids2017_binary,46,0,BENIGN,rid_928b86e9d5264ba55b5e609d3c2b9aa1,mlp,occlusion,deletion,target_class_median,False,True,False,True,0,BENIGN,predicted_class_of_audited_model,1.0,0.0005914794746786,0.002594652778976231,0.004389833082203778,-0.0017951803032275474,0.0039430505292950245,-0.009523559340645795,0.00011870878759144977,0.002475943991384781,1.8775451183319092,1.3639057505130767,0.5136394155025482,5,trapezoid_from_zero_normalized_by_max_fraction,True,correct,true_negative,high,medium,binary
cicids2017_binary,46,0,BENIGN,rid_e3f5defb39bd0d7c523a27967236f766,mlp,occlusion,deletion,target_class_median,False,False,True,True,1,ATTACK,predicted_class_of_audited_model,0.0008617697749286,0.0002702903002499,-0.11771420656004922,-0.27737444291320723,0.159660236353158,0.02250426245305201,0.11555188194517607,-0.10352960656674226,-0.01418459999330697,0.9118229150772095,0.7610843591690063,0.15073856186866758,5,trapezoid_from_zero_normalized_by_max_fraction,False,error,false_positive,low,low,binary
cicids2017_binary,46,0,BENIGN,rid_85088121508f3b34935e761b021d6f66,mlp,occlusion,deletion,target_class_median,False,False,True,True,1,ATTACK,predicted_class_of_audited_model,0.0516236834228038,0.0510322039481252,-0.4012156156823039,-0.2890440244749679,-0.11217159120733594,0.02420116148802516,-0.15960586772386526,-0.2584689665112919,-0.14274664917101199,0.5241583585739136,0.4989021959304809,0.02525613880157469,5,trapezoid_from_zero_normalized_by_max_fraction,False,error,false_positive,low,medium,binary
cicids2017_binary,46,0,BENIGN,rid_333d854b7ff20a7275eaf942a4c0d945,mlp,occlusion,deletion,target_class_median,False,False,True,True,1,ATTACK,predicted_class_of_audited_model,0.0007705768803134,0.0001790974056347,-0.48472101186052896,-0.4298477033810916,-0.054873308479437374,0.021968680344531793,-0.0979319219547197,-0.03487834751718856,-0.4498426643433404,1.1904199123382568,0.9746686115264893,0.21575128889083856,5,trapezoid_from_zero_normalized_by_max_fraction,False,error,false_positive,low,low,binary
cicids2017_binary,46,0,BENIGN,rid_4783f078f82453f3517e666f43454899,mlp,occlusion,deletion,target_class_median,False,True,False,True,0,BENIGN,predicted_class_of_audited_model,0.9999985758990988,0.0005900553737773,0.17576217487373924,0.014984770651198758,0.1607774042225405,0.004760751079940886,0.15144633210585637,0.015009538018227148,0.1607526368555121,1.028363823890686,0.9801887333393096,0.048175090551376365,5,trapezoid_from_zero_normalized_by_max_fraction,True,correct,true_negative,medium,low,binary
cicids2017_binary,46,0,BENIGN,rid_9df87c12194dc3c52a1cbcf03ba38e3c,mlp,occlusion,deletion,target_class_median,False,True,False,True,0,BENIGN,predicted_class_of_audited_model,0.9999993124952198,0.0005907919698983,0.07387906649062187,0.01491742181471554,0.05896164467590634,0.0050523123752648615,0.04905911242038721,0.00935628162892018,0.0645227848617017,1.128568410873413,0.8301110495328903,0.2984574209451676,5,trapezoid_from_zero_normalized_by_max_fraction,True,correct,true_negative,medium,medium,binary
cicids2017_binary,46,0,BENIGN,rid_35dc41a5d6be4e97b00a2db556f849ac,mlp,occlusion,deletion,target_class_median,False,False,True,True,1,ATTACK,predicted_class_of_audited_model,0.0023154360242187,0.0017239565495401,-0.7860830801771954,-0.7339843410154134,-0.05209873916178186,0.012580443746126962,-0.0767564089041907,-0.12828146630890844,-0.657801613868287,0.8782881498336792,0.7125570079684257,0.16573121339082716,5,trapezoid_from_zero_normalized_by_max_fraction,False,error,false_positive,low,medium,binary
cicids2017_binary,46,0,BENIGN,rid_9418439e255138bbbd9bec0bf347f1a2,mlp,occlusion,deletion,target_class_median,False,False,True,True,1,ATTACK,predicted_class_of_audited_model,0.0418825596570968,0.0412910801824182,-0.16961026415228844,-0.2299451306805458,0.06033486652825737,0.025746856502713442,0.009871027782939024,-0.07343022461810164,-0.09618003953418679,1.855712652206421,1.3544833338260651,0.5012294375896453,5,trapezoid_from_zero_normalized_by_max_fraction,False,error,false_positive,low,medium,binary
cicids2017_binary,46,0,BENIGN,rid_8ab9df8b651f3e96c70308b7c2e8495a,mlp,occlusion,deletion,target_class_median,False,True,False,True,0,BENIGN,predicted_class_of_audited_model,0.999980028387654,0.0005715078623324,0.09189680304461945,0.02393603409515465,0.0679607689494648,0.005909860787670135,0.05637744180563134,0.04534679645930281,0.04655000658531662,1.3548943996429443,1.0694984140396115,0.28539591407775877,5,trapezoid_from_zero_normalized_by_max_fraction,True,correct,true_negative,medium,low,binary
cicids2017_binary,46,0,BENIGN,rid_bef7935fd705e4a2fb2fc07c518fff6d,mlp,occlusion,deletion,target_class_median,False,False,True,True,1,ATTACK,predicted_class_of_audited_model,0.0058941934257745,0.0053027139510959,-0.08399862321093679,-0.31880485041372686,0.23480622720279004,0.025454505928646374,0.18491539558264314,-0.12865780069358834,0.044659177482651545,0.6274092197418213,0.34426580436527726,0.28314345113933087,5,trapezoid_from_zero_normalized_by_max_fraction,False,error,false_positive,low,medium,binary
cicids2017_binary,46,0,BENIGN,rid_e18af19982d5c9148b21d19a9177bbdb,mlp,occlusion,deletion,target_class_median,False,True,False,True,0,BENIGN,predicted_class_of_audited_model,0.9999657701409888,0.0005572496156673,0.0954189162421244,0.023678921536494275,0.07173999470563013,0.0060274411792496235,0.059926209994300865,0.053749485714901984,0.04166943052722241,0.8563482165336609,0.7644245533943176,0.09192363929748537,5,trapezoid_from_zero_normalized_by_max_fraction,True,correct,true_negative,medium,low,binary
cicids2017_binary,46,0,BENIGN,rid_042db76e52081120f8712b711e669593,mlp,occlusion,deletion,target_class_median,False,False,True,True,1,ATTACK,predicted_class_of_audited_model,0.0441392287611961,0.0435477492865175,-0.1672691971063614,-0.2528299359466672,0.0855607388403058,0.026638639556451068,0.0333490053096617,-0.07868596217470947,-0.08858323493165193,1.8349549770355225,1.360873643875122,0.4740813570022583,5,trapezoid_from_zero_normalized_by_max_fraction,False,error,false_positive,low,medium,binary
cicids2017_binary,46,1,ATTACK,rid_719ddd1671bed421c15ac1922161bdb6,mlp,occlusion,deletion,target_class_median,False,True,False,True,1,ATTACK,predicted_class_of_audited_model,0.999997615814209,0.9994061363395303,0.939495675789658,0.44160268257220736,0.49789299321745056,0.024434107486449592,0.4500021425440094,0.08538867668807507,0.8541069991015829,0.9502426981925964,0.8150142476558685,0.13522841477394104,5,trapezoid_from_zero_normalized_by_max_fraction,True,correct,true_positive,medium,high,binary
cicids2017_binary,46,0,BENIGN,rid_e4b98da9557c21d4e6fc6724148e4ee9,mlp,occlusion,deletion,target_class_median,False,True,False,True,0,BENIGN,predicted_class_of_audited_model,0.9995738258003256,0.0001653052750044,0.09893083840343025,0.029612166614055795,0.06931867178937444,0.0065942236161232555,0.05639399350177286,0.04839747889254479,0.05053335951088543,0.7908541560173035,0.6391627812385559,0.15169135689735413,5,trapezoid_from_zero_normalized_by_max_fraction,True,correct,true_negative,medium,low,binary
cicids2017_binary,46,0,BENIGN,rid_c8cb3f2ba7448496ae904e82636730e2,mlp,occlusion,deletion,target_class_median,False,False,True,True,1,ATTACK,predicted_class_of_audited_model,0.0025668663438409,0.0019753868691623,-0.2816998022954977,-0.29409303648474405,0.012393234189246344,0.025592261056237492,-0.03776759748097914,-0.1951378218209323,-0.08656198047456534,1.7376739978790283,1.5554380867481232,0.18223588728904722,5,trapezoid_from_zero_normalized_by_max_fraction,False,error,false_positive,low,medium,binary
cicids2017_binary,46,0,BENIGN,rid_6189b5e93ffb0e5793b244b21747bcae,mlp,occlusion,deletion,target_class_median,False,False,True,True,1,ATTACK,predicted_class_of_audited_model,0.0008220666204579,0.0002305871457792,-0.10761145227879751,-0.2188875041200537,0.11127605184125619,0.020660963420404042,0.07078056353726427,-0.09184099028020681,-0.01577046199859069,0.8603183031082153,0.7515258585214615,0.10879245650768281,5,trapezoid_from_zero_normalized_by_max_fraction,False,error,false_positive,low,low,binary
cicids2017_binary,46,0,BENIGN,rid_6a6f5c3da2329fbb5fe9fb16e57f06ba,mlp,occlusion,deletion,target_class_median,False,True,False,True,0,BENIGN,predicted_class_of_audited_model,0.9999949654174998,0.0005864448921783,-2.499213985629467e-06,-1.7519965973633589e-06,-7.472173882661081e-07,8.43329844874323e-08,-9.125100378614754e-07,-7.306166614853282e-07,-1.7685973241441389e-06,0.07926914840936661,0.03965655690431595,0.03961259075999259,5,trapezoid_from_zero_normalized_by_max_fraction,True,correct,true_negative,medium,low,binary
cicids2017_binary,46,0,BENIGN,rid_63e415c0e648dbfe402441905d5c492c,mlp,occlusion,deletion,target_class_median,False,False,True,True,1,ATTACK,predicted_class_of_audited_model,0.0006948875379748,0.0001034080632961,-0.4167825854179682,-0.3897767622402562,-0.027005823177712055,0.023664683754058873,-0.07338860333566745,-0.03321429518796447,-0.3835682902300037,1.2479960918426514,1.0245923511981962,0.2234037764072418,5,trapezoid_from_zero_normalized_by_max_fraction,False,error,false_positive,low,low,binary
cicids2017_binary,46,0,BENIGN,rid_b437bc0830bd9ff08a6699101982a1b3,mlp,occlusion,deletion,target_class_median,False,False,True,True,1,ATTACK,predicted_class_of_audited_model,0.8812562823295593,0.8806648028548807,0.7186216083355248,0.31548621968036006,0.40313538865516474,0.02456551547369507,0.35498697832672244,0.19110457723974833,0.5275170310957764,3.325021266937256,3.151938688278198,0.1730826501846313,5,trapezoid_from_zero_normalized_by_max_fraction,False,error,false_positive,low,high,binary
cicids2017_binary,46,0,BENIGN,rid_8f63eb091ac3b6952adf8b3dfeaa97cd,mlp,occlusion,deletion,target_class_median,False,True,False,True,0,BENIGN,predicted_class_of_audited_model,0.9999870940564506,0.0005785735311291,0.023358511441574595,0.0011935737378821446,0.022164937703692444,0.00022450023157100145,0.02172491724981328,0.002899587605453445,0.020458923836121152,0.7101536989212036,0.7285265588760376,-0.01837287187576294,5,trapezoid_from_zero_normalized_by_max_fraction,True,correct,true_negative,medium,low,binary
cicids2017_binary,46,0,BENIGN,rid_33ee3d558b7bbed21c0fe289e7c9504b,mlp,occlusion,deletion,target_class_median,False,True,False,True,0,BENIGN,predicted_class_of_audited_model,0.9999757989025966,0.0005672783772751,-1.1193014393029441e-05,-4.808789576117078e-06,-6.3842248169123655e-06,1.934406786682133e-06,-1.0175662118809345e-05,1.190207252001585e-05,-2.3095086913045295e-05,0.5334891080856323,0.24801992242783305,0.2854692422822118,5,trapezoid_from_zero_normalized_by_max_fraction,True,correct,true_negative,medium,low,binary
cicids2017_binary,46,0,BENIGN,rid_b0f7a8141065fa363b51984fd9fc02d3,mlp,occlusion,deletion,target_class_median,False,False,True,True,1,ATTACK,predicted_class_of_audited_model,0.0159329175949096,0.0153414381202309,-0.03494164990261197,-0.22401046005620945,0.18906881015359747,0.01988879461864736,0.15008677270104864,-0.04630479072491331,0.011363140822301334,3.425513744354248,1.8596501739025115,1.565863689661026,5,trapezoid_from_zero_normalized_by_max_fraction,False,error,false_positive,low,medium,binary
cicids2017_binary,46,0,BENIGN,rid_1ab373dc440fd331ecb4f2e6e21acb2b,mlp,occlusion,deletion,target_class_median,False,False,True,True,1,ATTACK,predicted_class_of_audited_model,0.0416127480566501,0.0410212685819715,-0.46979347262531523,-0.3887479022838968,-0.0810455703414184,0.026750097585723578,-0.1334757616094366,-0.3581669057762823,-0.11162656684903291,0.8770674467086792,0.821190304517746,0.055877142190933246,5,trapezoid_from_zero_normalized_by_max_fraction,False,error,false_positive,low,medium,binary
cicids2017_binary,46,0,BENIGN,rid_8df30faff4248e2057031c3ff6af5de5,mlp,occlusion,deletion,target_class_median,False,True,False,True,0,BENIGN,predicted_class_of_audited_model,0.99999999998509,0.0005914794597685,0.15326575580149976,0.009803932370301641,0.14346182343119812,0.005469768910633557,0.13274107636635635,0.0009542964952829199,0.1523114593062168,2.0576531887054443,1.510386388540268,0.5472668478488922,5,trapezoid_from_zero_normalized_by_max_fraction,True,correct,true_negative,medium,medium,binary
cicids2017_binary,46,0,BENIGN,rid_a4b76d5f23619914bc822827e72e113f,mlp,occlusion,deletion,target_class_median,False,False,True,True,1,ATTACK,predicted_class_of_audited_model,0.0044561643153429,0.0038646848406642,-0.60067671360448,-0.2450335727675038,-0.3556431408369763,0.01927571240636777,-0.3934235371534571,-0.1624463273122701,-0.43823038629220995,0.9937998652458191,1.0350188176631927,-0.0412189404964447,5,trapezoid_from_zero_normalized_by_max_fraction,False,error,false_positive,low,medium,binary
cicids2017_binary,46,0,BENIGN,rid_8e8c70e5622b2a9c84a94e7d150795fe,mlp,occlusion,deletion,target_class_median,False,False,True,True,1,ATTACK,predicted_class_of_audited_model,0.0010861249174922,0.0004946454428136,-0.05855161839863285,-0.28226312420689736,0.22371150580826454,0.02431249266185232,0.176059020191034,-0.18680803806383844,0.12825641966520562,0.6711333990097046,0.46238303416967386,0.20875037080049513,5,trapezoid_from_zero_normalized_by_max_fraction,False,error,false_positive,low,low,binary
cicids2017_binary,46,0,BENIGN,rid_100df7ac2e4365c1c64ba6b8167897cf,mlp,occlusion,deletion,target_class_median,False,False,True,True,1,ATTACK,predicted_class_of_audited_model,0.0006539482856169,6.24688109383e-05,-0.027113006782019514,-0.28445014234601057,0.25733713556399107,0.024107767439587154,0.21008591138240024,-0.09660380797488574,0.06949080119286623,0.5374908447265625,0.49487294220924377,0.042617884635925286,5,trapezoid_from_zero_normalized_by_max_fraction,False,error,false_positive,low,low,binary
cicids2017_binary,46,1,ATTACK,rid_043f92e873111ba870b05b87f34e986d,mlp,occlusion,deletion,target_class_median,False,False,True,False,0,BENIGN,predicted_class_of_audited_model,1.0,0.0005914794746786,0.00048424879023514225,0.011385430720371218,-0.010901181930136075,0.004422836614134378,-0.01956994169383946,0.0021200954510429758,-0.0016358466608078334,30.736713409423828,8.359903693437577,22.376806473493573,5,trapezoid_from_zero_normalized_by_max_fraction,False,error,false_negative,high,medium,binary
cicids2017_binary,46,1,ATTACK,rid_41b9d0d8dadb3902684d48a1bbcc8aeb,mlp,occlusion,deletion,target_class_median,False,True,False,True,1,ATTACK,predicted_class_of_audited_model,1.0,0.9994085205253214,0.0076167285442352295,0.09118658447635607,-0.08356985593212084,0.015975045519500533,-0.11488094515034189,0.06746059045986907,-0.05984386191563384,2.532250165939331,2.1764743208885196,0.35577601194381714,5,trapezoid_from_zero_normalized_by_max_fraction,True,correct,true_positive,high,high,binary
cicids2017_binary,46,1,ATTACK,rid_b18ee366292057ba9053de2b71ea0230,mlp,occlusion,deletion,target_class_median,False,True,False,True,1,ATTACK,predicted_class_of_audited_model,1.0,0.9994085205253214,0.027404284477233885,0.09009384923140168,-0.0626895647541678,0.01572149094199244,-0.09350368700047298,0.07841160725534428,-0.051007322778110396,2.9717020988464355,2.3980964832305904,0.5736057586669923,5,trapezoid_from_zero_normalized_by_max_fraction,True,correct,true_positive,high,high,binary
cicids2017_binary,46,1,ATTACK,rid_393feb2e851e739937273bb31513172c,mlp,occlusion,deletion,target_class_median,False,False,True,False,0,BENIGN,predicted_class_of_audited_model,0.999982028739396,0.0005735082140745,0.18196475270024168,0.09274045124576585,0.0892243014544758,0.011776760915652445,0.066141850059797,0.13165174570663968,0.05031300699360196,3.8101181983947754,1.8427311966419222,1.967386858701706,5,trapezoid_from_zero_normalized_by_max_fraction,False,error,false_negative,medium,low,binary
cicids2017_binary,46,1,ATTACK,rid_9e693af0cdcc14c504f8df727f2e487e,mlp,occlusion,deletion,target_class_median,False,True,False,True,1,ATTACK,predicted_class_of_audited_model,0.8812386989593506,0.880647219484672,0.7186272145714611,0.2892863031790548,0.42934091139240627,0.024068991847386974,0.3821656873715278,0.1931791819157443,0.5254480326557168,3.3254942893981934,3.112609885215759,0.21288454723358158,5,trapezoid_from_zero_normalized_by_max_fraction,True,correct,true_positive,low,high,binary
cicids2017_binary,46,1,ATTACK,rid_01cd375109c733963332b017e0d71843,mlp,occlusion,deletion,target_class_median,False,True,False,True,1,ATTACK,predicted_class_of_audited_model,1.0,0.9994085205253214,0.576638565887697,0.11921449357507742,0.4574240723126196,0.01743308749495303,0.42325522082251166,0.1514880302766376,0.4251505356110594,0.4916330873966217,0.46025288420915605,0.031380182325840014,5,trapezoid_from_zero_normalized_by_max_fraction,True,correct,true_positive,high,high,binary
cicids2017_binary,46,1,ATTACK,rid_efea114b298e64657601e68ad49cca42,mlp,occlusion,deletion,target_class_median,False,False,True,False,0,BENIGN,predicted_class_of_audited_model,0.9999754254877188,0.0005669049623974,0.2653207777789248,0.019069973426734693,0.24625080435219013,0.005437026442718159,0.23559423252446254,0.04154665644335921,0.22377412133556562,1.2644771337509155,1.2557645487785336,0.008712680339813251,5,trapezoid_from_zero_normalized_by_max_fraction,False,error,false_negative,medium,low,binary
cicids2017_binary,46,1,ATTACK,rid_9c4ca9c523696359bfb19650cc092759,mlp,occlusion,deletion,target_class_median,False,False,True,False,0,BENIGN,predicted_class_of_audited_model,0.999415471800603,6.951275281600082e-06,0.0951599302527029,0.01270002499163191,0.082459905261071,0.004996159110872207,0.07266743340376147,0.03762956659863531,0.05753036365406759,3.054781198501587,2.5381876816749576,0.51659339761734,5,trapezoid_from_zero_normalized_by_max_fraction,False,error,false_negative,medium,low,binary
cicids2017_binary,46,1,ATTACK,rid_b557eaf96a3995f55a9ec4a98d5cd1ae,mlp,occlusion,deletion,target_class_median,False,True,False,True,1,ATTACK,predicted_class_of_audited_model,1.0,0.9994085205253214,1.5342235565185546e-05,0.05679666138580068,-0.0567813191502355,0.013490373124896283,-0.08322245047503221,0.04816884848252706,-0.04815350624696187,0.6843772530555725,0.5413988556861877,0.1429783854484558,5,trapezoid_from_zero_normalized_by_max_fraction,True,correct,true_positive,high,high,binary
cicids2017_binary,46,1,ATTACK,rid_2b7d213a3e1b8196da76433d7f81ba94,mlp,occlusion,deletion,target_class_median,False,True,False,True,1,ATTACK,predicted_class_of_audited_model,1.0,0.9994085205253214,0.9460988579143305,0.1881288302497645,0.7579700276645658,0.02272508048924847,0.7134288699056388,0.09761351568775183,0.8484853422265786,0.8822202682495117,0.893412307858467,-0.011191980004310608,5,trapezoid_from_zero_normalized_by_max_fraction,True,correct,true_positive,high,high,binary
cicids2017_binary,46,1,ATTACK,rid_6b6b50c38a1c33ae2f6e237b62874f71,mlp,occlusion,deletion,target_class_median,False,True,False,True,1,ATTACK,predicted_class_of_audited_model,1.0,0.9994085205253214,0.0,0.02173528676902936,-0.02173528676902936,0.007949445086128427,-0.03731619913784108,0.04837905802771209,-0.04837905802771209,0.3012922406196594,0.32405175849795337,-0.022759535945951932,5,trapezoid_from_zero_normalized_by_max_fraction,True,correct,true_positive,high,high,binary
cicids2017_binary,46,1,ATTACK,rid_ee26c8eebb9af0f9908d20094a307bc6,mlp,occlusion,deletion,target_class_median,False,True,False,True,1,ATTACK,predicted_class_of_audited_model,1.0,0.9994085205253214,0.0,0.0030226520895957946,-0.0030226520895957946,0.003009515396378481,-0.008921302266497618,0.05832146464693995,-0.05832146464693995,0.29144978523254395,0.29262873854301874,-0.0011789597366005094,5,trapezoid_from_zero_normalized_by_max_fraction,True,correct,true_positive,high,high,binary
cicids2017_binary,46,1,ATTACK,rid_b31549a41ee9580a6231befc82d6d415,mlp,occlusion,deletion,target_class_median,False,True,False,True,1,ATTACK,predicted_class_of_audited_model,1.0,0.9994085205253214,0.0,1.5282630920410157e-06,-1.5282630920410157e-06,1.5036238400343406e-06,-4.475365818508323e-06,0.043667880707071165,-0.043667880707071165,0.32563233375549316,0.34752449935209007,-0.021892180497758075,5,trapezoid_from_zero_normalized_by_max_fraction,True,correct,true_positive,high,high,binary
cicids2017_binary,46,1,ATTACK,rid_5c3df38ff590ecc8f4e7a23c611b0aa4,mlp,occlusion,deletion,target_class_median,False,True,False,True,1,ATTACK,predicted_class_of_audited_model,1.0,0.9994085205253214,0.0,0.00022861850261688232,-0.00022861850261688232,0.0001522744393395449,-0.0005270764037223903,0.0347274728519842,-0.0347274728519842,0.31936532258987427,0.3415875685587525,-0.022222250252962115,5,trapezoid_from_zero_normalized_by_max_fraction,True,correct,true_positive,high,high,binary
cicids2017_binary,46,1,ATTACK,rid_2899dafea6e146b3c0d532ccc5e37d6d,mlp,occlusion,deletion,target_class_median,False,True,False,True,1,ATTACK,predicted_class_of_audited_model,1.0,0.9994085205253214,0.0,0.03561971336846964,-0.03561971336846964,0.0114335737184129,-0.058029517856558924,0.06410988948485413,-0.06410988948485413,0.3590041995048523,0.3503164644502103,0.008687768023461108,5,trapezoid_from_zero_normalized_by_max_fraction,True,correct,true_positive,high,high,binary
cicids2017_binary,46,1,ATTACK,rid_35be18284ecf2d3c64d73f48d17f6e1f,mlp,occlusion,deletion,target_class_median,False,True,False,True,1,ATTACK,predicted_class_of_audited_model,1.0,0.9994085205253214,0.0,6.347179412841797e-06,-6.347179412841797e-06,6.343593903573981e-06,-1.87806234638468e-05,0.04778613022447725,-0.04778613022447725,0.33969444036483765,0.3243880212642252,0.015306457657366995,5,trapezoid_from_zero_normalized_by_max_fraction,True,correct,true_positive,high,high,binary
cicids2017_binary,46,1,ATTACK,rid_a9138c7420dc9fd50bcd353f1065ccb9,mlp,occlusion,deletion,target_class_median,False,True,False,True,1,ATTACK,predicted_class_of_audited_model,1.0,0.9994085205253214,0.0,2.1460771560668947e-05,-2.1460771560668947e-05,2.1086324408518533e-05,-6.278996740136527e-05,0.05221027402027721,-0.05221027402027721,0.3280184268951416,0.3002194317467511,0.027798975311219686,5,trapezoid_from_zero_normalized_by_max_fraction,True,correct,true_positive,high,high,binary
cicids2017_binary,46,1,ATTACK,rid_f601cc577922c5436b8292ed23e6273b,mlp,occlusion,deletion,target_class_median,False,True,False,True,1,ATTACK,predicted_class_of_audited_model,1.0,0.9994085205253214,0.0,0.018181743350927718,-0.018181743350927718,0.007493238734241405,-0.03286849127004087,0.036281328089185994,-0.036281328089185994,0.35092097520828247,0.31671032606437804,0.034210635453462604,5,trapezoid_from_zero_normalized_by_max_fraction,True,correct,true_positive,high,high,binary
cicids2017_binary,46,1,ATTACK,rid_e0e0e428f306b381ce71b1008d195a3b,mlp,occlusion,deletion,target_class_median,False,True,False,True,1,ATTACK,predicted_class_of_audited_model,1.0,0.9994085205253214,0.0,1.1594295501708985e-06,-1.1594295501708985e-06,8.599147588908792e-07,-2.8448624775970217e-06,0.052516976767994494,-0.052516976767994494,0.3129604756832123,0.32548469450045375,-0.012524221983738232,5,trapezoid_from_zero_normalized_by_max_fraction,True,correct,true_positive,high,high,binary
cicids2017_binary,46,1,ATTACK,rid_7871f025d7378b68115694c75caee2d4,mlp,occlusion,deletion,target_class_median,False,True,False,True,1,ATTACK,predicted_class_of_audited_model,1.0,0.9994085205253214,0.0,0.0014045306444168092,-0.0014045306444168092,0.001244548317548127,-0.0038438453468111378,0.1415090472237472,-0.1415090472237472,0.28727951645851135,0.26015365503169596,0.027125843359157447,5,trapezoid_from_zero_normalized_by_max_fraction,True,correct,true_positive,high,high,binary
cicids2017_binary,46,1,ATTACK,rid_76378fe82f326e570808951f9403cc3a,mlp,occlusion,deletion,target_class_median,False,True,False,True,1,ATTACK,predicted_class_of_audited_model,1.0,0.9994085205253214,0.7614769001178501,0.27582233114601284,0.4856545689718373,0.025881791366923985,0.43492625789266626,0.16717593519828214,0.5943009649195681,0.9572402834892273,0.681461073279381,0.27577922213077544,5,trapezoid_from_zero_normalized_by_max_fraction,True,correct,true_positive,high,high,binary
cicids2017_binary,46,1,ATTACK,rid_6832d880cedd76c2bcda127db15f7915,mlp,occlusion,deletion,target_class_median,False,True,False,True,1,ATTACK,predicted_class_of_audited_model,1.0,0.9994085205253214,0.00016719698905944824,0.07712573649778733,-0.07695853950872789,0.015845611872894756,-0.10801593877960161,0.08827272648807276,-0.08810552949901332,0.6895231604576111,0.4953419172167779,0.19418124324083327,5,trapezoid_from_zero_normalized_by_max_fraction,True,correct,true_positive,high,high,binary
cicids2017_binary,46,1,ATTACK,rid_e63a7105c01a8803d2ca78da34aa92d7,mlp,occlusion,deletion,target_class_median,False,True,False,True,1,ATTACK,predicted_class_of_audited_model,1.0,0.9994085205253214,0.0,2.5302886962890625e-05,-2.5302886962890625e-05,2.2223544785028538e-05,-6.886103474154656e-05,0.02760045404875382,-0.02760045404875382,0.4666970372200012,0.4837911463081837,-0.01709416273236276,5,trapezoid_from_zero_normalized_by_max_fraction,True,correct,true_positive,high,high,binary
cicids2017_binary,46,1,ATTACK,rid_cd0816038b1a9c9c6d24521998859a3e,mlp,occlusion,deletion,target_class_median,False,True,False,True,1,ATTACK,predicted_class_of_audited_model,1.0,0.9994085205253214,0.0,2.7492046356201173e-06,-2.7492046356201173e-06,1.5956653038204732e-06,-5.8767086311082445e-06,0.05900192612400968,-0.05900192612400968,0.3433278203010559,0.31158718067966407,0.03174061149545014,5,trapezoid_from_zero_normalized_by_max_fraction,True,correct,true_positive,high,high,binary
cicids2017_binary,46,1,ATTACK,rid_df40be4a087023d6d5b334902ac8b3f1,mlp,occlusion,deletion,target_class_median,False,True,False,True,1,ATTACK,predicted_class_of_audited_model,1.0,0.9994085205253214,0.0,0.0038513516187667846,-0.0038513516187667846,0.0018219082066439692,-0.007422291703788964,0.14100910034685177,-0.14100910034685177,0.28247302770614624,0.2883268667794764,-0.005853806477040063,5,trapezoid_from_zero_normalized_by_max_fraction,True,correct,true_positive,high,high,binary
cicids2017_binary,46,1,ATTACK,rid_9a521f464fff5e9f129f40ec1a5c8eab,mlp,occlusion,deletion,target_class_median,False,True,False,True,1,ATTACK,predicted_class_of_audited_model,1.0,0.9994085205253214,0.0,0.02602489612018365,-0.02602489612018365,0.009231898925653806,-0.04411941801446511,0.07291150896970128,-0.07291150896970128,0.33247488737106323,0.3639356392640621,-0.03146072190441192,5,trapezoid_from_zero_normalized_by_max_fraction,True,correct,true_positive,high,high,binary
cicids2017_binary,46,1,ATTACK,rid_2ccdcd043013c5903c88a7948e0e91bd,mlp,occlusion,deletion,target_class_median,False,True,False,True,1,ATTACK,predicted_class_of_audited_model,1.0,0.9994085205253214,0.7468634748714975,0.18571910210636233,0.5611443727651353,0.023039454999765882,0.5159870409655941,0.1889470636755613,0.5579164111959363,0.8472408056259155,0.6699196299314499,0.17732126510143278,5,trapezoid_from_zero_normalized_by_max_fraction,True,correct,true_positive,high,high,binary
cicids2017_binary,46,1,ATTACK,rid_24c5868bfb0e1ba323f7d1de24048c44,mlp,occlusion,deletion,target_class_median,False,True,False,True,1,ATTACK,predicted_class_of_audited_model,1.0,0.9994085205253214,0.0008409559726715088,0.08550906187502437,-0.08466810590235285,0.016787442659016046,-0.1175714935140243,0.0949140615312267,-0.09407310555855519,0.7015020251274109,0.515104889512062,0.18639715945720675,5,trapezoid_from_zero_normalized_by_max_fraction,True,correct,true_positive,high,high,binary
cicids2017_binary,46,1,ATTACK,rid_8bacb71dbef0ec8d1056f999af8a97c8,mlp,occlusion,deletion,target_class_median,False,True,False,True,1,ATTACK,predicted_class_of_audited_model,1.0,0.9994085205253214,0.0,0.0058117474317550665,-0.0058117474317550665,0.003886350694635594,-0.01342899479324083,0.05453643278069166,-0.05453643278069166,0.4315444827079773,0.39137950941640887,0.04016499452572315,5,trapezoid_from_zero_normalized_by_max_fraction,True,correct,true_positive,high,high,binary
cicids2017_binary,46,1,ATTACK,rid_c9724cb31a12195da4d3bbc822ddc22a,mlp,occlusion,deletion,target_class_median,False,True,False,True,1,ATTACK,predicted_class_of_audited_model,1.0,0.9994085205253214,0.0,0.018273452444933357,-0.018273452444933357,0.007671411965943277,-0.03330941989818218,0.06641168292551174,-0.06641168292551174,0.2893325686454773,0.305503506090492,-0.016170958120375854,5,trapezoid_from_zero_normalized_by_max_fraction,True,correct,true_positive,high,high,binary
cicids2017_binary,46,1,ATTACK,rid_6794ba9f58c4e032e23935422b170c19,mlp,occlusion,deletion,target_class_median,False,True,False,True,1,ATTACK,predicted_class_of_audited_model,1.0,0.9994085205253214,0.9499999997304795,0.5758712252669745,0.374128774463505,0.025330710995153258,0.32448058091300463,0.2100389791588496,0.7399610205716298,1.2757432460784912,1.1430994658470153,0.1326437385082245,5,trapezoid_from_zero_normalized_by_max_fraction,True,correct,true_positive,high,high,binary
cicids2017_binary,46,1,ATTACK,rid_2dcf561f2fde3110dac017e8e35ab90c,mlp,occlusion,deletion,target_class_median,False,True,False,True,1,ATTACK,predicted_class_of_audited_model,1.0,0.9994085205253214,0.0,0.004063840001821518,-0.004063840001821518,0.0036720118194944053,-0.011260983168030552,0.07941632621210928,-0.07941632621210928,0.3199102282524109,0.2922958660628646,0.02761436321400107,5,trapezoid_from_zero_normalized_by_max_fraction,True,correct,true_positive,high,high,binary
cicids2017_binary,46,1,ATTACK,rid_00882e9c6b382975428efdbf9818e8da,mlp,occlusion,deletion,target_class_median,False,True,False,True,1,ATTACK,predicted_class_of_audited_model,1.0,0.9994085205253214,0.0,0.0010791666507720947,-0.0010791666507720947,0.0010237380033968212,-0.003085693137429864,0.08943606137439755,-0.08943606137439755,0.3035188615322113,0.2777723719552159,0.025746478959918023,5,trapezoid_from_zero_normalized_by_max_fraction,True,correct,true_positive,high,high,binary
cicids2017_binary,46,1,ATTACK,rid_1cc47c3983ca1481ebabd149b789850f,mlp,occlusion,deletion,target_class_median,False,True,False,True,1,ATTACK,predicted_class_of_audited_model,1.0,0.9994085205253214,0.0,0.003993764374405147,-0.003993764374405147,0.003970258830535251,-0.011775471682254238,0.10296288962301475,-0.10296288962301475,0.28920653462409973,0.2900261845784262,-0.0008196697914972992,5,trapezoid_from_zero_normalized_by_max_fraction,True,correct,true_positive,high,high,binary
cicids2017_binary,46,1,ATTACK,rid_e5ad06577fb54df48cfd9919ec065639,mlp,occlusion,deletion,target_class_median,False,True,False,True,1,ATTACK,predicted_class_of_audited_model,1.0,0.9994085205253214,0.0008398175239562988,0.04220476746891062,-0.04136494994495432,0.011784792347747952,-0.0644631429465403,0.07124190094770115,-0.07040208342374486,0.6666306257247925,0.5162416998147965,0.15038893187046048,5,trapezoid_from_zero_normalized_by_max_fraction,True,correct,true_positive,high,high,binary
cicids2017_binary,46,1,ATTACK,rid_f06c153fb392b1b458c3e08163607e16,mlp,occlusion,deletion,target_class_median,False,True,False,True,1,ATTACK,predicted_class_of_audited_model,1.0,0.9994085205253214,0.00016976594924926757,0.03744144122482766,-0.03727167527557839,0.01053495683625748,-0.057920190674643046,0.07250462354061489,-0.07233485759136563,0.6925774216651917,0.4923171783089638,0.20026024931669234,5,trapezoid_from_zero_normalized_by_max_fraction,True,correct,true_positive,high,high,binary
cicids2017_binary,46,1,ATTACK,rid_b876b32bc44bafe843adc483ea6607ef,mlp,occlusion,deletion,target_class_median,False,True,False,True,1,ATTACK,predicted_class_of_audited_model,1.0,0.9994085205253214,0.0,0.06801600376154121,-0.06801600376154121,0.015831927517428117,-0.09904658169570033,0.14949816815232186,-0.14949816815232186,0.26090413331985474,0.31975567049160597,-0.05885154657810926,5,trapezoid_from_zero_normalized_by_max_fraction,True,correct,true_positive,high,high,binary
cicids2017_binary,46,1,ATTACK,rid_952bac54f7629a781051a22cb99f5b80,mlp,occlusion,deletion,target_class_median,False,True,False,True,1,ATTACK,predicted_class_of_audited_model,1.0,0.9994085205253214,0.0,0.008064055668190122,-0.008064055668190122,0.005588050765869795,-0.019016635169294922,0.08917548034786921,-0.08917548034786921,0.4437139928340912,0.3707974268933758,0.07291659499797971,5,trapezoid_from_zero_normalized_by_max_fraction,True,correct,true_positive,high,high,binary
cicids2017_binary,46,1,ATTACK,rid_b280887d3073faee074e7ccc36625ef5,mlp,occlusion,deletion,target_class_median,False,True,False,True,1,ATTACK,predicted_class_of_audited_model,1.0,0.9994085205253214,0.0,0.043969938745786044,-0.043969938745786044,0.013326598897881937,-0.07009007258563464,0.05553711330300489,-0.05553711330300489,0.4195757508277893,0.5082082734471187,-0.08863256117608398,5,trapezoid_from_zero_normalized_by_max_fraction,True,correct,true_positive,high,high,binary
cicids2017_binary,46,1,ATTACK,rid_9782bd819ac10d73f42c8248ab049f64,mlp,occlusion,deletion,target_class_median,False,True,False,True,1,ATTACK,predicted_class_of_audited_model,1.0,0.9994085205253214,0.0,0.007270432532764971,-0.007270432532764971,0.0060536019495967715,-0.019135492353974645,0.08233372652020111,-0.08233372652020111,0.34975671768188477,0.3271220158282667,0.022634702365845444,5,trapezoid_from_zero_normalized_by_max_fraction,True,correct,true_positive,high,high,binary
cicids2017_binary,46,1,ATTACK,rid_a288c2509768e93b842394e67cfc612f,mlp,occlusion,deletion,target_class_median,False,True,False,True,1,ATTACK,predicted_class_of_audited_model,1.0,0.9994085205253214,5.17129898071289e-05,0.06168947346064811,-0.06163776047084098,0.016199948667051343,-0.09338965985826161,0.10513974388206435,-0.10508803089225723,0.7056505084037781,0.5535518290996551,0.15209864950180052,5,trapezoid_from_zero_normalized_by_max_fraction,True,correct,true_positive,high,high,binary
cicids2017_binary,46,1,ATTACK,rid_a99450cc492a9d3903f07e9b30356254,mlp,occlusion,deletion,target_class_median,False,True,False,True,1,ATTACK,predicted_class_of_audited_model,1.0,0.9994085205253214,0.0,0.027760105684341396,-0.027760105684341396,0.010726084250458515,-0.04878323081524009,0.12052164432323671,-0.12052164432323671,0.3242572247982025,0.3310114375781268,-0.0067542144563049146,5,trapezoid_from_zero_normalized_by_max_fraction,True,correct,true_positive,high,high,binary
cicids2017_binary,46,1,ATTACK,rid_db978d3eb682e84c4c512452dca4bba4,mlp,occlusion,deletion,target_class_median,False,True,False,True,1,ATTACK,predicted_class_of_audited_model,1.0,0.9994085205253214,0.0,0.023551892063145032,-0.023551892063145032,0.009302149410578178,-0.04178410490787826,0.12984825248012272,-0.12984825248012272,0.3478846549987793,0.36370463047921653,-0.015819970823824404,5,trapezoid_from_zero_normalized_by_max_fraction,True,correct,true_positive,high,high,binary
cicids2017_binary,46,1,ATTACK,rid_2ac35c7cac090c9618ec4a731363fa4e,mlp,occlusion,deletion,target_class_median,False,True,False,True,1,ATTACK,predicted_class_of_audited_model,1.0,0.9994085205253214,0.0,0.020320421680808068,-0.020320421680808068,0.008146371928486877,-0.03628731066064235,0.14289594287574334,-0.14289594287574334,0.2743949294090271,0.2767587591260671,-0.0023638365156948495,5,trapezoid_from_zero_normalized_by_max_fraction,True,correct,true_positive,high,high,binary
cicids2017_binary,46,1,ATTACK,rid_61fa7c54b3e30319c1ffdd224f0dcc65,mlp,occlusion,deletion,target_class_median,False,True,False,True,1,ATTACK,predicted_class_of_audited_model,1.0,0.9994085205253214,0.0,0.01510607345402241,-0.01510607345402241,0.006687110302698069,-0.028212809647310627,0.11244793574842504,-0.11244793574842504,0.2715314030647278,0.2659274638034403,0.005603917561471472,5,trapezoid_from_zero_normalized_by_max_fraction,True,correct,true_positive,high,high,binary
cicids2017_binary,46,1,ATTACK,rid_1af951f7ef9b6c82f93f49fd0cb3c545,mlp,occlusion,deletion,target_class_median,False,True,False,True,1,ATTACK,predicted_class_of_audited_model,1.0,0.9994085205253214,0.0,9.225857257843018e-05,-9.225857257843018e-05,9.119945691232405e-05,-0.0002710095081265853,0.06127736834698514,-0.06127736834698514,0.3258916735649109,0.29194107253756374,0.033950597860850404,5,trapezoid_from_zero_normalized_by_max_fraction,True,correct,true_positive,high,high,binary
cicids2017_binary,46,1,ATTACK,rid_c5fdf35fcf1dfef73b8c09396c5228aa,mlp,occlusion,deletion,target_class_median,False,True,False,True,1,ATTACK,predicted_class_of_audited_model,1.0,0.9994085205253214,0.0,0.00021121275424957277,-0.00021121275424957277,0.00012277191524379775,-0.0004518457081274164,0.13830951211708234,-0.13830951211708234,0.2998124659061432,0.2741200879323296,0.025692384958732883,5,trapezoid_from_zero_normalized_by_max_fraction,True,correct,true_positive,high,high,binary
cicids2017_binary,46,1,ATTACK,rid_9b7cd804e6b2a65a8c3344c5663c88ec,mlp,occlusion,deletion,target_class_median,False,True,False,True,1,ATTACK,predicted_class_of_audited_model,1.0,0.9994085205253214,0.0,0.0016482206583023074,-0.0016482206583023074,0.0008901427900934213,-0.003392900526885413,0.042466135987639514,-0.042466135987639514,0.2605486512184143,0.2511369578037411,0.009411699561402209,5,trapezoid_from_zero_normalized_by_max_fraction,True,correct,true_positive,high,high,binary
cicids2017_binary,46,1,ATTACK,rid_17133ffc242d0df3b30d356227b12887,mlp,occlusion,deletion,target_class_median,False,True,False,True,1,ATTACK,predicted_class_of_audited_model,1.0,0.9994085205253214,0.0,0.0031644752025604245,-0.0031644752025604245,0.0017146378571301544,-0.006525165402535527,0.11680803199264024,-0.11680803199264024,0.28485986590385437,0.28788451677188276,-0.0030246272124350034,5,trapezoid_from_zero_normalized_by_max_fraction,True,correct,true_positive,high,high,binary
cicids2017_binary,46,1,ATTACK,rid_8c897ab70ccc0198209dc92ff1c1fc37,mlp,occlusion,deletion,target_class_median,False,True,False,True,1,ATTACK,predicted_class_of_audited_model,1.0,0.9994085205253214,0.0,0.0030688905119895934,-0.0030688905119895934,0.0030377611177494217,-0.00902290230277846,0.030443237180334107,-0.030443237180334107,0.4651574194431305,0.4308897020928562,0.03426774352043867,5,trapezoid_from_zero_normalized_by_max_fraction,True,correct,true_positive,high,high,binary
cicids2017_binary,46,1,ATTACK,rid_cfab898dcb7e7331ace3ae2356430543,mlp,occlusion,deletion,target_class_median,False,True,False,True,1,ATTACK,predicted_class_of_audited_model,1.0,0.9994085205253214,0.0,0.013862963773310184,-0.013862963773310184,0.0073391802611989425,-0.02824775708526011,0.08817724133584853,-0.08817724133584853,0.2720758318901062,0.27709113920480016,-0.005015284311026349,5,trapezoid_from_zero_normalized_by_max_fraction,True,correct,true_positive,high,high,binary
cicids2017_binary,46,1,ATTACK,rid_1bfbb240aaa0c7e17b277fbeaa370223,mlp,occlusion,deletion,target_class_median,False,True,False,True,1,ATTACK,predicted_class_of_audited_model,1.0,0.9994085205253214,0.0,4.2096972465515136e-05,-4.2096972465515136e-05,3.752388811825793e-05,-0.00011564379317730069,0.0836990289296025,-0.0836990289296025,0.30639657378196716,0.2981211013696156,0.008275465613696737,5,trapezoid_from_zero_normalized_by_max_fraction,True,correct,true_positive,high,high,binary
cicids2017_binary,46,1,ATTACK,rid_0e52ebd1c5f1a28ea2021a005238aff3,mlp,occlusion,deletion,target_class_median,False,True,False,True,1,ATTACK,predicted_class_of_audited_model,1.0,0.9994085205253214,0.0,0.000329063892364502,-0.000329063892364502,0.00027891229991257,-0.0008757320001931393,0.07210759448036336,-0.07210759448036336,0.31875112652778625,0.2937910880818963,0.024960045430809256,5,trapezoid_from_zero_normalized_by_max_fraction,True,correct,true_positive,high,high,binary
cicids2017_binary,46,1,ATTACK,rid_d1aaf6ea6d39a82e3911e6eae5688c33,mlp,occlusion,deletion,target_class_median,False,True,False,True,1,ATTACK,predicted_class_of_audited_model,1.0,0.9994085205253214,0.001009923219680786,0.07624818865118868,-0.07523826543150791,0.01647588827914234,-0.1075310064586269,0.0874273533662508,-0.08641743014657002,0.7674936056137085,0.5405476595759392,0.22694596987962723,5,trapezoid_from_zero_normalized_by_max_fraction,True,correct,true_positive,high,high,binary
cicids2017_binary,46,1,ATTACK,rid_e200ce610ce9420beeb804ee4de0848c,mlp,occlusion,deletion,target_class_median,False,True,False,True,1,ATTACK,predicted_class_of_audited_model,1.0,0.9994085205253214,0.0,0.014265975461632482,-0.014265975461632482,0.006985557869240069,-0.02795766888534302,0.07088214436525231,-0.07088214436525231,0.2615578770637512,0.2557798331482336,0.005778035161085426,5,trapezoid_from_zero_normalized_by_max_fraction,True,correct,true_positive,high,high,binary
cicids2017_binary,46,1,ATTACK,rid_918b1c3906d22ac74fc55195f28b6488,mlp,occlusion,deletion,target_class_median,False,True,False,True,1,ATTACK,predicted_class_of_audited_model,1.0,0.9994085205253214,0.0,6.659030914306641e-07,-6.659030914306641e-07,5.663027932723306e-07,-1.775856566244432e-06,0.03471449443697929,-0.03471449443697929,0.33726638555526733,0.3103475754484534,0.0269188007004559,5,trapezoid_from_zero_normalized_by_max_fraction,True,correct,true_positive,high,high,binary
cicids2017_binary,46,1,ATTACK,rid_9433173ad10eb8128bb9dae843b31229,mlp,occlusion,deletion,target_class_median,False,True,False,True,1,ATTACK,predicted_class_of_audited_model,1.0,0.9994085205253214,0.0,8.940696716308595e-08,-8.940696716308595e-08,4.903750921369125e-08,-1.855204852219208e-07,0.0662254391948851,-0.0662254391948851,0.31139761209487915,0.28821108373440807,0.023186502562835793,5,trapezoid_from_zero_normalized_by_max_fraction,True,correct,true_positive,high,high,binary
cicids2017_binary,46,1,ATTACK,rid_c8f71593c13d26e45cb33335e0e7645b,mlp,occlusion,deletion,target_class_median,False,True,False,True,1,ATTACK,predicted_class_of_audited_model,1.0,0.9994085205253214,0.0,0.00750905830762349,-0.00750905830762349,0.004969391563938816,-0.01724906577294357,0.11254410899572148,-0.11254410899572148,0.2646808624267578,0.2650228856764734,-0.0003420255780220042,5,trapezoid_from_zero_normalized_by_max_fraction,True,correct,true_positive,high,high,binary
cicids2017_binary,46,1,ATTACK,rid_6beaa7d7f6c0bdb3c0fc63f0fcebb9b5,mlp,occlusion,deletion,target_class_median,False,True,False,True,1,ATTACK,predicted_class_of_audited_model,1.0,0.9994085205253214,0.0,0.0035563509464263923,-0.0035563509464263923,0.003316618263948056,-0.010056922743764582,0.07229583648680638,-0.07229583648680638,0.27168717980384827,0.26452676860708746,0.00716042069625111,5,trapezoid_from_zero_normalized_by_max_fraction,True,correct,true_positive,high,high,binary
cicids2017_binary,46,1,ATTACK,rid_59faa43e35f1899942654451e1acbc4e,mlp,occlusion,deletion,target_class_median,False,True,False,True,1,ATTACK,predicted_class_of_audited_model,1.0,0.9994085205253214,0.7501005726575386,0.1438545828642169,0.6062459897933217,0.019955854222480994,0.567132515517259,0.17595471321105083,0.5741458594464877,0.7139054536819458,0.5851798214912415,0.1287255845069885,5,trapezoid_from_zero_normalized_by_max_fraction,True,correct,true_positive,high,high,binary
cicids2017_binary,46,1,ATTACK,rid_6160d0dcb905bd7dd4cd5cc90fa20a97,mlp,occlusion,deletion,target_class_median,False,True,False,True,1,ATTACK,predicted_class_of_audited_model,1.0,0.9994085205253214,3.660917282104492e-05,0.07515466358141024,-0.0751180544085892,0.016511363671346906,-0.10748032720442913,0.08379047593089944,-0.0837538667580784,0.7188811898231506,0.501912278354168,0.21696886378526686,5,trapezoid_from_zero_normalized_by_max_fraction,True,correct,true_positive,high,high,binary
cicids2017_binary,46,1,ATTACK,rid_ff5f3763b854f3982f6d3e9f231a04dc,mlp,occlusion,deletion,target_class_median,False,True,False,True,1,ATTACK,predicted_class_of_audited_model,1.0,0.9994085205253214,0.0,6.151199340820313e-08,-6.151199340820313e-08,4.2677047980701513e-08,-1.451590074503781e-07,0.043645783795975154,-0.043645783795975154,0.396920770406723,0.33932928152941166,0.05759150731749833,5,trapezoid_from_zero_normalized_by_max_fraction,True,correct,true_positive,high,high,binary
cicids2017_binary,46,1,ATTACK,rid_c7afb0bd8a4c4bc3d3da7b9443f3e53a,mlp,occlusion,deletion,target_class_median,False,True,False,True,1,ATTACK,predicted_class_of_audited_model,1.0,0.9994085205253214,0.0,0.004334432478994131,-0.004334432478994131,0.003981972941412699,-0.012139099444163021,0.06829479220173221,-0.06829479220173221,0.32183653116226196,0.28047605578415097,0.04136046988330782,5,trapezoid_from_zero_normalized_by_max_fraction,True,correct,true_positive,high,high,binary
cicids2017_binary,46,1,ATTACK,rid_b54e8e21f16bd7e57d08a52837fbb8ee,mlp,occlusion,deletion,target_class_median,False,True,False,True,1,ATTACK,predicted_class_of_audited_model,1.0,0.9994085205253214,0.0,0.03669874301007849,-0.03669874301007849,0.01102263818046393,-0.05830311384378779,0.07485696711334094,-0.07485696711334094,0.307050883769989,0.31214537861850117,-0.005094502112828184,5,trapezoid_from_zero_normalized_by_max_fraction,True,correct,true_positive,high,high,binary
cicids2017_binary,46,1,ATTACK,rid_35175d1704f81d0bb724a7b2d63ecdad,mlp,occlusion,deletion,target_class_median,False,True,False,True,1,ATTACK,predicted_class_of_audited_model,1.0,0.9994085205253214,0.9499999955405884,0.5495738217560475,0.40042617378454093,0.025876441730786234,0.3497083479921999,0.2574974527347955,0.6925025428057929,1.41952383518219,1.2380127267837524,0.18151110839843754,5,trapezoid_from_zero_normalized_by_max_fraction,True,correct,true_positive,high,high,binary
cicids2017_binary,46,1,ATTACK,rid_81e695c9c07e97deedaf462eeee5a6a3,mlp,occlusion,deletion,target_class_median,False,True,False,True,1,ATTACK,predicted_class_of_audited_model,1.0,0.9994085205253214,0.0,0.006175860763061792,-0.006175860763061792,0.004291583772059431,-0.014587364956298275,0.06181824756956033,-0.06181824756956033,0.2977423369884491,0.2678077885173261,0.02993456234782933,5,trapezoid_from_zero_normalized_by_max_fraction,True,correct,true_positive,high,high,binary
cicids2017_binary,46,1,ATTACK,rid_1efb058350838f6f1e3ad858eb7da16f,mlp,occlusion,deletion,target_class_median,False,True,False,True,1,ATTACK,predicted_class_of_audited_model,1.0,0.9994085205253214,0.0,1.577138900756836e-07,-1.577138900756836e-07,9.481690972861434e-08,-3.4355503314376767e-07,0.06496836805793942,-0.06496836805793942,0.32021647691726685,0.2942880116095766,0.025928461861796693,5,trapezoid_from_zero_normalized_by_max_fraction,True,correct,true_positive,high,high,binary
cicids2017_binary,46,1,ATTACK,rid_8210651594f25a838b84a3f197d9043a,mlp,occlusion,deletion,target_class_median,False,True,False,True,1,ATTACK,predicted_class_of_audited_model,1.0,0.9994085205253214,0.0,8.707296848297118e-05,-8.707296848297118e-05,7.866956561892422e-05,-0.00024126531709606263,0.07389709552332899,-0.07389709552332899,0.41809171438217163,0.33151144555024803,0.08658025183528661,5,trapezoid_from_zero_normalized_by_max_fraction,True,correct,true_positive,high,high,binary
cicids2017_binary,46,1,ATTACK,rid_ad29305c8f38f2570abcab2deba31a32,mlp,occlusion,deletion,target_class_median,False,True,False,True,1,ATTACK,predicted_class_of_audited_model,0.9999990463256836,0.999407566851005,0.9449846554175749,0.7404535499231426,0.20453110549443237,0.02156567328571624,0.16226238585442854,0.3236315181321392,0.6213531372854358,1.6905568838119507,1.5391393308639525,0.1514176006317139,5,trapezoid_from_zero_normalized_by_max_fraction,True,correct,true_positive,medium,high,binary
cicids2017_binary,46,1,ATTACK,rid_c49d2ddf29a5992393300a0a087605fb,mlp,occlusion,deletion,target_class_median,False,True,False,True,1,ATTACK,predicted_class_of_audited_model,1.0,0.9994085205253214,0.0,0.0035396368503570553,-0.0035396368503570553,0.0025216523401830862,-0.008482075437115905,0.10920986033621916,-0.10920986033621916,0.29775816202163696,0.2826655408432707,0.015092642691917707,5,trapezoid_from_zero_normalized_by_max_fraction,True,correct,true_positive,high,high,binary
cicids2017_binary,46,0,BENIGN,rid_b14b648b945c1c13a7a39d77a65b2f72,mlp,occlusion,deletion,target_class_median,False,True,False,True,0,BENIGN,predicted_class_of_audited_model,1.0,0.0005914794746785,0.002470241794071626,0.0003099104544882923,0.0021603313395833334,0.00022600400193360348,0.0017173634957934705,0.0006329973324373996,0.0018372444616342263,1.8716611862182617,2.1431505451202395,-0.2714894065856934,5,trapezoid_from_zero_normalized_by_max_fraction,True,correct,true_negative,high,medium,binary
cicids2017_binary,46,1,ATTACK,rid_5bbeffed68f7c86e4e05c8167c7cbe43,mlp,occlusion,deletion,target_class_median,False,True,False,True,1,ATTACK,predicted_class_of_audited_model,1.0,0.9994085205253214,0.0,9.979963302612305e-06,-9.979963302612305e-06,6.654479486165822e-06,-2.3022743095497317e-05,0.049239070180786826,-0.049239070180786826,0.36444321274757385,0.33006817108020187,0.034375034030526885,5,trapezoid_from_zero_normalized_by_max_fraction,True,correct,true_positive,high,high,binary
cicids2017_binary,46,1,ATTACK,rid_8ad97cec426f42065b770b544cc37856,mlp,occlusion,deletion,target_class_median,False,True,False,True,1,ATTACK,predicted_class_of_audited_model,1.0,0.9994085205253214,0.0,8.821725845336915e-06,-8.821725845336915e-06,4.943964564830004e-06,-1.8511896392403724e-05,0.07440636708431157,-0.07440636708431157,0.30564969778060913,0.28936211823113267,0.01628757610358298,5,trapezoid_from_zero_normalized_by_max_fraction,True,correct,true_positive,high,high,binary
cicids2017_binary,46,1,ATTACK,rid_1be50bee2b28f515472d418c684ea42e,mlp,occlusion,deletion,target_class_median,False,True,False,True,1,ATTACK,predicted_class_of_audited_model,1.0,0.9994085205253214,0.0,0.007273833450337407,-0.007273833450337407,0.004292439860923148,-0.015687015577746776,0.12323079515172086,-0.12323079515172086,0.2746848464012146,0.2769912086338736,-0.0023063705214299195,5,trapezoid_from_zero_normalized_by_max_fraction,True,correct,true_positive,high,high,binary
cicids2017_binary,46,1,ATTACK,rid_d2da62d7bcf6df46058510d7e45683e3,mlp,occlusion,deletion,target_class_median,False,False,True,False,0,BENIGN,predicted_class_of_audited_model,0.9997541404154616,0.0003456198901404,0.025241943357082165,0.002903591192666607,0.022338352164415553,0.0012977015839630243,0.019794857059848025,0.002761394493462808,0.022480548863619356,2.1833202838897705,1.9953233747482302,0.18799686145782468,5,trapezoid_from_zero_normalized_by_max_fraction,False,error,false_negative,medium,low,binary
cicids2017_binary,46,1,ATTACK,rid_f93c1b34c8df20ef03ea9472304de20d,mlp,occlusion,deletion,target_class_median,False,True,False,True,1,ATTACK,predicted_class_of_audited_model,1.0,0.9994085205253214,0.0,0.01845183084026212,-0.01845183084026212,0.009546646501481085,-0.03716325798316504,0.08672617094288897,-0.08672617094288897,0.3173496127128601,0.316349893854931,0.0009997264947742223,5,trapezoid_from_zero_normalized_by_max_fraction,True,correct,true_positive,high,high,binary
cicids2017_binary,46,1,ATTACK,rid_2ceb753772c58ae09d256bcf116f7afc,mlp,occlusion,deletion,target_class_median,False,True,False,True,1,ATTACK,predicted_class_of_audited_model,1.0,0.9994085205253214,0.0,0.0021952438354492184,-0.0021952438354492184,0.001696148956910362,-0.005519695790993527,0.06644290768327483,-0.06644290768327483,0.2852798402309418,0.26713086619414395,0.01814899359457194,5,trapezoid_from_zero_normalized_by_max_fraction,True,correct,true_positive,high,high,binary
cicids2017_binary,46,0,BENIGN,rid_7c3ca92418340b554ff61c703b0a8f02,mlp,occlusion,deletion,target_class_median,False,True,False,True,0,BENIGN,predicted_class_of_audited_model,0.9999336685432354,0.0005251480179139,-5.39691399012554e-05,-4.820166506488021e-05,-5.767474836375188e-06,5.872463817499562e-07,-6.918477744605102e-06,-2.5594424505015923e-05,-2.8374715396239484e-05,0.12322155386209488,0.07098752965033053,0.052234034642577164,5,trapezoid_from_zero_normalized_by_max_fraction,True,correct,true_negative,medium,low,binary
cicids2017_binary,46,0,BENIGN,rid_c631e0574a922ce1552a5b516d87ae2c,mlp,occlusion,deletion,target_class_median,False,True,False,True,0,BENIGN,predicted_class_of_audited_model,0.9999999987852743,0.0005914782599529,0.15917007464083807,0.0016031152120276307,0.15756695942881047,0.00046060912078333126,0.15666416555207513,0.00039527443200336953,0.1587748002088347,1.8812522888183594,1.4036191136837004,0.47763316321372995,5,trapezoid_from_zero_normalized_by_max_fraction,True,correct,true_negative,medium,medium,binary
cicids2017_binary,46,0,BENIGN,rid_2a41f59551170f86ab5bfc31481984db,mlp,occlusion,deletion,target_class_median,False,False,True,True,1,ATTACK,predicted_class_of_audited_model,0.0007681309361942,0.0001766514615155,-0.5725005585729377,-0.4005779564568159,-0.17192260211612181,0.024664662535539165,-0.22026534068577858,-0.05565884224916192,-0.5168417163237757,1.0616304874420166,0.7158528530597688,0.3457775747776031,5,trapezoid_from_zero_normalized_by_max_fraction,False,error,false_positive,low,low,binary
cicids2017_binary,46,0,BENIGN,rid_3203916c20297c2d5e1adf365b1c156b,mlp,occlusion,deletion,target_class_median,False,False,True,True,1,ATTACK,predicted_class_of_audited_model,0.0014164086896926,0.000824929215014,-0.501414250221569,-0.44317605052539266,-0.058238199696176454,0.02338966710734262,-0.104081947226568,-0.05798642002567385,-0.44342783019589516,1.141010046005249,0.7734147659540177,0.3675952800512314,5,trapezoid_from_zero_normalized_by_max_fraction,False,error,false_positive,low,medium,binary
cicids2017_binary,46,0,BENIGN,rid_434f4fc554fcb318be765c587829eace,mlp,occlusion,deletion,target_class_median,False,False,True,True,1,ATTACK,predicted_class_of_audited_model,0.0006565457442775,6.506626959889997e-05,-0.4838265450729523,-0.3797587810630463,-0.10406776400990599,0.02204339553500882,-0.14727281925852326,-0.030953818909893814,-0.45287272616305846,1.1824027299880981,0.9475266064405441,0.23487611758708954,5,trapezoid_from_zero_normalized_by_max_fraction,False,error,false_positive,low,low,binary
cicids2017_binary,46,0,BENIGN,rid_b769bf3c3943c99e7410edc86e31d190,mlp,occlusion,deletion,target_class_median,False,True,False,True,0,BENIGN,predicted_class_of_audited_model,0.9999980387538016,0.0005895182284802,1.7430897969461512e-07,-4.2420497720740965e-08,2.1672947741535612e-07,1.3527589944643727e-08,1.9021540112385441e-07,1.0041135760729958e-07,7.389762208731555e-08,0.074170783162117,0.05289627960324287,0.02127450579404831,5,trapezoid_from_zero_normalized_by_max_fraction,True,correct,true_negative,medium,low,binary
cicids2017_binary,46,0,BENIGN,rid_3947562cecb3a15474c45152417d05d8,mlp,occlusion,deletion,target_class_median,False,True,False,True,0,BENIGN,predicted_class_of_audited_model,0.999998135515284,0.0005896149899626,2.3263369826054258e-07,1.4992604076269345e-07,8.270765749784915e-08,1.5872219807794565e-08,5.15981066745718e-08,6.804375152569265e-08,1.6458994673484995e-07,0.054783571511507034,0.043599767062813044,0.011183802213519813,5,trapezoid_from_zero_normalized_by_max_fraction,True,correct,true_negative,medium,low,binary
cicids2017_binary,46,0,BENIGN,rid_ef59aa063bc0602240e0a77df47ecc26,mlp,occlusion,deletion,target_class_median,False,False,True,True,1,ATTACK,predicted_class_of_audited_model,0.3572798669338226,0.356688387459144,-0.5025025323033333,-0.29463356263563034,-0.20786896966770294,0.023010777578587854,-0.2529700937217351,-0.2549184346171096,-0.2475840976862237,0.02693108282983303,0.037859997998690234,-0.010928916100179775,5,trapezoid_from_zero_normalized_by_max_fraction,False,error,false_positive,low,medium,binary
cicids2017_binary,46,0,BENIGN,rid_f7cb6445551439bdeb6c1df40a6e625c,mlp,occlusion,deletion,target_class_median,False,False,True,True,1,ATTACK,predicted_class_of_audited_model,0.3614027202129364,0.3608112407382578,0.08868493065820077,0.14273667496036235,-0.0540517443021616,0.018342084397908107,-0.09000222972206148,-0.14493172989135322,0.233616660549554,4.658798694610596,5.688103112220764,-1.0293045129776002,5,trapezoid_from_zero_normalized_by_max_fraction,False,error,false_positive,low,medium,binary
cicids2017_binary,46,0,BENIGN,rid_affdb3390b55b074f17d0faf08e588ef,mlp,occlusion,deletion,target_class_median,False,False,True,True,1,ATTACK,predicted_class_of_audited_model,0.0486362613737583,0.0480447818990797,-0.4103568041697145,-0.3753698269720644,-0.034986977197650065,0.027072669535479377,-0.08804940948718964,-0.27898431132607265,-0.13137249284364177,0.5298545956611633,0.5100056717991829,0.019848917901515974,5,trapezoid_from_zero_normalized_by_max_fraction,False,error,false_positive,low,medium,binary
cicids2017_binary,46,0,BENIGN,rid_20866184f667da854ae94ed1883a8b4b,mlp,occlusion,deletion,target_class_median,False,False,True,True,1,ATTACK,predicted_class_of_audited_model,0.0008984768064692,0.0003069973317905,-0.27806051418301647,-0.4250978063866969,0.1470372922036804,0.027284897308470266,0.09355889347907867,-0.21667621328192763,-0.06138430090108887,0.6033973693847656,0.589917864203453,0.01347952306270601,5,trapezoid_from_zero_normalized_by_max_fraction,False,error,false_positive,low,low,binary
cicids2017_binary,46,0,BENIGN,rid_6897bf64428ec40255254b9597c26bad,mlp,occlusion,deletion,target_class_median,False,False,True,True,1,ATTACK,predicted_class_of_audited_model,0.0063157323747873,0.0057242529001087,-0.17836532541550698,-0.23226086550396535,0.05389554008845837,0.023278216263706575,0.008270236211593486,-0.12254675275118329,-0.05581857266432369,1.165451169013977,1.14259907913208,0.022852089881897,5,trapezoid_from_zero_normalized_by_max_fraction,False,error,false_positive,low,medium,binary
cicids2017_binary,46,0,BENIGN,rid_7f85d0921fd6c3e154c10145ab18b6b6,mlp,occlusion,deletion,target_class_median,False,False,True,True,1,ATTACK,predicted_class_of_audited_model,0.0056965784169733,0.0051050989422947,-0.28758132515940815,-0.2462890099759334,-0.0412923151834748,0.02005689278302902,-0.08060382503821167,-0.1938404094227153,-0.09374091573669287,0.6707267165184021,0.5468936343193054,0.12383311796188354,5,trapezoid_from_zero_normalized_by_max_fraction,False,error,false_positive,low,medium,binary
cicids2017_binary,46,0,BENIGN,rid_9c977fa011bbef6c1265baf3bac8738b,mlp,occlusion,deletion,target_class_median,False,False,True,True,1,ATTACK,predicted_class_of_audited_model,0.0013563783140853,0.0007648988394066,-0.20722551111248322,-0.46564556019788145,0.2584200490853982,0.026853084562738556,0.2057880033424306,-0.23331704380517837,0.026091532692695124,0.8524006009101868,0.715902220606804,0.13649837434291842,5,trapezoid_from_zero_normalized_by_max_fraction,False,error,false_positive,low,medium,binary
cicids2017_binary,46,0,BENIGN,rid_99d8d9a2d27d90787626a1d5415917bc,mlp,occlusion,deletion,target_class_median,False,True,False,True,0,BENIGN,predicted_class_of_audited_model,0.9999999993046258,0.0005914787793043,0.3806913919194418,0.005208294815890432,0.3754830971035513,0.001404377349868396,0.3727305174978093,0.0030526646949492193,0.3776387272244925,1.941939353942871,1.648168701648712,0.2937706522941589,5,trapezoid_from_zero_normalized_by_max_fraction,True,correct,true_negative,medium,medium,binary
cicids2017_binary,46,1,ATTACK,rid_65b0f2d3edc992df96ced1276c3d9cdf,mlp,occlusion,deletion,target_class_median,False,True,False,True,1,ATTACK,predicted_class_of_audited_model,1.0,0.9994085205253214,6.053447723388671e-05,0.07687791086613835,-0.07681737638890446,0.015539766136016445,-0.1072753180154967,0.0916298058358391,-0.09156927135860522,0.6971891522407532,0.5001003443598747,0.1970887959599495,5,trapezoid_from_zero_normalized_by_max_fraction,True,correct,true_positive,high,high,binary
cicids2017_binary,46,1,ATTACK,rid_2e4b6fca177b423d3489213643516cc5,mlp,occlusion,deletion,target_class_median,False,True,False,True,1,ATTACK,predicted_class_of_audited_model,1.0,0.9994085205253214,0.0,0.022799659329466523,-0.022799659329466523,0.00926758552021598,-0.040964126949089845,0.05212666294340829,-0.05212666294340829,0.34078842401504517,0.34026849563419825,0.000519942350685583,5,trapezoid_from_zero_normalized_by_max_fraction,True,correct,true_positive,high,high,binary
cicids2017_binary,46,0,BENIGN,rid_1da39f99f2d9dd756fcd3af649efca90,mlp,occlusion,deletion,target_class_median,False,True,False,True,0,BENIGN,predicted_class_of_audited_model,0.9999999996607264,0.0005914791354051,0.5143202613528197,0.0005315196424880207,0.5137887417103317,0.0002940647474191771,0.5132123748053902,0.0032486194018091757,0.5110716419510106,2.086900234222412,1.4419515147209165,0.6449487433433534,5,trapezoid_from_zero_normalized_by_max_fraction,True,correct,true_negative,medium,medium,binary
cicids2017_binary,46,0,BENIGN,rid_41125286925a58bfd8c5fbb069f1ab2a,mlp,occlusion,deletion,target_class_median,False,True,False,True,0,BENIGN,predicted_class_of_audited_model,0.99999686561614,0.0005883450908185,0.27765740650418136,0.0067798395865758376,0.2708775669176055,0.0015129430605408886,0.2679121985189454,0.007802536330176114,0.2698548701740053,0.9987788200378418,0.8432110698223114,0.1555677502155304,5,trapezoid_from_zero_normalized_by_max_fraction,True,correct,true_negative,medium,low,binary
cicids2017_binary,46,0,BENIGN,rid_0e0d90bfa1c82f171c554e7e9126fb42,mlp,occlusion,deletion,target_class_median,False,False,True,True,1,ATTACK,predicted_class_of_audited_model,0.001967727439478,0.0013762479647993,-0.39925205406034364,-0.20726436798877362,-0.19198768607157,0.020008451619066895,-0.2312042512449411,-0.2376334779679135,-0.1616185760924302,4.822146892547607,5.7045156164169315,-0.8823686285018922,5,trapezoid_from_zero_normalized_by_max_fraction,False,error,false_positive,low,medium,binary
cicids2017_binary,46,0,BENIGN,rid_e76fab150fc5874515d0daec55e4c549,mlp,occlusion,deletion,target_class_median,False,False,True,True,1,ATTACK,predicted_class_of_audited_model,0.0016587902791798,0.0010673108045012,-0.5578933672280981,-0.3607264234849781,-0.1971669437431201,0.022559466938192635,-0.24138349894197766,-0.026138746632735833,-0.5317546205953624,1.2614151239395142,0.8612178393602372,0.4001972845792771,5,trapezoid_from_zero_normalized_by_max_fraction,False,error,false_positive,low,medium,binary
cicids2017_binary,46,0,BENIGN,rid_2744e40df6c70a6c726dc5741a53cbae,mlp,occlusion,deletion,target_class_median,False,True,False,True,0,BENIGN,predicted_class_of_audited_model,0.9999999999999718,0.0005914794746503,0.4538055430166156,0.0009211275088134821,0.452884415507802,0.00038917646543884006,0.45212162963554187,0.004437491958491943,0.4493680510581236,1.6015870571136475,1.557161232948303,0.04442582416534422,5,trapezoid_from_zero_normalized_by_max_fraction,True,correct,true_negative,medium,medium,binary
cicids2017_binary,46,1,ATTACK,rid_bd3da43da14738707a1433238ce5d42b,mlp,occlusion,deletion,target_class_median,False,True,False,True,1,ATTACK,predicted_class_of_audited_model,1.0,0.9994085205253214,0.9414526813371893,0.2036258828459116,0.7378267984912776,0.02354716184891658,0.6916743612674011,0.1718914751264057,0.7695612062107835,0.7858803868293762,0.7784659917354585,0.007414365291595471,5,trapezoid_from_zero_normalized_by_max_fraction,True,correct,true_positive,high,high,binary
cicids2017_binary,46,0,BENIGN,rid_e53c30dc3efaeb4c15a6e87e84719470,mlp,occlusion,deletion,target_class_median,False,True,False,True,0,BENIGN,predicted_class_of_audited_model,0.9999999998639584,0.0005914793386368,0.3888555342785362,0.017855799103172372,0.37099973517536383,0.007974902142026993,0.3553689269769909,0.013671612032857241,0.375183922245679,1.52454674243927,1.2613625817298888,0.26318413686752323,5,trapezoid_from_zero_normalized_by_max_fraction,True,correct,true_negative,medium,medium,binary
cicids2017_binary,46,0,BENIGN,rid_24a0916e3c85cd48aedadd0e0b51b6e5,mlp,occlusion,deletion,target_class_median,False,False,True,True,1,ATTACK,predicted_class_of_audited_model,0.0007302880403585,0.0001388085656798,-0.6903499475010904,-0.5474389507144806,-0.14291099678660973,0.022709096182370585,-0.18742082530405607,-0.2014884633247275,-0.4888614841763629,0.35522139072418213,0.3009164787530899,0.05430492389202117,5,trapezoid_from_zero_normalized_by_max_fraction,False,error,false_positive,low,low,binary
cicids2017_binary,46,0,BENIGN,rid_2c8ba8578a1f948174b311f6b93ed794,mlp,occlusion,deletion,target_class_median,False,True,False,True,0,BENIGN,predicted_class_of_audited_model,0.999999939076659,0.0005914185513375,0.008364220797533762,0.0010608732541968172,0.007303347543336945,0.0004096056357395412,0.006500520497287444,0.00043152202728764593,0.007932698770246115,1.0212743282318115,0.7971941936016083,0.2240800869464874,5,trapezoid_from_zero_normalized_by_max_fraction,True,correct,true_negative,medium,medium,binary
cicids2017_binary,46,0,BENIGN,rid_a3256e21f1100fd022d62bf0be8430ac,mlp,occlusion,deletion,target_class_median,False,False,True,True,1,ATTACK,predicted_class_of_audited_model,0.0059817782603204,0.0053902987856418,-0.034003303037025034,-0.26512114224738065,0.23111783921035559,0.024667743155695022,0.18276906262519335,-0.13228770222076128,0.09828439918373623,0.6201189160346985,0.4965729103088378,0.12354602360725404,5,trapezoid_from_zero_normalized_by_max_fraction,False,error,false_positive,low,medium,binary
cicids2017_binary,46,0,BENIGN,rid_7e68efe9c4173e3e13ebf602c7bdf123,mlp,occlusion,deletion,target_class_median,False,False,True,True,1,ATTACK,predicted_class_of_audited_model,0.0008126734755933,0.0002211940009146,-0.34214194172527645,-0.2990275079249134,-0.04311443380036306,0.022673715993700366,-0.08755491714801578,-0.17273544541673277,-0.16940649630854365,0.7274592518806458,0.7252533096075058,0.002205972075462337,5,trapezoid_from_zero_normalized_by_max_fraction,False,error,false_positive,low,low,binary
cicids2017_binary,46,0,BENIGN,rid_0394651c39c5300d79ada10de6d141ed,mlp,occlusion,deletion,target_class_median,False,True,False,True,0,BENIGN,predicted_class_of_audited_model,0.999998907395252,0.0005903868699305,1.4180976563693546e-06,2.924133667448814e-06,-1.5060360110794588e-06,2.948149341597234e-07,-2.0838732820325167e-06,1.6751690051535207e-06,-2.5707134878416593e-07,0.4843980669975281,0.2082216129004955,0.2761764570772648,5,trapezoid_from_zero_normalized_by_max_fraction,True,correct,true_negative,medium,low,binary
cicids2017_binary,46,0,BENIGN,rid_ff27f70bc2d71efc96753b46ef748bd4,mlp,occlusion,deletion,target_class_median,False,False,True,True,1,ATTACK,predicted_class_of_audited_model,0.0855619832873344,0.0849705038126558,-0.3141446867733081,-0.200260403235817,-0.11388428353749105,0.025721778360552214,-0.16429896912417338,-0.2153481982420673,-0.09879648853124076,3.8918960094451904,4.334143264770508,-0.44224706459045404,5,trapezoid_from_zero_normalized_by_max_fraction,False,error,false_positive,low,medium,binary
cicids2017_binary,46,0,BENIGN,rid_0db604f8625f200f4eb60f0eb03bcdea,mlp,occlusion,deletion,target_class_median,False,True,False,True,0,BENIGN,predicted_class_of_audited_model,1.0,0.0005914794746786,6.116218642659987e-12,3.6931089166247766e-08,-3.6924972947605106e-08,2.1585526766828122e-08,-7.923260541058822e-08,4.2572889634096e-06,-4.257282847190958e-06,0.7965624928474426,0.8171563611030578,-0.020593856334686265,5,trapezoid_from_zero_normalized_by_max_fraction,True,correct,true_negative,high,medium,binary
cicids2017_binary,46,0,BENIGN,rid_ca06ee9dc52cd5d656827b0328ae42f2,mlp,occlusion,deletion,target_class_median,False,True,False,True,0,BENIGN,predicted_class_of_audited_model,0.9999908515956122,0.0005823310702907,-7.023014450169285e-06,-4.419542375671881e-06,-2.603472074497404e-06,1.8042368901293148e-07,-2.9571025049627497e-06,-1.7823506647118849e-06,-5.2406637854574e-06,0.11024218797683716,0.049997552044689655,0.06024463146179915,5,trapezoid_from_zero_normalized_by_max_fraction,True,correct,true_negative,medium,low,binary
cicids2017_binary,46,0,BENIGN,rid_53ec67a2a5db40ea2465c1552085e5d5,mlp,occlusion,deletion,target_class_median,False,False,True,True,1,ATTACK,predicted_class_of_audited_model,0.0006178466137498,2.636713907119999e-05,-0.49359995595877987,-0.3846541402087431,-0.10894581575003678,0.023008704902115637,-0.15404287735818342,-0.0371293279551993,-0.4564706280035806,1.0649855136871338,0.8131041114330293,0.25188134860992434,5,trapezoid_from_zero_normalized_by_max_fraction,False,error,false_positive,low,low,binary
cicids2017_binary,46,0,BENIGN,rid_5390c2334b21c1b86e72a6a16d524132,mlp,occlusion,deletion,target_class_median,False,False,True,True,1,ATTACK,predicted_class_of_audited_model,0.0006134523428045,2.1972868125899928e-05,-0.4892795110441511,-0.4471448212828568,-0.04213468976129431,0.02077457393341829,-0.08285285467079416,-0.029281623103096024,-0.45999788794105506,1.0420327186584473,0.8031718320846558,0.2388609044551849,5,trapezoid_from_zero_normalized_by_max_fraction,False,error,false_positive,low,low,binary
cicids2017_binary,46,0,BENIGN,rid_8ebe713bc384ec168cbe31a7285740b7,mlp,occlusion,deletion,target_class_median,False,False,True,True,1,ATTACK,predicted_class_of_audited_model,0.0293456129729747,0.0287541334982961,-0.4020422769710421,-0.3033107957876273,-0.09873148118341488,0.024828593020326712,-0.14739552350325524,-0.25711614016047313,-0.14492613681056898,0.49806469678878784,0.4605111901760102,0.03755353045463561,5,trapezoid_from_zero_normalized_by_max_fraction,False,error,false_positive,low,medium,binary
cicids2017_binary,46,0,BENIGN,rid_5821730c24a51333546af5bb2fb07e3a,mlp,occlusion,deletion,target_class_median,False,False,True,True,1,ATTACK,predicted_class_of_audited_model,0.0010428682435303,0.0004513887688517,-0.5412805688683875,-0.37191550840347376,-0.16936506046491367,0.022269222367050867,-0.21301273630433337,-0.038082577538024256,-0.5031979913303632,1.059489369392395,0.8262276332378388,0.233261682510376,5,trapezoid_from_zero_normalized_by_max_fraction,False,error,false_positive,low,low,binary
cicids2017_binary,46,0,BENIGN,rid_fa05e985003ba971ab566eb11f2f5666,mlp,occlusion,deletion,target_class_median,False,False,True,True,1,ATTACK,predicted_class_of_audited_model,0.0015332236653193,0.0009417441906407,-0.5396868474257643,-0.3941414455707809,-0.14554540185498355,0.02431987270649022,-0.19321235235970438,-0.025539816078929793,-0.5141470313468346,1.0640968084335327,0.8324175733327867,0.2316791397333145,5,trapezoid_from_zero_normalized_by_max_fraction,False,error,false_positive,low,medium,binary
cicids2017_binary,46,0,BENIGN,rid_cb32a928b22137696d1267dda184c253,mlp,occlusion,deletion,target_class_median,False,False,True,True,1,ATTACK,predicted_class_of_audited_model,0.0011181399459019,0.0005266604712232,-0.4217649199592415,-0.3515210975437758,-0.07024382241546574,0.02231319356454772,-0.11397768180197927,-0.06300504296201326,-0.35875987699722833,2.2163145542144775,1.8238389878273011,0.39247555446624754,5,trapezoid_from_zero_normalized_by_max_fraction,False,error,false_positive,low,low,binary
cicids2017_binary,46,0,BENIGN,rid_cfd6aa8c94f55bcb81cb641d00f1739c,mlp,occlusion,deletion,target_class_median,False,False,True,True,1,ATTACK,predicted_class_of_audited_model,0.0012806390877813,0.0006891596131027,-0.04346827449044213,-0.21228666994723594,0.1688183954567938,0.022236415136939996,0.1252350217883914,-0.04413149621668776,0.0006632217262456247,1.6329233646392822,0.9214084675312042,0.7115149924755096,5,trapezoid_from_zero_normalized_by_max_fraction,False,error,false_positive,low,medium,binary
cicids2017_binary,46,0,BENIGN,rid_a7a4c7f410072957d6e6e483bbd28773,mlp,occlusion,deletion,target_class_median,False,False,True,True,1,ATTACK,predicted_class_of_audited_model,0.0007598344236612,0.0001683549489825,-0.04976307051256299,-0.2806001386774284,0.23083706816486543,0.023016521312999808,0.1857246863913858,-0.07254781334957602,0.022784742837013032,0.5351324081420898,0.4357525926232338,0.09937982743978499,5,trapezoid_from_zero_normalized_by_max_fraction,False,error,false_positive,low,low,binary
cicids2017_binary,46,0,BENIGN,rid_99201083439d490e84665f35e06094d9,mlp,occlusion,deletion,target_class_median,False,False,True,True,1,ATTACK,predicted_class_of_audited_model,0.0041385125368833,0.0035470330622047,-0.9177270541898906,-0.7572683288811969,-0.16045872530869384,0.012589142864460818,-0.18513344532303705,-0.2249336161984829,-0.6927934379914077,0.9375807046890259,0.6875498841404915,0.25003083246946334,5,trapezoid_from_zero_normalized_by_max_fraction,False,error,false_positive,low,medium,binary
cicids2017_binary,46,0,BENIGN,rid_1f6e5f66b4e7e485f1841c9d6b6fc88f,mlp,occlusion,deletion,target_class_median,False,False,True,True,1,ATTACK,predicted_class_of_audited_model,0.8811854720115662,0.8805939925368875,0.7184894763166085,0.31066450130837686,0.4078249750082316,0.023465922991210406,0.36183176594545924,0.14617409608815796,0.5723153802284506,3.325326442718506,3.0966604795455934,0.22866601085662835,5,trapezoid_from_zero_normalized_by_max_fraction,False,error,false_positive,low,high,binary
cicids2017_binary,46,1,ATTACK,rid_624e6a0ad4bb892251dc9b72797ab8a6,mlp,occlusion,deletion,target_class_median,False,True,False,True,1,ATTACK,predicted_class_of_audited_model,1.0,0.9994085205253214,0.9499788551987479,0.1625928714726979,0.78738598372605,0.020564609684248187,0.7470793487449235,0.08182703705199873,0.8681518181467491,1.0984175205230713,1.010131339073181,0.08828622913360593,5,trapezoid_from_zero_normalized_by_max_fraction,True,correct,true_positive,high,high,binary
cicids2017_binary,46,0,BENIGN,rid_250b9445c0446273915207b64534a8d0,mlp,occlusion,deletion,target_class_median,False,False,True,True,1,ATTACK,predicted_class_of_audited_model,0.0010399720631539,0.0004484925884752,-0.41629255374427887,-0.41191486653137105,-0.004377687212907752,0.022036247252278228,-0.047568731827373076,-0.03094757451877672,-0.38534497922550215,1.2714897394180298,1.0506596125364305,0.22083006727695467,5,trapezoid_from_zero_normalized_by_max_fraction,False,error,false_positive,low,low,binary
cicids2017_binary,46,0,BENIGN,rid_2f0415ed639fc8afddc6146c884d6e8a,mlp,occlusion,deletion,target_class_median,False,False,True,True,1,ATTACK,predicted_class_of_audited_model,0.0007404754869639,0.0001489960122852,-0.2953116529388353,-0.3428235382370149,0.04751188529817957,0.02315978626340819,0.0021187042218995186,-0.15058403869857012,-0.14472761424026523,0.7767674326896667,0.692349541902542,0.08441790270805359,5,trapezoid_from_zero_normalized_by_max_fraction,False,error,false_positive,low,low,binary
cicids2017_binary,46,0,BENIGN,rid_03cafe0d129efc0a7868eb35c00323c8,mlp,occlusion,deletion,target_class_median,False,False,True,True,1,ATTACK,predicted_class_of_audited_model,0.0013498387997969,0.0007583593251183,-0.5927650102821644,-0.4180051239054463,-0.1747598863767182,0.025176239185507144,-0.22410531518031218,-0.04291748155620646,-0.5498475287259579,1.0627647638320923,0.7262457735538483,0.3365189723968506,5,trapezoid_from_zero_normalized_by_max_fraction,False,error,false_positive,low,medium,binary
cicids2017_binary,46,0,BENIGN,rid_dea7db7817f6e8a682cb6eb57567bdaf,mlp,occlusion,deletion,target_class_median,False,True,False,True,0,BENIGN,predicted_class_of_audited_model,0.999998364113594,0.0005898435882727,0.410294368682952,0.15466336326165225,0.2556310054212997,0.01839536585467303,0.21957608834614054,0.115058819426664,0.295235549256288,5.711706161499023,5.156895529747009,0.5548108224868775,5,trapezoid_from_zero_normalized_by_max_fraction,True,correct,true_negative,medium,low,binary
cicids2017_binary,46,0,BENIGN,rid_aa3fd58c9168d5555825407148d3ddd9,mlp,occlusion,deletion,target_class_median,False,False,True,True,1,ATTACK,predicted_class_of_audited_model,0.0006109684472903,1.948897261169996e-05,-0.49443195717758504,-0.40526110135691956,-0.08917085582066543,0.02276788146493808,-0.13379590349194406,-0.03706257616428979,-0.45736938101329516,1.085693120956421,0.7836357547044753,0.3020573543310166,5,trapezoid_from_zero_normalized_by_max_fraction,False,error,false_positive,low,low,binary
cicids2017_binary,46,0,BENIGN,rid_860dad23e703ac90ac6df5f5c1df2e4a,mlp,occlusion,insertion,target_class_median,False,True,False,True,0,BENIGN,predicted_class_of_audited_model,0.999999533168193,0.0005910126428716,1.747394452955575e-06,-0.0005181610162981157,0.0005199084107510713,0.0001374414807054148,0.0002505231085684583,-0.0009033894147642887,0.0009051368092172442,2.831757068634033,3.222421887874603,-0.3906645808219909,5,trapezoid_from_zero_normalized_by_max_fraction,True,correct,true_negative,medium,medium,binary
cicids2017_binary,46,0,BENIGN,rid_749b18f9c2c1d8cfbe591300195c9641,mlp,occlusion,insertion,target_class_median,False,True,False,True,0,BENIGN,predicted_class_of_audited_model,0.9997864360630048,0.0003779155376833,-0.00016945123376217454,-0.00014181731815176592,-2.7633915610408623e-05,3.814911346118321e-06,-3.511114184880053e-05,-4.932226619365565e-05,-0.00012012896756851888,0.212302565574646,0.1398531960248947,0.07244936656951903,5,trapezoid_from_zero_normalized_by_max_fraction,True,correct,true_negative,medium,low,binary
cicids2017_binary,46,0,BENIGN,rid_d960e7beef0e0fe8cdca3dca5773e280,mlp,occlusion,insertion,target_class_median,False,True,False,True,0,BENIGN,predicted_class_of_audited_model,1.0,0.0005914794746786,1.4014054386279892e-06,-0.0006079141149209125,0.0006093155203595405,0.00032667728075694866,-3.097194992407882e-05,-0.001801275888076873,0.0018026772935155011,1.612858772277832,1.4574596314430237,0.15539911699295042,5,trapezoid_from_zero_normalized_by_max_fraction,True,correct,true_negative,high,medium,binary
cicids2017_binary,46,1,ATTACK,rid_fe31f29478bce8d44e56f5aac7392779,mlp,occlusion,insertion,target_class_median,False,True,False,True,1,ATTACK,predicted_class_of_audited_model,0.9698349833488464,0.9692435038741678,-0.7162358757108449,-0.08854397302120924,-0.6276919026896357,0.015889635769534477,-0.6588355887979233,-0.04926049281656743,-0.6669753828942775,0.11138144880533218,0.04995958394627087,0.06142185144801624,5,trapezoid_from_zero_normalized_by_max_fraction,True,correct,true_positive,medium,high,binary
cicids2017_binary,46,0,BENIGN,rid_4dcfda53e32b352db216637150cc932c,mlp,occlusion,insertion,target_class_median,False,False,True,True,1,ATTACK,predicted_class_of_audited_model,0.0006534442072734,6.19647325948e-05,-0.9453182160854341,-0.8731911965274064,-0.07212701955802764,0.007547497906299326,-0.08692011545437432,-0.538807086148738,-0.40651112993669597,1.2672312259674072,0.8797909532785416,0.387440165400505,5,trapezoid_from_zero_normalized_by_max_fraction,False,error,false_positive,low,low,binary
cicids2017_binary,46,0,BENIGN,rid_5417f304ac152526060a3c3c5bf9c3d5,mlp,occlusion,insertion,target_class_median,False,True,False,True,0,BENIGN,predicted_class_of_audited_model,0.9999973897033668,0.0005888691780455,-4.5243345425660664e-07,-5.755033111540797e-07,1.2306985689747305e-07,1.0416969853423476e-07,-8.110275222962707e-08,-3.7587716605003153e-07,-7.655628820657508e-08,0.07017882168292999,0.04878887411952019,0.021389946818351747,5,trapezoid_from_zero_normalized_by_max_fraction,True,correct,true_negative,medium,low,binary
cicids2017_binary,46,0,BENIGN,rid_f954d941b37ca74a5060cdba8b5214cf,mlp,occlusion,insertion,target_class_median,False,True,False,True,0,BENIGN,predicted_class_of_audited_model,0.9998125255515332,0.000404005026212,-0.00015162591656689984,-0.00012990045084052327,-2.1725465726376568e-05,2.905233840625391e-06,-2.7419724054002335e-05,-3.372886878275949e-05,-0.00011789704778414033,0.233677476644516,0.14861270169913768,0.08506478835642338,5,trapezoid_from_zero_normalized_by_max_fraction,True,correct,true_negative,medium,low,binary
cicids2017_binary,46,0,BENIGN,rid_ae3af0e467603c6207a301a895eab46f,mlp,occlusion,insertion,target_class_median,False,True,False,True,0,BENIGN,predicted_class_of_audited_model,0.99999836908421,0.0005898485588886,6.343468186287282e-07,-4.847903450411194e-07,1.1191371636698477e-06,1.207828050853053e-07,8.824028657026493e-07,-8.469136061535209e-07,1.481260424782249e-06,0.49098777770996094,0.22249274453520776,0.2684949974119663,5,trapezoid_from_zero_normalized_by_max_fraction,True,correct,true_negative,medium,low,binary
cicids2017_binary,46,0,BENIGN,rid_d4e3257509c9bbbd3dc20638aa63b25d,mlp,occlusion,insertion,target_class_median,False,True,False,True,0,BENIGN,predicted_class_of_audited_model,0.999971280725731,0.0005627602004096,-2.3811080768609828e-05,-1.6830512754722802e-05,-6.9805680138870235e-06,5.23702907337198e-07,-8.007025712267932e-06,-6.696978015270361e-06,-1.7114102753339467e-05,0.17604945600032806,0.08102922873944043,0.09502023471146823,5,trapezoid_from_zero_normalized_by_max_fraction,True,correct,true_negative,medium,low,binary
cicids2017_binary,46,1,ATTACK,rid_b785e844537ba823afa28178d1299224,mlp,occlusion,insertion,target_class_median,False,True,False,True,1,ATTACK,predicted_class_of_audited_model,1.0,0.9994085205253214,-0.10735201835632326,-0.2652039619794154,0.15785194362309213,0.025116966619918395,0.10862268904805207,-0.25774898737762775,0.1503969690213045,0.3668301999568939,0.3263276265114546,0.04050257866084576,5,trapezoid_from_zero_normalized_by_max_fraction,True,correct,true_positive,high,high,binary
cicids2017_binary,46,1,ATTACK,rid_86ab7b38bb2fc35a17e2f243a2787acc,mlp,occlusion,insertion,target_class_median,False,True,False,True,1,ATTACK,predicted_class_of_audited_model,1.0,0.9994085205253214,-0.13796404302120208,-0.3715465647357865,0.23358252171458446,0.024859738580233055,0.1848574340973277,-0.2596803454298465,0.12171630240864442,0.2780592739582062,0.29602887018769974,-0.01796960964053869,5,trapezoid_from_zero_normalized_by_max_fraction,True,correct,true_positive,high,high,binary
cicids2017_binary,46,1,ATTACK,rid_4ba0c8545e5aa37ce506ab2470a4f493,mlp,occlusion,insertion,target_class_median,False,True,False,True,1,ATTACK,predicted_class_of_audited_model,1.0,0.9994085205253214,-0.15158721506595613,-0.35767301499919757,0.20608579993324147,0.02575014680814553,0.15561551218927622,-0.301890981990642,0.15030376692468594,0.28467294573783875,0.2888122621327639,-0.004139306709170345,5,trapezoid_from_zero_normalized_by_max_fraction,True,correct,true_positive,high,high,binary
cicids2017_binary,46,1,ATTACK,rid_21570fcd536c195365b862d55e950d97,mlp,occlusion,insertion,target_class_median,False,True,False,True,1,ATTACK,predicted_class_of_audited_model,1.0,0.9994085205253214,-0.013488554954528808,-0.2911600302073858,0.27767147525285696,0.02689154423646711,0.22496404854938143,-0.2206310223782097,0.20714246742368086,0.3884851038455963,0.3411995670199394,0.0472855219244957,5,trapezoid_from_zero_normalized_by_max_fraction,True,correct,true_positive,high,high,binary
cicids2017_binary,46,1,ATTACK,rid_68735f841398fcec6dab1e120fbb91c5,mlp,occlusion,insertion,target_class_median,False,True,False,True,1,ATTACK,predicted_class_of_audited_model,1.0,0.9994085205253214,-0.15795450508594513,-0.33127668693846773,0.17332218185252263,0.026887250986922445,0.12062316991815464,-0.22597706060904804,0.06802255552310288,0.2636413276195526,0.3067148351371288,-0.043073503792285917,5,trapezoid_from_zero_normalized_by_max_fraction,True,correct,true_positive,high,high,binary
cicids2017_binary,46,1,ATTACK,rid_d854f94c966e5456ab499f4b11182583,mlp,occlusion,insertion,target_class_median,False,True,False,True,1,ATTACK,predicted_class_of_audited_model,1.0,0.9994085205253214,-0.15424399673938755,-0.2788100220066162,0.12456602526722868,0.026724761360311145,0.07218549300101884,-0.2520502631733977,0.09780626643401014,0.2915979027748108,0.25296121686697004,0.038636673241853714,5,trapezoid_from_zero_normalized_by_max_fraction,True,correct,true_positive,high,high,binary
cicids2017_binary,46,1,ATTACK,rid_b579819cdc2e371992343189006ba33b,mlp,occlusion,insertion,target_class_median,False,True,False,True,1,ATTACK,predicted_class_of_audited_model,1.0,0.9994085205253214,-0.05115853548049927,-0.3153445011746634,0.2641859656941641,0.02689542727946095,0.2114709282264206,-0.2264729802636704,0.17531444478317113,0.3793286979198456,0.35407280038297173,0.02525588189065455,5,trapezoid_from_zero_normalized_by_max_fraction,True,correct,true_positive,high,high,binary
cicids2017_binary,46,1,ATTACK,rid_a4446ec396983204fbdfd835428e3b8e,mlp,occlusion,insertion,target_class_median,False,True,False,True,1,ATTACK,predicted_class_of_audited_model,1.0,0.9994085205253214,-0.026713031530380252,-0.2643370589648991,0.23762402743451888,0.02511528604206475,0.18839806679207197,-0.22740539283483652,0.20069236130445622,0.4095730185508728,0.38161349881440404,0.02795952718704938,5,trapezoid_from_zero_normalized_by_max_fraction,True,correct,true_positive,high,high,binary
cicids2017_binary,46,1,ATTACK,rid_5689d104e75c20d1ae62639fc1bcd232,mlp,occlusion,insertion,target_class_median,False,True,False,True,1,ATTACK,predicted_class_of_audited_model,1.0,0.9994085205253214,-0.008951836824417114,-0.29105463465782067,0.28210279783340353,0.02640062773564787,0.23035756747153371,-0.18276448348776542,0.1738126466633483,0.424385130405426,0.4167200338840485,0.007665105462074262,5,trapezoid_from_zero_normalized_by_max_fraction,True,correct,true_positive,high,high,binary
cicids2017_binary,46,1,ATTACK,rid_46332a1166bf2a376abd3d6b1cef591c,mlp,occlusion,insertion,target_class_median,False,True,False,True,1,ATTACK,predicted_class_of_audited_model,1.0,0.9994085205253214,-0.1458905816078186,-0.2883097882686336,0.142419206660815,0.027000296651301804,0.08949862522426347,-0.26661546822464743,0.12072488661682881,0.29416292905807495,0.26745488597080114,0.02670805500820279,5,trapezoid_from_zero_normalized_by_max_fraction,True,correct,true_positive,high,high,binary
cicids2017_binary,46,1,ATTACK,rid_eb46a3126b8839da52b19b40a9e5c645,mlp,occlusion,insertion,target_class_median,False,True,False,True,1,ATTACK,predicted_class_of_audited_model,1.0,0.9994085205253214,-0.10935643315315247,-0.32948746970869225,0.22013103655553978,0.026509581348257587,0.16817225711295491,-0.2689088682047477,0.15955243505159525,0.3009971082210541,0.32031812019646166,-0.019321006014943114,5,trapezoid_from_zero_normalized_by_max_fraction,True,correct,true_positive,high,high,binary
cicids2017_binary,46,1,ATTACK,rid_8a7b53354b6c94cccfcb8312c53c68b1,mlp,occlusion,insertion,target_class_median,False,True,False,True,1,ATTACK,predicted_class_of_audited_model,1.0,0.9994085205253214,-0.1446556627750397,-0.29920974307964765,0.15455408030460793,0.02610562660230848,0.10338705216408331,-0.231142720265212,0.08648705749017231,0.2949585020542145,0.2812018738314509,0.013756642378866679,5,trapezoid_from_zero_normalized_by_max_fraction,True,correct,true_positive,high,high,binary
cicids2017_binary,46,1,ATTACK,rid_51182125800d94af836309b8d070a311,mlp,occlusion,insertion,target_class_median,False,True,False,True,1,ATTACK,predicted_class_of_audited_model,1.0,0.9994085205253214,-0.07292026579380036,-0.3010443362112787,0.22812407041747837,0.02634236883114987,0.17649302750842463,-0.25158345388771874,0.17866318809391837,0.35066157579421997,0.35567087434232236,-0.005009313449263589,5,trapezoid_from_zero_normalized_by_max_fraction,True,correct,true_positive,high,high,binary
cicids2017_binary,46,1,ATTACK,rid_1aa3fd28d9fa0d06c5cebcb672ddc684,mlp,occlusion,insertion,target_class_median,False,True,False,True,1,ATTACK,predicted_class_of_audited_model,1.0,0.9994085205253214,-0.04842520654201508,-0.2319990622156397,0.18357385567362458,0.025691541864939424,0.13321843361834332,-0.1673526534162964,0.11892744687428132,0.37435781955718994,0.34768567100167275,0.026672148555517194,5,trapezoid_from_zero_normalized_by_max_fraction,True,correct,true_positive,high,high,binary
cicids2017_binary,46,1,ATTACK,rid_e2cc461658961cfbb86e8fb715750ca2,mlp,occlusion,insertion,target_class_median,False,True,False,True,1,ATTACK,predicted_class_of_audited_model,1.0,0.9994085205253214,-0.1651782900094986,-0.2184318917097281,0.05325360170022951,0.024730354567248414,0.004782106748422617,-0.2190676657269049,0.053889375717406304,0.31159037351608276,0.2626288877055049,0.04896146979182958,5,trapezoid_from_zero_normalized_by_max_fraction,True,correct,true_positive,high,high,binary
cicids2017_binary,46,1,ATTACK,rid_8e407066993c4d736edb4b68b10e4f52,mlp,occlusion,insertion,target_class_median,False,True,False,True,1,ATTACK,predicted_class_of_audited_model,1.0,0.9994085205253214,-0.018540906906127932,-0.2685937611618022,0.25005285425567436,0.026471315893921817,0.1981690751035876,-0.1897028879736033,0.17116198106747538,0.41922062635421753,0.36187605014443397,0.05734455832839012,5,trapezoid_from_zero_normalized_by_max_fraction,True,correct,true_positive,high,high,binary
cicids2017_binary,46,1,ATTACK,rid_1356283bd0164ba8dcdd73ccd3dbee8f,mlp,occlusion,insertion,target_class_median,False,True,False,True,1,ATTACK,predicted_class_of_audited_model,1.0,0.9994085205253214,-0.008135384321212769,-0.21194767516691185,0.20381229084569907,0.024490981906541507,0.15580996630887772,-0.23531058190124943,0.22717519758003665,0.40164169669151306,0.3606908578425646,0.040950850024819366,5,trapezoid_from_zero_normalized_by_max_fraction,True,correct,true_positive,high,high,binary
cicids2017_binary,46,1,ATTACK,rid_2494b0b775424676204029b6eadc8be2,mlp,occlusion,insertion,target_class_median,False,True,False,True,1,ATTACK,predicted_class_of_audited_model,1.0,0.9994085205253214,-0.12176084220409394,-0.3128319827691932,0.1910711405650993,0.02634528499144514,0.13943438198186683,-0.28128348261614555,0.15952264041205166,0.3100244998931885,0.31073507647216314,-0.0007105706185102451,5,trapezoid_from_zero_normalized_by_max_fraction,True,correct,true_positive,high,high,binary
cicids2017_binary,46,1,ATTACK,rid_d56fe4e375bdf0ced8e8cb1e503b09ae,mlp,occlusion,insertion,target_class_median,False,True,False,True,1,ATTACK,predicted_class_of_audited_model,1.0,0.9994085205253214,-0.01357252597808838,-0.26686729777407614,0.2532947717959878,0.02550471605316164,0.203305528331791,-0.2135465681403919,0.19997404216230355,0.3661273121833801,0.30132556200027466,0.06480172410607338,5,trapezoid_from_zero_normalized_by_max_fraction,True,correct,true_positive,high,high,binary
cicids2017_binary,46,0,BENIGN,rid_566acc55b43e4ca74b80cac32be19e53,mlp,occlusion,insertion,target_class_median,False,False,True,True,1,ATTACK,predicted_class_of_audited_model,0.0010218978859484,0.0004304184112698,-0.9452117611279391,-0.8846449599972487,-0.060566801130690434,0.007423499270516599,-0.07511685970090297,-0.5386634140466185,-0.4065483470813206,1.186102032661438,0.9619589307308196,0.2241430065631867,5,trapezoid_from_zero_normalized_by_max_fraction,False,error,false_positive,low,low,binary
cicids2017_binary,46,1,ATTACK,rid_89f71f1a1b346d25cb1c8fab0333b5d0,mlp,occlusion,insertion,target_class_median,False,True,False,True,1,ATTACK,predicted_class_of_audited_model,1.0,0.9994085205253214,-0.20133963748812678,-0.3864258343133138,0.185086196825187,0.02554093294088402,0.13502596826105434,-0.21797382854036007,0.01663419105223328,0.21847935020923615,0.22884111514687538,-0.010361770898103709,5,trapezoid_from_zero_normalized_by_max_fraction,True,correct,true_positive,high,high,binary
cicids2017_binary,46,1,ATTACK,rid_ca6478946d57ca947c42a3738ee48c1b,mlp,occlusion,insertion,target_class_median,False,True,False,True,1,ATTACK,predicted_class_of_audited_model,1.0,0.9994085205253214,-0.18962071985006332,-0.289246513368908,0.09962579351884465,0.02415228973682063,0.05228730563467622,-0.20130675565327727,0.011686035803213951,0.24731354415416718,0.24407375119253993,0.0032398030199110583,5,trapezoid_from_zero_normalized_by_max_fraction,True,correct,true_positive,high,high,binary
cicids2017_binary,46,0,BENIGN,rid_70863f1c52133d2cc6a9a1b7ba846fa9,mlp,occlusion,insertion,target_class_median,False,True,False,True,0,BENIGN,predicted_class_of_audited_model,0.9999995684165128,0.0005910478911914,-1.8859867218001813e-06,-0.001972079437196673,0.001970193450474873,0.0012966251862665018,-0.0005711919146074705,-0.01077031356792954,0.010768427581207742,0.7989081144332886,0.7707953823804855,0.028112755894660956,5,trapezoid_from_zero_normalized_by_max_fraction,True,correct,true_negative,medium,medium,binary
cicids2017_binary,46,0,BENIGN,rid_bfbdf04618e4bc984a3c4246c21fc042,mlp,occlusion,insertion,target_class_median,False,True,False,True,0,BENIGN,predicted_class_of_audited_model,0.999996361079866,0.0005878405545444,-1.4308365280157886e-06,-8.109864161269798e-07,-6.198501118888089e-07,7.27981575709147e-08,-7.625345007278017e-07,-5.1389120812928e-07,-9.169453198865085e-07,0.041173964738845825,0.021823968440294265,0.01934999480843544,5,trapezoid_from_zero_normalized_by_max_fraction,True,correct,true_negative,medium,low,binary
cicids2017_binary,46,0,BENIGN,rid_6e38cf887f2dfed098670ed789185540,mlp,occlusion,insertion,target_class_median,False,False,True,True,1,ATTACK,predicted_class_of_audited_model,0.0008178696152754,0.0002263901405967,-0.9459826807466014,-0.8798953568960756,-0.066087323850526,0.007316713395157918,-0.08042808210503552,-0.5555407717369851,-0.39044190900961645,1.1848422288894653,0.9589356154203414,0.22590652406215667,5,trapezoid_from_zero_normalized_by_max_fraction,False,error,false_positive,low,low,binary
cicids2017_binary,46,1,ATTACK,rid_407fe0cd419a10168734aa7599ff3c7e,mlp,occlusion,insertion,target_class_median,False,True,False,True,1,ATTACK,predicted_class_of_audited_model,1.0,0.9994085205253214,-0.15898912847042085,-0.2630735425091699,0.10408441403874905,0.026154813066144277,0.05282098042910627,-0.27724092695881114,0.11825179848839029,0.2776196002960205,0.239933025194332,0.037686571935191746,5,trapezoid_from_zero_normalized_by_max_fraction,True,correct,true_positive,high,high,binary
cicids2017_binary,46,1,ATTACK,rid_469317ac1b20036f8591e5ad06e4e729,mlp,occlusion,insertion,target_class_median,False,True,False,True,1,ATTACK,predicted_class_of_audited_model,1.0,0.9994085205253214,-0.06423923075199127,-0.2682729265208953,0.204033695768904,0.025937780150067244,0.1531956466747722,-0.19400928474840295,0.12977005399641164,0.3593316078186035,0.3452163379788399,0.014115280270576463,5,trapezoid_from_zero_normalized_by_max_fraction,True,correct,true_positive,high,high,binary
cicids2017_binary,46,0,BENIGN,rid_ce029086a2a4391cf0a82b58dedd2d2d,mlp,occlusion,insertion,target_class_median,False,True,False,True,0,BENIGN,predicted_class_of_audited_model,0.9999997441108236,0.000591223585502,1.7478372948076527e-06,1.2585677579828313e-06,4.892695368248213e-07,4.4242132377162313e-08,4.025549573655831e-07,3.0110502626001787e-07,1.4467322685476345e-06,0.652158260345459,0.3809883327484131,0.27116990375518796,5,trapezoid_from_zero_normalized_by_max_fraction,True,correct,true_negative,medium,medium,binary
cicids2017_binary,46,0,BENIGN,rid_5d83816c055ce550e2ba5ad0b239a54c,mlp,occlusion,insertion,target_class_median,False,True,False,True,0,BENIGN,predicted_class_of_audited_model,0.9999999993645776,0.0005914788392562,-3.3356047197230516e-06,-0.004148800349330678,0.004145464744610955,0.0008987226436116908,0.002383968363132041,-0.00249441989405433,0.002491084289334607,0.6265300512313843,0.5634349501132965,0.06309507131576539,5,trapezoid_from_zero_normalized_by_max_fraction,True,correct,true_negative,medium,medium,binary
cicids2017_binary,46,0,BENIGN,rid_04543e065ddf99b828216c0c30edd5a1,mlp,occlusion,insertion,target_class_median,False,False,True,True,1,ATTACK,predicted_class_of_audited_model,0.1610105633735656,0.1604190838988869,-0.3101342752575874,-0.5797723325369224,0.26963805727933504,0.02296715595663078,0.2246224316043387,-0.45255832518005634,0.14242404992246885,0.49264127016067505,0.34783994713425637,0.14480132898688317,5,trapezoid_from_zero_normalized_by_max_fraction,False,error,false_positive,low,medium,binary
cicids2017_binary,46,0,BENIGN,rid_c5eb42d2d94c9f33b829422d7e3ddb1c,mlp,occlusion,insertion,target_class_median,False,False,True,True,1,ATTACK,predicted_class_of_audited_model,0.0007181295659393,0.0001266500912606,-0.9433302164776249,-0.8473545930334286,-0.09597562344419645,0.009385392188954378,-0.11437099213454703,-0.4092107523921277,-0.5341194640854974,1.0699265003204346,0.7426946001052855,0.3272320253849029,5,trapezoid_from_zero_normalized_by_max_fraction,False,error,false_positive,low,low,binary
cicids2017_binary,46,1,ATTACK,rid_93df33d32566a5d03ecac084704c814f,mlp,occlusion,insertion,target_class_median,False,True,False,True,1,ATTACK,predicted_class_of_audited_model,1.0,0.9994085205253214,-0.11529270112514498,-0.3442696396653275,0.2289769385401825,0.026548660313972,0.17694156432479738,-0.2556973532855018,0.1404046521603568,0.30789750814437866,0.3248928448408842,-0.016995331481099114,5,trapezoid_from_zero_normalized_by_max_fraction,True,correct,true_positive,high,high,binary
cicids2017_binary,46,0,BENIGN,rid_ecd5ab654ec1b8f11a6e2d8be5888bc9,mlp,occlusion,insertion,target_class_median,False,True,False,True,0,BENIGN,predicted_class_of_audited_model,0.9999129233619896,0.0005044028366682,-3.992578987208617e-05,-0.04075055422415007,0.04071062843427798,0.009389923349361546,0.02230637866952935,-0.007911409945832604,0.00787148415596052,0.8307079076766968,0.7807881793975829,0.04991982364654542,5,trapezoid_from_zero_normalized_by_max_fraction,True,correct,true_negative,medium,low,binary
cicids2017_binary,46,0,BENIGN,rid_b70ecb0622de4eb3e3a7dfa95d3d34d6,mlp,occlusion,insertion,target_class_median,False,False,True,True,1,ATTACK,predicted_class_of_audited_model,0.0008520666742697,0.0002605871995911,-0.9443328107947309,-0.8641781988984958,-0.08015461189623514,0.009292262733091979,-0.09836744685309542,-0.48356235081183396,-0.46077045998289695,1.0664453506469727,0.8060249135494232,0.2604204370975494,5,trapezoid_from_zero_normalized_by_max_fraction,False,error,false_positive,low,low,binary
cicids2017_binary,46,0,BENIGN,rid_97982dd319a712d3b46cd983b0e2d461,mlp,occlusion,insertion,target_class_median,False,True,False,True,0,BENIGN,predicted_class_of_audited_model,0.9999999999999942,0.0005914794746728,1.968710507249671e-06,-0.0013166616471021416,0.0013186303576093914,0.0005356844075466652,0.0002686889188179278,-0.0017989841576806077,0.0018009528681878577,2.0783820152282715,1.6040610666275026,0.4743210678100585,5,trapezoid_from_zero_normalized_by_max_fraction,True,correct,true_negative,medium,medium,binary
cicids2017_binary,46,1,ATTACK,rid_da6b30556bb1291c7be54ca06b12c8b7,mlp,occlusion,insertion,target_class_median,False,True,False,True,1,ATTACK,predicted_class_of_audited_model,1.0,0.9994085205253214,-0.1217058002948761,-0.3105792406353012,0.1888734403404251,0.026363992182383604,0.13720001566295326,-0.2112693027964323,0.0895635025015562,0.3132022023200989,0.3108374757021666,0.0023647035211324663,5,trapezoid_from_zero_normalized_by_max_fraction,True,correct,true_positive,high,high,binary
cicids2017_binary,46,1,ATTACK,rid_c80dce30e1df715781dab46e74044bdb,mlp,occlusion,insertion,target_class_median,False,True,False,True,1,ATTACK,predicted_class_of_audited_model,1.0,0.9994085205253214,-0.00100744366645813,-0.18677727659587662,0.1857698329294185,0.024084011896578394,0.13856516961212487,-0.20234485679917225,0.20133741313271414,0.46789827942848206,0.4021541484072804,0.06574409972876312,5,trapezoid_from_zero_normalized_by_max_fraction,True,correct,true_positive,high,high,binary
cicids2017_binary,46,0,BENIGN,rid_8c7dba6b9ac21fcdd14b42025e3ef935,mlp,occlusion,insertion,target_class_median,False,False,True,True,1,ATTACK,predicted_class_of_audited_model,0.0075274263508617,0.0069359468761831,-0.834680555574596,-0.5039778885183914,-0.33070266705620455,0.024729046877226442,-0.3791715989355684,-0.3582421452574781,-0.4764384103171178,0.5598605871200562,0.46486426854133606,0.09499631261825561,5,trapezoid_from_zero_normalized_by_max_fraction,False,error,false_positive,low,medium,binary
cicids2017_binary,46,1,ATTACK,rid_7c2f69461c4f2b82623c47d32d7714b5,mlp,occlusion,insertion,target_class_median,False,True,False,True,1,ATTACK,predicted_class_of_audited_model,1.0,0.9994085205253214,-0.18139428943395616,-0.3449189403531232,0.16352465091916707,0.025385463114906203,0.11376914321395092,-0.26123804298108455,0.07984375354712843,0.24778790771961212,0.3138889033943415,-0.06610098822414875,5,trapezoid_from_zero_normalized_by_max_fraction,True,correct,true_positive,high,high,binary
cicids2017_binary,46,0,BENIGN,rid_37fca82f9548447583b37c1dbae345ac,mlp,occlusion,insertion,target_class_median,False,False,True,True,1,ATTACK,predicted_class_of_audited_model,0.0006807447061873,8.926523150869995e-05,-0.9437782468165097,-0.8598965476034375,-0.0838816992130722,0.008459142360641379,-0.1004616182399293,-0.5079256049906276,-0.435852641825882,1.0384472608566284,0.7564833562374116,0.28196395230293275,5,trapezoid_from_zero_normalized_by_max_fraction,False,error,false_positive,low,low,binary
cicids2017_binary,46,1,ATTACK,rid_21a1094d7454515206ffc4c2b1935241,mlp,occlusion,insertion,target_class_median,False,True,False,True,1,ATTACK,predicted_class_of_audited_model,1.0,0.9994085205253214,-0.035020431876182555,-0.2507960261874109,0.21577559431122836,0.024754485630849612,0.16725680247476313,-0.17347491830974865,0.1384544864335661,0.3884454667568207,0.3416284091174603,0.046817066952586174,5,trapezoid_from_zero_normalized_by_max_fraction,True,correct,true_positive,high,high,binary
cicids2017_binary,46,1,ATTACK,rid_6c3fce54cc1108b8bff9408752bfa515,mlp,occlusion,insertion,target_class_median,False,True,False,True,1,ATTACK,predicted_class_of_audited_model,1.0,0.9994085205253214,-0.185204753279686,-0.3252797104198806,0.14007495714019463,0.02534611594127715,0.09039656989529142,-0.24223162223762829,0.0570268689579423,0.22216644883155823,0.2051923816911876,0.01697407496348024,5,trapezoid_from_zero_normalized_by_max_fraction,True,correct,true_positive,high,high,binary
cicids2017_binary,46,0,BENIGN,rid_891694cbb12651e5534c78fc14406c1e,mlp,occlusion,insertion,target_class_median,False,True,False,True,0,BENIGN,predicted_class_of_audited_model,0.9998504109971692,0.0004418904718477,-1.8392707490377813e-07,-0.00104825643428161,0.0010480725072067065,0.0003222742908420301,0.00041641489715632746,-0.0003117154257068182,0.00031153149863191444,0.9197908639907837,0.775046290397644,0.14474459743499754,5,trapezoid_from_zero_normalized_by_max_fraction,True,correct,true_negative,medium,low,binary
cicids2017_binary,46,1,ATTACK,rid_caf597a34ce18982fc074037af25c1dc,mlp,occlusion,insertion,target_class_median,False,True,False,True,1,ATTACK,predicted_class_of_audited_model,1.0,0.9994085205253214,-0.18612196296453476,-0.2915587094691425,0.10543674650460771,0.025833980336123472,0.05480214504580571,-0.2781073261010016,0.09198536313646681,0.23564788699150085,0.20927490305341784,0.026372978350147604,5,trapezoid_from_zero_normalized_by_max_fraction,True,correct,true_positive,high,high,binary
cicids2017_binary,46,0,BENIGN,rid_6d9f452d34eb1ef9a6754ad9623de0d3,mlp,occlusion,insertion,target_class_median,False,True,False,True,0,BENIGN,predicted_class_of_audited_model,0.9999997762011787,0.0005912556758573,-6.062616682811494e-06,-0.005908959286802136,0.005902896670119324,0.0013905662007883339,0.0031773869165741897,-0.002053193163959948,0.0020471305472771367,0.48537006974220276,0.4845374987125397,0.0008325859308242589,5,trapezoid_from_zero_normalized_by_max_fraction,True,correct,true_negative,medium,medium,binary
cicids2017_binary,46,0,BENIGN,rid_e98d8a25928dd3a72c936708ad629495,mlp,occlusion,insertion,target_class_median,False,True,False,True,0,BENIGN,predicted_class_of_audited_model,0.9999968859985984,0.0005883654732769,-9.708076731840265e-07,-6.681044453671348e-07,-3.0270322781689174e-07,2.974419722592159e-08,-3.6100185437969805e-07,-2.5389129382347165e-07,-7.169163793605548e-07,0.07404769212007523,0.036491356559097764,0.037556331835687164,5,trapezoid_from_zero_normalized_by_max_fraction,True,correct,true_negative,medium,low,binary
cicids2017_binary,46,0,BENIGN,rid_760c37bb2f9358ddfa6d13deea0f95e2,mlp,occlusion,insertion,target_class_median,False,False,True,True,1,ATTACK,predicted_class_of_audited_model,0.0006658071652054,7.432769052679992e-05,-0.9464404951722827,-0.8966390417154186,-0.04980145345686406,0.00709377619770542,-0.06370525480436669,-0.5919341685878556,-0.35450632658442705,1.5636752843856812,1.1443843208551407,0.4192909992933272,5,trapezoid_from_zero_normalized_by_max_fraction,False,error,false_positive,low,low,binary
cicids2017_binary,46,0,BENIGN,rid_af22b4ee575e62de7312457043dad201,mlp,occlusion,insertion,target_class_median,False,False,True,True,1,ATTACK,predicted_class_of_audited_model,0.0122079290449619,0.0116164495702833,-0.5100475893123075,-0.20559400346083567,-0.30445358585147186,0.020430800109980076,-0.3444979540670328,-0.1439160096491687,-0.3661315796631388,0.023475129157304764,0.03440103741968051,-0.010925909193698317,5,trapezoid_from_zero_normalized_by_max_fraction,False,error,false_positive,low,medium,binary
cicids2017_binary,46,0,BENIGN,rid_44c29849a0448ca4a2d06cb3ba914bf2,mlp,occlusion,insertion,target_class_median,False,False,True,True,1,ATTACK,predicted_class_of_audited_model,0.0010273375082761,0.0004358580335974,-0.945949408708384,-0.8734203197227159,-0.07252908898566798,0.008613555355124581,-0.08941165748171216,-0.5456761661804508,-0.4002732425279333,1.2776261568069458,1.0550888669490814,0.22253732562065123,5,trapezoid_from_zero_normalized_by_max_fraction,False,error,false_positive,low,low,binary
cicids2017_binary,46,0,BENIGN,rid_e22ab9cbf16d87a48ca01c05dad56d90,mlp,occlusion,insertion,target_class_median,False,False,True,True,1,ATTACK,predicted_class_of_audited_model,0.0017185928300023,0.0011271133553237,-0.9428607366746292,-0.8772056983430387,-0.06565503833159046,0.007835424224569204,-0.0810124698117461,-0.5047965430434251,-0.4380641936312041,1.2843644618988037,0.8916671987771988,0.39269723927974703,5,trapezoid_from_zero_normalized_by_max_fraction,False,error,false_positive,low,medium,binary
cicids2017_binary,46,0,BENIGN,rid_9a4f6a786084aba7b36291e9c990822f,mlp,occlusion,insertion,target_class_median,False,True,False,True,0,BENIGN,predicted_class_of_audited_model,0.9999983781576702,0.0005898576323488,6.254970315922037e-07,-8.41253141118159e-07,1.4667501727103627e-06,1.7283935967131184e-07,1.1279850277545914e-06,-1.1301677811275112e-06,1.7556648127197148e-06,0.48515772819519043,0.20436323913186788,0.28079445032030337,5,trapezoid_from_zero_normalized_by_max_fraction,True,correct,true_negative,medium,low,binary
cicids2017_binary,46,1,ATTACK,rid_b17381ec2c1e5da8f2e02c5b5bf59293,mlp,occlusion,insertion,target_class_median,False,True,False,True,1,ATTACK,predicted_class_of_audited_model,1.0,0.9994085205253214,-0.029096066951751712,-0.1466050686846091,0.11750900173285742,0.02190030912616447,0.07458439584557505,-0.21250458151003415,0.18340851455828244,0.40154585242271423,0.38361029820144177,0.017935584768652913,5,trapezoid_from_zero_normalized_by_max_fraction,True,correct,true_positive,high,high,binary
cicids2017_binary,46,1,ATTACK,rid_06381e57a9bfcdafcd061e3c23370c7d,mlp,occlusion,insertion,target_class_median,False,True,False,True,1,ATTACK,predicted_class_of_audited_model,1.0,0.9994085205253214,-0.1576970785856247,-0.29144032211074977,0.1337432435251251,0.02514967815936114,0.08444987433277726,-0.24696505454763057,0.08926797596200586,0.2574182450771332,0.26376242318004367,-0.0063441661819815575,5,trapezoid_from_zero_normalized_by_max_fraction,True,correct,true_positive,high,high,binary
cicids2017_binary,46,1,ATTACK,rid_0d198137c5eac75b9db6b287d5f7c208,mlp,occlusion,insertion,target_class_median,False,True,False,True,1,ATTACK,predicted_class_of_audited_model,1.0,0.9994085205253214,-0.16399038434028626,-0.3109027511059016,0.14691236676561534,0.02644223984147548,0.09508557667632339,-0.27923188965173334,0.11524150531144714,0.2660687565803528,0.2577496113851666,0.0083191597238183,5,trapezoid_from_zero_normalized_by_max_fraction,True,correct,true_positive,high,high,binary
cicids2017_binary,46,1,ATTACK,rid_e51ca574c4add1afa61b30ee8d53bd9d,mlp,occlusion,insertion,target_class_median,False,True,False,True,1,ATTACK,predicted_class_of_audited_model,1.0,0.9994085205253214,-0.1572906941175461,-0.3141821523060293,0.1568914581884832,0.025350588260184347,0.1072043051985219,-0.2965882044517568,0.13929751033421064,0.2892909348011017,0.3199228067249059,-0.03063189129531383,5,trapezoid_from_zero_normalized_by_max_fraction,True,correct,true_positive,high,high,binary
cicids2017_binary,46,0,BENIGN,rid_9ed6dfdc7005af87f9b096c8121663b0,mlp,occlusion,insertion,target_class_median,False,True,False,True,0,BENIGN,predicted_class_of_audited_model,0.9999999999583018,0.0005914794329804,-1.0957181318715926e-06,-0.0046158055239371686,0.004614709805805296,0.0015175922575619409,0.0016402289809838914,-0.0018931210184882058,0.001892025300356334,0.7131425142288208,0.6095135250091552,0.10362904286384582,5,trapezoid_from_zero_normalized_by_max_fraction,True,correct,true_negative,medium,medium,binary
cicids2017_binary,46,0,BENIGN,rid_541bf50c81e0dd63312a8f9e857a962b,mlp,occlusion,insertion,target_class_median,False,False,True,True,1,ATTACK,predicted_class_of_audited_model,0.5354564189910889,0.5348649395164102,-0.0276752769947052,-0.4664596689601186,0.4387843919654134,0.024270874745489023,0.39121347746425494,-0.4429131469527311,0.4152378699580259,3.1088969707489014,2.7121627998352054,0.3967342185974121,5,trapezoid_from_zero_normalized_by_max_fraction,False,error,false_positive,low,medium,binary
cicids2017_binary,46,0,BENIGN,rid_8f1f724a79f4ebc8b330bb76eb44e023,mlp,occlusion,insertion,target_class_median,False,False,True,True,1,ATTACK,predicted_class_of_audited_model,0.0021073536481708,0.0015158741734922,-0.7628413100959732,-0.5398394308558854,-0.22300187924008788,0.02733714252507813,-0.276582678589241,-0.4712107772185554,-0.29163053287741786,0.8056028485298157,0.7515849853754043,0.05401787507534028,5,trapezoid_from_zero_normalized_by_max_fraction,False,error,false_positive,low,medium,binary
cicids2017_binary,46,0,BENIGN,rid_087069df6761c679d1eecbceb47917dd,mlp,occlusion,insertion,target_class_median,False,True,False,True,0,BENIGN,predicted_class_of_audited_model,0.999985865324561,0.0005773447992396,-1.141692687269824e-05,-7.56317881734958e-06,-3.85374805534866e-06,1.920910050928877e-07,-4.2302464253307205e-06,-2.344515879485698e-06,-9.072410993212544e-06,0.07383262366056442,0.056850732654333117,0.016981893241405487,5,trapezoid_from_zero_normalized_by_max_fraction,True,correct,true_negative,medium,low,binary
cicids2017_binary,46,0,BENIGN,rid_c8689c9f8d42da0af9f1de86fbc5480b,mlp,occlusion,insertion,target_class_median,False,False,True,True,1,ATTACK,predicted_class_of_audited_model,0.0006554778665304,6.399839185179993e-05,-0.9455738833307805,-0.8563643858983456,-0.08920949743243492,0.00870570892614804,-0.10627268692768507,-0.5013164617723801,-0.4442574215584004,1.221480131149292,0.9558242973089218,0.2656559172868729,5,trapezoid_from_zero_normalized_by_max_fraction,False,error,false_positive,low,low,binary
cicids2017_binary,46,1,ATTACK,rid_5232157fff83d3f89980544dcad32623,mlp,occlusion,insertion,target_class_median,False,True,False,True,1,ATTACK,predicted_class_of_audited_model,1.0,0.9994085205253214,-0.2052284311503172,-0.26482052059185945,0.05959208944154226,0.024148642920325585,0.012260749317704114,-0.2900996454427678,0.08487121429245062,0.19701102375984192,0.2012749877423048,-0.004263958021998397,5,trapezoid_from_zero_normalized_by_max_fraction,True,correct,true_positive,high,high,binary
cicids2017_binary,46,1,ATTACK,rid_d298105465da70296857906eebacbc7c,mlp,occlusion,insertion,target_class_median,False,True,False,True,1,ATTACK,predicted_class_of_audited_model,1.0,0.9994085205253214,-0.011020594835281373,-0.22176216851077446,0.2107415736754931,0.025761999372547098,0.16024805490530078,-0.2218878121523693,0.21086721731708793,0.4435481131076813,0.4127650431916118,0.030783098228275785,5,trapezoid_from_zero_normalized_by_max_fraction,True,correct,true_positive,high,high,binary
cicids2017_binary,46,1,ATTACK,rid_3bf01c7131bf0f9fa6ef0a6a9b8391c2,mlp,occlusion,insertion,target_class_median,False,True,False,True,1,ATTACK,predicted_class_of_audited_model,1.0,0.9994085205253214,-0.0204836905002594,-0.2499600064415058,0.2294763159412464,0.025923619880140865,0.1786660209761703,-0.19989477921740556,0.17941108871714614,0.42221346497535706,0.3963021225631237,0.025911364763975153,5,trapezoid_from_zero_normalized_by_max_fraction,True,correct,true_positive,high,high,binary
cicids2017_binary,46,1,ATTACK,rid_7f727e8f51af3217842313e16b80c670,mlp,occlusion,insertion,target_class_median,False,True,False,True,1,ATTACK,predicted_class_of_audited_model,1.0,0.9994085205253214,-0.1305137723684311,-0.25772700510147667,0.12721323273304558,0.024722137325281928,0.07875784357549301,-0.21076055112372796,0.08024677875529687,0.29927852749824524,0.3156425494402647,-0.016364026412367824,5,trapezoid_from_zero_normalized_by_max_fraction,True,correct,true_positive,high,high,binary
cicids2017_binary,46,1,ATTACK,rid_faf9c7bad93a5648f19f06a04abcf365,mlp,occlusion,insertion,target_class_median,False,True,False,True,1,ATTACK,predicted_class_of_audited_model,1.0,0.9994085205253214,-0.1429478257894516,-0.22417888910141784,0.08123106331196625,0.024205880031261368,0.033787538450693974,-0.2755941294843378,0.13264630369488625,0.28913164138793945,0.26544898728281263,0.023682655595242973,5,trapezoid_from_zero_normalized_by_max_fraction,True,correct,true_positive,high,high,binary
cicids2017_binary,46,1,ATTACK,rid_e9b881ac096e057c398e678529f5178c,mlp,occlusion,insertion,target_class_median,False,True,False,True,1,ATTACK,predicted_class_of_audited_model,1.0,0.9994085205253214,-0.07801740169525147,-0.23616081662188382,0.15814341492663234,0.02530962855811767,0.10853654295272169,-0.23325379563093646,0.155236393935685,0.34891441464424133,0.2881155042350292,0.060798911154270184,5,trapezoid_from_zero_normalized_by_max_fraction,True,correct,true_positive,high,high,binary
cicids2017_binary,46,1,ATTACK,rid_8784094b9cc1da68712dc73856610546,mlp,occlusion,insertion,target_class_median,False,True,False,True,1,ATTACK,predicted_class_of_audited_model,1.0,0.9994085205253214,-0.19277599304914475,-0.2483182490863559,0.055542256037211184,0.024148437899814846,0.008211317753574088,-0.2113365525189823,0.018560559469837534,0.253556489944458,0.21827252396941182,0.03528395330905916,5,trapezoid_from_zero_normalized_by_max_fraction,True,correct,true_positive,high,high,binary
cicids2017_binary,46,1,ATTACK,rid_1b1892f3c60b56ef9fc5f3f9e24bbab3,mlp,occlusion,insertion,target_class_median,False,True,False,True,1,ATTACK,predicted_class_of_audited_model,1.0,0.9994085205253214,-0.13838287591934206,-0.3057105906699402,0.16732771475059816,0.025001917317216116,0.11832395680885457,-0.24503480014384746,0.10665192422450542,0.28685736656188965,0.30875522453337906,-0.021897869892418376,5,trapezoid_from_zero_normalized_by_max_fraction,True,correct,true_positive,high,high,binary
cicids2017_binary,46,0,BENIGN,rid_490c89997272b274c71bfad035a389ea,mlp,occlusion,insertion,target_class_median,False,True,False,True,0,BENIGN,predicted_class_of_audited_model,0.99999547883408,0.0005869583087587,-2.196675029608741e-06,-1.6329806336443655e-06,-5.636943959643758e-07,7.961408825516734e-08,-7.197380089445038e-07,-8.008135737327393e-07,-1.3958614558760018e-06,0.06821513175964355,0.03990045629069209,0.028314679194241764,5,trapezoid_from_zero_normalized_by_max_fraction,True,correct,true_negative,medium,low,binary
cicids2017_binary,46,1,ATTACK,rid_0ef86dce6a71b148302af11eb5c1fa82,mlp,occlusion,insertion,target_class_median,False,True,False,True,1,ATTACK,predicted_class_of_audited_model,1.0,0.9994085205253214,-0.13678724467754363,-0.34215311354619277,0.20536586886864916,0.0255362557664302,0.15531480756644597,-0.27149590891507674,0.1347086642375331,0.2958165109157562,0.30973864924907685,-0.013922139078378673,5,trapezoid_from_zero_normalized_by_max_fraction,True,correct,true_positive,high,high,binary
cicids2017_binary,46,1,ATTACK,rid_62c49cdcb1417f9a98271d25fda2a1f5,mlp,occlusion,insertion,target_class_median,False,True,False,True,1,ATTACK,predicted_class_of_audited_model,1.0,0.9994085205253214,-0.11778652369976043,-0.303603679451353,0.18581715575159258,0.025555039465348057,0.13572927839951038,-0.25609263120469206,0.1383061075049316,0.3276740610599518,0.33311967039108276,-0.0054456070959568005,5,trapezoid_from_zero_normalized_by_max_fraction,True,correct,true_positive,high,high,binary
cicids2017_binary,46,1,ATTACK,rid_4e9e484d6d78af5368531ac22acc5940,mlp,occlusion,insertion,target_class_median,False,True,False,True,1,ATTACK,predicted_class_of_audited_model,1.0,0.9994085205253214,-0.051794901490211494,-0.2512847635058837,0.19948986201567218,0.0262512988734959,0.1480373162236202,-0.2294206004556099,0.17762569896539843,0.38704487681388855,0.378336579784751,0.008708295539021475,5,trapezoid_from_zero_normalized_by_max_fraction,True,correct,true_positive,high,high,binary
cicids2017_binary,46,0,BENIGN,rid_975a14975027ed8cf9a5f51f97d69d47,mlp,occlusion,insertion,target_class_median,False,True,False,True,0,BENIGN,predicted_class_of_audited_model,0.999999999999994,0.0005914794746726,1.9687074376384393e-06,-5.569030069193792e-05,5.765900812957637e-05,2.4087275297968343e-05,1.044794854555842e-05,-0.0007688294542434233,0.0007707981616810618,2.0061776638031006,1.5703676571846006,0.4358099589347839,5,trapezoid_from_zero_normalized_by_max_fraction,True,correct,true_negative,medium,medium,binary
cicids2017_binary,46,0,BENIGN,rid_573c3a31d4ff09664e0f22c1a9484f27,mlp,occlusion,insertion,target_class_median,False,True,False,True,0,BENIGN,predicted_class_of_audited_model,0.9999996694168658,0.0005911488915443,1.662798191759407e-06,9.152805687584476e-07,7.475176230009595e-07,7.166187632479171e-08,6.070603454043677e-07,-3.438663667054698e-08,1.6971848284299538e-06,0.2997361123561859,0.2942754719257355,0.00546064639091492,5,trapezoid_from_zero_normalized_by_max_fraction,True,correct,true_negative,medium,medium,binary
cicids2017_binary,46,0,BENIGN,rid_38176129e8c2e0fd7b9f1ce0f4f00d04,mlp,occlusion,insertion,target_class_median,False,False,True,True,1,ATTACK,predicted_class_of_audited_model,0.0011100348783656,0.000518555403687,-0.7962026579887607,-0.7451305217414337,-0.05107213624732682,0.013144938437248411,-0.0768362155843337,-0.3629827898382209,-0.4332198681505397,0.4244369566440582,0.3681473381221294,0.05628961256146431,5,trapezoid_from_zero_normalized_by_max_fraction,False,error,false_positive,low,low,binary
cicids2017_binary,46,1,ATTACK,rid_a6f0d2efc8215f0508db29e97ca1001f,mlp,occlusion,insertion,target_class_median,False,True,False,True,1,ATTACK,predicted_class_of_audited_model,1.0,0.9994085205253214,-0.1418693095445633,-0.24684233180013893,0.10497302225557563,0.02564854912173776,0.054701865976969626,-0.26779573831277914,0.1259264287682158,0.28101712465286255,0.2888988521844148,-0.007881729021668438,5,trapezoid_from_zero_normalized_by_max_fraction,True,correct,true_positive,high,high,binary
cicids2017_binary,46,0,BENIGN,rid_19fbd5ab00303c4fa93f37fd9b4d4c88,mlp,occlusion,insertion,target_class_median,False,True,False,True,0,BENIGN,predicted_class_of_audited_model,0.9999997657378116,0.0005912452124902,1.7286630139778937e-06,1.2150302162439177e-06,5.136327977339761e-07,3.047029065854443e-08,4.53911028043229e-07,3.906194585283629e-07,1.3380435554495304e-06,0.4845566749572754,0.22554930856823924,0.25900735446810724,5,trapezoid_from_zero_normalized_by_max_fraction,True,correct,true_negative,medium,medium,binary
cicids2017_binary,46,1,ATTACK,rid_b161464e7161dfacc99c114813ec1b39,mlp,occlusion,insertion,target_class_median,False,True,False,True,1,ATTACK,predicted_class_of_audited_model,1.0,0.9994085205253214,0.0004771828651428222,-0.09336325062662627,0.0938404334917691,0.013303066894661977,0.06776642237823162,-0.3494727964157255,0.34994997928086835,1.0825865268707275,1.0089489133358003,0.07363758969306945,5,trapezoid_from_zero_normalized_by_max_fraction,True,correct,true_positive,high,high,binary
cicids2017_binary,46,0,BENIGN,rid_ca0e4cbc50d2f7dfe3556452147b60f0,mlp,occlusion,insertion,target_class_median,False,True,False,True,0,BENIGN,predicted_class_of_audited_model,0.999788182307384,0.0003796617820626,-0.00017309559107161476,-0.00016637645603896092,-6.719135032653868e-06,5.1114803295169825e-06,-1.6737636478507153e-05,-4.604323290891444e-05,-0.00012705235816270032,0.40776675939559937,0.24841100688278678,0.15935577933490278,5,trapezoid_from_zero_normalized_by_max_fraction,True,correct,true_negative,medium,low,binary
cicids2017_binary,46,0,BENIGN,rid_9efd86602a5385a2a95289523eb3ac70,mlp,occlusion,insertion,target_class_median,False,True,False,True,0,BENIGN,predicted_class_of_audited_model,0.9999967478574944,0.000588227332173,-1.1563849511730952e-06,-7.237523864205287e-07,-4.326325647525664e-07,3.967847967138789e-08,-5.104023849084867e-07,-3.1684191526437643e-07,-8.395430359087187e-07,0.07336506247520447,0.03601216945052147,0.03735289078950882,5,trapezoid_from_zero_normalized_by_max_fraction,True,correct,true_negative,medium,low,binary
cicids2017_binary,46,0,BENIGN,rid_00a8aa6dc5d02412a6de923761e7e3f7,mlp,occlusion,insertion,target_class_median,False,True,False,True,0,BENIGN,predicted_class_of_audited_model,1.0,0.0005914794746786,1.9687105350385536e-06,-0.0014283704386098932,0.0014303391491449317,0.00034106905408113914,0.0007618438031458991,-0.005042932960880198,0.005044901671415237,3.0582377910614014,2.28598934173584,0.7722484731674195,5,trapezoid_from_zero_normalized_by_max_fraction,True,correct,true_negative,high,medium,binary
cicids2017_binary,46,0,BENIGN,rid_f926fc93fc3560c8978d787f9f9b030f,mlp,occlusion,insertion,target_class_median,False,False,True,True,1,ATTACK,predicted_class_of_audited_model,0.0098836561664938,0.0092921766918152,-0.9105406461863805,-0.5858703422186464,-0.32467030396773405,0.02656075095746847,-0.37672937584437227,-0.4864060103917344,-0.42413463579464594,2.297633171081543,2.5555991177558894,-0.257965922832489,5,trapezoid_from_zero_normalized_by_max_fraction,False,error,false_positive,low,medium,binary
cicids2017_binary,46,0,BENIGN,rid_bf5879af6b9ed09bb4048e353456451f,mlp,occlusion,insertion,target_class_median,False,True,False,True,0,BENIGN,predicted_class_of_audited_model,0.9999999999988958,0.0005914794735743,1.9686999404522344e-06,-0.0002636666497869857,0.000265635349727438,0.00015453465231362803,-3.725256880727297e-05,-0.0005415223406667984,0.0005434910406072506,2.3110337257385254,2.0813292112350466,0.22970451450347892,5,trapezoid_from_zero_normalized_by_max_fraction,True,correct,true_negative,medium,medium,binary
cicids2017_binary,46,0,BENIGN,rid_4e675e80c8e3306f2366473cf11ab0ac,mlp,occlusion,insertion,target_class_median,False,True,False,True,0,BENIGN,predicted_class_of_audited_model,0.9998119741794652,0.000403453654144,-0.00015996760300763803,-0.0008363013920110744,0.0006763337890034365,0.00014250894109219694,0.00039701626446273045,-0.0017455684943786887,0.0015856008913710507,1.8957445621490479,1.966881153821945,-0.07113680624961856,5,trapezoid_from_zero_normalized_by_max_fraction,True,correct,true_negative,medium,low,binary
cicids2017_binary,46,0,BENIGN,rid_ffa24a48dd2983c6dca365eed31ea353,mlp,occlusion,insertion,target_class_median,False,False,True,True,1,ATTACK,predicted_class_of_audited_model,0.1042201444506645,0.1036286649759859,-0.4355675697320038,-0.1900340917879554,-0.2455334779440484,0.017567929052642508,-0.27996661888722774,-0.5130016672201536,0.07743409748814978,4.723090171813965,5.655353598594665,-0.9322631406784059,5,trapezoid_from_zero_normalized_by_max_fraction,False,error,false_positive,low,medium,binary
cicids2017_binary,46,0,BENIGN,rid_8496b91f72a2d99ec685695fd2a8a199,mlp,occlusion,insertion,target_class_median,False,True,False,True,0,BENIGN,predicted_class_of_audited_model,0.9999989949989184,0.0005904744735971,1.5831838171664892e-06,-0.015595195460885116,0.015596778644702283,0.006191222817948683,0.0034619819215228644,-0.007883751619009746,0.007885334802826912,2.253629684448242,1.7834346752166748,0.4701949377059937,5,trapezoid_from_zero_normalized_by_max_fraction,True,correct,true_negative,medium,low,binary
cicids2017_binary,46,0,BENIGN,rid_bbf14f7fcbf6d6800407135e3d149019,mlp,occlusion,insertion,target_class_median,False,True,False,True,0,BENIGN,predicted_class_of_audited_model,0.9997462586034088,0.0003377380780876,-0.00019605618126661284,-0.00013153740108032253,-6.451878018629032e-05,3.874234773493397e-06,-7.211228034233737e-05,-1.7097812223823896e-05,-0.00017895836904278895,0.30505943298339844,0.17472220593690874,0.13033726876974105,5,trapezoid_from_zero_normalized_by_max_fraction,True,correct,true_negative,medium,low,binary
cicids2017_binary,46,0,BENIGN,rid_75b129c224661d8dd23bb6a8bd175503,mlp,occlusion,insertion,target_class_median,False,True,False,True,0,BENIGN,predicted_class_of_audited_model,0.9999999966113376,0.0005914760860161,1.9686726197565285e-06,-0.0027897845299876657,0.002791753202607422,0.0015501142829256688,-0.000246470791926889,-0.02630540206434675,0.026307370736966505,7.391820430755615,4.967770120620727,2.42405073928833,5,trapezoid_from_zero_normalized_by_max_fraction,True,correct,true_negative,medium,medium,binary
cicids2017_binary,46,0,BENIGN,rid_a89bfa21ffacfde7a89fb6ad5e660b02,mlp,occlusion,insertion,target_class_median,False,False,True,True,1,ATTACK,predicted_class_of_audited_model,0.0013308533234521,0.0007393738487735,-0.9442291803054106,-0.8757905057582425,-0.06843867454716784,0.00785805262815941,-0.0838404576983603,-0.5300402378401572,-0.4141889424652533,1.1989175081253052,0.9679106212854386,0.2310068629980087,5,trapezoid_from_zero_normalized_by_max_fraction,False,error,false_positive,low,medium,binary
cicids2017_binary,46,0,BENIGN,rid_7912c863659518b36c41df99a87c5b56,mlp,occlusion,insertion,target_class_median,False,True,False,True,0,BENIGN,predicted_class_of_audited_model,0.9999853015406188,0.0005767810152974,-1.018191699131421e-05,-8.114291763604342e-06,-2.0676252277098687e-06,2.7257829653053076e-07,-2.601878688909709e-06,-2.9319386281940753e-06,-7.249978363120135e-06,0.2127462923526764,0.1151273072436452,0.09761898212879896,5,trapezoid_from_zero_normalized_by_max_fraction,True,correct,true_negative,medium,low,binary
cicids2017_binary,46,0,BENIGN,rid_a20824ef144ecdc3922bcc1a96955450,mlp,occlusion,insertion,target_class_median,False,True,False,True,0,BENIGN,predicted_class_of_audited_model,0.9999932551195344,0.0005847345942128,-4.69106380478479e-06,-3.458048104334921e-06,-1.2330157004498688e-06,1.5991102088286334e-07,-1.5464413013802809e-06,-1.2647401655385692e-06,-3.4263236392462206e-06,0.11469171941280365,0.05454269865900278,0.060149016283452504,5,trapezoid_from_zero_normalized_by_max_fraction,True,correct,true_negative,medium,low,binary
cicids2017_binary,46,0,BENIGN,rid_8758fdc4ff5685ecde53b61ff765e3ed,mlp,occlusion,insertion,target_class_median,False,True,False,True,0,BENIGN,predicted_class_of_audited_model,0.9998873611475574,0.000478840622236,-8.706223161389915e-05,-0.00010436309501822905,1.7300863404329905e-05,6.276314210834389e-06,4.999287551094502e-06,-0.00010931187349685345,2.2249641882954303e-05,0.4350857138633728,0.31758572663366796,0.11750002299249174,5,trapezoid_from_zero_normalized_by_max_fraction,True,correct,true_negative,medium,low,binary
cicids2017_binary,46,0,BENIGN,rid_48f94ae286d65222dfc44ac8512c5662,mlp,occlusion,insertion,target_class_median,False,True,False,True,0,BENIGN,predicted_class_of_audited_model,0.99995819799733,0.0005496774720085,-3.546126542914862e-05,-2.6299645373569544e-05,-9.161620055579077e-06,9.93575282657083e-07,-1.110902760958696e-05,-7.894250052345342e-06,-2.756701537680328e-05,0.2092437744140625,0.09717167050391436,0.11207210689038039,5,trapezoid_from_zero_normalized_by_max_fraction,True,correct,true_negative,medium,low,binary
cicids2017_binary,46,0,BENIGN,rid_c48998b335b5469e20d69cd600e86b7c,mlp,occlusion,insertion,target_class_median,False,False,True,True,1,ATTACK,predicted_class_of_audited_model,0.0008195675909519,0.0002280881162733,-0.9443944962702517,-0.871585298003712,-0.07280919826653974,0.00784163364676864,-0.08817880021420627,-0.4610939510649639,-0.48330054520528776,1.0444397926330566,0.7998268823623657,0.2446129519939423,5,trapezoid_from_zero_normalized_by_max_fraction,False,error,false_positive,low,low,binary
cicids2017_binary,46,0,BENIGN,rid_67ee6355cb8386fb76545c2d34eab1c8,mlp,occlusion,insertion,target_class_median,False,False,True,True,1,ATTACK,predicted_class_of_audited_model,0.0165551155805587,0.0159636361058801,-0.9373439801391057,-0.44453823648390234,-0.49280574365520335,0.025878269569027362,-0.543527152010497,-0.4735517433149864,-0.4637922368241193,4.267159461975098,4.948640098571778,-0.6814803504943847,5,trapezoid_from_zero_normalized_by_max_fraction,False,error,false_positive,low,medium,binary
cicids2017_binary,46,0,BENIGN,rid_738fb70158d37651b76ada1e423e77c9,mlp,occlusion,insertion,target_class_median,False,True,False,True,0,BENIGN,predicted_class_of_audited_model,0.9999755212684248,0.0005670007431035,1.8658154343986767e-06,-0.021163668831548597,0.021165534646982995,0.0073070554678444,0.00684370593000797,-0.006188900985831263,0.006190766801265662,1.2643678188323975,0.9809128142595291,0.2834550105333328,5,trapezoid_from_zero_normalized_by_max_fraction,True,correct,true_negative,medium,low,binary
cicids2017_binary,46,0,BENIGN,rid_cd682ca793c52cc1ebe362c9399373b5,mlp,occlusion,insertion,target_class_median,False,True,False,True,0,BENIGN,predicted_class_of_audited_model,0.9999999472874066,0.0005914267620851,-0.0001261158701709064,-0.022986937535936888,0.02286082166576598,0.008315237010601165,0.006562957124987695,-0.005997666312725033,0.005871550442554126,0.6818544864654541,0.5188130830526353,0.16304137957096101,5,trapezoid_from_zero_normalized_by_max_fraction,True,correct,true_negative,medium,medium,binary
cicids2017_binary,46,0,BENIGN,rid_31e4125e46c7e94e4315f45742a03086,mlp,occlusion,insertion,target_class_median,False,True,False,True,0,BENIGN,predicted_class_of_audited_model,0.9999998223545816,0.0005913018292602,1.9617376919467412e-06,-0.01672315178280451,0.016725113520496458,0.005350721587785015,0.006237699208437829,-0.015439381808797016,0.015441343546488965,2.033120632171631,1.4808931953907014,0.5522276513576506,5,trapezoid_from_zero_normalized_by_max_fraction,True,correct,true_negative,medium,medium,binary
cicids2017_binary,46,0,BENIGN,rid_0ee6964c28005d1134f467286c086ae0,mlp,occlusion,insertion,target_class_median,False,False,True,True,1,ATTACK,predicted_class_of_audited_model,0.000711454253178,0.0001199747784993,-0.9456293695384375,-0.8733623441843528,-0.0722670253540846,0.008560731609106741,-0.0890460593079338,-0.5392360028803278,-0.4063933666581096,1.1205999851226807,0.8547443587779998,0.26585551309585564,5,trapezoid_from_zero_normalized_by_max_fraction,False,error,false_positive,low,low,binary
cicids2017_binary,46,0,BENIGN,rid_33c74b66d36ad400cee70e3459c4f9a1,mlp,occlusion,insertion,target_class_median,False,False,True,True,1,ATTACK,predicted_class_of_audited_model,0.0442583598196506,0.043666880344972,-0.8988379624366645,-0.8224662214603908,-0.07637174097627349,0.013636851145225377,-0.10309996922091522,-0.5641079141926519,-0.3347300482440125,1.8326375484466553,1.3533611323833465,0.47927651143074035,5,trapezoid_from_zero_normalized_by_max_fraction,False,error,false_positive,low,medium,binary
cicids2017_binary,46,0,BENIGN,rid_404e4a59dddfd125b37146daf3a4bb51,mlp,occlusion,insertion,target_class_median,False,True,False,True,0,BENIGN,predicted_class_of_audited_model,0.9999999997918276,0.000591479266506,1.9635921715943637e-06,-0.013122067546094256,0.01312403113826585,0.004478839437398519,0.004345505840964752,-0.009992662528890812,0.009994626121062408,1.68389093875885,1.355069128751755,0.32882177424430853,5,trapezoid_from_zero_normalized_by_max_fraction,True,correct,true_negative,medium,medium,binary
cicids2017_binary,46,0,BENIGN,rid_17767d860612eb92ec94b81fde3edd9e,mlp,occlusion,insertion,target_class_median,False,False,True,True,1,ATTACK,predicted_class_of_audited_model,0.0015570735558867,0.000965594081208,-0.9439734046711237,-0.8791235734935726,-0.0648498311775511,0.008236740419528064,-0.0809938423998261,-0.5205642149376261,-0.42340918973349767,1.156930923461914,0.9430978997945785,0.2138329819440842,5,trapezoid_from_zero_normalized_by_max_fraction,False,error,false_positive,low,medium,binary
cicids2017_binary,46,0,BENIGN,rid_c9d6beebeeb6e075b5be1f02bb66a9a2,mlp,occlusion,insertion,target_class_median,False,True,False,True,0,BENIGN,predicted_class_of_audited_model,0.9999972244363562,0.0005887039110347,-3.7400608022153394e-06,-0.002878503134533997,0.0028747630737317813,0.0006424355186123861,0.0016155894572515046,-0.00104607662652337,0.0010423365657211549,0.7982708215713501,0.7444047528505324,0.053866068720817596,5,trapezoid_from_zero_normalized_by_max_fraction,True,correct,true_negative,medium,low,binary
cicids2017_binary,46,0,BENIGN,rid_43274cae4f335cd2e483d913b1cf0b56,mlp,occlusion,insertion,target_class_median,False,False,True,True,1,ATTACK,predicted_class_of_audited_model,0.0006323402049019,4.08607302233e-05,-0.9460767464611308,-0.9015617738627171,-0.044514972598413735,0.0063703759071946356,-0.057000909376515224,-0.4759549888500938,-0.4701217576110369,1.2511184215545654,1.0353907333612442,0.215727735877037,5,trapezoid_from_zero_normalized_by_max_fraction,False,error,false_positive,low,low,binary
cicids2017_binary,46,0,BENIGN,rid_29abb4587de9f66544316c349f6c8ae9,mlp,occlusion,insertion,target_class_median,False,True,False,True,0,BENIGN,predicted_class_of_audited_model,0.9999999999999988,0.0005914794746772,1.9687089599984552e-06,-0.00038697054729029413,0.0003889392562502926,0.0002059779525968678,-1.4777530839568264e-05,-0.002890053869070345,0.002892022578030343,2.042196750640869,1.8212921509742734,0.22090462350845344,5,trapezoid_from_zero_normalized_by_max_fraction,True,correct,true_negative,high,medium,binary
cicids2017_binary,46,0,BENIGN,rid_25e2bb619b65a6334f8a28659c35b7c1,mlp,occlusion,insertion,target_class_median,False,False,True,True,1,ATTACK,predicted_class_of_audited_model,0.0013893332798033,0.0007978538051247,-0.9436285246760235,-0.8765487197055324,-0.06707980497049112,0.009282441788817259,-0.08527339087657296,-0.4926892686433494,-0.45093925603267415,1.0577281713485718,0.8427305555343629,0.2149975800514221,5,trapezoid_from_zero_normalized_by_max_fraction,False,error,false_positive,low,medium,binary
cicids2017_binary,46,0,BENIGN,rid_d299090fcdf84f6c9f5ae25b87eb79e0,mlp,occlusion,insertion,target_class_median,False,False,True,True,1,ATTACK,predicted_class_of_audited_model,0.001185136497952,0.0005936570232734,-0.943454775153441,-0.8711782009917184,-0.07227657416172269,0.008847688745221304,-0.08961804410235644,-0.48106475523567405,-0.4623900199177669,1.0839415788650513,0.8219210953712464,0.26202045965194704,5,trapezoid_from_zero_normalized_by_max_fraction,False,error,false_positive,low,medium,binary
cicids2017_binary,46,0,BENIGN,rid_576ab03eda22c9324601ba233da161c3,mlp,occlusion,insertion,target_class_median,False,True,False,True,0,BENIGN,predicted_class_of_audited_model,0.9999999450226652,0.0005914244973439,1.967273686914739e-06,-0.015229714664555269,0.015231681938242182,0.005757436012991392,0.003947107352779054,-0.0057654008550030895,0.005767368128690004,1.3767633438110352,1.0100635969638823,0.36669972300529485,5,trapezoid_from_zero_normalized_by_max_fraction,True,correct,true_negative,medium,medium,binary
cicids2017_binary,46,0,BENIGN,rid_59592a75017d75f3c5c8aa1b1670312d,mlp,occlusion,insertion,target_class_median,False,True,False,True,0,BENIGN,predicted_class_of_audited_model,0.999995394659436,0.0005868741341145,-2.2884490249452938e-06,-1.5967074867830889e-06,-6.91741538162205e-07,7.75731690543254e-08,-8.437849495086828e-07,-5.87409950867368e-07,-1.7010390740779257e-06,0.07426340878009796,0.04286354787275195,0.03139986239746213,5,trapezoid_from_zero_normalized_by_max_fraction,True,correct,true_negative,medium,low,binary
cicids2017_binary,46,0,BENIGN,rid_a015297c2d8f5f21cb12561a0da20e3d,mlp,occlusion,insertion,target_class_median,False,True,False,True,0,BENIGN,predicted_class_of_audited_model,0.9999999099025558,0.0005913893772344,1.944331975106683e-06,-0.012693691864324886,0.012695636196299993,0.004144329345438433,0.004572750679240666,-0.007250612010387654,0.007252556342362761,1.5012824535369873,1.3100014488697052,0.1912810046672821,5,trapezoid_from_zero_normalized_by_max_fraction,True,correct,true_negative,medium,medium,binary
cicids2017_binary,46,0,BENIGN,rid_cf05a87d3be1cefdf0b2e3b47d86acbb,mlp,occlusion,insertion,target_class_median,False,True,False,True,0,BENIGN,predicted_class_of_audited_model,0.9999896337521932,0.0005811132268717,-1.2700189063252765e-05,-4.301205563592703e-06,-8.398983499660062e-06,2.1619015629711707e-07,-8.822716206002412e-06,-1.389329955827634e-06,-1.1310859107425131e-05,0.05590806156396866,0.05050163976848125,0.005406422540545463,5,trapezoid_from_zero_normalized_by_max_fraction,True,correct,true_negative,medium,low,binary
cicids2017_binary,46,0,BENIGN,rid_d2153ff0be36c656f979a303ac30c363,mlp,occlusion,insertion,target_class_median,False,False,True,True,1,ATTACK,predicted_class_of_audited_model,0.000997703638859,0.0004062241641803,-0.9450037233153125,-0.8841914738889538,-0.06081224942635864,0.0072085698939604315,-0.07494104641852109,-0.5447258908170962,-0.4002778324982163,1.1086841821670532,0.8947727053165435,0.21391147685050965,5,trapezoid_from_zero_normalized_by_max_fraction,False,error,false_positive,low,low,binary
cicids2017_binary,46,0,BENIGN,rid_16a5dcaff82be6659ceb8badc1d1cbc8,mlp,occlusion,insertion,target_class_median,False,False,True,True,1,ATTACK,predicted_class_of_audited_model,0.0012150056427344,0.0006235261680557,-0.9457809704712419,-0.8960247194203158,-0.049756251050925966,0.006958612888335607,-0.06339513231206376,-0.5219534147849516,-0.42382755568629016,1.2263531684875488,0.9668993579149247,0.2594537628889083,5,trapezoid_from_zero_normalized_by_max_fraction,False,error,false_positive,low,medium,binary
cicids2017_binary,46,0,BENIGN,rid_10e1ffd3024894e3dc4f3a42f187b985,mlp,occlusion,insertion,target_class_median,False,False,True,True,1,ATTACK,predicted_class_of_audited_model,0.0011487684678286,0.0005572889931499,-0.944027533930057,-0.8514212245412913,-0.09260630938876557,0.009594112520694024,-0.11141076992932586,-0.5002926932215882,-0.4437348407084687,1.0321507453918457,0.7934195028543473,0.2387312842607498,5,trapezoid_from_zero_normalized_by_max_fraction,False,error,false_positive,low,low,binary
cicids2017_binary,46,0,BENIGN,rid_bbe7b9f096241b542d1bd97d37ae1d09,mlp,occlusion,insertion,target_class_median,False,True,False,True,0,BENIGN,predicted_class_of_audited_model,0.9999999999998954,0.0005914794745739,1.9687072079110914e-06,-0.000487702322233148,0.0004896710294410592,0.0001786020435754669,0.00013961102403314406,-0.0024326114227482595,0.0024345801299561704,1.5887495279312134,1.2807049646377564,0.30804458713531496,5,trapezoid_from_zero_normalized_by_max_fraction,True,correct,true_negative,medium,medium,binary
cicids2017_binary,46,0,BENIGN,rid_3d336a6d73aec3edfdfa1f4990f17477,mlp,occlusion,insertion,target_class_median,False,True,False,True,0,BENIGN,predicted_class_of_audited_model,0.999992220770764,0.0005837002454427,-5.439443452814884e-06,-3.5499930726246023e-06,-1.8894503801902829e-06,1.3578281065171746e-07,-2.155584689067649e-06,-1.484671781099678e-06,-3.954771671715207e-06,0.10270023345947266,0.04247465128265321,0.06022558366693557,5,trapezoid_from_zero_normalized_by_max_fraction,True,correct,true_negative,medium,low,binary
cicids2017_binary,46,0,BENIGN,rid_2b8b5d73c5f1426bd19a2f530bb5249a,mlp,occlusion,insertion,target_class_median,False,True,False,True,0,BENIGN,predicted_class_of_audited_model,0.999999999998223,0.0005914794729015,1.9686132331775408e-06,-0.007215210830145875,0.007217179443379052,0.003672531492026064,1.9017719007966526e-05,-0.0018824769135417888,0.0018844455267749663,2.0644962787628174,1.5364095311164856,0.528086699962616,5,trapezoid_from_zero_normalized_by_max_fraction,True,correct,true_negative,medium,medium,binary
cicids2017_binary,46,0,BENIGN,rid_36accd7ba3e5e1d29c2de2096f079d4d,mlp,occlusion,insertion,target_class_median,False,False,True,True,1,ATTACK,predicted_class_of_audited_model,0.1423956304788589,0.1418041510041802,-0.1270323723554611,-0.47892065854099203,0.3518882861855309,0.024388796331997226,0.3040862453748164,-0.45254480882173187,0.3255124364662707,1.737666368484497,1.7509393675327303,-0.01327314209938053,5,trapezoid_from_zero_normalized_by_max_fraction,False,error,false_positive,low,medium,binary
cicids2017_binary,46,0,BENIGN,rid_49ce8e05264e5aa4ca90818a8c098f95,mlp,occlusion,insertion,target_class_median,False,True,False,True,0,BENIGN,predicted_class_of_audited_model,0.9999818400556252,0.0005733195303036,-1.5229003815875333e-05,-1.0868214638549034e-05,-4.360789177326296e-06,3.263442675056246e-07,-5.00042394163732e-06,-3.834985886214781e-06,-1.139401792966055e-05,0.1308879554271698,0.05462111609429121,0.07626684380322694,5,trapezoid_from_zero_normalized_by_max_fraction,True,correct,true_negative,medium,low,binary
cicids2017_binary,46,0,BENIGN,rid_218adb25f7da8734889649a3c04b6cc0,mlp,occlusion,insertion,target_class_median,False,True,False,True,0,BENIGN,predicted_class_of_audited_model,0.9999999893780602,0.0005914688527388,1.9676174261240576e-06,-0.006522699909204205,0.006524667526630329,0.0030223821710454904,0.0006007984713811681,-0.01157362757352153,0.011575595190947655,1.4351918697357178,1.1453977267742157,0.2897940952777862,5,trapezoid_from_zero_normalized_by_max_fraction,True,correct,true_negative,medium,medium,binary
cicids2017_binary,46,0,BENIGN,rid_6fb4e963cb5cb7966bf59bf42b943c3f,mlp,occlusion,insertion,target_class_median,False,False,True,True,1,ATTACK,predicted_class_of_audited_model,0.0009801760315895,0.0003886965569109,-0.9408349270070175,-0.881639021342939,-0.059195905664078514,0.008036194335563619,-0.07494684656178321,-0.4561935388953626,-0.48464138811165497,1.0894931554794312,0.8572650266885757,0.23222817647457122,5,trapezoid_from_zero_normalized_by_max_fraction,False,error,false_positive,low,low,binary
cicids2017_binary,46,0,BENIGN,rid_11058294fd9f2ee2f9a8f51f08f4fc4c,mlp,occlusion,insertion,target_class_median,False,True,False,True,0,BENIGN,predicted_class_of_audited_model,0.9999962814545142,0.0005877609291928,-3.5310409657540728e-06,-1.014839432627923e-06,-2.51620153312615e-06,7.986082563472862e-08,-2.6727287513702182e-06,-6.158251504757573e-07,-2.9152158152783155e-06,0.06187330558896065,0.0355618759021163,0.02631143043190241,5,trapezoid_from_zero_normalized_by_max_fraction,True,correct,true_negative,medium,low,binary
cicids2017_binary,46,0,BENIGN,rid_8aaa9e0ebb0532091fd178b435845ee8,mlp,occlusion,insertion,target_class_median,False,False,True,True,1,ATTACK,predicted_class_of_audited_model,0.0046414756216108,0.0040499961469322,-0.9376174740027636,-0.7626637663014698,-0.17495370770129376,0.011210738354835364,-0.19692675487677108,-0.23564106350066139,-0.7019764105021022,0.9564770460128784,0.6948426860570908,0.2616344672441483,5,trapezoid_from_zero_normalized_by_max_fraction,False,error,false_positive,low,medium,binary
cicids2017_binary,46,0,BENIGN,rid_55233f6705e497375a0ec0101649f0c0,mlp,occlusion,insertion,target_class_median,False,True,False,True,0,BENIGN,predicted_class_of_audited_model,0.9999999999999932,0.0005914794746718,1.968691623577268e-06,-0.002618543310894614,0.0026205120025181916,0.0016662644584120043,-0.0006453663359693366,-0.007241457775619191,0.007243426467242769,2.204394817352295,1.705913625240326,0.4984812159538269,5,trapezoid_from_zero_normalized_by_max_fraction,True,correct,true_negative,medium,medium,binary
cicids2017_binary,46,0,BENIGN,rid_a3e5b70fbc80c4e69385e7bda5970aca,mlp,occlusion,insertion,target_class_median,False,True,False,True,0,BENIGN,predicted_class_of_audited_model,0.999999999984996,0.0005914794596745,1.9686888381054148e-06,-0.0009556008476076375,0.0009575695364457429,0.00026248230611991997,0.00044310421645069975,-0.00051884499917225,0.0005208136880103555,1.6377103328704834,1.0652402950525284,0.572470025897026,5,trapezoid_from_zero_normalized_by_max_fraction,True,correct,true_negative,medium,medium,binary
cicids2017_binary,46,0,BENIGN,rid_e0a0071473a01dd72ab005d7b86d1491,mlp,occlusion,insertion,target_class_median,False,True,False,True,0,BENIGN,predicted_class_of_audited_model,0.9999999996827856,0.000591479157464,1.9598173072399306e-06,-0.01640417533316223,0.016406135150469472,0.005567588088290134,0.005493662497420811,-0.015381656332604195,0.015383616149911433,1.6792722940444946,1.3981549247503282,0.2811172739267349,5,trapezoid_from_zero_normalized_by_max_fraction,True,correct,true_negative,medium,medium,binary
cicids2017_binary,46,0,BENIGN,rid_9a58adfbe12585e92b539cb67966edca,mlp,occlusion,insertion,target_class_median,False,False,True,True,1,ATTACK,predicted_class_of_audited_model,0.0009930917294695,0.0004016122547908,-0.9448390392477449,-0.8777101477761746,-0.06712889147157045,0.007862249438094953,-0.08253890037023655,-0.5417059585882698,-0.40313308065947523,1.064233422279358,0.8313006719350815,0.23293274438381198,5,trapezoid_from_zero_normalized_by_max_fraction,False,error,false_positive,low,low,binary
cicids2017_binary,46,0,BENIGN,rid_4c5e4caea98f2bde83943abe9dbb58a4,mlp,occlusion,insertion,target_class_median,False,False,True,True,1,ATTACK,predicted_class_of_audited_model,0.0005966452881693,5.165813490699942e-06,-0.241432969737798,-0.5238728305759723,0.28243986083817435,0.020654699797548155,0.24195664923497998,-0.26752501143817786,0.026092041700379924,0.8004978895187378,0.5184732956290246,0.2820246832966804,5,trapezoid_from_zero_normalized_by_max_fraction,False,error,false_positive,low,low,binary
cicids2017_binary,46,0,BENIGN,rid_2aa6d3827b6f9f3c5a2b6d5b774bf0f3,mlp,occlusion,insertion,target_class_median,False,False,True,True,1,ATTACK,predicted_class_of_audited_model,0.0014818387571722,0.0008903592824936,-0.6600989234168082,-0.6583800575558562,-0.0017188658609520666,0.02175090206580691,-0.04435063390993361,-0.3389405955054099,-0.3211583279113984,0.5691956281661987,0.3885330805182457,0.1806625357270241,5,trapezoid_from_zero_normalized_by_max_fraction,False,error,false_positive,low,medium,binary
cicids2017_binary,46,0,BENIGN,rid_faabbeb1376b780e2712ce30663bf964,mlp,occlusion,insertion,target_class_median,False,True,False,True,0,BENIGN,predicted_class_of_audited_model,0.9999771537768538,0.0005686332515324,-1.812451571368001e-05,-1.1248986069745115e-05,-6.875529643934896e-06,3.882093539439025e-07,-7.636419977664946e-06,-3.06839789834612e-06,-1.5056117815333894e-05,0.09649354964494705,0.045390511780977257,0.05110303637385368,5,trapezoid_from_zero_normalized_by_max_fraction,True,correct,true_negative,medium,low,binary
cicids2017_binary,46,0,BENIGN,rid_ffe995d64809d47d80c2aeae4a80e95e,mlp,occlusion,insertion,target_class_median,False,False,True,True,1,ATTACK,predicted_class_of_audited_model,0.0007342118769884,0.0001427324023097,-0.9443972297362051,-0.8729963230732383,-0.07140090666296693,0.00910801484229277,-0.08925261575386076,-0.48230616540477667,-0.46209106433142866,1.1100882291793823,0.793480390071869,0.31660788083076474,5,trapezoid_from_zero_normalized_by_max_fraction,False,error,false_positive,low,low,binary
cicids2017_binary,46,0,BENIGN,rid_e495cde113ca9f0d5ee9ee7fd15385f6,mlp,occlusion,insertion,target_class_median,False,True,False,True,0,BENIGN,predicted_class_of_audited_model,0.9999871375530348,0.0005786170277132,-1.0240939968753082e-05,-6.1095449497088345e-06,-4.131395019044248e-06,3.201976384267857e-07,-4.758982390360748e-06,-2.6156824675354072e-06,-7.625257501217674e-06,0.10463100671768188,0.03730009812302887,0.06733091306500136,5,trapezoid_from_zero_normalized_by_max_fraction,True,correct,true_negative,medium,low,binary
cicids2017_binary,46,0,BENIGN,rid_c13874781c601a071326c9e28f136be4,mlp,occlusion,insertion,target_class_median,False,True,False,True,0,BENIGN,predicted_class_of_audited_model,0.999485985841602,7.746531628070007e-05,-0.0004218129701939688,-0.0002719804122491496,-0.00014983255794481922,8.848775280592968e-06,-0.00016717615749478143,-5.223286510010894e-05,-0.0003695801050938598,0.22598476707935333,0.11017269472777842,0.1158120872527361,5,trapezoid_from_zero_normalized_by_max_fraction,True,correct,true_negative,medium,low,binary
cicids2017_binary,46,0,BENIGN,rid_5df29c8a5f5b2ad4ccd55c10766f4259,mlp,occlusion,insertion,target_class_median,False,False,True,True,1,ATTACK,predicted_class_of_audited_model,0.000984277925454,0.0003927984507754,-0.9441256060472369,-0.8605162050700392,-0.08360940097719775,0.00953286131210447,-0.10229380914892251,-0.49321244194849484,-0.4509131640987421,1.0824350118637085,0.8201030857563018,0.2623320512771607,5,trapezoid_from_zero_normalized_by_max_fraction,False,error,false_positive,low,low,binary
cicids2017_binary,46,0,BENIGN,rid_3e8698108279fbea4c2f47b0a87217da,mlp,occlusion,insertion,target_class_median,False,True,False,True,0,BENIGN,predicted_class_of_audited_model,0.9999765372103866,0.0005680166850651,-1.8024555972756537e-05,-0.03087705779449662,0.03085903323852386,0.009269503477080068,0.01269080642344693,-0.005705388440864082,0.005687363884891326,1.5949041843414307,1.2417446913719177,0.3531593499183655,5,trapezoid_from_zero_normalized_by_max_fraction,True,correct,true_negative,medium,low,binary
cicids2017_binary,46,0,BENIGN,rid_49dd598d53abe12b066b4d046b9b8d53,mlp,occlusion,insertion,target_class_median,False,False,True,True,1,ATTACK,predicted_class_of_audited_model,0.0034513594582676,0.002859879983589,-0.6839348655426875,-0.7046706953429966,0.02073582980030915,0.021809071208969084,-0.022009949769270253,-0.4042162564890968,-0.27971860905359064,0.5677670240402222,0.5823131610155106,-0.014546131014823905,5,trapezoid_from_zero_normalized_by_max_fraction,False,error,false_positive,low,medium,binary
cicids2017_binary,46,0,BENIGN,rid_c3b3ebfdce93e4ff3712f985c9636557,mlp,occlusion,insertion,target_class_median,False,True,False,True,0,BENIGN,predicted_class_of_audited_model,0.999999999996912,0.0005914794715904,1.9686987761002863e-06,-0.014521889658636693,0.014523858357412793,0.004938678445450342,0.0048440486043301225,-0.005883540016795667,0.005885508715571767,1.6474250555038452,1.3746413264274597,0.27278383636474607,5,trapezoid_from_zero_normalized_by_max_fraction,True,correct,true_negative,medium,medium,binary
cicids2017_binary,46,0,BENIGN,rid_bc50109dd4fb5fea2bca98b424714fd2,mlp,occlusion,insertion,target_class_median,False,False,True,True,1,ATTACK,predicted_class_of_audited_model,0.0008645756170153,0.0002730961423366,-0.9474976621200767,-0.7658764918485012,-0.1816211702715756,0.01531298804847922,-0.21163462684659487,-0.5315346402711958,-0.41596302184888084,1.1033103466033936,1.017501407623291,0.08580891513824465,5,trapezoid_from_zero_normalized_by_max_fraction,False,error,false_positive,low,low,binary
cicids2017_binary,46,0,BENIGN,rid_e84705870f74d95090d7a7d1040e950b,mlp,occlusion,insertion,target_class_median,False,True,False,True,0,BENIGN,predicted_class_of_audited_model,0.9999689516043871,0.0005604310790658,-2.658206501564564e-05,-1.8483662801941138e-05,-8.098402213704504e-06,5.171856891540356e-07,-9.112086164446414e-06,-6.709703071578588e-06,-1.9872361944067053e-05,0.15710647404193878,0.06521763873472809,0.09188883009180428,5,trapezoid_from_zero_normalized_by_max_fraction,True,correct,true_negative,medium,low,binary
cicids2017_binary,46,0,BENIGN,rid_4c03d196d9c6c2499292a5e3ace5365b,mlp,occlusion,insertion,target_class_median,False,True,False,True,0,BENIGN,predicted_class_of_audited_model,0.999998446340669,0.0005899258153476,-2.598131000421944e-05,-0.005239269898346964,0.005213288588342745,0.001421921263319799,0.0024263229122359394,-0.004059153734703228,0.004033172424699008,0.8877781629562378,0.7180280858278275,0.16975007116794585,5,trapezoid_from_zero_normalized_by_max_fraction,True,correct,true_negative,medium,low,binary
cicids2017_binary,46,0,BENIGN,rid_0b9a15cce4bf307f2699c1a89b526898,mlp,occlusion,insertion,target_class_median,False,False,True,True,1,ATTACK,predicted_class_of_audited_model,0.0010520187206566,0.0004605392459779,-0.9451525544769539,-0.8906717162635027,-0.054480838213451094,0.00698716969658812,-0.0681756908187638,-0.5588126100729406,-0.3863399444040132,1.206230640411377,0.986901673913002,0.21932890689373022,5,trapezoid_from_zero_normalized_by_max_fraction,False,error,false_positive,low,low,binary
cicids2017_binary,46,0,BENIGN,rid_68a14792a8c1adc501061694f4530e5a,mlp,occlusion,insertion,target_class_median,False,True,False,True,0,BENIGN,predicted_class_of_audited_model,0.9999998547502288,0.0005913342249072,1.7789205330132064e-06,1.2230725889423867e-06,5.558479440708198e-07,3.2895365330772346e-08,4.913730280225059e-07,3.821808080886058e-07,1.3967397249246006e-06,0.46456480026245117,0.21313695380091668,0.25142782261967656,5,trapezoid_from_zero_normalized_by_max_fraction,True,correct,true_negative,medium,medium,binary
cicids2017_binary,46,0,BENIGN,rid_6d0224305d5c92e2f5022ff95e7a2a31,mlp,occlusion,insertion,target_class_median,False,True,False,True,0,BENIGN,predicted_class_of_audited_model,0.9999990227718172,0.0005905022464957,1.0195795709933009e-06,7.030391579405659e-07,3.1654041305273496e-07,2.275037386083535e-08,2.719496802854977e-07,2.55438687872811e-07,7.6414088312049e-07,0.0952199324965477,0.07538298582285644,0.019836952634155747,5,trapezoid_from_zero_normalized_by_max_fraction,True,correct,true_negative,medium,low,binary
cicids2017_binary,46,0,BENIGN,rid_b8c98e3538d08ba7648e12b04de387a3,mlp,occlusion,insertion,target_class_median,False,True,False,True,0,BENIGN,predicted_class_of_audited_model,0.999999999048778,0.0005914785234564,1.9686633249915705e-06,-0.0065674821469194275,0.006569450810244418,0.0030185071355176593,0.0006531768246298055,-0.01167316274642738,0.011675131409752373,3.003420114517212,2.7679065308570863,0.2355135121345521,5,trapezoid_from_zero_normalized_by_max_fraction,True,correct,true_negative,medium,medium,binary
cicids2017_binary,46,0,BENIGN,rid_1be00245891f948f976f37add33b7c0e,mlp,occlusion,insertion,target_class_median,False,True,False,True,0,BENIGN,predicted_class_of_audited_model,0.9999203617189778,0.0005118411936564,-6.0269211365948644e-05,-6.154067416437669e-05,1.271462798428046e-06,2.9022729970214663e-06,-4.416992275734028e-06,-3.629711230530574e-05,-2.39720990606429e-05,0.20812387764453888,0.1532137175500393,0.05491014295816421,5,trapezoid_from_zero_normalized_by_max_fraction,True,correct,true_negative,medium,low,binary
cicids2017_binary,46,0,BENIGN,rid_db9829bc01aeb0c0075f56d08cbf953b,mlp,occlusion,insertion,target_class_median,False,False,True,True,1,ATTACK,predicted_class_of_audited_model,0.0008719611214473,0.0002804816467686,-0.9452665643540968,-0.8636683934051211,-0.08159817094897566,0.009596190906944408,-0.1004067051265867,-0.4617050834391957,-0.48356148091490103,1.062609314918518,0.8147167186737061,0.24789260816574094,5,trapezoid_from_zero_normalized_by_max_fraction,False,error,false_positive,low,low,binary
cicids2017_binary,46,0,BENIGN,rid_0e9c99dc41546daa5951f3bced0eabc1,mlp,occlusion,insertion,target_class_median,False,True,False,True,0,BENIGN,predicted_class_of_audited_model,0.999990497579347,0.0005819770540255,-6.5480501461934185e-06,-4.73700007989919e-06,-1.8110500662942286e-06,2.1780068946825044e-07,-2.2379394176519993e-06,-1.8629669431220465e-06,-4.685083203071372e-06,0.14620818197727203,0.07768570270761846,0.06852247330918909,5,trapezoid_from_zero_normalized_by_max_fraction,True,correct,true_negative,medium,low,binary
cicids2017_binary,46,0,BENIGN,rid_9f8f311c0e26a69354ca77932b274f8e,mlp,occlusion,insertion,target_class_median,False,False,True,True,1,ATTACK,predicted_class_of_audited_model,0.3284410238265991,0.3278495443519205,-0.336895227432251,-0.3717111043584791,0.03481587692622818,0.02331732306999485,-0.010886076290961728,-0.4524505664536225,0.11555533902137154,2.656846523284912,2.3359115486145017,0.32093490314483647,5,trapezoid_from_zero_normalized_by_max_fraction,False,error,false_positive,low,medium,binary
cicids2017_binary,46,0,BENIGN,rid_ee1e56492640e611e5eb2d6f96ac0a57,mlp,occlusion,insertion,target_class_median,False,False,True,True,1,ATTACK,predicted_class_of_audited_model,0.0006599251064471,6.844563176849991e-05,-0.9465465817258518,-0.8727225930723437,-0.07382398865350816,0.008167369311474285,-0.08983203250399775,-0.5730305698933238,-0.3735160118325281,1.1163220405578613,0.8951527051925658,0.2211693234443665,5,trapezoid_from_zero_normalized_by_max_fraction,False,error,false_positive,low,low,binary
cicids2017_binary,46,0,BENIGN,rid_49a96b66cc0bdcade5b6593e1d7771ff,mlp,occlusion,insertion,target_class_median,False,True,False,True,0,BENIGN,predicted_class_of_audited_model,0.9999670856304874,0.000558565105166,-2.916705914230988e-05,-2.087521736086728e-05,-8.291841781442598e-06,6.007775679360565e-07,-9.46936581459727e-06,-7.056528654516115e-06,-2.2110530487793765e-05,0.15365402400493622,0.06881459406018257,0.08483942770957946,5,trapezoid_from_zero_normalized_by_max_fraction,True,correct,true_negative,medium,low,binary
cicids2017_binary,46,0,BENIGN,rid_84230b431820cc322bd6c83d072bc328,mlp,occlusion,insertion,target_class_median,False,False,True,True,1,ATTACK,predicted_class_of_audited_model,0.0009448603377677,0.0003533808630891,-0.9446782392806199,-0.8863797330060575,-0.05829850627456236,0.007676730788023072,-0.07334489861908758,-0.4870260789393397,-0.45765216034128015,1.065198302268982,0.8309090504646302,0.2342893829345703,5,trapezoid_from_zero_normalized_by_max_fraction,False,error,false_positive,low,low,binary
cicids2017_binary,46,0,BENIGN,rid_d80090d05ad351c5884370e8ce7ff9f4,mlp,occlusion,insertion,target_class_median,False,True,False,True,0,BENIGN,predicted_class_of_audited_model,0.9999378805296146,0.0005293600042932,-5.811465732676879e-05,-3.75808472300605e-05,-2.0533810096708293e-05,1.357736212828502e-06,-2.3194973073852156e-05,-1.6420352627164903e-05,-4.16943046996039e-05,0.18021363019943237,0.0697541932836175,0.11045943915098903,5,trapezoid_from_zero_normalized_by_max_fraction,True,correct,true_negative,medium,low,binary
cicids2017_binary,46,0,BENIGN,rid_f45ac44eeb5ae0c3614b26626c5a5935,mlp,occlusion,insertion,target_class_median,False,True,False,True,0,BENIGN,predicted_class_of_audited_model,0.9999990818031392,0.0005905612778178,9.343534941308462e-07,7.981968433341536e-07,1.3615665079669271e-07,1.435429358525979e-08,1.0802223536958352e-07,2.8641145900110134e-07,6.479420351297448e-07,0.0662500411272049,0.04991302417963743,0.0163370199277997,5,trapezoid_from_zero_normalized_by_max_fraction,True,correct,true_negative,medium,medium,binary
cicids2017_binary,46,0,BENIGN,rid_9f99993c4216d94b35b69cf246779315,mlp,occlusion,insertion,target_class_median,False,True,False,True,0,BENIGN,predicted_class_of_audited_model,0.999996120727701,0.0005876002023796,-1.6345364429071196e-06,-1.1897259188344833e-06,-4.448105240726363e-07,7.119006414400408e-08,-5.843430497948844e-07,-5.969131950678275e-07,-1.037623247839292e-06,0.049953389912843704,0.03418791328370571,0.01576547774672508,5,trapezoid_from_zero_normalized_by_max_fraction,True,correct,true_negative,medium,low,binary
cicids2017_binary,46,0,BENIGN,rid_dc908e1b1de5d582a7a2f5c25de5225a,mlp,occlusion,insertion,target_class_median,False,False,True,True,1,ATTACK,predicted_class_of_audited_model,0.0031761967111378,0.0025847172364592,-0.8853215539827943,-0.6315233927470526,-0.2537981612357416,0.024014763029847633,-0.30086709677424295,-0.35703656386149674,-0.5282849901212976,0.7879079580307007,0.6696563049554826,0.11825168883800505,5,trapezoid_from_zero_normalized_by_max_fraction,False,error,false_positive,low,medium,binary
cicids2017_binary,46,0,BENIGN,rid_d0132bcff76b43b113799a0bb19617ab,mlp,occlusion,insertion,target_class_median,False,False,True,True,1,ATTACK,predicted_class_of_audited_model,0.001066593802534,0.0004751143278553,-0.9435155997751281,-0.8597215618392596,-0.08379403793586844,0.009265706731895683,-0.10195482313038398,-0.49697949251946827,-0.4465361072556599,1.1727709770202637,0.8053068515062332,0.3674641135931015,5,trapezoid_from_zero_normalized_by_max_fraction,False,error,false_positive,low,low,binary
cicids2017_binary,46,0,BENIGN,rid_002d9e02b038b2533b2cdb615f4d0517,mlp,occlusion,insertion,target_class_median,False,True,False,True,0,BENIGN,predicted_class_of_audited_model,0.9999957930881463,0.000587272562825,-3.7220910741098127e-06,-0.005747236959680516,0.005743514868606406,0.003692832047705729,-0.0014944359448968228,-0.0011457156166161484,0.0011419935255420387,0.8042652010917664,0.7894281554222109,0.01483699798583985,5,trapezoid_from_zero_normalized_by_max_fraction,True,correct,true_negative,medium,low,binary
cicids2017_binary,46,0,BENIGN,rid_13eb10a4da788e219937fc01f87bb695,mlp,occlusion,insertion,target_class_median,False,True,False,True,0,BENIGN,predicted_class_of_audited_model,0.9999995532559184,0.0005910327305968,1.7255134424409845e-06,-0.009517951786294094,0.009519677299736535,0.003552480209184503,0.0025568160897349096,-0.004114119932625033,0.0041158454460674745,1.126888632774353,0.9555024938583374,0.17138609719276426,5,trapezoid_from_zero_normalized_by_max_fraction,True,correct,true_negative,medium,medium,binary
cicids2017_binary,46,0,BENIGN,rid_32607538c0d178d91936ec27d94ad84c,mlp,occlusion,insertion,target_class_median,False,True,False,True,0,BENIGN,predicted_class_of_audited_model,0.9999958411558508,0.0005873206305295,-5.452769224234544e-05,-0.009335672100007473,0.009281144407765125,0.0029359535254199743,0.003526675497941976,-0.0015199519023889531,0.0014654242101466077,0.7338021397590637,0.7054869685173035,0.028315177202224717,5,trapezoid_from_zero_normalized_by_max_fraction,True,correct,true_negative,medium,low,binary
cicids2017_binary,46,0,BENIGN,rid_69321433923ded1c3ab537a0ee0ebc44,mlp,occlusion,insertion,target_class_median,False,True,False,True,0,BENIGN,predicted_class_of_audited_model,0.9999999999961522,0.0005914794708308,1.9686872676449863e-06,-0.005634110625385571,0.005636079312653216,0.004476545544267081,-0.0031379499541102623,-0.0008095868492226663,0.0008115555364903113,1.982421636581421,1.2415045623779295,0.7409170503616334,5,trapezoid_from_zero_normalized_by_max_fraction,True,correct,true_negative,medium,medium,binary
cicids2017_binary,46,0,BENIGN,rid_e2d5386b9a8fe4db9b08703490da531d,mlp,occlusion,insertion,target_class_median,False,False,True,True,1,ATTACK,predicted_class_of_audited_model,0.6675968170166016,0.6670053375419229,-0.2184405207633972,-0.5137316722994891,0.29529115153609187,0.016515754711880867,0.2629202723008054,-0.4989123861318353,0.28047186536843816,3.142843008041382,2.873454678058624,0.2693883061408996,5,trapezoid_from_zero_normalized_by_max_fraction,False,error,false_positive,low,medium,binary
cicids2017_binary,46,0,BENIGN,rid_08130a9659a906eb5d715f9a53ee628d,mlp,occlusion,insertion,target_class_median,False,True,False,True,0,BENIGN,predicted_class_of_audited_model,0.9999999715799516,0.00059145105463,-2.227520740802902e-05,-0.0067577681279870445,0.006735492920579015,0.003588771699602933,-0.00029849961064273324,-0.00523454434819113,0.005212269140783102,1.1261087656021118,0.8625855491161347,0.2635232045650482,5,trapezoid_from_zero_normalized_by_max_fraction,True,correct,true_negative,medium,medium,binary
cicids2017_binary,46,0,BENIGN,rid_1b4b8ca64de99d674a91a73d6955b447,mlp,occlusion,insertion,target_class_median,False,False,True,True,1,ATTACK,predicted_class_of_audited_model,0.0008015941129997,0.000210114638321,-0.9439996937755495,-0.8729345527741981,-0.07106514100135146,0.009232292942531839,-0.08916043516871386,-0.4745139016364781,-0.4694857921390714,1.1039906740188599,0.8016392211914061,0.30235144686698917,5,trapezoid_from_zero_normalized_by_max_fraction,False,error,false_positive,low,low,binary
cicids2017_binary,46,0,BENIGN,rid_ed124c0cfb9f341244613144a9873c27,mlp,occlusion,insertion,target_class_median,False,True,False,True,0,BENIGN,predicted_class_of_audited_model,0.9998593588825316,0.0004508383572102,-5.4500036072013815e-05,-0.052750563651750224,0.052696063615678204,0.01204565758201616,0.02908657475492653,-0.011544773956406603,0.01149027392033459,1.0840694904327393,1.0119854938983919,0.07208399653434752,5,trapezoid_from_zero_normalized_by_max_fraction,True,correct,true_negative,medium,low,binary
cicids2017_binary,46,0,BENIGN,rid_cb84ffe73ccd663a7ba7be1a2f94208b,mlp,occlusion,insertion,target_class_median,False,True,False,True,0,BENIGN,predicted_class_of_audited_model,0.9999971938639192,0.0005886733385977,-7.712436740803242e-07,-5.076265684920145e-07,-2.6361710558830965e-07,4.556235494188351e-08,-3.5291932127440134e-07,-2.746498518035878e-07,-4.965938222767363e-07,0.03729214146733284,0.021884834915399554,0.015407306551933286,5,trapezoid_from_zero_normalized_by_max_fraction,True,correct,true_negative,medium,low,binary
cicids2017_binary,46,0,BENIGN,rid_3926f72071b867c679e8fcde026ad243,mlp,occlusion,insertion,target_class_median,False,False,True,True,1,ATTACK,predicted_class_of_audited_model,0.0007477153558284,0.0001562358811497,-0.9481555396057957,-0.7555114863678672,-0.19264405323792838,0.015994637268839967,-0.2239935422848547,-0.3455310629958931,-0.6026244766099026,1.1698415279388428,0.7488718227148056,0.42096975290775307,5,trapezoid_from_zero_normalized_by_max_fraction,False,error,false_positive,low,low,binary
cicids2017_binary,46,1,ATTACK,rid_d1afa288ac204a797025ab9d0458aaf4,mlp,occlusion,insertion,target_class_median,False,True,False,True,1,ATTACK,predicted_class_of_audited_model,0.9527955651283264,0.9522040856536478,-0.25381959676742555,-0.3031318637168179,0.04931226694939232,0.021429238585029608,0.0073109593227342895,-0.3773338701142056,0.12351427334678011,0.5289884209632874,0.5882594190835952,-0.05927102196216584,5,trapezoid_from_zero_normalized_by_max_fraction,True,correct,true_positive,medium,high,binary
cicids2017_binary,46,0,BENIGN,rid_df2092d4c76cfacc9f416f9a5c0aba42,mlp,occlusion,insertion,target_class_median,False,True,False,True,0,BENIGN,predicted_class_of_audited_model,0.999995247291281,0.0005867267659595,-7.223343559413231e-05,-0.005645797097988974,0.005573563662394842,0.0020940520660924083,0.0014692216128537224,-0.0033091344194930592,0.003236900983898927,0.8246217966079712,0.6978370060920716,0.1267847905158997,5,trapezoid_from_zero_normalized_by_max_fraction,True,correct,true_negative,medium,low,binary
cicids2017_binary,46,0,BENIGN,rid_128839b76407e20f8af0c75233803f63,mlp,occlusion,insertion,target_class_median,False,False,True,True,1,ATTACK,predicted_class_of_audited_model,0.0050165602006018,0.0044250807259232,-0.9375269723706878,-0.7757508973736258,-0.16177607499706206,0.011543772395300172,-0.1844018688918504,-0.2296070393269183,-0.7079199330437695,0.9041935205459595,0.6969476487636566,0.20724580621719363,5,trapezoid_from_zero_normalized_by_max_fraction,False,error,false_positive,low,medium,binary
cicids2017_binary,46,0,BENIGN,rid_0a9037feccf16ba1543e7d103d52f84f,mlp,occlusion,insertion,target_class_median,False,False,True,True,1,ATTACK,predicted_class_of_audited_model,0.0064581832848489,0.0058667038101703,-0.8246428978396578,-0.5261631135721982,-0.29847978426745975,0.025113109713523016,-0.34770147930596484,-0.338798254007037,-0.48584464383262094,0.5872040390968323,0.5238086881637573,0.06339530324935913,5,trapezoid_from_zero_normalized_by_max_fraction,False,error,false_positive,low,medium,binary
cicids2017_binary,46,0,BENIGN,rid_3cc8a2ed18c39d306dde4ff03e6351a8,mlp,occlusion,insertion,target_class_median,False,False,True,True,1,ATTACK,predicted_class_of_audited_model,0.0017168306512758,0.0011253511765971,-0.940058915290865,-0.6442778967355116,-0.29578101855535355,0.024240883023216305,-0.3432931492808575,-0.3064552787027788,-0.6336036365880864,0.8589761853218079,0.741108916401863,0.11786732256412509,5,trapezoid_from_zero_normalized_by_max_fraction,False,error,false_positive,low,medium,binary
cicids2017_binary,46,0,BENIGN,rid_3453b6c76d89fe140f20f4064c84ccfe,mlp,occlusion,insertion,target_class_median,False,False,True,True,1,ATTACK,predicted_class_of_audited_model,0.0083368336781859,0.0077453542035073,-0.7607870664447546,-0.5151261001825387,-0.24566096626221587,0.026318803976501586,-0.29724582205615896,-0.37366107967265993,-0.38712598677209464,0.6661472320556641,0.5230447615385055,0.14310253012180327,5,trapezoid_from_zero_normalized_by_max_fraction,False,error,false_positive,low,medium,binary
cicids2017_binary,46,0,BENIGN,rid_bc0ed2367be1555b07214841c995ed1b,mlp,occlusion,insertion,target_class_median,False,False,True,True,1,ATTACK,predicted_class_of_audited_model,0.4315876066684723,0.4309961271937937,-0.5368149504065514,-0.6524913731405136,0.11567642273396228,0.011878920849799851,0.09239373786835457,-0.5790066629893738,0.04219171258282245,10.023073196411133,4.514352307081222,5.508720317125321,5,trapezoid_from_zero_normalized_by_max_fraction,False,error,false_positive,low,medium,binary
cicids2017_binary,46,0,BENIGN,rid_a1e96d77431662451ef4e130fa4f3fcf,mlp,occlusion,insertion,target_class_median,False,False,True,True,1,ATTACK,predicted_class_of_audited_model,0.0009567154920659,0.0003652360173872,-0.9494249327759461,-0.8291189622224616,-0.12030597055348455,0.014150918927675496,-0.14804177165172852,-0.5489076810263245,-0.4005172517496217,1.5143932104110718,0.9699057773351669,0.5444874569177627,5,trapezoid_from_zero_normalized_by_max_fraction,False,error,false_positive,low,low,binary
cicids2017_binary,46,0,BENIGN,rid_d8de40d0c84dcda670239cd28002b34c,mlp,occlusion,insertion,target_class_median,False,False,True,True,1,ATTACK,predicted_class_of_audited_model,0.0086649991571903,0.0080735196825117,-0.7594795033335685,-0.5198362546742583,-0.2396432486593103,0.025902368086670614,-0.2904118901091847,-0.39489670131320415,-0.3645828020203644,0.6742280721664429,0.5402600228786468,0.1339680016040802,5,trapezoid_from_zero_normalized_by_max_fraction,False,error,false_positive,low,medium,binary
cicids2017_binary,46,0,BENIGN,rid_065ba8581948bca671d15fb9c3c3b168,mlp,occlusion,insertion,target_class_median,False,False,True,True,1,ATTACK,predicted_class_of_audited_model,0.0063427472487092,0.0057512677740306,-0.8267682327888906,-0.5141432843768416,-0.31262494841204896,0.025641953312889425,-0.36288317690531224,-0.30876746339474626,-0.5180007693941443,0.5724281072616577,0.5308142302632332,0.04161390680074691,5,trapezoid_from_zero_normalized_by_max_fraction,False,error,false_positive,low,medium,binary
cicids2017_binary,46,0,BENIGN,rid_5466ee84ce085dec531cf7aa7718cfbb,mlp,occlusion,insertion,target_class_median,False,True,False,True,0,BENIGN,predicted_class_of_audited_model,0.99999999999495,0.0005914794696285,1.9674450324136395e-06,-0.002946649806842956,0.00294861725187537,0.0024402464943230947,-0.0018342658769978952,-0.0006694729949517946,0.0006714404399842083,1.6087138652801514,1.169988775730133,0.43872516107559206,5,trapezoid_from_zero_normalized_by_max_fraction,True,correct,true_negative,medium,medium,binary
cicids2017_binary,46,0,BENIGN,rid_50d1717711073665ee4afa3401563b63,mlp,occlusion,insertion,target_class_median,False,False,True,True,1,ATTACK,predicted_class_of_audited_model,0.0007510692812502,0.0001595898065716,-0.945841084517815,-0.8771285660302224,-0.06871251848759267,0.008387629453129614,-0.08515227221572672,-0.5254635465858961,-0.4203775379319189,1.2349400520324707,0.9899128844738007,0.24502728676795957,5,trapezoid_from_zero_normalized_by_max_fraction,False,error,false_positive,low,low,binary
cicids2017_binary,46,0,BENIGN,rid_eb466fece862abe734c122a475d58c22,mlp,occlusion,insertion,target_class_median,False,True,False,True,0,BENIGN,predicted_class_of_audited_model,0.9999967405512962,0.0005882200259747,-6.490271658776692e-07,-1.909278095922673e-06,1.2602509300450038e-06,2.175047652526105e-07,8.339415901498872e-07,-1.7289500624144693e-06,1.0799228965368002e-06,0.5001526474952698,0.22209390944987537,0.27805872910469764,5,trapezoid_from_zero_normalized_by_max_fraction,True,correct,true_negative,medium,low,binary
cicids2017_binary,46,0,BENIGN,rid_d6c30c35089599244c8582562eae186f,mlp,occlusion,insertion,target_class_median,False,True,False,True,0,BENIGN,predicted_class_of_audited_model,0.9999999982393872,0.0005914777140659,1.9686900200377443e-06,-0.0019780101404428038,0.001979978830462841,0.0008683853731505333,0.00027794349908779594,-0.0008588189892826709,0.0008607876793027085,1.1577426195144653,0.9988394457101821,0.15890307843685153,5,trapezoid_from_zero_normalized_by_max_fraction,True,correct,true_negative,medium,medium,binary
cicids2017_binary,46,0,BENIGN,rid_988d2d6b6008fe479e9a1d8cd3533616,mlp,occlusion,insertion,target_class_median,False,True,False,True,0,BENIGN,predicted_class_of_audited_model,0.999999999999916,0.0005914794745945,1.952856028064609e-06,-0.0007706874195644888,0.0007726402755925533,0.0002416731004798305,0.00029896099865208553,-0.0018173913933595106,0.001819344249387575,1.2514076232910156,1.2449559972286224,0.0064516260623931785,5,trapezoid_from_zero_normalized_by_max_fraction,True,correct,true_negative,medium,medium,binary
cicids2017_binary,46,0,BENIGN,rid_183b5fde2aa4738c37c8c8f2e6c23630,mlp,occlusion,insertion,target_class_median,False,False,True,True,1,ATTACK,predicted_class_of_audited_model,0.0063749849796295,0.0057835055049509,-0.8288071609800681,-0.4633383077045437,-0.3654688532755245,0.02582188661306562,-0.41607975103713307,-0.37180124541165427,-0.45700591556841386,0.5988070368766785,0.5717257096767425,0.027081345081329346,5,trapezoid_from_zero_normalized_by_max_fraction,False,error,false_positive,low,medium,binary
cicids2017_binary,46,1,ATTACK,rid_d097e7724fa9f92e0935d7b66f1828ae,mlp,occlusion,insertion,target_class_median,False,True,False,True,1,ATTACK,predicted_class_of_audited_model,0.4056569337844848,0.4050654543098062,-0.6521457716822624,-0.31284230620597375,-0.3393034654762887,0.02448033428621222,-0.38728492067726467,-0.17740750093071256,-0.47473827075154984,0.597606897354126,0.15588023488316685,0.44172667439188806,5,trapezoid_from_zero_normalized_by_max_fraction,True,correct,true_positive,low,medium,binary
cicids2017_binary,46,0,BENIGN,rid_a3e42b1cf69f189e09f2b508f7f7273c,mlp,occlusion,insertion,target_class_median,False,True,False,True,0,BENIGN,predicted_class_of_audited_model,0.9999895304272286,0.0005810099019072,-1.0298000711372878e-05,-5.582107059467489e-06,-4.715893651905389e-06,2.422963979289044e-07,-5.190794591846042e-06,-2.5837841822067274e-06,-7.714216529166151e-06,0.10479384660720825,0.04597333084046841,0.05882051800191401,5,trapezoid_from_zero_normalized_by_max_fraction,True,correct,true_negative,medium,low,binary
cicids2017_binary,46,1,ATTACK,rid_cb1d18b54442084b37f3093e6a85ed34,mlp,occlusion,insertion,target_class_median,False,True,False,True,1,ATTACK,predicted_class_of_audited_model,0.9999999403953552,0.9994084609206766,0.0004772305488586426,-0.03837754748016596,0.0388547780290246,0.006799159804719819,0.025528424811773757,-0.22282224671565926,0.22329947726451793,2.4800045490264893,1.8019243240356446,0.6780802726745606,5,trapezoid_from_zero_normalized_by_max_fraction,True,correct,true_positive,medium,high,binary
cicids2017_binary,46,1,ATTACK,rid_90bf460c23de7f169569a903b5e5bcd4,mlp,occlusion,insertion,target_class_median,False,False,True,False,0,BENIGN,predicted_class_of_audited_model,0.9997036708227824,0.0002951502974611,-0.00023118233835930368,-0.00018349006857067707,-4.769226978862661e-05,3.788767224378358e-06,-5.511825354840819e-05,-4.342069813048966e-05,-0.00018776164022881402,0.21975727379322052,0.13273824021965264,0.08701902910321951,5,trapezoid_from_zero_normalized_by_max_fraction,False,error,false_negative,medium,low,binary
cicids2017_binary,46,0,BENIGN,rid_925d38c41b222c06fa8bf565a6ad4fa2,mlp,occlusion,insertion,target_class_median,False,False,True,True,1,ATTACK,predicted_class_of_audited_model,0.0181432794779539,0.0175518000032753,-0.5058907898608596,-0.27564022002811545,-0.23025056983274408,0.02281743712140909,-0.2749727465907059,-0.11642211378412322,-0.3894686760767363,0.022801803424954414,0.035538676009746265,-0.012736872957320882,5,trapezoid_from_zero_normalized_by_max_fraction,False,error,false_positive,low,medium,binary
cicids2017_binary,46,0,BENIGN,rid_4d004efc514939388e1451fb90ee062f,mlp,occlusion,insertion,target_class_median,False,True,False,True,0,BENIGN,predicted_class_of_audited_model,0.9999999999704796,0.0005914794451583,1.968704440458158e-06,-0.01986586243007104,0.019867831134511498,0.005709314046614115,0.008677575603147832,-0.017499585191552106,0.017501553895992564,2.645026445388794,1.8941801881790163,0.7508461856842041,5,trapezoid_from_zero_normalized_by_max_fraction,True,correct,true_negative,medium,medium,binary
cicids2017_binary,46,0,BENIGN,rid_189c29f8197fee8b97d16eac414ce930,mlp,occlusion,insertion,target_class_median,False,False,True,True,1,ATTACK,predicted_class_of_audited_model,0.0013658951502293,0.0007744156755506,-0.551505537808407,-0.3527289305601734,-0.19877660724823362,0.021691601751149096,-0.24129214668048585,-0.22233632032491732,-0.32916921748348976,0.09768915921449661,0.05480485770315864,0.0428843030014541,5,trapezoid_from_zero_normalized_by_max_fraction,False,error,false_positive,low,medium,binary
cicids2017_binary,46,0,BENIGN,rid_ea00bda307e3b0a7b9da8da91cf7c43c,mlp,occlusion,insertion,target_class_median,False,False,True,True,1,ATTACK,predicted_class_of_audited_model,0.0013672227505594,0.0007757432758807,-0.5514254989859182,-0.3597262554443441,-0.1916992435415741,0.022008759710923666,-0.2348364125749845,-0.20980560467008036,-0.3416198943158379,0.09768219292163849,0.0557016975840088,0.041980499062919986,5,trapezoid_from_zero_normalized_by_max_fraction,False,error,false_positive,low,medium,binary
cicids2017_binary,46,0,BENIGN,rid_b490b01ced1d5fc05b44101c0d0fb9b1,mlp,occlusion,insertion,target_class_median,False,True,False,True,0,BENIGN,predicted_class_of_audited_model,0.9998396324372152,0.0004311119118938,-0.00012480778062808894,-0.00010669473597897651,-1.8113044649112445e-05,2.4498805542405104e-06,-2.2914810535423844e-05,-3.3782019460090856e-05,-9.10257611679981e-05,0.24380120635032654,0.16090255765616895,0.08289865018427371,5,trapezoid_from_zero_normalized_by_max_fraction,True,correct,true_negative,medium,low,binary
cicids2017_binary,46,0,BENIGN,rid_5896e64a3b34f1ec42a8d28a0e77879b,mlp,occlusion,insertion,target_class_median,False,True,False,True,0,BENIGN,predicted_class_of_audited_model,0.9999994843304308,0.0005909638051093,1.7013440340107878e-06,-0.0007010327079506504,0.0007027340519846614,0.00012905265014017387,0.0004497908577099206,-0.0009281342850756937,0.0009298356291097044,3.240790605545044,3.7290438184738166,-0.48825321292877194,5,trapezoid_from_zero_normalized_by_max_fraction,True,correct,true_negative,medium,medium,binary
cicids2017_binary,46,0,BENIGN,rid_6633ce22e5c7da00cb2a5f898084afd9,mlp,occlusion,insertion,target_class_median,False,True,False,True,0,BENIGN,predicted_class_of_audited_model,0.99999999993971,0.0005914794143884,1.968709590349782e-06,-0.030262893281695374,0.030264861991285724,0.006987364644762857,0.016569627287550525,-0.018109655057898258,0.018111623767488608,3.1267318725585938,3.0698509397506712,0.05688078975677495,5,trapezoid_from_zero_normalized_by_max_fraction,True,correct,true_negative,medium,medium,binary
cicids2017_binary,46,0,BENIGN,rid_0ad303697dc796c42432ca676fe053fa,mlp,occlusion,insertion,target_class_median,False,False,True,True,1,ATTACK,predicted_class_of_audited_model,0.0010945537360385,0.0005030742613598,-0.945160656285043,-0.8740148185860638,-0.0711458376989792,0.007054705844643633,-0.08497306115448072,-0.5240451524117917,-0.4211155038732512,1.2456915378570557,0.9804643564224245,0.2652271099090576,5,trapezoid_from_zero_normalized_by_max_fraction,False,error,false_positive,low,low,binary
cicids2017_binary,46,0,BENIGN,rid_2170b6fd137387bfcb2d8b5fb8e30e73,mlp,occlusion,insertion,target_class_median,False,True,False,True,0,BENIGN,predicted_class_of_audited_model,0.9999974744634984,0.0005889539381768,6.272651844385634e-07,-0.003837471634781436,0.003838098899965875,0.0025101175584378477,-0.0010817315145723065,-0.008186881545841263,0.008187508811025703,4.826684474945068,5.686829678535462,-0.8601453466415403,5,trapezoid_from_zero_normalized_by_max_fraction,True,correct,true_negative,medium,low,binary
cicids2017_binary,46,0,BENIGN,rid_bc5bac4fd5b318a74743b7e4b536c066,mlp,occlusion,insertion,target_class_median,False,False,True,True,1,ATTACK,predicted_class_of_audited_model,0.0012498664436861,0.0006583869690075,-0.9452557434211485,-0.8342311382666674,-0.11102460515448115,0.011577496629230325,-0.1337164985477726,-0.46659440231251853,-0.47866134110862996,0.9998205900192261,0.72880701982975,0.27101366555690765,5,trapezoid_from_zero_normalized_by_max_fraction,False,error,false_positive,low,medium,binary
cicids2017_binary,46,0,BENIGN,rid_6032361bbec96d8ea48e544c9482e598,mlp,occlusion,insertion,target_class_median,False,False,True,True,1,ATTACK,predicted_class_of_audited_model,0.0011647968785837,0.0005733174039051,-0.945461633161176,-0.8351773750884824,-0.11028425807269349,0.011316853618636939,-0.13246529116522188,-0.5129976134969593,-0.43246401966421677,0.9991844892501831,0.7283809280395508,0.2708036267757416,5,trapezoid_from_zero_normalized_by_max_fraction,False,error,false_positive,low,low,binary
cicids2017_binary,46,0,BENIGN,rid_e917776c2952c8979597799a67905d08,mlp,occlusion,insertion,target_class_median,False,False,True,True,1,ATTACK,predicted_class_of_audited_model,0.0006161797209642,2.470024628559999e-05,-0.9469115339637937,-0.871570857410977,-0.07534067655281682,0.008655803938656767,-0.09230605227258408,-0.5360261000719827,-0.4108854338918111,1.1719026565551758,0.9164512412548065,0.25545141530036936,5,trapezoid_from_zero_normalized_by_max_fraction,False,error,false_positive,low,low,binary
cicids2017_binary,46,0,BENIGN,rid_ac0b2618908439840e886aa3839643b4,mlp,occlusion,insertion,target_class_median,False,False,True,True,1,ATTACK,predicted_class_of_audited_model,0.0089307520538568,0.0083392725791782,-0.49911985276266935,-0.31229952423833307,-0.18682032852433622,0.020963238337663368,-0.22790827566615643,-0.14723292395845056,-0.3518869288042188,0.2744124233722687,0.10977755194739439,0.16463486099406147,5,trapezoid_from_zero_normalized_by_max_fraction,False,error,false_positive,low,medium,binary
cicids2017_binary,46,0,BENIGN,rid_88a0e5b273c78d1eb7bc1ae9ab8fe495,mlp,occlusion,insertion,target_class_median,False,True,False,True,0,BENIGN,predicted_class_of_audited_model,0.9999999983867482,0.0005914778614268,1.9686889106584894e-06,-0.019550532383382467,0.019552501072293126,0.006216270815820715,0.007368610273284525,-0.00912578827692785,0.009127756965838507,2.922318935394287,2.5587540702819824,0.3635652227401733,5,trapezoid_from_zero_normalized_by_max_fraction,True,correct,true_negative,medium,medium,binary
cicids2017_binary,46,0,BENIGN,rid_7b55b0a491943a8951ec2d43fedd60f4,mlp,occlusion,insertion,target_class_median,False,False,True,True,1,ATTACK,predicted_class_of_audited_model,0.0027485033497214,0.0021570238750428,-0.8890566857098066,-0.7531249910493288,-0.13593169466047766,0.01709964129240569,-0.1694469915935928,-0.5677424423380457,-0.32131424337176084,2.003370761871338,2.479164975166321,-0.47579447555541987,5,trapezoid_from_zero_normalized_by_max_fraction,False,error,false_positive,low,medium,binary
cicids2017_binary,46,0,BENIGN,rid_1aa13315224483b5ec543274f20fd45e,mlp,occlusion,insertion,target_class_median,False,True,False,True,0,BENIGN,predicted_class_of_audited_model,0.999999999999999,0.0005914794746776,1.964487363226297e-06,-0.0006775716166128481,0.0006795361039760746,0.0002784483443237066,0.00013377734910160978,-0.008023404327440663,0.008025368814803889,2.6885194778442383,2.2559226951599123,0.43259673500061024,5,trapezoid_from_zero_normalized_by_max_fraction,True,correct,true_negative,high,medium,binary
cicids2017_binary,46,0,BENIGN,rid_0cb5a904f57b1aaa80fb070c339fbc11,mlp,occlusion,insertion,target_class_median,False,True,False,True,0,BENIGN,predicted_class_of_audited_model,0.9999985935116912,0.0005900729863696,7.020425925929884e-07,4.103975244333924e-07,2.9164506815959615e-07,2.1360558876177607e-08,2.49778372762288e-07,1.6606796100404608e-07,5.359746315889424e-07,0.09379889070987701,0.07373511312901973,0.020063781306147575,5,trapezoid_from_zero_normalized_by_max_fraction,True,correct,true_negative,medium,low,binary
cicids2017_binary,46,0,BENIGN,rid_7b6b080ceefe571495dc2ff7e861c9f1,mlp,occlusion,insertion,target_class_median,False,False,True,True,1,ATTACK,predicted_class_of_audited_model,0.0112895127385854,0.0106980332639067,-0.5052815108327195,-0.23908679242711514,-0.2661947184056043,0.02107084678388764,-0.3074935781020241,-0.1564438296407461,-0.3488376811919734,0.0508241280913353,0.04789823207235895,0.0029258943425957114,5,trapezoid_from_zero_normalized_by_max_fraction,False,error,false_positive,low,medium,binary
cicids2017_binary,46,0,BENIGN,rid_9be758aa0870a51c47f2cc79ff0cf4f2,mlp,occlusion,insertion,target_class_median,False,True,False,True,0,BENIGN,predicted_class_of_audited_model,0.999980212374794,0.0005716918494726,-1.7001567107399752e-05,-9.887571225590363e-06,-7.113995881809386e-06,2.7745863635216133e-07,-7.657814809059623e-06,-3.0404996940660566e-06,-1.3961067413333695e-05,0.0680258721113205,0.04616407350450754,0.021861792646348476,5,trapezoid_from_zero_normalized_by_max_fraction,True,correct,true_negative,medium,low,binary
cicids2017_binary,46,0,BENIGN,rid_10843db073a419b5ad249f57a61cdeb1,mlp,occlusion,insertion,target_class_median,False,False,True,True,1,ATTACK,predicted_class_of_audited_model,0.4389364719390869,0.4383449924644083,-0.4245699137449265,-0.5052450539439617,0.08067514019903517,0.024325545986329123,0.03299707006583009,-0.3410495080612084,-0.08352040568371813,0.5877286195755005,0.3668416428230703,0.220886899266392,5,trapezoid_from_zero_normalized_by_max_fraction,False,error,false_positive,low,medium,binary
cicids2017_binary,46,0,BENIGN,rid_b802fbc0c498520fb72f9e7343799ffe,mlp,occlusion,insertion,target_class_median,False,False,True,True,1,ATTACK,predicted_class_of_audited_model,0.0075911707244813,0.0069996912498027,-0.8227200822904706,-0.4886680379216341,-0.33405204436883645,0.027123926302218902,-0.3872149399211855,-0.3073927810848181,-0.5153273012056525,0.5654665231704712,0.5059507905840873,0.05951577430963517,5,trapezoid_from_zero_normalized_by_max_fraction,False,error,false_positive,low,medium,binary
cicids2017_binary,46,0,BENIGN,rid_bafbd04c2e547a66e0dc2954535a0cd7,mlp,occlusion,insertion,target_class_median,False,True,False,True,0,BENIGN,predicted_class_of_audited_model,0.9999947791684464,0.0005862586431248,-3.277238806731475e-06,-1.9357299232751758e-06,-1.3415088834562995e-06,7.797565167433157e-08,-1.4943411607379894e-06,-1.0618368735322293e-06,-2.215401933199246e-06,0.0868319645524025,0.04175352792814374,0.04507844034954906,5,trapezoid_from_zero_normalized_by_max_fraction,True,correct,true_negative,medium,low,binary
cicids2017_binary,46,0,BENIGN,rid_6d656ac569bb8cd6bcf80fd7d1186b92,mlp,occlusion,insertion,target_class_median,False,True,False,True,0,BENIGN,predicted_class_of_audited_model,0.9995910167344846,0.0001824962091632,-0.00010659811908908523,-0.0162815790689617,0.016174980949872613,0.003715973207209512,0.00889167346374197,-0.006266748891890607,0.006160150772801523,0.6268272399902344,0.5980274474024774,0.0287997925877571,5,trapezoid_from_zero_normalized_by_max_fraction,True,correct,true_negative,medium,low,binary
cicids2017_binary,46,0,BENIGN,rid_a3005b8914bc938faaf722639af08655,mlp,occlusion,insertion,target_class_median,False,False,True,True,1,ATTACK,predicted_class_of_audited_model,0.0012185915838927,0.0006271121092141,-0.5971015122020618,-0.32184191951196406,-0.27525959269009764,0.02121024012050761,-0.31683166332629253,-0.1887501518911449,-0.4083513603109168,0.03973814472556114,0.03706903813476674,0.0026691065907943996,5,trapezoid_from_zero_normalized_by_max_fraction,False,error,false_positive,low,medium,binary
cicids2017_binary,46,0,BENIGN,rid_8eb853e989b02d5c0eb77f36fb436c1f,mlp,occlusion,insertion,target_class_median,False,True,False,True,0,BENIGN,predicted_class_of_audited_model,0.9999999946054065,0.0005914740800849,1.218490582644005e-06,-0.026380331638053194,0.026381550128635835,0.008380462312060457,0.009955843996997338,-0.014965333896845975,0.014966552387428618,1.114023208618164,1.1558088395595552,-0.04178564286231996,5,trapezoid_from_zero_normalized_by_max_fraction,True,correct,true_negative,medium,medium,binary
cicids2017_binary,46,0,BENIGN,rid_878754f5f1023f8dd9e23e93e1005cb3,mlp,occlusion,insertion,target_class_median,False,True,False,True,0,BENIGN,predicted_class_of_audited_model,1.0,0.0005914794746786,-4.3791503014745106e-05,-0.0004405332133928094,0.00039674171037806425,0.00020362678275065782,-2.3667838132250562e-06,-0.0014526881981670962,0.001408896695152351,0.6228914260864258,0.605661547780037,0.0172298902273178,5,trapezoid_from_zero_normalized_by_max_fraction,True,correct,true_negative,high,medium,binary
cicids2017_binary,46,0,BENIGN,rid_e4965edd10e51d0f59ba06631a5604a4,mlp,occlusion,insertion,target_class_median,False,False,True,True,1,ATTACK,predicted_class_of_audited_model,0.8812999129295349,0.8807084334548563,-0.07122443318367004,-0.33118257142002405,0.259958138236354,0.013395089424052884,0.23370376296521034,-0.5364880705312612,0.46526363734759113,3.3247616291046143,3.1489683771133423,0.1757933712005615,5,trapezoid_from_zero_normalized_by_max_fraction,False,error,false_positive,low,high,binary
cicids2017_binary,46,0,BENIGN,rid_e40daaad7f7cd2ce93273653f94513d0,mlp,occlusion,insertion,target_class_median,False,False,True,True,1,ATTACK,predicted_class_of_audited_model,0.0029207344632595,0.0023292549885809,-0.8986492430791257,-0.628840343384014,-0.2698088996951119,0.02427756529905951,-0.31739292768126853,-0.3348978177999834,-0.5637514252791425,0.7591127157211304,0.6178159980773927,0.1412967116832733,5,trapezoid_from_zero_normalized_by_max_fraction,False,error,false_positive,low,medium,binary
cicids2017_binary,46,0,BENIGN,rid_c438d9e167ee9a40230a2466c8e8d067,mlp,occlusion,insertion,target_class_median,False,True,False,True,0,BENIGN,predicted_class_of_audited_model,0.9997416644764598,0.0003331439511385,-0.000266124053568717,-0.032279670733104227,0.032013546679535515,0.00787519083886323,0.016578172635363583,-0.006066163726102928,0.0058000396725342105,1.0440020561218262,1.0311830914020539,0.012818940877914442,5,trapezoid_from_zero_normalized_by_max_fraction,True,correct,true_negative,medium,low,binary
cicids2017_binary,46,0,BENIGN,rid_35763d7910cbc7d0bd0c71a5d4647ed1,mlp,occlusion,insertion,target_class_median,False,True,False,True,0,BENIGN,predicted_class_of_audited_model,0.9999999999999988,0.0005914794746773,1.9687105350385536e-06,-0.004811289015696938,0.004813257726231977,0.0025720987429831547,-0.00022805581001500604,-0.00348562343065918,0.0034875921411942185,2.2813119888305664,1.426661670446396,0.8546505091190338,5,trapezoid_from_zero_normalized_by_max_fraction,True,correct,true_negative,high,medium,binary
cicids2017_binary,46,0,BENIGN,rid_9efbd13f3717e5d914ae94e2e807a5f6,mlp,occlusion,insertion,target_class_median,False,False,True,True,1,ATTACK,predicted_class_of_audited_model,0.0777472108602523,0.0771557313855737,-0.6259445316830029,-0.6113858718593712,-0.014558659823631609,0.026445696226680204,-0.0663922244279248,-0.4532946152315154,-0.17264991645148742,1.5152606964111328,1.2456261997222902,0.269634437084198,5,trapezoid_from_zero_normalized_by_max_fraction,False,error,false_positive,low,medium,binary
cicids2017_binary,46,0,BENIGN,rid_b802449e854f73ea84311c579907ce80,mlp,occlusion,insertion,target_class_median,False,True,False,True,0,BENIGN,predicted_class_of_audited_model,0.9999984873768426,0.0005899668515212,3.7039420135442925e-07,2.777175943151633e-07,9.267660703926594e-08,2.8049583540627622e-08,3.76994232996358e-08,5.212557653067052e-08,3.1826862482375875e-07,0.07098114490509033,0.047233872197568416,0.02374727717787027,5,trapezoid_from_zero_normalized_by_max_fraction,True,correct,true_negative,medium,low,binary
cicids2017_binary,46,0,BENIGN,rid_79fedbc6f1dc324932e51be4e75f485e,mlp,occlusion,insertion,target_class_median,False,False,True,True,1,ATTACK,predicted_class_of_audited_model,0.0078330691903829,0.0072415897157043,-0.7588586930185557,-0.5162564314339688,-0.24260226158458675,0.02658847232622542,-0.2947156673439886,-0.3329143323523385,-0.4259443606662171,0.6588169932365417,0.5340557531118394,0.1247612580060959,5,trapezoid_from_zero_normalized_by_max_fraction,False,error,false_positive,low,medium,binary
cicids2017_binary,46,0,BENIGN,rid_a6493a2fbd83c587a31f909ce740d716,mlp,occlusion,insertion,target_class_median,False,False,True,True,1,ATTACK,predicted_class_of_audited_model,0.0025366756599396,0.0019451961852609,-0.6908660636283457,-0.6700643051687412,-0.020801758459604566,0.021744454389182703,-0.06342088906240266,-0.4461563096173586,-0.2447097540109871,0.7243458032608032,0.6048875830173492,0.11945818448066711,5,trapezoid_from_zero_normalized_by_max_fraction,False,error,false_positive,low,medium,binary
cicids2017_binary,46,0,BENIGN,rid_6d04c23e4d954941de8dfe0bdf5241fc,mlp,occlusion,insertion,target_class_median,False,True,False,True,0,BENIGN,predicted_class_of_audited_model,0.9999999999999998,0.0005914794746784,1.9687104738874695e-06,-0.0031670090978255486,0.0031689778082994355,0.0012770465013475366,0.0006659666656582638,-0.008863278225124775,0.008865246935598665,1.9469959735870361,1.6909881410598753,0.25600785636901857,5,trapezoid_from_zero_normalized_by_max_fraction,True,correct,true_negative,high,medium,binary
cicids2017_binary,46,0,BENIGN,rid_f7d307d72a471320dbdf7a358750bd68,mlp,occlusion,insertion,target_class_median,False,False,True,True,1,ATTACK,predicted_class_of_audited_model,0.4352786242961883,0.4346871448215097,-0.5335267096757889,-0.6340361688852547,0.10050945920946587,0.013935190398587642,0.07319648602823409,-0.5121251037050475,-0.02140160597074145,18.105995178222656,7.186363928914071,10.91963144004345,5,trapezoid_from_zero_normalized_by_max_fraction,False,error,false_positive,low,medium,binary
cicids2017_binary,46,1,ATTACK,rid_7ec0a68964b1e289b9bf406e4f329018,mlp,occlusion,insertion,target_class_median,False,True,False,True,1,ATTACK,predicted_class_of_audited_model,0.999997079372406,0.9994055998977274,0.0004772067070007324,-0.007221084743738174,0.0076982914507389075,0.002590172408164502,0.002621553530736483,-0.12693749977182597,0.12741470647882672,0.9524075388908386,0.8160548050403594,0.13635274577140813,5,trapezoid_from_zero_normalized_by_max_fraction,True,correct,true_positive,medium,high,binary
cicids2017_binary,46,0,BENIGN,rid_50c9973503e1f3afaf815567b7106023,mlp,occlusion,insertion,target_class_median,False,False,True,True,1,ATTACK,predicted_class_of_audited_model,0.0009868093766272,0.0003953299019486,-0.9453658495705894,-0.8887471725877875,-0.05661867698280205,0.007549956493273977,-0.07141659170961905,-0.541494167184188,-0.4038716823864015,1.1795570850372314,0.9593271198272705,0.2202300724983215,5,trapezoid_from_zero_normalized_by_max_fraction,False,error,false_positive,low,low,binary
cicids2017_binary,46,0,BENIGN,rid_f8b0fa47dff2c66a7955cbf980736a54,mlp,occlusion,insertion,target_class_median,False,True,False,True,0,BENIGN,predicted_class_of_audited_model,0.9999986949761706,0.0005901744508491,6.137947650586284e-07,4.793196111450016e-07,1.3447515391362688e-07,1.15650797228646e-08,1.1180759765681227e-07,1.871424417458911e-07,4.2665232331273725e-07,0.02744808793067932,0.026656981162726877,0.0007911075130105028,5,trapezoid_from_zero_normalized_by_max_fraction,True,correct,true_negative,medium,low,binary
cicids2017_binary,46,0,BENIGN,rid_7a0598fcbb5a8b91fdb8ddf46de5c770,mlp,occlusion,insertion,target_class_median,False,True,False,True,0,BENIGN,predicted_class_of_audited_model,0.9999938651981212,0.0005853446727996,-2.1586020928587855e-05,-0.0037288552790832575,0.0037072692581546695,0.0015118375516653979,0.0007440676568904897,-0.0017510278987857848,0.001729441877857197,0.8342119455337524,0.8362452487945558,-0.0020333747863769402,5,trapezoid_from_zero_normalized_by_max_fraction,True,correct,true_negative,medium,low,binary
cicids2017_binary,46,0,BENIGN,rid_14bb75df2d40ea1abddc3c3512ecc903,mlp,occlusion,insertion,target_class_median,False,False,True,True,1,ATTACK,predicted_class_of_audited_model,0.0030867939349263,0.0024953144602477,-0.8929530860856175,-0.5979341753386689,-0.2950189107469487,0.02505080623570019,-0.34411849096892105,-0.3768386212421756,-0.5161144648434419,0.772196888923645,0.6378761996030808,0.13432068336009978,5,trapezoid_from_zero_normalized_by_max_fraction,False,error,false_positive,low,medium,binary
cicids2017_binary,46,0,BENIGN,rid_ae16f2248190486b14d8c6281a76f209,mlp,occlusion,insertion,target_class_median,False,False,True,True,1,ATTACK,predicted_class_of_audited_model,0.0014829384163022,0.0008914589416236,-0.9440267548758129,-0.8748009674265195,-0.06922578744929343,0.008832000742896268,-0.08653650890537012,-0.5002141467810816,-0.44381260809473133,1.1086280345916748,0.8710602775812148,0.23756778681278234,5,trapezoid_from_zero_normalized_by_max_fraction,False,error,false_positive,low,medium,binary
cicids2017_binary,46,0,BENIGN,rid_f7aacf2731962ae6d5c6ca190369b7ee,mlp,occlusion,insertion,target_class_median,False,True,False,True,0,BENIGN,predicted_class_of_audited_model,0.9999934328297968,0.0005849123044754,-5.867511609380926e-06,-0.0044439867039649545,0.004438119192355573,0.0014350237685157336,0.0016254726060647355,-0.0007202385795039908,0.0007143710678946097,0.8076086044311523,0.7863122988939285,0.021296281695365894,5,trapezoid_from_zero_normalized_by_max_fraction,True,correct,true_negative,medium,low,binary
cicids2017_binary,46,0,BENIGN,rid_928b86e9d5264ba55b5e609d3c2b9aa1,mlp,occlusion,insertion,target_class_median,False,True,False,True,0,BENIGN,predicted_class_of_audited_model,1.0,0.0005914794746786,1.968710535027451e-06,-0.005496104303599733,0.00549807301413476,0.004621952407498756,-0.003560953704562801,-0.009775434208845728,0.009777402919380755,1.8775451183319092,1.3639057505130767,0.5136394155025482,5,trapezoid_from_zero_normalized_by_max_fraction,True,correct,true_negative,high,medium,binary
cicids2017_binary,46,0,BENIGN,rid_e3f5defb39bd0d7c523a27967236f766,mlp,occlusion,insertion,target_class_median,False,False,True,True,1,ATTACK,predicted_class_of_audited_model,0.0008617697749286,0.0002702903002499,-0.9484313409542665,-0.6536846573364018,-0.29474668361786466,0.021741418077770466,-0.33735986305029475,-0.4242071065490527,-0.5242242344052137,0.9118229150772095,0.7610843591690063,0.15073856186866758,5,trapezoid_from_zero_normalized_by_max_fraction,False,error,false_positive,low,low,binary
cicids2017_binary,46,0,BENIGN,rid_85088121508f3b34935e761b021d6f66,mlp,occlusion,insertion,target_class_median,False,False,True,True,1,ATTACK,predicted_class_of_audited_model,0.0516236834228038,0.0510322039481252,-0.7343204761855304,-0.45619413131395414,-0.2781263448715763,0.026604441393173302,-0.330271050002196,-0.3590396008992175,-0.375280875286313,0.5241583585739136,0.4989021959304809,0.02525613880157469,5,trapezoid_from_zero_normalized_by_max_fraction,False,error,false_positive,low,medium,binary
cicids2017_binary,46,0,BENIGN,rid_333d854b7ff20a7275eaf942a4c0d945,mlp,occlusion,insertion,target_class_median,False,False,True,True,1,ATTACK,predicted_class_of_audited_model,0.0007705768803134,0.0001790974056347,-0.9461710198294895,-0.8948914777684358,-0.051279542061053694,0.008126871819114678,-0.06720821082651846,-0.5558003465784311,-0.3903706732510584,1.1904199123382568,0.9746686115264893,0.21575128889083856,5,trapezoid_from_zero_normalized_by_max_fraction,False,error,false_positive,low,low,binary
cicids2017_binary,46,0,BENIGN,rid_4783f078f82453f3517e666f43454899,mlp,occlusion,insertion,target_class_median,False,True,False,True,0,BENIGN,predicted_class_of_audited_model,0.9999985758990988,0.0005900553737773,-1.833177652985074e-05,-0.022369985701388557,0.022351653924858703,0.006567400764383104,0.00947954842666782,-0.013136096072833094,0.013117764296303246,1.028363823890686,0.9801887333393096,0.048175090551376365,5,trapezoid_from_zero_normalized_by_max_fraction,True,correct,true_negative,medium,low,binary
cicids2017_binary,46,0,BENIGN,rid_9df87c12194dc3c52a1cbcf03ba38e3c,mlp,occlusion,insertion,target_class_median,False,True,False,True,0,BENIGN,predicted_class_of_audited_model,0.9999993124952198,0.0005907919698983,1.5395441088195128e-06,-0.008712701491044273,0.008714241035153092,0.003047392801073941,0.0027413511450481674,-0.0048621155603852766,0.004863655104494096,1.128568410873413,0.8301110495328903,0.2984574209451676,5,trapezoid_from_zero_normalized_by_max_fraction,True,correct,true_negative,medium,medium,binary
cicids2017_binary,46,0,BENIGN,rid_35dc41a5d6be4e97b00a2db556f849ac,mlp,occlusion,insertion,target_class_median,False,False,True,True,1,ATTACK,predicted_class_of_audited_model,0.0023154360242187,0.0017239565495401,-0.9359522363636643,-0.8013693079602964,-0.13458292840336797,0.010379443336032903,-0.15492663734199247,-0.28975943040597485,-0.6461928059576895,0.8782881498336792,0.7125570079684257,0.16573121339082716,5,trapezoid_from_zero_normalized_by_max_fraction,False,error,false_positive,low,medium,binary
cicids2017_binary,46,0,BENIGN,rid_9418439e255138bbbd9bec0bf347f1a2,mlp,occlusion,insertion,target_class_median,False,False,True,True,1,ATTACK,predicted_class_of_audited_model,0.0418825596570968,0.0412910801824182,-0.9005863729722479,-0.8043515148244076,-0.09623485814784019,0.014655202487345923,-0.1249590550230382,-0.6235848470758155,-0.2770015258964323,1.855712652206421,1.3544833338260651,0.5012294375896453,5,trapezoid_from_zero_normalized_by_max_fraction,False,error,false_positive,low,medium,binary
cicids2017_binary,46,0,BENIGN,rid_8ab9df8b651f3e96c70308b7c2e8495a,mlp,occlusion,insertion,target_class_median,False,True,False,True,0,BENIGN,predicted_class_of_audited_model,0.999980028387654,0.0005715078623324,1.7742061112491214e-06,-0.043080135697763894,0.04308190990387514,0.011032625937157294,0.021457963067046847,-0.0044481637028350824,0.0044499379089463316,1.3548943996429443,1.0694984140396115,0.28539591407775877,5,trapezoid_from_zero_normalized_by_max_fraction,True,correct,true_negative,medium,low,binary
cicids2017_binary,46,0,BENIGN,rid_bef7935fd705e4a2fb2fc07c518fff6d,mlp,occlusion,insertion,target_class_median,False,False,True,True,1,ATTACK,predicted_class_of_audited_model,0.0058941934257745,0.0053027139510959,-0.8312047192826867,-0.7122139093190673,-0.11899080996361944,0.01715466602435965,-0.15261395537136435,-0.37673677232676345,-0.45446794695592324,0.6274092197418213,0.34426580436527726,0.28314345113933087,5,trapezoid_from_zero_normalized_by_max_fraction,False,error,false_positive,low,medium,binary
cicids2017_binary,46,0,BENIGN,rid_e18af19982d5c9148b21d19a9177bbdb,mlp,occlusion,insertion,target_class_median,False,True,False,True,0,BENIGN,predicted_class_of_audited_model,0.9999657701409888,0.0005572496156673,-3.716630645840268e-05,-0.02070323241411891,0.02066606610766051,0.007671793038950674,0.0056293517513171885,-0.0025575209764325674,0.0025203546699741645,0.8563482165336609,0.7644245533943176,0.09192363929748537,5,trapezoid_from_zero_normalized_by_max_fraction,True,correct,true_negative,medium,low,binary
cicids2017_binary,46,0,BENIGN,rid_042db76e52081120f8712b711e669593,mlp,occlusion,insertion,target_class_median,False,False,True,True,1,ATTACK,predicted_class_of_audited_model,0.0441392287611961,0.0435477492865175,-0.8989023373189411,-0.816703672646744,-0.08219866467219696,0.013837171265977576,-0.109319520353513,-0.5920475751790113,-0.3068547621399298,1.8349549770355225,1.360873643875122,0.4740813570022583,5,trapezoid_from_zero_normalized_by_max_fraction,False,error,false_positive,low,medium,binary
cicids2017_binary,46,1,ATTACK,rid_719ddd1671bed421c15ac1922161bdb6,mlp,occlusion,insertion,target_class_median,False,True,False,True,1,ATTACK,predicted_class_of_audited_model,0.999997615814209,0.9994061363395303,0.0004772305488586426,-0.006270572394132614,0.006747802942991257,0.002591788496604941,0.001667897489645573,-0.09464978656731546,0.09512701711617409,0.9502426981925964,0.8150142476558685,0.13522841477394104,5,trapezoid_from_zero_normalized_by_max_fraction,True,correct,true_positive,medium,high,binary
cicids2017_binary,46,0,BENIGN,rid_e4b98da9557c21d4e6fc6724148e4ee9,mlp,occlusion,insertion,target_class_median,False,True,False,True,0,BENIGN,predicted_class_of_audited_model,0.9995738258003256,0.0001653052750044,-0.009717498498298482,-0.07221541703329953,0.06249791853500105,0.012164131518308585,0.03865622075911622,-0.03406415876352276,0.024346660265224283,0.7908541560173035,0.6391627812385559,0.15169135689735413,5,trapezoid_from_zero_normalized_by_max_fraction,True,correct,true_negative,medium,low,binary
cicids2017_binary,46,0,BENIGN,rid_c8cb3f2ba7448496ae904e82636730e2,mlp,occlusion,insertion,target_class_median,False,False,True,True,1,ATTACK,predicted_class_of_audited_model,0.0025668663438409,0.0019753868691623,-0.6303933736141245,-0.6213835986469659,-0.009009774967158712,0.025197681579831276,-0.05839723086362801,-0.42915528455439855,-0.201238089059726,1.7376739978790283,1.5554380867481232,0.18223588728904722,5,trapezoid_from_zero_normalized_by_max_fraction,False,error,false_positive,low,medium,binary
cicids2017_binary,46,0,BENIGN,rid_6189b5e93ffb0e5793b244b21747bcae,mlp,occlusion,insertion,target_class_median,False,False,True,True,1,ATTACK,predicted_class_of_audited_model,0.0008220666204579,0.0002305871457792,-0.9481975838425569,-0.6723696735380035,-0.2758279103045534,0.02003723778608836,-0.3151008963652866,-0.4335924743672949,-0.5146051094752621,0.8603183031082153,0.7515258585214615,0.10879245650768281,5,trapezoid_from_zero_normalized_by_max_fraction,False,error,false_positive,low,low,binary
cicids2017_binary,46,0,BENIGN,rid_6a6f5c3da2329fbb5fe9fb16e57f06ba,mlp,occlusion,insertion,target_class_median,False,True,False,True,0,BENIGN,predicted_class_of_audited_model,0.9999949654174998,0.0005864448921783,-2.6376382265880237e-06,-1.789600054053153e-06,-8.480381725348708e-07,8.473807959771263e-08,-1.0141248085463874e-06,-7.573747573133005e-07,-1.8802634692747232e-06,0.07926914840936661,0.03965655690431595,0.03961259075999259,5,trapezoid_from_zero_normalized_by_max_fraction,True,correct,true_negative,medium,low,binary
cicids2017_binary,46,0,BENIGN,rid_63e415c0e648dbfe402441905d5c492c,mlp,occlusion,insertion,target_class_median,False,False,True,True,1,ATTACK,predicted_class_of_audited_model,0.0006948875379748,0.0001034080632961,-0.9452884637510579,-0.8851886625363226,-0.0600998012147352,0.0076536709318058786,-0.07510099624107472,-0.5181478449288843,-0.4271406188221736,1.2479960918426514,1.0245923511981962,0.2234037764072418,5,trapezoid_from_zero_normalized_by_max_fraction,False,error,false_positive,low,low,binary
cicids2017_binary,46,0,BENIGN,rid_b437bc0830bd9ff08a6699101982a1b3,mlp,occlusion,insertion,target_class_median,False,False,True,True,1,ATTACK,predicted_class_of_audited_model,0.8812562823295593,0.8806648028548807,-0.0712566077709198,-0.3359736651907233,0.2647170574198035,0.013281994788220803,0.23868434763489071,-0.4470361908685895,0.3757795830976697,3.325021266937256,3.151938688278198,0.1730826501846313,5,trapezoid_from_zero_normalized_by_max_fraction,False,error,false_positive,low,high,binary
cicids2017_binary,46,0,BENIGN,rid_8f63eb091ac3b6952adf8b3dfeaa97cd,mlp,occlusion,insertion,target_class_median,False,True,False,True,0,BENIGN,predicted_class_of_audited_model,0.9999870940564506,0.0005785735311291,1.5256645298222793e-06,-0.0033230629522418243,0.0033245886167716466,0.0010638743534428408,0.001239394884023679,-0.00033972010401670194,0.0003412457685465242,0.7101536989212036,0.7285265588760376,-0.01837287187576294,5,trapezoid_from_zero_normalized_by_max_fraction,True,correct,true_negative,medium,low,binary
cicids2017_binary,46,0,BENIGN,rid_33ee3d558b7bbed21c0fe289e7c9504b,mlp,occlusion,insertion,target_class_median,False,True,False,True,0,BENIGN,predicted_class_of_audited_model,0.9999757989025966,0.0005672783772751,-1.7050969145770974e-05,-2.4456673259606988e-05,7.405704113836009e-06,1.7397875678658938e-06,3.995720480818857e-06,-2.169784970547539e-05,4.6468805597044144e-06,0.5334891080856323,0.24801992242783305,0.2854692422822118,5,trapezoid_from_zero_normalized_by_max_fraction,True,correct,true_negative,medium,low,binary
cicids2017_binary,46,0,BENIGN,rid_b0f7a8141065fa363b51984fd9fc02d3,mlp,occlusion,insertion,target_class_median,False,False,True,True,1,ATTACK,predicted_class_of_audited_model,0.0159329175949096,0.0153414381202309,-0.8928747742902488,-0.7768044410403082,-0.11607033324994064,0.013406348845922837,-0.1423467769879494,-0.5450159689413558,-0.34785880534889296,3.425513744354248,1.8596501739025115,1.565863689661026,5,trapezoid_from_zero_normalized_by_max_fraction,False,error,false_positive,low,medium,binary
cicids2017_binary,46,0,BENIGN,rid_1ab373dc440fd331ecb4f2e6e21acb2b,mlp,occlusion,insertion,target_class_median,False,False,True,True,1,ATTACK,predicted_class_of_audited_model,0.0416127480566501,0.0410212685819715,-0.40915145538747305,-0.4836002427185174,0.07444878733104432,0.027452987958210818,0.020640930932951114,-0.41672834888782656,0.007576893500353427,0.8770674467086792,0.821190304517746,0.055877142190933246,5,trapezoid_from_zero_normalized_by_max_fraction,False,error,false_positive,low,medium,binary
cicids2017_binary,46,0,BENIGN,rid_8df30faff4248e2057031c3ff6af5de5,mlp,occlusion,insertion,target_class_median,False,True,False,True,0,BENIGN,predicted_class_of_audited_model,0.99999999998509,0.0005914794597685,1.9677851132215984e-06,-0.00466487857006383,0.0046668463551770515,0.00203342639734398,0.000681330616382851,-0.0022469882839368897,0.0022489560690501114,2.0576531887054443,1.510386388540268,0.5472668478488922,5,trapezoid_from_zero_normalized_by_max_fraction,True,correct,true_negative,medium,medium,binary
cicids2017_binary,46,0,BENIGN,rid_a4b76d5f23619914bc822827e72e113f,mlp,occlusion,insertion,target_class_median,False,False,True,True,1,ATTACK,predicted_class_of_audited_model,0.0044561643153429,0.0038646848406642,-0.9413911637066121,-0.5556072022727967,-0.38578396143381544,0.017127821569630813,-0.4193544917102918,-0.3366787064874079,-0.6047124572192042,0.9937998652458191,1.0350188176631927,-0.0412189404964447,5,trapezoid_from_zero_normalized_by_max_fraction,False,error,false_positive,low,medium,binary
cicids2017_binary,46,0,BENIGN,rid_8e8c70e5622b2a9c84a94e7d150795fe,mlp,occlusion,insertion,target_class_median,False,False,True,True,1,ATTACK,predicted_class_of_audited_model,0.0010861249174922,0.0004946454428136,-0.9325624957797118,-0.6545612541545452,-0.27800124162516654,0.019975658329089988,-0.3171535319501829,-0.386635328829696,-0.5459271669500158,0.6711333990097046,0.46238303416967386,0.20875037080049513,5,trapezoid_from_zero_normalized_by_max_fraction,False,error,false_positive,low,low,binary
cicids2017_binary,46,0,BENIGN,rid_100df7ac2e4365c1c64ba6b8167897cf,mlp,occlusion,insertion,target_class_median,False,False,True,True,1,ATTACK,predicted_class_of_audited_model,0.0006539482856169,6.24688109383e-05,-0.762777179479599,-0.6737945637813232,-0.08898261569827581,0.018588381300122858,-0.12541584304651662,-0.33248246769110845,-0.43029471178849055,0.5374908447265625,0.49487294220924377,0.042617884635925286,5,trapezoid_from_zero_normalized_by_max_fraction,False,error,false_positive,low,low,binary
cicids2017_binary,46,1,ATTACK,rid_043f92e873111ba870b05b87f34e986d,mlp,occlusion,insertion,target_class_median,False,False,True,False,0,BENIGN,predicted_class_of_audited_model,1.0,0.0005914794746786,1.9687105350385536e-06,-0.003306387345314336,0.0033083560558493747,0.001023257702857518,0.0013027709582486397,-0.00978372819906268,0.009785696909597718,30.736713409423828,8.359903693437577,22.376806473493573,5,trapezoid_from_zero_normalized_by_max_fraction,False,error,false_negative,high,medium,binary
cicids2017_binary,46,1,ATTACK,rid_41b9d0d8dadb3902684d48a1bbcc8aeb,mlp,occlusion,insertion,target_class_median,False,True,False,True,1,ATTACK,predicted_class_of_audited_model,1.0,0.9994085205253214,-0.06178876161575317,-0.2921354650448068,0.23034670342905367,0.02616184221298893,0.17906949269159536,-0.25614957270865923,0.19436081109290607,2.532250165939331,2.1764743208885196,0.35577601194381714,5,trapezoid_from_zero_normalized_by_max_fraction,True,correct,true_positive,high,high,binary
cicids2017_binary,46,1,ATTACK,rid_b18ee366292057ba9053de2b71ea0230,mlp,occlusion,insertion,target_class_median,False,True,False,True,1,ATTACK,predicted_class_of_audited_model,1.0,0.9994085205253214,-0.06073946952819824,-0.271134939633243,0.21039547010504475,0.02413965045846663,0.16308175520645016,-0.26464666568854844,0.20390719616035025,2.9717020988464355,2.3980964832305904,0.5736057586669923,5,trapezoid_from_zero_normalized_by_max_fraction,True,correct,true_positive,high,high,binary
cicids2017_binary,46,1,ATTACK,rid_393feb2e851e739937273bb31513172c,mlp,occlusion,insertion,target_class_median,False,False,True,False,0,BENIGN,predicted_class_of_audited_model,0.999982028739396,0.0005735082140745,1.1412651360842575e-06,-0.21692019221204556,0.21692133347718162,0.026537688114979523,0.16490746477182175,-0.05401778729743823,0.054018928562574314,3.8101181983947754,1.8427311966419222,1.967386858701706,5,trapezoid_from_zero_normalized_by_max_fraction,False,error,false_negative,medium,low,binary
cicids2017_binary,46,1,ATTACK,rid_9e693af0cdcc14c504f8df727f2e487e,mlp,occlusion,insertion,target_class_median,False,True,False,True,1,ATTACK,predicted_class_of_audited_model,0.8812386989593506,0.880647219484672,-0.07128096520900726,-0.340844708918042,0.2695637437090348,0.015382989294402658,0.2394130846920056,-0.4091886878573794,0.33790772264837216,3.3254942893981934,3.112609885215759,0.21288454723358158,5,trapezoid_from_zero_normalized_by_max_fraction,True,correct,true_positive,low,high,binary
cicids2017_binary,46,1,ATTACK,rid_01cd375109c733963332b017e0d71843,mlp,occlusion,insertion,target_class_median,False,True,False,True,1,ATTACK,predicted_class_of_audited_model,1.0,0.9994085205253214,-0.021328869462013247,-0.3286637143838341,0.30733484492182084,0.02809595096807886,0.25226678102438627,-0.2422696544201485,0.22094078495813527,0.4916330873966217,0.46025288420915605,0.031380182325840014,5,trapezoid_from_zero_normalized_by_max_fraction,True,correct,true_positive,high,high,binary
cicids2017_binary,46,1,ATTACK,rid_efea114b298e64657601e68ad49cca42,mlp,occlusion,insertion,target_class_median,False,False,True,False,0,BENIGN,predicted_class_of_audited_model,0.9999754254877188,0.0005669049623974,-4.1834520880357224e-06,-0.038761978245426945,0.03875779479333891,0.011435640148524972,0.016343940102229962,-0.016798765996563197,0.016794582544475162,1.2644771337509155,1.2557645487785336,0.008712680339813251,5,trapezoid_from_zero_normalized_by_max_fraction,False,error,false_negative,medium,low,binary
cicids2017_binary,46,1,ATTACK,rid_9c4ca9c523696359bfb19650cc092759,mlp,occlusion,insertion,target_class_median,False,False,True,False,0,BENIGN,predicted_class_of_audited_model,0.999415471800603,6.951275281600082e-06,-0.00031176285417586767,-0.02601076135954063,0.025698998505364765,0.006062455551445626,0.013816585624531339,-0.029335548549394058,0.029023785695218192,3.054781198501587,2.5381876816749576,0.51659339761734,5,trapezoid_from_zero_normalized_by_max_fraction,False,error,false_negative,medium,low,binary
cicids2017_binary,46,1,ATTACK,rid_b557eaf96a3995f55a9ec4a98d5cd1ae,mlp,occlusion,insertion,target_class_median,False,True,False,True,1,ATTACK,predicted_class_of_audited_model,1.0,0.9994085205253214,-0.18946025967597963,-0.2751150768371273,0.08565481716114766,0.027150782157207322,0.03243928413302131,-0.27100510457961025,0.08154484490363066,0.6843772530555725,0.5413988556861877,0.1429783854484558,5,trapezoid_from_zero_normalized_by_max_fraction,True,correct,true_positive,high,high,binary
cicids2017_binary,46,1,ATTACK,rid_2b7d213a3e1b8196da76433d7f81ba94,mlp,occlusion,insertion,target_class_median,False,True,False,True,1,ATTACK,predicted_class_of_audited_model,1.0,0.9994085205253214,0.00024130940437316895,-0.25668952872634493,0.25693083813071815,0.025077450767733954,0.2077790346259596,-0.3367297500166827,0.3369710594210559,0.8822202682495117,0.893412307858467,-0.011191980004310608,5,trapezoid_from_zero_normalized_by_max_fraction,True,correct,true_positive,high,high,binary
cicids2017_binary,46,1,ATTACK,rid_6b6b50c38a1c33ae2f6e237b62874f71,mlp,occlusion,insertion,target_class_median,False,True,False,True,1,ATTACK,predicted_class_of_audited_model,1.0,0.9994085205253214,-0.37907473118830237,-0.29105448154835445,-0.08802024963994798,0.025347334187544326,-0.13770102464753486,-0.21732663595732038,-0.16174809523098205,0.3012922406196594,0.32405175849795337,-0.022759535945951932,5,trapezoid_from_zero_normalized_by_max_fraction,True,correct,true_positive,high,high,binary
cicids2017_binary,46,1,ATTACK,rid_ee26c8eebb9af0f9908d20094a307bc6,mlp,occlusion,insertion,target_class_median,False,True,False,True,1,ATTACK,predicted_class_of_audited_model,1.0,0.9994085205253214,-0.3751646563410759,-0.4565084812866518,0.08134382494557588,0.025044525861933373,0.03225655425618647,-0.3374564090798007,-0.03770824726127518,0.29144978523254395,0.29262873854301874,-0.0011789597366005094,5,trapezoid_from_zero_normalized_by_max_fraction,True,correct,true_positive,high,high,binary
cicids2017_binary,46,1,ATTACK,rid_b31549a41ee9580a6231befc82d6d415,mlp,occlusion,insertion,target_class_median,False,True,False,True,1,ATTACK,predicted_class_of_audited_model,1.0,0.9994085205253214,-0.24871211206191218,-0.36919727585007933,0.12048516378816712,0.024954035383665727,0.07157525443618229,-0.2602763085881743,0.01156419652626206,0.32563233375549316,0.34752449935209007,-0.021892180497758075,5,trapezoid_from_zero_normalized_by_max_fraction,True,correct,true_positive,high,high,binary
cicids2017_binary,46,1,ATTACK,rid_5c3df38ff590ecc8f4e7a23c611b0aa4,mlp,occlusion,insertion,target_class_median,False,True,False,True,1,ATTACK,predicted_class_of_audited_model,1.0,0.9994085205253214,-0.4108292017015628,-0.38984860570734303,-0.02098059599421981,0.02389519415091621,-0.06781517653001559,-0.30805152385455326,-0.1027776778470096,0.31936532258987427,0.3415875685587525,-0.022222250252962115,5,trapezoid_from_zero_normalized_by_max_fraction,True,correct,true_positive,high,high,binary
cicids2017_binary,46,1,ATTACK,rid_2899dafea6e146b3c0d532ccc5e37d6d,mlp,occlusion,insertion,target_class_median,False,True,False,True,1,ATTACK,predicted_class_of_audited_model,1.0,0.9994085205253214,-0.22721631675958634,-0.36652645441211434,0.13931013765252803,0.02665982364995207,0.08705688329862198,-0.345394599205335,0.11817828244574866,0.3590041995048523,0.3503164644502103,0.008687768023461108,5,trapezoid_from_zero_normalized_by_max_fraction,True,correct,true_positive,high,high,binary
cicids2017_binary,46,1,ATTACK,rid_35be18284ecf2d3c64d73f48d17f6e1f,mlp,occlusion,insertion,target_class_median,False,True,False,True,1,ATTACK,predicted_class_of_audited_model,1.0,0.9994085205253214,-0.22792686950415375,-0.4655086425549838,0.23758177305083014,0.02441010029074058,0.1897379764809786,-0.3461704420727692,0.11824357256861545,0.33969444036483765,0.3243880212642252,0.015306457657366995,5,trapezoid_from_zero_normalized_by_max_fraction,True,correct,true_positive,high,high,binary
cicids2017_binary,46,1,ATTACK,rid_a9138c7420dc9fd50bcd353f1065ccb9,mlp,occlusion,insertion,target_class_median,False,True,False,True,1,ATTACK,predicted_class_of_audited_model,1.0,0.9994085205253214,-0.3072684526443481,-0.4283799975982715,0.12111154495392334,0.02557773304376364,0.07097918818814661,-0.2911333213157088,-0.01613513132863932,0.3280184268951416,0.3002194317467511,0.027798975311219686,5,trapezoid_from_zero_normalized_by_max_fraction,True,correct,true_positive,high,high,binary
cicids2017_binary,46,1,ATTACK,rid_f601cc577922c5436b8292ed23e6273b,mlp,occlusion,insertion,target_class_median,False,True,False,True,1,ATTACK,predicted_class_of_audited_model,1.0,0.9994085205253214,-0.21030601626844145,-0.30446150057992,0.09415548431147855,0.026006616467748066,0.04318251603469234,-0.2599197154515023,0.04961369918306083,0.35092097520828247,0.31671032606437804,0.034210635453462604,5,trapezoid_from_zero_normalized_by_max_fraction,True,correct,true_positive,high,high,binary
cicids2017_binary,46,1,ATTACK,rid_e0e0e428f306b381ce71b1008d195a3b,mlp,occlusion,insertion,target_class_median,False,True,False,True,1,ATTACK,predicted_class_of_audited_model,1.0,0.9994085205253214,-0.24714894890785216,-0.45219138215362886,0.20504243324577676,0.025438128329224534,0.15518370172049667,-0.30139903976499366,0.05425009085714148,0.3129604756832123,0.32548469450045375,-0.012524221983738232,5,trapezoid_from_zero_normalized_by_max_fraction,True,correct,true_positive,high,high,binary
cicids2017_binary,46,1,ATTACK,rid_7871f025d7378b68115694c75caee2d4,mlp,occlusion,insertion,target_class_median,False,True,False,True,1,ATTACK,predicted_class_of_audited_model,1.0,0.9994085205253214,-0.40436797791626305,-0.4590372694705651,0.054669291554302085,0.02466126435042312,0.00633321342747277,-0.3531716078706847,-0.05119637004557831,0.28727951645851135,0.26015365503169596,0.027125843359157447,5,trapezoid_from_zero_normalized_by_max_fraction,True,correct,true_positive,high,high,binary
cicids2017_binary,46,1,ATTACK,rid_76378fe82f326e570808951f9403cc3a,mlp,occlusion,insertion,target_class_median,False,True,False,True,1,ATTACK,predicted_class_of_audited_model,1.0,0.9994085205253214,-0.0996186226606369,-0.4255965761132487,0.32597795345261177,0.028159781975355083,0.27078478078091583,-0.4098250987335115,0.31020647607287455,0.9572402834892273,0.681461073279381,0.27577922213077544,5,trapezoid_from_zero_normalized_by_max_fraction,True,correct,true_positive,high,high,binary
cicids2017_binary,46,1,ATTACK,rid_6832d880cedd76c2bcda127db15f7915,mlp,occlusion,insertion,target_class_median,False,True,False,True,1,ATTACK,predicted_class_of_audited_model,1.0,0.9994085205253214,-0.1892566204071045,-0.2670522226106696,0.07779560220356507,0.026087308842334143,0.026664476872590152,-0.31493668748322123,0.12568006707611673,0.6895231604576111,0.4953419172167779,0.19418124324083327,5,trapezoid_from_zero_normalized_by_max_fraction,True,correct,true_positive,high,high,binary
cicids2017_binary,46,1,ATTACK,rid_e63a7105c01a8803d2ca78da34aa92d7,mlp,occlusion,insertion,target_class_median,False,True,False,True,1,ATTACK,predicted_class_of_audited_model,1.0,0.9994085205253214,-0.24915538728237152,-0.21856589704395016,-0.030589490238421356,0.02330156872081993,-0.07626056493122842,-0.2279333316672001,-0.021222055615171473,0.4666970372200012,0.4837911463081837,-0.01709416273236276,5,trapezoid_from_zero_normalized_by_max_fraction,True,correct,true_positive,high,high,binary
cicids2017_binary,46,1,ATTACK,rid_cd0816038b1a9c9c6d24521998859a3e,mlp,occlusion,insertion,target_class_median,False,True,False,True,1,ATTACK,predicted_class_of_audited_model,1.0,0.9994085205253214,-0.24324126541614532,-0.4571250363594849,0.2138837709433396,0.025602784594033055,0.16370231313903483,-0.3028861709309738,0.05964490551482848,0.3433278203010559,0.31158718067966407,0.03174061149545014,5,trapezoid_from_zero_normalized_by_max_fraction,True,correct,true_positive,high,high,binary
cicids2017_binary,46,1,ATTACK,rid_df40be4a087023d6d5b334902ac8b3f1,mlp,occlusion,insertion,target_class_median,False,True,False,True,1,ATTACK,predicted_class_of_audited_model,1.0,0.9994085205253214,-0.44469675719738005,-0.490890193100227,0.046193435902846997,0.023456378357323716,0.00021893432249251582,-0.37171732411312297,-0.07297943308425711,0.28247302770614624,0.2883268667794764,-0.005853806477040063,5,trapezoid_from_zero_normalized_by_max_fraction,True,correct,true_positive,high,high,binary
cicids2017_binary,46,1,ATTACK,rid_9a521f464fff5e9f129f40ec1a5c8eab,mlp,occlusion,insertion,target_class_median,False,True,False,True,1,ATTACK,predicted_class_of_audited_model,1.0,0.9994085205253214,-0.44571968899108466,-0.36083122737993445,-0.08488846161115023,0.025998223129952574,-0.1358449789458573,-0.35448079197514365,-0.09123889701594104,0.33247488737106323,0.3639356392640621,-0.03146072190441192,5,trapezoid_from_zero_normalized_by_max_fraction,True,correct,true_positive,high,high,binary
cicids2017_binary,46,1,ATTACK,rid_2ccdcd043013c5903c88a7948e0e91bd,mlp,occlusion,insertion,target_class_median,False,True,False,True,1,ATTACK,predicted_class_of_audited_model,1.0,0.9994085205253214,-0.11528746187686921,-0.5090804222559657,0.3937929603790965,0.027001797705244798,0.3408694368768167,-0.44213458137394546,0.3268471194970763,0.8472408056259155,0.6699196299314499,0.17732126510143278,5,trapezoid_from_zero_normalized_by_max_fraction,True,correct,true_positive,high,high,binary
cicids2017_binary,46,1,ATTACK,rid_24c5868bfb0e1ba323f7d1de24048c44,mlp,occlusion,insertion,target_class_median,False,True,False,True,1,ATTACK,predicted_class_of_audited_model,1.0,0.9994085205253214,-0.19698678255081178,-0.27661312188660675,0.07962633933579498,0.025090975206343222,0.030448027931362268,-0.30518274288263103,0.10819596033181925,0.7015020251274109,0.515104889512062,0.18639715945720675,5,trapezoid_from_zero_normalized_by_max_fraction,True,correct,true_positive,high,high,binary
cicids2017_binary,46,1,ATTACK,rid_8bacb71dbef0ec8d1056f999af8a97c8,mlp,occlusion,insertion,target_class_median,False,True,False,True,1,ATTACK,predicted_class_of_audited_model,1.0,0.9994085205253214,-0.19526207223534583,-0.20184641896010574,0.006584346724759882,0.024325074330829293,-0.04109279896366553,-0.2004043468164309,0.005142274581085071,0.4315444827079773,0.39137950941640887,0.04016499452572315,5,trapezoid_from_zero_normalized_by_max_fraction,True,correct,true_positive,high,high,binary
cicids2017_binary,46,1,ATTACK,rid_c9724cb31a12195da4d3bbc822ddc22a,mlp,occlusion,insertion,target_class_median,False,True,False,True,1,ATTACK,predicted_class_of_audited_model,1.0,0.9994085205253214,-0.3312189649892389,-0.2745229156189144,-0.0566960493703245,0.02417837129891183,-0.1040856571161917,-0.24824704825857463,-0.08297191673066424,0.2893325686454773,0.305503506090492,-0.016170958120375854,5,trapezoid_from_zero_normalized_by_max_fraction,True,correct,true_positive,high,high,binary
cicids2017_binary,46,1,ATTACK,rid_6794ba9f58c4e032e23935422b170c19,mlp,occlusion,insertion,target_class_median,False,True,False,True,1,ATTACK,predicted_class_of_audited_model,1.0,0.9994085205253214,0.0004772305488586426,-0.33501158125474917,0.3354888118036078,0.02675425055392979,0.2830504807179054,-0.46610200316645867,0.4665792337153173,1.2757432460784912,1.1430994658470153,0.1326437385082245,5,trapezoid_from_zero_normalized_by_max_fraction,True,correct,true_positive,high,high,binary
cicids2017_binary,46,1,ATTACK,rid_2dcf561f2fde3110dac017e8e35ab90c,mlp,occlusion,insertion,target_class_median,False,True,False,True,1,ATTACK,predicted_class_of_audited_model,1.0,0.9994085205253214,-0.3142517045140266,-0.4305948195314497,0.11634311501742299,0.025211448192055796,0.06692867656099363,-0.35457310505438033,0.040321400540353686,0.3199102282524109,0.2922958660628646,0.02761436321400107,5,trapezoid_from_zero_normalized_by_max_fraction,True,correct,true_positive,high,high,binary
cicids2017_binary,46,1,ATTACK,rid_00882e9c6b382975428efdbf9818e8da,mlp,occlusion,insertion,target_class_median,False,True,False,True,1,ATTACK,predicted_class_of_audited_model,1.0,0.9994085205253214,-0.29997470071539284,-0.4289412706674751,0.1289665699520823,0.026356172579656497,0.07730847169595557,-0.2801248389997425,-0.019849861715650327,0.3035188615322113,0.2777723719552159,0.025746478959918023,5,trapezoid_from_zero_normalized_by_max_fraction,True,correct,true_positive,high,high,binary
cicids2017_binary,46,1,ATTACK,rid_1cc47c3983ca1481ebabd149b789850f,mlp,occlusion,insertion,target_class_median,False,True,False,True,1,ATTACK,predicted_class_of_audited_model,1.0,0.9994085205253214,-0.3606875538825989,-0.47901220138111444,0.11832464749851557,0.025176766493985068,0.06897818517030484,-0.36424024121977117,0.003552687337172261,0.28920653462409973,0.2900261845784262,-0.0008196697914972992,5,trapezoid_from_zero_normalized_by_max_fraction,True,correct,true_positive,high,high,binary
cicids2017_binary,46,1,ATTACK,rid_e5ad06577fb54df48cfd9919ec065639,mlp,occlusion,insertion,target_class_median,False,True,False,True,1,ATTACK,predicted_class_of_audited_model,1.0,0.9994085205253214,-0.1877303570508957,-0.30517989349949437,0.1174495364485987,0.026363897870239295,0.06577629662292968,-0.23148968472837436,0.04375932767747863,0.6666306257247925,0.5162416998147965,0.15038893187046048,5,trapezoid_from_zero_normalized_by_max_fraction,True,correct,true_positive,high,high,binary
cicids2017_binary,46,1,ATTACK,rid_f06c153fb392b1b458c3e08163607e16,mlp,occlusion,insertion,target_class_median,False,True,False,True,1,ATTACK,predicted_class_of_audited_model,1.0,0.9994085205253214,-0.1958200424909592,-0.32870317911646163,0.13288313662550244,0.02790134766805197,0.07819649519612057,-0.28669257447977364,0.09087253198881445,0.6925774216651917,0.4923171783089638,0.20026024931669234,5,trapezoid_from_zero_normalized_by_max_fraction,True,correct,true_positive,high,high,binary
cicids2017_binary,46,1,ATTACK,rid_b876b32bc44bafe843adc483ea6607ef,mlp,occlusion,insertion,target_class_median,False,True,False,True,1,ATTACK,predicted_class_of_audited_model,1.0,0.9994085205253214,-0.5739393085241318,-0.42449584981541577,-0.149443458708716,0.02394496767681814,-0.19637559535527954,-0.3766997745676348,-0.1972395339564969,0.26090413331985474,0.31975567049160597,-0.05885154657810926,5,trapezoid_from_zero_normalized_by_max_fraction,True,correct,true_positive,high,high,binary
cicids2017_binary,46,1,ATTACK,rid_952bac54f7629a781051a22cb99f5b80,mlp,occlusion,insertion,target_class_median,False,True,False,True,1,ATTACK,predicted_class_of_audited_model,1.0,0.9994085205253214,-0.20646181702613833,-0.4186614652385291,0.21219964821239076,0.026371167232396193,0.16051216043689423,-0.3460181886797279,0.13955637165358958,0.4437139928340912,0.3707974268933758,0.07291659499797971,5,trapezoid_from_zero_normalized_by_max_fraction,True,correct,true_positive,high,high,binary
cicids2017_binary,46,1,ATTACK,rid_b280887d3073faee074e7ccc36625ef5,mlp,occlusion,insertion,target_class_median,False,True,False,True,1,ATTACK,predicted_class_of_audited_model,1.0,0.9994085205253214,-0.2032608611509204,-0.20649208200122746,0.0032312208503070816,0.024430327302980483,-0.044652220663534664,-0.2581748644732691,0.054914003322348665,0.4195757508277893,0.5082082734471187,-0.08863256117608398,5,trapezoid_from_zero_normalized_by_max_fraction,True,correct,true_positive,high,high,binary
cicids2017_binary,46,1,ATTACK,rid_9782bd819ac10d73f42c8248ab049f64,mlp,occlusion,insertion,target_class_median,False,True,False,True,1,ATTACK,predicted_class_of_audited_model,1.0,0.9994085205253214,-0.2099597308842931,-0.288887373523881,0.07892764263958786,0.02709074158758588,0.025829789127919535,-0.28218173337578134,0.07222200249148823,0.34975671768188477,0.3271220158282667,0.022634702365845444,5,trapezoid_from_zero_normalized_by_max_fraction,True,correct,true_positive,high,high,binary
cicids2017_binary,46,1,ATTACK,rid_a288c2509768e93b842394e67cfc612f,mlp,occlusion,insertion,target_class_median,False,True,False,True,1,ATTACK,predicted_class_of_audited_model,1.0,0.9994085205253214,-0.2111212253570557,-0.28269456397356135,0.07157333861650567,0.02592042171240018,0.020769312060201314,-0.2991671649637492,0.08804593960669349,0.7056505084037781,0.5535518290996551,0.15209864950180052,5,trapezoid_from_zero_normalized_by_max_fraction,True,correct,true_positive,high,high,binary
cicids2017_binary,46,1,ATTACK,rid_a99450cc492a9d3903f07e9b30356254,mlp,occlusion,insertion,target_class_median,False,True,False,True,1,ATTACK,predicted_class_of_audited_model,1.0,0.9994085205253214,-0.23016191218048335,-0.37003691565342084,0.13987500347293752,0.02723803282405341,0.08648845913779284,-0.30192238986661757,0.0717604776861342,0.3242572247982025,0.3310114375781268,-0.0067542144563049146,5,trapezoid_from_zero_normalized_by_max_fraction,True,correct,true_positive,high,high,binary
cicids2017_binary,46,1,ATTACK,rid_db978d3eb682e84c4c512452dca4bba4,mlp,occlusion,insertion,target_class_median,False,True,False,True,1,ATTACK,predicted_class_of_audited_model,1.0,0.9994085205253214,-0.20859991908073428,-0.3185828028887389,0.10998288380800465,0.02682688974013464,0.05740217991734076,-0.35440413544120114,0.1458042163604669,0.3478846549987793,0.36370463047921653,-0.015819970823824404,5,trapezoid_from_zero_normalized_by_max_fraction,True,correct,true_positive,high,high,binary
cicids2017_binary,46,1,ATTACK,rid_2ac35c7cac090c9618ec4a731363fa4e,mlp,occlusion,insertion,target_class_median,False,True,False,True,1,ATTACK,predicted_class_of_audited_model,1.0,0.9994085205253214,-0.5718273990787566,-0.48554485120270346,-0.08628254787605308,0.022544872962874406,-0.1304704988832869,-0.2751129188807385,-0.29671448019801805,0.2743949294090271,0.2767587591260671,-0.0023638365156948495,5,trapezoid_from_zero_normalized_by_max_fraction,True,correct,true_positive,high,high,binary
cicids2017_binary,46,1,ATTACK,rid_61fa7c54b3e30319c1ffdd224f0dcc65,mlp,occlusion,insertion,target_class_median,False,True,False,True,1,ATTACK,predicted_class_of_audited_model,1.0,0.9994085205253214,-0.538998993113637,-0.44919323694637703,-0.08980575616725993,0.025379100160374302,-0.13954879248159358,-0.35373294411234557,-0.1852660490012914,0.2715314030647278,0.2659274638034403,0.005603917561471472,5,trapezoid_from_zero_normalized_by_max_fraction,True,correct,true_positive,high,high,binary
cicids2017_binary,46,1,ATTACK,rid_1af951f7ef9b6c82f93f49fd0cb3c545,mlp,occlusion,insertion,target_class_median,False,True,False,True,1,ATTACK,predicted_class_of_audited_model,1.0,0.9994085205253214,-0.26272487845271825,-0.41221889591778677,0.14949401746506846,0.026039890933936438,0.09845583123455304,-0.28458933251491186,0.021864454062193617,0.3258916735649109,0.29194107253756374,0.033950597860850404,5,trapezoid_from_zero_normalized_by_max_fraction,True,correct,true_positive,high,high,binary
cicids2017_binary,46,1,ATTACK,rid_c5fdf35fcf1dfef73b8c09396c5228aa,mlp,occlusion,insertion,target_class_median,False,True,False,True,1,ATTACK,predicted_class_of_audited_model,1.0,0.9994085205253214,-0.4255881622433662,-0.4520485985582064,0.026460436314840127,0.0244206593913701,-0.021404056092245268,-0.3541855411576622,-0.071402621085704,0.2998124659061432,0.2741200879323296,0.025692384958732883,5,trapezoid_from_zero_normalized_by_max_fraction,True,correct,true_positive,high,high,binary
cicids2017_binary,46,1,ATTACK,rid_9b7cd804e6b2a65a8c3344c5663c88ec,mlp,occlusion,insertion,target_class_median,False,True,False,True,1,ATTACK,predicted_class_of_audited_model,1.0,0.9994085205253214,-0.41166213846299793,-0.36980577176072993,-0.041856366702268,0.026539011602994666,-0.09387282944413755,-0.3003650221061935,-0.1112971163568045,0.2605486512184143,0.2511369578037411,0.009411699561402209,5,trapezoid_from_zero_normalized_by_max_fraction,True,correct,true_positive,high,high,binary
cicids2017_binary,46,1,ATTACK,rid_17133ffc242d0df3b30d356227b12887,mlp,occlusion,insertion,target_class_median,False,True,False,True,1,ATTACK,predicted_class_of_audited_model,1.0,0.9994085205253214,-0.28924970626831054,-0.4372751487801468,0.1480254425118362,0.024234323394589394,0.10052616865844098,-0.37853771418738386,0.0892880079190733,0.28485986590385437,0.28788451677188276,-0.0030246272124350034,5,trapezoid_from_zero_normalized_by_max_fraction,True,correct,true_positive,high,high,binary
cicids2017_binary,46,1,ATTACK,rid_8c897ab70ccc0198209dc92ff1c1fc37,mlp,occlusion,insertion,target_class_median,False,True,False,True,1,ATTACK,predicted_class_of_audited_model,1.0,0.9994085205253214,-0.15850746631622314,-0.23780191329350808,0.07929444697728494,0.025341914828012332,0.02962429391438077,-0.16927920530870347,0.010771738992480323,0.4651574194431305,0.4308897020928562,0.03426774352043867,5,trapezoid_from_zero_normalized_by_max_fraction,True,correct,true_positive,high,high,binary
cicids2017_binary,46,1,ATTACK,rid_cfab898dcb7e7331ace3ae2356430543,mlp,occlusion,insertion,target_class_median,False,True,False,True,1,ATTACK,predicted_class_of_audited_model,1.0,0.9994085205253214,-0.5416322908364236,-0.4467615900379191,-0.09487070079850449,0.02435379390677943,-0.14260413685579218,-0.33157728706415646,-0.2100550037722672,0.2720758318901062,0.27709113920480016,-0.005015284311026349,5,trapezoid_from_zero_normalized_by_max_fraction,True,correct,true_positive,high,high,binary
cicids2017_binary,46,1,ATTACK,rid_1bfbb240aaa0c7e17b277fbeaa370223,mlp,occlusion,insertion,target_class_median,False,True,False,True,1,ATTACK,predicted_class_of_audited_model,1.0,0.9994085205253214,-0.39318749201484027,-0.44341792755379017,0.05023043553894989,0.025149967375174283,0.0009364994836082927,-0.2784917966329052,-0.11469569538193505,0.30639657378196716,0.2981211013696156,0.008275465613696737,5,trapezoid_from_zero_normalized_by_max_fraction,True,correct,true_positive,high,high,binary
cicids2017_binary,46,1,ATTACK,rid_0e52ebd1c5f1a28ea2021a005238aff3,mlp,occlusion,insertion,target_class_median,False,True,False,True,1,ATTACK,predicted_class_of_audited_model,1.0,0.9994085205253214,-0.30627111941576,-0.4327067578717395,0.1264356384559795,0.02616385828390738,0.07515447621952104,-0.32863427799429745,0.022363158578537393,0.31875112652778625,0.2937910880818963,0.024960045430809256,5,trapezoid_from_zero_normalized_by_max_fraction,True,correct,true_positive,high,high,binary
cicids2017_binary,46,1,ATTACK,rid_d1aaf6ea6d39a82e3911e6eae5688c33,mlp,occlusion,insertion,target_class_median,False,True,False,True,1,ATTACK,predicted_class_of_audited_model,1.0,0.9994085205253214,-0.2511921525001526,-0.3207500202598175,0.06955786775966494,0.025394791203697503,0.01978407700041783,-0.3075096952595695,0.05631754275941693,0.7674936056137085,0.5405476595759392,0.22694596987962723,5,trapezoid_from_zero_normalized_by_max_fraction,True,correct,true_positive,high,high,binary
cicids2017_binary,46,1,ATTACK,rid_e200ce610ce9420beeb804ee4de0848c,mlp,occlusion,insertion,target_class_median,False,True,False,True,1,ATTACK,predicted_class_of_audited_model,1.0,0.9994085205253214,-0.43046976744662974,-0.32071762830143136,-0.10975213914519834,0.025836750790482324,-0.1603921706945437,-0.263690081780908,-0.16677968566572166,0.2615578770637512,0.2557798331482336,0.005778035161085426,5,trapezoid_from_zero_normalized_by_max_fraction,True,correct,true_positive,high,high,binary
cicids2017_binary,46,1,ATTACK,rid_918b1c3906d22ac74fc55195f28b6488,mlp,occlusion,insertion,target_class_median,False,True,False,True,1,ATTACK,predicted_class_of_audited_model,1.0,0.9994085205253214,-0.2196647673845291,-0.37085134376488993,0.1511865763803608,0.026255384936698097,0.09972602190443253,-0.26078553988634695,0.04112077250181784,0.33726638555526733,0.3103475754484534,0.0269188007004559,5,trapezoid_from_zero_normalized_by_max_fraction,True,correct,true_positive,high,high,binary
cicids2017_binary,46,1,ATTACK,rid_9433173ad10eb8128bb9dae843b31229,mlp,occlusion,insertion,target_class_median,False,True,False,True,1,ATTACK,predicted_class_of_audited_model,1.0,0.9994085205253214,-0.2778691589832306,-0.4139881174230332,0.1361189584398026,0.02637330846832594,0.08442727384188375,-0.2931839941307778,0.015314835147547223,0.31139761209487915,0.28821108373440807,0.023186502562835793,5,trapezoid_from_zero_normalized_by_max_fraction,True,correct,true_positive,high,high,binary
cicids2017_binary,46,1,ATTACK,rid_c8f71593c13d26e45cb33335e0e7645b,mlp,occlusion,insertion,target_class_median,False,True,False,True,1,ATTACK,predicted_class_of_audited_model,1.0,0.9994085205253214,-0.5005349182523787,-0.4593147747616237,-0.04122014349075501,0.024840892333690426,-0.08990829246478824,-0.34886833728881483,-0.15166658096356386,0.2646808624267578,0.2650228856764734,-0.0003420255780220042,5,trapezoid_from_zero_normalized_by_max_fraction,True,correct,true_positive,high,high,binary
cicids2017_binary,46,1,ATTACK,rid_6beaa7d7f6c0bdb3c0fc63f0fcebb9b5,mlp,occlusion,insertion,target_class_median,False,True,False,True,1,ATTACK,predicted_class_of_audited_model,1.0,0.9994085205253214,-0.3936512107728049,-0.41939615528520136,0.025744944512396457,0.025913159566107447,-0.025044848237174136,-0.2574659275560239,-0.13618528321678103,0.27168717980384827,0.26452676860708746,0.00716042069625111,5,trapezoid_from_zero_normalized_by_max_fraction,True,correct,true_positive,high,high,binary
cicids2017_binary,46,1,ATTACK,rid_59faa43e35f1899942654451e1acbc4e,mlp,occlusion,insertion,target_class_median,False,True,False,True,1,ATTACK,predicted_class_of_audited_model,1.0,0.9994085205253214,-0.12982944548130035,-0.4335128693630196,0.30368342388171926,0.027522769837859427,0.2497387949995148,-0.3969090700679594,0.26707962458665907,0.7139054536819458,0.5851798214912415,0.1287255845069885,5,trapezoid_from_zero_normalized_by_max_fraction,True,correct,true_positive,high,high,binary
cicids2017_binary,46,1,ATTACK,rid_6160d0dcb905bd7dd4cd5cc90fa20a97,mlp,occlusion,insertion,target_class_median,False,True,False,True,1,ATTACK,predicted_class_of_audited_model,1.0,0.9994085205253214,-0.20804763436317447,-0.31666570431451063,0.10861806995133617,0.026560798971370515,0.05655890396744997,-0.27700679616717266,0.0689591618039982,0.7188811898231506,0.501912278354168,0.21696886378526686,5,trapezoid_from_zero_normalized_by_max_fraction,True,correct,true_positive,high,high,binary
cicids2017_binary,46,1,ATTACK,rid_ff5f3763b854f3982f6d3e9f231a04dc,mlp,occlusion,insertion,target_class_median,False,True,False,True,1,ATTACK,predicted_class_of_audited_model,1.0,0.9994085205253214,-0.08113636970520019,-0.39640382220033876,0.3152674524951386,0.027034784834714932,0.26227927421909736,-0.35277360248774225,0.27163723278254204,0.396920770406723,0.33932928152941166,0.05759150731749833,5,trapezoid_from_zero_normalized_by_max_fraction,True,correct,true_positive,high,high,binary
cicids2017_binary,46,1,ATTACK,rid_c7afb0bd8a4c4bc3d3da7b9443f3e53a,mlp,occlusion,insertion,target_class_median,False,True,False,True,1,ATTACK,predicted_class_of_audited_model,1.0,0.9994085205253214,-0.26601148568370264,-0.32642970492616336,0.060418219242460734,0.02677012406527864,0.0079487760745146,-0.25824980656744434,-0.007761679116258302,0.32183653116226196,0.28047605578415097,0.04136046988330782,5,trapezoid_from_zero_normalized_by_max_fraction,True,correct,true_positive,high,high,binary
cicids2017_binary,46,1,ATTACK,rid_b54e8e21f16bd7e57d08a52837fbb8ee,mlp,occlusion,insertion,target_class_median,False,True,False,True,1,ATTACK,predicted_class_of_audited_model,1.0,0.9994085205253214,-0.4137499632430263,-0.2778547105775929,-0.13589525266543337,0.025389296429533855,-0.18565827366731974,-0.26013732958730373,-0.1536126336557226,0.307050883769989,0.31214537861850117,-0.005094502112828184,5,trapezoid_from_zero_normalized_by_max_fraction,True,correct,true_positive,high,high,binary
cicids2017_binary,46,1,ATTACK,rid_35175d1704f81d0bb724a7b2d63ecdad,mlp,occlusion,insertion,target_class_median,False,True,False,True,1,ATTACK,predicted_class_of_audited_model,1.0,0.9994085205253214,0.00046343207359313967,-0.3302739085639972,0.3307373406375903,0.026714778952846623,0.2783763738900109,-0.40145998735514304,0.4019234194287362,1.41952383518219,1.2380127267837524,0.18151110839843754,5,trapezoid_from_zero_normalized_by_max_fraction,True,correct,true_positive,high,high,binary
cicids2017_binary,46,1,ATTACK,rid_81e695c9c07e97deedaf462eeee5a6a3,mlp,occlusion,insertion,target_class_median,False,True,False,True,1,ATTACK,predicted_class_of_audited_model,1.0,0.9994085205253214,-0.36470348339207703,-0.3816006145240395,0.016897131131962423,0.025736383738939123,-0.033546180996358255,-0.2334542373905042,-0.13124924600157284,0.2977423369884491,0.2678077885173261,0.02993456234782933,5,trapezoid_from_zero_normalized_by_max_fraction,True,correct,true_positive,high,high,binary
cicids2017_binary,46,1,ATTACK,rid_1efb058350838f6f1e3ad858eb7da16f,mlp,occlusion,insertion,target_class_median,False,True,False,True,1,ATTACK,predicted_class_of_audited_model,1.0,0.9994085205253214,-0.27598549872636796,-0.3902549434799712,0.11426944475360329,0.026663722570033643,0.06200854851633735,-0.30806179631451786,0.032076297588149894,0.32021647691726685,0.2942880116095766,0.025928461861796693,5,trapezoid_from_zero_normalized_by_max_fraction,True,correct,true_positive,high,high,binary
cicids2017_binary,46,1,ATTACK,rid_8210651594f25a838b84a3f197d9043a,mlp,occlusion,insertion,target_class_median,False,True,False,True,1,ATTACK,predicted_class_of_audited_model,1.0,0.9994085205253214,-0.19327923357486726,-0.3485994493077667,0.15532021573289945,0.026715681573339325,0.10295747984915438,-0.2681884072870071,0.0749091737121398,0.41809171438217163,0.33151144555024803,0.08658025183528661,5,trapezoid_from_zero_normalized_by_max_fraction,True,correct,true_positive,high,high,binary
cicids2017_binary,46,1,ATTACK,rid_ad29305c8f38f2570abcab2deba31a32,mlp,occlusion,insertion,target_class_median,False,True,False,True,1,ATTACK,predicted_class_of_audited_model,0.9999990463256836,0.999407566851005,0.0004539072513580322,-0.07976272224139193,0.08021662949274996,0.010145302271236318,0.06033183704112678,-0.4757719172739244,0.4762258245252824,1.6905568838119507,1.5391393308639525,0.1514176006317139,5,trapezoid_from_zero_normalized_by_max_fraction,True,correct,true_positive,medium,high,binary
cicids2017_binary,46,1,ATTACK,rid_c49d2ddf29a5992393300a0a087605fb,mlp,occlusion,insertion,target_class_median,False,True,False,True,1,ATTACK,predicted_class_of_audited_model,1.0,0.9994085205253214,-0.4709869859740138,-0.46247481100196597,-0.0085121749720478,0.023958675024285836,-0.055471178019648036,-0.34982099760080165,-0.12116598837321216,0.29775816202163696,0.2826655408432707,0.015092642691917707,5,trapezoid_from_zero_normalized_by_max_fraction,True,correct,true_positive,high,high,binary
cicids2017_binary,46,0,BENIGN,rid_b14b648b945c1c13a7a39d77a65b2f72,mlp,occlusion,insertion,target_class_median,False,True,False,True,0,BENIGN,predicted_class_of_audited_model,1.0,0.0005914794746785,1.9687105345222998e-06,-0.004334163256157222,0.004336131966691744,0.001529322171352076,0.0013386605108416751,-0.0030784388655113615,0.0030804075760458836,1.8716611862182617,2.1431505451202395,-0.2714894065856934,5,trapezoid_from_zero_normalized_by_max_fraction,True,correct,true_negative,high,medium,binary
cicids2017_binary,46,1,ATTACK,rid_5bbeffed68f7c86e4e05c8167c7cbe43,mlp,occlusion,insertion,target_class_median,False,True,False,True,1,ATTACK,predicted_class_of_audited_model,1.0,0.9994085205253214,-0.26013594269752505,-0.36595024512887175,0.10581430243134675,0.02634522875021519,0.054177654080924974,-0.30156445874005144,0.04142851604252641,0.36444321274757385,0.33006817108020187,0.034375034030526885,5,trapezoid_from_zero_normalized_by_max_fraction,True,correct,true_positive,high,high,binary
cicids2017_binary,46,1,ATTACK,rid_8ad97cec426f42065b770b544cc37856,mlp,occlusion,insertion,target_class_median,False,True,False,True,1,ATTACK,predicted_class_of_audited_model,1.0,0.9994085205253214,-0.39842755645513533,-0.46038350213294027,0.061955945677804936,0.02397815328488616,0.014958765239428067,-0.3917025965715818,-0.006724959883553552,0.30564969778060913,0.28936211823113267,0.01628757610358298,5,trapezoid_from_zero_normalized_by_max_fraction,True,correct,true_positive,high,high,binary
cicids2017_binary,46,1,ATTACK,rid_1be50bee2b28f515472d418c684ea42e,mlp,occlusion,insertion,target_class_median,False,True,False,True,1,ATTACK,predicted_class_of_audited_model,1.0,0.9994085205253214,-0.5711445398628712,-0.48961675356897216,-0.08152778629389901,0.022652330164543953,-0.12592635341640515,-0.329104012149299,-0.24204052771357212,0.2746848464012146,0.2769912086338736,-0.0023063705214299195,5,trapezoid_from_zero_normalized_by_max_fraction,True,correct,true_positive,high,high,binary
cicids2017_binary,46,1,ATTACK,rid_d2da62d7bcf6df46058510d7e45683e3,mlp,occlusion,insertion,target_class_median,False,False,True,False,0,BENIGN,predicted_class_of_audited_model,0.9997541404154616,0.0003456198901404,-6.298580788677288e-06,-0.004980916866949056,0.004974618286160379,0.0014972867624206967,0.002039936231815814,-0.005120272816343874,0.005113974235555197,2.1833202838897705,1.9953233747482302,0.18799686145782468,5,trapezoid_from_zero_normalized_by_max_fraction,False,error,false_negative,medium,low,binary
cicids2017_binary,46,1,ATTACK,rid_f93c1b34c8df20ef03ea9472304de20d,mlp,occlusion,insertion,target_class_median,False,True,False,True,1,ATTACK,predicted_class_of_audited_model,1.0,0.9994085205253214,-0.39608182638185097,-0.31095791225827435,-0.08512391412357664,0.02577945621716148,-0.13565164830921314,-0.22848915778997514,-0.16759266859187588,0.3173496127128601,0.316349893854931,0.0009997264947742223,5,trapezoid_from_zero_normalized_by_max_fraction,True,correct,true_positive,high,high,binary
cicids2017_binary,46,1,ATTACK,rid_2ceb753772c58ae09d256bcf116f7afc,mlp,occlusion,insertion,target_class_median,False,True,False,True,1,ATTACK,predicted_class_of_audited_model,1.0,0.9994085205253214,-0.3134995464424719,-0.341170466087082,0.02767091964461009,0.025201894843150788,-0.021724794247965452,-0.22662995847569073,-0.08686958796678118,0.2852798402309418,0.26713086619414395,0.01814899359457194,5,trapezoid_from_zero_normalized_by_max_fraction,True,correct,true_positive,high,high,binary
cicids2017_binary,46,0,BENIGN,rid_7c3ca92418340b554ff61c703b0a8f02,mlp,occlusion,insertion,target_class_median,False,True,False,True,0,BENIGN,predicted_class_of_audited_model,0.9999336685432354,0.0005251480179139,-5.351068357413169e-05,-3.1336487163230234e-05,-2.2174196410901457e-05,1.134213147109324e-06,-2.439725417923573e-05,-6.057318654370647e-06,-4.745336491976104e-05,0.12322155386209488,0.07098752965033053,0.052234034642577164,5,trapezoid_from_zero_normalized_by_max_fraction,True,correct,true_negative,medium,low,binary
cicids2017_binary,46,0,BENIGN,rid_c631e0574a922ce1552a5b516d87ae2c,mlp,occlusion,insertion,target_class_median,False,True,False,True,0,BENIGN,predicted_class_of_audited_model,0.9999999987852743,0.0005914782599529,1.9685055428930733e-06,-0.0025323058693221033,0.0025342743748649962,0.0015853071647355173,-0.0005729276680166177,-0.0013651686676656601,0.0013671371732085532,1.8812522888183594,1.4036191136837004,0.47763316321372995,5,trapezoid_from_zero_normalized_by_max_fraction,True,correct,true_negative,medium,medium,binary
cicids2017_binary,46,0,BENIGN,rid_2a41f59551170f86ab5bfc31481984db,mlp,occlusion,insertion,target_class_median,False,False,True,True,1,ATTACK,predicted_class_of_audited_model,0.0007681309361942,0.0001766514615155,-0.943289383337833,-0.8533975397987247,-0.08989184353910827,0.009147952506495215,-0.1078218304518389,-0.4376156745494922,-0.5056737087883407,1.0616304874420166,0.7158528530597688,0.3457775747776031,5,trapezoid_from_zero_normalized_by_max_fraction,False,error,false_positive,low,low,binary
cicids2017_binary,46,0,BENIGN,rid_3203916c20297c2d5e1adf365b1c156b,mlp,occlusion,insertion,target_class_median,False,False,True,True,1,ATTACK,predicted_class_of_audited_model,0.0014164086896926,0.000824929215014,-0.9422614036593586,-0.8522116443332723,-0.09004975932608623,0.010537174456698297,-0.1107026212612149,-0.4992894861971754,-0.44297191746218323,1.141010046005249,0.7734147659540177,0.3675952800512314,5,trapezoid_from_zero_normalized_by_max_fraction,False,error,false_positive,low,medium,binary
cicids2017_binary,46,0,BENIGN,rid_434f4fc554fcb318be765c587829eace,mlp,occlusion,insertion,target_class_median,False,False,True,True,1,ATTACK,predicted_class_of_audited_model,0.0006565457442775,6.506626959889997e-05,-0.9465647274719231,-0.8804398595462485,-0.0661248679256746,0.008583974126734782,-0.08294945721407476,-0.542815846017531,-0.40374888145439214,1.1824027299880981,0.9475266064405441,0.23487611758708954,5,trapezoid_from_zero_normalized_by_max_fraction,False,error,false_positive,low,low,binary
cicids2017_binary,46,0,BENIGN,rid_b769bf3c3943c99e7410edc86e31d190,mlp,occlusion,insertion,target_class_median,False,True,False,True,0,BENIGN,predicted_class_of_audited_model,0.9999980387538016,0.0005895182284802,1.7830428191700776e-07,-4.8874252343011894e-08,2.2717853426001964e-07,1.4156074663484178e-08,1.9943262791959064e-07,7.559596804185276e-08,1.0270831387515499e-07,0.074170783162117,0.05289627960324287,0.02127450579404831,5,trapezoid_from_zero_normalized_by_max_fraction,True,correct,true_negative,medium,low,binary
cicids2017_binary,46,0,BENIGN,rid_3947562cecb3a15474c45152417d05d8,mlp,occlusion,insertion,target_class_median,False,True,False,True,0,BENIGN,predicted_class_of_audited_model,0.999998135515284,0.0005896149899626,2.139718787930178e-07,1.340315466222819e-07,7.994033217073593e-08,1.4315375600082455e-08,5.1882195994574314e-08,4.072351248396444e-08,1.732483663090534e-07,0.054783571511507034,0.043599767062813044,0.011183802213519813,5,trapezoid_from_zero_normalized_by_max_fraction,True,correct,true_negative,medium,low,binary
cicids2017_binary,46,0,BENIGN,rid_ef59aa063bc0602240e0a77df47ecc26,mlp,occlusion,insertion,target_class_median,False,False,True,True,1,ATTACK,predicted_class_of_audited_model,0.3572798669338226,0.356688387459144,-0.20375688150525095,-0.15049229731597008,-0.05326458418928088,0.016531768333240205,-0.08566685012243168,-0.12108504346571863,-0.08267183803953232,0.02693108282983303,0.037859997998690234,-0.010928916100179775,5,trapezoid_from_zero_normalized_by_max_fraction,False,error,false_positive,low,medium,binary
cicids2017_binary,46,0,BENIGN,rid_f7cb6445551439bdeb6c1df40a6e625c,mlp,occlusion,insertion,target_class_median,False,False,True,True,1,ATTACK,predicted_class_of_audited_model,0.3614027202129364,0.3608112407382578,-0.3355928778639526,-0.1693514051772347,-0.16624147268671788,0.01523411870632564,-0.19610034535111615,-0.49938069529391327,0.16378781742996068,4.658798694610596,5.688103112220764,-1.0293045129776002,5,trapezoid_from_zero_normalized_by_max_fraction,False,error,false_positive,low,medium,binary
cicids2017_binary,46,0,BENIGN,rid_affdb3390b55b074f17d0faf08e588ef,mlp,occlusion,insertion,target_class_median,False,False,True,True,1,ATTACK,predicted_class_of_audited_model,0.0486362613737583,0.0480447818990797,-0.741503718867898,-0.485814596811073,-0.255689122056825,0.02567881000891917,-0.30601958967430654,-0.31305312486101133,-0.4284505940068866,0.5298545956611633,0.5100056717991829,0.019848917901515974,5,trapezoid_from_zero_normalized_by_max_fraction,False,error,false_positive,low,medium,binary
cicids2017_binary,46,0,BENIGN,rid_20866184f667da854ae94ed1883a8b4b,mlp,occlusion,insertion,target_class_median,False,False,True,True,1,ATTACK,predicted_class_of_audited_model,0.0008984768064692,0.0003069973317905,-0.6774184982990845,-0.6445079603289778,-0.032910537970106776,0.023361629405809933,-0.07869933160549425,-0.36189858977065886,-0.3155199085284257,0.6033973693847656,0.589917864203453,0.01347952306270601,5,trapezoid_from_zero_normalized_by_max_fraction,False,error,false_positive,low,low,binary
cicids2017_binary,46,0,BENIGN,rid_6897bf64428ec40255254b9597c26bad,mlp,occlusion,insertion,target_class_median,False,False,True,True,1,ATTACK,predicted_class_of_audited_model,0.0063157323747873,0.0057242529001087,-0.9195580481791694,-0.6624370933081702,-0.2571209548709991,0.023063986122225925,-0.3023263676705619,-0.5192006835249512,-0.40035736465421834,1.165451169013977,1.14259907913208,0.022852089881897,5,trapezoid_from_zero_normalized_by_max_fraction,False,error,false_positive,low,medium,binary
cicids2017_binary,46,0,BENIGN,rid_7f85d0921fd6c3e154c10145ab18b6b6,mlp,occlusion,insertion,target_class_median,False,False,True,True,1,ATTACK,predicted_class_of_audited_model,0.0056965784169733,0.0051050989422947,-0.9017944476101547,-0.4281154738324112,-0.4736789737777435,0.024774660384032837,-0.5222373081304479,-0.3196776681726041,-0.5821167794375506,0.6707267165184021,0.5468936343193054,0.12383311796188354,5,trapezoid_from_zero_normalized_by_max_fraction,False,error,false_positive,low,medium,binary
cicids2017_binary,46,0,BENIGN,rid_9c977fa011bbef6c1265baf3bac8738b,mlp,occlusion,insertion,target_class_median,False,False,True,True,1,ATTACK,predicted_class_of_audited_model,0.0013563783140853,0.0007648988394066,-0.9490245689405128,-0.608406509571698,-0.34061805936881495,0.026078417336643983,-0.3917317573486372,-0.3435410494256066,-0.6054835195149062,0.8524006009101868,0.715902220606804,0.13649837434291842,5,trapezoid_from_zero_normalized_by_max_fraction,False,error,false_positive,low,medium,binary
cicids2017_binary,46,0,BENIGN,rid_99d8d9a2d27d90787626a1d5415917bc,mlp,occlusion,insertion,target_class_median,False,True,False,True,0,BENIGN,predicted_class_of_audited_model,0.9999999993046258,0.0005914787793043,1.9686952213215924e-06,-0.004182482309394765,0.0041844510046160875,0.0012325255848744904,0.0017687008582620866,-0.005862340397576717,0.005864309092798039,1.941939353942871,1.648168701648712,0.2937706522941589,5,trapezoid_from_zero_normalized_by_max_fraction,True,correct,true_negative,medium,medium,binary
cicids2017_binary,46,1,ATTACK,rid_65b0f2d3edc992df96ced1276c3d9cdf,mlp,occlusion,insertion,target_class_median,False,True,False,True,1,ATTACK,predicted_class_of_audited_model,1.0,0.9994085205253214,-0.21015832424163822,-0.29632609158491235,0.08616776734327414,0.025936855797645337,0.03533152997988928,-0.25452101874143807,0.044362694499799835,0.6971891522407532,0.5001003443598747,0.1970887959599495,5,trapezoid_from_zero_normalized_by_max_fraction,True,correct,true_positive,high,high,binary
cicids2017_binary,46,1,ATTACK,rid_2e4b6fca177b423d3489213643516cc5,mlp,occlusion,insertion,target_class_median,False,True,False,True,1,ATTACK,predicted_class_of_audited_model,1.0,0.9994085205253214,-0.20577045865356924,-0.31477218108671234,0.1090017224331431,0.025438615431238584,0.05914203618791548,-0.39900134965610656,0.19323089100253743,0.34078842401504517,0.34026849563419825,0.000519942350685583,5,trapezoid_from_zero_normalized_by_max_fraction,True,correct,true_positive,high,high,binary
cicids2017_binary,46,0,BENIGN,rid_1da39f99f2d9dd756fcd3af649efca90,mlp,occlusion,insertion,target_class_median,False,True,False,True,0,BENIGN,predicted_class_of_audited_model,0.9999999996607264,0.0005914791354051,1.9686035068744445e-06,-0.0036900997706840665,0.003692068374190941,0.0012342451025147765,0.0012729479732619792,-0.002325839108023266,0.0023278077115301402,2.086900234222412,1.4419515147209165,0.6449487433433534,5,trapezoid_from_zero_normalized_by_max_fraction,True,correct,true_negative,medium,medium,binary
cicids2017_binary,46,0,BENIGN,rid_41125286925a58bfd8c5fbb069f1ab2a,mlp,occlusion,insertion,target_class_median,False,True,False,True,0,BENIGN,predicted_class_of_audited_model,0.99999686561614,0.0005883450908185,-1.4180173586975097e-05,-0.005086913378691049,0.005072733205104074,0.0015433213470252417,0.0020478233649346,-0.0025204592410805297,0.0025062790674935543,0.9987788200378418,0.8432110698223114,0.1555677502155304,5,trapezoid_from_zero_normalized_by_max_fraction,True,correct,true_negative,medium,low,binary
cicids2017_binary,46,0,BENIGN,rid_0e0d90bfa1c82f171c554e7e9126fb42,mlp,occlusion,insertion,target_class_median,False,False,True,True,1,ATTACK,predicted_class_of_audited_model,0.001967727439478,0.0013762479647993,-0.9328625694842152,-0.5023494181607164,-0.4305131513234987,0.024637922358561555,-0.47880347914627935,-0.5250379059241439,-0.4078246635600713,4.822146892547607,5.7045156164169315,-0.8823686285018922,5,trapezoid_from_zero_normalized_by_max_fraction,False,error,false_positive,low,medium,binary
cicids2017_binary,46,0,BENIGN,rid_e76fab150fc5874515d0daec55e4c549,mlp,occlusion,insertion,target_class_median,False,False,True,True,1,ATTACK,predicted_class_of_audited_model,0.0016587902791798,0.0010673108045012,-0.943118695099838,-0.8756525978901484,-0.06746609720968977,0.008786847219720291,-0.08468831776034154,-0.527840917227175,-0.41527777787266307,1.2614151239395142,0.8612178393602372,0.4001972845792771,5,trapezoid_from_zero_normalized_by_max_fraction,False,error,false_positive,low,medium,binary
cicids2017_binary,46,0,BENIGN,rid_2744e40df6c70a6c726dc5741a53cbae,mlp,occlusion,insertion,target_class_median,False,True,False,True,0,BENIGN,predicted_class_of_audited_model,0.9999999999999718,0.0005914794746503,1.9658159021940232e-06,-0.0012068651386146108,0.0012088309545168047,0.0005095521432348296,0.00021010875377653867,-0.0009854708570867898,0.000987436672988984,1.6015870571136475,1.557161232948303,0.04442582416534422,5,trapezoid_from_zero_normalized_by_max_fraction,True,correct,true_negative,medium,medium,binary
cicids2017_binary,46,1,ATTACK,rid_bd3da43da14738707a1433238ce5d42b,mlp,occlusion,insertion,target_class_median,False,True,False,True,1,ATTACK,predicted_class_of_audited_model,1.0,0.9994085205253214,-0.02770441770553589,-0.3798686295214082,0.3521642118158723,0.02746609270872369,0.2983306701067739,-0.29413457105561924,0.2664301533500834,0.7858803868293762,0.7784659917354585,0.007414365291595471,5,trapezoid_from_zero_normalized_by_max_fraction,True,correct,true_positive,high,high,binary
cicids2017_binary,46,0,BENIGN,rid_e53c30dc3efaeb4c15a6e87e84719470,mlp,occlusion,insertion,target_class_median,False,True,False,True,0,BENIGN,predicted_class_of_audited_model,0.9999999998639584,0.0005914793386368,1.9683049674756867e-06,-0.007661460326304768,0.007663428631272244,0.0037946931151606584,0.00022583012555735336,-0.008767203387304499,0.008769171692271975,1.52454674243927,1.2613625817298888,0.26318413686752323,5,trapezoid_from_zero_normalized_by_max_fraction,True,correct,true_negative,medium,medium,binary
cicids2017_binary,46,0,BENIGN,rid_24a0916e3c85cd48aedadd0e0b51b6e5,mlp,occlusion,insertion,target_class_median,False,False,True,True,1,ATTACK,predicted_class_of_audited_model,0.0007302880403585,0.0001388085656798,-0.689576759794727,-0.51283461238374,-0.17674214741098693,0.021167388367456585,-0.21823022861120184,-0.14764819378301036,-0.5419285660117167,0.35522139072418213,0.3009164787530899,0.05430492389202117,5,trapezoid_from_zero_normalized_by_max_fraction,False,error,false_positive,low,low,binary
cicids2017_binary,46,0,BENIGN,rid_2c8ba8578a1f948174b311f6b93ed794,mlp,occlusion,insertion,target_class_median,False,True,False,True,0,BENIGN,predicted_class_of_audited_model,0.999999939076659,0.0005914185513375,1.929125898036954e-06,-0.0002655892557989638,0.0002675183816970008,7.503159338049737e-05,0.00012045645867122593,-0.0008625318109664851,0.0008644609368645222,1.0212743282318115,0.7971941936016083,0.2240800869464874,5,trapezoid_from_zero_normalized_by_max_fraction,True,correct,true_negative,medium,medium,binary
cicids2017_binary,46,0,BENIGN,rid_a3256e21f1100fd022d62bf0be8430ac,mlp,occlusion,insertion,target_class_median,False,False,True,True,1,ATTACK,predicted_class_of_audited_model,0.0059817782603204,0.0053902987856418,-0.5024438600987196,-0.5134220015481332,0.010978141449413656,0.02541317266214781,-0.03883167696839605,-0.3917174281669613,-0.11072643193175827,0.6201189160346985,0.4965729103088378,0.12354602360725404,5,trapezoid_from_zero_normalized_by_max_fraction,False,error,false_positive,low,medium,binary
cicids2017_binary,46,0,BENIGN,rid_7e68efe9c4173e3e13ebf602c7bdf123,mlp,occlusion,insertion,target_class_median,False,False,True,True,1,ATTACK,predicted_class_of_audited_model,0.0008126734755933,0.0002211940009146,-0.6928565658163279,-0.5120658818284632,-0.18079068398786466,0.026263406788248525,-0.23226696129283175,-0.3771020541119069,-0.31575451170442104,0.7274592518806458,0.7252533096075058,0.002205972075462337,5,trapezoid_from_zero_normalized_by_max_fraction,False,error,false_positive,low,low,binary
cicids2017_binary,46,0,BENIGN,rid_0394651c39c5300d79ada10de6d141ed,mlp,occlusion,insertion,target_class_median,False,True,False,True,0,BENIGN,predicted_class_of_audited_model,0.999998907395252,0.0005903868699305,8.550414662522599e-07,-9.73946110988777e-07,1.828987577241037e-06,2.2283754474178597e-07,1.3922259895471364e-06,-1.278595210351341e-06,2.1336366766036006e-06,0.4843980669975281,0.2082216129004955,0.2761764570772648,5,trapezoid_from_zero_normalized_by_max_fraction,True,correct,true_negative,medium,low,binary
cicids2017_binary,46,0,BENIGN,rid_ff27f70bc2d71efc96753b46ef748bd4,mlp,occlusion,insertion,target_class_median,False,False,True,True,1,ATTACK,predicted_class_of_audited_model,0.0855619832873344,0.0849705038126558,-0.5623441318483762,-0.5308162970390795,-0.03152783480929666,0.02603603876783083,-0.08255847079424508,-0.5606426432383746,-0.0017014886100016335,3.8918960094451904,4.334143264770508,-0.44224706459045404,5,trapezoid_from_zero_normalized_by_max_fraction,False,error,false_positive,low,medium,binary
cicids2017_binary,46,0,BENIGN,rid_0db604f8625f200f4eb60f0eb03bcdea,mlp,occlusion,insertion,target_class_median,False,True,False,True,0,BENIGN,predicted_class_of_audited_model,1.0,0.0005914794746786,-2.0581331273827887e-05,-0.00047210090485708415,0.0004515195735832563,0.00016575194027483855,0.00012664577064457278,-0.00010808387972635847,8.750254845253059e-05,0.7965624928474426,0.8171563611030578,-0.020593856334686265,5,trapezoid_from_zero_normalized_by_max_fraction,True,correct,true_negative,high,medium,binary
cicids2017_binary,46,0,BENIGN,rid_ca06ee9dc52cd5d656827b0328ae42f2,mlp,occlusion,insertion,target_class_median,False,True,False,True,0,BENIGN,predicted_class_of_audited_model,0.9999908515956122,0.0005823310702907,-7.505900998694415e-06,-4.908969323423662e-06,-2.5969316752707527e-06,1.685720982727202e-07,-2.9273329878852844e-06,-2.551438620571389e-06,-4.954462378123026e-06,0.11024218797683716,0.049997552044689655,0.06024463146179915,5,trapezoid_from_zero_normalized_by_max_fraction,True,correct,true_negative,medium,low,binary
cicids2017_binary,46,0,BENIGN,rid_53ec67a2a5db40ea2465c1552085e5d5,mlp,occlusion,insertion,target_class_median,False,False,True,True,1,ATTACK,predicted_class_of_audited_model,0.0006178466137498,2.636713907119999e-05,-0.9454663526033984,-0.8540657946362227,-0.09140055796717567,0.009948513098677655,-0.11089964364058387,-0.5246384788051073,-0.42082787379829095,1.0649855136871338,0.8131041114330293,0.25188134860992434,5,trapezoid_from_zero_normalized_by_max_fraction,False,error,false_positive,low,low,binary
cicids2017_binary,46,0,BENIGN,rid_5390c2334b21c1b86e72a6a16d524132,mlp,occlusion,insertion,target_class_median,False,False,True,True,1,ATTACK,predicted_class_of_audited_model,0.0006134523428045,2.1972868125899928e-05,-0.9452547142522235,-0.8580891786161051,-0.0871655356361183,0.009682470908619303,-0.10614317861701214,-0.5099911616225766,-0.4352635526296469,1.0420327186584473,0.8031718320846558,0.2388609044551849,5,trapezoid_from_zero_normalized_by_max_fraction,False,error,false_positive,low,low,binary
cicids2017_binary,46,0,BENIGN,rid_8ebe713bc384ec168cbe31a7285740b7,mlp,occlusion,insertion,target_class_median,False,False,True,True,1,ATTACK,predicted_class_of_audited_model,0.0293456129729747,0.0287541334982961,-0.6871723121032118,-0.45583356647438633,-0.23133874562882556,0.025895528298526645,-0.2820939810939378,-0.3050530910871748,-0.382119221016037,0.49806469678878784,0.4605111901760102,0.03755353045463561,5,trapezoid_from_zero_normalized_by_max_fraction,False,error,false_positive,low,medium,binary
cicids2017_binary,46,0,BENIGN,rid_5821730c24a51333546af5bb2fb07e3a,mlp,occlusion,insertion,target_class_median,False,False,True,True,1,ATTACK,predicted_class_of_audited_model,0.0010428682435303,0.0004513887688517,-0.944571293379704,-0.8752416386462281,-0.06932965473347587,0.009444349771584391,-0.08784058028578128,-0.4885271243671352,-0.4560441690125687,1.059489369392395,0.8262276332378388,0.233261682510376,5,trapezoid_from_zero_normalized_by_max_fraction,False,error,false_positive,low,low,binary
cicids2017_binary,46,0,BENIGN,rid_fa05e985003ba971ab566eb11f2f5666,mlp,occlusion,insertion,target_class_median,False,False,True,True,1,ATTACK,predicted_class_of_audited_model,0.0015332236653193,0.0009417441906407,-0.9433926529956806,-0.8743112212487754,-0.06908143174690524,0.008653159619570198,-0.08604162460126283,-0.4771817962357091,-0.4662108567599716,1.0640968084335327,0.8324175733327867,0.2316791397333145,5,trapezoid_from_zero_normalized_by_max_fraction,False,error,false_positive,low,medium,binary
cicids2017_binary,46,0,BENIGN,rid_cb32a928b22137696d1267dda184c253,mlp,occlusion,insertion,target_class_median,False,False,True,True,1,ATTACK,predicted_class_of_audited_model,0.0011181399459019,0.0005266604712232,-0.9458477363165002,-0.8788305885893324,-0.06701714772716788,0.00783143552973575,-0.08236676136544994,-0.5465924666955546,-0.3992552696209457,2.2163145542144775,1.8238389878273011,0.39247555446624754,5,trapezoid_from_zero_normalized_by_max_fraction,False,error,false_positive,low,low,binary
cicids2017_binary,46,0,BENIGN,rid_cfd6aa8c94f55bcb81cb641d00f1739c,mlp,occlusion,insertion,target_class_median,False,False,True,True,1,ATTACK,predicted_class_of_audited_model,0.0012806390877813,0.0006891596131027,-0.9476463848724961,-0.8486140673375449,-0.09903231753495138,0.012036538256650986,-0.12262393251798731,-0.5861838763793032,-0.3614625084931928,1.6329233646392822,0.9214084675312042,0.7115149924755096,5,trapezoid_from_zero_normalized_by_max_fraction,False,error,false_positive,low,medium,binary
cicids2017_binary,46,0,BENIGN,rid_a7a4c7f410072957d6e6e483bbd28773,mlp,occlusion,insertion,target_class_median,False,False,True,True,1,ATTACK,predicted_class_of_audited_model,0.0007598344236612,0.0001683549489825,-0.31045960914343596,-0.6110891809715449,0.3006295718281088,0.018804834937817354,0.2637720953499868,-0.378207679127634,0.06774806998419805,0.5351324081420898,0.4357525926232338,0.09937982743978499,5,trapezoid_from_zero_normalized_by_max_fraction,False,error,false_positive,low,low,binary
cicids2017_binary,46,0,BENIGN,rid_99201083439d490e84665f35e06094d9,mlp,occlusion,insertion,target_class_median,False,False,True,True,1,ATTACK,predicted_class_of_audited_model,0.0041385125368833,0.0035470330622047,-0.9378366709919648,-0.7665664547311608,-0.17127021626080385,0.011756876731264786,-0.19431369465408282,-0.19706314214516896,-0.7407735288467957,0.9375807046890259,0.6875498841404915,0.25003083246946334,5,trapezoid_from_zero_normalized_by_max_fraction,False,error,false_positive,low,medium,binary
cicids2017_binary,46,0,BENIGN,rid_1f6e5f66b4e7e485f1841c9d6b6fc88f,mlp,occlusion,insertion,target_class_median,False,False,True,True,1,ATTACK,predicted_class_of_audited_model,0.8811854720115662,0.8805939925368875,-0.07131948173046113,-0.3285069914037586,0.25718750967329745,0.014239454513040277,0.22927817882773852,-0.48464351081679147,0.41332402908633037,3.325326442718506,3.0966604795455934,0.22866601085662835,5,trapezoid_from_zero_normalized_by_max_fraction,False,error,false_positive,low,high,binary
cicids2017_binary,46,1,ATTACK,rid_624e6a0ad4bb892251dc9b72797ab8a6,mlp,occlusion,insertion,target_class_median,False,True,False,True,1,ATTACK,predicted_class_of_audited_model,1.0,0.9994085205253214,0.0004772305488586426,-0.23560208940417013,0.23607931995302872,0.02471209611297297,0.1876436115716017,-0.25367370359994673,0.2541509341488054,1.0984175205230713,1.010131339073181,0.08828622913360593,5,trapezoid_from_zero_normalized_by_max_fraction,True,correct,true_positive,high,high,binary
cicids2017_binary,46,0,BENIGN,rid_250b9445c0446273915207b64534a8d0,mlp,occlusion,insertion,target_class_median,False,False,True,True,1,ATTACK,predicted_class_of_audited_model,0.0010399720631539,0.0004484925884752,-0.9455227680173266,-0.8841509198587283,-0.06137184815859832,0.00832655442488939,-0.07769189483138153,-0.5259853385060542,-0.4195374295112724,1.2714897394180298,1.0506596125364305,0.22083006727695467,5,trapezoid_from_zero_normalized_by_max_fraction,False,error,false_positive,low,low,binary
cicids2017_binary,46,0,BENIGN,rid_2f0415ed639fc8afddc6146c884d6e8a,mlp,occlusion,insertion,target_class_median,False,False,True,True,1,ATTACK,predicted_class_of_audited_model,0.0007404754869639,0.0001489960122852,-0.8749238410557154,-0.6833004533138471,-0.19162338774186832,0.022623344578933183,-0.23596514311657735,-0.39908840013307056,-0.47583544092264485,0.7767674326896667,0.692349541902542,0.08441790270805359,5,trapezoid_from_zero_normalized_by_max_fraction,False,error,false_positive,low,low,binary
cicids2017_binary,46,0,BENIGN,rid_03cafe0d129efc0a7868eb35c00323c8,mlp,occlusion,insertion,target_class_median,False,False,True,True,1,ATTACK,predicted_class_of_audited_model,0.0013498387997969,0.0007583593251183,-0.9403654332738369,-0.8376595890579341,-0.10270584421590287,0.010607553187523242,-0.12349664846344842,-0.4721048675478867,-0.46826056572595026,1.0627647638320923,0.7262457735538483,0.3365189723968506,5,trapezoid_from_zero_normalized_by_max_fraction,False,error,false_positive,low,medium,binary
cicids2017_binary,46,0,BENIGN,rid_dea7db7817f6e8a682cb6eb57567bdaf,mlp,occlusion,insertion,target_class_median,False,True,False,True,0,BENIGN,predicted_class_of_audited_model,0.999998364113594,0.0005898435882727,-1.0929613404542236e-06,-0.06933630358846991,0.06933521062712945,0.010845518148814761,0.04807799505545252,-0.12690954262527077,0.12690844966393033,5.711706161499023,5.156895529747009,0.5548108224868775,5,trapezoid_from_zero_normalized_by_max_fraction,True,correct,true_negative,medium,low,binary
cicids2017_binary,46,0,BENIGN,rid_aa3fd58c9168d5555825407148d3ddd9,mlp,occlusion,insertion,target_class_median,False,False,True,True,1,ATTACK,predicted_class_of_audited_model,0.0006109684472903,1.948897261169996e-05,-0.9441008506109937,-0.8812759502916476,-0.06282490031934616,0.007481794206850198,-0.07748921696477255,-0.45169202301890576,-0.492408827592088,1.085693120956421,0.7836357547044753,0.3020573543310166,5,trapezoid_from_zero_normalized_by_max_fraction,False,error,false_positive,low,low,binary
