task_id,seed,flow_id,model,method,operator,operator_family,functional_check,true_class_id,true_class,class_specific_inference_eligible,target_class_id,target_class,confidence,model_margin,random_feature_repetitions,attribution_effect_aopc,random_effect_mean_aopc,uniform_random_effect_mean_aopc,attribution_minus_random_aopc,attribution_minus_uniform_random_aopc,random_effect_standard_error_aopc,random_aopc_monte_carlo_standard_error,attribution_minus_random_aopc_mc_lower95,attribution_displacement_mean,matched_random_displacement_mean,attribution_minus_matched_displacement,coordinates_changed_mean,matched_random_coordinates_mean,aopc_definition
cicids2017_binary,46,rid_c37e7f18a6e72502c51b38a935c05fe1,mlp,shap,training_median,baseline_marginal_constant,deletion,1,ATTACK,True,1,ATTACK,1.0,0.9994085205253214,50,0.9499520062645188,0.3637520367696271,0.027301972506863573,0.5861999694948916,0.9226500337576552,0.05557860476626262,0.028063824448936826,0.5311948735749754,2.2781007289886475,1.7879558656215668,0.49014486336708063,18.4,18.4,trapezoid_from_zero_normalized_by_max_fraction
cicids2017_binary,46,rid_37cd12f48d67404f18703652ce8ca9d9,mlp,shap,training_median,baseline_marginal_constant,deletion,0,BENIGN,True,0,BENIGN,0.9999620826238242,0.0005535620985028,50,0.0017388189200573834,0.0016785389887713506,0.0012179164895614464,6.027993128603273e-05,0.0005209024304959372,0.0006033417732224928,0.0003061838546489199,-0.0005398404238258503,0.6004113554954529,0.2685174266882241,0.3318939288072288,18.4,18.4,trapezoid_from_zero_normalized_by_max_fraction
cicids2017_binary,46,rid_8bf0913a12626463db1174068a238121,mlp,shap,training_median,baseline_marginal_constant,deletion,1,ATTACK,True,1,ATTACK,1.0,0.9994085205253214,50,0.9499975024068854,0.3918447605907024,0.08486152742673005,0.5581527418161831,0.8651359749801555,0.053970700674888857,0.02719580495914087,0.504848964096267,1.213944911956787,1.1709083172082901,0.04303659474849697,18.4,18.4,trapezoid_from_zero_normalized_by_max_fraction
cicids2017_binary,46,rid_413d94fc3f4d023fcbb5025f54532935,mlp,shap,training_median,baseline_marginal_constant,deletion,0,BENIGN,True,0,BENIGN,0.9999988732712382,0.0005903527459167,50,0.00027008688085174983,0.00022873889949621165,0.00034727027875906553,4.1347981355538196e-05,-7.718339790731572e-05,9.935891415474654e-05,6.154798163104045e-05,-7.928606264130108e-05,0.5240135192871094,0.25234445425868035,0.271669065028429,18.4,18.4,trapezoid_from_zero_normalized_by_max_fraction
cicids2017_binary,46,rid_2d7e85ed2cdb8a5f02ad124caeebe429,mlp,shap,training_median,baseline_marginal_constant,deletion,0,BENIGN,True,0,BENIGN,0.9999991190932178,0.0005905985678964,50,0.00048245971294136325,0.0004225363262374398,0.0003119617623958675,5.99233867039235e-05,0.00017049795054549575,0.0001826098274102269,0.00012058949220550841,-0.00017643201801887298,0.5214791297912598,0.29445503621548413,0.22702409357577563,18.4,18.4,trapezoid_from_zero_normalized_by_max_fraction
cicids2017_binary,46,rid_830a74fc8667b1a2e2af223c9d2a2c10,mlp,shap,training_median,baseline_marginal_constant,deletion,0,BENIGN,True,0,BENIGN,0.999996375473529,0.0005878549482076,50,0.0006289425919476343,0.0009201658510720563,0.0006017602401691988,-0.0002912232591244219,2.7182351778435576e-05,0.00028228960033147585,0.0001614918525609822,-0.000607747290143947,0.33760127425193787,0.15605867456737904,0.18154259968455883,18.4,18.4,trapezoid_from_zero_normalized_by_max_fraction
cicids2017_binary,46,rid_246eaf0c1fac248deb765083c270bbcc,mlp,shap,training_median,baseline_marginal_constant,deletion,0,BENIGN,True,0,BENIGN,0.9999818898995728,0.0005733693742513,50,0.009681929234739073,0.003232988964972719,0.00198563290751531,0.006448940269766354,0.007696296327223764,0.0008844760302482366,0.0004690981047937479,0.005529507984370608,0.4134314954280853,0.24033118160814052,0.1731003138199448,18.4,18.4,trapezoid_from_zero_normalized_by_max_fraction
cicids2017_binary,46,rid_1326d7841b59c92665d871af5511e3f8,mlp,shap,training_median,baseline_marginal_constant,deletion,1,ATTACK,True,1,ATTACK,1.0,0.9994085205253214,50,0.9499999455729531,0.4544152794028413,0.16308173786036997,0.4955846661701119,0.7869182077125831,0.05563516867743848,0.026923377278434468,0.4428148467043803,1.638901948928833,1.516808489084244,0.12209345984458908,18.4,18.4,trapezoid_from_zero_normalized_by_max_fraction
cicids2017_binary,46,rid_f4e85fd27b14cf91010e12816d23de82,mlp,shap,training_median,baseline_marginal_constant,deletion,1,ATTACK,True,1,ATTACK,1.0,0.9994085205253214,50,0.9499998122974398,0.4278029489953473,0.09599483811657433,0.5221968633020925,0.8540049741808655,0.05722997972909921,0.028213322367325905,0.4668987514621337,1.6291348934173584,1.5225884168148043,0.10654647660255412,18.4,18.4,trapezoid_from_zero_normalized_by_max_fraction
cicids2017_binary,46,rid_5852990d34963aaadad7e90ef9bf633d,mlp,shap,training_median,baseline_marginal_constant,deletion,1,ATTACK,True,1,ATTACK,1.0,0.9994085205253214,50,0.9499999900734591,0.459981329272532,0.09789877814195821,0.49001866080092715,0.8521012119315009,0.05339551970513269,0.02670261832595807,0.43768152888204936,1.5827621221542358,1.480214178800583,0.10254794335365292,18.4,18.4,trapezoid_from_zero_normalized_by_max_fraction
cicids2017_binary,46,rid_91629040875b5b88fe453003d3c24213,mlp,shap,training_median,baseline_marginal_constant,deletion,1,ATTACK,True,1,ATTACK,1.0,0.9994085205253214,50,0.9499996001780269,0.5048078918772876,0.18865158014264802,0.4451917083007391,0.7613480200353787,0.054769365647627605,0.026490961580514637,0.39326942360293043,1.3505027294158936,1.3123874440193177,0.038115285396575826,18.4,18.4,trapezoid_from_zero_normalized_by_max_fraction
cicids2017_binary,46,rid_ef9fb628d94de42604b08b84713e8ae5,mlp,shap,training_median,baseline_marginal_constant,deletion,1,ATTACK,True,1,ATTACK,1.0,0.9994085205253214,50,0.9499990687658293,0.21946870122743878,0.07913844504039572,0.7305303675383905,0.8708606237254336,0.04980968568538786,0.02554527721942257,0.6804616241883222,2.1009163856506348,1.598138678073883,0.5027777075767517,18.4,18.4,trapezoid_from_zero_normalized_by_max_fraction
cicids2017_binary,46,rid_74105010942e741d7107c797b640545a,mlp,shap,training_median,baseline_marginal_constant,deletion,1,ATTACK,True,1,ATTACK,1.0,0.9994085205253214,50,0.9496968482712098,0.1902824904151626,0.07453602486218103,0.7594143578560473,0.8751608234090289,0.04413960498088329,0.023481378599532064,0.7133908558009644,1.5954700708389282,1.3557952053546907,0.23967486548423755,18.4,18.4,trapezoid_from_zero_normalized_by_max_fraction
cicids2017_binary,46,rid_2db54221168e8f586f9c78bb4918b5d4,mlp,shap,training_median,baseline_marginal_constant,deletion,0,BENIGN,True,0,BENIGN,0.9999908808276814,0.0005823603023599,50,0.000980688812205699,0.0018314064245390684,0.0012958793948653238,-0.0008507176123333693,-0.00031519058265962484,0.00048731368214320955,0.0003012166991258568,-0.0014411023426200487,0.32384881377220154,0.14451176146604122,0.17933705230616032,18.4,18.4,trapezoid_from_zero_normalized_by_max_fraction
cicids2017_binary,46,rid_c11a696fc62e305df7821a36403017a4,mlp,shap,training_median,baseline_marginal_constant,deletion,0,BENIGN,True,0,BENIGN,0.9999999999998715,0.0005914794745501,50,0.017956639421505643,0.0022388761364698457,7.187222913442382e-05,0.015717763285035796,0.01788476719237122,0.00167225993907527,0.0009193123736289133,0.013915911032723126,1.036835789680481,0.922734552383423,0.11410123729705801,18.4,18.4,trapezoid_from_zero_normalized_by_max_fraction
cicids2017_binary,46,rid_591657dbc51fa5cba6110e4a2bc0389d,mlp,shap,training_median,baseline_marginal_constant,deletion,0,BENIGN,True,0,BENIGN,0.99999999040479,0.0005914698794686,50,0.12952628542290484,0.04375239451693649,0.0348219101357227,0.08577389090596836,0.09470437528718215,0.023735060413678934,0.012176125394796629,0.06190868513216697,1.9884016513824463,1.885470004081726,0.10293164730072024,18.4,18.4,trapezoid_from_zero_normalized_by_max_fraction
cicids2017_binary,46,rid_c37e7f18a6e72502c51b38a935c05fe1,mlp,shap,training_median,baseline_marginal_constant,insertion,1,ATTACK,True,1,ATTACK,1.0,0.9994085205253214,50,0.9457328616874293,0.8688350812370182,0.33722518711841476,0.07689778045041105,0.6085076745690144,0.01755557485831033,0.009605304263923767,0.05807138409312047,2.2781007289886475,1.7879558656215668,0.49014486336708063,18.4,18.4,trapezoid_from_zero_normalized_by_max_fraction
cicids2017_binary,46,rid_37cd12f48d67404f18703652ce8ca9d9,mlp,shap,training_median,baseline_marginal_constant,insertion,0,BENIGN,True,0,BENIGN,0.9999620826238242,0.0005535620985028,50,0.004224747444459354,-0.0012070588294294565,-0.00021426080546598308,0.00543180627388881,0.004439008249925337,0.0012943336820487603,0.0006269738981762203,0.004202937433463418,0.6004113554954529,0.2685174266882241,0.3318939288072288,18.4,18.4,trapezoid_from_zero_normalized_by_max_fraction
cicids2017_binary,46,rid_8bf0913a12626463db1174068a238121,mlp,shap,training_median,baseline_marginal_constant,insertion,1,ATTACK,True,1,ATTACK,1.0,0.9994085205253214,50,0.9457108079688624,0.6988912852710553,0.23354166992011852,0.24681952269780705,0.7121691380487437,0.0469342367625044,0.021882730307885494,0.20392937129435149,1.213944911956787,1.1709083172082901,0.04303659474849697,18.4,18.4,trapezoid_from_zero_normalized_by_max_fraction
cicids2017_binary,46,rid_413d94fc3f4d023fcbb5025f54532935,mlp,shap,training_median,baseline_marginal_constant,insertion,0,BENIGN,True,0,BENIGN,0.9999988732712382,0.0005903527459167,50,0.004254301091791035,0.001985475553659036,0.0016217474414926727,0.002268825538131999,0.0026325536502983626,0.0005639868511991441,0.0002742410875616617,0.001731313006511142,0.5240135192871094,0.25234445425868035,0.271669065028429,18.4,18.4,trapezoid_from_zero_normalized_by_max_fraction
cicids2017_binary,46,rid_2d7e85ed2cdb8a5f02ad124caeebe429,mlp,shap,training_median,baseline_marginal_constant,insertion,0,BENIGN,True,0,BENIGN,0.9999991190932178,0.0005905985678964,50,0.004263955693303956,0.002447902217420577,0.0007203931672843283,0.001816053475883379,0.0035435625260196277,0.0003831543123680448,0.00017683904449652398,0.0014694489486701918,0.5214791297912598,0.29445503621548413,0.22702409357577563,18.4,18.4,trapezoid_from_zero_normalized_by_max_fraction
cicids2017_binary,46,rid_830a74fc8667b1a2e2af223c9d2a2c10,mlp,shap,training_median,baseline_marginal_constant,insertion,0,BENIGN,True,0,BENIGN,0.999996375473529,0.0005878549482076,50,0.004212374049529899,0.0013625382988118986,0.0011576471517968229,0.0028498357507180006,0.003054726897733076,0.0004919780454166743,0.0002474106787088495,0.0023649108204486556,0.33760127425193787,0.15605867456737904,0.18154259968455883,18.4,18.4,trapezoid_from_zero_normalized_by_max_fraction
cicids2017_binary,46,rid_246eaf0c1fac248deb765083c270bbcc,mlp,shap,training_median,baseline_marginal_constant,insertion,0,BENIGN,True,0,BENIGN,0.9999818898995728,0.0005733693742513,50,0.004249443448372858,-0.0005101100375802616,-0.00010402499778774656,0.0047595534859531195,0.004353468446160604,0.000884012765203155,0.0004304150696259719,0.003915939949486215,0.4134314954280853,0.24033118160814052,0.1731003138199448,18.4,18.4,trapezoid_from_zero_normalized_by_max_fraction
cicids2017_binary,46,rid_1326d7841b59c92665d871af5511e3f8,mlp,shap,training_median,baseline_marginal_constant,insertion,1,ATTACK,True,1,ATTACK,1.0,0.9994085205253214,50,0.9457328616874293,0.7376647114230619,0.29476296422305087,0.20806815026436745,0.6509698974643784,0.046925091254600565,0.021398325300658078,0.16612743267507762,1.638901948928833,1.516808489084244,0.12209345984458908,18.4,18.4,trapezoid_from_zero_normalized_by_max_fraction
cicids2017_binary,46,rid_f4e85fd27b14cf91010e12816d23de82,mlp,shap,training_median,baseline_marginal_constant,insertion,1,ATTACK,True,1,ATTACK,1.0,0.9994085205253214,50,0.9457328616874293,0.7373453147461335,0.32988733931814307,0.20838754694129574,0.6158455223692861,0.04621080674490205,0.02180429536345546,0.16565112802892304,1.6291348934173584,1.5225884168148043,0.10654647660255412,18.4,18.4,trapezoid_from_zero_normalized_by_max_fraction
cicids2017_binary,46,rid_5852990d34963aaadad7e90ef9bf633d,mlp,shap,training_median,baseline_marginal_constant,insertion,1,ATTACK,True,1,ATTACK,1.0,0.9994085205253214,50,0.9457289993064478,0.7654298874961507,0.31623839492647304,0.1802991118102971,0.6294906043799748,0.03925277629057791,0.01779968635025467,0.14541172656379794,1.5827621221542358,1.480214178800583,0.10254794335365292,18.4,18.4,trapezoid_from_zero_normalized_by_max_fraction
cicids2017_binary,46,rid_91629040875b5b88fe453003d3c24213,mlp,shap,training_median,baseline_marginal_constant,insertion,1,ATTACK,True,1,ATTACK,1.0,0.9994085205253214,50,0.9457322656409816,0.6473698188648277,0.2923522898505999,0.29836244677615387,0.6533799757903815,0.049569067529393704,0.02321149972097035,0.252867907323052,1.3505027294158936,1.3123874440193177,0.038115285396575826,18.4,18.4,trapezoid_from_zero_normalized_by_max_fraction
cicids2017_binary,46,rid_ef9fb628d94de42604b08b84713e8ae5,mlp,shap,training_median,baseline_marginal_constant,insertion,1,ATTACK,True,1,ATTACK,1.0,0.9994085205253214,50,0.9457328616874293,0.7773211743662238,0.40087338541938355,0.16841168732120546,0.5448594762680457,0.04217996740143986,0.019486087181001772,0.130218956446442,2.1009163856506348,1.598138678073883,0.5027777075767517,18.4,18.4,trapezoid_from_zero_normalized_by_max_fraction
cicids2017_binary,46,rid_74105010942e741d7107c797b640545a,mlp,shap,training_median,baseline_marginal_constant,insertion,1,ATTACK,True,1,ATTACK,1.0,0.9994085205253214,50,0.9457327901618555,0.5891553654802486,0.38956902362125667,0.35657742468160686,0.556163766540599,0.05351672173939749,0.02552175083891083,0.3065547930373416,1.5954700708389282,1.3557952053546907,0.23967486548423755,18.4,18.4,trapezoid_from_zero_normalized_by_max_fraction
cicids2017_binary,46,rid_2db54221168e8f586f9c78bb4918b5d4,mlp,shap,training_median,baseline_marginal_constant,insertion,0,BENIGN,True,0,BENIGN,0.9999908808276814,0.0005823603023599,50,0.004139375804152223,0.00014828364805862302,0.0002578812753449711,0.0039910921560936,0.003881494528807252,0.0007133498315027019,0.0003795056461265797,0.0032472610896855034,0.32384881377220154,0.14451176146604122,0.17933705230616032,18.4,18.4,trapezoid_from_zero_normalized_by_max_fraction
cicids2017_binary,46,rid_c11a696fc62e305df7821a36403017a4,mlp,shap,training_median,baseline_marginal_constant,insertion,0,BENIGN,True,0,BENIGN,0.9999999999998715,0.0005914794745501,50,0.004260567131445648,-0.0015974616301249786,-0.0025908710253238583,0.0058580287615706255,0.006851438156769505,0.004243786011599289,0.002451357315407761,0.0010533684233714142,1.036835789680481,0.922734552383423,0.11410123729705801,18.4,18.4,trapezoid_from_zero_normalized_by_max_fraction
cicids2017_binary,46,rid_591657dbc51fa5cba6110e4a2bc0389d,mlp,shap,training_median,baseline_marginal_constant,insertion,0,BENIGN,True,0,BENIGN,0.99999999040479,0.0005914698794686,50,0.004264159183561667,-0.09620204534511612,-0.059968374979677996,0.10046620452867777,0.06423253416323967,0.031123283651533117,0.014627141770859194,0.07179700665779376,1.9884016513824463,1.885470004081726,0.10293164730072024,18.4,18.4,trapezoid_from_zero_normalized_by_max_fraction
cicids2017_binary,46,rid_c37e7f18a6e72502c51b38a935c05fe1,mlp,shap,target_class_median,baseline_marginal_constant,deletion,1,ATTACK,True,1,ATTACK,1.0,0.9994085205253214,50,0.9499740852044924,0.22707380634756896,0.04410967088848074,0.7229002788569234,0.9058644143160115,0.047635328231110725,0.025660863641612613,0.6726049861193627,2.320979595184326,1.8106431801319123,0.5103364150524139,18.4,18.4,trapezoid_from_zero_normalized_by_max_fraction
cicids2017_binary,46,rid_37cd12f48d67404f18703652ce8ca9d9,mlp,shap,target_class_median,baseline_marginal_constant,deletion,0,BENIGN,True,0,BENIGN,0.9999620826238242,0.0005535620985028,50,-3.4215940650028644e-05,-1.1403080483432858e-05,-1.114551011448839e-05,-2.2812860166595785e-05,-2.3070430535540254e-05,1.897104077784196e-06,9.620340719754708e-07,-2.469844694766771e-05,0.1404164433479309,0.031097162451362237,0.10931928089656867,18.4,18.4,trapezoid_from_zero_normalized_by_max_fraction
cicids2017_binary,46,rid_8bf0913a12626463db1174068a238121,mlp,shap,target_class_median,baseline_marginal_constant,deletion,1,ATTACK,True,1,ATTACK,1.0,0.9994085205253214,50,0.9499995109219657,0.2979480408441832,0.06806996034559587,0.6520514700777825,0.8819295505763699,0.05228081352512309,0.02637115399415235,0.600364008249244,1.2428227663040161,1.214043679714203,0.028779086589813208,18.4,18.4,trapezoid_from_zero_normalized_by_max_fraction
cicids2017_binary,46,rid_413d94fc3f4d023fcbb5025f54532935,mlp,shap,target_class_median,baseline_marginal_constant,deletion,0,BENIGN,True,0,BENIGN,0.9999988732712382,0.0005903527459167,50,9.668085965586215e-07,2.327930324895533e-06,1.7607234304080065e-06,-1.3611217283369116e-06,-7.939148338493852e-07,4.6681524749493613e-07,2.3614472285167204e-07,-1.8239653851261888e-06,0.26331350207328796,0.09914714149385691,0.16416636057943107,18.4,18.4,trapezoid_from_zero_normalized_by_max_fraction
cicids2017_binary,46,rid_2d7e85ed2cdb8a5f02ad124caeebe429,mlp,shap,target_class_median,baseline_marginal_constant,deletion,0,BENIGN,True,0,BENIGN,0.9999991190932178,0.0005905985678964,50,1.732229407025443e-06,6.853752012432324e-07,7.544599229447613e-07,1.0468542057822107e-06,9.777694840806816e-07,1.6775522773503784e-07,8.283288086274275e-08,8.845017592912349e-07,0.24715487658977509,0.09492944547906518,0.1522254311107099,18.4,18.4,trapezoid_from_zero_normalized_by_max_fraction
cicids2017_binary,46,rid_830a74fc8667b1a2e2af223c9d2a2c10,mlp,shap,target_class_median,baseline_marginal_constant,deletion,0,BENIGN,True,0,BENIGN,0.999996375473529,0.0005878549482076,50,-8.955379712460853e-07,-5.162297184142517e-07,-4.823560745990107e-07,-3.7930825283183367e-07,-4.131818966470746e-07,1.1502697272904874e-07,5.9598244952334045e-08,-4.961208129384084e-07,0.028869982808828354,0.022032595681026577,0.006837387127801776,18.4,18.4,trapezoid_from_zero_normalized_by_max_fraction
cicids2017_binary,46,rid_246eaf0c1fac248deb765083c270bbcc,mlp,shap,target_class_median,baseline_marginal_constant,deletion,0,BENIGN,True,0,BENIGN,0.9999818898995728,0.0005733693742513,50,-9.423057508683997e-06,-6.153107109184929e-06,-5.606696439372172e-06,-3.269950399499066e-06,-3.816361069311824e-06,5.521830913222007e-07,3.2047481338414167e-07,-3.898081033731984e-06,0.026551464572548866,0.02060322340624407,0.005948241166304796,18.4,18.4,trapezoid_from_zero_normalized_by_max_fraction
cicids2017_binary,46,rid_1326d7841b59c92665d871af5511e3f8,mlp,shap,target_class_median,baseline_marginal_constant,deletion,1,ATTACK,True,1,ATTACK,1.0,0.9994085205253214,50,0.9499997571954464,0.4295216410190097,0.09800985685105672,0.5204781161764367,0.8519899003443895,0.05768963241369385,0.02875769788580112,0.4641130283202665,1.6882518529891968,1.533479735612869,0.15477211737632768,18.4,18.4,trapezoid_from_zero_normalized_by_max_fraction
cicids2017_binary,46,rid_f4e85fd27b14cf91010e12816d23de82,mlp,shap,target_class_median,baseline_marginal_constant,deletion,1,ATTACK,True,1,ATTACK,1.0,0.9994085205253214,50,0.9499981928694883,0.21301380886952387,0.07897805366273462,0.7369843839999644,0.8710201392067536,0.04768312285975737,0.025342078757544503,0.6873139096351771,1.6407941579818726,1.468985780477524,0.17180837750434863,18.4,18.4,trapezoid_from_zero_normalized_by_max_fraction
cicids2017_binary,46,rid_5852990d34963aaadad7e90ef9bf633d,mlp,shap,target_class_median,baseline_marginal_constant,deletion,1,ATTACK,True,1,ATTACK,1.0,0.9994085205253214,50,0.9499999809199382,0.42149528165493744,0.08879885913607379,0.5285046992650008,0.8612011217838645,0.05525089713191839,0.027227146434324112,0.47513949225372554,1.6224262714385986,1.5107910242080689,0.11163524723052975,18.4,18.4,trapezoid_from_zero_normalized_by_max_fraction
cicids2017_binary,46,rid_91629040875b5b88fe453003d3c24213,mlp,shap,target_class_median,baseline_marginal_constant,deletion,1,ATTACK,True,1,ATTACK,1.0,0.9994085205253214,50,0.9499970979980188,0.2840767323686718,0.11750316990681177,0.6659203656293471,0.832493928091207,0.05199875019242338,0.026424017325601044,0.614129291671169,1.361663579940796,1.2702872352600096,0.09137634468078626,18.4,18.4,trapezoid_from_zero_normalized_by_max_fraction
cicids2017_binary,46,rid_ef9fb628d94de42604b08b84713e8ae5,mlp,shap,target_class_median,baseline_marginal_constant,deletion,1,ATTACK,True,1,ATTACK,1.0,0.9994085205253214,50,0.9499965310369851,0.19314810427461837,0.02667181501173404,0.7568484267623667,0.9233247160252511,0.04695559111719709,0.02493344736535176,0.7079788699262773,2.1454100608825684,1.6460583045482635,0.49935175633430484,18.4,18.4,trapezoid_from_zero_normalized_by_max_fraction
cicids2017_binary,46,rid_74105010942e741d7107c797b640545a,mlp,shap,target_class_median,baseline_marginal_constant,deletion,1,ATTACK,True,1,ATTACK,1.0,0.9994085205253214,50,0.9477176705039331,0.15330291595974962,0.06170819324573222,0.7944147545441834,0.8860094772582007,0.041746507024547554,0.02229493049554961,0.7507166907729061,1.6034914255142212,1.4266114466190338,0.17687997889518736,18.4,18.4,trapezoid_from_zero_normalized_by_max_fraction
cicids2017_binary,46,rid_2db54221168e8f586f9c78bb4918b5d4,mlp,shap,target_class_median,baseline_marginal_constant,deletion,0,BENIGN,True,0,BENIGN,0.9999908808276814,0.0005823603023599,50,-4.972742317477241e-06,-2.4576033415542045e-06,-1.977258718397934e-06,-2.5151389759230367e-06,-2.9954835990793075e-06,3.331932540317794e-07,1.8087984621898786e-07,-2.869663474512253e-06,0.02320343628525734,0.018537868546321987,0.004665567738935353,18.4,18.4,trapezoid_from_zero_normalized_by_max_fraction
cicids2017_binary,46,rid_c11a696fc62e305df7821a36403017a4,mlp,shap,target_class_median,baseline_marginal_constant,deletion,0,BENIGN,True,0,BENIGN,0.9999999999998715,0.0005914794745501,50,0.00012585839744786996,0.0005645974320916535,0.0028613209293093995,-0.00043873903464378356,-0.0027354625318615298,0.0003166786285600464,0.00022321375585829045,-0.0008762379961260328,1.1034719944000244,0.9470508184432983,0.1564211759567261,18.4,18.4,trapezoid_from_zero_normalized_by_max_fraction
cicids2017_binary,46,rid_591657dbc51fa5cba6110e4a2bc0389d,mlp,shap,target_class_median,baseline_marginal_constant,deletion,0,BENIGN,True,0,BENIGN,0.99999999040479,0.0005914698794686,50,0.0015155942530549638,0.039568945514522565,0.009957011582296397,-0.038053351261467604,-0.008441417329241434,0.018879623512952207,0.009808973250592878,-0.05727893883262965,2.1690211296081543,2.077485266685486,0.09153586292266835,18.4,18.4,trapezoid_from_zero_normalized_by_max_fraction
cicids2017_binary,46,rid_c37e7f18a6e72502c51b38a935c05fe1,mlp,shap,target_class_median,baseline_marginal_constant,insertion,1,ATTACK,True,1,ATTACK,1.0,0.9994085205253214,50,0.0004772305488586426,-0.03815486082740012,-0.20197336759061846,0.038632091376258754,0.20245059813947708,0.009823926777668173,0.00704520988768307,0.024823479996399937,2.320979595184326,1.8106431801319123,0.5103364150524139,18.4,18.4,trapezoid_from_zero_normalized_by_max_fraction
cicids2017_binary,46,rid_37cd12f48d67404f18703652ce8ca9d9,mlp,shap,target_class_median,baseline_marginal_constant,insertion,0,BENIGN,True,0,BENIGN,0.9999620826238242,0.0005535620985028,50,-2.9677439556508034e-05,-8.684767656745862e-06,-9.078602981276164e-06,-2.099267189976217e-05,-2.0598836575231874e-05,1.7859377318786606e-06,9.21772590845524e-07,-2.2799346177819398e-05,0.1404164433479309,0.031097162451362237,0.10931928089656867,18.4,18.4,trapezoid_from_zero_normalized_by_max_fraction
cicids2017_binary,46,rid_8bf0913a12626463db1174068a238121,mlp,shap,target_class_median,baseline_marginal_constant,insertion,1,ATTACK,True,1,ATTACK,1.0,0.9994085205253214,50,0.0004772305488586426,-0.10327934203191241,-0.25065782778908463,0.10375657258077106,0.25113505833794325,0.03714834735228974,0.017326340668405486,0.0697969448706963,1.2428227663040161,1.214043679714203,0.028779086589813208,18.4,18.4,trapezoid_from_zero_normalized_by_max_fraction
cicids2017_binary,46,rid_413d94fc3f4d023fcbb5025f54532935,mlp,shap,target_class_median,baseline_marginal_constant,insertion,0,BENIGN,True,0,BENIGN,0.9999988732712382,0.0005903527459167,50,-8.817800915039697e-06,-2.4250492818396197e-06,-2.3720234653126227e-06,-6.392751633200078e-06,-6.4457774497270745e-06,7.245023743192057e-07,3.723777990750815e-07,-7.122612119387238e-06,0.26331350207328796,0.09914714149385691,0.16416636057943107,18.4,18.4,trapezoid_from_zero_normalized_by_max_fraction
cicids2017_binary,46,rid_2d7e85ed2cdb8a5f02ad124caeebe429,mlp,shap,target_class_median,baseline_marginal_constant,insertion,0,BENIGN,True,0,BENIGN,0.9999991190932178,0.0005905985678964,50,-3.401271101211023e-07,-4.052932825402422e-07,-2.3267518258762718e-07,6.516617241913993e-08,-1.0745192753347509e-07,1.479006415160711e-07,7.621541760638023e-08,-8.421604608936532e-08,0.24715487658977509,0.09492944547906518,0.1522254311107099,18.4,18.4,trapezoid_from_zero_normalized_by_max_fraction
cicids2017_binary,46,rid_830a74fc8667b1a2e2af223c9d2a2c10,mlp,shap,target_class_median,baseline_marginal_constant,insertion,0,BENIGN,True,0,BENIGN,0.999996375473529,0.0005878549482076,50,-6.053798301763891e-07,-4.2409382751884547e-07,-4.362063630196644e-07,-1.8128600265754358e-07,-1.6917346715672466e-07,1.0603235034407471e-07,5.482191088590012e-08,-2.887369479939078e-07,0.028869982808828354,0.022032595681026577,0.006837387127801776,18.4,18.4,trapezoid_from_zero_normalized_by_max_fraction
cicids2017_binary,46,rid_246eaf0c1fac248deb765083c270bbcc,mlp,shap,target_class_median,baseline_marginal_constant,insertion,0,BENIGN,True,0,BENIGN,0.9999818898995728,0.0005733693742513,50,-5.432510533864843e-06,-2.986651650644489e-06,-2.369248703757876e-06,-2.4458588832203533e-06,-3.063261830106967e-06,4.4351142324785217e-07,2.6168141472594164e-07,-2.958754456083199e-06,0.026551464572548866,0.02060322340624407,0.005948241166304796,18.4,18.4,trapezoid_from_zero_normalized_by_max_fraction
cicids2017_binary,46,rid_1326d7841b59c92665d871af5511e3f8,mlp,shap,target_class_median,baseline_marginal_constant,insertion,1,ATTACK,True,1,ATTACK,1.0,0.9994085205253214,50,0.0004772305488586426,-0.13044036299273168,-0.33272711585443737,0.1309175935415903,0.33320434640329605,0.037935705165263685,0.01819956558631647,0.09524644499241003,1.6882518529891968,1.533479735612869,0.15477211737632768,18.4,18.4,trapezoid_from_zero_normalized_by_max_fraction
cicids2017_binary,46,rid_f4e85fd27b14cf91010e12816d23de82,mlp,shap,target_class_median,baseline_marginal_constant,insertion,1,ATTACK,True,1,ATTACK,1.0,0.9994085205253214,50,0.0004772305488586426,-0.12444198078233001,-0.2517774915488279,0.12491921133118866,0.2522547220976865,0.03736486470385835,0.018498995755187216,0.08866117965102172,1.6407941579818726,1.468985780477524,0.17180837750434863,18.4,18.4,trapezoid_from_zero_normalized_by_max_fraction
cicids2017_binary,46,rid_5852990d34963aaadad7e90ef9bf633d,mlp,shap,target_class_median,baseline_marginal_constant,insertion,1,ATTACK,True,1,ATTACK,1.0,0.9994085205253214,50,0.0004772305488586426,-0.05055818787303486,-0.32793289471086035,0.0510354184218935,0.32841012525971897,0.022809856031993148,0.010959223742789938,0.029555339886025222,1.6224262714385986,1.5107910242080689,0.11163524723052975,18.4,18.4,trapezoid_from_zero_normalized_by_max_fraction
cicids2017_binary,46,rid_91629040875b5b88fe453003d3c24213,mlp,shap,target_class_median,baseline_marginal_constant,insertion,1,ATTACK,True,1,ATTACK,1.0,0.9994085205253214,50,0.0004772305488586426,-0.19673867860588495,-0.29703236644008385,0.1972159091547436,0.29750959698894247,0.04726476756928684,0.0218812318837099,0.15432869466267218,1.361663579940796,1.2702872352600096,0.09137634468078626,18.4,18.4,trapezoid_from_zero_normalized_by_max_fraction
cicids2017_binary,46,rid_ef9fb628d94de42604b08b84713e8ae5,mlp,shap,target_class_median,baseline_marginal_constant,insertion,1,ATTACK,True,1,ATTACK,1.0,0.9994085205253214,50,0.0004772305488586426,-0.07405898913543843,-0.3376921992774862,0.07453621968429706,0.3381694298263449,0.029448646039544314,0.013682986912857515,0.047717565335096336,2.1454100608825684,1.6460583045482635,0.49935175633430484,18.4,18.4,trapezoid_from_zero_normalized_by_max_fraction
cicids2017_binary,46,rid_74105010942e741d7107c797b640545a,mlp,shap,target_class_median,baseline_marginal_constant,insertion,1,ATTACK,True,1,ATTACK,1.0,0.9994085205253214,50,0.0004772305488586426,-0.15017905218200167,-0.26250949812101865,0.15065628273086032,0.26298672866987727,0.04387916023418029,0.020347591845809813,0.11077500271307308,1.6034914255142212,1.4266114466190338,0.17687997889518736,18.4,18.4,trapezoid_from_zero_normalized_by_max_fraction
cicids2017_binary,46,rid_2db54221168e8f586f9c78bb4918b5d4,mlp,shap,target_class_median,baseline_marginal_constant,insertion,0,BENIGN,True,0,BENIGN,0.9999908808276814,0.0005823603023599,50,-5.380289667300531e-06,-1.7381731281602697e-06,-1.1624741636069303e-06,-3.642116539140261e-06,-4.2178155036936e-06,2.632976728453784e-07,1.5128219485633893e-07,-3.938629641058685e-06,0.02320343628525734,0.018537868546321987,0.004665567738935353,18.4,18.4,trapezoid_from_zero_normalized_by_max_fraction
cicids2017_binary,46,rid_c11a696fc62e305df7821a36403017a4,mlp,shap,target_class_median,baseline_marginal_constant,insertion,0,BENIGN,True,0,BENIGN,0.9999999999998715,0.0005914794745501,50,9.282464215054629e-07,-0.003554033503544205,-0.0026185022074599806,0.0035549617499657103,0.002619430453881486,0.0021648814587919892,0.001315846707728408,0.0009759022028180304,1.1034719944000244,0.9470508184432983,0.1564211759567261,18.4,18.4,trapezoid_from_zero_normalized_by_max_fraction
cicids2017_binary,46,rid_591657dbc51fa5cba6110e4a2bc0389d,mlp,shap,target_class_median,baseline_marginal_constant,insertion,0,BENIGN,True,0,BENIGN,0.99999999040479,0.0005914698794686,50,1.8588966207433444e-06,-0.043538998045377246,-0.01683934526507709,0.04354085694199799,0.01684120416169783,0.01635997808595214,0.007867254573332956,0.028121037978265394,2.1690211296081543,2.077485266685486,0.09153586292266835,18.4,18.4,trapezoid_from_zero_normalized_by_max_fraction
cicids2017_binary,46,rid_c37e7f18a6e72502c51b38a935c05fe1,mlp,shap,joint_donor,dependency_preserving,deletion,1,ATTACK,True,1,ATTACK,1.0,0.9994085205253214,50,0.9499734086246159,0.28529663608759415,0.0457068827075205,0.6646767725370217,0.9042665259170952,0.053101838963105566,0.027934124330113712,0.6099258888499989,2.3212802410125732,1.9175061182975768,0.40377412271499646,18.4,18.4,trapezoid_from_zero_normalized_by_max_fraction
cicids2017_binary,46,rid_37cd12f48d67404f18703652ce8ca9d9,mlp,shap,joint_donor,dependency_preserving,deletion,0,BENIGN,True,0,BENIGN,0.9999620826238242,0.0005535620985028,50,0.2148067211691739,0.02387249143323053,0.05456902833478808,0.19093422973594337,0.16023769283438583,0.011576968925903246,0.007363013101468845,0.17650272405706444,0.7851234674453735,0.6917633963823319,0.09336007106304167,18.4,18.4,trapezoid_from_zero_normalized_by_max_fraction
cicids2017_binary,46,rid_8bf0913a12626463db1174068a238121,mlp,shap,joint_donor,dependency_preserving,deletion,1,ATTACK,True,1,ATTACK,1.0,0.9994085205253214,50,0.8652566194339546,0.33100987515081404,0.13370546369705527,0.5342467442831406,0.7315511557368993,0.052783922815428694,0.027227595754295304,0.4808806566047218,1.2522118091583252,1.2968565838336945,-0.044644774675369314,18.4,18.4,trapezoid_from_zero_normalized_by_max_fraction
cicids2017_binary,46,rid_413d94fc3f4d023fcbb5025f54532935,mlp,shap,joint_donor,dependency_preserving,deletion,0,BENIGN,True,0,BENIGN,0.9999988732712382,0.0005903527459167,50,2.7816404758596034e-05,0.029828742337337354,0.05075152505882099,-0.029800925932578756,-0.050723708654062394,0.014546035139623588,0.009687522381812093,-0.04878846980093046,0.8153284192085266,0.8586771719455719,-0.043348752737045304,18.4,18.4,trapezoid_from_zero_normalized_by_max_fraction
cicids2017_binary,46,rid_2d7e85ed2cdb8a5f02ad124caeebe429,mlp,shap,joint_donor,dependency_preserving,deletion,0,BENIGN,True,0,BENIGN,0.9999991190932178,0.0005905985678964,50,0.00040803525945420915,0.02791369788163467,0.04514035171646262,-0.02750566262218046,-0.04473231645700841,0.015837934695588553,0.009532263763109144,-0.04618889959787438,0.30907079577445984,0.13411888615787032,0.17495190961658952,18.4,18.4,trapezoid_from_zero_normalized_by_max_fraction
cicids2017_binary,46,rid_830a74fc8667b1a2e2af223c9d2a2c10,mlp,shap,joint_donor,dependency_preserving,deletion,0,BENIGN,True,0,BENIGN,0.999996375473529,0.0005878549482076,50,0.19987225697468602,0.026718137380466193,0.035687953243851045,0.17315411959421984,0.16418430373083498,0.01274781570221882,0.007912915158325502,0.15764480588390184,0.5618153810501099,0.6219907480478286,-0.06017536699771875,18.4,18.4,trapezoid_from_zero_normalized_by_max_fraction
cicids2017_binary,46,rid_246eaf0c1fac248deb765083c270bbcc,mlp,shap,joint_donor,dependency_preserving,deletion,0,BENIGN,True,0,BENIGN,0.9999818898995728,0.0005733693742513,50,0.04596363748178192,0.05901791658968549,0.05353737413925035,-0.013054279107903577,-0.007573736657468438,0.019994354579153502,0.012859468567409613,-0.03825883750002641,0.03801761567592621,0.0730820236261934,-0.03506440795026719,18.4,18.4,trapezoid_from_zero_normalized_by_max_fraction
cicids2017_binary,46,rid_1326d7841b59c92665d871af5511e3f8,mlp,shap,joint_donor,dependency_preserving,deletion,1,ATTACK,True,1,ATTACK,1.0,0.9994085205253214,50,0.5500004725628433,0.29345319040845336,0.11797887583055607,0.25654728215439004,0.4320215967322873,0.05521942034974295,0.02785347069784567,0.20195447958661253,0.7140642404556274,0.7033085091114045,0.010755731344222919,18.4,18.4,trapezoid_from_zero_normalized_by_max_fraction
cicids2017_binary,46,rid_f4e85fd27b14cf91010e12816d23de82,mlp,shap,joint_donor,dependency_preserving,deletion,1,ATTACK,True,1,ATTACK,1.0,0.9994085205253214,50,0.7615032976620093,0.3302550082391794,0.10058635831864116,0.4312482894228299,0.6609169393433681,0.054833946555144626,0.027810171233184817,0.37674035380578763,1.8364245891571045,1.6334556450843813,0.20296894407272315,18.4,18.4,trapezoid_from_zero_normalized_by_max_fraction
cicids2017_binary,46,rid_5852990d34963aaadad7e90ef9bf633d,mlp,shap,joint_donor,dependency_preserving,deletion,1,ATTACK,True,1,ATTACK,1.0,0.9994085205253214,50,0.6499999841446822,0.2032068394962696,0.1086388634848,0.44679314464841263,0.5413611206598821,0.041995595470046596,0.02358638642766852,0.40056382725018236,1.3361167907714844,1.2799251549243926,0.05619163584709175,18.4,18.4,trapezoid_from_zero_normalized_by_max_fraction
cicids2017_binary,46,rid_91629040875b5b88fe453003d3c24213,mlp,shap,joint_donor,dependency_preserving,deletion,1,ATTACK,True,1,ATTACK,1.0,0.9994085205253214,50,0.7499860063519199,0.38792821035165453,0.2025614346637355,0.3620577960002655,0.5474245716881845,0.05381387976947853,0.02730769025471689,0.30853472310102037,1.3626753091812134,1.295731730699539,0.06694357848167432,18.4,18.4,trapezoid_from_zero_normalized_by_max_fraction
cicids2017_binary,46,rid_ef9fb628d94de42604b08b84713e8ae5,mlp,shap,joint_donor,dependency_preserving,deletion,1,ATTACK,True,1,ATTACK,1.0,0.9994085205253214,50,0.9499991170055072,0.18650516715033377,0.05520122385485918,0.7634939498551735,0.8947978931506482,0.04487210589212876,0.02395897204442408,0.7165343646481023,2.1367974281311035,1.8098679516315461,0.3269294764995574,18.4,18.4,trapezoid_from_zero_normalized_by_max_fraction
cicids2017_binary,46,rid_74105010942e741d7107c797b640545a,mlp,shap,joint_donor,dependency_preserving,deletion,1,ATTACK,True,1,ATTACK,1.0,0.9994085205253214,50,0.7999995526020143,0.15252456424890762,0.09553560094616595,0.6474749883531066,0.7044639516558482,0.04245454442734958,0.02231331461160415,0.6037408917143624,1.6045925617218018,1.4249825372695921,0.17961002445220964,18.4,18.4,trapezoid_from_zero_normalized_by_max_fraction
cicids2017_binary,46,rid_2db54221168e8f586f9c78bb4918b5d4,mlp,shap,joint_donor,dependency_preserving,deletion,0,BENIGN,True,0,BENIGN,0.9999908808276814,0.0005823603023599,50,0.0010351549728056853,0.10015154730667294,0.06011204818342185,-0.09911639233386726,-0.059076893210616155,0.02796156875340318,0.01800402664601631,-0.13440428456005923,0.3923582434654236,0.321369047200773,0.07098919626465061,18.4,18.4,trapezoid_from_zero_normalized_by_max_fraction
cicids2017_binary,46,rid_c11a696fc62e305df7821a36403017a4,mlp,shap,joint_donor,dependency_preserving,deletion,0,BENIGN,True,0,BENIGN,0.9999999999998715,0.0005914794745501,50,0.03529927147134494,0.05307920194702043,0.06545839779987182,-0.017779930475675484,-0.030159126328526874,0.022415703487829907,0.01336683955345343,-0.04397893600044421,1.1279098987579346,0.960966986656189,0.1669429121017456,18.4,18.4,trapezoid_from_zero_normalized_by_max_fraction
cicids2017_binary,46,rid_591657dbc51fa5cba6110e4a2bc0389d,mlp,shap,joint_donor,dependency_preserving,deletion,0,BENIGN,True,0,BENIGN,0.99999999040479,0.0005914698794686,50,0.030071342662504195,0.06216689911171329,0.022641995954348005,-0.0320955564492091,0.007429346708156193,0.02130013333009928,0.012842033895430134,-0.05726594288425216,2.0203592777252197,1.9977933502197263,0.022565927505493466,18.4,18.4,trapezoid_from_zero_normalized_by_max_fraction
cicids2017_binary,46,rid_c37e7f18a6e72502c51b38a935c05fe1,mlp,shap,joint_donor,dependency_preserving,insertion,1,ATTACK,True,1,ATTACK,1.0,0.9994085205253214,50,9.512901306152345e-06,-0.1517684126218307,-0.4037570521387175,0.15177792552313685,0.40376656504002373,0.041726726690588065,0.01933231442533121,0.11388658924948768,2.3212802410125732,1.9175061182975768,0.40377412271499646,18.4,18.4,trapezoid_from_zero_normalized_by_max_fraction
cicids2017_binary,46,rid_37cd12f48d67404f18703652ce8ca9d9,mlp,shap,joint_donor,dependency_preserving,insertion,0,BENIGN,True,0,BENIGN,0.9999620826238242,0.0005535620985028,50,0.9491133030822936,0.5845130173655402,0.6261576770414423,0.36460028571675357,0.32295562604085126,0.06170324873593646,0.02920724611054365,0.307354083340088,0.7851234674453735,0.6917633963823319,0.09336007106304167,18.4,18.4,trapezoid_from_zero_normalized_by_max_fraction
cicids2017_binary,46,rid_8bf0913a12626463db1174068a238121,mlp,shap,joint_donor,dependency_preserving,insertion,1,ATTACK,True,1,ATTACK,1.0,0.9994085205253214,50,-0.09999373505634139,-0.32459571038351553,-0.4510888694291467,0.22460197532717416,0.3510951343728054,0.0592501567221823,0.027601157417534935,0.1705037067888057,1.2522118091583252,1.2968565838336945,-0.044644774675369314,18.4,18.4,trapezoid_from_zero_normalized_by_max_fraction
cicids2017_binary,46,rid_413d94fc3f4d023fcbb5025f54532935,mlp,shap,joint_donor,dependency_preserving,insertion,0,BENIGN,True,0,BENIGN,0.9999988732712382,0.0005903527459167,50,0.6250903658568858,0.6324284261558992,0.648229527265962,-0.007338060299013294,-0.023139161409076098,0.061565456264468424,0.028990327484076286,-0.06415910216780282,0.8153284192085266,0.8586771719455719,-0.043348752737045304,18.4,18.4,trapezoid_from_zero_normalized_by_max_fraction
cicids2017_binary,46,rid_2d7e85ed2cdb8a5f02ad124caeebe429,mlp,shap,joint_donor,dependency_preserving,insertion,0,BENIGN,True,0,BENIGN,0.9999991190932178,0.0005905985678964,50,-0.14555659377190297,-0.3677580449237526,-0.31183555423226483,0.22220145115184964,0.1662789604603619,0.06162209576064729,0.02927532337165541,0.16482181734340504,0.30907079577445984,0.13411888615787032,0.17495190961658952,18.4,18.4,trapezoid_from_zero_normalized_by_max_fraction
cicids2017_binary,46,rid_830a74fc8667b1a2e2af223c9d2a2c10,mlp,shap,joint_donor,dependency_preserving,insertion,0,BENIGN,True,0,BENIGN,0.999996375473529,0.0005878549482076,50,0.7612920825476976,0.5771595452476316,0.7350930374496166,0.184132537300066,0.026199045098081,0.06153558431825027,0.028905921527279742,0.12747693110659772,0.5618153810501099,0.6219907480478286,-0.06017536699771875,18.4,18.4,trapezoid_from_zero_normalized_by_max_fraction
cicids2017_binary,46,rid_246eaf0c1fac248deb765083c270bbcc,mlp,shap,joint_donor,dependency_preserving,insertion,0,BENIGN,True,0,BENIGN,0.9999818898995728,0.0005733693742513,50,-0.1539728729951804,-0.3367204996331698,-0.33501637686786157,0.18274762663798938,0.18104350387268114,0.05897929339476618,0.028453561430292026,0.12697864623461702,0.03801761567592621,0.0730820236261934,-0.03506440795026719,18.4,18.4,trapezoid_from_zero_normalized_by_max_fraction
cicids2017_binary,46,rid_1326d7841b59c92665d871af5511e3f8,mlp,shap,joint_donor,dependency_preserving,insertion,1,ATTACK,True,1,ATTACK,1.0,0.9994085205253214,50,-0.0025916755199432377,-0.3585223048941841,-0.48307431436358633,0.35593062937424086,0.48048263884364306,0.05995173427624393,0.02810241504904,0.30084989587812244,0.7140642404556274,0.7033085091114045,0.010755731344222919,18.4,18.4,trapezoid_from_zero_normalized_by_max_fraction
cicids2017_binary,46,rid_f4e85fd27b14cf91010e12816d23de82,mlp,shap,joint_donor,dependency_preserving,insertion,1,ATTACK,True,1,ATTACK,1.0,0.9994085205253214,50,0.9499895029764958,0.7415280265737548,0.5655555017689793,0.20846147640274082,0.3844340012075164,0.04771918966706358,0.021943975663924323,0.16545128410144916,1.8364245891571045,1.6334556450843813,0.20296894407272315,18.4,18.4,trapezoid_from_zero_normalized_by_max_fraction
cicids2017_binary,46,rid_5852990d34963aaadad7e90ef9bf633d,mlp,shap,joint_donor,dependency_preserving,insertion,1,ATTACK,True,1,ATTACK,1.0,0.9994085205253214,50,2.302229404449463e-05,-0.374733416890593,-0.46383812825020476,0.3747564391846375,0.46386115054424926,0.060298114202010075,0.02815855045302968,0.31956568029669935,1.3361167907714844,1.2799251549243926,0.05619163584709175,18.4,18.4,trapezoid_from_zero_normalized_by_max_fraction
cicids2017_binary,46,rid_91629040875b5b88fe453003d3c24213,mlp,shap,joint_donor,dependency_preserving,insertion,1,ATTACK,True,1,ATTACK,1.0,0.9994085205253214,50,4.3600797653198246e-06,-0.353592682729681,-0.49744181172063684,0.35359704280944626,0.4974461718004022,0.055818783677247866,0.02620102801249781,0.30224302790495056,1.3626753091812134,1.295731730699539,0.06694357848167432,18.4,18.4,trapezoid_from_zero_normalized_by_max_fraction
cicids2017_binary,46,rid_ef9fb628d94de42604b08b84713e8ae5,mlp,shap,joint_donor,dependency_preserving,insertion,1,ATTACK,True,1,ATTACK,1.0,0.9994085205253214,50,0.0,-0.20577113438427655,-0.3858345609361091,0.20577113438427655,0.3858345609361091,0.047509214046986256,0.021708771381627294,0.16322194247628705,2.1367974281311035,1.8098679516315461,0.3269294764995574,18.4,18.4,trapezoid_from_zero_normalized_by_max_fraction
cicids2017_binary,46,rid_74105010942e741d7107c797b640545a,mlp,shap,joint_donor,dependency_preserving,insertion,1,ATTACK,True,1,ATTACK,1.0,0.9994085205253214,50,4.470348358154297e-07,-0.33469869777269234,-0.47581131881998556,0.3346991448075281,0.4758117658548214,0.058347092663621716,0.02710368952523337,0.2815759133380707,1.6045925617218018,1.4249825372695921,0.17961002445220964,18.4,18.4,trapezoid_from_zero_normalized_by_max_fraction
cicids2017_binary,46,rid_2db54221168e8f586f9c78bb4918b5d4,mlp,shap,joint_donor,dependency_preserving,insertion,0,BENIGN,True,0,BENIGN,0.9999908808276814,0.0005823603023599,50,-0.4639658450035995,-0.2434833015577736,-0.3022116714529458,-0.2204825434458259,-0.1617541735506537,0.04860872122823841,0.024452007444918523,-0.2684084780378662,0.3923582434654236,0.321369047200773,0.07098919626465061,18.4,18.4,trapezoid_from_zero_normalized_by_max_fraction
cicids2017_binary,46,rid_c11a696fc62e305df7821a36403017a4,mlp,shap,joint_donor,dependency_preserving,insertion,0,BENIGN,True,0,BENIGN,0.9999999999998715,0.0005914794745501,50,-0.3044079084909878,-0.3357061012834204,-0.3925270674578135,0.03129819279243258,0.08811915896682573,0.06148333140608728,0.029120493746718767,-0.0257779749511362,1.1279098987579346,0.960966986656189,0.1669429121017456,18.4,18.4,trapezoid_from_zero_normalized_by_max_fraction
cicids2017_binary,46,rid_591657dbc51fa5cba6110e4a2bc0389d,mlp,shap,joint_donor,dependency_preserving,insertion,0,BENIGN,True,0,BENIGN,0.99999999040479,0.0005914698794686,50,0.9499960961511493,0.7352183093339133,0.7324646560828629,0.21477778681723608,0.2175314400682865,0.04722532614198413,0.022473342620160465,0.17073003528172156,2.0203592777252197,1.9977933502197263,0.022565927505493466,18.4,18.4,trapezoid_from_zero_normalized_by_max_fraction
cicids2017_binary,46,rid_c37e7f18a6e72502c51b38a935c05fe1,mlp,shap,target_class_donor,dependency_preserving_conditional_on_class,deletion,1,ATTACK,True,1,ATTACK,1.0,0.9994085205253214,50,0.5999812510239672,0.16379047421785964,0.010466708809137346,0.43619077680610746,0.5895145422148298,0.03511044051644307,0.020974615706492915,0.3950805300213813,0.7015995383262634,0.5135743063092232,0.18802523201704024,18.4,18.4,trapezoid_from_zero_normalized_by_max_fraction
cicids2017_binary,46,rid_37cd12f48d67404f18703652ce8ca9d9,mlp,shap,target_class_donor,dependency_preserving_conditional_on_class,deletion,0,BENIGN,True,0,BENIGN,0.9999620826238242,0.0005535620985028,50,0.0030474453521037504,0.0014786266050030193,0.0034387152937094705,0.0015688187471007311,-0.00039126994160572056,0.0009472430771429539,0.0006498468399392789,0.0002951189408197446,0.09092872589826584,0.025882413359358907,0.06504631253890693,18.4,18.4,trapezoid_from_zero_normalized_by_max_fraction
cicids2017_binary,46,rid_8bf0913a12626463db1174068a238121,mlp,shap,target_class_donor,dependency_preserving_conditional_on_class,deletion,1,ATTACK,True,1,ATTACK,1.0,0.9994085205253214,50,0.6499999909967482,0.210445617805788,0.04232002414553812,0.43955437319096013,0.6076799668512101,0.05034596156594284,0.024778747696071333,0.3909880277066603,1.2439239025115967,1.300740651369095,-0.05681674885749821,18.4,18.4,trapezoid_from_zero_normalized_by_max_fraction
cicids2017_binary,46,rid_413d94fc3f4d023fcbb5025f54532935,mlp,shap,target_class_donor,dependency_preserving_conditional_on_class,deletion,0,BENIGN,True,0,BENIGN,0.9999988732712382,0.0005903527459167,50,5.509586316065906e-07,0.00229627269055541,0.009028190791079636,-0.0022957217319238034,-0.00902763983244803,0.0017209967753580686,0.0011644450290945168,-0.004578033988949057,1.462030053138733,1.7742198605537414,-0.31218980741500846,18.4,18.4,trapezoid_from_zero_normalized_by_max_fraction
cicids2017_binary,46,rid_2d7e85ed2cdb8a5f02ad124caeebe429,mlp,shap,target_class_donor,dependency_preserving_conditional_on_class,deletion,0,BENIGN,True,0,BENIGN,0.9999991190932178,0.0005905985678964,50,9.810589119751967e-06,0.00142598705086147,0.002099293813409882,-0.001416176461741718,-0.00208948322429013,0.0007792473647301012,0.0005673791865884564,-0.0025282396674550928,0.25835174322128296,0.0841620142608881,0.17418972896039486,18.4,18.4,trapezoid_from_zero_normalized_by_max_fraction
cicids2017_binary,46,rid_830a74fc8667b1a2e2af223c9d2a2c10,mlp,shap,target_class_donor,dependency_preserving_conditional_on_class,deletion,0,BENIGN,True,0,BENIGN,0.999996375473529,0.0005878549482076,50,2.324778506590519e-07,0.0022284321869132694,0.008157906985485928,-0.0022281997090626104,-0.008157674507635267,0.0020406379887543263,0.001804359188785792,-0.005764743719082763,0.4263179898262024,0.34828817486763,0.07802981495857242,18.4,18.4,trapezoid_from_zero_normalized_by_max_fraction
cicids2017_binary,46,rid_246eaf0c1fac248deb765083c270bbcc,mlp,shap,target_class_donor,dependency_preserving_conditional_on_class,deletion,0,BENIGN,True,0,BENIGN,0.9999818898995728,0.0005733693742513,50,0.012692521222425058,0.0008146980909068492,0.004784614104923818,0.011877823131518207,0.00790790711750124,0.0005846901299268338,0.0004840555768833547,0.010929074200826831,0.1193084716796875,0.11608589328080417,0.003222578398883333,18.4,18.4,trapezoid_from_zero_normalized_by_max_fraction
cicids2017_binary,46,rid_1326d7841b59c92665d871af5511e3f8,mlp,shap,target_class_donor,dependency_preserving_conditional_on_class,deletion,1,ATTACK,True,1,ATTACK,1.0,0.9994085205253214,50,0.4999998472226701,0.14271443599079922,0.07618967474877532,0.35728541123187085,0.42381017247389474,0.04233402107914909,0.022483135655956915,0.3132184653461953,0.4559362828731537,0.42287875616550447,0.03305752670764922,18.4,18.4,trapezoid_from_zero_normalized_by_max_fraction
cicids2017_binary,46,rid_f4e85fd27b14cf91010e12816d23de82,mlp,shap,target_class_donor,dependency_preserving_conditional_on_class,deletion,1,ATTACK,True,1,ATTACK,1.0,0.9994085205253214,50,0.8651320725413406,0.09703121351379015,0.025851225439466365,0.7681008590275504,0.8392808471018742,0.033624043953445634,0.018104343231321433,0.7326163462941604,1.6461375951766968,1.398819127559662,0.2473184676170348,18.4,18.4,trapezoid_from_zero_normalized_by_max_fraction
cicids2017_binary,46,rid_5852990d34963aaadad7e90ef9bf633d,mlp,shap,target_class_donor,dependency_preserving_conditional_on_class,deletion,1,ATTACK,True,1,ATTACK,1.0,0.9994085205253214,50,0.5541990124148205,0.28615413706740317,0.03292057635508536,0.2680448753474174,0.5212784360597352,0.051893932516266256,0.026948928347334873,0.21522497578664104,1.6217210292816162,1.5483795006275178,0.07334152865409838,18.4,18.4,trapezoid_from_zero_normalized_by_max_fraction
cicids2017_binary,46,rid_91629040875b5b88fe453003d3c24213,mlp,shap,target_class_donor,dependency_preserving_conditional_on_class,deletion,1,ATTACK,True,1,ATTACK,1.0,0.9994085205253214,50,0.4499980338807203,0.19336281351249812,0.09838738550179255,0.2566352203682222,0.35161064837892775,0.047684178762082516,0.023921661781007044,0.20974876327744843,1.353050708770752,1.3978372499942782,-0.04478654122352621,18.4,18.4,trapezoid_from_zero_normalized_by_max_fraction
cicids2017_binary,46,rid_ef9fb628d94de42604b08b84713e8ae5,mlp,shap,target_class_donor,dependency_preserving_conditional_on_class,deletion,1,ATTACK,True,1,ATTACK,1.0,0.9994085205253214,50,0.5499981781428537,0.16337822903574967,0.021244741054251788,0.38661994910710396,0.5287534370886019,0.04619974214438501,0.023048712860418798,0.3414444719006831,2.1546883583068848,1.851365393161774,0.3033229651451108,18.4,18.4,trapezoid_from_zero_normalized_by_max_fraction
cicids2017_binary,46,rid_74105010942e741d7107c797b640545a,mlp,shap,target_class_donor,dependency_preserving_conditional_on_class,deletion,1,ATTACK,True,1,ATTACK,1.0,0.9994085205253214,50,0.49771628793349154,0.2070341221097343,0.01918991086445749,0.2906821658237572,0.47852637706903406,0.046263020398686606,0.025057559163221586,0.24156934986384293,0.4422353208065033,0.529003340303898,-0.08676801949739466,18.4,18.4,trapezoid_from_zero_normalized_by_max_fraction
cicids2017_binary,46,rid_2db54221168e8f586f9c78bb4918b5d4,mlp,shap,target_class_donor,dependency_preserving_conditional_on_class,deletion,0,BENIGN,True,0,BENIGN,0.9999908808276814,0.0005823603023599,50,7.487807708912443e-05,0.0005741727963643607,0.004259305474995128,-0.0004992947192752362,-0.004184427397906004,0.0003821367999254548,0.0002408537495109759,-0.000971368068316749,0.41477450728416443,0.3374854300618172,0.07728907722234724,18.4,18.4,trapezoid_from_zero_normalized_by_max_fraction
cicids2017_binary,46,rid_c11a696fc62e305df7821a36403017a4,mlp,shap,target_class_donor,dependency_preserving_conditional_on_class,deletion,0,BENIGN,True,0,BENIGN,0.9999999999998715,0.0005914794745501,50,0.0017318817660717245,0.0024621420812789997,0.0035525783394108556,-0.0007302603152072749,-0.0018206965733391313,0.0013754820011276747,0.0008315658381037632,-0.002360129357890651,1.127725601196289,0.9681308970451354,0.15959470415115362,18.4,18.4,trapezoid_from_zero_normalized_by_max_fraction
cicids2017_binary,46,rid_591657dbc51fa5cba6110e4a2bc0389d,mlp,shap,target_class_donor,dependency_preserving_conditional_on_class,deletion,0,BENIGN,True,0,BENIGN,0.99999999040479,0.0005914698794686,50,0.002856121095303532,0.019601094949533212,0.011842593489879386,-0.01674497385422968,-0.008986472394575853,0.009891870403905299,0.0068325223386480095,-0.03013671763797978,1.3011729717254639,1.4343786709308624,-0.1332056992053985,18.4,18.4,trapezoid_from_zero_normalized_by_max_fraction
cicids2017_binary,46,rid_c37e7f18a6e72502c51b38a935c05fe1,mlp,shap,target_class_donor,dependency_preserving_conditional_on_class,insertion,1,ATTACK,True,1,ATTACK,1.0,0.9994085205253214,50,0.0,-0.005165192222921178,-0.1305461882971296,0.005165192222921178,0.1305461882971296,0.0029188304010068773,0.0029039306728850666,-0.0005265118959335525,0.7015995383262634,0.5135743063092232,0.18802523201704024,18.4,18.4,trapezoid_from_zero_normalized_by_max_fraction
cicids2017_binary,46,rid_37cd12f48d67404f18703652ce8ca9d9,mlp,shap,target_class_donor,dependency_preserving_conditional_on_class,insertion,0,BENIGN,True,0,BENIGN,0.9999620826238242,0.0005535620985028,50,-7.561780569176335e-05,-0.006805506420200012,-0.008328801187755516,0.006729888614508249,0.008253183382063753,0.006212437836001521,0.0037550436532382894,-0.0006299969458387986,0.09092872589826584,0.025882413359358907,0.06504631253890693,18.4,18.4,trapezoid_from_zero_normalized_by_max_fraction
cicids2017_binary,46,rid_8bf0913a12626463db1174068a238121,mlp,shap,target_class_donor,dependency_preserving_conditional_on_class,insertion,1,ATTACK,True,1,ATTACK,1.0,0.9994085205253214,50,4.020333290100098e-06,-0.06669669776765091,-0.0903045407788896,0.066700718100941,0.09030856111217969,0.028293401759268373,0.015134704195439863,0.03703669787787887,1.2439239025115967,1.300740651369095,-0.05681674885749821,18.4,18.4,trapezoid_from_zero_normalized_by_max_fraction
cicids2017_binary,46,rid_413d94fc3f4d023fcbb5025f54532935,mlp,shap,target_class_donor,dependency_preserving_conditional_on_class,insertion,0,BENIGN,True,0,BENIGN,0.9999988732712382,0.0005903527459167,50,-2.17945667739472e-05,-0.003801911226995431,-0.013314282753138833,0.0037801166602214843,0.013292488186364885,0.0035305676404328327,0.002252416037966287,-0.0006346187741924384,1.462030053138733,1.7742198605537414,-0.31218980741500846,18.4,18.4,trapezoid_from_zero_normalized_by_max_fraction
cicids2017_binary,46,rid_2d7e85ed2cdb8a5f02ad124caeebe429,mlp,shap,target_class_donor,dependency_preserving_conditional_on_class,insertion,0,BENIGN,True,0,BENIGN,0.9999991190932178,0.0005905985678964,50,-1.6973112155937998e-05,-0.005755652350491076,-0.008135523525220796,0.005738679238335138,0.008118550413064859,0.0047050652268161245,0.003354762651921954,-0.0008366555594318918,0.25835174322128296,0.0841620142608881,0.17418972896039486,18.4,18.4,trapezoid_from_zero_normalized_by_max_fraction
cicids2017_binary,46,rid_830a74fc8667b1a2e2af223c9d2a2c10,mlp,shap,target_class_donor,dependency_preserving_conditional_on_class,insertion,0,BENIGN,True,0,BENIGN,0.999996375473529,0.0005878549482076,50,-0.0022440824915520353,-0.007583768460625919,-0.007126946365972178,0.005339685969073883,0.004882863874420143,0.006847636168868727,0.00539494684570926,-0.005234409848516266,0.4263179898262024,0.34828817486763,0.07802981495857242,18.4,18.4,trapezoid_from_zero_normalized_by_max_fraction
cicids2017_binary,46,rid_246eaf0c1fac248deb765083c270bbcc,mlp,shap,target_class_donor,dependency_preserving_conditional_on_class,insertion,0,BENIGN,True,0,BENIGN,0.9999818898995728,0.0005733693742513,50,-1.309491879055713e-05,-0.007533681077355069,-0.005300290113490572,0.0075205861585645115,0.005287195194700015,0.006753890884222451,0.004057937886971771,-0.00043297209990015954,0.1193084716796875,0.11608589328080417,0.003222578398883333,18.4,18.4,trapezoid_from_zero_normalized_by_max_fraction
cicids2017_binary,46,rid_1326d7841b59c92665d871af5511e3f8,mlp,shap,target_class_donor,dependency_preserving_conditional_on_class,insertion,1,ATTACK,True,1,ATTACK,1.0,0.9994085205253214,50,0.0,-0.134738773237091,-0.126767139624202,0.134738773237091,0.126767139624202,0.04292839285771347,0.020209924935296254,0.09512732036391033,0.4559362828731537,0.42287875616550447,0.03305752670764922,18.4,18.4,trapezoid_from_zero_normalized_by_max_fraction
cicids2017_binary,46,rid_f4e85fd27b14cf91010e12816d23de82,mlp,shap,target_class_donor,dependency_preserving_conditional_on_class,insertion,1,ATTACK,True,1,ATTACK,1.0,0.9994085205253214,50,0.0,-0.0361449662532832,-0.09802426157541913,0.0361449662532832,0.09802426157541913,0.01948549818597259,0.010197733103912221,0.016157409369615246,1.6461375951766968,1.398819127559662,0.2473184676170348,18.4,18.4,trapezoid_from_zero_normalized_by_max_fraction
cicids2017_binary,46,rid_5852990d34963aaadad7e90ef9bf633d,mlp,shap,target_class_donor,dependency_preserving_conditional_on_class,insertion,1,ATTACK,True,1,ATTACK,1.0,0.9994085205253214,50,2.5480985641479492e-06,-0.027453671025501534,-0.13673433438740948,0.027456219124065682,0.13673688248597363,0.02012482695190013,0.009358751177562756,0.009113066816042681,1.6217210292816162,1.5483795006275178,0.07334152865409838,18.4,18.4,trapezoid_from_zero_normalized_by_max_fraction
cicids2017_binary,46,rid_91629040875b5b88fe453003d3c24213,mlp,shap,target_class_donor,dependency_preserving_conditional_on_class,insertion,1,ATTACK,True,1,ATTACK,1.0,0.9994085205253214,50,0.0,-0.05723393457526152,-0.1071073561761075,0.05723393457526152,0.1071073561761075,0.027120985734891297,0.015216458349418774,0.027409676210400722,1.353050708770752,1.3978372499942782,-0.04478654122352621,18.4,18.4,trapezoid_from_zero_normalized_by_max_fraction
cicids2017_binary,46,rid_ef9fb628d94de42604b08b84713e8ae5,mlp,shap,target_class_donor,dependency_preserving_conditional_on_class,insertion,1,ATTACK,True,1,ATTACK,1.0,0.9994085205253214,50,1.698732376098633e-07,-0.011713505124933816,-0.10264277911445789,0.011713674998171428,0.10264294898769549,0.006552428268277522,0.004741169200452118,0.002420983365285276,2.1546883583068848,1.851365393161774,0.3033229651451108,18.4,18.4,trapezoid_from_zero_normalized_by_max_fraction
cicids2017_binary,46,rid_74105010942e741d7107c797b640545a,mlp,shap,target_class_donor,dependency_preserving_conditional_on_class,insertion,1,ATTACK,True,1,ATTACK,1.0,0.9994085205253214,50,-8.58306884765625e-07,-0.019685179511929163,-0.07503875958325515,0.019684321205044396,0.07503790127637038,0.014723212094107103,0.00919695399436667,0.0016582913760857243,0.4422353208065033,0.529003340303898,-0.08676801949739466,18.4,18.4,trapezoid_from_zero_normalized_by_max_fraction
cicids2017_binary,46,rid_2db54221168e8f586f9c78bb4918b5d4,mlp,shap,target_class_donor,dependency_preserving_conditional_on_class,insertion,0,BENIGN,True,0,BENIGN,0.9999908808276814,0.0005823603023599,50,-4.5190770993031035e-05,-0.001715886989742607,-0.012134020166176016,0.001670696218749576,0.012088829395182984,0.0011791362097141361,0.0009100733295557794,-0.00011304750717975177,0.41477450728416443,0.3374854300618172,0.07728907722234724,18.4,18.4,trapezoid_from_zero_normalized_by_max_fraction
cicids2017_binary,46,rid_c11a696fc62e305df7821a36403017a4,mlp,shap,target_class_donor,dependency_preserving_conditional_on_class,insertion,0,BENIGN,True,0,BENIGN,0.9999999999998715,0.0005914794745501,50,2.662479477848478e-05,-0.016882128506130557,-0.006610910651965986,0.01690875330090904,0.006637535446744471,0.01173343754896648,0.0068720557314049385,0.0034395240673553602,1.127725601196289,0.9681308970451354,0.15959470415115362,18.4,18.4,trapezoid_from_zero_normalized_by_max_fraction
cicids2017_binary,46,rid_591657dbc51fa5cba6110e4a2bc0389d,mlp,shap,target_class_donor,dependency_preserving_conditional_on_class,insertion,0,BENIGN,True,0,BENIGN,0.99999999040479,0.0005914698794686,50,1.597252705636265e-05,-0.04219518942827863,-0.032768285339418605,0.04221116195533499,0.03278425786647497,0.019355327636995538,0.010336456563317102,0.02195170709123347,1.3011729717254639,1.4343786709308624,-0.1332056992053985,18.4,18.4,trapezoid_from_zero_normalized_by_max_fraction
cicids2017_binary,46,rid_c37e7f18a6e72502c51b38a935c05fe1,mlp,shap,conditional_gaussian_mean,conditional_on_retained_coordinates,deletion,1,ATTACK,True,1,ATTACK,1.0,0.9994085205253214,50,0.0,0.0,0.0,0.0,0.0,0.0,0.0,0.0,1.9628121852874756,1.5115831556320192,0.4512290296554564,18.4,18.4,trapezoid_from_zero_normalized_by_max_fraction
cicids2017_binary,46,rid_37cd12f48d67404f18703652ce8ca9d9,mlp,shap,conditional_gaussian_mean,conditional_on_retained_coordinates,deletion,0,BENIGN,True,0,BENIGN,0.9999620826238242,0.0005535620985028,50,-1.4603944191549089e-05,4.079051705048194e-07,6.5406993335273e-06,-1.5011849362053906e-05,-2.1144643525076393e-05,3.646319870467761e-06,1.9661596174755525e-06,-1.8865522212305987e-05,0.6708258390426636,0.44875785380601885,0.22206798523664473,18.4,18.4,trapezoid_from_zero_normalized_by_max_fraction
cicids2017_binary,46,rid_8bf0913a12626463db1174068a238121,mlp,shap,conditional_gaussian_mean,conditional_on_retained_coordinates,deletion,1,ATTACK,True,1,ATTACK,1.0,0.9994085205253214,50,0.0,0.0,0.0,0.0,0.0,0.0,0.0,0.0,0.9457842707633972,0.944859249830246,0.0009250209331511661,18.4,18.4,trapezoid_from_zero_normalized_by_max_fraction
cicids2017_binary,46,rid_413d94fc3f4d023fcbb5025f54532935,mlp,shap,conditional_gaussian_mean,conditional_on_retained_coordinates,deletion,0,BENIGN,True,0,BENIGN,0.9999988732712382,0.0005903527459167,50,2.5712888657380977e-06,7.026346440568433e-06,7.6012022882139275e-06,-4.455057574830335e-06,-5.029913422475829e-06,1.8675827557936584e-06,1.4598811147644732e-06,-7.316424559768702e-06,0.5661183595657349,0.3979996334910393,0.16811872607469558,18.4,18.4,trapezoid_from_zero_normalized_by_max_fraction
cicids2017_binary,46,rid_2d7e85ed2cdb8a5f02ad124caeebe429,mlp,shap,conditional_gaussian_mean,conditional_on_retained_coordinates,deletion,0,BENIGN,True,0,BENIGN,0.9999991190932178,0.0005905985678964,50,9.495263896042161e-06,3.5741499017660772e-06,6.6028512883349315e-06,5.921113994276083e-06,2.8924126077072286e-06,6.660998004436117e-07,4.4500258071576816e-07,5.048908936073178e-06,0.5652875304222107,0.39948076051473624,0.16580676990747445,18.4,18.4,trapezoid_from_zero_normalized_by_max_fraction
cicids2017_binary,46,rid_830a74fc8667b1a2e2af223c9d2a2c10,mlp,shap,conditional_gaussian_mean,conditional_on_retained_coordinates,deletion,0,BENIGN,True,0,BENIGN,0.999996375473529,0.0005878549482076,50,9.86729762644245e-06,5.056741534644971e-06,3.6488812399966267e-06,4.810556091797479e-06,6.218416386445824e-06,9.560633635717117e-07,5.888229005064797e-07,3.656463206804779e-06,0.38830113410949707,0.3313527218699456,0.056948412239551494,18.4,18.4,trapezoid_from_zero_normalized_by_max_fraction
cicids2017_binary,46,rid_246eaf0c1fac248deb765083c270bbcc,mlp,shap,conditional_gaussian_mean,conditional_on_retained_coordinates,deletion,0,BENIGN,True,0,BENIGN,0.9999818898995728,0.0005733693742513,50,0.009028287715136685,1.44853242645695e-05,1.5509195126469422e-05,0.009013802390872116,0.009012778520010215,3.4409924067495936e-06,1.8156725336478083e-06,0.009010243672706166,0.5027130246162415,0.38730181044340134,0.11541121417284012,18.4,18.4,trapezoid_from_zero_normalized_by_max_fraction
cicids2017_binary,46,rid_1326d7841b59c92665d871af5511e3f8,mlp,shap,conditional_gaussian_mean,conditional_on_retained_coordinates,deletion,1,ATTACK,True,1,ATTACK,1.0,0.9994085205253214,50,0.0,1.417529582977295e-05,0.0,-1.417529582977295e-05,0.0,1.4175295829772941e-05,1.4174938206415691e-05,-4.1958174714347706e-05,1.3996481895446777,1.2966481707096098,0.10300001883506793,18.4,18.4,trapezoid_from_zero_normalized_by_max_fraction
cicids2017_binary,46,rid_f4e85fd27b14cf91010e12816d23de82,mlp,shap,conditional_gaussian_mean,conditional_on_retained_coordinates,deletion,1,ATTACK,True,1,ATTACK,1.0,0.9994085205253214,50,0.0,0.0,3.0994415283203128e-09,0.0,-3.0994415283203128e-09,0.0,0.0,0.0,1.3718093633651733,1.1466355419158936,0.22517382144927978,18.4,18.4,trapezoid_from_zero_normalized_by_max_fraction
cicids2017_binary,46,rid_5852990d34963aaadad7e90ef9bf633d,mlp,shap,conditional_gaussian_mean,conditional_on_retained_coordinates,deletion,1,ATTACK,True,1,ATTACK,1.0,0.9994085205253214,50,0.0,0.0,0.0,0.0,0.0,0.0,0.0,0.0,1.3673956394195557,1.2572068920135497,0.11018874740600593,18.4,18.4,trapezoid_from_zero_normalized_by_max_fraction
cicids2017_binary,46,rid_91629040875b5b88fe453003d3c24213,mlp,shap,conditional_gaussian_mean,conditional_on_retained_coordinates,deletion,1,ATTACK,True,1,ATTACK,1.0,0.9994085205253214,50,0.0,4.68665361404419e-06,1.9823312759399416e-06,-4.68665361404419e-06,-1.9823312759399416e-06,3.2440377421431355e-06,3.168728588208516e-06,-1.089736164693288e-05,1.0930997133255005,1.0388873598575592,0.05421235346794129,18.4,18.4,trapezoid_from_zero_normalized_by_max_fraction
cicids2017_binary,46,rid_ef9fb628d94de42604b08b84713e8ae5,mlp,shap,conditional_gaussian_mean,conditional_on_retained_coordinates,deletion,1,ATTACK,True,1,ATTACK,1.0,0.9994085205253214,50,0.0,0.0,0.0,0.0,0.0,0.0,0.0,0.0,1.8545663356781006,1.4019047319889069,0.4526616036891937,18.4,18.4,trapezoid_from_zero_normalized_by_max_fraction
cicids2017_binary,46,rid_74105010942e741d7107c797b640545a,mlp,shap,conditional_gaussian_mean,conditional_on_retained_coordinates,deletion,1,ATTACK,True,1,ATTACK,1.0,0.9994085205253214,50,0.0,6.079673767089844e-09,9.5367431640625e-10,-6.079673767089844e-09,-9.5367431640625e-10,4.774135278763777e-09,3.853614300547746e-09,-1.3632757796163426e-08,1.345342993736267,1.2327634091377258,0.11257958459854134,18.4,18.4,trapezoid_from_zero_normalized_by_max_fraction
cicids2017_binary,46,rid_2db54221168e8f586f9c78bb4918b5d4,mlp,shap,conditional_gaussian_mean,conditional_on_retained_coordinates,deletion,0,BENIGN,True,0,BENIGN,0.9999908808276814,0.0005823603023599,50,3.375210189915379e-06,9.002068180507194e-06,1.4618718217661808e-05,-5.626857990591816e-06,-1.124350802774643e-05,3.047148742051578e-06,1.9395733176273957e-06,-9.428421693141511e-06,0.36728304624557495,0.3110622348189354,0.05622081142663954,18.4,18.4,trapezoid_from_zero_normalized_by_max_fraction
cicids2017_binary,46,rid_c11a696fc62e305df7821a36403017a4,mlp,shap,conditional_gaussian_mean,conditional_on_retained_coordinates,deletion,0,BENIGN,True,0,BENIGN,0.9999999999998715,0.0005914794745501,50,5.419375448401098e-10,8.531193980842678e-05,0.004019462888792597,-8.531139787088195e-05,-0.004019462346855052,5.3445212744292995e-05,5.3194420749604665e-05,-0.0001895724625401071,0.8224080204963684,0.6773580734729767,0.1450499470233917,18.4,18.4,trapezoid_from_zero_normalized_by_max_fraction
cicids2017_binary,46,rid_591657dbc51fa5cba6110e4a2bc0389d,mlp,shap,conditional_gaussian_mean,conditional_on_retained_coordinates,deletion,0,BENIGN,True,0,BENIGN,0.99999999040479,0.0005914698794686,50,-7.620978587086214e-09,4.766820274990646e-07,1.4489384929609052e-06,-4.843030060861507e-07,-1.4565594715479914e-06,2.6727785205309265e-07,1.6481051909298676e-07,-8.073316235084048e-07,1.949070930480957,1.8738850111961363,0.07518591928482077,18.4,18.4,trapezoid_from_zero_normalized_by_max_fraction
cicids2017_binary,46,rid_c37e7f18a6e72502c51b38a935c05fe1,mlp,shap,conditional_gaussian_mean,conditional_on_retained_coordinates,insertion,1,ATTACK,True,1,ATTACK,1.0,0.9994085205253214,50,0.0007852107286453248,0.0007852107286453248,-0.007184649576433003,0.0,0.007969860305078328,0.0,0.0,0.0,1.9628121852874756,1.5115831556320192,0.4512290296554564,18.4,18.4,trapezoid_from_zero_normalized_by_max_fraction
cicids2017_binary,46,rid_37cd12f48d67404f18703652ce8ca9d9,mlp,shap,conditional_gaussian_mean,conditional_on_retained_coordinates,insertion,0,BENIGN,True,0,BENIGN,0.9999620826238242,0.0005535620985028,50,0.949122078975779,0.9392321309505566,0.8611643682495647,0.00988994802522245,0.08795771072621439,0.00682003723203077,0.004936651707906246,0.00021411067772620848,0.6708258390426636,0.44875785380601885,0.22206798523664473,18.4,18.4,trapezoid_from_zero_normalized_by_max_fraction
cicids2017_binary,46,rid_8bf0913a12626463db1174068a238121,mlp,shap,conditional_gaussian_mean,conditional_on_retained_coordinates,insertion,1,ATTACK,True,1,ATTACK,1.0,0.9994085205253214,50,0.0007636040449142457,0.0007177482843399047,-0.007884206232847647,4.585576057434081e-05,0.008647810277761892,5.6046960588838946e-05,5.1015829558804305e-05,-5.4135265360915624e-05,0.9457842707633972,0.944859249830246,0.0009250209331511661,18.4,18.4,trapezoid_from_zero_normalized_by_max_fraction
cicids2017_binary,46,rid_413d94fc3f4d023fcbb5025f54532935,mlp,shap,conditional_gaussian_mean,conditional_on_retained_coordinates,insertion,0,BENIGN,True,0,BENIGN,0.9999988732712382,0.0005903527459167,50,0.9492072347126395,0.9010076982948511,0.8315429821231973,0.04819953641778845,0.11766425258944226,0.016050621707899112,0.009881216752874261,0.0288323515821549,0.5661183595657349,0.3979996334910393,0.16811872607469558,18.4,18.4,trapezoid_from_zero_normalized_by_max_fraction
cicids2017_binary,46,rid_2d7e85ed2cdb8a5f02ad124caeebe429,mlp,shap,conditional_gaussian_mean,conditional_on_retained_coordinates,insertion,0,BENIGN,True,0,BENIGN,0.9999991190932178,0.0005905985678964,50,0.9492104131162706,0.8662645474224323,0.8525782579434933,0.08294586569383819,0.09663215517277715,0.020277421850148383,0.012333764413801348,0.058771687442787546,0.5652875304222107,0.39948076051473624,0.16580676990747445,18.4,18.4,trapezoid_from_zero_normalized_by_max_fraction
cicids2017_binary,46,rid_830a74fc8667b1a2e2af223c9d2a2c10,mlp,shap,conditional_gaussian_mean,conditional_on_retained_coordinates,insertion,0,BENIGN,True,0,BENIGN,0.999996375473529,0.0005878549482076,50,0.9491988987343121,0.8830945187485456,0.827275170599738,0.06610437998576642,0.12192372813457406,0.014653225959409953,0.010392811259342662,0.0457344699174548,0.38830113410949707,0.3313527218699456,0.056948412239551494,18.4,18.4,trapezoid_from_zero_normalized_by_max_fraction
cicids2017_binary,46,rid_246eaf0c1fac248deb765083c270bbcc,mlp,shap,conditional_gaussian_mean,conditional_on_retained_coordinates,insertion,0,BENIGN,True,0,BENIGN,0.9999818898995728,0.0005733693742513,50,0.9491949526319331,0.9218565194014204,0.8056961177640696,0.027338433230512698,0.1434988348678635,0.009867889111760899,0.006967282497674289,0.013682559535071092,0.5027130246162415,0.38730181044340134,0.11541121417284012,18.4,18.4,trapezoid_from_zero_normalized_by_max_fraction
cicids2017_binary,46,rid_1326d7841b59c92665d871af5511e3f8,mlp,shap,conditional_gaussian_mean,conditional_on_retained_coordinates,insertion,1,ATTACK,True,1,ATTACK,1.0,0.9994085205253214,50,0.0007852107286453248,-0.0017122441530227665,-0.04050236789617782,0.002497454881668091,0.04128757862482314,0.0016292702441570801,0.0016292096510246521,-0.0006957960343402271,1.3996481895446777,1.2966481707096098,0.10300001883506793,18.4,18.4,trapezoid_from_zero_normalized_by_max_fraction
cicids2017_binary,46,rid_f4e85fd27b14cf91010e12816d23de82,mlp,shap,conditional_gaussian_mean,conditional_on_retained_coordinates,insertion,1,ATTACK,True,1,ATTACK,1.0,0.9994085205253214,50,0.0007852107286453248,-0.00128481425344944,-0.012907369037216995,0.0020700249820947646,0.01369257976586232,0.0018988991323383316,0.0018522957808022986,-0.0015604747482777406,1.3718093633651733,1.1466355419158936,0.22517382144927978,18.4,18.4,trapezoid_from_zero_normalized_by_max_fraction
cicids2017_binary,46,rid_5852990d34963aaadad7e90ef9bf633d,mlp,shap,conditional_gaussian_mean,conditional_on_retained_coordinates,insertion,1,ATTACK,True,1,ATTACK,1.0,0.9994085205253214,50,0.0007852107286453248,-0.00233858990855515,-0.023737053677871697,0.0031238006372004755,0.024522264406517027,0.00294468642978859,0.002941067139448031,-0.0026406909561176657,1.3673956394195557,1.2572068920135497,0.11018874740600593,18.4,18.4,trapezoid_from_zero_normalized_by_max_fraction
cicids2017_binary,46,rid_91629040875b5b88fe453003d3c24213,mlp,shap,conditional_gaussian_mean,conditional_on_retained_coordinates,insertion,1,ATTACK,True,1,ATTACK,1.0,0.9994085205253214,50,-0.028919908404350284,-0.06570014274585491,-0.05326897730822384,0.03678023434150464,0.024349068903873554,0.025447666941393506,0.013240510804714228,0.010828833164264754,1.0930997133255005,1.0388873598575592,0.05421235346794129,18.4,18.4,trapezoid_from_zero_normalized_by_max_fraction
cicids2017_binary,46,rid_ef9fb628d94de42604b08b84713e8ae5,mlp,shap,conditional_gaussian_mean,conditional_on_retained_coordinates,insertion,1,ATTACK,True,1,ATTACK,1.0,0.9994085205253214,50,0.0007852107286453248,0.0007852107286453248,-0.026243961311563913,0.0,0.027029172040209232,0.0,0.0,0.0,1.8545663356781006,1.4019047319889069,0.4526616036891937,18.4,18.4,trapezoid_from_zero_normalized_by_max_fraction
cicids2017_binary,46,rid_74105010942e741d7107c797b640545a,mlp,shap,conditional_gaussian_mean,conditional_on_retained_coordinates,insertion,1,ATTACK,True,1,ATTACK,1.0,0.9994085205253214,50,0.0007852107286453248,-0.009323212069352785,-0.062174191865475,0.01010842279799811,0.06295940259412032,0.008360407534774763,0.005613929257009748,-0.0008948785457409958,1.345342993736267,1.2327634091377258,0.11257958459854134,18.4,18.4,trapezoid_from_zero_normalized_by_max_fraction
cicids2017_binary,46,rid_2db54221168e8f586f9c78bb4918b5d4,mlp,shap,conditional_gaussian_mean,conditional_on_retained_coordinates,insertion,0,BENIGN,True,0,BENIGN,0.9999908808276814,0.0005823603023599,50,0.9492020302418043,0.8663383876848408,0.822220108906663,0.0828636425569632,0.12698192133514116,0.014685780521219098,0.010387117770617975,0.06250489172655196,0.36728304624557495,0.3110622348189354,0.05622081142663954,18.4,18.4,trapezoid_from_zero_normalized_by_max_fraction
cicids2017_binary,46,rid_c11a696fc62e305df7821a36403017a4,mlp,shap,conditional_gaussian_mean,conditional_on_retained_coordinates,insertion,0,BENIGN,True,0,BENIGN,0.9999999999998715,0.0005914794745501,50,0.9492147622320528,0.8508559887974609,0.7667810270984371,0.09835877343459168,0.18243373513361558,0.02545239630307957,0.012915389543536573,0.07304460992926,0.8224080204963684,0.6773580734729767,0.1450499470233917,18.4,18.4,trapezoid_from_zero_normalized_by_max_fraction
cicids2017_binary,46,rid_591657dbc51fa5cba6110e4a2bc0389d,mlp,shap,conditional_gaussian_mean,conditional_on_retained_coordinates,insertion,0,BENIGN,True,0,BENIGN,0.99999999040479,0.0005914698794686,50,0.9333507652842474,0.8973586887630309,0.9100700643915385,0.03599207652121648,0.02328070089270895,0.01822208296270801,0.010882962106698832,0.014661470792086767,1.949070930480957,1.8738850111961363,0.07518591928482077,18.4,18.4,trapezoid_from_zero_normalized_by_max_fraction
cicids2017_binary,46,rid_c37e7f18a6e72502c51b38a935c05fe1,mlp,shap,conditional_gaussian_draw,conditional_on_retained_coordinates,deletion,1,ATTACK,True,1,ATTACK,1.0,0.9994085205253214,10,0.0,0.0,0.0,0.0,0.0,0.0,0.0,0.0,1.9628121852874756,1.5158774435520173,0.44693474173545833,18.4,18.4,trapezoid_from_zero_normalized_by_max_fraction
cicids2017_binary,46,rid_37cd12f48d67404f18703652ce8ca9d9,mlp,shap,conditional_gaussian_draw,conditional_on_retained_coordinates,deletion,0,BENIGN,True,0,BENIGN,0.9999620826238242,0.0005535620985028,10,4.6435170963832214e-05,0.0007965348669072991,0.00035054734825180846,-0.0007500996959434669,-0.00030411217728797623,0.000663900099400737,0.00046746832472906966,-0.0016663376124124434,0.6708258390426636,0.4405261135101319,0.2302997255325317,18.4,18.4,trapezoid_from_zero_normalized_by_max_fraction
cicids2017_binary,46,rid_8bf0913a12626463db1174068a238121,mlp,shap,conditional_gaussian_draw,conditional_on_retained_coordinates,deletion,1,ATTACK,True,1,ATTACK,1.0,0.9994085205253214,10,0.0,0.0,0.0,0.0,0.0,0.0,0.0,0.0,0.9457842707633972,0.9396129000186919,0.006171370744705307,18.4,18.4,trapezoid_from_zero_normalized_by_max_fraction
cicids2017_binary,46,rid_413d94fc3f4d023fcbb5025f54532935,mlp,shap,conditional_gaussian_draw,conditional_on_retained_coordinates,deletion,0,BENIGN,True,0,BENIGN,0.9999988732712382,0.0005903527459167,10,0.038203186741878885,5.343739085732269e-05,0.00035136012802187587,0.03814974935102156,0.03785182661385701,3.0218591180242768e-05,2.5630368902996506e-05,0.03809951382797169,0.5661183595657349,0.40598555594682695,0.16013280361890792,18.4,18.4,trapezoid_from_zero_normalized_by_max_fraction
cicids2017_binary,46,rid_2d7e85ed2cdb8a5f02ad124caeebe429,mlp,shap,conditional_gaussian_draw,conditional_on_retained_coordinates,deletion,0,BENIGN,True,0,BENIGN,0.9999991190932178,0.0005905985678964,10,1.1031403535155525e-05,0.00011729208394313462,0.0005913711058485483,-0.0001062606804079791,-0.0005803397023133927,8.631093591302371e-05,8.291107820430874e-05,-0.00026876639368842424,0.5652875304222107,0.41081206798553466,0.15447546243667604,18.4,18.4,trapezoid_from_zero_normalized_by_max_fraction
cicids2017_binary,46,rid_830a74fc8667b1a2e2af223c9d2a2c10,mlp,shap,conditional_gaussian_draw,conditional_on_retained_coordinates,deletion,0,BENIGN,True,0,BENIGN,0.999996375473529,0.0005878549482076,10,1.8889208001837686e-05,4.4035252641077e-05,4.171793655729062e-05,-2.514604463923931e-05,-2.2828728555452925e-05,2.8662802754625835e-05,2.2806298210024072e-05,-6.984638913088648e-05,0.38830113410949707,0.3423619076609612,0.045939226448535875,18.4,18.4,trapezoid_from_zero_normalized_by_max_fraction
cicids2017_binary,46,rid_246eaf0c1fac248deb765083c270bbcc,mlp,shap,conditional_gaussian_draw,conditional_on_retained_coordinates,deletion,0,BENIGN,True,0,BENIGN,0.9999818898995728,0.0005733693742513,10,0.41663941602391785,0.00044132542889338436,0.0002666842714756257,0.4161980905950245,0.4163727317524422,0.0002092200272686836,0.00017302130674959928,0.4158589688337953,0.5027130246162415,0.38063019782304763,0.12208282679319382,18.4,18.4,trapezoid_from_zero_normalized_by_max_fraction
cicids2017_binary,46,rid_1326d7841b59c92665d871af5511e3f8,mlp,shap,conditional_gaussian_draw,conditional_on_retained_coordinates,deletion,1,ATTACK,True,1,ATTACK,1.0,0.9994085205253214,10,0.0,3.5762786865234375e-07,0.0,-3.5762786865234375e-07,0.0,3.5762786865234375e-07,3.5762786865234375e-07,-1.0585784912109374e-06,1.3996481895446777,1.2772196328639984,0.12242855668067931,18.4,18.4,trapezoid_from_zero_normalized_by_max_fraction
cicids2017_binary,46,rid_f4e85fd27b14cf91010e12816d23de82,mlp,shap,conditional_gaussian_draw,conditional_on_retained_coordinates,deletion,1,ATTACK,True,1,ATTACK,1.0,0.9994085205253214,10,0.0,0.0,0.0,0.0,0.0,0.0,0.0,0.0,1.3718093633651733,1.1650466132164001,0.2067627501487732,18.4,18.4,trapezoid_from_zero_normalized_by_max_fraction
cicids2017_binary,46,rid_5852990d34963aaadad7e90ef9bf633d,mlp,shap,conditional_gaussian_draw,conditional_on_retained_coordinates,deletion,1,ATTACK,True,1,ATTACK,1.0,0.9994085205253214,10,0.0,1.3709068298339844e-08,0.0,-1.3709068298339844e-08,0.0,1.3709068298339843e-08,1.0132789611816405e-08,-3.3569335937499995e-08,1.3673956394195557,1.285490117073059,0.08190552234649662,18.4,18.4,trapezoid_from_zero_normalized_by_max_fraction
cicids2017_binary,46,rid_91629040875b5b88fe453003d3c24213,mlp,shap,conditional_gaussian_draw,conditional_on_retained_coordinates,deletion,1,ATTACK,True,1,ATTACK,1.0,0.9994085205253214,10,0.0,0.007765690684318543,0.019799777790904045,-0.007765690684318543,-0.019799777790904045,0.006945868194364268,0.006929549394995928,-0.02134760749851056,1.0930997133255005,1.0305894112586977,0.06251030206680275,18.4,18.4,trapezoid_from_zero_normalized_by_max_fraction
cicids2017_binary,46,rid_ef9fb628d94de42604b08b84713e8ae5,mlp,shap,conditional_gaussian_draw,conditional_on_retained_coordinates,deletion,1,ATTACK,True,1,ATTACK,1.0,0.9994085205253214,10,0.0,0.0,0.0,0.0,0.0,0.0,0.0,0.0,1.8545663356781006,1.3781528568267822,0.47641347885131835,18.4,18.4,trapezoid_from_zero_normalized_by_max_fraction
cicids2017_binary,46,rid_74105010942e741d7107c797b640545a,mlp,shap,conditional_gaussian_draw,conditional_on_retained_coordinates,deletion,1,ATTACK,True,1,ATTACK,1.0,0.9994085205253214,10,0.0,9.58383083343506e-06,0.00196036696434021,-9.58383083343506e-06,-0.00196036696434021,9.575891300569455e-06,8.723300010404792e-06,-2.6681498853828452e-05,1.345342993736267,1.2225875520706178,0.12275544166564933,18.4,18.4,trapezoid_from_zero_normalized_by_max_fraction
cicids2017_binary,46,rid_2db54221168e8f586f9c78bb4918b5d4,mlp,shap,conditional_gaussian_draw,conditional_on_retained_coordinates,deletion,0,BENIGN,True,0,BENIGN,0.9999908808276814,0.0005823603023599,10,2.4421377884209505e-05,0.0006811800945924351,0.0002935482035354453,-0.0006567587167082257,-0.00026912682565123576,0.0006253961516567949,0.0005594373784506456,-0.001753255978471491,0.36728304624557495,0.3135918822884559,0.05369116395711904,18.4,18.4,trapezoid_from_zero_normalized_by_max_fraction
cicids2017_binary,46,rid_c11a696fc62e305df7821a36403017a4,mlp,shap,conditional_gaussian_draw,conditional_on_retained_coordinates,deletion,0,BENIGN,True,0,BENIGN,0.9999999999998715,0.0005914794745501,10,2.568501695338066e-06,0.04887239547385341,0.0020811381190611413,-0.04886982697215807,-0.002078569617365803,0.024218658575834075,0.02421865302571566,-0.09633838690256076,0.8224080204963684,0.6787023901939392,0.14370563030242922,18.4,18.4,trapezoid_from_zero_normalized_by_max_fraction
cicids2017_binary,46,rid_591657dbc51fa5cba6110e4a2bc0389d,mlp,shap,conditional_gaussian_draw,conditional_on_retained_coordinates,deletion,0,BENIGN,True,0,BENIGN,0.99999999040479,0.0005914698794686,10,3.4004489905536954e-07,9.677330284335596e-07,2.6612367491596346e-06,-6.2768812937819e-07,-2.321191850104265e-06,9.057544223617272e-07,5.858658905829294e-07,-1.7759852749207316e-06,1.949070930480957,1.8706318235397341,0.07843910694122291,18.4,18.4,trapezoid_from_zero_normalized_by_max_fraction
cicids2017_binary,46,rid_c37e7f18a6e72502c51b38a935c05fe1,mlp,shap,conditional_gaussian_draw,conditional_on_retained_coordinates,insertion,1,ATTACK,True,1,ATTACK,1.0,0.9994085205253214,10,0.0007852107286453248,-0.013875800743699073,-0.03310403388018715,0.0146610114723444,0.03388924460883247,0.014322110787263715,0.010377646372079306,-0.005679175416931038,1.9628121852874756,1.5158774435520173,0.44693474173545833,18.4,18.4,trapezoid_from_zero_normalized_by_max_fraction
cicids2017_binary,46,rid_37cd12f48d67404f18703652ce8ca9d9,mlp,shap,conditional_gaussian_draw,conditional_on_retained_coordinates,insertion,0,BENIGN,True,0,BENIGN,0.9999620826238242,0.0005535620985028,10,0.7975946144819538,0.8723455241127007,0.8311769206762235,-0.07475090963074688,-0.03358230619426974,0.03824415862975481,0.02275330484253385,-0.11934738712211322,0.6708258390426636,0.4405261135101319,0.2302997255325317,18.4,18.4,trapezoid_from_zero_normalized_by_max_fraction
cicids2017_binary,46,rid_8bf0913a12626463db1174068a238121,mlp,shap,conditional_gaussian_draw,conditional_on_retained_coordinates,insertion,1,ATTACK,True,1,ATTACK,1.0,0.9994085205253214,10,-0.09799022832885386,-0.1659402897136336,-0.09967650160028071,0.06795006138477976,0.0016862732714268726,0.06825110800158263,0.03607690315493084,-0.0027606687988846884,0.9457842707633972,0.9396129000186919,0.006171370744705307,18.4,18.4,trapezoid_from_zero_normalized_by_max_fraction
cicids2017_binary,46,rid_413d94fc3f4d023fcbb5025f54532935,mlp,shap,conditional_gaussian_draw,conditional_on_retained_coordinates,insertion,0,BENIGN,True,0,BENIGN,0.9999988732712382,0.0005903527459167,10,0.786455379621475,0.8094957292083436,0.8159923253244362,-0.02304034958686848,-0.02953694570296124,0.07659963246195853,0.03882981180808259,-0.09914678073071037,0.5661183595657349,0.40598555594682695,0.16013280361890792,18.4,18.4,trapezoid_from_zero_normalized_by_max_fraction
cicids2017_binary,46,rid_2d7e85ed2cdb8a5f02ad124caeebe429,mlp,shap,conditional_gaussian_draw,conditional_on_retained_coordinates,insertion,0,BENIGN,True,0,BENIGN,0.9999991190932178,0.0005905985678964,10,0.8637664667183029,0.7787650133160284,0.8538774698941836,0.08500145340227448,0.009888996824119365,0.07124165652084459,0.04108787637330929,0.004469215710588281,0.5652875304222107,0.41081206798553466,0.15447546243667604,18.4,18.4,trapezoid_from_zero_normalized_by_max_fraction
cicids2017_binary,46,rid_830a74fc8667b1a2e2af223c9d2a2c10,mlp,shap,conditional_gaussian_draw,conditional_on_retained_coordinates,insertion,0,BENIGN,True,0,BENIGN,0.999996375473529,0.0005878549482076,10,0.8142083465254473,0.8359390898906323,0.8464085932734947,-0.021730743365184907,-0.032200246748047445,0.040540441019417894,0.026676622426670685,-0.07401692332145945,0.38830113410949707,0.3423619076609612,0.045939226448535875,18.4,18.4,trapezoid_from_zero_normalized_by_max_fraction
cicids2017_binary,46,rid_246eaf0c1fac248deb765083c270bbcc,mlp,shap,conditional_gaussian_draw,conditional_on_retained_coordinates,insertion,0,BENIGN,True,0,BENIGN,0.9999818898995728,0.0005733693742513,10,0.9409063485351623,0.8221789386399665,0.8000444542290392,0.11872740989519583,0.14086189430612317,0.043938424195908043,0.0236074020211899,0.07245690193366362,0.5027130246162415,0.38063019782304763,0.12208282679319382,18.4,18.4,trapezoid_from_zero_normalized_by_max_fraction
cicids2017_binary,46,rid_1326d7841b59c92665d871af5511e3f8,mlp,shap,conditional_gaussian_draw,conditional_on_retained_coordinates,insertion,1,ATTACK,True,1,ATTACK,1.0,0.9994085205253214,10,0.0007852107286453248,-0.0791920587577306,-0.1433085069402583,0.07997726948637592,0.14409371766890364,0.06997041413170829,0.041215278227833864,-0.0008046758401784593,1.3996481895446777,1.2772196328639984,0.12242855668067931,18.4,18.4,trapezoid_from_zero_normalized_by_max_fraction
cicids2017_binary,46,rid_f4e85fd27b14cf91010e12816d23de82,mlp,shap,conditional_gaussian_draw,conditional_on_retained_coordinates,insertion,1,ATTACK,True,1,ATTACK,1.0,0.9994085205253214,10,-0.17156871557235717,-0.05443672819661364,-0.06183581916830022,-0.11713198737574355,-0.10973289640405695,0.03161986661744884,0.02214095491962556,-0.16052825901820966,1.3718093633651733,1.1650466132164001,0.2067627501487732,18.4,18.4,trapezoid_from_zero_normalized_by_max_fraction
cicids2017_binary,46,rid_5852990d34963aaadad7e90ef9bf633d,mlp,shap,conditional_gaussian_draw,conditional_on_retained_coordinates,insertion,1,ATTACK,True,1,ATTACK,1.0,0.9994085205253214,10,0.0007847458124160766,-0.10988032715322664,-0.07973714947301062,0.11066507296564271,0.08052189528542669,0.0591324144851933,0.034678710308209765,0.04269480076155158,1.3673956394195557,1.285490117073059,0.08190552234649662,18.4,18.4,trapezoid_from_zero_normalized_by_max_fraction
cicids2017_binary,46,rid_91629040875b5b88fe453003d3c24213,mlp,shap,conditional_gaussian_draw,conditional_on_retained_coordinates,insertion,1,ATTACK,True,1,ATTACK,1.0,0.9994085205253214,10,-0.3221664320141883,-0.2044421142582863,-0.21454190895397093,-0.117724317755902,-0.1076245230602174,0.09361528097022132,0.04919166736215526,-0.2141399857857263,1.0930997133255005,1.0305894112586977,0.06251030206680275,18.4,18.4,trapezoid_from_zero_normalized_by_max_fraction
cicids2017_binary,46,rid_ef9fb628d94de42604b08b84713e8ae5,mlp,shap,conditional_gaussian_draw,conditional_on_retained_coordinates,insertion,1,ATTACK,True,1,ATTACK,1.0,0.9994085205253214,10,0.0007851392030715943,-0.021171424847998423,-0.01742018529706833,0.021956564051070018,0.01820532450013992,0.015817653105010394,0.01581628881353752,-0.009043362023463522,1.8545663356781006,1.3781528568267822,0.47641347885131835,18.4,18.4,trapezoid_from_zero_normalized_by_max_fraction
cicids2017_binary,46,rid_74105010942e741d7107c797b640545a,mlp,shap,conditional_gaussian_draw,conditional_on_retained_coordinates,insertion,1,ATTACK,True,1,ATTACK,1.0,0.9994085205253214,10,0.0007851392030715943,-0.08032036600467109,-0.08002079617730552,0.08110550520774268,0.08080593538037711,0.051682966588802545,0.03071442506573529,0.020905232078901513,1.345342993736267,1.2225875520706178,0.12275544166564933,18.4,18.4,trapezoid_from_zero_normalized_by_max_fraction
cicids2017_binary,46,rid_2db54221168e8f586f9c78bb4918b5d4,mlp,shap,conditional_gaussian_draw,conditional_on_retained_coordinates,insertion,0,BENIGN,True,0,BENIGN,0.9999908808276814,0.0005823603023599,10,0.9036785661508588,0.8503117112919933,0.7255950940443346,0.05336685485886555,0.1780834721065242,0.05223452374478964,0.029067524652582666,-0.0036054934601964725,0.36728304624557495,0.3135918822884559,0.05369116395711904,18.4,18.4,trapezoid_from_zero_normalized_by_max_fraction
cicids2017_binary,46,rid_c11a696fc62e305df7821a36403017a4,mlp,shap,conditional_gaussian_draw,conditional_on_retained_coordinates,insertion,0,BENIGN,True,0,BENIGN,0.9999999999998715,0.0005914794745501,10,0.9491367885414799,0.7356661873020227,0.5487229367431812,0.2134706012394572,0.4004138517982987,0.10555540998549104,0.05049056795214616,0.11450908805325072,0.8224080204963684,0.6787023901939392,0.14370563030242922,18.4,18.4,trapezoid_from_zero_normalized_by_max_fraction
cicids2017_binary,46,rid_591657dbc51fa5cba6110e4a2bc0389d,mlp,shap,conditional_gaussian_draw,conditional_on_retained_coordinates,insertion,0,BENIGN,True,0,BENIGN,0.99999999040479,0.0005914698794686,10,0.9491328306836977,0.881709777761428,0.8494867325361607,0.06742305292226965,0.09964609814753693,0.03463073848672764,0.022949759755201977,0.022441523802073773,1.949070930480957,1.8706318235397341,0.07843910694122291,18.4,18.4,trapezoid_from_zero_normalized_by_max_fraction
cicids2017_binary,46,rid_c37e7f18a6e72502c51b38a935c05fe1,mlp,shap,nearest_neighbour_donor,nonparametric_conditional,deletion,1,ATTACK,True,1,ATTACK,1.0,0.9994085205253214,10,0.0,0.0,0.0,0.0,0.0,0.0,0.0,0.0,1.6837844848632812,1.3585700964927674,0.32521438837051386,18.4,18.4,trapezoid_from_zero_normalized_by_max_fraction
cicids2017_binary,46,rid_37cd12f48d67404f18703652ce8ca9d9,mlp,shap,nearest_neighbour_donor,nonparametric_conditional,deletion,0,BENIGN,True,0,BENIGN,0.9999620826238242,0.0005535620985028,10,-6.190792555571534e-06,3.810678390436808e-07,-2.2001192337484096e-06,-6.571860394615214e-06,-3.990673321823124e-06,3.84423280578993e-06,3.2190578120654584e-06,-1.2881213706263512e-05,0.6270765066146851,0.5246494489908218,0.10242705762386328,18.4,18.4,trapezoid_from_zero_normalized_by_max_fraction
cicids2017_binary,46,rid_8bf0913a12626463db1174068a238121,mlp,shap,nearest_neighbour_donor,nonparametric_conditional,deletion,1,ATTACK,True,1,ATTACK,1.0,0.9994085205253214,10,0.0,0.0,0.0,0.0,0.0,0.0,0.0,0.0,0.704647421836853,0.7352034497261046,-0.030556027889251602,18.4,18.4,trapezoid_from_zero_normalized_by_max_fraction
cicids2017_binary,46,rid_413d94fc3f4d023fcbb5025f54532935,mlp,shap,nearest_neighbour_donor,nonparametric_conditional,deletion,0,BENIGN,True,0,BENIGN,0.9999988732712382,0.0005903527459167,10,6.917844075360335e-11,4.418211574375164e-11,4.64092408947181e-11,2.4996325009851714e-11,2.276919985888526e-11,1.0633082998504392e-11,6.740187137857935e-12,1.178555821965016e-11,0.5825740694999695,0.4436150616407394,0.1389590078592301,18.4,18.4,trapezoid_from_zero_normalized_by_max_fraction
cicids2017_binary,46,rid_2d7e85ed2cdb8a5f02ad124caeebe429,mlp,shap,nearest_neighbour_donor,nonparametric_conditional,deletion,0,BENIGN,True,0,BENIGN,0.9999991190932178,0.0005905985678964,10,4.066751841946825e-07,7.823899295544835e-08,1.0400068589433429e-07,3.284361912392342e-07,3.026744983003482e-07,6.187824173167188e-08,3.614925367356871e-08,2.575836540390395e-07,0.5815306901931763,0.46804050564765926,0.11349018454551701,18.4,18.4,trapezoid_from_zero_normalized_by_max_fraction
cicids2017_binary,46,rid_830a74fc8667b1a2e2af223c9d2a2c10,mlp,shap,nearest_neighbour_donor,nonparametric_conditional,deletion,0,BENIGN,True,0,BENIGN,0.999996375473529,0.0005878549482076,10,9.879646540866816e-08,5.5256780342460846e-08,5.090104195915047e-08,4.353968506620731e-08,4.789542344951769e-08,2.260168732970021e-08,1.1304238353643854e-08,2.1383377893065358e-08,0.40314364433288574,0.38767962157726293,0.015464022755622808,18.4,18.4,trapezoid_from_zero_normalized_by_max_fraction
cicids2017_binary,46,rid_246eaf0c1fac248deb765083c270bbcc,mlp,shap,nearest_neighbour_donor,nonparametric_conditional,deletion,0,BENIGN,True,0,BENIGN,0.9999818898995728,0.0005733693742513,10,-5.507492460310459e-07,-1.6088698885141638e-07,-2.9310479021660285e-07,-3.898622571796295e-07,-2.576444558144426e-07,6.588087374599538e-07,4.4235470626055433e-07,-1.2568774814503159e-06,0.4717957079410553,0.4307397758960724,0.041055932044982923,18.4,18.4,trapezoid_from_zero_normalized_by_max_fraction
cicids2017_binary,46,rid_1326d7841b59c92665d871af5511e3f8,mlp,shap,nearest_neighbour_donor,nonparametric_conditional,deletion,1,ATTACK,True,1,ATTACK,1.0,0.9994085205253214,10,0.0,2.682209014892578e-09,0.0,-2.682209014892578e-09,0.0,2.682209014892578e-09,2.6822090148925784e-09,-7.939338684082032e-09,1.183459997177124,1.1090971815586093,0.07436281561851477,18.4,18.4,trapezoid_from_zero_normalized_by_max_fraction
cicids2017_binary,46,rid_f4e85fd27b14cf91010e12816d23de82,mlp,shap,nearest_neighbour_donor,nonparametric_conditional,deletion,1,ATTACK,True,1,ATTACK,1.0,0.9994085205253214,10,0.0,0.0,0.0,0.0,0.0,0.0,0.0,0.0,1.2170743942260742,1.1484684646129608,0.0686059296131134,18.4,18.4,trapezoid_from_zero_normalized_by_max_fraction
cicids2017_binary,46,rid_5852990d34963aaadad7e90ef9bf633d,mlp,shap,nearest_neighbour_donor,nonparametric_conditional,deletion,1,ATTACK,True,1,ATTACK,1.0,0.9994085205253214,10,0.0,0.0,0.0,0.0,0.0,0.0,0.0,0.0,1.1705942153930664,1.076182713508606,0.09441150188446046,18.4,18.4,trapezoid_from_zero_normalized_by_max_fraction
cicids2017_binary,46,rid_91629040875b5b88fe453003d3c24213,mlp,shap,nearest_neighbour_donor,nonparametric_conditional,deletion,1,ATTACK,True,1,ATTACK,1.0,0.9994085205253214,10,3.2782554626464844e-07,2.086162567138672e-09,4.3809413909912115e-08,3.257393836975098e-07,2.8401613235473636e-07,2.0861625671386717e-09,1.4901161193847655e-09,3.2281875610351565e-07,0.9359415769577026,0.9944174420833589,-0.05847586512565628,18.4,18.4,trapezoid_from_zero_normalized_by_max_fraction
cicids2017_binary,46,rid_ef9fb628d94de42604b08b84713e8ae5,mlp,shap,nearest_neighbour_donor,nonparametric_conditional,deletion,1,ATTACK,True,1,ATTACK,1.0,0.9994085205253214,10,0.0,0.0,0.0,0.0,0.0,0.0,0.0,0.0,1.627982497215271,1.310035356283188,0.3179471409320831,18.4,18.4,trapezoid_from_zero_normalized_by_max_fraction
cicids2017_binary,46,rid_74105010942e741d7107c797b640545a,mlp,shap,nearest_neighbour_donor,nonparametric_conditional,deletion,1,ATTACK,True,1,ATTACK,1.0,0.9994085205253214,10,0.0,0.11811122045532102,0.02927859015762806,-0.11811122045532102,-0.02927859015762806,0.08431184354430549,0.050806708610476585,-0.21769236933185512,1.1971944570541382,1.060122435092926,0.13707202196121226,18.4,18.4,trapezoid_from_zero_normalized_by_max_fraction
cicids2017_binary,46,rid_2db54221168e8f586f9c78bb4918b5d4,mlp,shap,nearest_neighbour_donor,nonparametric_conditional,deletion,0,BENIGN,True,0,BENIGN,0.9999908808276814,0.0005823603023599,10,-2.45528872255818e-07,1.7910097085405142e-07,7.244925654958938e-09,-4.2462984310986946e-07,-2.5277379791077696e-07,1.5978504408887694e-07,9.136726358086472e-08,-6.037096797283643e-07,0.3775142729282379,0.3415115752816201,0.03600269764661784,18.4,18.4,trapezoid_from_zero_normalized_by_max_fraction
cicids2017_binary,46,rid_c11a696fc62e305df7821a36403017a4,mlp,shap,nearest_neighbour_donor,nonparametric_conditional,deletion,0,BENIGN,True,0,BENIGN,0.9999999999998715,0.0005914794745501,10,-9.403589018575075e-15,2.5408761405998348e-09,0.02030108424772441,-2.5408855441888533e-09,-0.020301084247733813,1.4785186230848492e-09,1.2211907997953839e-09,-4.934419511787806e-09,0.7011033296585083,0.6015046727657318,0.09959865689277647,18.4,18.4,trapezoid_from_zero_normalized_by_max_fraction
cicids2017_binary,46,rid_591657dbc51fa5cba6110e4a2bc0389d,mlp,shap,nearest_neighbour_donor,nonparametric_conditional,deletion,0,BENIGN,True,0,BENIGN,0.99999999040479,0.0005914698794686,10,-7.477320185245162e-09,0.00012910925844734854,7.671930991536293e-05,-0.0001291167357675338,-7.672678723554818e-05,0.00012487877639494994,0.00012115041921464689,-0.0003665715574282417,1.9452779293060303,1.8164116072654726,0.1288663220405577,18.4,18.4,trapezoid_from_zero_normalized_by_max_fraction
cicids2017_binary,46,rid_c37e7f18a6e72502c51b38a935c05fe1,mlp,shap,nearest_neighbour_donor,nonparametric_conditional,insertion,1,ATTACK,True,1,ATTACK,1.0,0.9994085205253214,10,7.2479248046875005e-06,7.2479248046875005e-06,-0.00999275207510121,0.0,0.0099999999999059,0.0,0.0,0.0,1.6837844848632812,1.3585700964927674,0.32521438837051386,18.4,18.4,trapezoid_from_zero_normalized_by_max_fraction
cicids2017_binary,46,rid_37cd12f48d67404f18703652ce8ca9d9,mlp,shap,nearest_neighbour_donor,nonparametric_conditional,insertion,0,BENIGN,True,0,BENIGN,0.9999620826238242,0.0005535620985028,10,0.9499499196052056,0.9499216733894081,0.9499361729444786,2.824621579746722e-05,1.3746660727070868e-05,1.0523461948826128e-05,5.981479684811362e-06,1.652251561523695e-05,0.6270765066146851,0.5246494489908218,0.10242705762386328,18.4,18.4,trapezoid_from_zero_normalized_by_max_fraction
cicids2017_binary,46,rid_8bf0913a12626463db1174068a238121,mlp,shap,nearest_neighbour_donor,nonparametric_conditional,insertion,1,ATTACK,True,1,ATTACK,1.0,0.9994085205253214,10,7.2479248046875005e-06,7.2479248046875005e-06,7.2479248046875005e-06,0.0,0.0,0.0,0.0,0.0,0.704647421836853,0.7352034497261046,-0.030556027889251602,18.4,18.4,trapezoid_from_zero_normalized_by_max_fraction
cicids2017_binary,46,rid_413d94fc3f4d023fcbb5025f54532935,mlp,shap,nearest_neighbour_donor,nonparametric_conditional,insertion,0,BENIGN,True,0,BENIGN,0.9999988732712382,0.0005903527459167,10,0.9499916867447611,0.9499895505537774,0.9499893718237642,2.1361909836203898e-06,2.3149209967987533e-06,1.8808192083705414e-06,1.8043382150159287e-06,-1.4003119178108306e-06,0.5825740694999695,0.4436150616407394,0.1389590078592301,18.4,18.4,trapezoid_from_zero_normalized_by_max_fraction
cicids2017_binary,46,rid_2d7e85ed2cdb8a5f02ad124caeebe429,mlp,shap,nearest_neighbour_donor,nonparametric_conditional,insertion,0,BENIGN,True,0,BENIGN,0.9999991190932178,0.0005905985678964,10,0.9499921191331111,0.9499877482415762,0.949985079897065,4.37089153506598e-06,7.0392360460469485e-06,1.7953755576394035e-06,1.139729433555331e-06,2.1370218452975313e-06,0.5815306901931763,0.46804050564765926,0.11349018454551701,18.4,18.4,trapezoid_from_zero_normalized_by_max_fraction
cicids2017_binary,46,rid_830a74fc8667b1a2e2af223c9d2a2c10,mlp,shap,nearest_neighbour_donor,nonparametric_conditional,insertion,0,BENIGN,True,0,BENIGN,0.999996375473529,0.0005878549482076,10,0.9499879726581639,0.9499890944548424,0.9499887003081733,-1.1217966783882986e-06,-7.276500093578165e-07,1.316098250906204e-07,8.772649566456845e-08,-1.2937406098908527e-06,0.40314364433288574,0.38767962157726293,0.015464022755622808,18.4,18.4,trapezoid_from_zero_normalized_by_max_fraction
cicids2017_binary,46,rid_246eaf0c1fac248deb765083c270bbcc,mlp,shap,nearest_neighbour_donor,nonparametric_conditional,insertion,0,BENIGN,True,0,BENIGN,0.9999818898995728,0.0005733693742513,10,0.9499750302930807,0.9499736667174633,0.9499749296224582,1.3635756172969415e-06,1.0067062248264561e-07,3.0782703770209398e-06,1.5537502754942103e-06,-1.6817749226717105e-06,0.4717957079410553,0.4307397758960724,0.041055932044982923,18.4,18.4,trapezoid_from_zero_normalized_by_max_fraction
cicids2017_binary,46,rid_1326d7841b59c92665d871af5511e3f8,mlp,shap,nearest_neighbour_donor,nonparametric_conditional,insertion,1,ATTACK,True,1,ATTACK,1.0,0.9994085205253214,10,7.2479248046875005e-06,-0.0949927506362658,-0.16499195804031166,0.09499999856107048,0.16499920596511636,0.05818813005701493,0.0340342960977381,0.028292778209503808,1.183459997177124,1.1090971815586093,0.07436281561851477,18.4,18.4,trapezoid_from_zero_normalized_by_max_fraction
cicids2017_binary,46,rid_f4e85fd27b14cf91010e12816d23de82,mlp,shap,nearest_neighbour_donor,nonparametric_conditional,insertion,1,ATTACK,True,1,ATTACK,1.0,0.9994085205253214,10,7.2479248046875005e-06,-0.014992752075195315,-0.04496784151538356,0.015000000000000003,0.044975089440188236,0.015,0.015000000000000001,-0.0144,1.2170743942260742,1.1484684646129608,0.0686059296131134,18.4,18.4,trapezoid_from_zero_normalized_by_max_fraction
cicids2017_binary,46,rid_5852990d34963aaadad7e90ef9bf633d,mlp,shap,nearest_neighbour_donor,nonparametric_conditional,insertion,1,ATTACK,True,1,ATTACK,1.0,0.9994085205253214,10,7.2479248046875005e-06,-0.04499274565441188,-0.1399924915889724,0.044999993579216566,0.13999973951377712,0.030275249047191217,0.02140871863175715,0.003038905060972555,1.1705942153930664,1.076182713508606,0.09441150188446046,18.4,18.4,trapezoid_from_zero_normalized_by_max_fraction
cicids2017_binary,46,rid_91629040875b5b88fe453003d3c24213,mlp,shap,nearest_neighbour_donor,nonparametric_conditional,insertion,1,ATTACK,True,1,ATTACK,1.0,0.9994085205253214,10,7.2479248046875005e-06,-0.05999275564426473,-0.28948650562542205,0.06000000356906943,0.2894937535502268,0.05000000356906943,0.02999999999519427,0.0012000035784886579,0.9359415769577026,0.9944174420833589,-0.05847586512565628,18.4,18.4,trapezoid_from_zero_normalized_by_max_fraction
cicids2017_binary,46,rid_ef9fb628d94de42604b08b84713e8ae5,mlp,shap,nearest_neighbour_donor,nonparametric_conditional,insertion,1,ATTACK,True,1,ATTACK,1.0,0.9994085205253214,10,7.2479248046875005e-06,-0.039992641321206356,-0.1603920307365095,0.039999889246011035,0.1603992786613142,0.016329886403740595,0.016329886403740595,0.007993311894679472,1.627982497215271,1.310035356283188,0.3179471409320831,18.4,18.4,trapezoid_from_zero_normalized_by_max_fraction
cicids2017_binary,46,rid_74105010942e741d7107c797b640545a,mlp,shap,nearest_neighbour_donor,nonparametric_conditional,insertion,1,ATTACK,True,1,ATTACK,1.0,0.9994085205253214,10,7.2479248046875005e-06,-0.29785618213032194,-0.39330366216251267,0.2978634300551266,0.39331091008731744,0.11726602871725118,0.06259170742729711,0.17518368349762428,1.1971944570541382,1.060122435092926,0.13707202196121226,18.4,18.4,trapezoid_from_zero_normalized_by_max_fraction
cicids2017_binary,46,rid_2db54221168e8f586f9c78bb4918b5d4,mlp,shap,nearest_neighbour_donor,nonparametric_conditional,insertion,0,BENIGN,True,0,BENIGN,0.9999908808276814,0.0005823603023599,10,0.9499657533898245,0.9499806750666444,0.9499458849005674,-1.4921676820156549e-05,1.9868489256946734e-05,3.6166276677772356e-06,2.7318073602979416e-06,-2.0276019246340514e-05,0.3775142729282379,0.3415115752816201,0.03600269764661784,18.4,18.4,trapezoid_from_zero_normalized_by_max_fraction
cicids2017_binary,46,rid_c11a696fc62e305df7821a36403017a4,mlp,shap,nearest_neighbour_donor,nonparametric_conditional,insertion,0,BENIGN,True,0,BENIGN,0.9999999999998715,0.0005914794745501,10,0.9499927520751952,0.8799927971610574,0.7299073063527954,0.06999995491413781,0.2200854457223998,0.04194189099918079,0.03073179072158974,0.009765645099821918,0.7011033296585083,0.6015046727657318,0.09959865689277647,18.4,18.4,trapezoid_from_zero_normalized_by_max_fraction
cicids2017_binary,46,rid_591657dbc51fa5cba6110e4a2bc0389d,mlp,shap,nearest_neighbour_donor,nonparametric_conditional,insertion,0,BENIGN,True,0,BENIGN,0.99999999040479,0.0005914698794686,10,0.9499925460143402,0.9499197873622536,0.9496493343505811,7.275865208664634e-05,0.0003432116637592131,7.266263946717613e-05,5.5719560007022545e-05,-3.645168552711784e-05,1.9452779293060303,1.8164116072654726,0.1288663220405577,18.4,18.4,trapezoid_from_zero_normalized_by_max_fraction
cicids2017_binary,46,rid_c37e7f18a6e72502c51b38a935c05fe1,mlp,shap,correlation_group_median,group_wise,deletion,1,ATTACK,True,1,ATTACK,1.0,0.9994085205253214,50,0.9470082456216915,0.41446441707614357,0.4669182287422491,0.5325438285455479,0.4800900168794424,0.061365682764564694,0.02937918724401539,0.4749606215472778,0.7587167024612427,0.605999138623476,0.1527175638377667,41.4,33.260000000000005,trapezoid_from_zero_normalized_by_max_fraction
cicids2017_binary,46,rid_37cd12f48d67404f18703652ce8ca9d9,mlp,shap,correlation_group_median,group_wise,deletion,0,BENIGN,True,0,BENIGN,0.9999620826238242,0.0005535620985028,50,0.004136527858281624,0.0035455648259139706,0.005489507137834693,0.0005909630323676538,-0.0013529792795530682,5.7991378346749825e-05,4.295839507087995e-05,0.0005067645780287291,0.7003772854804993,0.5228365820060716,0.17754070347442763,43.4,39.763999999999996,trapezoid_from_zero_normalized_by_max_fraction
cicids2017_binary,46,rid_8bf0913a12626463db1174068a238121,mlp,shap,correlation_group_median,group_wise,deletion,1,ATTACK,True,1,ATTACK,1.0,0.9994085205253214,50,0.9493742647253385,0.47106654284937827,0.6428449477008226,0.4783077218759601,0.3065293170245158,0.06349585755781535,0.029815241349344053,0.4198698488312458,0.6098429560661316,0.5204110243618488,0.08943193170428276,47.8,36.364,trapezoid_from_zero_normalized_by_max_fraction
cicids2017_binary,46,rid_413d94fc3f4d023fcbb5025f54532935,mlp,shap,correlation_group_median,group_wise,deletion,0,BENIGN,True,0,BENIGN,0.9999988732712382,0.0005903527459167,50,0.010402445098230828,0.0039057596691802698,0.002473901945207773,0.006496685429050558,0.007928543153023056,0.0005572325404365631,0.0002611209674689609,0.0059848883328113955,0.4690484404563904,0.509405190974474,-0.04035675051808363,48.6,44.016,trapezoid_from_zero_normalized_by_max_fraction
cicids2017_binary,46,rid_2d7e85ed2cdb8a5f02ad124caeebe429,mlp,shap,correlation_group_median,group_wise,deletion,0,BENIGN,True,0,BENIGN,0.9999991190932178,0.0005905985678964,50,0.01264752096204802,0.006382393643648015,0.002858905361838254,0.006265127318400005,0.009788615600209766,0.0009218065251693755,0.0004233102606559702,0.005435439207514303,0.48421382904052734,0.4147822181582452,0.06943161088228217,48.6,44.988,trapezoid_from_zero_normalized_by_max_fraction
cicids2017_binary,46,rid_830a74fc8667b1a2e2af223c9d2a2c10,mlp,shap,correlation_group_median,group_wise,deletion,0,BENIGN,True,0,BENIGN,0.999996375473529,0.0005878549482076,50,0.0038560181480079337,0.0038403211665024627,0.0025499013273084753,1.5696981505470933e-05,0.001306116820699458,0.0001763184398678463,0.00010316774898384849,-0.0001865118065028721,0.5516344904899597,0.5533264087829739,-0.001691918293014183,45.6,41.228,trapezoid_from_zero_normalized_by_max_fraction
cicids2017_binary,46,rid_246eaf0c1fac248deb765083c270bbcc,mlp,shap,correlation_group_median,group_wise,deletion,0,BENIGN,True,0,BENIGN,0.9999818898995728,0.0005733693742513,50,0.007397209113787539,0.0067289320211667706,0.0062123837985236605,0.0006682770926207697,0.0011848253152638793,0.0005004221426002606,0.00036481774899610486,-4.6765695411595865e-05,0.5592265129089355,0.6603316044211389,-0.10110509151220337,45.6,38.96,trapezoid_from_zero_normalized_by_max_fraction
cicids2017_binary,46,rid_1326d7841b59c92665d871af5511e3f8,mlp,shap,correlation_group_median,group_wise,deletion,1,ATTACK,True,1,ATTACK,1.0,0.9994085205253214,50,0.9496505428778164,0.5730656098372067,0.6129218061156056,0.3765849330406097,0.3367287367622107,0.058088746528103266,0.0273453777192708,0.32298799271083894,0.7142242193222046,0.7201923724412919,-0.005968153119087272,42.0,32.524,trapezoid_from_zero_normalized_by_max_fraction
cicids2017_binary,46,rid_f4e85fd27b14cf91010e12816d23de82,mlp,shap,correlation_group_median,group_wise,deletion,1,ATTACK,True,1,ATTACK,1.0,0.9994085205253214,50,0.9497912638511764,0.5814258457381838,0.49038286941203063,0.3683654181129926,0.4594083944391457,0.05758303122361976,0.02717068471621664,0.315110876069208,0.7507643699645996,0.5625323811173439,0.18823198884725567,44.6,32.508,trapezoid_from_zero_normalized_by_max_fraction
cicids2017_binary,46,rid_5852990d34963aaadad7e90ef9bf633d,mlp,shap,correlation_group_median,group_wise,deletion,1,ATTACK,True,1,ATTACK,1.0,0.9994085205253214,50,0.9496474704273168,0.6308898360594744,0.609963765834133,0.31875763436784255,0.33968370459318387,0.056520799326246575,0.026693106126478842,0.26643914635994403,0.7531528472900391,0.725983823478222,0.027169023811817072,45.0,34.636,trapezoid_from_zero_normalized_by_max_fraction
cicids2017_binary,46,rid_91629040875b5b88fe453003d3c24213,mlp,shap,correlation_group_median,group_wise,deletion,1,ATTACK,True,1,ATTACK,1.0,0.9994085205253214,50,0.9497579238674121,0.5253657004311787,0.6454720154951575,0.42439222343623334,0.30428590837225455,0.056665910383109766,0.026436921650424477,0.3725758570014014,0.6660150289535522,0.4397162179127335,0.22629881104081873,44.6,38.928,trapezoid_from_zero_normalized_by_max_fraction
cicids2017_binary,46,rid_ef9fb628d94de42604b08b84713e8ae5,mlp,shap,correlation_group_median,group_wise,deletion,1,ATTACK,True,1,ATTACK,1.0,0.9994085205253214,50,0.9495104835100392,0.40772002499892795,0.5128505237782065,0.5417904585111113,0.43665995973183264,0.06172626293885651,0.029139913740944462,0.48467622757886014,0.8367209434509277,0.5235224476158619,0.31319849583506587,44.6,30.880000000000003,trapezoid_from_zero_normalized_by_max_fraction
cicids2017_binary,46,rid_74105010942e741d7107c797b640545a,mlp,shap,correlation_group_median,group_wise,deletion,1,ATTACK,True,1,ATTACK,1.0,0.9994085205253214,50,0.9498992990298434,0.4667618977409173,0.5146082455708556,0.48313740128892596,0.43529105345898766,0.06375784880726895,0.030431405944958467,0.42349184563680736,0.8225774765014648,0.5892525919377805,0.2333248845636844,46.6,39.019999999999996,trapezoid_from_zero_normalized_by_max_fraction
cicids2017_binary,46,rid_2db54221168e8f586f9c78bb4918b5d4,mlp,shap,correlation_group_median,group_wise,deletion,0,BENIGN,True,0,BENIGN,0.9999908808276814,0.0005823603023599,50,0.005620996665902567,0.005805071356995086,0.0043488186261938615,-0.00018407469109251912,0.0012721780397087056,0.0003718432023817594,0.0002639247204457261,-0.0007013671431661423,0.5372154116630554,0.6710588719248772,-0.1338434602618218,45.6,38.704,trapezoid_from_zero_normalized_by_max_fraction
cicids2017_binary,46,rid_c11a696fc62e305df7821a36403017a4,mlp,shap,correlation_group_median,group_wise,deletion,0,BENIGN,True,0,BENIGN,0.9999999999998715,0.0005914794745501,50,0.0006395361676057532,0.009451764140851866,0.012753276498944414,-0.008812227973246115,-0.01211374033133866,0.002689960944775171,0.0015783398254540948,-0.01190577403113614,0.5598432421684265,0.4535710774362087,0.10627216473221779,43.8,33.732,trapezoid_from_zero_normalized_by_max_fraction
cicids2017_binary,46,rid_591657dbc51fa5cba6110e4a2bc0389d,mlp,shap,correlation_group_median,group_wise,deletion,0,BENIGN,True,0,BENIGN,0.99999999040479,0.0005914698794686,50,0.00807069899468731,0.030568846475657847,0.0791941861357828,-0.02249814748097054,-0.07112348714109548,0.004724027868790102,0.0022106131665726755,-0.026830949287452985,1.0689977407455444,1.0622234108448028,0.006774329900741671,53.6,49.232,trapezoid_from_zero_normalized_by_max_fraction
cicids2017_binary,46,rid_c37e7f18a6e72502c51b38a935c05fe1,mlp,shap,correlation_group_median,group_wise,insertion,1,ATTACK,True,1,ATTACK,1.0,0.9994085205253214,50,0.9457328616874293,0.45996027164353004,0.9095467920489076,0.48577259004389917,0.036186069638521515,0.06423635256496886,0.031163549389148355,0.4246920332411684,0.7587167024612427,0.605999138623476,0.1527175638377667,41.4,33.260000000000005,trapezoid_from_zero_normalized_by_max_fraction
cicids2017_binary,46,rid_37cd12f48d67404f18703652ce8ca9d9,mlp,shap,correlation_group_median,group_wise,insertion,0,BENIGN,True,0,BENIGN,0.9999620826238242,0.0005535620985028,50,0.004232632773710065,0.003703804758708429,0.0027549463558237623,0.0005288280150016363,0.0014776864178863037,6.230171052292436e-05,4.5148415136383937e-05,0.0004403371213343238,0.7003772854804993,0.5228365820060716,0.17754070347442763,43.4,39.763999999999996,trapezoid_from_zero_normalized_by_max_fraction
cicids2017_binary,46,rid_8bf0913a12626463db1174068a238121,mlp,shap,correlation_group_median,group_wise,insertion,1,ATTACK,True,1,ATTACK,1.0,0.9994085205253214,50,0.9457328438060358,0.5163712858213112,0.8406982342304044,0.42936155798472464,0.10503460957563145,0.06588572012376501,0.03156135325426736,0.36750130560636063,0.6098429560661316,0.5204110243618488,0.08943193170428276,47.8,36.364,trapezoid_from_zero_normalized_by_max_fraction
cicids2017_binary,46,rid_413d94fc3f4d023fcbb5025f54532935,mlp,shap,correlation_group_median,group_wise,insertion,0,BENIGN,True,0,BENIGN,0.9999988732712382,0.0005903527459167,50,0.0042612465708998576,0.004239263478748284,0.003787124894929713,2.198309215157221e-05,0.0004741216759701442,6.3581880659971625e-06,2.9721350149291486e-06,1.6157707522311078e-05,0.4690484404563904,0.509405190974474,-0.04035675051808363,48.6,44.016,trapezoid_from_zero_normalized_by_max_fraction
cicids2017_binary,46,rid_2d7e85ed2cdb8a5f02ad124caeebe429,mlp,shap,correlation_group_median,group_wise,insertion,0,BENIGN,True,0,BENIGN,0.9999991190932178,0.0005905985678964,50,0.004264358155216997,0.003501583746474921,0.003910412663637721,0.0007627744087420752,0.0003539454915792746,0.00019331436869824193,0.00015899867135081035,0.00045113701289448686,0.48421382904052734,0.4147822181582452,0.06943161088228217,48.6,44.988,trapezoid_from_zero_normalized_by_max_fraction
cicids2017_binary,46,rid_830a74fc8667b1a2e2af223c9d2a2c10,mlp,shap,correlation_group_median,group_wise,insertion,0,BENIGN,True,0,BENIGN,0.999996375473529,0.0005878549482076,50,0.00426349953920635,0.003584811146842185,0.003373606867090814,0.0006786883923641652,0.0008898926721155362,0.00014756678687011856,8.63016564910347e-05,0.0005095371456417372,0.5516344904899597,0.5533264087829739,-0.001691918293014183,45.6,41.228,trapezoid_from_zero_normalized_by_max_fraction
cicids2017_binary,46,rid_246eaf0c1fac248deb765083c270bbcc,mlp,shap,correlation_group_median,group_wise,insertion,0,BENIGN,True,0,BENIGN,0.9999818898995728,0.0005733693742513,50,0.004253134403575132,-0.0011462972752883623,0.0026908747731951054,0.005399431678863493,0.0015622596303800263,0.0011416731600286008,0.0008825536938026396,0.003669626439010319,0.5592265129089355,0.6603316044211389,-0.10110509151220337,45.6,38.96,trapezoid_from_zero_normalized_by_max_fraction
cicids2017_binary,46,rid_1326d7841b59c92665d871af5511e3f8,mlp,shap,correlation_group_median,group_wise,insertion,1,ATTACK,True,1,ATTACK,1.0,0.9994085205253214,50,0.9457328616874293,0.6687768004061329,0.8197079614016852,0.27695606128129635,0.12602490028574403,0.059396637979432704,0.027942052151186243,0.2221896390649713,0.7142242193222046,0.7201923724412919,-0.005968153119087272,42.0,32.524,trapezoid_from_zero_normalized_by_max_fraction
cicids2017_binary,46,rid_f4e85fd27b14cf91010e12816d23de82,mlp,shap,correlation_group_median,group_wise,insertion,1,ATTACK,True,1,ATTACK,1.0,0.9994085205253214,50,0.9457328557269647,0.7248905851595338,0.8136415852361041,0.2208422705674311,0.13209127049086064,0.051119884444102766,0.024441209272623846,0.17293750039308836,0.7507643699645996,0.5625323811173439,0.18823198884725567,44.6,32.508,trapezoid_from_zero_normalized_by_max_fraction
cicids2017_binary,46,rid_5852990d34963aaadad7e90ef9bf633d,mlp,shap,correlation_group_median,group_wise,insertion,1,ATTACK,True,1,ATTACK,1.0,0.9994085205253214,50,0.9457328616874293,0.720163965276363,0.8387615726251247,0.2255688964110662,0.10697128906230456,0.05740850380958854,0.02714021332929651,0.17237407828564505,0.7531528472900391,0.725983823478222,0.027169023811817072,45.0,34.636,trapezoid_from_zero_normalized_by_max_fraction
cicids2017_binary,46,rid_91629040875b5b88fe453003d3c24213,mlp,shap,correlation_group_median,group_wise,insertion,1,ATTACK,True,1,ATTACK,1.0,0.9994085205253214,50,0.9457164346473291,0.5908600448363106,0.7453992220515413,0.3548563898110185,0.20031721259578786,0.06041021302567525,0.028375595582184616,0.2992402224699367,0.6660150289535522,0.4397162179127335,0.22629881104081873,44.6,38.928,trapezoid_from_zero_normalized_by_max_fraction
cicids2017_binary,46,rid_ef9fb628d94de42604b08b84713e8ae5,mlp,shap,correlation_group_median,group_wise,insertion,1,ATTACK,True,1,ATTACK,1.0,0.9994085205253214,50,0.9457328616874293,0.5056354217922063,0.8790189629686023,0.44009743989522293,0.066713898718827,0.06347736862695706,0.029976062035492853,0.38134435830565694,0.8367209434509277,0.5235224476158619,0.31319849583506587,44.6,30.880000000000003,trapezoid_from_zero_normalized_by_max_fraction
cicids2017_binary,46,rid_74105010942e741d7107c797b640545a,mlp,shap,correlation_group_median,group_wise,insertion,1,ATTACK,True,1,ATTACK,1.0,0.9994085205253214,50,0.9457328616874293,0.5974186448578862,0.8556149440371826,0.3483142168295431,0.09011791765024665,0.05503573362252721,0.0260384881532419,0.297278780049189,0.8225774765014648,0.5892525919377805,0.2333248845636844,46.6,39.019999999999996,trapezoid_from_zero_normalized_by_max_fraction
cicids2017_binary,46,rid_2db54221168e8f586f9c78bb4918b5d4,mlp,shap,correlation_group_median,group_wise,insertion,0,BENIGN,True,0,BENIGN,0.9999908808276814,0.0005823603023599,50,0.004259693763196992,0.0015150392182899848,0.00288005378146687,0.002744654544907007,0.0013796399817301223,0.000605103536995476,0.0004475720951586763,0.0018674132383960016,0.5372154116630554,0.6710588719248772,-0.1338434602618218,45.6,38.704,trapezoid_from_zero_normalized_by_max_fraction
cicids2017_binary,46,rid_c11a696fc62e305df7821a36403017a4,mlp,shap,correlation_group_median,group_wise,insertion,0,BENIGN,True,0,BENIGN,0.9999999999998715,0.0005914794745501,50,0.0042671383088112805,0.003598281693523802,0.001511436688745879,0.0006688566152874781,0.0027557016200654002,0.0001185696390772953,6.165792422515624e-05,0.0005480070838061718,0.5598432421684265,0.4535710774362087,0.10627216473221779,43.8,33.732,trapezoid_from_zero_normalized_by_max_fraction
cicids2017_binary,46,rid_591657dbc51fa5cba6110e4a2bc0389d,mlp,shap,correlation_group_median,group_wise,insertion,0,BENIGN,True,0,BENIGN,0.99999999040479,0.0005914698794686,50,0.004266848000234624,0.0032109772031927515,-0.019081572412390068,0.0010558707970418726,0.02334842041262469,0.00048644633357838624,0.0004863821254279958,0.00010256183120300089,1.0689977407455444,1.0622234108448028,0.006774329900741671,53.6,49.232,trapezoid_from_zero_normalized_by_max_fraction
cicids2017_binary,46,rid_c37e7f18a6e72502c51b38a935c05fe1,mlp,shap,correlation_group_joint_donor,group_wise_dependency_preserving,deletion,1,ATTACK,True,1,ATTACK,1.0,0.9994085205253214,50,0.5495073752066695,0.33253593440999685,0.3851389080353429,0.21697144079667263,0.16436846717132653,0.06235178225899514,0.0298121316354541,0.1585396627911826,0.39659348130226135,0.4497955049276352,-0.05320202362537385,41.4,28.064,trapezoid_from_zero_normalized_by_max_fraction
cicids2017_binary,46,rid_37cd12f48d67404f18703652ce8ca9d9,mlp,shap,correlation_group_joint_donor,group_wise_dependency_preserving,deletion,0,BENIGN,True,0,BENIGN,0.9999620826238242,0.0005535620985028,50,0.8068901726674085,0.11725641213117938,0.27371701501778484,0.689633760536229,0.5331731576496236,0.03866293326951853,0.018493189421311493,0.6533871092704585,1.0577478408813477,0.6248981564640999,0.4328496844172478,43.4,31.360000000000003,trapezoid_from_zero_normalized_by_max_fraction
cicids2017_binary,46,rid_8bf0913a12626463db1174068a238121,mlp,shap,correlation_group_joint_donor,group_wise_dependency_preserving,deletion,1,ATTACK,True,1,ATTACK,1.0,0.9994085205253214,50,0.7496443255913549,0.4301393646714373,0.4508898074402237,0.31950496091991754,0.2987545181511312,0.06524629558099228,0.030820494005029272,0.25909679267006014,0.6418843865394592,0.6543845019489527,-0.012500115409493473,47.8,33.507999999999996,trapezoid_from_zero_normalized_by_max_fraction
cicids2017_binary,46,rid_413d94fc3f4d023fcbb5025f54532935,mlp,shap,correlation_group_joint_donor,group_wise_dependency_preserving,deletion,0,BENIGN,True,0,BENIGN,0.9999988732712382,0.0005903527459167,50,6.596220832273403e-05,0.17129674810256057,0.2685998671945998,-0.17123078589423785,-0.26853390498627705,0.0476043307104435,0.023139629198676036,-0.21658445912364288,0.1036839485168457,0.09511363080143928,0.008570317715406423,48.6,47.712,trapezoid_from_zero_normalized_by_max_fraction
cicids2017_binary,46,rid_2d7e85ed2cdb8a5f02ad124caeebe429,mlp,shap,correlation_group_joint_donor,group_wise_dependency_preserving,deletion,0,BENIGN,True,0,BENIGN,0.9999991190932178,0.0005905985678964,50,0.3997794527043539,0.16490060488737562,0.26392660606789514,0.2348788478169782,0.13585284663645872,0.044282944479136596,0.021831743083351708,0.19208863137360888,1.0221099853515625,0.9347502698898313,0.08735971546173116,48.6,35.828,trapezoid_from_zero_normalized_by_max_fraction
cicids2017_binary,46,rid_830a74fc8667b1a2e2af223c9d2a2c10,mlp,shap,correlation_group_joint_donor,group_wise_dependency_preserving,deletion,0,BENIGN,True,0,BENIGN,0.999996375473529,0.0005878549482076,50,0.20801809552334635,0.1759004224814545,0.34293033077365087,0.03211767304189184,-0.1349122352503045,0.04817040070474635,0.023693059038503238,-0.01432072267357451,0.6675522923469543,0.5301669297665358,0.13738536258041856,45.6,32.251999999999995,trapezoid_from_zero_normalized_by_max_fraction
cicids2017_binary,46,rid_246eaf0c1fac248deb765083c270bbcc,mlp,shap,correlation_group_joint_donor,group_wise_dependency_preserving,deletion,0,BENIGN,True,0,BENIGN,0.9999818898995728,0.0005733693742513,50,0.5623707020463826,0.14144919385478932,0.31288686670413735,0.42092150819159324,0.24948383534224522,0.03907926184930941,0.01916061592693341,0.38336670097480374,1.1645240783691406,1.0093767766356467,0.1551473017334939,45.6,29.8,trapezoid_from_zero_normalized_by_max_fraction
cicids2017_binary,46,rid_1326d7841b59c92665d871af5511e3f8,mlp,shap,correlation_group_joint_donor,group_wise_dependency_preserving,deletion,1,ATTACK,True,1,ATTACK,1.0,0.9994085205253214,50,0.7498107347794758,0.3885081650776498,0.4294298240260333,0.36130256970182595,0.32038091075344244,0.06154479348374482,0.02907566126974784,0.3043142736131202,0.7779637575149536,0.771609907925129,0.006353849589824656,42.0,28.215999999999998,trapezoid_from_zero_normalized_by_max_fraction
cicids2017_binary,46,rid_f4e85fd27b14cf91010e12816d23de82,mlp,shap,correlation_group_joint_donor,group_wise_dependency_preserving,deletion,1,ATTACK,True,1,ATTACK,1.0,0.9994085205253214,50,0.9499959387488857,0.41362289901361077,0.42646078356844175,0.536373039735275,0.5235351551804441,0.060910615142920406,0.02944149047402153,0.47866771840619277,0.8051568865776062,0.48944387022405866,0.31571301635354754,44.6,38.148,trapezoid_from_zero_normalized_by_max_fraction
cicids2017_binary,46,rid_5852990d34963aaadad7e90ef9bf633d,mlp,shap,correlation_group_joint_donor,group_wise_dependency_preserving,deletion,1,ATTACK,True,1,ATTACK,1.0,0.9994085205253214,50,0.7494355171849109,0.4275118938677739,0.5024472950351285,0.32192362331713714,0.2469882221497824,0.06349829678083461,0.030000469919646527,0.26312270227462997,0.8207446932792664,0.7255578358173371,0.09518685746192923,45.0,33.904,trapezoid_from_zero_normalized_by_max_fraction
cicids2017_binary,46,rid_91629040875b5b88fe453003d3c24213,mlp,shap,correlation_group_joint_donor,group_wise_dependency_preserving,deletion,1,ATTACK,True,1,ATTACK,1.0,0.9994085205253214,50,0.9498480474301687,0.5550088417439358,0.47707118308329166,0.39483920568623276,0.47277686434687705,0.05952342922671311,0.028386375387212455,0.3392019099272964,1.2477983236312866,1.1304560014009475,0.11734232223033914,44.6,36.072,trapezoid_from_zero_normalized_by_max_fraction
cicids2017_binary,46,rid_ef9fb628d94de42604b08b84713e8ae5,mlp,shap,correlation_group_joint_donor,group_wise_dependency_preserving,deletion,1,ATTACK,True,1,ATTACK,1.0,0.9994085205253214,50,0.49976903161941455,0.503684274733387,0.4131108603620024,-0.003915243113972441,0.08665817125741214,0.06383493285736683,0.03018766045531879,-0.06308305760639726,1.0468554496765137,1.2776492039561271,-0.23079375427961346,44.6,31.184000000000005,trapezoid_from_zero_normalized_by_max_fraction
cicids2017_binary,46,rid_74105010942e741d7107c797b640545a,mlp,shap,correlation_group_joint_donor,group_wise_dependency_preserving,deletion,1,ATTACK,True,1,ATTACK,1.0,0.9994085205253214,50,0.9298617653210824,0.5458785727595922,0.4035924524913949,0.38398319256149016,0.5262693128296875,0.061121557605612345,0.028878168024839175,0.3273819832328054,1.3332891464233398,1.319053368091583,0.014235778331756821,46.6,33.308,trapezoid_from_zero_normalized_by_max_fraction
cicids2017_binary,46,rid_2db54221168e8f586f9c78bb4918b5d4,mlp,shap,correlation_group_joint_donor,group_wise_dependency_preserving,deletion,0,BENIGN,True,0,BENIGN,0.9999908808276814,0.0005823603023599,50,0.2900726422051843,0.25364305080614347,0.3073002855514476,0.03642959139904082,-0.01722764334626327,0.0553305075894384,0.026000537910823837,-0.014531462906173902,0.6486756205558777,0.4598260228931904,0.18884959766268727,45.6,35.983999999999995,trapezoid_from_zero_normalized_by_max_fraction
cicids2017_binary,46,rid_c11a696fc62e305df7821a36403017a4,mlp,shap,correlation_group_joint_donor,group_wise_dependency_preserving,deletion,0,BENIGN,True,0,BENIGN,0.9999999999998715,0.0005914794745501,50,0.40045537839778,0.15936294906076437,0.3162548097302499,0.24109242933701558,0.08420056866753006,0.041619677801117014,0.021784914991165454,0.1983939959543313,0.7761892080307007,0.9114894064068796,-0.1353001983761789,43.8,29.528,trapezoid_from_zero_normalized_by_max_fraction
cicids2017_binary,46,rid_591657dbc51fa5cba6110e4a2bc0389d,mlp,shap,correlation_group_joint_donor,group_wise_dependency_preserving,deletion,0,BENIGN,True,0,BENIGN,0.99999999040479,0.0005914698794686,50,0.33304658381273333,0.3731817613582379,0.2872593099181811,-0.040135177545504545,0.045787273894552165,0.05326521499438741,0.026405678233398518,-0.09189030688296564,1.151883840560913,1.1143820221424101,0.037501818418502975,53.6,45.916,trapezoid_from_zero_normalized_by_max_fraction
cicids2017_binary,46,rid_c37e7f18a6e72502c51b38a935c05fe1,mlp,shap,correlation_group_joint_donor,group_wise_dependency_preserving,insertion,1,ATTACK,True,1,ATTACK,1.0,0.9994085205253214,50,0.0,-0.25570234068243025,-0.0438502797021647,0.25570234068243025,0.0438502797021647,0.05749467152037201,0.027279707051923147,0.2022341148606609,0.39659348130226135,0.4497955049276352,-0.05320202362537385,41.4,28.064,trapezoid_from_zero_normalized_by_max_fraction
cicids2017_binary,46,rid_37cd12f48d67404f18703652ce8ca9d9,mlp,shap,correlation_group_joint_donor,group_wise_dependency_preserving,insertion,0,BENIGN,True,0,BENIGN,0.9999620826238242,0.0005535620985028,50,0.9496326558844885,0.6869024468578284,0.8995634049842166,0.26273020902666006,0.05006925090027183,0.054711349498347744,0.02567028280257839,0.21241645473360643,1.0577478408813477,0.6248981564640999,0.4328496844172478,43.4,31.360000000000003,trapezoid_from_zero_normalized_by_max_fraction
cicids2017_binary,46,rid_8bf0913a12626463db1174068a238121,mlp,shap,correlation_group_joint_donor,group_wise_dependency_preserving,insertion,1,ATTACK,True,1,ATTACK,1.0,0.9994085205253214,50,-0.009567439556121826,-0.34725832206756946,-0.10556641585486978,0.33769088251144763,0.09599897629874796,0.06283629231921883,0.02972499288659876,0.2794298964537141,0.6418843865394592,0.6543845019489527,-0.012500115409493473,47.8,33.507999999999996,trapezoid_from_zero_normalized_by_max_fraction
cicids2017_binary,46,rid_413d94fc3f4d023fcbb5025f54532935,mlp,shap,correlation_group_joint_donor,group_wise_dependency_preserving,insertion,0,BENIGN,True,0,BENIGN,0.9999988732712382,0.0005903527459167,50,-0.00033550477885455624,-0.09100922209054878,-0.03919359375571129,0.09067371731169421,0.03885808897685674,0.03217226508907588,0.014959573125576147,0.061352953985564965,0.1036839485168457,0.09511363080143928,0.008570317715406423,48.6,47.712,trapezoid_from_zero_normalized_by_max_fraction
cicids2017_binary,46,rid_2d7e85ed2cdb8a5f02ad124caeebe429,mlp,shap,correlation_group_joint_donor,group_wise_dependency_preserving,insertion,0,BENIGN,True,0,BENIGN,0.9999991190932178,0.0005905985678964,50,0.9499626900889666,0.769732759778956,0.914646000104161,0.1802299303100106,0.0353166899848056,0.047546513416813325,0.023102127093225275,0.13494976120728908,1.0221099853515625,0.9347502698898313,0.08735971546173116,48.6,35.828,trapezoid_from_zero_normalized_by_max_fraction
cicids2017_binary,46,rid_830a74fc8667b1a2e2af223c9d2a2c10,mlp,shap,correlation_group_joint_donor,group_wise_dependency_preserving,insertion,0,BENIGN,True,0,BENIGN,0.999996375473529,0.0005878549482076,50,0.8757657474514986,0.7372650636994307,0.9079238541228896,0.13850068375206784,-0.032158106671391025,0.04945665142936547,0.024330648351716395,0.09081261298270371,0.6675522923469543,0.5301669297665358,0.13738536258041856,45.6,32.251999999999995,trapezoid_from_zero_normalized_by_max_fraction
cicids2017_binary,46,rid_246eaf0c1fac248deb765083c270bbcc,mlp,shap,correlation_group_joint_donor,group_wise_dependency_preserving,insertion,0,BENIGN,True,0,BENIGN,0.9999818898995728,0.0005733693742513,50,0.9498735551751452,0.7076622530552736,0.8753541259264617,0.24221130211987163,0.07451942924868349,0.05561849788663072,0.026683001634474443,0.18991261891630173,1.1645240783691406,1.0093767766356467,0.1551473017334939,45.6,29.8,trapezoid_from_zero_normalized_by_max_fraction
cicids2017_binary,46,rid_1326d7841b59c92665d871af5511e3f8,mlp,shap,correlation_group_joint_donor,group_wise_dependency_preserving,insertion,1,ATTACK,True,1,ATTACK,1.0,0.9994085205253214,50,-0.013110244274139406,-0.3763158326419752,-0.16317414968059593,0.3632055883678359,0.15006390540645653,0.05971220034528812,0.02878373427821519,0.30678946918253414,0.7779637575149536,0.771609907925129,0.006353849589824656,42.0,28.215999999999998,trapezoid_from_zero_normalized_by_max_fraction
cicids2017_binary,46,rid_f4e85fd27b14cf91010e12816d23de82,mlp,shap,correlation_group_joint_donor,group_wise_dependency_preserving,insertion,1,ATTACK,True,1,ATTACK,1.0,0.9994085205253214,50,3.963708877563477e-07,-0.2928333193563545,-0.13315765989765488,0.29283371572724226,0.1331580562685426,0.05609166909830625,0.026049259379579703,0.24177716734326604,0.8051568865776062,0.48944387022405866,0.31571301635354754,44.6,38.148,trapezoid_from_zero_normalized_by_max_fraction
cicids2017_binary,46,rid_5852990d34963aaadad7e90ef9bf633d,mlp,shap,correlation_group_joint_donor,group_wise_dependency_preserving,insertion,1,ATTACK,True,1,ATTACK,1.0,0.9994085205253214,50,-0.0003769636154174805,-0.3289977529874861,-0.11130876908022855,0.32862078937206873,0.11093180546481107,0.06152340756716594,0.029392474490046772,0.27101153937157707,0.8207446932792664,0.7255578358173371,0.09518685746192923,45.0,33.904,trapezoid_from_zero_normalized_by_max_fraction
cicids2017_binary,46,rid_91629040875b5b88fe453003d3c24213,mlp,shap,correlation_group_joint_donor,group_wise_dependency_preserving,insertion,1,ATTACK,True,1,ATTACK,1.0,0.9994085205253214,50,0.8505880214991066,0.7009511974496792,0.7536415987301328,0.14963682404942746,0.09694642276897375,0.054230520110120806,0.02573956561991799,0.09918727543438821,1.2477983236312866,1.1304560014009475,0.11734232223033914,44.6,36.072,trapezoid_from_zero_normalized_by_max_fraction
cicids2017_binary,46,rid_ef9fb628d94de42604b08b84713e8ae5,mlp,shap,correlation_group_joint_donor,group_wise_dependency_preserving,insertion,1,ATTACK,True,1,ATTACK,1.0,0.9994085205253214,50,0.94994715733028,0.7360592936675125,0.8754722504011887,0.21388786366276724,0.07447490692909126,0.05494180642269762,0.02581403334397966,0.16329235830856711,1.0468554496765137,1.2776492039561271,-0.23079375427961346,44.6,31.184000000000005,trapezoid_from_zero_normalized_by_max_fraction
cicids2017_binary,46,rid_74105010942e741d7107c797b640545a,mlp,shap,correlation_group_joint_donor,group_wise_dependency_preserving,insertion,1,ATTACK,True,1,ATTACK,1.0,0.9994085205253214,50,0.9499722345403825,0.8425229927117,0.8887801672669151,0.10744924182868257,0.061192067273467286,0.0337209323054304,0.015971921646898386,0.07614427540076174,1.3332891464233398,1.319053368091583,0.014235778331756821,46.6,33.308,trapezoid_from_zero_normalized_by_max_fraction
cicids2017_binary,46,rid_2db54221168e8f586f9c78bb4918b5d4,mlp,shap,correlation_group_joint_donor,group_wise_dependency_preserving,insertion,0,BENIGN,True,0,BENIGN,0.9999908808276814,0.0005823603023599,50,0.0320609070848866,-0.1333708627691353,-0.02351147609011232,0.16543176985402186,0.05557238317499892,0.04647686436880252,0.022701248875582527,0.1209373220578801,0.6486756205558777,0.4598260228931904,0.18884959766268727,45.6,35.983999999999995,trapezoid_from_zero_normalized_by_max_fraction
cicids2017_binary,46,rid_c11a696fc62e305df7821a36403017a4,mlp,shap,correlation_group_joint_donor,group_wise_dependency_preserving,insertion,0,BENIGN,True,0,BENIGN,0.9999999999998715,0.0005914794745501,50,-2.109640188563411e-06,-0.2526601397865915,-0.04117073769604087,0.252658030146403,0.0411686280558523,0.05396393595131527,0.025395235654060887,0.20288336826444364,0.7761892080307007,0.9114894064068796,-0.1353001983761789,43.8,29.528,trapezoid_from_zero_normalized_by_max_fraction
cicids2017_binary,46,rid_591657dbc51fa5cba6110e4a2bc0389d,mlp,shap,correlation_group_joint_donor,group_wise_dependency_preserving,insertion,0,BENIGN,True,0,BENIGN,0.99999999040479,0.0005914698794686,50,0.9499997140115863,0.9420146201252815,0.9157243842739613,0.007985093886305044,0.03427532973762522,0.0066265107934888,0.004544887249389748,-0.0009228851224988618,1.151883840560913,1.1143820221424101,0.037501818418502975,53.6,45.916,trapezoid_from_zero_normalized_by_max_fraction
