task_id,seed,flow_id,model,method,operator,operator_family,functional_check,true_class_id,true_class,class_specific_inference_eligible,target_class_id,target_class,confidence,model_margin,random_feature_repetitions,attribution_effect_aopc,random_effect_mean_aopc,uniform_random_effect_mean_aopc,attribution_minus_random_aopc,attribution_minus_uniform_random_aopc,random_effect_standard_error_aopc,random_aopc_monte_carlo_standard_error,attribution_minus_random_aopc_mc_lower95,attribution_displacement_mean,matched_random_displacement_mean,attribution_minus_matched_displacement,coordinates_changed_mean,matched_random_coordinates_mean,aopc_definition
cicids2017_binary,43,rid_299f5020f6c0ee5585f68ea51b3a909c,cnn,integrated_gradients,training_median,baseline_marginal_constant,deletion,1,ATTACK,True,1,ATTACK,1.0,0.9990125139011072,50,0.4928961545228958,0.43830904021672906,0.1083953064021771,0.05458711430616678,0.3845008481207187,0.029992962929562383,0.01756962342273209,0.020150652397611886,1.976678490638733,1.8387990393638614,0.13787945127487156,18.4,18.4,trapezoid_from_zero_normalized_by_max_fraction
cicids2017_binary,43,rid_b63ceef3b9d6d5e5d52f011e88a99d75,cnn,integrated_gradients,training_median,baseline_marginal_constant,deletion,0,BENIGN,True,0,BENIGN,0.9999991862612204,0.0009866723601134,50,0.027241134665064237,0.053298117641074075,0.012371145617724748,-0.026056982976009835,0.014869989047339488,0.013358756935631709,0.009209829861892387,-0.044108249505318914,0.6626161932945251,0.5567963713407517,0.10581982195377349,18.4,18.4,trapezoid_from_zero_normalized_by_max_fraction
cicids2017_binary,43,rid_0d5718fa79fb7894e09279dc893a803e,cnn,integrated_gradients,training_median,baseline_marginal_constant,deletion,1,ATTACK,True,1,ATTACK,1.0,0.9990125139011072,50,0.6387509450316429,0.5070725649616652,0.12827449043933303,0.13167838006997773,0.51047645459231,0.034315964456117926,0.02000403181847448,0.09247047770576775,1.6528708934783936,1.5963558144569396,0.05651507902145392,18.4,18.4,trapezoid_from_zero_normalized_by_max_fraction
cicids2017_binary,43,rid_0fbdd24c1b1636c31eb464c10c4cd767,cnn,integrated_gradients,training_median,baseline_marginal_constant,deletion,0,BENIGN,True,0,BENIGN,0.999965887680446,0.0009533737793389,50,0.058888732452032855,0.020430240104193188,0.002578694761890574,0.038458492347839664,0.05631003769014228,0.0011476719268733563,0.0008295042325098005,0.036832664052120455,1.2263596057891846,0.7367112867236136,0.48964831906557094,18.4,18.4,trapezoid_from_zero_normalized_by_max_fraction
cicids2017_binary,43,rid_d4ee17856ce1b46d6111b2ca82a08247,cnn,integrated_gradients,training_median,baseline_marginal_constant,deletion,0,BENIGN,True,0,BENIGN,0.9999999996777164,0.0009874857766092,50,0.0033754586788074417,0.03412820003607313,0.002308615863714823,-0.03075274135726569,0.0010668428150926183,0.010968911344572842,0.005960932792929395,-0.042436169631407304,1.064104437828064,0.9394986681938171,0.12460576963424685,18.4,18.4,trapezoid_from_zero_normalized_by_max_fraction
cicids2017_binary,43,rid_a30282f714de912382c8a683d9075cb2,cnn,integrated_gradients,training_median,baseline_marginal_constant,deletion,0,BENIGN,True,0,BENIGN,0.999994920053723,0.0009824061526159,50,0.06017252959009056,0.04649569255056042,0.0016910161436006206,0.01367683703953014,0.05848151344648994,0.0010391428250138303,0.0008104346300595226,0.012088385164613476,0.8474957346916199,0.5242248444706201,0.32327089022099975,18.4,18.4,trapezoid_from_zero_normalized_by_max_fraction
cicids2017_binary,43,rid_d0761508812c12c771adea5e80b3733e,cnn,integrated_gradients,training_median,baseline_marginal_constant,deletion,0,BENIGN,True,0,BENIGN,0.9999982846898092,0.0009857707887021,50,0.05915445162888773,0.03912469528926013,0.0014977271091993602,0.020029756339627593,0.05765672451968837,0.0012375891213907357,0.0008494313232810571,0.01836487094599672,0.7097512483596802,0.4198868654966354,0.2898643828630448,18.4,18.4,trapezoid_from_zero_normalized_by_max_fraction
cicids2017_binary,43,rid_a1ed68623ba0430e56f4ee82b60cb189,cnn,integrated_gradients,training_median,baseline_marginal_constant,deletion,0,BENIGN,True,0,BENIGN,0.9999999976535074,0.0009874837524003,50,0.03873507790032947,0.016456658320413174,0.0004567151317224403,0.022278419579916296,0.038278362768607035,0.0009213119247786201,0.0008810659297860946,0.02055153035753555,5.398665428161621,5.003155035972595,0.39551039218902595,18.4,18.4,trapezoid_from_zero_normalized_by_max_fraction
cicids2017_binary,43,rid_dba24fc6ab50ddfc1c7e2883730920f1,cnn,integrated_gradients,training_median,baseline_marginal_constant,deletion,0,BENIGN,True,0,BENIGN,0.9999978442522206,0.0009853303511135,50,0.059408196962613145,0.03847595376465117,0.0019582020024542716,0.02093224319796198,0.05744999496015887,0.002394367628220237,0.0014830821111683152,0.01802540226007208,0.7970837354660034,0.48981164436042307,0.30727209110558035,18.4,18.4,trapezoid_from_zero_normalized_by_max_fraction
cicids2017_binary,43,rid_06ab8b94dacdf1e99c27598d627fd5e7,cnn,integrated_gradients,training_median,baseline_marginal_constant,deletion,1,ATTACK,True,1,ATTACK,0.9999985098838806,0.9990110237849876,50,0.7673692196607589,0.6066049766641517,0.20355796156400177,0.16076424299660722,0.5638112580967573,0.03196695793803049,0.017849641022471715,0.12577894659256267,1.154843807220459,0.9362990975379943,0.21854470968246464,18.4,18.4,trapezoid_from_zero_normalized_by_max_fraction
cicids2017_binary,43,rid_e3dd721c6ead4c5beb8c97214764fe93,cnn,integrated_gradients,training_median,baseline_marginal_constant,deletion,1,ATTACK,True,1,ATTACK,1.0,0.9990125139011072,50,0.7851246301084757,0.643640583629778,0.1673519238283625,0.1414840464786976,0.6177727062801132,0.0368416923321391,0.017883345730172914,0.1064326888475587,1.8249906301498413,1.7624873313903808,0.06250329875946048,18.4,18.4,trapezoid_from_zero_normalized_by_max_fraction
cicids2017_binary,43,rid_4549d0f84e4654e49b146ef9247a3cad,cnn,integrated_gradients,training_median,baseline_marginal_constant,deletion,1,ATTACK,True,1,ATTACK,1.0,0.9990125139011072,50,0.8122388096991926,0.6128760637473315,0.1343838961343281,0.19936274595186115,0.6778549135648646,0.03279611278068298,0.01795659675515045,0.16416781631176627,1.9523223638534546,1.8909188528060912,0.06140351104736341,18.4,18.4,trapezoid_from_zero_normalized_by_max_fraction
cicids2017_binary,43,rid_94b322d0c9af6a93a1587e589cac48ea,cnn,integrated_gradients,training_median,baseline_marginal_constant,deletion,1,ATTACK,True,1,ATTACK,1.0,0.9990125139011072,50,0.6702650710940361,0.5492090497111495,0.11423905363547056,0.12105602138288665,0.5560260174585655,0.03644048358999384,0.021532558922159075,0.07885220589545486,1.403843641281128,1.386557661294937,0.017285979986190858,18.4,18.4,trapezoid_from_zero_normalized_by_max_fraction
cicids2017_binary,43,rid_dc6b295865e7aabc28fd5e1b8a0b5b30,cnn,integrated_gradients,training_median,baseline_marginal_constant,deletion,1,ATTACK,True,1,ATTACK,1.0,0.9990125139011072,50,0.7547159552574157,0.6463333142058691,0.1743664075410925,0.10838264105154667,0.5803495477163233,0.032587650278092586,0.017557869253507854,0.07396921731467128,2.239095687866211,2.1623252329826355,0.07677045488357548,18.4,18.4,trapezoid_from_zero_normalized_by_max_fraction
cicids2017_binary,43,rid_a736dce9f3e61ea8d8876c86d0ac0751,cnn,integrated_gradients,training_median,baseline_marginal_constant,deletion,1,ATTACK,True,1,ATTACK,1.0,0.9990125139011072,50,0.7470132384565659,0.6249361718501641,0.15087919577572032,0.12207706660640177,0.5961340426808456,0.03244160149608742,0.01808607495649641,0.08662835969166881,1.4487996101379395,1.4982942600250244,-0.04949464988708496,18.4,18.4,trapezoid_from_zero_normalized_by_max_fraction
cicids2017_binary,43,rid_40e563444b684608e6d176b713ea43e7,cnn,integrated_gradients,training_median,baseline_marginal_constant,deletion,0,BENIGN,True,0,BENIGN,0.9999994095625198,0.0009868956614126,50,0.016823088313964264,0.04313182508901092,0.013298704241222837,-0.02630873677504665,0.003524384072741427,0.010436446755201351,0.006561900187804743,-0.03917006114314395,0.6731139421463013,0.5086504088640214,0.16446353328227992,18.4,18.4,trapezoid_from_zero_normalized_by_max_fraction
cicids2017_binary,43,rid_299f5020f6c0ee5585f68ea51b3a909c,cnn,integrated_gradients,training_median,baseline_marginal_constant,insertion,1,ATTACK,True,1,ATTACK,1.0,0.9990125139011072,50,0.7548258244991303,0.6614028132618054,0.26456615828785107,0.09342301123732487,0.49025966621127914,0.021311733826345148,0.013018958331850194,0.06790585290689849,1.976678490638733,1.8387990393638614,0.13787945127487156,18.4,18.4,trapezoid_from_zero_normalized_by_max_fraction
cicids2017_binary,43,rid_b63ceef3b9d6d5e5d52f011e88a99d75,cnn,integrated_gradients,training_median,baseline_marginal_constant,insertion,0,BENIGN,True,0,BENIGN,0.9999991862612204,0.0009866723601134,50,0.06529923481894002,0.02436496825965554,-0.04532544643358824,0.04093426655928448,0.11062468125252828,0.009467118863752542,0.005898979761911212,0.0293722662259385,0.6626161932945251,0.5567963713407517,0.10581982195377349,18.4,18.4,trapezoid_from_zero_normalized_by_max_fraction
cicids2017_binary,43,rid_0d5718fa79fb7894e09279dc893a803e,cnn,integrated_gradients,training_median,baseline_marginal_constant,insertion,1,ATTACK,True,1,ATTACK,1.0,0.9990125139011072,50,0.7399366505444049,0.6702255983847804,0.2924319583391056,0.06971105215962463,0.4475046922052993,0.020486570682620223,0.012344517136103328,0.04551579857286211,1.6528708934783936,1.5963558144569396,0.05651507902145392,18.4,18.4,trapezoid_from_zero_normalized_by_max_fraction
cicids2017_binary,43,rid_0fbdd24c1b1636c31eb464c10c4cd767,cnn,integrated_gradients,training_median,baseline_marginal_constant,insertion,0,BENIGN,True,0,BENIGN,0.999965887680446,0.0009533737793389,50,0.06547892887656417,0.05650364944778266,0.032165756223581414,0.008975279428781504,0.03331317265298275,0.0019907896592963855,0.00121394804634964,0.00659594125793621,1.2263596057891846,0.7367112867236136,0.48964831906557094,18.4,18.4,trapezoid_from_zero_normalized_by_max_fraction
cicids2017_binary,43,rid_d4ee17856ce1b46d6111b2ca82a08247,cnn,integrated_gradients,training_median,baseline_marginal_constant,insertion,0,BENIGN,True,0,BENIGN,0.9999999996777164,0.0009874857766092,50,0.06507911292291871,0.04602832607155628,-0.006336386279127774,0.01905078685136242,0.07141549920204647,0.008754159733568696,0.005155849368875463,0.008945322088366514,1.064104437828064,0.9394986681938171,0.12460576963424685,18.4,18.4,trapezoid_from_zero_normalized_by_max_fraction
cicids2017_binary,43,rid_a30282f714de912382c8a683d9075cb2,cnn,integrated_gradients,training_median,baseline_marginal_constant,insertion,0,BENIGN,True,0,BENIGN,0.999994920053723,0.0009824061526159,50,0.06556793308885744,0.06281317867371092,0.03882173326721476,0.0027547544151465216,0.02674619982164268,0.0005463280993660435,0.000422624625039238,0.001926410150069615,0.8474957346916199,0.5242248444706201,0.32327089022099975,18.4,18.4,trapezoid_from_zero_normalized_by_max_fraction
cicids2017_binary,43,rid_d0761508812c12c771adea5e80b3733e,cnn,integrated_gradients,training_median,baseline_marginal_constant,insertion,0,BENIGN,True,0,BENIGN,0.9999982846898092,0.0009857707887021,50,0.06557322992405261,0.06115703222637316,0.03774134075608662,0.00441619769767945,0.027831889167965987,0.001032937315936443,0.0006765428791021587,0.003090173654639219,0.7097512483596802,0.4198868654966354,0.2898643828630448,18.4,18.4,trapezoid_from_zero_normalized_by_max_fraction
cicids2017_binary,43,rid_a1ed68623ba0430e56f4ee82b60cb189,cnn,integrated_gradients,training_median,baseline_marginal_constant,insertion,0,BENIGN,True,0,BENIGN,0.9999999976535074,0.0009874837524003,50,-0.0014908660893254919,0.05444498323167779,0.033348385586425056,-0.05593584932100328,-0.03483925167575055,0.0029299855740201044,0.0020051863435976572,-0.05986601455445469,5.398665428161621,5.003155035972595,0.39551039218902595,18.4,18.4,trapezoid_from_zero_normalized_by_max_fraction
cicids2017_binary,43,rid_dba24fc6ab50ddfc1c7e2883730920f1,cnn,integrated_gradients,training_median,baseline_marginal_constant,insertion,0,BENIGN,True,0,BENIGN,0.9999978442522206,0.0009853303511135,50,0.06557179416012104,0.06163115070515311,0.0399524694572799,0.003940643454967926,0.025619324702841142,0.0009392495385994986,0.0006504693724270288,0.00266572348501095,0.7970837354660034,0.48981164436042307,0.30727209110558035,18.4,18.4,trapezoid_from_zero_normalized_by_max_fraction
cicids2017_binary,43,rid_06ab8b94dacdf1e99c27598d627fd5e7,cnn,integrated_gradients,training_median,baseline_marginal_constant,insertion,1,ATTACK,True,1,ATTACK,0.9999985098838806,0.9990110237849876,50,0.7867609493434429,0.5915537355249052,0.18506821424776718,0.19520721381853764,0.6016927350956758,0.02514202785728805,0.01412789434582218,0.16751654090072618,1.154843807220459,0.9362990975379943,0.21854470968246464,18.4,18.4,trapezoid_from_zero_normalized_by_max_fraction
cicids2017_binary,43,rid_e3dd721c6ead4c5beb8c97214764fe93,cnn,integrated_gradients,training_median,baseline_marginal_constant,insertion,1,ATTACK,True,1,ATTACK,1.0,0.9990125139011072,50,0.7842075556516648,0.7312888010082697,0.2621802196327335,0.052918754643395016,0.5220273360189313,0.014067247896807298,0.00904222957179356,0.03519598468267964,1.8249906301498413,1.7624873313903808,0.06250329875946048,18.4,18.4,trapezoid_from_zero_normalized_by_max_fraction
cicids2017_binary,43,rid_4549d0f84e4654e49b146ef9247a3cad,cnn,integrated_gradients,training_median,baseline_marginal_constant,insertion,1,ATTACK,True,1,ATTACK,1.0,0.9990125139011072,50,0.8081520020961761,0.7195104893221869,0.2515712278842984,0.08864151277398923,0.5565807742118778,0.016699360135667685,0.01039398124705483,0.06826930952976176,1.9523223638534546,1.8909188528060912,0.06140351104736341,18.4,18.4,trapezoid_from_zero_normalized_by_max_fraction
cicids2017_binary,43,rid_94b322d0c9af6a93a1587e589cac48ea,cnn,integrated_gradients,training_median,baseline_marginal_constant,insertion,1,ATTACK,True,1,ATTACK,1.0,0.9990125139011072,50,0.7954087048768997,0.7018479430271937,0.22960353815545384,0.09356076184970609,0.5658051667214459,0.014459316957278966,0.008915195283961239,0.07608697909314206,1.403843641281128,1.386557661294937,0.017285979986190858,18.4,18.4,trapezoid_from_zero_normalized_by_max_fraction
cicids2017_binary,43,rid_dc6b295865e7aabc28fd5e1b8a0b5b30,cnn,integrated_gradients,training_median,baseline_marginal_constant,insertion,1,ATTACK,True,1,ATTACK,1.0,0.9990125139011072,50,0.7489680156111718,0.7187312871704343,0.2352453514118024,0.030236728440737354,0.5137226641993693,0.021055682228123197,0.012478654006359929,0.005778566588271895,2.239095687866211,2.1623252329826355,0.07677045488357548,18.4,18.4,trapezoid_from_zero_normalized_by_max_fraction
cicids2017_binary,43,rid_a736dce9f3e61ea8d8876c86d0ac0751,cnn,integrated_gradients,training_median,baseline_marginal_constant,insertion,1,ATTACK,True,1,ATTACK,1.0,0.9990125139011072,50,0.7474327400326729,0.7056057880884437,0.23833839210412405,0.04182695194422924,0.5090943479285488,0.01783228563741127,0.010843597806186118,0.020573500244104446,1.4487996101379395,1.4982942600250244,-0.04949464988708496,18.4,18.4,trapezoid_from_zero_normalized_by_max_fraction
cicids2017_binary,43,rid_40e563444b684608e6d176b713ea43e7,cnn,integrated_gradients,training_median,baseline_marginal_constant,insertion,0,BENIGN,True,0,BENIGN,0.9999994095625198,0.0009868956614126,50,0.03621178720646298,-0.015283017006704796,-0.04108397985612783,0.051494804213167766,0.07729576706259081,0.013473486319657347,0.008179042131685911,0.03546388163506338,0.6731139421463013,0.5086504088640214,0.16446353328227992,18.4,18.4,trapezoid_from_zero_normalized_by_max_fraction
cicids2017_binary,43,rid_299f5020f6c0ee5585f68ea51b3a909c,cnn,integrated_gradients,target_class_median,baseline_marginal_constant,deletion,1,ATTACK,True,1,ATTACK,1.0,0.9990125139011072,50,0.3204728826880455,0.30400184021529275,0.09947120214565439,0.016471042472752755,0.22100168054239114,0.038650703564824015,0.019802413278575935,-0.022341687553256075,1.9209041595458984,1.7739543056488039,0.14694985389709458,18.4,18.4,trapezoid_from_zero_normalized_by_max_fraction
cicids2017_binary,43,rid_b63ceef3b9d6d5e5d52f011e88a99d75,cnn,integrated_gradients,target_class_median,baseline_marginal_constant,deletion,0,BENIGN,True,0,BENIGN,0.9999991862612204,0.0009866723601134,50,0.0073942474188243065,0.006160110112915399,0.0036220765949770807,0.0012341373059089088,0.0037721708238472266,0.003677847119278977,0.0024927637731156495,-0.0036516796893977634,0.6863740682601929,0.641559967637062,0.04481410062313085,18.4,18.4,trapezoid_from_zero_normalized_by_max_fraction
cicids2017_binary,43,rid_0d5718fa79fb7894e09279dc893a803e,cnn,integrated_gradients,target_class_median,baseline_marginal_constant,deletion,1,ATTACK,True,1,ATTACK,1.0,0.9990125139011072,50,0.23923470675945283,0.40840103557168184,0.12457275380939246,-0.16916632881222904,0.11466195295006038,0.042896603846352924,0.021925073749519974,-0.2121394733612882,1.5353857278823853,1.5049254081249237,0.03046031975746155,18.4,18.4,trapezoid_from_zero_normalized_by_max_fraction
cicids2017_binary,43,rid_0fbdd24c1b1636c31eb464c10c4cd767,cnn,integrated_gradients,target_class_median,baseline_marginal_constant,deletion,0,BENIGN,True,0,BENIGN,0.999965887680446,0.0009533737793389,50,-2.904414102431474e-05,-1.8027923540827827e-05,3.579667949534837e-05,-1.101621748348691e-05,-6.484082051966311e-05,3.957939799722594e-06,2.3537886067023904e-06,-1.5629643152623595e-05,0.5734244585037231,0.2976104247868061,0.27581403371691704,18.4,18.4,trapezoid_from_zero_normalized_by_max_fraction
cicids2017_binary,43,rid_d4ee17856ce1b46d6111b2ca82a08247,cnn,integrated_gradients,target_class_median,baseline_marginal_constant,deletion,0,BENIGN,True,0,BENIGN,0.9999999996777164,0.0009874857766092,50,0.0006759237984756306,0.0021334486726316583,0.0007032014541117235,-0.0014575248741560277,-2.7277655636092824e-05,0.0013523267191290235,0.0008198280008729198,-0.0030643877558669506,1.1021679639816284,1.0604998471736908,0.04166811680793758,18.4,18.4,trapezoid_from_zero_normalized_by_max_fraction
cicids2017_binary,43,rid_a30282f714de912382c8a683d9075cb2,cnn,integrated_gradients,target_class_median,baseline_marginal_constant,deletion,0,BENIGN,True,0,BENIGN,0.999994920053723,0.0009824061526159,50,-1.9496926029205497e-06,-1.5131644876191783e-06,-4.787131044849957e-07,-4.3652811530137114e-07,-1.470979498435554e-06,1.4833425301322692e-07,7.715947422741671e-08,-5.877606847871079e-07,0.1873316913843155,0.07155844498798251,0.11577324639633298,18.4,18.4,trapezoid_from_zero_normalized_by_max_fraction
cicids2017_binary,43,rid_d0761508812c12c771adea5e80b3733e,cnn,integrated_gradients,target_class_median,baseline_marginal_constant,deletion,0,BENIGN,True,0,BENIGN,0.9999982846898092,0.0009857707887021,50,9.95417451576941e-07,7.248405653399459e-07,3.371649557948331e-07,2.7057688623699507e-07,6.582524957821079e-07,1.0768197739969261e-07,5.6390549616456395e-08,1.6005140898874053e-07,0.0773695856332779,0.04019213567301631,0.03717744996026158,18.4,18.4,trapezoid_from_zero_normalized_by_max_fraction
cicids2017_binary,43,rid_a1ed68623ba0430e56f4ee82b60cb189,cnn,integrated_gradients,target_class_median,baseline_marginal_constant,deletion,0,BENIGN,True,0,BENIGN,0.9999999976535074,0.0009874837524003,50,1.1115859002486238e-06,4.055411706239354e-06,1.853846195458586e-06,-2.943825805990729e-06,-7.422602952099621e-07,1.1518705183543394e-06,7.765156676884891e-07,-4.465796514660168e-06,5.256932735443115,4.984759397506712,0.27217333793640286,18.4,18.4,trapezoid_from_zero_normalized_by_max_fraction
cicids2017_binary,43,rid_dba24fc6ab50ddfc1c7e2883730920f1,cnn,integrated_gradients,target_class_median,baseline_marginal_constant,deletion,0,BENIGN,True,0,BENIGN,0.9999978442522206,0.0009853303511135,50,6.298473181232111e-07,5.09711168888316e-07,4.1452051254964316e-07,1.2013614923489512e-07,2.1532680557356795e-07,1.3320378600660275e-07,6.795884843786775e-08,-1.3063193703325656e-08,0.14081083238124847,0.0534874291792512,0.08732340320199727,18.4,18.4,trapezoid_from_zero_normalized_by_max_fraction
cicids2017_binary,43,rid_06ab8b94dacdf1e99c27598d627fd5e7,cnn,integrated_gradients,target_class_median,baseline_marginal_constant,deletion,1,ATTACK,True,1,ATTACK,0.9999985098838806,0.9990110237849876,50,0.07196730077266694,0.1286755188305542,0.09861978581175208,-0.05670821805788727,-0.026652485039085155,0.03599949271184728,0.01928040391825525,-0.09449780973766755,0.8710508346557617,0.7336955575942994,0.13735527706146233,18.4,18.4,trapezoid_from_zero_normalized_by_max_fraction
cicids2017_binary,43,rid_e3dd721c6ead4c5beb8c97214764fe93,cnn,integrated_gradients,target_class_median,baseline_marginal_constant,deletion,1,ATTACK,True,1,ATTACK,1.0,0.9990125139011072,50,0.35876445658504963,0.41263251884020063,0.178938031413476,-0.05386806225515102,0.17982642517157366,0.04095812584559813,0.02160108887026435,-0.09620619644086914,1.7960809469223022,1.693274359703064,0.1028065872192383,18.4,18.4,trapezoid_from_zero_normalized_by_max_fraction
cicids2017_binary,43,rid_4549d0f84e4654e49b146ef9247a3cad,cnn,integrated_gradients,target_class_median,baseline_marginal_constant,deletion,1,ATTACK,True,1,ATTACK,1.0,0.9990125139011072,50,0.3748801570385695,0.322176480807444,0.14166529533453287,0.05270367623112544,0.23321486170403657,0.03689045828569938,0.020255927799321526,0.013002057744455252,1.9157044887542725,1.793478501558304,0.12222598719596856,18.4,18.4,trapezoid_from_zero_normalized_by_max_fraction
cicids2017_binary,43,rid_94b322d0c9af6a93a1587e589cac48ea,cnn,integrated_gradients,target_class_median,baseline_marginal_constant,deletion,1,ATTACK,True,1,ATTACK,1.0,0.9990125139011072,50,0.4456513375043869,0.37313489838258374,0.16451287801253422,0.07251643912180315,0.2811384594918527,0.035573151027413055,0.0213088516857799,0.030751089817674555,1.3222498893737793,1.338044488430023,-0.015794599056243808,18.4,18.4,trapezoid_from_zero_normalized_by_max_fraction
cicids2017_binary,43,rid_dc6b295865e7aabc28fd5e1b8a0b5b30,cnn,integrated_gradients,target_class_median,baseline_marginal_constant,deletion,1,ATTACK,True,1,ATTACK,1.0,0.9990125139011072,50,0.15582235753536225,0.2552597813536995,0.17445190167683178,-0.09943742381833724,-0.0186295441414695,0.038878837590384005,0.0206728804410276,-0.13995626948275133,2.177717685699463,2.0400706906318664,0.13764699506759648,18.4,18.4,trapezoid_from_zero_normalized_by_max_fraction
cicids2017_binary,43,rid_a736dce9f3e61ea8d8876c86d0ac0751,cnn,integrated_gradients,target_class_median,baseline_marginal_constant,deletion,1,ATTACK,True,1,ATTACK,1.0,0.9990125139011072,50,0.3593132647685706,0.2616053231629139,0.15471580163529142,0.09770794160565674,0.20459746313327926,0.02710911237993413,0.015242400286310506,0.06783283704448814,1.3658760786056519,1.338791370391846,0.02708470821380593,18.4,18.4,trapezoid_from_zero_normalized_by_max_fraction
cicids2017_binary,43,rid_40e563444b684608e6d176b713ea43e7,cnn,integrated_gradients,target_class_median,baseline_marginal_constant,deletion,0,BENIGN,True,0,BENIGN,0.9999994095625198,0.0009868956614126,50,0.00359679114421283,0.009492395308727572,0.0024137688586870314,-0.005895604164514741,0.0011830222855257985,0.004402782092716999,0.003181883296888628,-0.012132095426416453,0.7651591300964355,0.6759544544219971,0.08920467567443846,18.4,18.4,trapezoid_from_zero_normalized_by_max_fraction
cicids2017_binary,43,rid_299f5020f6c0ee5585f68ea51b3a909c,cnn,integrated_gradients,target_class_median,baseline_marginal_constant,insertion,1,ATTACK,True,1,ATTACK,1.0,0.9990125139011072,50,-0.04044848382472992,-0.052169271300081164,-0.21998870972578877,0.011720787475351244,0.1795402259010589,0.011842887437410158,0.009129145323789221,-0.00617233735927563,1.9209041595458984,1.7739543056488039,0.14694985389709458,18.4,18.4,trapezoid_from_zero_normalized_by_max_fraction
cicids2017_binary,43,rid_b63ceef3b9d6d5e5d52f011e88a99d75,cnn,integrated_gradients,target_class_median,baseline_marginal_constant,insertion,0,BENIGN,True,0,BENIGN,0.9999991862612204,0.0009866723601134,50,2.499106029579812e-06,-0.00563874436084624,-0.004071703558386781,0.00564124346687582,0.004074202664416361,0.0027303662452822456,0.0016302910722022093,0.00244587296535949,0.6863740682601929,0.641559967637062,0.04481410062313085,18.4,18.4,trapezoid_from_zero_normalized_by_max_fraction
cicids2017_binary,43,rid_0d5718fa79fb7894e09279dc893a803e,cnn,integrated_gradients,target_class_median,baseline_marginal_constant,insertion,1,ATTACK,True,1,ATTACK,1.0,0.9990125139011072,50,-0.005265167355537415,-0.030305576816201205,-0.24223014704004162,0.02504040946066379,0.2369649796845042,0.01015120656642864,0.007211256234553365,0.010906347240939198,1.5353857278823853,1.5049254081249237,0.03046031975746155,18.4,18.4,trapezoid_from_zero_normalized_by_max_fraction
cicids2017_binary,43,rid_0fbdd24c1b1636c31eb464c10c4cd767,cnn,integrated_gradients,target_class_median,baseline_marginal_constant,insertion,0,BENIGN,True,0,BENIGN,0.999965887680446,0.0009533737793389,50,-3.546581987166064e-05,-8.210706437145632e-05,-1.7086408812986066e-05,4.664124449979567e-05,-1.8379411058674574e-05,8.932481520908889e-06,5.594037308812232e-06,3.56769313745237e-05,0.5734244585037231,0.2976104247868061,0.27581403371691704,18.4,18.4,trapezoid_from_zero_normalized_by_max_fraction
cicids2017_binary,43,rid_d4ee17856ce1b46d6111b2ca82a08247,cnn,integrated_gradients,target_class_median,baseline_marginal_constant,insertion,0,BENIGN,True,0,BENIGN,0.9999999996777164,0.0009874857766092,50,2.451489341215307e-06,-0.0028521148789260225,-0.004638676141983107,0.0028545663682672377,0.004641127631324323,0.0016893478995022152,0.0010747386648398151,0.0007480785851812,1.1021679639816284,1.0604998471736908,0.04166811680793758,18.4,18.4,trapezoid_from_zero_normalized_by_max_fraction
cicids2017_binary,43,rid_a30282f714de912382c8a683d9075cb2,cnn,integrated_gradients,target_class_median,baseline_marginal_constant,insertion,0,BENIGN,True,0,BENIGN,0.999994920053723,0.0009824061526159,50,-1.743385951158416e-06,-1.6869197150981562e-06,-6.992143539719109e-07,-5.646623606025978e-08,-1.044171597186505e-06,1.626767486047794e-07,8.911407000404278e-08,-2.3112981326818364e-07,0.1873316913843155,0.07155844498798251,0.11577324639633298,18.4,18.4,trapezoid_from_zero_normalized_by_max_fraction
cicids2017_binary,43,rid_d0761508812c12c771adea5e80b3733e,cnn,integrated_gradients,target_class_median,baseline_marginal_constant,insertion,0,BENIGN,True,0,BENIGN,0.9999982846898092,0.0009857707887021,50,9.898926066398416e-07,4.6354157495898103e-07,4.6306288709274676e-08,5.263510316808606e-07,9.43586317930567e-07,1.0675071838360055e-07,5.735761919988983e-08,4.1393009804907655e-07,0.0773695856332779,0.04019213567301631,0.03717744996026158,18.4,18.4,trapezoid_from_zero_normalized_by_max_fraction
cicids2017_binary,43,rid_a1ed68623ba0430e56f4ee82b60cb189,cnn,integrated_gradients,target_class_median,baseline_marginal_constant,insertion,0,BENIGN,True,0,BENIGN,0.9999999976535074,0.0009874837524003,50,-7.916508785221766e-06,-3.9406422262411334e-07,-9.850658581625814e-06,-7.5224445625976536e-06,1.9341497964040487e-06,9.216608224985808e-07,6.748047645381961e-07,-8.845061901092517e-06,5.256932735443115,4.984759397506712,0.27217333793640286,18.4,18.4,trapezoid_from_zero_normalized_by_max_fraction
cicids2017_binary,43,rid_dba24fc6ab50ddfc1c7e2883730920f1,cnn,integrated_gradients,target_class_median,baseline_marginal_constant,insertion,0,BENIGN,True,0,BENIGN,0.9999978442522206,0.0009853303511135,50,4.936564209856442e-07,-2.002025155434238e-08,-2.1063662029519035e-07,5.136766725399865e-07,7.042930412808345e-07,1.40688183542276e-07,7.737416794337388e-08,3.6202330337097367e-07,0.14081083238124847,0.0534874291792512,0.08732340320199727,18.4,18.4,trapezoid_from_zero_normalized_by_max_fraction
cicids2017_binary,43,rid_06ab8b94dacdf1e99c27598d627fd5e7,cnn,integrated_gradients,target_class_median,baseline_marginal_constant,insertion,1,ATTACK,True,1,ATTACK,0.9999985098838806,0.9990110237849876,50,-0.0011802524328231813,-0.06336723128147423,-0.10998270812248302,0.062186978848651056,0.10880245568965984,0.02052821709021682,0.011655777300374148,0.03934165533991772,0.8710508346557617,0.7336955575942994,0.13735527706146233,18.4,18.4,trapezoid_from_zero_normalized_by_max_fraction
cicids2017_binary,43,rid_e3dd721c6ead4c5beb8c97214764fe93,cnn,integrated_gradients,target_class_median,baseline_marginal_constant,insertion,1,ATTACK,True,1,ATTACK,1.0,0.9990125139011072,50,-2.496838569641113e-05,-0.04049368843599222,-0.16359528411824067,0.04046872005029581,0.16357031573254427,0.012029063312969133,0.008586432363109209,0.02363931261860176,1.7960809469223022,1.693274359703064,0.1028065872192383,18.4,18.4,trapezoid_from_zero_normalized_by_max_fraction
cicids2017_binary,43,rid_4549d0f84e4654e49b146ef9247a3cad,cnn,integrated_gradients,target_class_median,baseline_marginal_constant,insertion,1,ATTACK,True,1,ATTACK,1.0,0.9990125139011072,50,-0.010011619329452513,-0.05610768017172814,-0.1510588480538581,0.04609606084227562,0.1410472287244056,0.01635035173705254,0.010343762166145496,0.025822286996630448,1.9157044887542725,1.793478501558304,0.12222598719596856,18.4,18.4,trapezoid_from_zero_normalized_by_max_fraction
cicids2017_binary,43,rid_94b322d0c9af6a93a1587e589cac48ea,cnn,integrated_gradients,target_class_median,baseline_marginal_constant,insertion,1,ATTACK,True,1,ATTACK,1.0,0.9990125139011072,50,-4.190206527709962e-06,-0.04022029418684543,-0.17216086817076576,0.04021610398031772,0.17215667796423806,0.013166919319636112,0.008210310038667842,0.02412389630452875,1.3222498893737793,1.338044488430023,-0.015794599056243808,18.4,18.4,trapezoid_from_zero_normalized_by_max_fraction
cicids2017_binary,43,rid_dc6b295865e7aabc28fd5e1b8a0b5b30,cnn,integrated_gradients,target_class_median,baseline_marginal_constant,insertion,1,ATTACK,True,1,ATTACK,1.0,0.9990125139011072,50,-0.12591600716114043,-0.09334019672777502,-0.20541782752197466,-0.0325758104333654,0.07950182036083424,0.023702641562558885,0.012587841209881276,-0.05724797920473271,2.177717685699463,2.0400706906318664,0.13764699506759648,18.4,18.4,trapezoid_from_zero_normalized_by_max_fraction
cicids2017_binary,43,rid_a736dce9f3e61ea8d8876c86d0ac0751,cnn,integrated_gradients,target_class_median,baseline_marginal_constant,insertion,1,ATTACK,True,1,ATTACK,1.0,0.9990125139011072,50,-0.03616349101066589,-0.05134323276544456,-0.17672458137135255,0.015179741754778663,0.14056109036068667,0.015989573363543678,0.010057128229332097,-0.004532229574712245,1.3658760786056519,1.338791370391846,0.02708470821380593,18.4,18.4,trapezoid_from_zero_normalized_by_max_fraction
cicids2017_binary,43,rid_40e563444b684608e6d176b713ea43e7,cnn,integrated_gradients,target_class_median,baseline_marginal_constant,insertion,0,BENIGN,True,0,BENIGN,0.9999994095625198,0.0009868956614126,50,-2.3860411317855323e-05,-0.008399140393999709,-0.006950682108539772,0.008375279982681854,0.006926821697221917,0.0038965844075347558,0.0021539466775672045,0.004153544494650133,0.7651591300964355,0.6759544544219971,0.08920467567443846,18.4,18.4,trapezoid_from_zero_normalized_by_max_fraction
cicids2017_binary,43,rid_299f5020f6c0ee5585f68ea51b3a909c,cnn,integrated_gradients,joint_donor,dependency_preserving,deletion,1,ATTACK,True,1,ATTACK,1.0,0.9990125139011072,50,0.20498330295085906,0.33316974895142193,0.10902610917628044,-0.1281864460005629,0.09595719377457862,0.03972934404672997,0.02160712091773551,-0.1705364029993245,1.3388941287994385,1.2577349810600282,0.08115914773941024,18.4,18.4,trapezoid_from_zero_normalized_by_max_fraction
cicids2017_binary,43,rid_b63ceef3b9d6d5e5d52f011e88a99d75,cnn,integrated_gradients,joint_donor,dependency_preserving,deletion,0,BENIGN,True,0,BENIGN,0.9999991862612204,0.0009866723601134,50,0.006817246411503986,0.09373873885923273,0.04463897768859679,-0.08692149244772875,-0.037821731277092804,0.02432578851972322,0.014549962608665864,-0.11543941916071385,0.6825747489929199,0.6270179216861725,0.05555682730674738,18.4,18.4,trapezoid_from_zero_normalized_by_max_fraction
cicids2017_binary,43,rid_0d5718fa79fb7894e09279dc893a803e,cnn,integrated_gradients,joint_donor,dependency_preserving,deletion,1,ATTACK,True,1,ATTACK,1.0,0.9990125139011072,50,0.4957998770260019,0.37579078720180203,0.13327438791892565,0.12000908982419985,0.36252548910707627,0.05064214602413969,0.026093739121042993,0.06886536114695557,1.7524303197860718,1.6877838687896727,0.0646464509963991,18.4,18.4,trapezoid_from_zero_normalized_by_max_fraction
cicids2017_binary,43,rid_0fbdd24c1b1636c31eb464c10c4cd767,cnn,integrated_gradients,joint_donor,dependency_preserving,deletion,0,BENIGN,True,0,BENIGN,0.999965887680446,0.0009533737793389,50,0.1996598982459545,0.2027158478059701,0.06403319681752971,-0.0030559495600155917,0.1356267014284248,0.03878971235418778,0.02365485470543801,-0.04941946478267409,1.4977037906646729,1.0552843749523162,0.44241941571235666,18.4,18.4,trapezoid_from_zero_normalized_by_max_fraction
cicids2017_binary,43,rid_d4ee17856ce1b46d6111b2ca82a08247,cnn,integrated_gradients,joint_donor,dependency_preserving,deletion,0,BENIGN,True,0,BENIGN,0.9999999996777164,0.0009874857766092,50,0.0003796258464021485,0.12074184859931207,0.020682712266668943,-0.12036222275290993,-0.020303086420266795,0.026548922232965025,0.016107953509611268,-0.15193381163174802,1.0958172082901,1.0191846334934236,0.07663257479667651,18.4,18.4,trapezoid_from_zero_normalized_by_max_fraction
cicids2017_binary,43,rid_a30282f714de912382c8a683d9075cb2,cnn,integrated_gradients,joint_donor,dependency_preserving,deletion,0,BENIGN,True,0,BENIGN,0.999994920053723,0.0009824061526159,50,0.5033756618870029,0.26868824012569764,0.06334259938125886,0.2346874217613053,0.4400330625057441,0.048628250151084546,0.026160869571701613,0.18341211740077015,1.0873628854751587,1.3327722713947296,-0.24540938591957095,18.4,18.4,trapezoid_from_zero_normalized_by_max_fraction
cicids2017_binary,43,rid_d0761508812c12c771adea5e80b3733e,cnn,integrated_gradients,joint_donor,dependency_preserving,deletion,0,BENIGN,True,0,BENIGN,0.9999982846898092,0.0009857707887021,50,0.2172279765783401,0.2285380251381977,0.05753001617004194,-0.011310048559857663,0.15969796040829812,0.04620076916232305,0.025681447642266333,-0.06164568593869968,0.8650520443916321,0.8089539741277696,0.05609807026386249,18.4,18.4,trapezoid_from_zero_normalized_by_max_fraction
cicids2017_binary,43,rid_a1ed68623ba0430e56f4ee82b60cb189,cnn,integrated_gradients,joint_donor,dependency_preserving,deletion,0,BENIGN,True,0,BENIGN,0.9999999976535074,0.0009874837524003,50,0.29849261754713186,0.05749015332625468,0.025144685543578103,0.24100246422087723,0.2733479320035538,0.015621223426556924,0.011532340153610508,0.21839907751980064,5.426205635070801,5.0313255405426025,0.3948800945281983,18.4,18.4,trapezoid_from_zero_normalized_by_max_fraction
cicids2017_binary,43,rid_dba24fc6ab50ddfc1c7e2883730920f1,cnn,integrated_gradients,joint_donor,dependency_preserving,deletion,0,BENIGN,True,0,BENIGN,0.9999978442522206,0.0009853303511135,50,0.14049657383800426,0.07129392158456836,0.042132147226769764,0.06920265225343585,0.09836442661123448,0.0234710876184514,0.013835369334056342,0.04208532835868542,0.20138946175575256,0.10816887451708317,0.0932205872386694,18.4,18.4,trapezoid_from_zero_normalized_by_max_fraction
cicids2017_binary,43,rid_06ab8b94dacdf1e99c27598d627fd5e7,cnn,integrated_gradients,joint_donor,dependency_preserving,deletion,1,ATTACK,True,1,ATTACK,0.9999985098838806,0.9990110237849876,50,0.6070245814509689,0.4447005863452342,0.21620898118493415,0.16232399510573475,0.39081560026603485,0.052186215080686445,0.026273250930181895,0.11082842328257825,1.2405917644500732,1.0610159051418304,0.17957585930824282,18.4,18.4,trapezoid_from_zero_normalized_by_max_fraction
cicids2017_binary,43,rid_e3dd721c6ead4c5beb8c97214764fe93,cnn,integrated_gradients,joint_donor,dependency_preserving,deletion,1,ATTACK,True,1,ATTACK,1.0,0.9990125139011072,50,0.39973990544676774,0.37429910848763703,0.15693254322337816,0.02544079695913072,0.24280736222338964,0.04999475670866792,0.02596831945539399,-0.025457109173441496,1.92864990234375,1.6812168731689454,0.2474330291748046,18.4,18.4,trapezoid_from_zero_normalized_by_max_fraction
cicids2017_binary,43,rid_4549d0f84e4654e49b146ef9247a3cad,cnn,integrated_gradients,joint_donor,dependency_preserving,deletion,1,ATTACK,True,1,ATTACK,1.0,0.9990125139011072,50,0.4987507537007332,0.3427296500514483,0.11946406788312744,0.1560211036492849,0.3792866858176058,0.04431206982503636,0.02371792694961856,0.10953396682803251,1.7231519222259521,1.6345459828376772,0.08860593938827499,18.4,18.4,trapezoid_from_zero_normalized_by_max_fraction
cicids2017_binary,43,rid_94b322d0c9af6a93a1587e589cac48ea,cnn,integrated_gradients,joint_donor,dependency_preserving,deletion,1,ATTACK,True,1,ATTACK,1.0,0.9990125139011072,50,0.39640744059869915,0.35366970211211934,0.14679079511349988,0.04273773848657982,0.2496166454851993,0.04953846220962411,0.026332121470194227,-0.008873219595000863,1.5479093790054321,1.3794021103382113,0.16850726866722088,18.4,18.4,trapezoid_from_zero_normalized_by_max_fraction
cicids2017_binary,43,rid_dc6b295865e7aabc28fd5e1b8a0b5b30,cnn,integrated_gradients,joint_donor,dependency_preserving,deletion,1,ATTACK,True,1,ATTACK,1.0,0.9990125139011072,50,0.5944089176271519,0.37715757024482494,0.13400440153433513,0.2172513473823269,0.46040451609281674,0.048328960463044704,0.025893368113839018,0.16650034587920243,2.2998874187469482,2.1798856358528136,0.12000178289413466,18.4,18.4,trapezoid_from_zero_normalized_by_max_fraction
cicids2017_binary,43,rid_a736dce9f3e61ea8d8876c86d0ac0751,cnn,integrated_gradients,joint_donor,dependency_preserving,deletion,1,ATTACK,True,1,ATTACK,1.0,0.9990125139011072,50,0.810837364429608,0.4346877485669275,0.15385048272297946,0.37614961586268053,0.6569868817066286,0.05468986237543898,0.02676965067726632,0.3236811005352386,1.3588552474975586,1.3202366628646849,0.03861858463287371,18.4,18.4,trapezoid_from_zero_normalized_by_max_fraction
cicids2017_binary,43,rid_40e563444b684608e6d176b713ea43e7,cnn,integrated_gradients,joint_donor,dependency_preserving,deletion,0,BENIGN,True,0,BENIGN,0.9999994095625198,0.0009868956614126,50,0.04622123504138358,0.17670375388228587,0.024840282846752312,-0.1304825188409023,0.02138095219463127,0.03597003430470847,0.020480158895716943,-0.1706236302765075,0.7266044616699219,0.7025540995597839,0.024050362110138,18.4,18.4,trapezoid_from_zero_normalized_by_max_fraction
cicids2017_binary,43,rid_299f5020f6c0ee5585f68ea51b3a909c,cnn,integrated_gradients,joint_donor,dependency_preserving,insertion,1,ATTACK,True,1,ATTACK,1.0,0.9990125139011072,50,-0.1503007281571627,-0.23901740942520053,-0.4303429848217183,0.08871668126803788,0.28004225666455557,0.0410155758229343,0.02074304763035274,0.04806030791254651,1.3388941287994385,1.2577349810600282,0.08115914773941024,18.4,18.4,trapezoid_from_zero_normalized_by_max_fraction
cicids2017_binary,43,rid_b63ceef3b9d6d5e5d52f011e88a99d75,cnn,integrated_gradients,joint_donor,dependency_preserving,insertion,0,BENIGN,True,0,BENIGN,0.9999991862612204,0.0009866723601134,50,0.8880033775002396,0.7264372320535663,0.6134731602767984,0.16156614544667336,0.2745302172234411,0.04961752413182127,0.023639632327570752,0.1152324660846347,0.6825747489929199,0.6270179216861725,0.05555682730674738,18.4,18.4,trapezoid_from_zero_normalized_by_max_fraction
cicids2017_binary,43,rid_0d5718fa79fb7894e09279dc893a803e,cnn,integrated_gradients,joint_donor,dependency_preserving,insertion,1,ATTACK,True,1,ATTACK,1.0,0.9990125139011072,50,0.8343719170092413,0.6467300403654656,0.472449867886906,0.1876418766437758,0.3619220491223353,0.05362710373048623,0.025480674051613743,0.13769975550261288,1.7524303197860718,1.6877838687896727,0.0646464509963991,18.4,18.4,trapezoid_from_zero_normalized_by_max_fraction
cicids2017_binary,43,rid_0fbdd24c1b1636c31eb464c10c4cd767,cnn,integrated_gradients,joint_donor,dependency_preserving,insertion,0,BENIGN,True,0,BENIGN,0.999965887680446,0.0009533737793389,50,0.7120217678238987,0.7057644026453214,0.624296685524756,0.006257365178577376,0.08772508229914268,0.0467736636400224,0.022385837480587627,-0.037618876283374375,1.4977037906646729,1.0552843749523162,0.44241941571235666,18.4,18.4,trapezoid_from_zero_normalized_by_max_fraction
cicids2017_binary,43,rid_d4ee17856ce1b46d6111b2ca82a08247,cnn,integrated_gradients,joint_donor,dependency_preserving,insertion,0,BENIGN,True,0,BENIGN,0.9999999996777164,0.0009874857766092,50,0.9499985645394552,0.757298636483092,0.6465496489099242,0.19269992805636324,0.303448915629531,0.0331765477525576,0.01739664950997399,0.15860249501681423,1.0958172082901,1.0191846334934236,0.07663257479667651,18.4,18.4,trapezoid_from_zero_normalized_by_max_fraction
cicids2017_binary,43,rid_a30282f714de912382c8a683d9075cb2,cnn,integrated_gradients,joint_donor,dependency_preserving,insertion,0,BENIGN,True,0,BENIGN,0.999994920053723,0.0009824061526159,50,0.926350257200716,0.7807932361406473,0.597370603372886,0.14555702106006863,0.3289796538278299,0.042099032290081315,0.01899274485109736,0.1083312411519178,1.0873628854751587,1.3327722713947296,-0.24540938591957095,18.4,18.4,trapezoid_from_zero_normalized_by_max_fraction
cicids2017_binary,43,rid_d0761508812c12c771adea5e80b3733e,cnn,integrated_gradients,joint_donor,dependency_preserving,insertion,0,BENIGN,True,0,BENIGN,0.9999982846898092,0.0009857707887021,50,0.9499982083089576,0.7577492697444549,0.6276470693194547,0.19224893856450279,0.32235113898950307,0.04223199538614916,0.019994529677321137,0.15305966039695335,0.8650520443916321,0.8089539741277696,0.05609807026386249,18.4,18.4,trapezoid_from_zero_normalized_by_max_fraction
cicids2017_binary,43,rid_a1ed68623ba0430e56f4ee82b60cb189,cnn,integrated_gradients,joint_donor,dependency_preserving,insertion,0,BENIGN,True,0,BENIGN,0.9999999976535074,0.0009874837524003,50,0.8430977449097159,0.6762549614369051,0.5709758485881571,0.16684278347281067,0.2721218963215586,0.048524949183501746,0.02394119425279692,0.1199180427373287,5.426205635070801,5.0313255405426025,0.3948800945281983,18.4,18.4,trapezoid_from_zero_normalized_by_max_fraction
cicids2017_binary,43,rid_dba24fc6ab50ddfc1c7e2883730920f1,cnn,integrated_gradients,joint_donor,dependency_preserving,insertion,0,BENIGN,True,0,BENIGN,0.9999978442522206,0.0009853303511135,50,-0.0038070355592494387,-0.2723382606750325,-0.3612321858163226,0.268531225115783,0.35742515025707317,0.05212527496333247,0.025658747807986822,0.2182400794121288,0.20138946175575256,0.10816887451708317,0.0932205872386694,18.4,18.4,trapezoid_from_zero_normalized_by_max_fraction
cicids2017_binary,43,rid_06ab8b94dacdf1e99c27598d627fd5e7,cnn,integrated_gradients,joint_donor,dependency_preserving,insertion,1,ATTACK,True,1,ATTACK,0.9999985098838806,0.9990110237849876,50,0.5034717104655078,0.5969540156095499,0.41472974767477344,-0.09348230514404218,0.08874196279073432,0.055300565357825404,0.02602182476621272,-0.1444850816858191,1.2405917644500732,1.0610159051418304,0.17957585930824282,18.4,18.4,trapezoid_from_zero_normalized_by_max_fraction
cicids2017_binary,43,rid_e3dd721c6ead4c5beb8c97214764fe93,cnn,integrated_gradients,joint_donor,dependency_preserving,insertion,1,ATTACK,True,1,ATTACK,1.0,0.9990125139011072,50,0.7999718313680205,0.681338320781079,0.5345989613638851,0.11863351058694149,0.26537287000413545,0.046425049364679435,0.021571689759605227,0.07635299865811525,1.92864990234375,1.6812168731689454,0.2474330291748046,18.4,18.4,trapezoid_from_zero_normalized_by_max_fraction
cicids2017_binary,43,rid_4549d0f84e4654e49b146ef9247a3cad,cnn,integrated_gradients,joint_donor,dependency_preserving,insertion,1,ATTACK,True,1,ATTACK,1.0,0.9990125139011072,50,0.9458317257231101,0.6401380846682787,0.4899092678221228,0.30569364105483143,0.4559224579009873,0.04743495619965733,0.02316510853275926,0.2602900283306233,1.7231519222259521,1.6345459828376772,0.08860593938827499,18.4,18.4,trapezoid_from_zero_normalized_by_max_fraction
cicids2017_binary,43,rid_94b322d0c9af6a93a1587e589cac48ea,cnn,integrated_gradients,joint_donor,dependency_preserving,insertion,1,ATTACK,True,1,ATTACK,1.0,0.9990125139011072,50,0.9499947978677483,0.7073968618661426,0.47158088770078677,0.24259793600160565,0.47841391016696155,0.04585327323403761,0.02109942904723051,0.20124305506903384,1.5479093790054321,1.3794021103382113,0.16850726866722088,18.4,18.4,trapezoid_from_zero_normalized_by_max_fraction
cicids2017_binary,43,rid_dc6b295865e7aabc28fd5e1b8a0b5b30,cnn,integrated_gradients,joint_donor,dependency_preserving,insertion,1,ATTACK,True,1,ATTACK,1.0,0.9990125139011072,50,0.6982572698084042,0.6724517792542167,0.44825631375119074,0.02580549055418744,0.2500009560572134,0.050738621614525775,0.023350352086316545,-0.019961199534992986,2.2998874187469482,2.1798856358528136,0.12000178289413466,18.4,18.4,trapezoid_from_zero_normalized_by_max_fraction
cicids2017_binary,43,rid_a736dce9f3e61ea8d8876c86d0ac0751,cnn,integrated_gradients,joint_donor,dependency_preserving,insertion,1,ATTACK,True,1,ATTACK,1.0,0.9990125139011072,50,-0.26156788183581053,-0.18633672718397343,-0.4161354663515767,-0.0752311546518371,0.1545675845157661,0.037356899657395914,0.017746762619712003,-0.11001480938647262,1.3588552474975586,1.3202366628646849,0.03861858463287371,18.4,18.4,trapezoid_from_zero_normalized_by_max_fraction
cicids2017_binary,43,rid_40e563444b684608e6d176b713ea43e7,cnn,integrated_gradients,joint_donor,dependency_preserving,insertion,0,BENIGN,True,0,BENIGN,0.9999994095625198,0.0009868956614126,50,0.5999881239779574,0.7383146482874157,0.6042013385555804,-0.1383265243094583,-0.004213214577623137,0.039937075203948694,0.018777344219991804,-0.17513011898064224,0.7266044616699219,0.7025540995597839,0.024050362110138,18.4,18.4,trapezoid_from_zero_normalized_by_max_fraction
cicids2017_binary,43,rid_299f5020f6c0ee5585f68ea51b3a909c,cnn,integrated_gradients,target_class_donor,dependency_preserving_conditional_on_class,deletion,1,ATTACK,True,1,ATTACK,1.0,0.9990125139011072,50,0.22641131877899168,0.10972395997308194,0.07049162656841146,0.11668735880590972,0.15591969221058022,0.026833484969207864,0.015363357644724632,0.08657517782224944,0.5933204889297485,0.488740629196167,0.10457985973358153,18.4,18.4,trapezoid_from_zero_normalized_by_max_fraction
cicids2017_binary,43,rid_b63ceef3b9d6d5e5d52f011e88a99d75,cnn,integrated_gradients,target_class_donor,dependency_preserving_conditional_on_class,deletion,0,BENIGN,True,0,BENIGN,0.9999991862612204,0.0009866723601134,50,0.00856611323947618,0.008066617064733952,0.008981672800495022,0.0004994961747422297,-0.0004155595610188412,0.006397367135148876,0.004099529581778633,-0.0075355818055438915,0.6842150688171387,0.6663153789043427,0.017899689912796002,18.4,18.4,trapezoid_from_zero_normalized_by_max_fraction
cicids2017_binary,43,rid_0d5718fa79fb7894e09279dc893a803e,cnn,integrated_gradients,target_class_donor,dependency_preserving_conditional_on_class,deletion,1,ATTACK,True,1,ATTACK,1.0,0.9990125139011072,50,1.677274703979492e-05,0.19331489436704508,0.07560058522102191,-0.19329812162000531,-0.07558381247398212,0.04093080436443665,0.021556963055085115,-0.23554976920797213,1.6446771621704102,1.5234993066787719,0.12117785549163829,18.4,18.4,trapezoid_from_zero_normalized_by_max_fraction
cicids2017_binary,43,rid_0fbdd24c1b1636c31eb464c10c4cd767,cnn,integrated_gradients,target_class_donor,dependency_preserving_conditional_on_class,deletion,0,BENIGN,True,0,BENIGN,0.999965887680446,0.0009533737793389,50,0.08281458531521368,0.004188061937496013,0.003102810888578347,0.07862652337771765,0.07971177442663531,0.002070249378709343,0.0011753566511811507,0.0763228243414026,1.5986379384994507,1.294387318611145,0.3042506198883057,18.4,18.4,trapezoid_from_zero_normalized_by_max_fraction
cicids2017_binary,43,rid_d4ee17856ce1b46d6111b2ca82a08247,cnn,integrated_gradients,target_class_donor,dependency_preserving_conditional_on_class,deletion,0,BENIGN,True,0,BENIGN,0.9999999996777164,0.0009874857766092,50,0.00046674668555903855,0.0033441316638107266,0.00023543873392288094,-0.002877384978251688,0.0002313079516361576,0.0026842104437976595,0.0024929498949934647,-0.007763566772438879,1.1114869117736816,1.0710132291316987,0.04047368264198292,18.4,18.4,trapezoid_from_zero_normalized_by_max_fraction
cicids2017_binary,43,rid_a30282f714de912382c8a683d9075cb2,cnn,integrated_gradients,target_class_donor,dependency_preserving_conditional_on_class,deletion,0,BENIGN,True,0,BENIGN,0.999994920053723,0.0009824061526159,50,0.0009758708686604221,0.00894143335868984,0.003889547225672598,-0.007965562490029419,-0.0029136763570121755,0.006628109488867089,0.003343357497980572,-0.01451854318607134,1.0461727380752563,1.0456072158813474,0.0005655221939089294,18.4,18.4,trapezoid_from_zero_normalized_by_max_fraction
cicids2017_binary,43,rid_d0761508812c12c771adea5e80b3733e,cnn,integrated_gradients,target_class_donor,dependency_preserving_conditional_on_class,deletion,0,BENIGN,True,0,BENIGN,0.9999982846898092,0.0009857707887021,50,0.002311364999570742,0.019269656802494456,0.009038755279591738,-0.016958291802923714,-0.006727390280020994,0.014048439070951081,0.007509374538449167,-0.03167666589828408,0.9909080266952515,0.8988788131475449,0.09202921354770655,18.4,18.4,trapezoid_from_zero_normalized_by_max_fraction
cicids2017_binary,43,rid_a1ed68623ba0430e56f4ee82b60cb189,cnn,integrated_gradients,target_class_donor,dependency_preserving_conditional_on_class,deletion,0,BENIGN,True,0,BENIGN,0.9999999976535074,0.0009874837524003,50,0.00041497618059763706,0.0018396008248129287,0.0066164727354880324,-0.0014246246442152918,-0.006201496554890394,0.0015348957358196301,0.0009376569264663329,-0.0032624322200893044,5.276228904724121,4.909601272583007,0.36662763214111393,18.4,18.4,trapezoid_from_zero_normalized_by_max_fraction
cicids2017_binary,43,rid_dba24fc6ab50ddfc1c7e2883730920f1,cnn,integrated_gradients,target_class_donor,dependency_preserving_conditional_on_class,deletion,0,BENIGN,True,0,BENIGN,0.9999978442522206,0.0009853303511135,50,0.19930203722176426,0.00773646947631971,0.00897773113418372,0.1915655677454446,0.19032430608758058,0.006494647217834824,0.005496410882760772,0.18079260241523348,1.2639988660812378,1.2509113531112672,0.013087512969970572,18.4,18.4,trapezoid_from_zero_normalized_by_max_fraction
cicids2017_binary,43,rid_06ab8b94dacdf1e99c27598d627fd5e7,cnn,integrated_gradients,target_class_donor,dependency_preserving_conditional_on_class,deletion,1,ATTACK,True,1,ATTACK,0.9999985098838806,0.9990110237849876,50,0.12046854197978973,0.27450586880686023,0.14954804219027573,-0.1540373268270705,-0.029079500210485984,0.04343524577200399,0.023716698786522095,-0.2005220564486538,0.7419044375419617,0.6371639990806579,0.10474043846130376,18.4,18.4,trapezoid_from_zero_normalized_by_max_fraction
cicids2017_binary,43,rid_e3dd721c6ead4c5beb8c97214764fe93,cnn,integrated_gradients,target_class_donor,dependency_preserving_conditional_on_class,deletion,1,ATTACK,True,1,ATTACK,1.0,0.9990125139011072,50,0.32408433258533476,0.33916371614988017,0.11742096210832823,-0.01507938356454542,0.20666337047700653,0.049510680829013894,0.025164669577226694,-0.06440213593590974,1.7858524322509766,1.6592860333919526,0.126566398859024,18.4,18.4,trapezoid_from_zero_normalized_by_max_fraction
cicids2017_binary,43,rid_4549d0f84e4654e49b146ef9247a3cad,cnn,integrated_gradients,target_class_donor,dependency_preserving_conditional_on_class,deletion,1,ATTACK,True,1,ATTACK,1.0,0.9990125139011072,50,0.4259762693196535,0.1695152015562344,0.08472252740524709,0.2564610677634191,0.3412537419144064,0.03454585157731483,0.01830078314014139,0.22059153280874197,1.9549291133880615,1.856619577407837,0.09830953598022463,18.4,18.4,trapezoid_from_zero_normalized_by_max_fraction
cicids2017_binary,43,rid_94b322d0c9af6a93a1587e589cac48ea,cnn,integrated_gradients,target_class_donor,dependency_preserving_conditional_on_class,deletion,1,ATTACK,True,1,ATTACK,1.0,0.9990125139011072,50,0.0003426045179367066,0.12374451604194474,0.10880900451232446,-0.12340191152400803,-0.10846639999438776,0.03323323002507164,0.017970335447335645,-0.1586237690007859,0.3832460343837738,0.24643963591009382,0.13680639847367998,18.4,18.4,trapezoid_from_zero_normalized_by_max_fraction
cicids2017_binary,43,rid_dc6b295865e7aabc28fd5e1b8a0b5b30,cnn,integrated_gradients,target_class_donor,dependency_preserving_conditional_on_class,deletion,1,ATTACK,True,1,ATTACK,1.0,0.9990125139011072,50,0.10202195942401887,0.25059020276210503,0.12897277681343258,-0.14856824333808616,-0.02695081738941371,0.04269635767891438,0.02129290519434927,-0.1903023375190107,2.253183364868164,2.0749372034072877,0.17824616146087635,18.4,18.4,trapezoid_from_zero_normalized_by_max_fraction
cicids2017_binary,43,rid_a736dce9f3e61ea8d8876c86d0ac0751,cnn,integrated_gradients,target_class_donor,dependency_preserving_conditional_on_class,deletion,1,ATTACK,True,1,ATTACK,1.0,0.9990125139011072,50,0.3640822608955204,0.17115268982108683,0.08346165295142964,0.1929295710744336,0.28062060794409077,0.0375984327879322,0.02044172872390237,0.15286378277558493,1.4103041887283325,1.381891409397125,0.02841277933120745,18.4,18.4,trapezoid_from_zero_normalized_by_max_fraction
cicids2017_binary,43,rid_40e563444b684608e6d176b713ea43e7,cnn,integrated_gradients,target_class_donor,dependency_preserving_conditional_on_class,deletion,0,BENIGN,True,0,BENIGN,0.9999994095625198,0.0009868956614126,50,0.00751364174065543,0.013434256558812765,0.014707577956340662,-0.005920614818157335,-0.007193936215685232,0.005495748988666586,0.003409675253122035,-0.012603578314276522,0.7695479393005371,0.7003620495796203,0.06918588972091677,18.4,18.4,trapezoid_from_zero_normalized_by_max_fraction
cicids2017_binary,43,rid_299f5020f6c0ee5585f68ea51b3a909c,cnn,integrated_gradients,target_class_donor,dependency_preserving_conditional_on_class,insertion,1,ATTACK,True,1,ATTACK,1.0,0.9990125139011072,50,-0.01829876005649567,-0.11406299267918803,-0.14567811662278837,0.09576423262269236,0.1273793565662927,0.03346827910194137,0.018145021391011457,0.06019999069630991,0.5933204889297485,0.488740629196167,0.10457985973358153,18.4,18.4,trapezoid_from_zero_normalized_by_max_fraction
cicids2017_binary,43,rid_b63ceef3b9d6d5e5d52f011e88a99d75,cnn,integrated_gradients,target_class_donor,dependency_preserving_conditional_on_class,insertion,0,BENIGN,True,0,BENIGN,0.9999991862612204,0.0009866723601134,50,2.6384978694171667e-06,-0.011896900459247448,-0.011287342408099975,0.011899538957116863,0.011289980905969391,0.009378655070008499,0.004756233807878322,0.0025773206936753525,0.6842150688171387,0.6663153789043427,0.017899689912796002,18.4,18.4,trapezoid_from_zero_normalized_by_max_fraction
cicids2017_binary,43,rid_0d5718fa79fb7894e09279dc893a803e,cnn,integrated_gradients,target_class_donor,dependency_preserving_conditional_on_class,insertion,1,ATTACK,True,1,ATTACK,1.0,0.9990125139011072,50,-0.002630394697189331,-0.08123628387600183,-0.15909558999864387,0.0786058891788125,0.15646519530145453,0.027290113083053825,0.013303259062502784,0.05253150141630705,1.6446771621704102,1.5234993066787719,0.12117785549163829,18.4,18.4,trapezoid_from_zero_normalized_by_max_fraction
cicids2017_binary,43,rid_0fbdd24c1b1636c31eb464c10c4cd767,cnn,integrated_gradients,target_class_donor,dependency_preserving_conditional_on_class,insertion,0,BENIGN,True,0,BENIGN,0.999965887680446,0.0009533737793389,50,-1.7977439785887836e-05,-0.004921618970952073,-0.008164326367483018,0.004903641531166185,0.00814634892769713,0.0035752952304586964,0.0026150529505539334,-0.00022186225191952406,1.5986379384994507,1.294387318611145,0.3042506198883057,18.4,18.4,trapezoid_from_zero_normalized_by_max_fraction
cicids2017_binary,43,rid_d4ee17856ce1b46d6111b2ca82a08247,cnn,integrated_gradients,target_class_donor,dependency_preserving_conditional_on_class,insertion,0,BENIGN,True,0,BENIGN,0.9999999996777164,0.0009874857766092,50,6.845294651736112e-06,-0.011042699831531078,-0.017459609218138238,0.011049545126182813,0.01746645451278997,0.006721020356443043,0.003371352066304856,0.004441695076225296,1.1114869117736816,1.0710132291316987,0.04047368264198292,18.4,18.4,trapezoid_from_zero_normalized_by_max_fraction
cicids2017_binary,43,rid_a30282f714de912382c8a683d9075cb2,cnn,integrated_gradients,target_class_donor,dependency_preserving_conditional_on_class,insertion,0,BENIGN,True,0,BENIGN,0.999994920053723,0.0009824061526159,50,-7.030619852882447e-06,-0.006240357734429677,-0.010767862397765861,0.0062333271145767945,0.010760831777912979,0.005108048822515004,0.0025521336197407646,0.0012311452198848962,1.0461727380752563,1.0456072158813474,0.0005655221939089294,18.4,18.4,trapezoid_from_zero_normalized_by_max_fraction
cicids2017_binary,43,rid_d0761508812c12c771adea5e80b3733e,cnn,integrated_gradients,target_class_donor,dependency_preserving_conditional_on_class,insertion,0,BENIGN,True,0,BENIGN,0.9999982846898092,0.0009857707887021,50,1.9323562125972416e-05,-0.007124043827537152,-0.015403957607641742,0.007143367389663124,0.015423281169767713,0.005084874504640917,0.003120961736366825,0.0010262823863841477,0.9909080266952515,0.8988788131475449,0.09202921354770655,18.4,18.4,trapezoid_from_zero_normalized_by_max_fraction
cicids2017_binary,43,rid_a1ed68623ba0430e56f4ee82b60cb189,cnn,integrated_gradients,target_class_donor,dependency_preserving_conditional_on_class,insertion,0,BENIGN,True,0,BENIGN,0.9999999976535074,0.0009874837524003,50,-1.152433996999269e-05,-0.022973649679332644,-0.019858068178829777,0.022962125339362652,0.019846543838859785,0.01608093012712514,0.008817663572982236,0.005679504736317471,5.276228904724121,4.909601272583007,0.36662763214111393,18.4,18.4,trapezoid_from_zero_normalized_by_max_fraction
cicids2017_binary,43,rid_dba24fc6ab50ddfc1c7e2883730920f1,cnn,integrated_gradients,target_class_donor,dependency_preserving_conditional_on_class,insertion,0,BENIGN,True,0,BENIGN,0.9999978442522206,0.0009853303511135,50,-4.751165511684974e-06,-0.01642138208279359,-0.007833627819518713,0.016416630917281908,0.007828876654007028,0.014194115011797896,0.0066008822572204365,0.0034789016931298534,1.2639988660812378,1.2509113531112672,0.013087512969970572,18.4,18.4,trapezoid_from_zero_normalized_by_max_fraction
cicids2017_binary,43,rid_06ab8b94dacdf1e99c27598d627fd5e7,cnn,integrated_gradients,target_class_donor,dependency_preserving_conditional_on_class,insertion,1,ATTACK,True,1,ATTACK,0.9999985098838806,0.9990110237849876,50,-5.560517311096191e-05,-0.045210854820907115,-0.12554444513936686,0.04515524964779616,0.1254888399662559,0.017596850304127713,0.009159272503832605,0.02720307554028425,0.7419044375419617,0.6371639990806579,0.10474043846130376,18.4,18.4,trapezoid_from_zero_normalized_by_max_fraction
cicids2017_binary,43,rid_e3dd721c6ead4c5beb8c97214764fe93,cnn,integrated_gradients,target_class_donor,dependency_preserving_conditional_on_class,insertion,1,ATTACK,True,1,ATTACK,1.0,0.9990125139011072,50,-1.5139579772949218e-06,-0.005380337744951247,-0.10155628776003142,0.0053788237869739535,0.10155477380205412,0.0029151672418754352,0.002616276281948186,0.00025092227435550944,1.7858524322509766,1.6592860333919526,0.126566398859024,18.4,18.4,trapezoid_from_zero_normalized_by_max_fraction
cicids2017_binary,43,rid_4549d0f84e4654e49b146ef9247a3cad,cnn,integrated_gradients,target_class_donor,dependency_preserving_conditional_on_class,insertion,1,ATTACK,True,1,ATTACK,1.0,0.9990125139011072,50,-0.033492085337638866,-0.024616194772534076,-0.09385823839280055,-0.008875890565104783,0.06036615305516169,0.011801386578127411,0.006678541754570176,-0.02196583240406233,1.9549291133880615,1.856619577407837,0.09830953598022463,18.4,18.4,trapezoid_from_zero_normalized_by_max_fraction
cicids2017_binary,43,rid_94b322d0c9af6a93a1587e589cac48ea,cnn,integrated_gradients,target_class_donor,dependency_preserving_conditional_on_class,insertion,1,ATTACK,True,1,ATTACK,1.0,0.9990125139011072,50,-3.576278686523438e-08,-0.2375428058685502,-0.12533944847167003,0.23754277010576333,0.12533941270888316,0.04320763256595215,0.024208139692210688,0.19009481630903038,0.3832460343837738,0.24643963591009382,0.13680639847367998,18.4,18.4,trapezoid_from_zero_normalized_by_max_fraction
cicids2017_binary,43,rid_dc6b295865e7aabc28fd5e1b8a0b5b30,cnn,integrated_gradients,target_class_donor,dependency_preserving_conditional_on_class,insertion,1,ATTACK,True,1,ATTACK,1.0,0.9990125139011072,50,-0.0032743752002716065,-0.05644546295626787,-0.11373164388432633,0.053171087755996264,0.11045726868405473,0.021335989015732706,0.011675604177963834,0.030286903567187152,2.253183364868164,2.0749372034072877,0.17824616146087635,18.4,18.4,trapezoid_from_zero_normalized_by_max_fraction
cicids2017_binary,43,rid_a736dce9f3e61ea8d8876c86d0ac0751,cnn,integrated_gradients,target_class_donor,dependency_preserving_conditional_on_class,insertion,1,ATTACK,True,1,ATTACK,1.0,0.9990125139011072,50,-0.010666343569755554,-0.12722772750438888,-0.11080350328966507,0.11656138393463333,0.10013715971990951,0.03445468119527946,0.018795118792469725,0.07972295110139267,1.4103041887283325,1.381891409397125,0.02841277933120745,18.4,18.4,trapezoid_from_zero_normalized_by_max_fraction
cicids2017_binary,43,rid_40e563444b684608e6d176b713ea43e7,cnn,integrated_gradients,target_class_donor,dependency_preserving_conditional_on_class,insertion,0,BENIGN,True,0,BENIGN,0.9999994095625198,0.0009868956614126,50,-0.00015845724588334776,-0.012588461516641732,-0.011513751415828888,0.012430004270758382,0.01135529416994554,0.008218833020240785,0.005086027559380988,0.002461390254371646,0.7695479393005371,0.7003620495796203,0.06918588972091677,18.4,18.4,trapezoid_from_zero_normalized_by_max_fraction
cicids2017_binary,43,rid_299f5020f6c0ee5585f68ea51b3a909c,cnn,integrated_gradients,conditional_gaussian_mean,conditional_on_retained_coordinates,deletion,1,ATTACK,True,1,ATTACK,1.0,0.9990125139011072,50,0.0,0.0,0.0,0.0,0.0,0.0,0.0,0.0,1.61562180519104,1.477803043603897,0.13781876158714312,18.4,18.4,trapezoid_from_zero_normalized_by_max_fraction
cicids2017_binary,43,rid_b63ceef3b9d6d5e5d52f011e88a99d75,cnn,integrated_gradients,conditional_gaussian_mean,conditional_on_retained_coordinates,deletion,0,BENIGN,True,0,BENIGN,0.9999991862612204,0.0009866723601134,50,3.7066903814775294e-06,0.0006691890981277848,0.00030009338285201894,-0.0006654824077463072,-0.00029638669247054146,0.0005826466667402271,0.0005188360430799265,-0.001682401052182963,0.5578694939613342,0.4404083001613618,0.11746119379997244,18.4,18.4,trapezoid_from_zero_normalized_by_max_fraction
cicids2017_binary,43,rid_0d5718fa79fb7894e09279dc893a803e,cnn,integrated_gradients,conditional_gaussian_mean,conditional_on_retained_coordinates,deletion,1,ATTACK,True,1,ATTACK,1.0,0.9990125139011072,50,0.0,0.0,0.0,0.0,0.0,0.0,0.0,0.0,1.3131883144378662,1.2911351037025451,0.02205321073532107,18.4,18.4,trapezoid_from_zero_normalized_by_max_fraction
cicids2017_binary,43,rid_0fbdd24c1b1636c31eb464c10c4cd767,cnn,integrated_gradients,conditional_gaussian_mean,conditional_on_retained_coordinates,deletion,0,BENIGN,True,0,BENIGN,0.999965887680446,0.0009533737793389,50,-2.4593926701754755e-05,4.436580595873352e-05,7.975202554644055e-05,-6.895973266048827e-05,-0.00010434595224819531,1.985302649877834e-05,1.3101225459725048e-05,-9.463813456154936e-05,1.2121994495391846,0.7993648792505265,0.4128345702886581,18.4,18.4,trapezoid_from_zero_normalized_by_max_fraction
cicids2017_binary,43,rid_d4ee17856ce1b46d6111b2ca82a08247,cnn,integrated_gradients,conditional_gaussian_mean,conditional_on_retained_coordinates,deletion,0,BENIGN,True,0,BENIGN,0.9999999996777164,0.0009874857766092,50,-2.5525896951705817e-10,-1.615859536174824e-10,6.02379247593987e-11,-9.367301589957577e-11,-3.154968942764569e-10,3.0869407317409925e-11,1.772158988368591e-11,-1.2840733207160014e-10,0.9296714067459106,0.8312795920372009,0.09839181470870972,18.4,18.4,trapezoid_from_zero_normalized_by_max_fraction
cicids2017_binary,43,rid_a30282f714de912382c8a683d9075cb2,cnn,integrated_gradients,conditional_gaussian_mean,conditional_on_retained_coordinates,deletion,0,BENIGN,True,0,BENIGN,0.999994920053723,0.0009824061526159,50,1.6328489277839256e-05,3.306962670933444e-06,2.2986033682173e-06,1.302152660690581e-05,1.4029885909621955e-05,1.911556471057566e-06,1.5923333389729713e-06,9.900553262518786e-06,0.9154772758483887,0.6734789735078812,0.24199830234050745,18.4,18.4,trapezoid_from_zero_normalized_by_max_fraction
cicids2017_binary,43,rid_d0761508812c12c771adea5e80b3733e,cnn,integrated_gradients,conditional_gaussian_mean,conditional_on_retained_coordinates,deletion,0,BENIGN,True,0,BENIGN,0.9999982846898092,0.0009857707887021,50,3.2879073330605024e-06,0.00015664028311522315,9.607123503769797e-07,-0.00015335237578216268,2.3271949826835227e-06,9.35701584208474e-05,9.342948111317364e-05,-0.000336474158763983,0.7737922072410583,0.616257512807846,0.15753469443321233,18.4,18.4,trapezoid_from_zero_normalized_by_max_fraction
cicids2017_binary,43,rid_a1ed68623ba0430e56f4ee82b60cb189,cnn,integrated_gradients,conditional_gaussian_mean,conditional_on_retained_coordinates,deletion,0,BENIGN,True,0,BENIGN,0.9999999976535074,0.0009874837524003,50,1.6438862417422762e-06,2.621345381540352e-06,1.4003969994735853e-10,-9.774591397980758e-07,1.6437462020423287e-06,3.758983286812051e-07,3.306200637979817e-07,-1.6254744648421198e-06,5.299971103668213,4.973967233657836,0.3260038700103767,18.4,18.4,trapezoid_from_zero_normalized_by_max_fraction
cicids2017_binary,43,rid_dba24fc6ab50ddfc1c7e2883730920f1,cnn,integrated_gradients,conditional_gaussian_mean,conditional_on_retained_coordinates,deletion,0,BENIGN,True,0,BENIGN,0.9999978442522206,0.0009853303511135,50,0.0014038829213291139,8.337377684929949e-05,9.422261976510527e-07,0.0013205091444798145,0.0014029406951314627,8.170873724518444e-05,8.151878997770276e-05,0.0011607323161235172,0.8597456216812134,0.6427394807338714,0.21700614094734194,18.4,18.4,trapezoid_from_zero_normalized_by_max_fraction
cicids2017_binary,43,rid_06ab8b94dacdf1e99c27598d627fd5e7,cnn,integrated_gradients,conditional_gaussian_mean,conditional_on_retained_coordinates,deletion,1,ATTACK,True,1,ATTACK,0.9999985098838806,0.9990110237849876,50,0.09675709307193756,0.020724492311477664,0.019499713835306465,0.0760326007604599,0.07725737923663109,0.005784132482648944,0.005343046405679816,0.06556022980532746,0.8894845247268677,0.6722583419084549,0.21722618281841277,18.4,18.4,trapezoid_from_zero_normalized_by_max_fraction
cicids2017_binary,43,rid_e3dd721c6ead4c5beb8c97214764fe93,cnn,integrated_gradients,conditional_gaussian_mean,conditional_on_retained_coordinates,deletion,1,ATTACK,True,1,ATTACK,1.0,0.9990125139011072,50,0.02412945032119751,0.19175158284738425,8.243322372436524e-06,-0.16762213252618674,0.02412120699882507,0.034770436482828834,0.022611205393724014,-0.2119400950978858,1.4842901229858398,1.2670797636508944,0.21721035933494548,18.4,18.4,trapezoid_from_zero_normalized_by_max_fraction
cicids2017_binary,43,rid_4549d0f84e4654e49b146ef9247a3cad,cnn,integrated_gradients,conditional_gaussian_mean,conditional_on_retained_coordinates,deletion,1,ATTACK,True,1,ATTACK,1.0,0.9990125139011072,50,0.0,0.05688318650866859,6.389617919921875e-08,-0.05688318650866859,-6.389617919921875e-08,0.01903209718884197,0.013709913607632117,-0.08375461717962754,1.5888152122497559,1.4643655242919922,0.12444968795776368,18.4,18.4,trapezoid_from_zero_normalized_by_max_fraction
cicids2017_binary,43,rid_94b322d0c9af6a93a1587e589cac48ea,cnn,integrated_gradients,conditional_gaussian_mean,conditional_on_retained_coordinates,deletion,1,ATTACK,True,1,ATTACK,1.0,0.9990125139011072,50,0.0,0.0921687840919476,6.055831909179688e-08,-0.0921687840919476,-6.055831909179688e-08,0.021820298654648202,0.015485736340596412,-0.12252082731951658,1.0457351207733154,0.9724553892612458,0.07327973151206968,18.4,18.4,trapezoid_from_zero_normalized_by_max_fraction
cicids2017_binary,43,rid_dc6b295865e7aabc28fd5e1b8a0b5b30,cnn,integrated_gradients,conditional_gaussian_mean,conditional_on_retained_coordinates,deletion,1,ATTACK,True,1,ATTACK,1.0,0.9990125139011072,50,0.19991983275976966,0.03005495303869248,7.6249241828918455e-06,0.1698648797210772,0.19991220783558675,0.013715509899002262,0.009813499609667597,0.1506304204861287,1.8498258590698242,1.7511541302204132,0.098671728849411,18.4,18.4,trapezoid_from_zero_normalized_by_max_fraction
cicids2017_binary,43,rid_a736dce9f3e61ea8d8876c86d0ac0751,cnn,integrated_gradients,conditional_gaussian_mean,conditional_on_retained_coordinates,deletion,1,ATTACK,True,1,ATTACK,1.0,0.9990125139011072,50,1.9073486328125e-07,0.161631761986122,0.0003539831638336182,-0.1616315712512587,-0.0003537924289703369,0.029246044135266037,0.02084412876218488,-0.20248606362514107,1.056215524673462,1.018905519962311,0.03731000471115098,18.4,18.4,trapezoid_from_zero_normalized_by_max_fraction
cicids2017_binary,43,rid_40e563444b684608e6d176b713ea43e7,cnn,integrated_gradients,conditional_gaussian_mean,conditional_on_retained_coordinates,deletion,0,BENIGN,True,0,BENIGN,0.9999994095625198,0.0009868956614126,50,0.021943127141994978,2.965187530451585e-05,9.663602272803473e-05,0.021913475266690463,0.021846491119266946,2.1026536808336414e-05,2.0699876392825687e-05,0.021872903508960526,0.4242776334285736,0.2810016693472862,0.1432759640812874,18.4,18.4,trapezoid_from_zero_normalized_by_max_fraction
cicids2017_binary,43,rid_299f5020f6c0ee5585f68ea51b3a909c,cnn,integrated_gradients,conditional_gaussian_mean,conditional_on_retained_coordinates,insertion,1,ATTACK,True,1,ATTACK,1.0,0.9990125139011072,50,0.8975953342393042,0.897552435465157,0.8706096696257737,4.289877414702659e-05,0.026985664613530403,3.204072310518562e-05,2.3703898617089313e-05,-3.5608671424684597e-06,1.61562180519104,1.477803043603897,0.13781876158714312,18.4,18.4,trapezoid_from_zero_normalized_by_max_fraction
cicids2017_binary,43,rid_b63ceef3b9d6d5e5d52f011e88a99d75,cnn,integrated_gradients,conditional_gaussian_mean,conditional_on_retained_coordinates,insertion,0,BENIGN,True,0,BENIGN,0.9999991862612204,0.0009866723601134,50,0.05239950948580586,0.026592788400125137,-5.9622243332911606e-05,0.025806721085680714,0.052459131729138755,0.01436173691599902,0.007898461929815661,0.01032573570324202,0.5578694939613342,0.4404083001613618,0.11746119379997244,18.4,18.4,trapezoid_from_zero_normalized_by_max_fraction
cicids2017_binary,43,rid_0d5718fa79fb7894e09279dc893a803e,cnn,integrated_gradients,conditional_gaussian_mean,conditional_on_retained_coordinates,insertion,1,ATTACK,True,1,ATTACK,1.0,0.9990125139011072,50,0.8975952895358206,0.8975912963226438,0.8580375775576758,3.993213176733956e-06,0.03955771197814465,3.2681048136903383e-06,2.858759211165399e-06,-1.609954877150225e-06,1.3131883144378662,1.2911351037025451,0.02205321073532107,18.4,18.4,trapezoid_from_zero_normalized_by_max_fraction
cicids2017_binary,43,rid_0fbdd24c1b1636c31eb464c10c4cd767,cnn,integrated_gradients,conditional_gaussian_mean,conditional_on_retained_coordinates,insertion,0,BENIGN,True,0,BENIGN,0.999965887680446,0.0009533737793389,50,0.050964569873758594,0.05143244973299321,-0.012407631543256359,-0.00046787985923461356,0.06337220141701495,0.00021937143302861145,0.00010437700855733687,-0.0006724587960069938,1.2121994495391846,0.7993648792505265,0.4128345702886581,18.4,18.4,trapezoid_from_zero_normalized_by_max_fraction
cicids2017_binary,43,rid_d4ee17856ce1b46d6111b2ca82a08247,cnn,integrated_gradients,conditional_gaussian_mean,conditional_on_retained_coordinates,insertion,0,BENIGN,True,0,BENIGN,0.9999999996777164,0.0009874857766092,50,0.040891796172372055,0.042865847606664016,0.042389443357017664,-0.0019740514342919653,-0.0014976471846456167,0.0043332270487089946,0.003552584150741583,-0.008937116369745469,0.9296714067459106,0.8312795920372009,0.09839181470870972,18.4,18.4,trapezoid_from_zero_normalized_by_max_fraction
cicids2017_binary,43,rid_a30282f714de912382c8a683d9075cb2,cnn,integrated_gradients,conditional_gaussian_mean,conditional_on_retained_coordinates,insertion,0,BENIGN,True,0,BENIGN,0.999994920053723,0.0009824061526159,50,0.05229768468034308,0.048613399244280174,-0.038727505450230425,0.0036842854360629074,0.0910251901305735,0.002633087040258692,0.0026295297232485195,-0.001469592821504191,0.9154772758483887,0.6734789735078812,0.24199830234050745,18.4,18.4,trapezoid_from_zero_normalized_by_max_fraction
cicids2017_binary,43,rid_d0761508812c12c771adea5e80b3733e,cnn,integrated_gradients,conditional_gaussian_mean,conditional_on_retained_coordinates,insertion,0,BENIGN,True,0,BENIGN,0.9999982846898092,0.0009857707887021,50,0.052390970994383675,0.05217448538929323,-0.05809635205128154,0.00021648560509044887,0.1104873230456652,0.0002100783881537663,0.00020596441198300988,-0.00018720464239625046,0.7737922072410583,0.616257512807846,0.15753469443321233,18.4,18.4,trapezoid_from_zero_normalized_by_max_fraction
cicids2017_binary,43,rid_a1ed68623ba0430e56f4ee82b60cb189,cnn,integrated_gradients,conditional_gaussian_mean,conditional_on_retained_coordinates,insertion,0,BENIGN,True,0,BENIGN,0.9999999976535074,0.0009874837524003,50,0.05240042233946932,0.048887908264616996,0.027184868278828545,0.0035125140748523305,0.025215554060640778,0.0024515290169510894,0.0024515288336362587,-0.0012924824390747368,5.299971103668213,4.973967233657836,0.3260038700103767,18.4,18.4,trapezoid_from_zero_normalized_by_max_fraction
cicids2017_binary,43,rid_dba24fc6ab50ddfc1c7e2883730920f1,cnn,integrated_gradients,conditional_gaussian_mean,conditional_on_retained_coordinates,insertion,0,BENIGN,True,0,BENIGN,0.9999978442522206,0.0009853303511135,50,0.052347258301870175,0.04807528900871633,-0.033963779146277975,0.004271969293153838,0.08631103744814814,0.002522482416574779,0.0025197398487774793,-0.0006667208104500213,0.8597456216812134,0.6427394807338714,0.21700614094734194,18.4,18.4,trapezoid_from_zero_normalized_by_max_fraction
cicids2017_binary,43,rid_06ab8b94dacdf1e99c27598d627fd5e7,cnn,integrated_gradients,conditional_gaussian_mean,conditional_on_retained_coordinates,insertion,1,ATTACK,True,1,ATTACK,0.9999985098838806,0.9990110237849876,50,0.07985829627723434,0.4847963009715406,0.5630678961390612,-0.4049380046943062,-0.48320959986182677,0.047377688765762815,0.022646315523638487,-0.4493247831206376,0.8894845247268677,0.6722583419084549,0.21722618281841277,18.4,18.4,trapezoid_from_zero_normalized_by_max_fraction
cicids2017_binary,43,rid_e3dd721c6ead4c5beb8c97214764fe93,cnn,integrated_gradients,conditional_gaussian_mean,conditional_on_retained_coordinates,insertion,1,ATTACK,True,1,ATTACK,1.0,0.9990125139011072,50,0.7946025164797903,0.7178874121328881,0.8240815031089224,0.07671510434690207,-0.029478986629132092,0.03516872426277558,0.01839830475347902,0.04065442703008319,1.4842901229858398,1.2670797636508944,0.21721035933494548,18.4,18.4,trapezoid_from_zero_normalized_by_max_fraction
cicids2017_binary,43,rid_4549d0f84e4654e49b146ef9247a3cad,cnn,integrated_gradients,conditional_gaussian_mean,conditional_on_retained_coordinates,insertion,1,ATTACK,True,1,ATTACK,1.0,0.9990125139011072,50,0.8934990974143147,0.8934431960061193,0.8227244922567079,5.5901408195486004e-05,0.07077460515760688,0.002822247373745498,0.002188829719894435,-0.004234204842797607,1.5888152122497559,1.4643655242919922,0.12444968795776368,18.4,18.4,trapezoid_from_zero_normalized_by_max_fraction
cicids2017_binary,43,rid_94b322d0c9af6a93a1587e589cac48ea,cnn,integrated_gradients,conditional_gaussian_mean,conditional_on_retained_coordinates,insertion,1,ATTACK,True,1,ATTACK,1.0,0.9990125139011072,50,0.8975947203114629,0.8695712686335755,0.8026367103425055,0.02802345167788736,0.09495800996895741,0.009921824827696463,0.006945961302656983,0.014409367524679672,1.0457351207733154,0.9724553892612458,0.07327973151206968,18.4,18.4,trapezoid_from_zero_normalized_by_max_fraction
cicids2017_binary,43,rid_dc6b295865e7aabc28fd5e1b8a0b5b30,cnn,integrated_gradients,conditional_gaussian_mean,conditional_on_retained_coordinates,insertion,1,ATTACK,True,1,ATTACK,1.0,0.9990125139011072,50,0.7974773006513713,0.5837662982652255,0.8021709686907896,0.21371100238614596,-0.004693668039418185,0.03792240962968457,0.022024716101457596,0.17054255882728908,1.8498258590698242,1.7511541302204132,0.098671728849411,18.4,18.4,trapezoid_from_zero_normalized_by_max_fraction
cicids2017_binary,43,rid_a736dce9f3e61ea8d8876c86d0ac0751,cnn,integrated_gradients,conditional_gaussian_mean,conditional_on_retained_coordinates,insertion,1,ATTACK,True,1,ATTACK,1.0,0.9990125139011072,50,0.8108203561976552,0.8409544143476233,0.8152349009792594,-0.030134058149968033,-0.004414544781604322,0.0208100652494666,0.010869772592940053,-0.05143881243213054,1.056215524673462,1.018905519962311,0.03731000471115098,18.4,18.4,trapezoid_from_zero_normalized_by_max_fraction
cicids2017_binary,43,rid_40e563444b684608e6d176b713ea43e7,cnn,integrated_gradients,conditional_gaussian_mean,conditional_on_retained_coordinates,insertion,0,BENIGN,True,0,BENIGN,0.9999994095625198,0.0009868956614126,50,0.052395291978279926,0.00031677974762482283,0.0052815243812709516,0.05207851223065511,0.047113767597008964,0.017933332873412998,0.010418675038384891,0.031657909155420716,0.4242776334285736,0.2810016693472862,0.1432759640812874,18.4,18.4,trapezoid_from_zero_normalized_by_max_fraction
cicids2017_binary,43,rid_299f5020f6c0ee5585f68ea51b3a909c,cnn,integrated_gradients,conditional_gaussian_draw,conditional_on_retained_coordinates,deletion,1,ATTACK,True,1,ATTACK,1.0,0.9990125139011072,10,5.960464477539063e-08,8.016228675842286e-06,3.4439563751220704e-06,-7.956624031066895e-06,-3.3843517303466798e-06,8.009608802783005e-06,6.407140840685261e-06,-2.0514620078810005e-05,1.61562180519104,1.459149272441864,0.15647253274917605,18.4,18.4,trapezoid_from_zero_normalized_by_max_fraction
cicids2017_binary,43,rid_b63ceef3b9d6d5e5d52f011e88a99d75,cnn,integrated_gradients,conditional_gaussian_draw,conditional_on_retained_coordinates,deletion,0,BENIGN,True,0,BENIGN,0.9999991862612204,0.0009866723601134,10,0.0001958477598236641,0.0005872713946126318,0.0001667492103253665,-0.0003914236347889677,2.909854949829761e-05,0.00042484511873239954,0.00031195428087736886,-0.0010028540253086107,0.5578694939613342,0.4404024595022202,0.11746703445911405,18.4,18.4,trapezoid_from_zero_normalized_by_max_fraction
cicids2017_binary,43,rid_0d5718fa79fb7894e09279dc893a803e,cnn,integrated_gradients,conditional_gaussian_draw,conditional_on_retained_coordinates,deletion,1,ATTACK,True,1,ATTACK,1.0,0.9990125139011072,10,0.00043127536773681643,9.453892707824708e-05,6.794929504394532e-08,0.00033673644065856934,0.0004312074184417725,8.455627648164001e-05,8.455627648164001e-05,0.0001710061387545549,1.3131883144378662,1.2965258789062502,0.01666243553161606,18.4,18.4,trapezoid_from_zero_normalized_by_max_fraction
cicids2017_binary,43,rid_0fbdd24c1b1636c31eb464c10c4cd767,cnn,integrated_gradients,conditional_gaussian_draw,conditional_on_retained_coordinates,deletion,0,BENIGN,True,0,BENIGN,0.999965887680446,0.0009533737793389,10,1.3236659196991238e-05,0.003610813004293334,0.002673275281671294,-0.003597576345096343,-0.0026600386224743026,0.0023600350585642393,0.0022332610879778132,-0.007974768077532857,1.2121994495391846,0.774926227927208,0.43727322161197657,18.4,18.4,trapezoid_from_zero_normalized_by_max_fraction
cicids2017_binary,43,rid_d4ee17856ce1b46d6111b2ca82a08247,cnn,integrated_gradients,conditional_gaussian_draw,conditional_on_retained_coordinates,deletion,0,BENIGN,True,0,BENIGN,0.9999999996777164,0.0009874857766092,10,2.4589572267252894e-09,2.0244605441477328e-08,9.635342043123886e-09,-1.7785648214752037e-08,-7.176384816398597e-09,1.9541786881432423e-08,1.8413691446286793e-08,-5.3876483449474146e-08,0.9296714067459106,0.8259149777889252,0.10375642895698545,18.4,18.4,trapezoid_from_zero_normalized_by_max_fraction
cicids2017_binary,43,rid_a30282f714de912382c8a683d9075cb2,cnn,integrated_gradients,conditional_gaussian_draw,conditional_on_retained_coordinates,deletion,0,BENIGN,True,0,BENIGN,0.999994920053723,0.0009824061526159,10,0.004710270569296427,0.0406622104407245,0.00020256733483989823,-0.03595193987142807,0.004507703234456529,0.02631364797798774,0.026275697984384273,-0.08745230792082125,0.9154772758483887,0.669330277442932,0.24614699840545662,18.4,18.4,trapezoid_from_zero_normalized_by_max_fraction
cicids2017_binary,43,rid_d0761508812c12c771adea5e80b3733e,cnn,integrated_gradients,conditional_gaussian_draw,conditional_on_retained_coordinates,deletion,0,BENIGN,True,0,BENIGN,0.9999982846898092,0.0009857707887021,10,9.026560126130789e-05,0.0035729452217099574,0.00011528187653871315,-0.0034826796204486497,-2.5016275277405253e-05,0.0032643605035066595,0.0030603473724581205,-0.009480960470466565,0.7737922072410583,0.5845772784948349,0.18921492874622348,18.4,18.4,trapezoid_from_zero_normalized_by_max_fraction
cicids2017_binary,43,rid_a1ed68623ba0430e56f4ee82b60cb189,cnn,integrated_gradients,conditional_gaussian_draw,conditional_on_retained_coordinates,deletion,0,BENIGN,True,0,BENIGN,0.9999999976535074,0.0009874837524003,10,0.16581867913719323,0.00014473947223417883,1.1922337066838652e-05,0.16567393966495905,0.1658067568001264,0.00010669349424164055,9.637015564695632e-05,0.165485054159891,5.299971103668213,4.80819751739502,0.4917735862731929,18.4,18.4,trapezoid_from_zero_normalized_by_max_fraction
cicids2017_binary,43,rid_dba24fc6ab50ddfc1c7e2883730920f1,cnn,integrated_gradients,conditional_gaussian_draw,conditional_on_retained_coordinates,deletion,0,BENIGN,True,0,BENIGN,0.9999978442522206,0.0009853303511135,10,0.0014344690882694524,0.013034434359498592,0.0002791216733120905,-0.011599965271229138,0.0011553474149573618,0.012715360220536081,0.01271069943372255,-0.03651293616132534,0.8597456216812134,0.62889901638031,0.2308466053009034,18.4,18.4,trapezoid_from_zero_normalized_by_max_fraction
cicids2017_binary,43,rid_06ab8b94dacdf1e99c27598d627fd5e7,cnn,integrated_gradients,conditional_gaussian_draw,conditional_on_retained_coordinates,deletion,1,ATTACK,True,1,ATTACK,0.9999985098838806,0.9990110237849876,10,0.41843070462346077,0.09263287805020809,0.028428481519222264,0.3257978265732527,0.3900022231042385,0.03377895016437965,0.027249071071694917,0.27238964727273063,0.8894845247268677,0.6555616128444672,0.23392291188240044,18.4,18.4,trapezoid_from_zero_normalized_by_max_fraction
cicids2017_binary,43,rid_e3dd721c6ead4c5beb8c97214764fe93,cnn,integrated_gradients,conditional_gaussian_draw,conditional_on_retained_coordinates,deletion,1,ATTACK,True,1,ATTACK,1.0,0.9990125139011072,10,0.48817104613553963,0.1333044160661666,0.006887892484664917,0.354866630069373,0.4812831536508747,0.062066673136116184,0.04509173223219651,0.2664868348942679,1.4842901229858398,1.2512131690979005,0.23307695388793936,18.4,18.4,trapezoid_from_zero_normalized_by_max_fraction
cicids2017_binary,43,rid_4549d0f84e4654e49b146ef9247a3cad,cnn,integrated_gradients,conditional_gaussian_draw,conditional_on_retained_coordinates,deletion,1,ATTACK,True,1,ATTACK,1.0,0.9990125139011072,10,2.1958351135253908e-05,0.03535204051062465,1.5854835510253907e-06,-0.0353300821594894,2.0372867584228516e-05,0.02232668530006941,0.02232668172379101,-0.07909037833811977,1.5888152122497559,1.4673946213722229,0.12142059087753299,18.4,18.4,trapezoid_from_zero_normalized_by_max_fraction
cicids2017_binary,43,rid_94b322d0c9af6a93a1587e589cac48ea,cnn,integrated_gradients,conditional_gaussian_draw,conditional_on_retained_coordinates,deletion,1,ATTACK,True,1,ATTACK,1.0,0.9990125139011072,10,0.04351917505264282,0.07966531412806944,0.00611134946346283,-0.03614613907542662,0.03740782558917999,0.0404929035337544,0.030442393338983503,-0.09581323001983427,1.0457351207733154,0.9482569909095764,0.09747812986373905,18.4,18.4,trapezoid_from_zero_normalized_by_max_fraction
cicids2017_binary,43,rid_dc6b295865e7aabc28fd5e1b8a0b5b30,cnn,integrated_gradients,conditional_gaussian_draw,conditional_on_retained_coordinates,deletion,1,ATTACK,True,1,ATTACK,1.0,0.9990125139011072,10,0.19963477801065893,0.09535208047313064,0.00019027352333068846,0.1042826975375283,0.19944450448732823,0.05924720301715059,0.04188461091658776,0.022188860141016287,1.8498258590698242,1.6847248995304107,0.1651009595394135,18.4,18.4,trapezoid_from_zero_normalized_by_max_fraction
cicids2017_binary,43,rid_a736dce9f3e61ea8d8876c86d0ac0751,cnn,integrated_gradients,conditional_gaussian_draw,conditional_on_retained_coordinates,deletion,1,ATTACK,True,1,ATTACK,1.0,0.9990125139011072,10,0.017580080032348632,0.22028697406873107,3.0040740966796874e-06,-0.20270689403638242,0.017577075958251955,0.07917719802983614,0.05730004597823484,-0.3150149841537227,1.056215524673462,1.000667017698288,0.055548506975173995,18.4,18.4,trapezoid_from_zero_normalized_by_max_fraction
cicids2017_binary,43,rid_40e563444b684608e6d176b713ea43e7,cnn,integrated_gradients,conditional_gaussian_draw,conditional_on_retained_coordinates,deletion,0,BENIGN,True,0,BENIGN,0.9999994095625198,0.0009868956614126,10,0.013400533092874412,0.00022921659639036921,0.0037157759092259113,0.013171316496484044,0.009684757183648501,0.00010061713059378912,9.526970121233063e-05,0.012984587882107875,0.4242776334285736,0.276168757379055,0.1481088760495186,18.4,18.4,trapezoid_from_zero_normalized_by_max_fraction
cicids2017_binary,43,rid_299f5020f6c0ee5585f68ea51b3a909c,cnn,integrated_gradients,conditional_gaussian_draw,conditional_on_retained_coordinates,insertion,1,ATTACK,True,1,ATTACK,1.0,0.9990125139011072,10,0.897525811381638,0.8503689824227441,0.8367243491113185,0.04715682895889409,0.06080146227031947,0.026334272687718215,0.015011985731488918,0.017733336925175806,1.61562180519104,1.459149272441864,0.15647253274917605,18.4,18.4,trapezoid_from_zero_normalized_by_max_fraction
cicids2017_binary,43,rid_b63ceef3b9d6d5e5d52f011e88a99d75,cnn,integrated_gradients,conditional_gaussian_draw,conditional_on_retained_coordinates,insertion,0,BENIGN,True,0,BENIGN,0.9999991862612204,0.0009866723601134,10,0.050262842463714465,-0.08901393741372458,-0.03222558044192901,0.13927677987743906,0.08248842290564348,0.0851089276928482,0.041567231157571015,0.057805006808599874,0.5578694939613342,0.4404024595022202,0.11746703445911405,18.4,18.4,trapezoid_from_zero_normalized_by_max_fraction
cicids2017_binary,43,rid_0d5718fa79fb7894e09279dc893a803e,cnn,integrated_gradients,conditional_gaussian_draw,conditional_on_retained_coordinates,insertion,1,ATTACK,True,1,ATTACK,1.0,0.9990125139011072,10,0.7625161347910763,0.8206568287685513,0.8455021983757616,-0.05814069397747517,-0.08298606358468534,0.04194658414233888,0.023702166975653617,-0.10459694124975626,1.3131883144378662,1.2965258789062502,0.01666243553161606,18.4,18.4,trapezoid_from_zero_normalized_by_max_fraction
cicids2017_binary,43,rid_0fbdd24c1b1636c31eb464c10c4cd767,cnn,integrated_gradients,conditional_gaussian_draw,conditional_on_retained_coordinates,insertion,0,BENIGN,True,0,BENIGN,0.999965887680446,0.0009533737793389,10,-0.09784209496356198,-0.023582371507401376,-0.027026106299235554,-0.0742597234561606,-0.07081598866432642,0.04335087809235444,0.023319502397929563,-0.11996594815610254,1.2121994495391846,0.774926227927208,0.43727322161197657,18.4,18.4,trapezoid_from_zero_normalized_by_max_fraction
cicids2017_binary,43,rid_d4ee17856ce1b46d6111b2ca82a08247,cnn,integrated_gradients,conditional_gaussian_draw,conditional_on_retained_coordinates,insertion,0,BENIGN,True,0,BENIGN,0.9999999996777164,0.0009874857766092,10,-0.19164825885977163,-0.05261561273426575,-0.006935341437996765,-0.13903264612550592,-0.18471291742177487,0.06278772022860074,0.033811114773787274,-0.20530243108212898,0.9296714067459106,0.8259149777889252,0.10375642895698545,18.4,18.4,trapezoid_from_zero_normalized_by_max_fraction
cicids2017_binary,43,rid_a30282f714de912382c8a683d9075cb2,cnn,integrated_gradients,conditional_gaussian_draw,conditional_on_retained_coordinates,insertion,0,BENIGN,True,0,BENIGN,0.999994920053723,0.0009824061526159,10,0.002987425497894946,0.002168212111445772,-0.06147490015001168,0.0008192133864491787,0.06446232564790662,0.029090210196132768,0.018491949986862842,-0.035425008587801995,0.9154772758483887,0.669330277442932,0.24614699840545662,18.4,18.4,trapezoid_from_zero_normalized_by_max_fraction
cicids2017_binary,43,rid_d0761508812c12c771adea5e80b3733e,cnn,integrated_gradients,conditional_gaussian_draw,conditional_on_retained_coordinates,insertion,0,BENIGN,True,0,BENIGN,0.9999982846898092,0.0009857707887021,10,0.037239399847385356,-0.006606935501845365,-0.03960695263596366,0.04384633534923073,0.076846352483349,0.03802782885484752,0.017974632996968103,0.008616054675173249,0.7737922072410583,0.5845772784948349,0.18921492874622348,18.4,18.4,trapezoid_from_zero_normalized_by_max_fraction
cicids2017_binary,43,rid_a1ed68623ba0430e56f4ee82b60cb189,cnn,integrated_gradients,conditional_gaussian_draw,conditional_on_retained_coordinates,insertion,0,BENIGN,True,0,BENIGN,0.9999999976535074,0.0009874837524003,10,0.034277100715917184,-0.02274708942992845,-0.01929331308702582,0.05702419014584564,0.053570413802943015,0.03910620030835206,0.021379622571167566,0.015120129906357208,5.299971103668213,4.80819751739502,0.4917735862731929,18.4,18.4,trapezoid_from_zero_normalized_by_max_fraction
cicids2017_binary,43,rid_dba24fc6ab50ddfc1c7e2883730920f1,cnn,integrated_gradients,conditional_gaussian_draw,conditional_on_retained_coordinates,insertion,0,BENIGN,True,0,BENIGN,0.9999978442522206,0.0009853303511135,10,-0.012295835182158037,-0.007945284643352677,-0.01962867579861637,-0.0043505505388053665,0.007332840616458317,0.03968632584685179,0.023134329550305865,-0.049693836457404855,0.8597456216812134,0.62889901638031,0.2308466053009034,18.4,18.4,trapezoid_from_zero_normalized_by_max_fraction
cicids2017_binary,43,rid_06ab8b94dacdf1e99c27598d627fd5e7,cnn,integrated_gradients,conditional_gaussian_draw,conditional_on_retained_coordinates,insertion,1,ATTACK,True,1,ATTACK,0.9999985098838806,0.9990110237849876,10,0.24387397100217645,0.5272769918185076,0.46981099013775884,-0.28340302081633123,-0.2259370191355824,0.09878102308239019,0.04878462092068388,-0.3790208778208716,0.8894845247268677,0.6555616128444672,0.23392291188240044,18.4,18.4,trapezoid_from_zero_normalized_by_max_fraction
cicids2017_binary,43,rid_e3dd721c6ead4c5beb8c97214764fe93,cnn,integrated_gradients,conditional_gaussian_draw,conditional_on_retained_coordinates,insertion,1,ATTACK,True,1,ATTACK,1.0,0.9990125139011072,10,0.7385285811498761,0.6724855941860005,0.743796834530076,0.0660429869638756,-0.005268253380199886,0.08733772336345946,0.04449944481902255,-0.021175924881408598,1.4842901229858398,1.2512131690979005,0.23307695388793936,18.4,18.4,trapezoid_from_zero_normalized_by_max_fraction
cicids2017_binary,43,rid_4549d0f84e4654e49b146ef9247a3cad,cnn,integrated_gradients,conditional_gaussian_draw,conditional_on_retained_coordinates,insertion,1,ATTACK,True,1,ATTACK,1.0,0.9990125139011072,10,0.8423777731135487,0.8373390746489167,0.783349430908438,0.005038698464632025,0.05902834220511071,0.04486559166362096,0.027655958683063874,-0.049166980554173165,1.5888152122497559,1.4673946213722229,0.12142059087753299,18.4,18.4,trapezoid_from_zero_normalized_by_max_fraction
cicids2017_binary,43,rid_94b322d0c9af6a93a1587e589cac48ea,cnn,integrated_gradients,conditional_gaussian_draw,conditional_on_retained_coordinates,insertion,1,ATTACK,True,1,ATTACK,1.0,0.9990125139011072,10,0.7656671607866883,0.8537151217833161,0.7553853566455655,-0.08804796099662782,0.010281804141122865,0.025344063318789693,0.017632659587160076,-0.12260797378746156,1.0457351207733154,0.9482569909095764,0.09747812986373905,18.4,18.4,trapezoid_from_zero_normalized_by_max_fraction
cicids2017_binary,43,rid_dc6b295865e7aabc28fd5e1b8a0b5b30,cnn,integrated_gradients,conditional_gaussian_draw,conditional_on_retained_coordinates,insertion,1,ATTACK,True,1,ATTACK,1.0,0.9990125139011072,10,0.5168947683181614,0.6494673089516436,0.7673332779281472,-0.1325725406334823,-0.25043850960998587,0.09149743457501348,0.04660389594544518,-0.22391617668655486,1.8498258590698242,1.6847248995304107,0.1651009595394135,18.4,18.4,trapezoid_from_zero_normalized_by_max_fraction
cicids2017_binary,43,rid_a736dce9f3e61ea8d8876c86d0ac0751,cnn,integrated_gradients,conditional_gaussian_draw,conditional_on_retained_coordinates,insertion,1,ATTACK,True,1,ATTACK,1.0,0.9990125139011072,10,0.8277416499331594,0.7172954599576042,0.7367922947381157,0.11044618997555516,0.09094935519504363,0.08211670821905698,0.044505243970089335,0.023215911794180075,1.056215524673462,1.000667017698288,0.055548506975173995,18.4,18.4,trapezoid_from_zero_normalized_by_max_fraction
cicids2017_binary,43,rid_40e563444b684608e6d176b713ea43e7,cnn,integrated_gradients,conditional_gaussian_draw,conditional_on_retained_coordinates,insertion,0,BENIGN,True,0,BENIGN,0.9999994095625198,0.0009868956614126,10,-0.017268226695159688,-0.13212181706269058,-0.10823751280870794,0.1148535903675309,0.09096928611354826,0.0805066743755966,0.040993657727400094,0.03450602122182672,0.4242776334285736,0.276168757379055,0.1481088760495186,18.4,18.4,trapezoid_from_zero_normalized_by_max_fraction
cicids2017_binary,43,rid_299f5020f6c0ee5585f68ea51b3a909c,cnn,integrated_gradients,nearest_neighbour_donor,nonparametric_conditional,deletion,1,ATTACK,True,1,ATTACK,1.0,0.9990125139011072,10,0.0,0.0,0.0,0.0,0.0,0.0,0.0,0.0,1.3321117162704468,1.2283596742153169,0.10375204205512989,18.4,18.4,trapezoid_from_zero_normalized_by_max_fraction
cicids2017_binary,43,rid_b63ceef3b9d6d5e5d52f011e88a99d75,cnn,integrated_gradients,nearest_neighbour_donor,nonparametric_conditional,deletion,0,BENIGN,True,0,BENIGN,0.9999991862612204,0.0009866723601134,10,0.4982260769113509,0.0024079143366030164,0.006561785704106413,0.4958181625747479,0.4916642912072445,0.002026458882467223,0.0015663552951520345,0.4927481061962499,0.5157793760299683,0.41497801303863524,0.10080136299133302,18.4,18.4,trapezoid_from_zero_normalized_by_max_fraction
cicids2017_binary,43,rid_0d5718fa79fb7894e09279dc893a803e,cnn,integrated_gradients,nearest_neighbour_donor,nonparametric_conditional,deletion,1,ATTACK,True,1,ATTACK,1.0,0.9990125139011072,10,0.0,0.0,0.0,0.0,0.0,0.0,0.0,0.0,1.0613764524459839,1.0428847408294677,0.018491711616516193,18.4,18.4,trapezoid_from_zero_normalized_by_max_fraction
cicids2017_binary,43,rid_0fbdd24c1b1636c31eb464c10c4cd767,cnn,integrated_gradients,nearest_neighbour_donor,nonparametric_conditional,deletion,0,BENIGN,True,0,BENIGN,0.999965887680446,0.0009533737793389,10,3.908431704076064e-05,1.870175019575981e-06,1.6470077071062406e-05,3.721414202118467e-05,2.2614239969698244e-05,6.542144526357588e-06,4.243835245061459e-06,2.889622494086421e-05,1.1531450748443604,0.8740753471851349,0.27906972765922544,18.4,18.4,trapezoid_from_zero_normalized_by_max_fraction
cicids2017_binary,43,rid_d4ee17856ce1b46d6111b2ca82a08247,cnn,integrated_gradients,nearest_neighbour_donor,nonparametric_conditional,deletion,0,BENIGN,True,0,BENIGN,0.9999999996777164,0.0009874857766092,10,3.9651907868254456e-10,1.7635648502656308e-09,4.7462060100977866e-08,-1.3670457715830863e-09,-4.7065541022295325e-08,1.632743978088225e-09,1.2043171628259625e-09,-3.727507410721973e-09,0.9131593704223633,0.8205713403224946,0.09258803009986871,18.4,18.4,trapezoid_from_zero_normalized_by_max_fraction
cicids2017_binary,43,rid_a30282f714de912382c8a683d9075cb2,cnn,integrated_gradients,nearest_neighbour_donor,nonparametric_conditional,deletion,0,BENIGN,True,0,BENIGN,0.999994920053723,0.0009824061526159,10,1.0478933154445258e-05,9.018069861213007e-06,6.835708882135805e-07,1.4608632932322514e-06,9.795362266231678e-06,2.8269674186909718e-06,1.631242356259759e-06,-1.7363717250368763e-06,0.85081547498703,0.7914143204689026,0.05940115451812744,18.4,18.4,trapezoid_from_zero_normalized_by_max_fraction
cicids2017_binary,43,rid_d0761508812c12c771adea5e80b3733e,cnn,integrated_gradients,nearest_neighbour_donor,nonparametric_conditional,deletion,0,BENIGN,True,0,BENIGN,0.9999982846898092,0.0009857707887021,10,3.8336145280482015e-06,1.2084044982429987e-06,1.4919734780960425e-07,2.6252100298052032e-06,3.6844171802385976e-06,5.630955675933063e-07,4.027000484458433e-07,1.8359179348513504e-06,0.6936483979225159,0.6500081956386566,0.04364020228385923,18.4,18.4,trapezoid_from_zero_normalized_by_max_fraction
cicids2017_binary,43,rid_a1ed68623ba0430e56f4ee82b60cb189,cnn,integrated_gradients,nearest_neighbour_donor,nonparametric_conditional,deletion,0,BENIGN,True,0,BENIGN,0.9999999976535074,0.0009874837524003,10,4.603651886037064e-07,5.025991855056587e-07,-1.3913347696181688e-10,-4.223399690195249e-08,4.6050432208066817e-07,1.814708813277014e-07,1.3092778737603836e-07,-2.988524601589877e-07,5.161840915679932,4.80617880821228,0.35566210746765137,18.4,18.4,trapezoid_from_zero_normalized_by_max_fraction
cicids2017_binary,43,rid_dba24fc6ab50ddfc1c7e2883730920f1,cnn,integrated_gradients,nearest_neighbour_donor,nonparametric_conditional,deletion,0,BENIGN,True,0,BENIGN,0.9999978442522206,0.0009853303511135,10,3.7095433185641015e-06,-6.242598828976042e-09,-4.117783873880399e-09,3.715785917393078e-06,3.713661102437982e-06,1.793721413686904e-09,8.52745016949128e-10,3.714114537159858e-06,0.7819818258285522,0.7519783580303192,0.03000346779823304,18.4,18.4,trapezoid_from_zero_normalized_by_max_fraction
cicids2017_binary,43,rid_06ab8b94dacdf1e99c27598d627fd5e7,cnn,integrated_gradients,nearest_neighbour_donor,nonparametric_conditional,deletion,1,ATTACK,True,1,ATTACK,0.9999985098838806,0.9990110237849876,10,0.7066864183022389,0.32761266355562835,0.17793835732762092,0.3790737547466105,0.528748060974618,0.07380840961018237,0.045673831249138916,0.2895530454982982,1.0097906589508057,0.8053597223758697,0.20443093657493594,18.4,18.4,trapezoid_from_zero_normalized_by_max_fraction
cicids2017_binary,43,rid_e3dd721c6ead4c5beb8c97214764fe93,cnn,integrated_gradients,nearest_neighbour_donor,nonparametric_conditional,deletion,1,ATTACK,True,1,ATTACK,1.0,0.9990125139011072,10,0.19999624535485055,0.1112872838567455,0.0,0.08870896149810506,0.19999624535485055,0.06088622171398122,0.04512207311927576,0.00026969818432456827,1.2775509357452393,1.1206323194503782,0.15691861629486104,18.4,18.4,trapezoid_from_zero_normalized_by_max_fraction
cicids2017_binary,43,rid_4549d0f84e4654e49b146ef9247a3cad,cnn,integrated_gradients,nearest_neighbour_donor,nonparametric_conditional,deletion,1,ATTACK,True,1,ATTACK,1.0,0.9990125139011072,10,0.0,0.04937757902574277,0.0,-0.04937757902574277,0.0,0.04239663410495131,0.029998765209098055,-0.10817515883557496,1.3560826778411865,1.3432637774944305,0.012818900346756035,18.4,18.4,trapezoid_from_zero_normalized_by_max_fraction
cicids2017_binary,43,rid_94b322d0c9af6a93a1587e589cac48ea,cnn,integrated_gradients,nearest_neighbour_donor,nonparametric_conditional,deletion,1,ATTACK,True,1,ATTACK,1.0,0.9990125139011072,10,0.4998841066510977,0.019999973350932124,0.01999994703486209,0.47988413330016555,0.47988415961623554,0.019999973350932128,0.019999973350932128,0.44068418553233857,0.8828067779541016,0.8910452198982239,-0.008238441944122377,18.4,18.4,trapezoid_from_zero_normalized_by_max_fraction
cicids2017_binary,43,rid_dc6b295865e7aabc28fd5e1b8a0b5b30,cnn,integrated_gradients,nearest_neighbour_donor,nonparametric_conditional,deletion,1,ATTACK,True,1,ATTACK,1.0,0.9990125139011072,10,1.9371509552001953e-07,0.030910095405997706,1.6689300537109373e-08,-0.030909901690902186,1.7702579498291017e-07,0.03091002785964316,0.029991797663269405,-0.08969382511091022,1.6457984447479248,1.6378503227233885,0.00794812202453632,18.4,18.4,trapezoid_from_zero_normalized_by_max_fraction
cicids2017_binary,43,rid_a736dce9f3e61ea8d8876c86d0ac0751,cnn,integrated_gradients,nearest_neighbour_donor,nonparametric_conditional,deletion,1,ATTACK,True,1,ATTACK,1.0,0.9990125139011072,10,0.2027277439599857,0.0,0.0,0.2027277439599857,0.2027277439599857,0.0,0.0,0.2027277439599857,0.8641066551208496,0.9086791998147964,-0.04457254469394678,18.4,18.4,trapezoid_from_zero_normalized_by_max_fraction
cicids2017_binary,43,rid_40e563444b684608e6d176b713ea43e7,cnn,integrated_gradients,nearest_neighbour_donor,nonparametric_conditional,deletion,0,BENIGN,True,0,BENIGN,0.9999994095625198,0.0009868956614126,10,4.703139836692571e-07,2.2924454896156023e-07,1.4801779116169198e-07,2.4106943470769686e-07,3.2229619250756514e-07,7.70493696147593e-08,4.434188713926071e-08,1.5415933591474587e-07,0.45819973945617676,0.3493029308319092,0.10889680862426754,18.4,18.4,trapezoid_from_zero_normalized_by_max_fraction
cicids2017_binary,43,rid_299f5020f6c0ee5585f68ea51b3a909c,cnn,integrated_gradients,nearest_neighbour_donor,nonparametric_conditional,insertion,1,ATTACK,True,1,ATTACK,1.0,0.9990125139011072,10,0.732977779954672,0.732977779954672,0.732977779954672,0.0,0.0,0.0,0.0,0.0,1.3321117162704468,1.2283596742153169,0.10375204205512989,18.4,18.4,trapezoid_from_zero_normalized_by_max_fraction
cicids2017_binary,43,rid_b63ceef3b9d6d5e5d52f011e88a99d75,cnn,integrated_gradients,nearest_neighbour_donor,nonparametric_conditional,insertion,0,BENIGN,True,0,BENIGN,0.9999991862612204,0.0009866723601134,10,0.2170217959999407,0.19906923074846086,0.17697329234003623,0.017952565251479827,0.040048503659904436,0.017513149737385006,0.017325101617011972,-0.016004633917863637,0.5157793760299683,0.41497801303863524,0.10080136299133302,18.4,18.4,trapezoid_from_zero_normalized_by_max_fraction
cicids2017_binary,43,rid_0d5718fa79fb7894e09279dc893a803e,cnn,integrated_gradients,nearest_neighbour_donor,nonparametric_conditional,insertion,1,ATTACK,True,1,ATTACK,1.0,0.9990125139011072,10,0.732977779954672,0.732977779954672,0.732977779954672,0.0,0.0,0.0,0.0,0.0,1.0613764524459839,1.0428847408294677,0.018491711616516193,18.4,18.4,trapezoid_from_zero_normalized_by_max_fraction
cicids2017_binary,43,rid_0fbdd24c1b1636c31eb464c10c4cd767,cnn,integrated_gradients,nearest_neighbour_donor,nonparametric_conditional,insertion,0,BENIGN,True,0,BENIGN,0.999965887680446,0.0009533737793389,10,0.2169514429388073,0.21683469323653526,0.2168975189427284,0.00011674970227204957,5.392399607889453e-05,3.305387833524205e-05,1.5931219042442977e-05,8.552451294886133e-05,1.1531450748443604,0.8740753471851349,0.27906972765922544,18.4,18.4,trapezoid_from_zero_normalized_by_max_fraction
cicids2017_binary,43,rid_d4ee17856ce1b46d6111b2ca82a08247,cnn,integrated_gradients,nearest_neighbour_donor,nonparametric_conditional,insertion,0,BENIGN,True,0,BENIGN,0.9999999996777164,0.0009874857766092,10,0.21702141078825615,0.2170205045079595,0.21702176802048045,9.062802966031124e-07,-3.5723222433226005e-07,7.543979612025403e-07,4.83895520221954e-07,-4.215492303191732e-08,0.9131593704223633,0.8205713403224946,0.09258803009986871,18.4,18.4,trapezoid_from_zero_normalized_by_max_fraction
cicids2017_binary,43,rid_a30282f714de912382c8a683d9075cb2,cnn,integrated_gradients,nearest_neighbour_donor,nonparametric_conditional,insertion,0,BENIGN,True,0,BENIGN,0.999994920053723,0.0009824061526159,10,0.21701871412507218,0.2170151287433339,0.2170125118726776,3.585381738278881e-06,6.202252394586772e-06,3.0978153163322888e-06,1.5505610987773435e-06,5.462819846752877e-07,0.85081547498703,0.7914143204689026,0.05940115451812744,18.4,18.4,trapezoid_from_zero_normalized_by_max_fraction
cicids2017_binary,43,rid_d0761508812c12c771adea5e80b3733e,cnn,integrated_gradients,nearest_neighbour_donor,nonparametric_conditional,insertion,0,BENIGN,True,0,BENIGN,0.9999982846898092,0.0009857707887021,10,0.2170193588869097,0.217019323792928,0.21701609104069758,3.509398169010405e-08,3.2678462120822043e-06,5.988622773607015e-07,2.7342274297668687e-07,-5.008145945442022e-07,0.6936483979225159,0.6500081956386566,0.04364020228385923,18.4,18.4,trapezoid_from_zero_normalized_by_max_fraction
cicids2017_binary,43,rid_a1ed68623ba0430e56f4ee82b60cb189,cnn,integrated_gradients,nearest_neighbour_donor,nonparametric_conditional,insertion,0,BENIGN,True,0,BENIGN,0.9999999976535074,0.0009874837524003,10,0.21702221813187034,0.21702221820950546,0.21702187228183148,-7.763512888114831e-11,3.458500388492381e-07,7.118837145101847e-11,4.382597664775779e-11,-1.6353404311075358e-10,5.161840915679932,4.80617880821228,0.35566210746765137,18.4,18.4,trapezoid_from_zero_normalized_by_max_fraction
cicids2017_binary,43,rid_dba24fc6ab50ddfc1c7e2883730920f1,cnn,integrated_gradients,nearest_neighbour_donor,nonparametric_conditional,insertion,0,BENIGN,True,0,BENIGN,0.9999978442522206,0.0009853303511135,10,0.21701568659293569,0.21701568631653573,0.21701801568563198,2.7639998761983634e-10,-2.32909269626963e-06,1.057931731111684e-06,6.266344668260406e-07,-1.2279271549914196e-06,0.7819818258285522,0.7519783580303192,0.03000346779823304,18.4,18.4,trapezoid_from_zero_normalized_by_max_fraction
cicids2017_binary,43,rid_06ab8b94dacdf1e99c27598d627fd5e7,cnn,integrated_gradients,nearest_neighbour_donor,nonparametric_conditional,insertion,1,ATTACK,True,1,ATTACK,0.9999985098838806,0.9990110237849876,10,-0.15618335110076914,-0.08790670340754507,-0.1015322832995616,-0.06827664769322404,-0.05465106780120754,0.03113846001679748,0.026139311318058828,-0.11950969787661934,1.0097906589508057,0.8053597223758697,0.20443093657493594,18.4,18.4,trapezoid_from_zero_normalized_by_max_fraction
cicids2017_binary,43,rid_e3dd721c6ead4c5beb8c97214764fe93,cnn,integrated_gradients,nearest_neighbour_donor,nonparametric_conditional,insertion,1,ATTACK,True,1,ATTACK,1.0,0.9990125139011072,10,0.732977779954672,0.6779778273586319,0.5479999262991843,0.054999952596039924,0.18497785365548763,0.031329912259764545,0.022173543569749394,0.011539807199331113,1.2775509357452393,1.1206323194503782,0.15691861629486104,18.4,18.4,trapezoid_from_zero_normalized_by_max_fraction
cicids2017_binary,43,rid_4549d0f84e4654e49b146ef9247a3cad,cnn,integrated_gradients,nearest_neighbour_donor,nonparametric_conditional,insertion,1,ATTACK,True,1,ATTACK,1.0,0.9990125139011072,10,0.732977779954672,0.7229777805822237,0.6079795076830639,0.009999999372448089,0.12499827227160792,0.009999999372448089,0.009999999372448089,-0.009599999397550164,1.3560826778411865,1.3432637774944305,0.012818900346756035,18.4,18.4,trapezoid_from_zero_normalized_by_max_fraction
cicids2017_binary,43,rid_94b322d0c9af6a93a1587e589cac48ea,cnn,integrated_gradients,nearest_neighbour_donor,nonparametric_conditional,insertion,1,ATTACK,True,1,ATTACK,1.0,0.9990125139011072,10,0.732977779954672,0.6829779460602556,0.6279904157954448,0.04999983389441631,0.10498736415922712,0.016666611298810398,0.016666611298810398,0.017333275748747934,0.8828067779541016,0.8910452198982239,-0.008238441944122377,18.4,18.4,trapezoid_from_zero_normalized_by_max_fraction
cicids2017_binary,43,rid_dc6b295865e7aabc28fd5e1b8a0b5b30,cnn,integrated_gradients,nearest_neighbour_donor,nonparametric_conditional,insertion,1,ATTACK,True,1,ATTACK,1.0,0.9990125139011072,10,0.732977744191885,0.7329777644574642,0.6451660071302174,-2.026557922030214e-08,0.0878117370616675,1.2146741401094009e-08,6.181537781597791e-09,-3.238139327223381e-08,1.6457984447479248,1.6378503227233885,0.00794812202453632,18.4,18.4,trapezoid_from_zero_normalized_by_max_fraction
cicids2017_binary,43,rid_a736dce9f3e61ea8d8876c86d0ac0751,cnn,integrated_gradients,nearest_neighbour_donor,nonparametric_conditional,insertion,1,ATTACK,True,1,ATTACK,1.0,0.9990125139011072,10,0.732977779954672,0.6579779716783147,0.6179680044112812,0.0749998082763572,0.1150097755433906,0.03818803317089329,0.02753777181878254,0.021025775511543422,0.8641066551208496,0.9086791998147964,-0.04457254469394678,18.4,18.4,trapezoid_from_zero_normalized_by_max_fraction
cicids2017_binary,43,rid_40e563444b684608e6d176b713ea43e7,cnn,integrated_gradients,nearest_neighbour_donor,nonparametric_conditional,insertion,0,BENIGN,True,0,BENIGN,0.9999994095625198,0.0009868956614126,10,0.21702150274689702,0.2169869341339657,0.1970193620985227,3.456861293133079e-05,0.020002140648374314,3.451321048649489e-05,3.44348200442463e-05,-3.292363435539196e-05,0.45819973945617676,0.3493029308319092,0.10889680862426754,18.4,18.4,trapezoid_from_zero_normalized_by_max_fraction
cicids2017_binary,43,rid_299f5020f6c0ee5585f68ea51b3a909c,cnn,integrated_gradients,correlation_group_median,group_wise,deletion,1,ATTACK,True,1,ATTACK,1.0,0.9990125139011072,50,0.9355280246265465,0.5774424781285197,0.5431946409501288,0.3580855464980268,0.3923333836764177,0.04168597146273912,0.018776777841502255,0.3212830619286824,0.8011723756790161,0.7339676095545291,0.067204766124487,48.2,39.408,trapezoid_from_zero_normalized_by_max_fraction
cicids2017_binary,43,rid_b63ceef3b9d6d5e5d52f011e88a99d75,cnn,integrated_gradients,correlation_group_median,group_wise,deletion,0,BENIGN,True,0,BENIGN,0.9999991862612204,0.0009866723601134,50,0.15250696012776643,0.026589343238537174,0.10192243582274488,0.12591761688922926,0.050584524305021555,0.00569951068059338,0.0032912398076793982,0.11946678686617763,0.3048281669616699,0.24738341352343562,0.0574447534382343,47.8,42.916000000000004,trapezoid_from_zero_normalized_by_max_fraction
cicids2017_binary,43,rid_0d5718fa79fb7894e09279dc893a803e,cnn,integrated_gradients,correlation_group_median,group_wise,deletion,1,ATTACK,True,1,ATTACK,1.0,0.9990125139011072,50,0.9154463987961208,0.7909711104313915,0.5838767303033965,0.1244752883647293,0.33156966849272435,0.02379592917576654,0.013075186532084577,0.09884792276184354,0.681799054145813,0.6346882228851319,0.04711083126068105,46.0,36.839999999999996,trapezoid_from_zero_normalized_by_max_fraction
cicids2017_binary,43,rid_0fbdd24c1b1636c31eb464c10c4cd767,cnn,integrated_gradients,correlation_group_median,group_wise,deletion,0,BENIGN,True,0,BENIGN,0.999965887680446,0.0009533737793389,50,0.048819322496274256,0.03191680513438041,0.0321835045021096,0.01690251736189384,0.016635817994164654,0.002702669318626837,0.0013865025749311456,0.014184972315028795,1.123799443244934,0.82486158089526,0.2989378623496741,35.4,33.224000000000004,trapezoid_from_zero_normalized_by_max_fraction
cicids2017_binary,43,rid_d4ee17856ce1b46d6111b2ca82a08247,cnn,integrated_gradients,correlation_group_median,group_wise,deletion,0,BENIGN,True,0,BENIGN,0.9999999996777164,0.0009874857766092,50,0.05830882663691563,0.1618555392176057,0.05530777121104098,-0.10354671258069005,0.0030010554258746505,0.03461551864039583,0.019889910337607848,-0.14253093684240142,0.48519015312194824,0.6053683406114578,-0.12017818748950959,51.0,39.592,trapezoid_from_zero_normalized_by_max_fraction
cicids2017_binary,43,rid_a30282f714de912382c8a683d9075cb2,cnn,integrated_gradients,correlation_group_median,group_wise,deletion,0,BENIGN,True,0,BENIGN,0.999994920053723,0.0009824061526159,50,0.06243410778861289,0.04210813431414136,0.02434317545660383,0.02032597347447154,0.03809093233200906,0.0029674077171957945,0.0016003822400676635,0.017189224283938917,1.0845190286636353,0.7469230810990558,0.33759594756457945,34.0,27.916000000000004,trapezoid_from_zero_normalized_by_max_fraction
cicids2017_binary,43,rid_d0761508812c12c771adea5e80b3733e,cnn,integrated_gradients,correlation_group_median,group_wise,deletion,0,BENIGN,True,0,BENIGN,0.9999982846898092,0.0009857707887021,50,0.06301311430495389,0.056376921753281295,0.02318766876878476,0.006636192551672593,0.039825445536169124,0.0009098084064577823,0.0006650783125421967,0.005332639059089888,0.8178911209106445,0.5500118320300244,0.2678792888806202,40.2,37.168,trapezoid_from_zero_normalized_by_max_fraction
cicids2017_binary,43,rid_a1ed68623ba0430e56f4ee82b60cb189,cnn,integrated_gradients,correlation_group_median,group_wise,deletion,0,BENIGN,True,0,BENIGN,0.9999999976535074,0.0009874837524003,50,0.03896969365452282,0.02341532714304623,0.018707782779856234,0.015554366511476587,0.020261910874666576,0.001519178427824764,0.0011423442772834826,0.013315371728000961,2.7320003509521484,2.774822015285492,-0.042821664333343445,35.6,34.1,trapezoid_from_zero_normalized_by_max_fraction
cicids2017_binary,43,rid_dba24fc6ab50ddfc1c7e2883730920f1,cnn,integrated_gradients,correlation_group_median,group_wise,deletion,0,BENIGN,True,0,BENIGN,0.9999978442522206,0.0009853303511135,50,0.06167000142595498,0.04002426109543785,0.020931583695570938,0.021645740330517128,0.040738417730384044,0.002738528475033064,0.001525206249972819,0.018656336080570404,0.9431816935539246,0.6725822473289444,0.2705994462249801,37.6,30.516,trapezoid_from_zero_normalized_by_max_fraction
cicids2017_binary,43,rid_06ab8b94dacdf1e99c27598d627fd5e7,cnn,integrated_gradients,correlation_group_median,group_wise,deletion,1,ATTACK,True,1,ATTACK,0.9999985098838806,0.9990110237849876,50,0.8647614932619035,0.8031152837753539,0.6955522361843642,0.061646209486549655,0.16920925707753942,0.022884085314202367,0.013520023122281417,0.035146964166878084,0.3823470175266266,0.3666111192703247,0.015735898256301895,47.0,45.952,trapezoid_from_zero_normalized_by_max_fraction
cicids2017_binary,43,rid_e3dd721c6ead4c5beb8c97214764fe93,cnn,integrated_gradients,correlation_group_median,group_wise,deletion,1,ATTACK,True,1,ATTACK,1.0,0.9990125139011072,50,0.8830665366724133,0.629915734997645,0.6548290114705815,0.25315080167476844,0.22823752520183185,0.05155801158946191,0.024964511905031416,0.20422035834090688,0.6811793446540833,0.5537076928317547,0.12747165182232856,41.4,33.315999999999995,trapezoid_from_zero_normalized_by_max_fraction
cicids2017_binary,43,rid_4549d0f84e4654e49b146ef9247a3cad,cnn,integrated_gradients,correlation_group_median,group_wise,deletion,1,ATTACK,True,1,ATTACK,1.0,0.9990125139011072,50,0.8825783753767609,0.6301171724842861,0.5869758036359272,0.25246120289247487,0.2956025717408338,0.045042233070746764,0.02422980686737131,0.20497078143242708,0.7500774264335632,0.6287700655311346,0.12130736090242866,39.6,34.012,trapezoid_from_zero_normalized_by_max_fraction
cicids2017_binary,43,rid_94b322d0c9af6a93a1587e589cac48ea,cnn,integrated_gradients,correlation_group_median,group_wise,deletion,1,ATTACK,True,1,ATTACK,1.0,0.9990125139011072,50,0.8303552757948637,0.6662915729034431,0.6569442561543237,0.1640637028914207,0.17341101964053995,0.04533740936225279,0.0245111640775324,0.11602182129945719,0.6153749227523804,0.5414976645112037,0.07387725824117664,43.4,34.791999999999994,trapezoid_from_zero_normalized_by_max_fraction
cicids2017_binary,43,rid_dc6b295865e7aabc28fd5e1b8a0b5b30,cnn,integrated_gradients,correlation_group_median,group_wise,deletion,1,ATTACK,True,1,ATTACK,1.0,0.9990125139011072,50,0.8742988888174296,0.7975893264079932,0.6456235417654388,0.07670956240943635,0.2286753470519907,0.01363562905289081,0.007415489917240358,0.06217520217164525,0.8644895553588867,0.7001632851809262,0.16432627017796053,40.6,33.412,trapezoid_from_zero_normalized_by_max_fraction
cicids2017_binary,43,rid_a736dce9f3e61ea8d8876c86d0ac0751,cnn,integrated_gradients,correlation_group_median,group_wise,deletion,1,ATTACK,True,1,ATTACK,1.0,0.9990125139011072,50,0.7549687653779984,0.7432143345496998,0.5863352364116509,0.011754430828298612,0.1686335289663475,0.02451960653527183,0.014318829111448706,-0.01631047423014085,0.5866796374320984,0.5391507744193078,0.04752886301279058,42.8,34.476,trapezoid_from_zero_normalized_by_max_fraction
cicids2017_binary,43,rid_40e563444b684608e6d176b713ea43e7,cnn,integrated_gradients,correlation_group_median,group_wise,deletion,0,BENIGN,True,0,BENIGN,0.9999994095625198,0.0009868956614126,50,0.08108317514085571,0.061763037763907964,0.15262371661048746,0.019320137376947745,-0.07154054146963176,0.01198611451367511,0.007056027205336698,0.005490324054487818,0.285537987947464,0.24033186328411102,0.04520612466335297,51.4,40.76800000000001,trapezoid_from_zero_normalized_by_max_fraction
cicids2017_binary,43,rid_299f5020f6c0ee5585f68ea51b3a909c,cnn,integrated_gradients,correlation_group_median,group_wise,insertion,1,ATTACK,True,1,ATTACK,1.0,0.9990125139011072,50,0.8843575596809388,0.687983643532556,0.8080016598190414,0.19637391614838273,0.07635589986189735,0.023749503437884643,0.014119291436551874,0.16870010493274107,0.8011723756790161,0.7339676095545291,0.067204766124487,48.2,39.408,trapezoid_from_zero_normalized_by_max_fraction
cicids2017_binary,43,rid_b63ceef3b9d6d5e5d52f011e88a99d75,cnn,integrated_gradients,correlation_group_median,group_wise,insertion,0,BENIGN,True,0,BENIGN,0.9999991862612204,0.0009866723601134,50,0.06557575956908135,0.04780701609555241,0.052621273774718126,0.01776874347352894,0.012954485794363224,0.004518017722167976,0.0033866295627620223,0.011130949530515376,0.3048281669616699,0.24738341352343562,0.0574447534382343,47.8,42.916000000000004,trapezoid_from_zero_normalized_by_max_fraction
cicids2017_binary,43,rid_0d5718fa79fb7894e09279dc893a803e,cnn,integrated_gradients,correlation_group_median,group_wise,insertion,1,ATTACK,True,1,ATTACK,1.0,0.9990125139011072,50,0.8755519896745683,0.7283553516190087,0.7678930425159634,0.14719663805555955,0.10765894715860487,0.015087454001366917,0.010825326594795251,0.12597899792976086,0.681799054145813,0.6346882228851319,0.04711083126068105,46.0,36.839999999999996,trapezoid_from_zero_normalized_by_max_fraction
cicids2017_binary,43,rid_0fbdd24c1b1636c31eb464c10c4cd767,cnn,integrated_gradients,correlation_group_median,group_wise,insertion,0,BENIGN,True,0,BENIGN,0.999965887680446,0.0009533737793389,50,0.06550215090392157,0.058500312967616985,0.06362254597357826,0.007001837936304583,0.0018796049303433074,0.0011113796630992441,0.0007783996986103967,0.005476174527028205,1.123799443244934,0.82486158089526,0.2989378623496741,35.4,33.224000000000004,trapezoid_from_zero_normalized_by_max_fraction
cicids2017_binary,43,rid_d4ee17856ce1b46d6111b2ca82a08247,cnn,integrated_gradients,correlation_group_median,group_wise,insertion,0,BENIGN,True,0,BENIGN,0.9999999996777164,0.0009874857766092,50,0.06557601625788032,0.05345479301397385,0.057167911345219515,0.012121223243906468,0.008408104912660808,0.006298171512248959,0.004868396510920607,0.002579166082502079,0.48519015312194824,0.6053683406114578,-0.12017818748950959,51.0,39.592,trapezoid_from_zero_normalized_by_max_fraction
cicids2017_binary,43,rid_a30282f714de912382c8a683d9075cb2,cnn,integrated_gradients,correlation_group_median,group_wise,insertion,0,BENIGN,True,0,BENIGN,0.999994920053723,0.0009824061526159,50,0.06557114589943466,0.0497215110080474,0.06382036034837096,0.015849634891387267,0.0017507855510637005,0.002642688160760077,0.0013784487614583456,0.013147875318928911,1.0845190286636353,0.7469230810990558,0.33759594756457945,34.0,27.916000000000004,trapezoid_from_zero_normalized_by_max_fraction
cicids2017_binary,43,rid_d0761508812c12c771adea5e80b3733e,cnn,integrated_gradients,correlation_group_median,group_wise,insertion,0,BENIGN,True,0,BENIGN,0.9999982846898092,0.0009857707887021,50,0.065574557807156,0.05778066681592418,0.06433292993307049,0.007793890991231819,0.0012416278740855124,0.0007547878956412654,0.0005571593985679197,0.006701858570038697,0.8178911209106445,0.5500118320300244,0.2678792888806202,40.2,37.168,trapezoid_from_zero_normalized_by_max_fraction
cicids2017_binary,43,rid_a1ed68623ba0430e56f4ee82b60cb189,cnn,integrated_gradients,correlation_group_median,group_wise,insertion,0,BENIGN,True,0,BENIGN,0.9999999976535074,0.0009874837524003,50,0.06335537246882786,0.06025790859001879,0.06525926668190427,0.0030974638788090606,-0.0019038942130764048,0.00048035533665579256,0.0002921132858026364,0.0025249218386358932,2.7320003509521484,2.774822015285492,-0.042821664333343445,35.6,34.1,trapezoid_from_zero_normalized_by_max_fraction
cicids2017_binary,43,rid_dba24fc6ab50ddfc1c7e2883730920f1,cnn,integrated_gradients,correlation_group_median,group_wise,insertion,0,BENIGN,True,0,BENIGN,0.9999978442522206,0.0009853303511135,50,0.06557394843003976,0.05096549946348909,0.06397218695482552,0.014608448966550669,0.0016017614752142342,0.002418400019889281,0.0012609089655240455,0.01213706739412354,0.9431816935539246,0.6725822473289444,0.2705994462249801,37.6,30.516,trapezoid_from_zero_normalized_by_max_fraction
cicids2017_binary,43,rid_06ab8b94dacdf1e99c27598d627fd5e7,cnn,integrated_gradients,correlation_group_median,group_wise,insertion,1,ATTACK,True,1,ATTACK,0.9999985098838806,0.9990110237849876,50,0.8828830152750016,0.7643479924402641,0.694002684307151,0.11853502283473746,0.1888803309678506,0.01518274241103671,0.011055211725563905,0.09686680785263221,0.3823470175266266,0.3666111192703247,0.015735898256301895,47.0,45.952,trapezoid_from_zero_normalized_by_max_fraction
cicids2017_binary,43,rid_e3dd721c6ead4c5beb8c97214764fe93,cnn,integrated_gradients,correlation_group_median,group_wise,insertion,1,ATTACK,True,1,ATTACK,1.0,0.9990125139011072,50,0.8420468091964721,0.5494998379891622,0.6676379220673845,0.29254697120731,0.1744088871290878,0.04844257103744122,0.023574395537658086,0.24634115595350015,0.6811793446540833,0.5537076928317547,0.12747165182232856,41.4,33.315999999999995,trapezoid_from_zero_normalized_by_max_fraction
cicids2017_binary,43,rid_4549d0f84e4654e49b146ef9247a3cad,cnn,integrated_gradients,correlation_group_median,group_wise,insertion,1,ATTACK,True,1,ATTACK,1.0,0.9990125139011072,50,0.8642846107482911,0.7651647153459489,0.7507099733084905,0.0991198954023421,0.11357463743980041,0.01629338302885178,0.009698041845563145,0.08011173338503834,0.7500774264335632,0.6287700655311346,0.12130736090242866,39.6,34.012,trapezoid_from_zero_normalized_by_max_fraction
cicids2017_binary,43,rid_94b322d0c9af6a93a1587e589cac48ea,cnn,integrated_gradients,correlation_group_median,group_wise,insertion,1,ATTACK,True,1,ATTACK,1.0,0.9990125139011072,50,0.8843873620033265,0.7962088615251705,0.7641494656474388,0.0881785004781559,0.12023789635588766,0.013312426943982455,0.008742770919995823,0.07104266947496408,0.6153749227523804,0.5414976645112037,0.07387725824117664,43.4,34.791999999999994,trapezoid_from_zero_normalized_by_max_fraction
cicids2017_binary,43,rid_dc6b295865e7aabc28fd5e1b8a0b5b30,cnn,integrated_gradients,correlation_group_median,group_wise,insertion,1,ATTACK,True,1,ATTACK,1.0,0.9990125139011072,50,0.8809168368577958,0.6677754082679748,0.7371825931818456,0.21314142858982088,0.14373424367594997,0.023803479491984535,0.012202004804345652,0.1892254991733034,0.8644895553588867,0.7001632851809262,0.16432627017796053,40.6,33.412,trapezoid_from_zero_normalized_by_max_fraction
cicids2017_binary,43,rid_a736dce9f3e61ea8d8876c86d0ac0751,cnn,integrated_gradients,correlation_group_median,group_wise,insertion,1,ATTACK,True,1,ATTACK,1.0,0.9990125139011072,50,0.8759079813957216,0.7111318049346773,0.7518787191593219,0.1647761764610441,0.12402926223639953,0.02446569899329959,0.015109704360460413,0.13516115591454167,0.5866796374320984,0.5391507744193078,0.04752886301279058,42.8,34.476,trapezoid_from_zero_normalized_by_max_fraction
cicids2017_binary,43,rid_40e563444b684608e6d176b713ea43e7,cnn,integrated_gradients,correlation_group_median,group_wise,insertion,0,BENIGN,True,0,BENIGN,0.9999994095625198,0.0009868956614126,50,0.06557590331922683,0.029394558675867946,0.059750336028221,0.03618134464335888,0.005825567291005827,0.010263470698702006,0.00726054722690712,0.021950672078620923,0.285537987947464,0.24033186328411102,0.04520612466335297,51.4,40.76800000000001,trapezoid_from_zero_normalized_by_max_fraction
cicids2017_binary,43,rid_299f5020f6c0ee5585f68ea51b3a909c,cnn,integrated_gradients,correlation_group_joint_donor,group_wise_dependency_preserving,deletion,1,ATTACK,True,1,ATTACK,1.0,0.9990125139011072,50,0.6970555820190127,0.46517262202218745,0.4898398253430274,0.23188295999682537,0.20721575667598546,0.060355874175786764,0.028582036484476773,0.1758621684872509,0.8767023086547852,0.7492424883842468,0.12745982027053837,48.2,40.488,trapezoid_from_zero_normalized_by_max_fraction
cicids2017_binary,43,rid_b63ceef3b9d6d5e5d52f011e88a99d75,cnn,integrated_gradients,correlation_group_joint_donor,group_wise_dependency_preserving,deletion,0,BENIGN,True,0,BENIGN,0.9999991862612204,0.0009866723601134,50,0.41517988297187003,0.2577648377143345,0.2311778111577224,0.15741504525753552,0.18400207181414763,0.0515103813237056,0.026849332407760062,0.1047903537383258,0.5333251953125,0.5107471556663513,0.022578039646148684,47.8,42.332,trapezoid_from_zero_normalized_by_max_fraction
cicids2017_binary,43,rid_0d5718fa79fb7894e09279dc893a803e,cnn,integrated_gradients,correlation_group_joint_donor,group_wise_dependency_preserving,deletion,1,ATTACK,True,1,ATTACK,1.0,0.9990125139011072,50,0.6216392961802569,0.506364972998362,0.46741944087292037,0.1152743231818949,0.15421985530733653,0.05939149869454551,0.028004628151170344,0.06038525200560103,0.8252989053726196,0.9114933045059441,-0.0861943991333245,46.0,36.336,trapezoid_from_zero_normalized_by_max_fraction
cicids2017_binary,43,rid_0fbdd24c1b1636c31eb464c10c4cd767,cnn,integrated_gradients,correlation_group_joint_donor,group_wise_dependency_preserving,deletion,0,BENIGN,True,0,BENIGN,0.999965887680446,0.0009533737793389,50,0.12528849143091067,0.265187377824631,0.3578512688059047,-0.13989888639372036,-0.23256277737499403,0.05041974581749532,0.025892710704119165,-0.19064859937379391,1.2777475118637085,0.9950331065058707,0.28271440535783776,35.4,33.288,trapezoid_from_zero_normalized_by_max_fraction
cicids2017_binary,43,rid_d4ee17856ce1b46d6111b2ca82a08247,cnn,integrated_gradients,correlation_group_joint_donor,group_wise_dependency_preserving,deletion,0,BENIGN,True,0,BENIGN,0.9999999996777164,0.0009874857766092,50,0.2693610658020591,0.1587515961398263,0.2721683571869139,0.11060946966223278,-0.0028072913848548042,0.039688240227914756,0.020175731482026817,0.07106503595746022,0.5409958362579346,0.6499487137794494,-0.10895287752151483,51.0,33.636,trapezoid_from_zero_normalized_by_max_fraction
cicids2017_binary,43,rid_a30282f714de912382c8a683d9075cb2,cnn,integrated_gradients,correlation_group_joint_donor,group_wise_dependency_preserving,deletion,0,BENIGN,True,0,BENIGN,0.999994920053723,0.0009824061526159,50,0.35519333892414123,0.14415527925481172,0.33572491179072783,0.21103805966932954,0.019468427133413346,0.042698754982097534,0.02017206691875418,0.17150080850857136,1.1471567153930664,1.0611420305669308,0.08601468482613561,34.0,23.764,trapezoid_from_zero_normalized_by_max_fraction
cicids2017_binary,43,rid_d0761508812c12c771adea5e80b3733e,cnn,integrated_gradients,correlation_group_joint_donor,group_wise_dependency_preserving,deletion,0,BENIGN,True,0,BENIGN,0.9999982846898092,0.0009857707887021,50,0.5251758433327608,0.19122464685423401,0.35467234322444396,0.3339511964785268,0.17050350010831675,0.04866540393000912,0.024079085480044598,0.2867561889376394,0.8811415433883667,1.0533894898295402,-0.17224794644117347,40.2,28.532,trapezoid_from_zero_normalized_by_max_fraction
cicids2017_binary,43,rid_a1ed68623ba0430e56f4ee82b60cb189,cnn,integrated_gradients,correlation_group_joint_donor,group_wise_dependency_preserving,deletion,0,BENIGN,True,0,BENIGN,0.9999999976535074,0.0009874837524003,50,0.2986186414757852,0.150638994609555,0.3436548155881505,0.14797964686623022,-0.04503617411236521,0.03564812587623405,0.02256769703102758,0.10374696068541617,2.342630386352539,2.4395873689651486,-0.09695698261260954,35.6,32.891999999999996,trapezoid_from_zero_normalized_by_max_fraction
cicids2017_binary,43,rid_dba24fc6ab50ddfc1c7e2883730920f1,cnn,integrated_gradients,correlation_group_joint_donor,group_wise_dependency_preserving,deletion,0,BENIGN,True,0,BENIGN,0.9999978442522206,0.0009853303511135,50,0.8187327805529776,0.2615983101788849,0.37296065387103516,0.5571344703740927,0.44577212668194244,0.05188036398237427,0.026207253875239183,0.5057682527786239,0.07015570253133774,0.06969283816777169,0.00046286436356604566,37.6,24.6,trapezoid_from_zero_normalized_by_max_fraction
cicids2017_binary,43,rid_06ab8b94dacdf1e99c27598d627fd5e7,cnn,integrated_gradients,correlation_group_joint_donor,group_wise_dependency_preserving,deletion,1,ATTACK,True,1,ATTACK,0.9999985098838806,0.9990110237849876,50,0.39999860528205905,0.5110060555542382,0.5245798575982087,-0.11100745027217913,-0.12458125231614961,0.06594436907891703,0.03137284327585996,-0.17249822309286467,0.9059082269668579,0.7504491248726846,0.15545910209417335,47.0,46.212,trapezoid_from_zero_normalized_by_max_fraction
cicids2017_binary,43,rid_e3dd721c6ead4c5beb8c97214764fe93,cnn,integrated_gradients,correlation_group_joint_donor,group_wise_dependency_preserving,deletion,1,ATTACK,True,1,ATTACK,1.0,0.9990125139011072,50,0.8542589499114911,0.48498866785234473,0.4741805698569438,0.3692702820591463,0.3800783800545473,0.06158107972863916,0.029308959153598033,0.31182472211809414,1.2185144424438477,1.441275387763977,-0.22276094532012936,41.4,33.69199999999999,trapezoid_from_zero_normalized_by_max_fraction
cicids2017_binary,43,rid_4549d0f84e4654e49b146ef9247a3cad,cnn,integrated_gradients,correlation_group_joint_donor,group_wise_dependency_preserving,deletion,1,ATTACK,True,1,ATTACK,1.0,0.9990125139011072,50,0.5115183694520965,0.41985476173124303,0.49357745347644316,0.0916636077208535,0.017940915975653393,0.05767595756414909,0.027652654335519177,0.03746440522323591,0.7789006233215332,0.5735795291364193,0.2053210941851139,39.6,34.288,trapezoid_from_zero_normalized_by_max_fraction
cicids2017_binary,43,rid_94b322d0c9af6a93a1587e589cac48ea,cnn,integrated_gradients,correlation_group_joint_donor,group_wise_dependency_preserving,deletion,1,ATTACK,True,1,ATTACK,1.0,0.9990125139011072,50,0.6011945900134379,0.37063877633886433,0.5160385449171252,0.23055581367457345,0.08515604509631268,0.057316470743029854,0.02691268082604843,0.17780695925551854,0.5514121055603027,1.4617341443300247,-0.910322038769722,43.4,40.791999999999994,trapezoid_from_zero_normalized_by_max_fraction
cicids2017_binary,43,rid_dc6b295865e7aabc28fd5e1b8a0b5b30,cnn,integrated_gradients,correlation_group_joint_donor,group_wise_dependency_preserving,deletion,1,ATTACK,True,1,ATTACK,1.0,0.9990125139011072,50,0.43522382131777704,0.45091976544069046,0.5236717585548144,-0.015695944122913436,-0.08844793723703735,0.062153492955177816,0.030310001567694228,-0.07510354719559412,0.9049199819564819,0.6403875514864923,0.26453243046998964,40.6,31.059999999999995,trapezoid_from_zero_normalized_by_max_fraction
cicids2017_binary,43,rid_a736dce9f3e61ea8d8876c86d0ac0751,cnn,integrated_gradients,correlation_group_joint_donor,group_wise_dependency_preserving,deletion,1,ATTACK,True,1,ATTACK,1.0,0.9990125139011072,50,0.604701012755504,0.5042012182255644,0.4722077304834077,0.10049979452993957,0.1324932822720963,0.06234820666307215,0.029894388021337336,0.04190679400811839,1.2423241138458252,1.317913321971893,-0.07558920812606784,42.8,35.048,trapezoid_from_zero_normalized_by_max_fraction
cicids2017_binary,43,rid_40e563444b684608e6d176b713ea43e7,cnn,integrated_gradients,correlation_group_joint_donor,group_wise_dependency_preserving,deletion,0,BENIGN,True,0,BENIGN,0.9999994095625198,0.0009868956614126,50,0.8486572454929032,0.3098198922738933,0.3487995419777889,0.53883735321901,0.4998577035151143,0.057707409252122234,0.0277439351619038,0.4844592403016786,0.6147803068161011,0.8797555040121079,-0.2649751971960068,51.4,41.403999999999996,trapezoid_from_zero_normalized_by_max_fraction
cicids2017_binary,43,rid_299f5020f6c0ee5585f68ea51b3a909c,cnn,integrated_gradients,correlation_group_joint_donor,group_wise_dependency_preserving,insertion,1,ATTACK,True,1,ATTACK,1.0,0.9990125139011072,50,0.0006810128688812256,-0.2551297152477149,-0.10392846872814608,0.2558107281165961,0.10460948159702729,0.04676651347763431,0.024391042925127213,0.20800428398334678,0.8767023086547852,0.7492424883842468,0.12745982027053837,48.2,40.488,trapezoid_from_zero_normalized_by_max_fraction
cicids2017_binary,43,rid_b63ceef3b9d6d5e5d52f011e88a99d75,cnn,integrated_gradients,correlation_group_joint_donor,group_wise_dependency_preserving,insertion,0,BENIGN,True,0,BENIGN,0.9999991862612204,0.0009866723601134,50,0.9416610882120564,0.9025644230918971,0.9298135245294462,0.03909666512015933,0.011847563682610257,0.013311900187235388,0.008851339821205562,0.02174803907059643,0.5333251953125,0.5107471556663513,0.022578039646148684,47.8,42.332,trapezoid_from_zero_normalized_by_max_fraction
cicids2017_binary,43,rid_0d5718fa79fb7894e09279dc893a803e,cnn,integrated_gradients,correlation_group_joint_donor,group_wise_dependency_preserving,insertion,1,ATTACK,True,1,ATTACK,1.0,0.9990125139011072,50,0.9499117091802647,0.5976410323628695,0.8379878965722438,0.3522706768173951,0.11192381260802084,0.05807244013778161,0.027089042703998627,0.2991761531175578,0.8252989053726196,0.9114933045059441,-0.0861943991333245,46.0,36.336,trapezoid_from_zero_normalized_by_max_fraction
cicids2017_binary,43,rid_0fbdd24c1b1636c31eb464c10c4cd767,cnn,integrated_gradients,correlation_group_joint_donor,group_wise_dependency_preserving,insertion,0,BENIGN,True,0,BENIGN,0.999965887680446,0.0009533737793389,50,-0.0837911887188966,-0.1085838448593561,-0.04685379442753426,0.0247926561404595,-0.03693739429136233,0.027142989954162405,0.01419986128994128,-0.003039071987825409,1.2777475118637085,0.9950331065058707,0.28271440535783776,35.4,33.288,trapezoid_from_zero_normalized_by_max_fraction
cicids2017_binary,43,rid_d4ee17856ce1b46d6111b2ca82a08247,cnn,integrated_gradients,correlation_group_joint_donor,group_wise_dependency_preserving,insertion,0,BENIGN,True,0,BENIGN,0.9999999996777164,0.0009874857766092,50,0.9499602546342366,0.8743941929516637,0.9444991040281476,0.07556606168257282,0.005461150606089011,0.027597343092155266,0.014180019066991257,0.04777322431126996,0.5409958362579346,0.6499487137794494,-0.10895287752151483,51.0,33.636,trapezoid_from_zero_normalized_by_max_fraction
cicids2017_binary,43,rid_a30282f714de912382c8a683d9075cb2,cnn,integrated_gradients,correlation_group_joint_donor,group_wise_dependency_preserving,insertion,0,BENIGN,True,0,BENIGN,0.999994920053723,0.0009824061526159,50,0.94997934997225,0.6631196310366574,0.9149597056431402,0.2868597189355926,0.03501964432910977,0.057659212582374955,0.027150656585877116,0.23364443202727345,1.1471567153930664,1.0611420305669308,0.08601468482613561,34.0,23.764,trapezoid_from_zero_normalized_by_max_fraction
cicids2017_binary,43,rid_d0761508812c12c771adea5e80b3733e,cnn,integrated_gradients,correlation_group_joint_donor,group_wise_dependency_preserving,insertion,0,BENIGN,True,0,BENIGN,0.9999982846898092,0.0009857707887021,50,0.9499978040051751,0.7818488169694842,0.8981704863916359,0.16814898703569098,0.05182731761353926,0.04554898225628093,0.02077942391124363,0.12742131616965346,0.8811415433883667,1.0533894898295402,-0.17224794644117347,40.2,28.532,trapezoid_from_zero_normalized_by_max_fraction
cicids2017_binary,43,rid_a1ed68623ba0430e56f4ee82b60cb189,cnn,integrated_gradients,correlation_group_joint_donor,group_wise_dependency_preserving,insertion,0,BENIGN,True,0,BENIGN,0.9999999976535074,0.0009874837524003,50,-0.39058856395100044,-0.2604859066559285,-0.04450361964464991,-0.13010265729507187,-0.34608494430635056,0.048943670370778146,0.024067976068738225,-0.1772758903897988,2.342630386352539,2.4395873689651486,-0.09695698261260954,35.6,32.891999999999996,trapezoid_from_zero_normalized_by_max_fraction
cicids2017_binary,43,rid_dba24fc6ab50ddfc1c7e2883730920f1,cnn,integrated_gradients,correlation_group_joint_donor,group_wise_dependency_preserving,insertion,0,BENIGN,True,0,BENIGN,0.9999978442522206,0.0009853303511135,50,-0.0005091243560173098,-0.1019130689202759,-0.04696957089954257,0.10140394456425861,0.04646044654352527,0.030104602762107354,0.014921715503053563,0.07215738217827362,0.07015570253133774,0.06969283816777169,0.00046286436356604566,37.6,24.6,trapezoid_from_zero_normalized_by_max_fraction
cicids2017_binary,43,rid_06ab8b94dacdf1e99c27598d627fd5e7,cnn,integrated_gradients,correlation_group_joint_donor,group_wise_dependency_preserving,insertion,1,ATTACK,True,1,ATTACK,0.9999985098838806,0.9990110237849876,50,0.9493228179588187,0.8202515855940368,0.7017454889337337,0.12907123236478185,0.24757732902508492,0.02921567054167492,0.015276374546404925,0.0991295382538282,0.9059082269668579,0.7504491248726846,0.15545910209417335,47.0,46.212,trapezoid_from_zero_normalized_by_max_fraction
cicids2017_binary,43,rid_e3dd721c6ead4c5beb8c97214764fe93,cnn,integrated_gradients,correlation_group_joint_donor,group_wise_dependency_preserving,insertion,1,ATTACK,True,1,ATTACK,1.0,0.9990125139011072,50,0.949977330501406,0.6825013471532857,0.8053671468710273,0.2674759833481201,0.14461018363037872,0.054561932292056387,0.025772707232535556,0.21696147717235043,1.2185144424438477,1.441275387763977,-0.22276094532012936,41.4,33.69199999999999,trapezoid_from_zero_normalized_by_max_fraction
cicids2017_binary,43,rid_4549d0f84e4654e49b146ef9247a3cad,cnn,integrated_gradients,correlation_group_joint_donor,group_wise_dependency_preserving,insertion,1,ATTACK,True,1,ATTACK,1.0,0.9990125139011072,50,-9.436011314392089e-05,-0.20369114387585724,-0.12902059924218337,0.20359678376271334,0.12892623912903947,0.04176545410566414,0.021501570236237343,0.16145370609968815,0.7789006233215332,0.5735795291364193,0.2053210941851139,39.6,34.288,trapezoid_from_zero_normalized_by_max_fraction
cicids2017_binary,43,rid_94b322d0c9af6a93a1587e589cac48ea,cnn,integrated_gradients,correlation_group_joint_donor,group_wise_dependency_preserving,insertion,1,ATTACK,True,1,ATTACK,1.0,0.9990125139011072,50,0.9499491190036395,0.7200190934258432,0.8384764035462033,0.22993002557779635,0.11147271545743628,0.04474299146691037,0.02429352754277912,0.18231471159394927,0.5514121055603027,1.4617341443300247,-0.910322038769722,43.4,40.791999999999994,trapezoid_from_zero_normalized_by_max_fraction
cicids2017_binary,43,rid_dc6b295865e7aabc28fd5e1b8a0b5b30,cnn,integrated_gradients,correlation_group_joint_donor,group_wise_dependency_preserving,insertion,1,ATTACK,True,1,ATTACK,1.0,0.9990125139011072,50,-0.005092024803161622,-0.25180060469496673,-0.15973038478117452,0.2467085798918051,0.1546383599780129,0.051706556329773404,0.025185874370019373,0.19734426612656714,0.9049199819564819,0.6403875514864923,0.26453243046998964,40.6,31.059999999999995,trapezoid_from_zero_normalized_by_max_fraction
cicids2017_binary,43,rid_a736dce9f3e61ea8d8876c86d0ac0751,cnn,integrated_gradients,correlation_group_joint_donor,group_wise_dependency_preserving,insertion,1,ATTACK,True,1,ATTACK,1.0,0.9990125139011072,50,0.9499734828039437,0.8366449846413377,0.7807121568515419,0.1133284981626058,0.16926132595240173,0.025169942875704093,0.01470716111079758,0.08450246238544255,1.2423241138458252,1.317913321971893,-0.07558920812606784,42.8,35.048,trapezoid_from_zero_normalized_by_max_fraction
cicids2017_binary,43,rid_40e563444b684608e6d176b713ea43e7,cnn,integrated_gradients,correlation_group_joint_donor,group_wise_dependency_preserving,insertion,0,BENIGN,True,0,BENIGN,0.9999994095625198,0.0009868956614126,50,4.243384528459515e-05,-0.018172543730593276,-0.03399901112532908,0.01821497757587787,0.03404144497061368,0.007113569403869938,0.005100584769550005,0.00821783142755986,0.6147803068161011,0.8797555040121079,-0.2649751971960068,51.4,41.403999999999996,trapezoid_from_zero_normalized_by_max_fraction
